model,method,layer,layer_idx,metric_type,metric,Di,Do
t5-base,actmat,transformer.encoder.block.0.layer.0.SelfAttention.q.weight,0,cosine_similarity,0.4960065484046936,768,768
t5-base,identity,transformer.encoder.block.0.layer.0.SelfAttention.q.weight,0,cosine_similarity,0.21497084200382233,768,768
t5-base,actmat,transformer.encoder.block.0.layer.0.SelfAttention.k.weight,1,cosine_similarity,0.6792265176773071,768,768
t5-base,identity,transformer.encoder.block.0.layer.0.SelfAttention.k.weight,1,cosine_similarity,0.21497084200382233,768,768
t5-base,actmat,transformer.encoder.block.0.layer.0.SelfAttention.v.weight,2,cosine_similarity,0.595427393913269,768,768
t5-base,identity,transformer.encoder.block.0.layer.0.SelfAttention.v.weight,2,cosine_similarity,0.21497084200382233,768,768
t5-base,actmat,transformer.encoder.block.0.layer.0.SelfAttention.o.weight,3,cosine_similarity,0.43010884523391724,768,768
t5-base,identity,transformer.encoder.block.0.layer.0.SelfAttention.o.weight,3,cosine_similarity,0.13950377702713013,768,768
t5-base,actmat,transformer.encoder.block.0.layer.1.DenseReluDense.wi.weight,4,cosine_similarity,0.4365326464176178,768,3072
t5-base,identity,transformer.encoder.block.0.layer.1.DenseReluDense.wi.weight,4,cosine_similarity,0.14038480818271637,768,3072
t5-base,actmat,transformer.encoder.block.0.layer.1.DenseReluDense.wo.weight,5,cosine_similarity,0.2849160134792328,3072,768
t5-base,identity,transformer.encoder.block.0.layer.1.DenseReluDense.wo.weight,5,cosine_similarity,0.12751762568950653,3072,768
t5-base,actmat,transformer.encoder.block.1.layer.0.SelfAttention.q.weight,6,cosine_similarity,0.44159042835235596,768,768
t5-base,identity,transformer.encoder.block.1.layer.0.SelfAttention.q.weight,6,cosine_similarity,0.2432604283094406,768,768
t5-base,actmat,transformer.encoder.block.1.layer.0.SelfAttention.k.weight,7,cosine_similarity,0.4795612394809723,768,768
t5-base,identity,transformer.encoder.block.1.layer.0.SelfAttention.k.weight,7,cosine_similarity,0.2432604283094406,768,768
t5-base,actmat,transformer.encoder.block.1.layer.0.SelfAttention.v.weight,8,cosine_similarity,0.4855094254016876,768,768
t5-base,identity,transformer.encoder.block.1.layer.0.SelfAttention.v.weight,8,cosine_similarity,0.2432604283094406,768,768
t5-base,actmat,transformer.encoder.block.1.layer.0.SelfAttention.o.weight,9,cosine_similarity,0.5958870649337769,768,768
t5-base,identity,transformer.encoder.block.1.layer.0.SelfAttention.o.weight,9,cosine_similarity,0.1510794758796692,768,768
t5-base,actmat,transformer.encoder.block.1.layer.1.DenseReluDense.wi.weight,10,cosine_similarity,0.4579959213733673,768,3072
t5-base,identity,transformer.encoder.block.1.layer.1.DenseReluDense.wi.weight,10,cosine_similarity,0.12312251329421997,768,3072
t5-base,actmat,transformer.encoder.block.1.layer.1.DenseReluDense.wo.weight,11,cosine_similarity,0.2341577708721161,3072,768
t5-base,identity,transformer.encoder.block.1.layer.1.DenseReluDense.wo.weight,11,cosine_similarity,0.11962506175041199,3072,768
t5-base,actmat,transformer.encoder.block.2.layer.0.SelfAttention.q.weight,12,cosine_similarity,0.4773619771003723,768,768
t5-base,identity,transformer.encoder.block.2.layer.0.SelfAttention.q.weight,12,cosine_similarity,0.26046204566955566,768,768
t5-base,actmat,transformer.encoder.block.2.layer.0.SelfAttention.k.weight,13,cosine_similarity,0.4668954610824585,768,768
t5-base,identity,transformer.encoder.block.2.layer.0.SelfAttention.k.weight,13,cosine_similarity,0.26046204566955566,768,768
t5-base,actmat,transformer.encoder.block.2.layer.0.SelfAttention.v.weight,14,cosine_similarity,0.525313675403595,768,768
t5-base,identity,transformer.encoder.block.2.layer.0.SelfAttention.v.weight,14,cosine_similarity,0.26046204566955566,768,768
t5-base,actmat,transformer.encoder.block.2.layer.0.SelfAttention.o.weight,15,cosine_similarity,0.5946456789970398,768,768
t5-base,identity,transformer.encoder.block.2.layer.0.SelfAttention.o.weight,15,cosine_similarity,0.13965867459774017,768,768
t5-base,actmat,transformer.encoder.block.2.layer.1.DenseReluDense.wi.weight,16,cosine_similarity,0.4293266832828522,768,3072
t5-base,identity,transformer.encoder.block.2.layer.1.DenseReluDense.wi.weight,16,cosine_similarity,0.10237767547369003,768,3072
t5-base,actmat,transformer.encoder.block.2.layer.1.DenseReluDense.wo.weight,17,cosine_similarity,0.09128595143556595,3072,768
t5-base,identity,transformer.encoder.block.2.layer.1.DenseReluDense.wo.weight,17,cosine_similarity,0.08119288831949234,3072,768
t5-base,actmat,transformer.encoder.block.3.layer.0.SelfAttention.q.weight,18,cosine_similarity,0.5300444960594177,768,768
t5-base,identity,transformer.encoder.block.3.layer.0.SelfAttention.q.weight,18,cosine_similarity,0.23834845423698425,768,768
t5-base,actmat,transformer.encoder.block.3.layer.0.SelfAttention.k.weight,19,cosine_similarity,0.49057260155677795,768,768
t5-base,identity,transformer.encoder.block.3.layer.0.SelfAttention.k.weight,19,cosine_similarity,0.23834845423698425,768,768
t5-base,actmat,transformer.encoder.block.3.layer.0.SelfAttention.v.weight,20,cosine_similarity,0.5560771822929382,768,768
t5-base,identity,transformer.encoder.block.3.layer.0.SelfAttention.v.weight,20,cosine_similarity,0.23834845423698425,768,768
t5-base,actmat,transformer.encoder.block.3.layer.0.SelfAttention.o.weight,21,cosine_similarity,0.5199122428894043,768,768
t5-base,identity,transformer.encoder.block.3.layer.0.SelfAttention.o.weight,21,cosine_similarity,0.1121179610490799,768,768
t5-base,actmat,transformer.encoder.block.3.layer.1.DenseReluDense.wi.weight,22,cosine_similarity,0.4041408896446228,768,3072
t5-base,identity,transformer.encoder.block.3.layer.1.DenseReluDense.wi.weight,22,cosine_similarity,0.09058769047260284,768,3072
t5-base,actmat,transformer.encoder.block.3.layer.1.DenseReluDense.wo.weight,23,cosine_similarity,0.029538817703723907,3072,768
t5-base,identity,transformer.encoder.block.3.layer.1.DenseReluDense.wo.weight,23,cosine_similarity,0.037867702543735504,3072,768
t5-base,actmat,transformer.encoder.block.4.layer.0.SelfAttention.q.weight,24,cosine_similarity,0.5336868762969971,768,768
t5-base,identity,transformer.encoder.block.4.layer.0.SelfAttention.q.weight,24,cosine_similarity,0.2375197857618332,768,768
t5-base,actmat,transformer.encoder.block.4.layer.0.SelfAttention.k.weight,25,cosine_similarity,0.5043519139289856,768,768
t5-base,identity,transformer.encoder.block.4.layer.0.SelfAttention.k.weight,25,cosine_similarity,0.2375197857618332,768,768
t5-base,actmat,transformer.encoder.block.4.layer.0.SelfAttention.v.weight,26,cosine_similarity,0.5804736614227295,768,768
t5-base,identity,transformer.encoder.block.4.layer.0.SelfAttention.v.weight,26,cosine_similarity,0.2375197857618332,768,768
t5-base,actmat,transformer.encoder.block.4.layer.0.SelfAttention.o.weight,27,cosine_similarity,0.519520103931427,768,768
t5-base,identity,transformer.encoder.block.4.layer.0.SelfAttention.o.weight,27,cosine_similarity,0.11361116170883179,768,768
t5-base,actmat,transformer.encoder.block.4.layer.1.DenseReluDense.wi.weight,28,cosine_similarity,0.4330446720123291,768,3072
t5-base,identity,transformer.encoder.block.4.layer.1.DenseReluDense.wi.weight,28,cosine_similarity,0.09112091362476349,768,3072
t5-base,actmat,transformer.encoder.block.4.layer.1.DenseReluDense.wo.weight,29,cosine_similarity,0.020591655746102333,3072,768
t5-base,identity,transformer.encoder.block.4.layer.1.DenseReluDense.wo.weight,29,cosine_similarity,0.030813928693532944,3072,768
t5-base,actmat,transformer.encoder.block.5.layer.0.SelfAttention.q.weight,30,cosine_similarity,0.5504297614097595,768,768
t5-base,identity,transformer.encoder.block.5.layer.0.SelfAttention.q.weight,30,cosine_similarity,0.22032153606414795,768,768
t5-base,actmat,transformer.encoder.block.5.layer.0.SelfAttention.k.weight,31,cosine_similarity,0.5000519752502441,768,768
t5-base,identity,transformer.encoder.block.5.layer.0.SelfAttention.k.weight,31,cosine_similarity,0.22032153606414795,768,768
t5-base,actmat,transformer.encoder.block.5.layer.0.SelfAttention.v.weight,32,cosine_similarity,0.6049904227256775,768,768
t5-base,identity,transformer.encoder.block.5.layer.0.SelfAttention.v.weight,32,cosine_similarity,0.22032153606414795,768,768
t5-base,actmat,transformer.encoder.block.5.layer.0.SelfAttention.o.weight,33,cosine_similarity,0.5757139921188354,768,768
t5-base,identity,transformer.encoder.block.5.layer.0.SelfAttention.o.weight,33,cosine_similarity,0.127638578414917,768,768
t5-base,actmat,transformer.encoder.block.5.layer.1.DenseReluDense.wi.weight,34,cosine_similarity,0.4525373578071594,768,3072
t5-base,identity,transformer.encoder.block.5.layer.1.DenseReluDense.wi.weight,34,cosine_similarity,0.09320386499166489,768,3072
t5-base,actmat,transformer.encoder.block.5.layer.1.DenseReluDense.wo.weight,35,cosine_similarity,0.04995054379105568,3072,768
t5-base,identity,transformer.encoder.block.5.layer.1.DenseReluDense.wo.weight,35,cosine_similarity,0.04592140391469002,3072,768
t5-base,actmat,transformer.encoder.block.6.layer.0.SelfAttention.q.weight,36,cosine_similarity,0.5595199465751648,768,768
t5-base,identity,transformer.encoder.block.6.layer.0.SelfAttention.q.weight,36,cosine_similarity,0.2172001600265503,768,768
t5-base,actmat,transformer.encoder.block.6.layer.0.SelfAttention.k.weight,37,cosine_similarity,0.5194416046142578,768,768
t5-base,identity,transformer.encoder.block.6.layer.0.SelfAttention.k.weight,37,cosine_similarity,0.2172001600265503,768,768
t5-base,actmat,transformer.encoder.block.6.layer.0.SelfAttention.v.weight,38,cosine_similarity,0.6152826547622681,768,768
t5-base,identity,transformer.encoder.block.6.layer.0.SelfAttention.v.weight,38,cosine_similarity,0.2172001600265503,768,768
t5-base,actmat,transformer.encoder.block.6.layer.0.SelfAttention.o.weight,39,cosine_similarity,0.5396382212638855,768,768
t5-base,identity,transformer.encoder.block.6.layer.0.SelfAttention.o.weight,39,cosine_similarity,0.11527369171380997,768,768
t5-base,actmat,transformer.encoder.block.6.layer.1.DenseReluDense.wi.weight,40,cosine_similarity,0.4578731060028076,768,3072
t5-base,identity,transformer.encoder.block.6.layer.1.DenseReluDense.wi.weight,40,cosine_similarity,0.09246864914894104,768,3072
t5-base,actmat,transformer.encoder.block.6.layer.1.DenseReluDense.wo.weight,41,cosine_similarity,0.07543646544218063,3072,768
t5-base,identity,transformer.encoder.block.6.layer.1.DenseReluDense.wo.weight,41,cosine_similarity,0.061200208961963654,3072,768
t5-base,actmat,transformer.encoder.block.7.layer.0.SelfAttention.q.weight,42,cosine_similarity,0.5160068869590759,768,768
t5-base,identity,transformer.encoder.block.7.layer.0.SelfAttention.q.weight,42,cosine_similarity,0.20366604626178741,768,768
t5-base,actmat,transformer.encoder.block.7.layer.0.SelfAttention.k.weight,43,cosine_similarity,0.4964791536331177,768,768
t5-base,identity,transformer.encoder.block.7.layer.0.SelfAttention.k.weight,43,cosine_similarity,0.20366604626178741,768,768
t5-base,actmat,transformer.encoder.block.7.layer.0.SelfAttention.v.weight,44,cosine_similarity,0.5534480214118958,768,768
t5-base,identity,transformer.encoder.block.7.layer.0.SelfAttention.v.weight,44,cosine_similarity,0.20366604626178741,768,768
t5-base,actmat,transformer.encoder.block.7.layer.0.SelfAttention.o.weight,45,cosine_similarity,0.4920066297054291,768,768
t5-base,identity,transformer.encoder.block.7.layer.0.SelfAttention.o.weight,45,cosine_similarity,0.09672542661428452,768,768
t5-base,actmat,transformer.encoder.block.7.layer.1.DenseReluDense.wi.weight,46,cosine_similarity,0.43829572200775146,768,3072
t5-base,identity,transformer.encoder.block.7.layer.1.DenseReluDense.wi.weight,46,cosine_similarity,0.08614541590213776,768,3072
t5-base,actmat,transformer.encoder.block.7.layer.1.DenseReluDense.wo.weight,47,cosine_similarity,0.0843615010380745,3072,768
t5-base,identity,transformer.encoder.block.7.layer.1.DenseReluDense.wo.weight,47,cosine_similarity,0.06724587827920914,3072,768
t5-base,actmat,transformer.encoder.block.8.layer.0.SelfAttention.q.weight,48,cosine_similarity,0.5117207169532776,768,768
t5-base,identity,transformer.encoder.block.8.layer.0.SelfAttention.q.weight,48,cosine_similarity,0.18299025297164917,768,768
t5-base,actmat,transformer.encoder.block.8.layer.0.SelfAttention.k.weight,49,cosine_similarity,0.4584234654903412,768,768
t5-base,identity,transformer.encoder.block.8.layer.0.SelfAttention.k.weight,49,cosine_similarity,0.18299025297164917,768,768
t5-base,actmat,transformer.encoder.block.8.layer.0.SelfAttention.v.weight,50,cosine_similarity,0.5342239141464233,768,768
t5-base,identity,transformer.encoder.block.8.layer.0.SelfAttention.v.weight,50,cosine_similarity,0.18299025297164917,768,768
t5-base,actmat,transformer.encoder.block.8.layer.0.SelfAttention.o.weight,51,cosine_similarity,0.4692494869232178,768,768
t5-base,identity,transformer.encoder.block.8.layer.0.SelfAttention.o.weight,51,cosine_similarity,0.11775454133749008,768,768
t5-base,actmat,transformer.encoder.block.8.layer.1.DenseReluDense.wi.weight,52,cosine_similarity,0.39976903796195984,768,3072
t5-base,identity,transformer.encoder.block.8.layer.1.DenseReluDense.wi.weight,52,cosine_similarity,0.08410472422838211,768,3072
t5-base,actmat,transformer.encoder.block.8.layer.1.DenseReluDense.wo.weight,53,cosine_similarity,0.11788773536682129,3072,768
t5-base,identity,transformer.encoder.block.8.layer.1.DenseReluDense.wo.weight,53,cosine_similarity,0.08029495179653168,3072,768
t5-base,actmat,transformer.encoder.block.9.layer.0.SelfAttention.q.weight,54,cosine_similarity,0.44953805208206177,768,768
t5-base,identity,transformer.encoder.block.9.layer.0.SelfAttention.q.weight,54,cosine_similarity,0.17168240249156952,768,768
t5-base,actmat,transformer.encoder.block.9.layer.0.SelfAttention.k.weight,55,cosine_similarity,0.41156575083732605,768,768
t5-base,identity,transformer.encoder.block.9.layer.0.SelfAttention.k.weight,55,cosine_similarity,0.17168240249156952,768,768
t5-base,actmat,transformer.encoder.block.9.layer.0.SelfAttention.v.weight,56,cosine_similarity,0.4760100841522217,768,768
t5-base,identity,transformer.encoder.block.9.layer.0.SelfAttention.v.weight,56,cosine_similarity,0.17168240249156952,768,768
t5-base,actmat,transformer.encoder.block.9.layer.0.SelfAttention.o.weight,57,cosine_similarity,0.41192907094955444,768,768
t5-base,identity,transformer.encoder.block.9.layer.0.SelfAttention.o.weight,57,cosine_similarity,0.09635954350233078,768,768
t5-base,actmat,transformer.encoder.block.9.layer.1.DenseReluDense.wi.weight,58,cosine_similarity,0.3660433888435364,768,3072
t5-base,identity,transformer.encoder.block.9.layer.1.DenseReluDense.wi.weight,58,cosine_similarity,0.07906868308782578,768,3072
t5-base,actmat,transformer.encoder.block.9.layer.1.DenseReluDense.wo.weight,59,cosine_similarity,0.08259990811347961,3072,768
t5-base,identity,transformer.encoder.block.9.layer.1.DenseReluDense.wo.weight,59,cosine_similarity,0.0573410727083683,3072,768
t5-base,actmat,transformer.encoder.block.10.layer.0.SelfAttention.q.weight,60,cosine_similarity,0.4600001275539398,768,768
t5-base,identity,transformer.encoder.block.10.layer.0.SelfAttention.q.weight,60,cosine_similarity,0.1743326336145401,768,768
t5-base,actmat,transformer.encoder.block.10.layer.0.SelfAttention.k.weight,61,cosine_similarity,0.3990769684314728,768,768
t5-base,identity,transformer.encoder.block.10.layer.0.SelfAttention.k.weight,61,cosine_similarity,0.1743326336145401,768,768
t5-base,actmat,transformer.encoder.block.10.layer.0.SelfAttention.v.weight,62,cosine_similarity,0.46019041538238525,768,768
t5-base,identity,transformer.encoder.block.10.layer.0.SelfAttention.v.weight,62,cosine_similarity,0.1743326336145401,768,768
t5-base,actmat,transformer.encoder.block.10.layer.0.SelfAttention.o.weight,63,cosine_similarity,0.3679943382740021,768,768
t5-base,identity,transformer.encoder.block.10.layer.0.SelfAttention.o.weight,63,cosine_similarity,0.11120637506246567,768,768
t5-base,actmat,transformer.encoder.block.10.layer.1.DenseReluDense.wi.weight,64,cosine_similarity,0.34055930376052856,768,3072
t5-base,identity,transformer.encoder.block.10.layer.1.DenseReluDense.wi.weight,64,cosine_similarity,0.078221395611763,768,3072
t5-base,actmat,transformer.encoder.block.10.layer.1.DenseReluDense.wo.weight,65,cosine_similarity,0.04633660987019539,3072,768
t5-base,identity,transformer.encoder.block.10.layer.1.DenseReluDense.wo.weight,65,cosine_similarity,0.04288136586546898,3072,768
t5-base,actmat,transformer.encoder.block.11.layer.0.SelfAttention.q.weight,66,cosine_similarity,0.3677268326282501,768,768
t5-base,identity,transformer.encoder.block.11.layer.0.SelfAttention.q.weight,66,cosine_similarity,0.1723545640707016,768,768
t5-base,actmat,transformer.encoder.block.11.layer.0.SelfAttention.k.weight,67,cosine_similarity,0.40265241265296936,768,768
t5-base,identity,transformer.encoder.block.11.layer.0.SelfAttention.k.weight,67,cosine_similarity,0.1723545640707016,768,768
t5-base,actmat,transformer.encoder.block.11.layer.0.SelfAttention.v.weight,68,cosine_similarity,0.43336495757102966,768,768
t5-base,identity,transformer.encoder.block.11.layer.0.SelfAttention.v.weight,68,cosine_similarity,0.1723545640707016,768,768
t5-base,actmat,transformer.encoder.block.11.layer.0.SelfAttention.o.weight,69,cosine_similarity,0.3197355270385742,768,768
t5-base,identity,transformer.encoder.block.11.layer.0.SelfAttention.o.weight,69,cosine_similarity,0.09221736341714859,768,768
t5-base,actmat,transformer.encoder.block.11.layer.1.DenseReluDense.wi.weight,70,cosine_similarity,0.306918740272522,768,3072
t5-base,identity,transformer.encoder.block.11.layer.1.DenseReluDense.wi.weight,70,cosine_similarity,0.08801184594631195,768,3072
t5-base,actmat,transformer.encoder.block.11.layer.1.DenseReluDense.wo.weight,71,cosine_similarity,0.04181230440735817,3072,768
t5-base,identity,transformer.encoder.block.11.layer.1.DenseReluDense.wo.weight,71,cosine_similarity,0.03773234039545059,3072,768
t5-base,actmat,transformer.decoder.block.0.layer.0.SelfAttention.q.weight,72,cosine_similarity,0.5806371569633484,768,768
t5-base,identity,transformer.decoder.block.0.layer.0.SelfAttention.q.weight,72,cosine_similarity,0.130038782954216,768,768
t5-base,actmat,transformer.decoder.block.0.layer.0.SelfAttention.k.weight,73,cosine_similarity,0.5713301301002502,768,768
t5-base,identity,transformer.decoder.block.0.layer.0.SelfAttention.k.weight,73,cosine_similarity,0.130038782954216,768,768
t5-base,actmat,transformer.decoder.block.0.layer.0.SelfAttention.v.weight,74,cosine_similarity,0.24216118454933167,768,768
t5-base,identity,transformer.decoder.block.0.layer.0.SelfAttention.v.weight,74,cosine_similarity,0.130038782954216,768,768
t5-base,actmat,transformer.decoder.block.0.layer.0.SelfAttention.o.weight,75,cosine_similarity,0.3636627495288849,768,768
t5-base,identity,transformer.decoder.block.0.layer.0.SelfAttention.o.weight,75,cosine_similarity,0.11467356979846954,768,768
t5-base,actmat,transformer.decoder.block.0.layer.1.EncDecAttention.q.weight,76,cosine_similarity,0.2881580889225006,768,768
t5-base,identity,transformer.decoder.block.0.layer.1.EncDecAttention.q.weight,76,cosine_similarity,0.0905497819185257,768,768
t5-base,actmat,transformer.decoder.block.0.layer.1.EncDecAttention.k.weight,77,cosine_similarity,0.29702630639076233,768,768
t5-base,identity,transformer.decoder.block.0.layer.1.EncDecAttention.k.weight,77,cosine_similarity,0.16613732278347015,768,768
t5-base,actmat,transformer.decoder.block.0.layer.1.EncDecAttention.v.weight,78,cosine_similarity,0.28869009017944336,768,768
t5-base,identity,transformer.decoder.block.0.layer.1.EncDecAttention.v.weight,78,cosine_similarity,0.16613732278347015,768,768
t5-base,actmat,transformer.decoder.block.0.layer.1.EncDecAttention.o.weight,79,cosine_similarity,0.34023982286453247,768,768
t5-base,identity,transformer.decoder.block.0.layer.1.EncDecAttention.o.weight,79,cosine_similarity,0.06507483124732971,768,768
t5-base,actmat,transformer.decoder.block.0.layer.2.DenseReluDense.wi.weight,80,cosine_similarity,0.40572589635849,768,3072
t5-base,identity,transformer.decoder.block.0.layer.2.DenseReluDense.wi.weight,80,cosine_similarity,0.08062466979026794,768,3072
t5-base,actmat,transformer.decoder.block.0.layer.2.DenseReluDense.wo.weight,81,cosine_similarity,0.05833107978105545,3072,768
t5-base,identity,transformer.decoder.block.0.layer.2.DenseReluDense.wo.weight,81,cosine_similarity,0.029057089239358902,3072,768
t5-base,actmat,transformer.decoder.block.1.layer.0.SelfAttention.q.weight,82,cosine_similarity,0.5297399163246155,768,768
t5-base,identity,transformer.decoder.block.1.layer.0.SelfAttention.q.weight,82,cosine_similarity,0.09873871505260468,768,768
t5-base,actmat,transformer.decoder.block.1.layer.0.SelfAttention.k.weight,83,cosine_similarity,0.4975455403327942,768,768
t5-base,identity,transformer.decoder.block.1.layer.0.SelfAttention.k.weight,83,cosine_similarity,0.09873871505260468,768,768
t5-base,actmat,transformer.decoder.block.1.layer.0.SelfAttention.v.weight,84,cosine_similarity,0.19340096414089203,768,768
t5-base,identity,transformer.decoder.block.1.layer.0.SelfAttention.v.weight,84,cosine_similarity,0.09873871505260468,768,768
t5-base,actmat,transformer.decoder.block.1.layer.0.SelfAttention.o.weight,85,cosine_similarity,0.4812963306903839,768,768
t5-base,identity,transformer.decoder.block.1.layer.0.SelfAttention.o.weight,85,cosine_similarity,0.0672268494963646,768,768
t5-base,actmat,transformer.decoder.block.1.layer.1.EncDecAttention.q.weight,86,cosine_similarity,0.3538379967212677,768,768
t5-base,identity,transformer.decoder.block.1.layer.1.EncDecAttention.q.weight,86,cosine_similarity,0.08585850149393082,768,768
t5-base,actmat,transformer.decoder.block.1.layer.1.EncDecAttention.k.weight,87,cosine_similarity,0.2795196771621704,768,768
t5-base,identity,transformer.decoder.block.1.layer.1.EncDecAttention.k.weight,87,cosine_similarity,0.16613732278347015,768,768
t5-base,actmat,transformer.decoder.block.1.layer.1.EncDecAttention.v.weight,88,cosine_similarity,0.293932169675827,768,768
t5-base,identity,transformer.decoder.block.1.layer.1.EncDecAttention.v.weight,88,cosine_similarity,0.16613732278347015,768,768
t5-base,actmat,transformer.decoder.block.1.layer.1.EncDecAttention.o.weight,89,cosine_similarity,0.23796269297599792,768,768
t5-base,identity,transformer.decoder.block.1.layer.1.EncDecAttention.o.weight,89,cosine_similarity,0.067864790558815,768,768
t5-base,actmat,transformer.decoder.block.1.layer.2.DenseReluDense.wi.weight,90,cosine_similarity,0.4564479887485504,768,3072
t5-base,identity,transformer.decoder.block.1.layer.2.DenseReluDense.wi.weight,90,cosine_similarity,0.06939210742712021,768,3072
t5-base,actmat,transformer.decoder.block.1.layer.2.DenseReluDense.wo.weight,91,cosine_similarity,0.032636333256959915,3072,768
t5-base,identity,transformer.decoder.block.1.layer.2.DenseReluDense.wo.weight,91,cosine_similarity,0.026200810447335243,3072,768
t5-base,actmat,transformer.decoder.block.2.layer.0.SelfAttention.q.weight,92,cosine_similarity,0.5341740846633911,768,768
t5-base,identity,transformer.decoder.block.2.layer.0.SelfAttention.q.weight,92,cosine_similarity,0.07913772761821747,768,768
t5-base,actmat,transformer.decoder.block.2.layer.0.SelfAttention.k.weight,93,cosine_similarity,0.505535364151001,768,768
t5-base,identity,transformer.decoder.block.2.layer.0.SelfAttention.k.weight,93,cosine_similarity,0.07913772761821747,768,768
t5-base,actmat,transformer.decoder.block.2.layer.0.SelfAttention.v.weight,94,cosine_similarity,0.16842946410179138,768,768
t5-base,identity,transformer.decoder.block.2.layer.0.SelfAttention.v.weight,94,cosine_similarity,0.07913772761821747,768,768
t5-base,actmat,transformer.decoder.block.2.layer.0.SelfAttention.o.weight,95,cosine_similarity,0.30145329236984253,768,768
t5-base,identity,transformer.decoder.block.2.layer.0.SelfAttention.o.weight,95,cosine_similarity,0.07351931929588318,768,768
t5-base,actmat,transformer.decoder.block.2.layer.1.EncDecAttention.q.weight,96,cosine_similarity,0.34021297097206116,768,768
t5-base,identity,transformer.decoder.block.2.layer.1.EncDecAttention.q.weight,96,cosine_similarity,0.07731547206640244,768,768
t5-base,actmat,transformer.decoder.block.2.layer.1.EncDecAttention.k.weight,97,cosine_similarity,0.27739542722702026,768,768
t5-base,identity,transformer.decoder.block.2.layer.1.EncDecAttention.k.weight,97,cosine_similarity,0.16613732278347015,768,768
t5-base,actmat,transformer.decoder.block.2.layer.1.EncDecAttention.v.weight,98,cosine_similarity,0.29104024171829224,768,768
t5-base,identity,transformer.decoder.block.2.layer.1.EncDecAttention.v.weight,98,cosine_similarity,0.16613732278347015,768,768
t5-base,actmat,transformer.decoder.block.2.layer.1.EncDecAttention.o.weight,99,cosine_similarity,0.2711239755153656,768,768
t5-base,identity,transformer.decoder.block.2.layer.1.EncDecAttention.o.weight,99,cosine_similarity,0.07013460993766785,768,768
t5-base,actmat,transformer.decoder.block.2.layer.2.DenseReluDense.wi.weight,100,cosine_similarity,0.4487849175930023,768,3072
t5-base,identity,transformer.decoder.block.2.layer.2.DenseReluDense.wi.weight,100,cosine_similarity,0.06402437388896942,768,3072
t5-base,actmat,transformer.decoder.block.2.layer.2.DenseReluDense.wo.weight,101,cosine_similarity,0.022910598665475845,3072,768
t5-base,identity,transformer.decoder.block.2.layer.2.DenseReluDense.wo.weight,101,cosine_similarity,0.026167193427681923,3072,768
t5-base,actmat,transformer.decoder.block.3.layer.0.SelfAttention.q.weight,102,cosine_similarity,0.5211846828460693,768,768
t5-base,identity,transformer.decoder.block.3.layer.0.SelfAttention.q.weight,102,cosine_similarity,0.07065718621015549,768,768
t5-base,actmat,transformer.decoder.block.3.layer.0.SelfAttention.k.weight,103,cosine_similarity,0.4987499713897705,768,768
t5-base,identity,transformer.decoder.block.3.layer.0.SelfAttention.k.weight,103,cosine_similarity,0.07065718621015549,768,768
t5-base,actmat,transformer.decoder.block.3.layer.0.SelfAttention.v.weight,104,cosine_similarity,0.1627688705921173,768,768
t5-base,identity,transformer.decoder.block.3.layer.0.SelfAttention.v.weight,104,cosine_similarity,0.07065718621015549,768,768
t5-base,actmat,transformer.decoder.block.3.layer.0.SelfAttention.o.weight,105,cosine_similarity,0.2810734808444977,768,768
t5-base,identity,transformer.decoder.block.3.layer.0.SelfAttention.o.weight,105,cosine_similarity,0.06453706324100494,768,768
t5-base,actmat,transformer.decoder.block.3.layer.1.EncDecAttention.q.weight,106,cosine_similarity,0.31523799896240234,768,768
t5-base,identity,transformer.decoder.block.3.layer.1.EncDecAttention.q.weight,106,cosine_similarity,0.0712573379278183,768,768
t5-base,actmat,transformer.decoder.block.3.layer.1.EncDecAttention.k.weight,107,cosine_similarity,0.32363349199295044,768,768
t5-base,identity,transformer.decoder.block.3.layer.1.EncDecAttention.k.weight,107,cosine_similarity,0.16613732278347015,768,768
t5-base,actmat,transformer.decoder.block.3.layer.1.EncDecAttention.v.weight,108,cosine_similarity,0.311413437128067,768,768
t5-base,identity,transformer.decoder.block.3.layer.1.EncDecAttention.v.weight,108,cosine_similarity,0.16613732278347015,768,768
t5-base,actmat,transformer.decoder.block.3.layer.1.EncDecAttention.o.weight,109,cosine_similarity,0.2288704365491867,768,768
t5-base,identity,transformer.decoder.block.3.layer.1.EncDecAttention.o.weight,109,cosine_similarity,0.07574265450239182,768,768
t5-base,actmat,transformer.decoder.block.3.layer.2.DenseReluDense.wi.weight,110,cosine_similarity,0.43814828991889954,768,3072
t5-base,identity,transformer.decoder.block.3.layer.2.DenseReluDense.wi.weight,110,cosine_similarity,0.06038966774940491,768,3072
t5-base,actmat,transformer.decoder.block.3.layer.2.DenseReluDense.wo.weight,111,cosine_similarity,0.06551124900579453,3072,768
t5-base,identity,transformer.decoder.block.3.layer.2.DenseReluDense.wo.weight,111,cosine_similarity,0.03676054626703262,3072,768
t5-base,actmat,transformer.decoder.block.4.layer.0.SelfAttention.q.weight,112,cosine_similarity,0.5630010366439819,768,768
t5-base,identity,transformer.decoder.block.4.layer.0.SelfAttention.q.weight,112,cosine_similarity,0.06547556072473526,768,768
t5-base,actmat,transformer.decoder.block.4.layer.0.SelfAttention.k.weight,113,cosine_similarity,0.5225817561149597,768,768
t5-base,identity,transformer.decoder.block.4.layer.0.SelfAttention.k.weight,113,cosine_similarity,0.06547556072473526,768,768
t5-base,actmat,transformer.decoder.block.4.layer.0.SelfAttention.v.weight,114,cosine_similarity,0.2063279002904892,768,768
t5-base,identity,transformer.decoder.block.4.layer.0.SelfAttention.v.weight,114,cosine_similarity,0.06547556072473526,768,768
t5-base,actmat,transformer.decoder.block.4.layer.0.SelfAttention.o.weight,115,cosine_similarity,0.21876733005046844,768,768
t5-base,identity,transformer.decoder.block.4.layer.0.SelfAttention.o.weight,115,cosine_similarity,0.06308402121067047,768,768
t5-base,actmat,transformer.decoder.block.4.layer.1.EncDecAttention.q.weight,116,cosine_similarity,0.3593830168247223,768,768
t5-base,identity,transformer.decoder.block.4.layer.1.EncDecAttention.q.weight,116,cosine_similarity,0.07094058394432068,768,768
t5-base,actmat,transformer.decoder.block.4.layer.1.EncDecAttention.k.weight,117,cosine_similarity,0.2650824189186096,768,768
t5-base,identity,transformer.decoder.block.4.layer.1.EncDecAttention.k.weight,117,cosine_similarity,0.16613732278347015,768,768
t5-base,actmat,transformer.decoder.block.4.layer.1.EncDecAttention.v.weight,118,cosine_similarity,0.291653573513031,768,768
t5-base,identity,transformer.decoder.block.4.layer.1.EncDecAttention.v.weight,118,cosine_similarity,0.16613732278347015,768,768
t5-base,actmat,transformer.decoder.block.4.layer.1.EncDecAttention.o.weight,119,cosine_similarity,0.28122204542160034,768,768
t5-base,identity,transformer.decoder.block.4.layer.1.EncDecAttention.o.weight,119,cosine_similarity,0.077372707426548,768,768
t5-base,actmat,transformer.decoder.block.4.layer.2.DenseReluDense.wi.weight,120,cosine_similarity,0.3783988058567047,768,3072
t5-base,identity,transformer.decoder.block.4.layer.2.DenseReluDense.wi.weight,120,cosine_similarity,0.058056749403476715,768,3072
t5-base,actmat,transformer.decoder.block.4.layer.2.DenseReluDense.wo.weight,121,cosine_similarity,0.06284186989068985,3072,768
t5-base,identity,transformer.decoder.block.4.layer.2.DenseReluDense.wo.weight,121,cosine_similarity,0.036536335945129395,3072,768
t5-base,actmat,transformer.decoder.block.5.layer.0.SelfAttention.q.weight,122,cosine_similarity,0.4830961525440216,768,768
t5-base,identity,transformer.decoder.block.5.layer.0.SelfAttention.q.weight,122,cosine_similarity,0.06299695372581482,768,768
t5-base,actmat,transformer.decoder.block.5.layer.0.SelfAttention.k.weight,123,cosine_similarity,0.4737831652164459,768,768
t5-base,identity,transformer.decoder.block.5.layer.0.SelfAttention.k.weight,123,cosine_similarity,0.06299695372581482,768,768
t5-base,actmat,transformer.decoder.block.5.layer.0.SelfAttention.v.weight,124,cosine_similarity,0.1511564701795578,768,768
t5-base,identity,transformer.decoder.block.5.layer.0.SelfAttention.v.weight,124,cosine_similarity,0.06299695372581482,768,768
t5-base,actmat,transformer.decoder.block.5.layer.0.SelfAttention.o.weight,125,cosine_similarity,0.26277655363082886,768,768
t5-base,identity,transformer.decoder.block.5.layer.0.SelfAttention.o.weight,125,cosine_similarity,0.0604122057557106,768,768
t5-base,actmat,transformer.decoder.block.5.layer.1.EncDecAttention.q.weight,126,cosine_similarity,0.29059165716171265,768,768
t5-base,identity,transformer.decoder.block.5.layer.1.EncDecAttention.q.weight,126,cosine_similarity,0.0673350840806961,768,768
t5-base,actmat,transformer.decoder.block.5.layer.1.EncDecAttention.k.weight,127,cosine_similarity,0.2789556086063385,768,768
t5-base,identity,transformer.decoder.block.5.layer.1.EncDecAttention.k.weight,127,cosine_similarity,0.16613732278347015,768,768
t5-base,actmat,transformer.decoder.block.5.layer.1.EncDecAttention.v.weight,128,cosine_similarity,0.2927076816558838,768,768
t5-base,identity,transformer.decoder.block.5.layer.1.EncDecAttention.v.weight,128,cosine_similarity,0.16613732278347015,768,768
t5-base,actmat,transformer.decoder.block.5.layer.1.EncDecAttention.o.weight,129,cosine_similarity,0.28188854455947876,768,768
t5-base,identity,transformer.decoder.block.5.layer.1.EncDecAttention.o.weight,129,cosine_similarity,0.08050684630870819,768,768
t5-base,actmat,transformer.decoder.block.5.layer.2.DenseReluDense.wi.weight,130,cosine_similarity,0.3144063651561737,768,3072
t5-base,identity,transformer.decoder.block.5.layer.2.DenseReluDense.wi.weight,130,cosine_similarity,0.05750425532460213,768,3072
t5-base,actmat,transformer.decoder.block.5.layer.2.DenseReluDense.wo.weight,131,cosine_similarity,0.07115121930837631,3072,768
t5-base,identity,transformer.decoder.block.5.layer.2.DenseReluDense.wo.weight,131,cosine_similarity,0.036723870784044266,3072,768
t5-base,actmat,transformer.decoder.block.6.layer.0.SelfAttention.q.weight,132,cosine_similarity,0.4490423798561096,768,768
t5-base,identity,transformer.decoder.block.6.layer.0.SelfAttention.q.weight,132,cosine_similarity,0.06197827309370041,768,768
t5-base,actmat,transformer.decoder.block.6.layer.0.SelfAttention.k.weight,133,cosine_similarity,0.4447071850299835,768,768
t5-base,identity,transformer.decoder.block.6.layer.0.SelfAttention.k.weight,133,cosine_similarity,0.06197827309370041,768,768
t5-base,actmat,transformer.decoder.block.6.layer.0.SelfAttention.v.weight,134,cosine_similarity,0.12069982290267944,768,768
t5-base,identity,transformer.decoder.block.6.layer.0.SelfAttention.v.weight,134,cosine_similarity,0.06197827309370041,768,768
t5-base,actmat,transformer.decoder.block.6.layer.0.SelfAttention.o.weight,135,cosine_similarity,0.3477546274662018,768,768
t5-base,identity,transformer.decoder.block.6.layer.0.SelfAttention.o.weight,135,cosine_similarity,0.060914307832717896,768,768
t5-base,actmat,transformer.decoder.block.6.layer.1.EncDecAttention.q.weight,136,cosine_similarity,0.2720288634300232,768,768
t5-base,identity,transformer.decoder.block.6.layer.1.EncDecAttention.q.weight,136,cosine_similarity,0.06540033221244812,768,768
t5-base,actmat,transformer.decoder.block.6.layer.1.EncDecAttention.k.weight,137,cosine_similarity,0.2542917728424072,768,768
t5-base,identity,transformer.decoder.block.6.layer.1.EncDecAttention.k.weight,137,cosine_similarity,0.16613732278347015,768,768
t5-base,actmat,transformer.decoder.block.6.layer.1.EncDecAttention.v.weight,138,cosine_similarity,0.328032910823822,768,768
t5-base,identity,transformer.decoder.block.6.layer.1.EncDecAttention.v.weight,138,cosine_similarity,0.16613732278347015,768,768
t5-base,actmat,transformer.decoder.block.6.layer.1.EncDecAttention.o.weight,139,cosine_similarity,0.28955477476119995,768,768
t5-base,identity,transformer.decoder.block.6.layer.1.EncDecAttention.o.weight,139,cosine_similarity,0.07972177863121033,768,768
t5-base,actmat,transformer.decoder.block.6.layer.2.DenseReluDense.wi.weight,140,cosine_similarity,0.33698123693466187,768,3072
t5-base,identity,transformer.decoder.block.6.layer.2.DenseReluDense.wi.weight,140,cosine_similarity,0.05593983829021454,768,3072
t5-base,actmat,transformer.decoder.block.6.layer.2.DenseReluDense.wo.weight,141,cosine_similarity,0.07343544811010361,3072,768
t5-base,identity,transformer.decoder.block.6.layer.2.DenseReluDense.wo.weight,141,cosine_similarity,0.03303221985697746,3072,768
t5-base,actmat,transformer.decoder.block.7.layer.0.SelfAttention.q.weight,142,cosine_similarity,0.3979651629924774,768,768
t5-base,identity,transformer.decoder.block.7.layer.0.SelfAttention.q.weight,142,cosine_similarity,0.0588083378970623,768,768
t5-base,actmat,transformer.decoder.block.7.layer.0.SelfAttention.k.weight,143,cosine_similarity,0.3931538164615631,768,768
t5-base,identity,transformer.decoder.block.7.layer.0.SelfAttention.k.weight,143,cosine_similarity,0.0588083378970623,768,768
t5-base,actmat,transformer.decoder.block.7.layer.0.SelfAttention.v.weight,144,cosine_similarity,0.14163893461227417,768,768
t5-base,identity,transformer.decoder.block.7.layer.0.SelfAttention.v.weight,144,cosine_similarity,0.0588083378970623,768,768
t5-base,actmat,transformer.decoder.block.7.layer.0.SelfAttention.o.weight,145,cosine_similarity,0.29877769947052,768,768
t5-base,identity,transformer.decoder.block.7.layer.0.SelfAttention.o.weight,145,cosine_similarity,0.061302315443754196,768,768
t5-base,actmat,transformer.decoder.block.7.layer.1.EncDecAttention.q.weight,146,cosine_similarity,0.29285645484924316,768,768
t5-base,identity,transformer.decoder.block.7.layer.1.EncDecAttention.q.weight,146,cosine_similarity,0.06217295676469803,768,768
t5-base,actmat,transformer.decoder.block.7.layer.1.EncDecAttention.k.weight,147,cosine_similarity,0.28315994143486023,768,768
t5-base,identity,transformer.decoder.block.7.layer.1.EncDecAttention.k.weight,147,cosine_similarity,0.16613732278347015,768,768
t5-base,actmat,transformer.decoder.block.7.layer.1.EncDecAttention.v.weight,148,cosine_similarity,0.3380328118801117,768,768
t5-base,identity,transformer.decoder.block.7.layer.1.EncDecAttention.v.weight,148,cosine_similarity,0.16613732278347015,768,768
t5-base,actmat,transformer.decoder.block.7.layer.1.EncDecAttention.o.weight,149,cosine_similarity,0.2734767496585846,768,768
t5-base,identity,transformer.decoder.block.7.layer.1.EncDecAttention.o.weight,149,cosine_similarity,0.08439601957798004,768,768
t5-base,actmat,transformer.decoder.block.7.layer.2.DenseReluDense.wi.weight,150,cosine_similarity,0.2742411494255066,768,3072
t5-base,identity,transformer.decoder.block.7.layer.2.DenseReluDense.wi.weight,150,cosine_similarity,0.054929137229919434,768,3072
t5-base,actmat,transformer.decoder.block.7.layer.2.DenseReluDense.wo.weight,151,cosine_similarity,0.07783989608287811,3072,768
t5-base,identity,transformer.decoder.block.7.layer.2.DenseReluDense.wo.weight,151,cosine_similarity,0.03513693809509277,3072,768
t5-base,actmat,transformer.decoder.block.8.layer.0.SelfAttention.q.weight,152,cosine_similarity,0.4173656105995178,768,768
t5-base,identity,transformer.decoder.block.8.layer.0.SelfAttention.q.weight,152,cosine_similarity,0.05759523808956146,768,768
t5-base,actmat,transformer.decoder.block.8.layer.0.SelfAttention.k.weight,153,cosine_similarity,0.38885173201560974,768,768
t5-base,identity,transformer.decoder.block.8.layer.0.SelfAttention.k.weight,153,cosine_similarity,0.05759523808956146,768,768
t5-base,actmat,transformer.decoder.block.8.layer.0.SelfAttention.v.weight,154,cosine_similarity,0.164094015955925,768,768
t5-base,identity,transformer.decoder.block.8.layer.0.SelfAttention.v.weight,154,cosine_similarity,0.05759523808956146,768,768
t5-base,actmat,transformer.decoder.block.8.layer.0.SelfAttention.o.weight,155,cosine_similarity,0.27724432945251465,768,768
t5-base,identity,transformer.decoder.block.8.layer.0.SelfAttention.o.weight,155,cosine_similarity,0.06732837855815887,768,768
t5-base,actmat,transformer.decoder.block.8.layer.1.EncDecAttention.q.weight,156,cosine_similarity,0.269777774810791,768,768
t5-base,identity,transformer.decoder.block.8.layer.1.EncDecAttention.q.weight,156,cosine_similarity,0.06027061864733696,768,768
t5-base,actmat,transformer.decoder.block.8.layer.1.EncDecAttention.k.weight,157,cosine_similarity,0.2588046193122864,768,768
t5-base,identity,transformer.decoder.block.8.layer.1.EncDecAttention.k.weight,157,cosine_similarity,0.16613732278347015,768,768
t5-base,actmat,transformer.decoder.block.8.layer.1.EncDecAttention.v.weight,158,cosine_similarity,0.31547582149505615,768,768
t5-base,identity,transformer.decoder.block.8.layer.1.EncDecAttention.v.weight,158,cosine_similarity,0.16613732278347015,768,768
t5-base,actmat,transformer.decoder.block.8.layer.1.EncDecAttention.o.weight,159,cosine_similarity,0.3397926986217499,768,768
t5-base,identity,transformer.decoder.block.8.layer.1.EncDecAttention.o.weight,159,cosine_similarity,0.10725512355566025,768,768
t5-base,actmat,transformer.decoder.block.8.layer.2.DenseReluDense.wi.weight,160,cosine_similarity,0.2660768926143646,768,3072
t5-base,identity,transformer.decoder.block.8.layer.2.DenseReluDense.wi.weight,160,cosine_similarity,0.05663514882326126,768,3072
t5-base,actmat,transformer.decoder.block.8.layer.2.DenseReluDense.wo.weight,161,cosine_similarity,0.051441822201013565,3072,768
t5-base,identity,transformer.decoder.block.8.layer.2.DenseReluDense.wo.weight,161,cosine_similarity,0.03065624088048935,3072,768
t5-base,actmat,transformer.decoder.block.9.layer.0.SelfAttention.q.weight,162,cosine_similarity,0.3600153625011444,768,768
t5-base,identity,transformer.decoder.block.9.layer.0.SelfAttention.q.weight,162,cosine_similarity,0.058547209948301315,768,768
t5-base,actmat,transformer.decoder.block.9.layer.0.SelfAttention.k.weight,163,cosine_similarity,0.3252701759338379,768,768
t5-base,identity,transformer.decoder.block.9.layer.0.SelfAttention.k.weight,163,cosine_similarity,0.058547209948301315,768,768
t5-base,actmat,transformer.decoder.block.9.layer.0.SelfAttention.v.weight,164,cosine_similarity,0.2009718120098114,768,768
t5-base,identity,transformer.decoder.block.9.layer.0.SelfAttention.v.weight,164,cosine_similarity,0.058547209948301315,768,768
t5-base,actmat,transformer.decoder.block.9.layer.0.SelfAttention.o.weight,165,cosine_similarity,0.2769179344177246,768,768
t5-base,identity,transformer.decoder.block.9.layer.0.SelfAttention.o.weight,165,cosine_similarity,0.06826914846897125,768,768
t5-base,actmat,transformer.decoder.block.9.layer.1.EncDecAttention.q.weight,166,cosine_similarity,0.27475619316101074,768,768
t5-base,identity,transformer.decoder.block.9.layer.1.EncDecAttention.q.weight,166,cosine_similarity,0.061348807066679,768,768
t5-base,actmat,transformer.decoder.block.9.layer.1.EncDecAttention.k.weight,167,cosine_similarity,0.25878143310546875,768,768
t5-base,identity,transformer.decoder.block.9.layer.1.EncDecAttention.k.weight,167,cosine_similarity,0.16613732278347015,768,768
t5-base,actmat,transformer.decoder.block.9.layer.1.EncDecAttention.v.weight,168,cosine_similarity,0.28507766127586365,768,768
t5-base,identity,transformer.decoder.block.9.layer.1.EncDecAttention.v.weight,168,cosine_similarity,0.16613732278347015,768,768
t5-base,actmat,transformer.decoder.block.9.layer.1.EncDecAttention.o.weight,169,cosine_similarity,0.3317578434944153,768,768
t5-base,identity,transformer.decoder.block.9.layer.1.EncDecAttention.o.weight,169,cosine_similarity,0.11954931914806366,768,768
t5-base,actmat,transformer.decoder.block.9.layer.2.DenseReluDense.wi.weight,170,cosine_similarity,0.3115276098251343,768,3072
t5-base,identity,transformer.decoder.block.9.layer.2.DenseReluDense.wi.weight,170,cosine_similarity,0.056637801229953766,768,3072
t5-base,actmat,transformer.decoder.block.9.layer.2.DenseReluDense.wo.weight,171,cosine_similarity,0.08520111441612244,3072,768
t5-base,identity,transformer.decoder.block.9.layer.2.DenseReluDense.wo.weight,171,cosine_similarity,0.03308390825986862,3072,768
t5-base,actmat,transformer.decoder.block.10.layer.0.SelfAttention.q.weight,172,cosine_similarity,0.41230490803718567,768,768
t5-base,identity,transformer.decoder.block.10.layer.0.SelfAttention.q.weight,172,cosine_similarity,0.061883345246315,768,768
t5-base,actmat,transformer.decoder.block.10.layer.0.SelfAttention.k.weight,173,cosine_similarity,0.3290763795375824,768,768
t5-base,identity,transformer.decoder.block.10.layer.0.SelfAttention.k.weight,173,cosine_similarity,0.061883345246315,768,768
t5-base,actmat,transformer.decoder.block.10.layer.0.SelfAttention.v.weight,174,cosine_similarity,0.20076017081737518,768,768
t5-base,identity,transformer.decoder.block.10.layer.0.SelfAttention.v.weight,174,cosine_similarity,0.061883345246315,768,768
t5-base,actmat,transformer.decoder.block.10.layer.0.SelfAttention.o.weight,175,cosine_similarity,0.34552058577537537,768,768
t5-base,identity,transformer.decoder.block.10.layer.0.SelfAttention.o.weight,175,cosine_similarity,0.08170239627361298,768,768
t5-base,actmat,transformer.decoder.block.10.layer.1.EncDecAttention.q.weight,176,cosine_similarity,0.24880929291248322,768,768
t5-base,identity,transformer.decoder.block.10.layer.1.EncDecAttention.q.weight,176,cosine_similarity,0.05994219705462456,768,768
t5-base,actmat,transformer.decoder.block.10.layer.1.EncDecAttention.k.weight,177,cosine_similarity,0.2474772185087204,768,768
t5-base,identity,transformer.decoder.block.10.layer.1.EncDecAttention.k.weight,177,cosine_similarity,0.16613732278347015,768,768
t5-base,actmat,transformer.decoder.block.10.layer.1.EncDecAttention.v.weight,178,cosine_similarity,0.27392876148223877,768,768
t5-base,identity,transformer.decoder.block.10.layer.1.EncDecAttention.v.weight,178,cosine_similarity,0.16613732278347015,768,768
t5-base,actmat,transformer.decoder.block.10.layer.1.EncDecAttention.o.weight,179,cosine_similarity,0.2639243006706238,768,768
t5-base,identity,transformer.decoder.block.10.layer.1.EncDecAttention.o.weight,179,cosine_similarity,0.08823274075984955,768,768
t5-base,actmat,transformer.decoder.block.10.layer.2.DenseReluDense.wi.weight,180,cosine_similarity,0.31565800309181213,768,3072
t5-base,identity,transformer.decoder.block.10.layer.2.DenseReluDense.wi.weight,180,cosine_similarity,0.05470792204141617,768,3072
t5-base,actmat,transformer.decoder.block.10.layer.2.DenseReluDense.wo.weight,181,cosine_similarity,0.061352163553237915,3072,768
t5-base,identity,transformer.decoder.block.10.layer.2.DenseReluDense.wo.weight,181,cosine_similarity,0.0323726087808609,3072,768
t5-base,actmat,transformer.decoder.block.11.layer.0.SelfAttention.q.weight,182,cosine_similarity,0.2759528160095215,768,768
t5-base,identity,transformer.decoder.block.11.layer.0.SelfAttention.q.weight,182,cosine_similarity,0.054657939821481705,768,768
t5-base,actmat,transformer.decoder.block.11.layer.0.SelfAttention.k.weight,183,cosine_similarity,0.169197216629982,768,768
t5-base,identity,transformer.decoder.block.11.layer.0.SelfAttention.k.weight,183,cosine_similarity,0.054657939821481705,768,768
t5-base,actmat,transformer.decoder.block.11.layer.0.SelfAttention.v.weight,184,cosine_similarity,0.19448576867580414,768,768
t5-base,identity,transformer.decoder.block.11.layer.0.SelfAttention.v.weight,184,cosine_similarity,0.054657939821481705,768,768
t5-base,actmat,transformer.decoder.block.11.layer.0.SelfAttention.o.weight,185,cosine_similarity,0.35903313755989075,768,768
t5-base,identity,transformer.decoder.block.11.layer.0.SelfAttention.o.weight,185,cosine_similarity,0.07747701555490494,768,768
t5-base,actmat,transformer.decoder.block.11.layer.1.EncDecAttention.q.weight,186,cosine_similarity,0.21439611911773682,768,768
t5-base,identity,transformer.decoder.block.11.layer.1.EncDecAttention.q.weight,186,cosine_similarity,0.0630488246679306,768,768
t5-base,actmat,transformer.decoder.block.11.layer.1.EncDecAttention.k.weight,187,cosine_similarity,0.2634887397289276,768,768
t5-base,identity,transformer.decoder.block.11.layer.1.EncDecAttention.k.weight,187,cosine_similarity,0.16613732278347015,768,768
t5-base,actmat,transformer.decoder.block.11.layer.1.EncDecAttention.v.weight,188,cosine_similarity,0.29690271615982056,768,768
t5-base,identity,transformer.decoder.block.11.layer.1.EncDecAttention.v.weight,188,cosine_similarity,0.16613732278347015,768,768
t5-base,actmat,transformer.decoder.block.11.layer.1.EncDecAttention.o.weight,189,cosine_similarity,0.3069900870323181,768,768
t5-base,identity,transformer.decoder.block.11.layer.1.EncDecAttention.o.weight,189,cosine_similarity,0.0973350927233696,768,768
t5-base,actmat,transformer.decoder.block.11.layer.2.DenseReluDense.wi.weight,190,cosine_similarity,0.3340352475643158,768,3072
t5-base,identity,transformer.decoder.block.11.layer.2.DenseReluDense.wi.weight,190,cosine_similarity,0.05248083546757698,768,3072
t5-base,actmat,transformer.decoder.block.11.layer.2.DenseReluDense.wo.weight,191,cosine_similarity,0.05756310001015663,3072,768
t5-base,identity,transformer.decoder.block.11.layer.2.DenseReluDense.wo.weight,191,cosine_similarity,0.02774348482489586,3072,768
t5-base,actmat,transformer.lm_head.weight,192,cosine_similarity,0.3463301956653595,768,32128
t5-base,identity,transformer.lm_head.weight,192,cosine_similarity,0.03884299471974373,768,32128
t5-large,actmat,transformer.encoder.block.0.layer.0.SelfAttention.q.weight,0,cosine_similarity,0.6467565894126892,1024,1024
t5-large,identity,transformer.encoder.block.0.layer.0.SelfAttention.q.weight,0,cosine_similarity,0.200429305434227,1024,1024
t5-large,actmat,transformer.encoder.block.0.layer.0.SelfAttention.k.weight,1,cosine_similarity,0.6988324522972107,1024,1024
t5-large,identity,transformer.encoder.block.0.layer.0.SelfAttention.k.weight,1,cosine_similarity,0.200429305434227,1024,1024
t5-large,actmat,transformer.encoder.block.0.layer.0.SelfAttention.v.weight,2,cosine_similarity,0.5399726629257202,1024,1024
t5-large,identity,transformer.encoder.block.0.layer.0.SelfAttention.v.weight,2,cosine_similarity,0.200429305434227,1024,1024
t5-large,actmat,transformer.encoder.block.0.layer.0.SelfAttention.o.weight,3,cosine_similarity,0.6140714883804321,1024,1024
t5-large,identity,transformer.encoder.block.0.layer.0.SelfAttention.o.weight,3,cosine_similarity,0.13234782218933105,1024,1024
t5-large,actmat,transformer.encoder.block.0.layer.1.DenseReluDense.wi.weight,4,cosine_similarity,0.35427454113960266,1024,4096
t5-large,identity,transformer.encoder.block.0.layer.1.DenseReluDense.wi.weight,4,cosine_similarity,0.1206776350736618,1024,4096
t5-large,actmat,transformer.encoder.block.0.layer.1.DenseReluDense.wo.weight,5,cosine_similarity,0.4744075536727905,4096,1024
t5-large,identity,transformer.encoder.block.0.layer.1.DenseReluDense.wo.weight,5,cosine_similarity,0.11841107159852982,4096,1024
t5-large,actmat,transformer.encoder.block.1.layer.0.SelfAttention.q.weight,6,cosine_similarity,0.5317091345787048,1024,1024
t5-large,identity,transformer.encoder.block.1.layer.0.SelfAttention.q.weight,6,cosine_similarity,0.27544406056404114,1024,1024
t5-large,actmat,transformer.encoder.block.1.layer.0.SelfAttention.k.weight,7,cosine_similarity,0.5688008666038513,1024,1024
t5-large,identity,transformer.encoder.block.1.layer.0.SelfAttention.k.weight,7,cosine_similarity,0.27544406056404114,1024,1024
t5-large,actmat,transformer.encoder.block.1.layer.0.SelfAttention.v.weight,8,cosine_similarity,0.5448035001754761,1024,1024
t5-large,identity,transformer.encoder.block.1.layer.0.SelfAttention.v.weight,8,cosine_similarity,0.27544406056404114,1024,1024
t5-large,actmat,transformer.encoder.block.1.layer.0.SelfAttention.o.weight,9,cosine_similarity,0.6285213828086853,1024,1024
t5-large,identity,transformer.encoder.block.1.layer.0.SelfAttention.o.weight,9,cosine_similarity,0.14531229436397552,1024,1024
t5-large,actmat,transformer.encoder.block.1.layer.1.DenseReluDense.wi.weight,10,cosine_similarity,0.30522531270980835,1024,4096
t5-large,identity,transformer.encoder.block.1.layer.1.DenseReluDense.wi.weight,10,cosine_similarity,0.0911073386669159,1024,4096
t5-large,actmat,transformer.encoder.block.1.layer.1.DenseReluDense.wo.weight,11,cosine_similarity,0.48522400856018066,4096,1024
t5-large,identity,transformer.encoder.block.1.layer.1.DenseReluDense.wo.weight,11,cosine_similarity,0.13131049275398254,4096,1024
t5-large,actmat,transformer.encoder.block.2.layer.0.SelfAttention.q.weight,12,cosine_similarity,0.48822882771492004,1024,1024
t5-large,identity,transformer.encoder.block.2.layer.0.SelfAttention.q.weight,12,cosine_similarity,0.2771279513835907,1024,1024
t5-large,actmat,transformer.encoder.block.2.layer.0.SelfAttention.k.weight,13,cosine_similarity,0.5348345637321472,1024,1024
t5-large,identity,transformer.encoder.block.2.layer.0.SelfAttention.k.weight,13,cosine_similarity,0.2771279513835907,1024,1024
t5-large,actmat,transformer.encoder.block.2.layer.0.SelfAttention.v.weight,14,cosine_similarity,0.5716201066970825,1024,1024
t5-large,identity,transformer.encoder.block.2.layer.0.SelfAttention.v.weight,14,cosine_similarity,0.2771279513835907,1024,1024
t5-large,actmat,transformer.encoder.block.2.layer.0.SelfAttention.o.weight,15,cosine_similarity,0.625420093536377,1024,1024
t5-large,identity,transformer.encoder.block.2.layer.0.SelfAttention.o.weight,15,cosine_similarity,0.15174168348312378,1024,1024
t5-large,actmat,transformer.encoder.block.2.layer.1.DenseReluDense.wi.weight,16,cosine_similarity,0.33817610144615173,1024,4096
t5-large,identity,transformer.encoder.block.2.layer.1.DenseReluDense.wi.weight,16,cosine_similarity,0.08114238828420639,1024,4096
t5-large,actmat,transformer.encoder.block.2.layer.1.DenseReluDense.wo.weight,17,cosine_similarity,0.28494852781295776,4096,1024
t5-large,identity,transformer.encoder.block.2.layer.1.DenseReluDense.wo.weight,17,cosine_similarity,0.11666619777679443,4096,1024
t5-large,actmat,transformer.encoder.block.3.layer.0.SelfAttention.q.weight,18,cosine_similarity,0.4786806106567383,1024,1024
t5-large,identity,transformer.encoder.block.3.layer.0.SelfAttention.q.weight,18,cosine_similarity,0.2744494080543518,1024,1024
t5-large,actmat,transformer.encoder.block.3.layer.0.SelfAttention.k.weight,19,cosine_similarity,0.5270929336547852,1024,1024
t5-large,identity,transformer.encoder.block.3.layer.0.SelfAttention.k.weight,19,cosine_similarity,0.2744494080543518,1024,1024
t5-large,actmat,transformer.encoder.block.3.layer.0.SelfAttention.v.weight,20,cosine_similarity,0.5737839937210083,1024,1024
t5-large,identity,transformer.encoder.block.3.layer.0.SelfAttention.v.weight,20,cosine_similarity,0.2744494080543518,1024,1024
t5-large,actmat,transformer.encoder.block.3.layer.0.SelfAttention.o.weight,21,cosine_similarity,0.6190142035484314,1024,1024
t5-large,identity,transformer.encoder.block.3.layer.0.SelfAttention.o.weight,21,cosine_similarity,0.1489609330892563,1024,1024
t5-large,actmat,transformer.encoder.block.3.layer.1.DenseReluDense.wi.weight,22,cosine_similarity,0.332743763923645,1024,4096
t5-large,identity,transformer.encoder.block.3.layer.1.DenseReluDense.wi.weight,22,cosine_similarity,0.07328931987285614,1024,4096
t5-large,actmat,transformer.encoder.block.3.layer.1.DenseReluDense.wo.weight,23,cosine_similarity,0.1993131935596466,4096,1024
t5-large,identity,transformer.encoder.block.3.layer.1.DenseReluDense.wo.weight,23,cosine_similarity,0.10933682322502136,4096,1024
t5-large,actmat,transformer.encoder.block.4.layer.0.SelfAttention.q.weight,24,cosine_similarity,0.4959943890571594,1024,1024
t5-large,identity,transformer.encoder.block.4.layer.0.SelfAttention.q.weight,24,cosine_similarity,0.26832979917526245,1024,1024
t5-large,actmat,transformer.encoder.block.4.layer.0.SelfAttention.k.weight,25,cosine_similarity,0.4943404495716095,1024,1024
t5-large,identity,transformer.encoder.block.4.layer.0.SelfAttention.k.weight,25,cosine_similarity,0.26832979917526245,1024,1024
t5-large,actmat,transformer.encoder.block.4.layer.0.SelfAttention.v.weight,26,cosine_similarity,0.5411959290504456,1024,1024
t5-large,identity,transformer.encoder.block.4.layer.0.SelfAttention.v.weight,26,cosine_similarity,0.26832979917526245,1024,1024
t5-large,actmat,transformer.encoder.block.4.layer.0.SelfAttention.o.weight,27,cosine_similarity,0.577788770198822,1024,1024
t5-large,identity,transformer.encoder.block.4.layer.0.SelfAttention.o.weight,27,cosine_similarity,0.13274532556533813,1024,1024
t5-large,actmat,transformer.encoder.block.4.layer.1.DenseReluDense.wi.weight,28,cosine_similarity,0.3562171161174774,1024,4096
t5-large,identity,transformer.encoder.block.4.layer.1.DenseReluDense.wi.weight,28,cosine_similarity,0.07061964273452759,1024,4096
t5-large,actmat,transformer.encoder.block.4.layer.1.DenseReluDense.wo.weight,29,cosine_similarity,0.09247832000255585,4096,1024
t5-large,identity,transformer.encoder.block.4.layer.1.DenseReluDense.wo.weight,29,cosine_similarity,0.06768665462732315,4096,1024
t5-large,actmat,transformer.encoder.block.5.layer.0.SelfAttention.q.weight,30,cosine_similarity,0.5140509009361267,1024,1024
t5-large,identity,transformer.encoder.block.5.layer.0.SelfAttention.q.weight,30,cosine_similarity,0.2550158202648163,1024,1024
t5-large,actmat,transformer.encoder.block.5.layer.0.SelfAttention.k.weight,31,cosine_similarity,0.512775182723999,1024,1024
t5-large,identity,transformer.encoder.block.5.layer.0.SelfAttention.k.weight,31,cosine_similarity,0.2550158202648163,1024,1024
t5-large,actmat,transformer.encoder.block.5.layer.0.SelfAttention.v.weight,32,cosine_similarity,0.5584571361541748,1024,1024
t5-large,identity,transformer.encoder.block.5.layer.0.SelfAttention.v.weight,32,cosine_similarity,0.2550158202648163,1024,1024
t5-large,actmat,transformer.encoder.block.5.layer.0.SelfAttention.o.weight,33,cosine_similarity,0.5905112028121948,1024,1024
t5-large,identity,transformer.encoder.block.5.layer.0.SelfAttention.o.weight,33,cosine_similarity,0.14754760265350342,1024,1024
t5-large,actmat,transformer.encoder.block.5.layer.1.DenseReluDense.wi.weight,34,cosine_similarity,0.37997686862945557,1024,4096
t5-large,identity,transformer.encoder.block.5.layer.1.DenseReluDense.wi.weight,34,cosine_similarity,0.06997701525688171,1024,4096
t5-large,actmat,transformer.encoder.block.5.layer.1.DenseReluDense.wo.weight,35,cosine_similarity,0.043822742998600006,4096,1024
t5-large,identity,transformer.encoder.block.5.layer.1.DenseReluDense.wo.weight,35,cosine_similarity,0.04104814678430557,4096,1024
t5-large,actmat,transformer.encoder.block.6.layer.0.SelfAttention.q.weight,36,cosine_similarity,0.5328661203384399,1024,1024
t5-large,identity,transformer.encoder.block.6.layer.0.SelfAttention.q.weight,36,cosine_similarity,0.24598917365074158,1024,1024
t5-large,actmat,transformer.encoder.block.6.layer.0.SelfAttention.k.weight,37,cosine_similarity,0.5336534976959229,1024,1024
t5-large,identity,transformer.encoder.block.6.layer.0.SelfAttention.k.weight,37,cosine_similarity,0.24598917365074158,1024,1024
t5-large,actmat,transformer.encoder.block.6.layer.0.SelfAttention.v.weight,38,cosine_similarity,0.628869891166687,1024,1024
t5-large,identity,transformer.encoder.block.6.layer.0.SelfAttention.v.weight,38,cosine_similarity,0.24598917365074158,1024,1024
t5-large,actmat,transformer.encoder.block.6.layer.0.SelfAttention.o.weight,39,cosine_similarity,0.5912006497383118,1024,1024
t5-large,identity,transformer.encoder.block.6.layer.0.SelfAttention.o.weight,39,cosine_similarity,0.13975286483764648,1024,1024
t5-large,actmat,transformer.encoder.block.6.layer.1.DenseReluDense.wi.weight,40,cosine_similarity,0.39211851358413696,1024,4096
t5-large,identity,transformer.encoder.block.6.layer.1.DenseReluDense.wi.weight,40,cosine_similarity,0.07140111178159714,1024,4096
t5-large,actmat,transformer.encoder.block.6.layer.1.DenseReluDense.wo.weight,41,cosine_similarity,0.06003592908382416,4096,1024
t5-large,identity,transformer.encoder.block.6.layer.1.DenseReluDense.wo.weight,41,cosine_similarity,0.04388200119137764,4096,1024
t5-large,actmat,transformer.encoder.block.7.layer.0.SelfAttention.q.weight,42,cosine_similarity,0.5229363441467285,1024,1024
t5-large,identity,transformer.encoder.block.7.layer.0.SelfAttention.q.weight,42,cosine_similarity,0.23921231925487518,1024,1024
t5-large,actmat,transformer.encoder.block.7.layer.0.SelfAttention.k.weight,43,cosine_similarity,0.523777425289154,1024,1024
t5-large,identity,transformer.encoder.block.7.layer.0.SelfAttention.k.weight,43,cosine_similarity,0.23921231925487518,1024,1024
t5-large,actmat,transformer.encoder.block.7.layer.0.SelfAttention.v.weight,44,cosine_similarity,0.6233668327331543,1024,1024
t5-large,identity,transformer.encoder.block.7.layer.0.SelfAttention.v.weight,44,cosine_similarity,0.23921231925487518,1024,1024
t5-large,actmat,transformer.encoder.block.7.layer.0.SelfAttention.o.weight,45,cosine_similarity,0.5558070540428162,1024,1024
t5-large,identity,transformer.encoder.block.7.layer.0.SelfAttention.o.weight,45,cosine_similarity,0.13885457813739777,1024,1024
t5-large,actmat,transformer.encoder.block.7.layer.1.DenseReluDense.wi.weight,46,cosine_similarity,0.40946391224861145,1024,4096
t5-large,identity,transformer.encoder.block.7.layer.1.DenseReluDense.wi.weight,46,cosine_similarity,0.07450347393751144,1024,4096
t5-large,actmat,transformer.encoder.block.7.layer.1.DenseReluDense.wo.weight,47,cosine_similarity,0.06664157658815384,4096,1024
t5-large,identity,transformer.encoder.block.7.layer.1.DenseReluDense.wo.weight,47,cosine_similarity,0.051980387419462204,4096,1024
t5-large,actmat,transformer.encoder.block.8.layer.0.SelfAttention.q.weight,48,cosine_similarity,0.5635366439819336,1024,1024
t5-large,identity,transformer.encoder.block.8.layer.0.SelfAttention.q.weight,48,cosine_similarity,0.21927326917648315,1024,1024
t5-large,actmat,transformer.encoder.block.8.layer.0.SelfAttention.k.weight,49,cosine_similarity,0.4990744888782501,1024,1024
t5-large,identity,transformer.encoder.block.8.layer.0.SelfAttention.k.weight,49,cosine_similarity,0.21927326917648315,1024,1024
t5-large,actmat,transformer.encoder.block.8.layer.0.SelfAttention.v.weight,50,cosine_similarity,0.6157225370407104,1024,1024
t5-large,identity,transformer.encoder.block.8.layer.0.SelfAttention.v.weight,50,cosine_similarity,0.21927326917648315,1024,1024
t5-large,actmat,transformer.encoder.block.8.layer.0.SelfAttention.o.weight,51,cosine_similarity,0.6039432883262634,1024,1024
t5-large,identity,transformer.encoder.block.8.layer.0.SelfAttention.o.weight,51,cosine_similarity,0.1457853615283966,1024,1024
t5-large,actmat,transformer.encoder.block.8.layer.1.DenseReluDense.wi.weight,52,cosine_similarity,0.4179087281227112,1024,4096
t5-large,identity,transformer.encoder.block.8.layer.1.DenseReluDense.wi.weight,52,cosine_similarity,0.07315676659345627,1024,4096
t5-large,actmat,transformer.encoder.block.8.layer.1.DenseReluDense.wo.weight,53,cosine_similarity,0.05615277215838432,4096,1024
t5-large,identity,transformer.encoder.block.8.layer.1.DenseReluDense.wo.weight,53,cosine_similarity,0.05174863710999489,4096,1024
t5-large,actmat,transformer.encoder.block.9.layer.0.SelfAttention.q.weight,54,cosine_similarity,0.5316789150238037,1024,1024
t5-large,identity,transformer.encoder.block.9.layer.0.SelfAttention.q.weight,54,cosine_similarity,0.2239919900894165,1024,1024
t5-large,actmat,transformer.encoder.block.9.layer.0.SelfAttention.k.weight,55,cosine_similarity,0.5163647532463074,1024,1024
t5-large,identity,transformer.encoder.block.9.layer.0.SelfAttention.k.weight,55,cosine_similarity,0.2239919900894165,1024,1024
t5-large,actmat,transformer.encoder.block.9.layer.0.SelfAttention.v.weight,56,cosine_similarity,0.6219146251678467,1024,1024
t5-large,identity,transformer.encoder.block.9.layer.0.SelfAttention.v.weight,56,cosine_similarity,0.2239919900894165,1024,1024
t5-large,actmat,transformer.encoder.block.9.layer.0.SelfAttention.o.weight,57,cosine_similarity,0.5818068981170654,1024,1024
t5-large,identity,transformer.encoder.block.9.layer.0.SelfAttention.o.weight,57,cosine_similarity,0.1321607530117035,1024,1024
t5-large,actmat,transformer.encoder.block.9.layer.1.DenseReluDense.wi.weight,58,cosine_similarity,0.4294997751712799,1024,4096
t5-large,identity,transformer.encoder.block.9.layer.1.DenseReluDense.wi.weight,58,cosine_similarity,0.07469842582941055,1024,4096
t5-large,actmat,transformer.encoder.block.9.layer.1.DenseReluDense.wo.weight,59,cosine_similarity,0.05580607429146767,4096,1024
t5-large,identity,transformer.encoder.block.9.layer.1.DenseReluDense.wo.weight,59,cosine_similarity,0.04882245883345604,4096,1024
t5-large,actmat,transformer.encoder.block.10.layer.0.SelfAttention.q.weight,60,cosine_similarity,0.5258306860923767,1024,1024
t5-large,identity,transformer.encoder.block.10.layer.0.SelfAttention.q.weight,60,cosine_similarity,0.2152288258075714,1024,1024
t5-large,actmat,transformer.encoder.block.10.layer.0.SelfAttention.k.weight,61,cosine_similarity,0.5191693305969238,1024,1024
t5-large,identity,transformer.encoder.block.10.layer.0.SelfAttention.k.weight,61,cosine_similarity,0.2152288258075714,1024,1024
t5-large,actmat,transformer.encoder.block.10.layer.0.SelfAttention.v.weight,62,cosine_similarity,0.6159822940826416,1024,1024
t5-large,identity,transformer.encoder.block.10.layer.0.SelfAttention.v.weight,62,cosine_similarity,0.2152288258075714,1024,1024
t5-large,actmat,transformer.encoder.block.10.layer.0.SelfAttention.o.weight,63,cosine_similarity,0.5570171475410461,1024,1024
t5-large,identity,transformer.encoder.block.10.layer.0.SelfAttention.o.weight,63,cosine_similarity,0.10815469175577164,1024,1024
t5-large,actmat,transformer.encoder.block.10.layer.1.DenseReluDense.wi.weight,64,cosine_similarity,0.4175020754337311,1024,4096
t5-large,identity,transformer.encoder.block.10.layer.1.DenseReluDense.wi.weight,64,cosine_similarity,0.07330918312072754,1024,4096
t5-large,actmat,transformer.encoder.block.10.layer.1.DenseReluDense.wo.weight,65,cosine_similarity,0.07017415016889572,4096,1024
t5-large,identity,transformer.encoder.block.10.layer.1.DenseReluDense.wo.weight,65,cosine_similarity,0.05795023962855339,4096,1024
t5-large,actmat,transformer.encoder.block.11.layer.0.SelfAttention.q.weight,66,cosine_similarity,0.5375176072120667,1024,1024
t5-large,identity,transformer.encoder.block.11.layer.0.SelfAttention.q.weight,66,cosine_similarity,0.20513634383678436,1024,1024
t5-large,actmat,transformer.encoder.block.11.layer.0.SelfAttention.k.weight,67,cosine_similarity,0.5455555319786072,1024,1024
t5-large,identity,transformer.encoder.block.11.layer.0.SelfAttention.k.weight,67,cosine_similarity,0.20513634383678436,1024,1024
t5-large,actmat,transformer.encoder.block.11.layer.0.SelfAttention.v.weight,68,cosine_similarity,0.6331813335418701,1024,1024
t5-large,identity,transformer.encoder.block.11.layer.0.SelfAttention.v.weight,68,cosine_similarity,0.20513634383678436,1024,1024
t5-large,actmat,transformer.encoder.block.11.layer.0.SelfAttention.o.weight,69,cosine_similarity,0.5307852625846863,1024,1024
t5-large,identity,transformer.encoder.block.11.layer.0.SelfAttention.o.weight,69,cosine_similarity,0.11244112253189087,1024,1024
t5-large,actmat,transformer.encoder.block.11.layer.1.DenseReluDense.wi.weight,70,cosine_similarity,0.45633068680763245,1024,4096
t5-large,identity,transformer.encoder.block.11.layer.1.DenseReluDense.wi.weight,70,cosine_similarity,0.0775887668132782,1024,4096
t5-large,actmat,transformer.encoder.block.11.layer.1.DenseReluDense.wo.weight,71,cosine_similarity,0.0745219960808754,4096,1024
t5-large,identity,transformer.encoder.block.11.layer.1.DenseReluDense.wo.weight,71,cosine_similarity,0.05613024905323982,4096,1024
t5-large,actmat,transformer.encoder.block.12.layer.0.SelfAttention.q.weight,72,cosine_similarity,0.5498881340026855,1024,1024
t5-large,identity,transformer.encoder.block.12.layer.0.SelfAttention.q.weight,72,cosine_similarity,0.19976694881916046,1024,1024
t5-large,actmat,transformer.encoder.block.12.layer.0.SelfAttention.k.weight,73,cosine_similarity,0.5479979515075684,1024,1024
t5-large,identity,transformer.encoder.block.12.layer.0.SelfAttention.k.weight,73,cosine_similarity,0.19976694881916046,1024,1024
t5-large,actmat,transformer.encoder.block.12.layer.0.SelfAttention.v.weight,74,cosine_similarity,0.6369523406028748,1024,1024
t5-large,identity,transformer.encoder.block.12.layer.0.SelfAttention.v.weight,74,cosine_similarity,0.19976694881916046,1024,1024
t5-large,actmat,transformer.encoder.block.12.layer.0.SelfAttention.o.weight,75,cosine_similarity,0.5134377479553223,1024,1024
t5-large,identity,transformer.encoder.block.12.layer.0.SelfAttention.o.weight,75,cosine_similarity,0.11524195224046707,1024,1024
t5-large,actmat,transformer.encoder.block.12.layer.1.DenseReluDense.wi.weight,76,cosine_similarity,0.4894776940345764,1024,4096
t5-large,identity,transformer.encoder.block.12.layer.1.DenseReluDense.wi.weight,76,cosine_similarity,0.08141937106847763,1024,4096
t5-large,actmat,transformer.encoder.block.12.layer.1.DenseReluDense.wo.weight,77,cosine_similarity,0.0902617871761322,4096,1024
t5-large,identity,transformer.encoder.block.12.layer.1.DenseReluDense.wo.weight,77,cosine_similarity,0.05493688955903053,4096,1024
t5-large,actmat,transformer.encoder.block.13.layer.0.SelfAttention.q.weight,78,cosine_similarity,0.5218062400817871,1024,1024
t5-large,identity,transformer.encoder.block.13.layer.0.SelfAttention.q.weight,78,cosine_similarity,0.18845555186271667,1024,1024
t5-large,actmat,transformer.encoder.block.13.layer.0.SelfAttention.k.weight,79,cosine_similarity,0.540673553943634,1024,1024
t5-large,identity,transformer.encoder.block.13.layer.0.SelfAttention.k.weight,79,cosine_similarity,0.18845555186271667,1024,1024
t5-large,actmat,transformer.encoder.block.13.layer.0.SelfAttention.v.weight,80,cosine_similarity,0.6147111058235168,1024,1024
t5-large,identity,transformer.encoder.block.13.layer.0.SelfAttention.v.weight,80,cosine_similarity,0.18845555186271667,1024,1024
t5-large,actmat,transformer.encoder.block.13.layer.0.SelfAttention.o.weight,81,cosine_similarity,0.50825434923172,1024,1024
t5-large,identity,transformer.encoder.block.13.layer.0.SelfAttention.o.weight,81,cosine_similarity,0.1009894385933876,1024,1024
t5-large,actmat,transformer.encoder.block.13.layer.1.DenseReluDense.wi.weight,82,cosine_similarity,0.47575822472572327,1024,4096
t5-large,identity,transformer.encoder.block.13.layer.1.DenseReluDense.wi.weight,82,cosine_similarity,0.08013872802257538,1024,4096
t5-large,actmat,transformer.encoder.block.13.layer.1.DenseReluDense.wo.weight,83,cosine_similarity,0.12487543374300003,4096,1024
t5-large,identity,transformer.encoder.block.13.layer.1.DenseReluDense.wo.weight,83,cosine_similarity,0.04214448109269142,4096,1024
t5-large,actmat,transformer.encoder.block.14.layer.0.SelfAttention.q.weight,84,cosine_similarity,0.5110934376716614,1024,1024
t5-large,identity,transformer.encoder.block.14.layer.0.SelfAttention.q.weight,84,cosine_similarity,0.1767643541097641,1024,1024
t5-large,actmat,transformer.encoder.block.14.layer.0.SelfAttention.k.weight,85,cosine_similarity,0.4982258677482605,1024,1024
t5-large,identity,transformer.encoder.block.14.layer.0.SelfAttention.k.weight,85,cosine_similarity,0.1767643541097641,1024,1024
t5-large,actmat,transformer.encoder.block.14.layer.0.SelfAttention.v.weight,86,cosine_similarity,0.5791596174240112,1024,1024
t5-large,identity,transformer.encoder.block.14.layer.0.SelfAttention.v.weight,86,cosine_similarity,0.1767643541097641,1024,1024
t5-large,actmat,transformer.encoder.block.14.layer.0.SelfAttention.o.weight,87,cosine_similarity,0.4992838501930237,1024,1024
t5-large,identity,transformer.encoder.block.14.layer.0.SelfAttention.o.weight,87,cosine_similarity,0.10555500537157059,1024,1024
t5-large,actmat,transformer.encoder.block.14.layer.1.DenseReluDense.wi.weight,88,cosine_similarity,0.4680232107639313,1024,4096
t5-large,identity,transformer.encoder.block.14.layer.1.DenseReluDense.wi.weight,88,cosine_similarity,0.08129443973302841,1024,4096
t5-large,actmat,transformer.encoder.block.14.layer.1.DenseReluDense.wo.weight,89,cosine_similarity,0.19513553380966187,4096,1024
t5-large,identity,transformer.encoder.block.14.layer.1.DenseReluDense.wo.weight,89,cosine_similarity,0.026111016049981117,4096,1024
t5-large,actmat,transformer.encoder.block.15.layer.0.SelfAttention.q.weight,90,cosine_similarity,0.508385419845581,1024,1024
t5-large,identity,transformer.encoder.block.15.layer.0.SelfAttention.q.weight,90,cosine_similarity,0.17002269625663757,1024,1024
t5-large,actmat,transformer.encoder.block.15.layer.0.SelfAttention.k.weight,91,cosine_similarity,0.5106856226921082,1024,1024
t5-large,identity,transformer.encoder.block.15.layer.0.SelfAttention.k.weight,91,cosine_similarity,0.17002269625663757,1024,1024
t5-large,actmat,transformer.encoder.block.15.layer.0.SelfAttention.v.weight,92,cosine_similarity,0.5684469938278198,1024,1024
t5-large,identity,transformer.encoder.block.15.layer.0.SelfAttention.v.weight,92,cosine_similarity,0.17002269625663757,1024,1024
t5-large,actmat,transformer.encoder.block.15.layer.0.SelfAttention.o.weight,93,cosine_similarity,0.4442065954208374,1024,1024
t5-large,identity,transformer.encoder.block.15.layer.0.SelfAttention.o.weight,93,cosine_similarity,0.10114376991987228,1024,1024
t5-large,actmat,transformer.encoder.block.15.layer.1.DenseReluDense.wi.weight,94,cosine_similarity,0.48670437932014465,1024,4096
t5-large,identity,transformer.encoder.block.15.layer.1.DenseReluDense.wi.weight,94,cosine_similarity,0.08112060278654099,1024,4096
t5-large,actmat,transformer.encoder.block.15.layer.1.DenseReluDense.wo.weight,95,cosine_similarity,0.19977034628391266,4096,1024
t5-large,identity,transformer.encoder.block.15.layer.1.DenseReluDense.wo.weight,95,cosine_similarity,0.027874726802110672,4096,1024
t5-large,actmat,transformer.encoder.block.16.layer.0.SelfAttention.q.weight,96,cosine_similarity,0.5032676458358765,1024,1024
t5-large,identity,transformer.encoder.block.16.layer.0.SelfAttention.q.weight,96,cosine_similarity,0.15603137016296387,1024,1024
t5-large,actmat,transformer.encoder.block.16.layer.0.SelfAttention.k.weight,97,cosine_similarity,0.4788843095302582,1024,1024
t5-large,identity,transformer.encoder.block.16.layer.0.SelfAttention.k.weight,97,cosine_similarity,0.15603137016296387,1024,1024
t5-large,actmat,transformer.encoder.block.16.layer.0.SelfAttention.v.weight,98,cosine_similarity,0.5236980319023132,1024,1024
t5-large,identity,transformer.encoder.block.16.layer.0.SelfAttention.v.weight,98,cosine_similarity,0.15603137016296387,1024,1024
t5-large,actmat,transformer.encoder.block.16.layer.0.SelfAttention.o.weight,99,cosine_similarity,0.46169808506965637,1024,1024
t5-large,identity,transformer.encoder.block.16.layer.0.SelfAttention.o.weight,99,cosine_similarity,0.09834069758653641,1024,1024
t5-large,actmat,transformer.encoder.block.16.layer.1.DenseReluDense.wi.weight,100,cosine_similarity,0.4879988431930542,1024,4096
t5-large,identity,transformer.encoder.block.16.layer.1.DenseReluDense.wi.weight,100,cosine_similarity,0.07917174696922302,1024,4096
t5-large,actmat,transformer.encoder.block.16.layer.1.DenseReluDense.wo.weight,101,cosine_similarity,0.1780976504087448,4096,1024
t5-large,identity,transformer.encoder.block.16.layer.1.DenseReluDense.wo.weight,101,cosine_similarity,0.03051336109638214,4096,1024
t5-large,actmat,transformer.encoder.block.17.layer.0.SelfAttention.q.weight,102,cosine_similarity,0.48365843296051025,1024,1024
t5-large,identity,transformer.encoder.block.17.layer.0.SelfAttention.q.weight,102,cosine_similarity,0.1508520096540451,1024,1024
t5-large,actmat,transformer.encoder.block.17.layer.0.SelfAttention.k.weight,103,cosine_similarity,0.4668024778366089,1024,1024
t5-large,identity,transformer.encoder.block.17.layer.0.SelfAttention.k.weight,103,cosine_similarity,0.1508520096540451,1024,1024
t5-large,actmat,transformer.encoder.block.17.layer.0.SelfAttention.v.weight,104,cosine_similarity,0.5193570256233215,1024,1024
t5-large,identity,transformer.encoder.block.17.layer.0.SelfAttention.v.weight,104,cosine_similarity,0.1508520096540451,1024,1024
t5-large,actmat,transformer.encoder.block.17.layer.0.SelfAttention.o.weight,105,cosine_similarity,0.4191974401473999,1024,1024
t5-large,identity,transformer.encoder.block.17.layer.0.SelfAttention.o.weight,105,cosine_similarity,0.1019684299826622,1024,1024
t5-large,actmat,transformer.encoder.block.17.layer.1.DenseReluDense.wi.weight,106,cosine_similarity,0.4828341007232666,1024,4096
t5-large,identity,transformer.encoder.block.17.layer.1.DenseReluDense.wi.weight,106,cosine_similarity,0.08082177489995956,1024,4096
t5-large,actmat,transformer.encoder.block.17.layer.1.DenseReluDense.wo.weight,107,cosine_similarity,0.11667004972696304,4096,1024
t5-large,identity,transformer.encoder.block.17.layer.1.DenseReluDense.wo.weight,107,cosine_similarity,0.03124728426337242,4096,1024
t5-large,actmat,transformer.encoder.block.18.layer.0.SelfAttention.q.weight,108,cosine_similarity,0.5120874047279358,1024,1024
t5-large,identity,transformer.encoder.block.18.layer.0.SelfAttention.q.weight,108,cosine_similarity,0.14520227909088135,1024,1024
t5-large,actmat,transformer.encoder.block.18.layer.0.SelfAttention.k.weight,109,cosine_similarity,0.473213791847229,1024,1024
t5-large,identity,transformer.encoder.block.18.layer.0.SelfAttention.k.weight,109,cosine_similarity,0.14520227909088135,1024,1024
t5-large,actmat,transformer.encoder.block.18.layer.0.SelfAttention.v.weight,110,cosine_similarity,0.49780210852622986,1024,1024
t5-large,identity,transformer.encoder.block.18.layer.0.SelfAttention.v.weight,110,cosine_similarity,0.14520227909088135,1024,1024
t5-large,actmat,transformer.encoder.block.18.layer.0.SelfAttention.o.weight,111,cosine_similarity,0.3974238932132721,1024,1024
t5-large,identity,transformer.encoder.block.18.layer.0.SelfAttention.o.weight,111,cosine_similarity,0.09336977452039719,1024,1024
t5-large,actmat,transformer.encoder.block.18.layer.1.DenseReluDense.wi.weight,112,cosine_similarity,0.4737465977668762,1024,4096
t5-large,identity,transformer.encoder.block.18.layer.1.DenseReluDense.wi.weight,112,cosine_similarity,0.07945913076400757,1024,4096
t5-large,actmat,transformer.encoder.block.18.layer.1.DenseReluDense.wo.weight,113,cosine_similarity,0.12042602151632309,4096,1024
t5-large,identity,transformer.encoder.block.18.layer.1.DenseReluDense.wo.weight,113,cosine_similarity,0.04033815115690231,4096,1024
t5-large,actmat,transformer.encoder.block.19.layer.0.SelfAttention.q.weight,114,cosine_similarity,0.46935728192329407,1024,1024
t5-large,identity,transformer.encoder.block.19.layer.0.SelfAttention.q.weight,114,cosine_similarity,0.13724371790885925,1024,1024
t5-large,actmat,transformer.encoder.block.19.layer.0.SelfAttention.k.weight,115,cosine_similarity,0.442473828792572,1024,1024
t5-large,identity,transformer.encoder.block.19.layer.0.SelfAttention.k.weight,115,cosine_similarity,0.13724371790885925,1024,1024
t5-large,actmat,transformer.encoder.block.19.layer.0.SelfAttention.v.weight,116,cosine_similarity,0.4528781771659851,1024,1024
t5-large,identity,transformer.encoder.block.19.layer.0.SelfAttention.v.weight,116,cosine_similarity,0.13724371790885925,1024,1024
t5-large,actmat,transformer.encoder.block.19.layer.0.SelfAttention.o.weight,117,cosine_similarity,0.3879682123661041,1024,1024
t5-large,identity,transformer.encoder.block.19.layer.0.SelfAttention.o.weight,117,cosine_similarity,0.09576704353094101,1024,1024
t5-large,actmat,transformer.encoder.block.19.layer.1.DenseReluDense.wi.weight,118,cosine_similarity,0.4681784212589264,1024,4096
t5-large,identity,transformer.encoder.block.19.layer.1.DenseReluDense.wi.weight,118,cosine_similarity,0.08133941143751144,1024,4096
t5-large,actmat,transformer.encoder.block.19.layer.1.DenseReluDense.wo.weight,119,cosine_similarity,0.054643820971250534,4096,1024
t5-large,identity,transformer.encoder.block.19.layer.1.DenseReluDense.wo.weight,119,cosine_similarity,0.025034910067915916,4096,1024
t5-large,actmat,transformer.encoder.block.20.layer.0.SelfAttention.q.weight,120,cosine_similarity,0.4537423551082611,1024,1024
t5-large,identity,transformer.encoder.block.20.layer.0.SelfAttention.q.weight,120,cosine_similarity,0.1344154328107834,1024,1024
t5-large,actmat,transformer.encoder.block.20.layer.0.SelfAttention.k.weight,121,cosine_similarity,0.42939868569374084,1024,1024
t5-large,identity,transformer.encoder.block.20.layer.0.SelfAttention.k.weight,121,cosine_similarity,0.1344154328107834,1024,1024
t5-large,actmat,transformer.encoder.block.20.layer.0.SelfAttention.v.weight,122,cosine_similarity,0.43499237298965454,1024,1024
t5-large,identity,transformer.encoder.block.20.layer.0.SelfAttention.v.weight,122,cosine_similarity,0.1344154328107834,1024,1024
t5-large,actmat,transformer.encoder.block.20.layer.0.SelfAttention.o.weight,123,cosine_similarity,0.3949125409126282,1024,1024
t5-large,identity,transformer.encoder.block.20.layer.0.SelfAttention.o.weight,123,cosine_similarity,0.08771154284477234,1024,1024
t5-large,actmat,transformer.encoder.block.20.layer.1.DenseReluDense.wi.weight,124,cosine_similarity,0.44309619069099426,1024,4096
t5-large,identity,transformer.encoder.block.20.layer.1.DenseReluDense.wi.weight,124,cosine_similarity,0.08322140574455261,1024,4096
t5-large,actmat,transformer.encoder.block.20.layer.1.DenseReluDense.wo.weight,125,cosine_similarity,0.029116304591298103,4096,1024
t5-large,identity,transformer.encoder.block.20.layer.1.DenseReluDense.wo.weight,125,cosine_similarity,0.023015407845377922,4096,1024
t5-large,actmat,transformer.encoder.block.21.layer.0.SelfAttention.q.weight,126,cosine_similarity,0.4206213355064392,1024,1024
t5-large,identity,transformer.encoder.block.21.layer.0.SelfAttention.q.weight,126,cosine_similarity,0.1397470384836197,1024,1024
t5-large,actmat,transformer.encoder.block.21.layer.0.SelfAttention.k.weight,127,cosine_similarity,0.4325793385505676,1024,1024
t5-large,identity,transformer.encoder.block.21.layer.0.SelfAttention.k.weight,127,cosine_similarity,0.1397470384836197,1024,1024
t5-large,actmat,transformer.encoder.block.21.layer.0.SelfAttention.v.weight,128,cosine_similarity,0.4208887219429016,1024,1024
t5-large,identity,transformer.encoder.block.21.layer.0.SelfAttention.v.weight,128,cosine_similarity,0.1397470384836197,1024,1024
t5-large,actmat,transformer.encoder.block.21.layer.0.SelfAttention.o.weight,129,cosine_similarity,0.3242601454257965,1024,1024
t5-large,identity,transformer.encoder.block.21.layer.0.SelfAttention.o.weight,129,cosine_similarity,0.09632899612188339,1024,1024
t5-large,actmat,transformer.encoder.block.21.layer.1.DenseReluDense.wi.weight,130,cosine_similarity,0.40649810433387756,1024,4096
t5-large,identity,transformer.encoder.block.21.layer.1.DenseReluDense.wi.weight,130,cosine_similarity,0.08041346073150635,1024,4096
t5-large,actmat,transformer.encoder.block.21.layer.1.DenseReluDense.wo.weight,131,cosine_similarity,0.015464337542653084,4096,1024
t5-large,identity,transformer.encoder.block.21.layer.1.DenseReluDense.wo.weight,131,cosine_similarity,0.02299225889146328,4096,1024
t5-large,actmat,transformer.encoder.block.22.layer.0.SelfAttention.q.weight,132,cosine_similarity,0.39516565203666687,1024,1024
t5-large,identity,transformer.encoder.block.22.layer.0.SelfAttention.q.weight,132,cosine_similarity,0.14472666382789612,1024,1024
t5-large,actmat,transformer.encoder.block.22.layer.0.SelfAttention.k.weight,133,cosine_similarity,0.4152878522872925,1024,1024
t5-large,identity,transformer.encoder.block.22.layer.0.SelfAttention.k.weight,133,cosine_similarity,0.14472666382789612,1024,1024
t5-large,actmat,transformer.encoder.block.22.layer.0.SelfAttention.v.weight,134,cosine_similarity,0.392661988735199,1024,1024
t5-large,identity,transformer.encoder.block.22.layer.0.SelfAttention.v.weight,134,cosine_similarity,0.14472666382789612,1024,1024
t5-large,actmat,transformer.encoder.block.22.layer.0.SelfAttention.o.weight,135,cosine_similarity,0.32907694578170776,1024,1024
t5-large,identity,transformer.encoder.block.22.layer.0.SelfAttention.o.weight,135,cosine_similarity,0.09705264866352081,1024,1024
t5-large,actmat,transformer.encoder.block.22.layer.1.DenseReluDense.wi.weight,136,cosine_similarity,0.3522363007068634,1024,4096
t5-large,identity,transformer.encoder.block.22.layer.1.DenseReluDense.wi.weight,136,cosine_similarity,0.08192934840917587,1024,4096
t5-large,actmat,transformer.encoder.block.22.layer.1.DenseReluDense.wo.weight,137,cosine_similarity,0.016561176627874374,4096,1024
t5-large,identity,transformer.encoder.block.22.layer.1.DenseReluDense.wo.weight,137,cosine_similarity,0.02581171505153179,4096,1024
t5-large,actmat,transformer.encoder.block.23.layer.0.SelfAttention.q.weight,138,cosine_similarity,0.3178893029689789,1024,1024
t5-large,identity,transformer.encoder.block.23.layer.0.SelfAttention.q.weight,138,cosine_similarity,0.1440672129392624,1024,1024
t5-large,actmat,transformer.encoder.block.23.layer.0.SelfAttention.k.weight,139,cosine_similarity,0.3653215169906616,1024,1024
t5-large,identity,transformer.encoder.block.23.layer.0.SelfAttention.k.weight,139,cosine_similarity,0.1440672129392624,1024,1024
t5-large,actmat,transformer.encoder.block.23.layer.0.SelfAttention.v.weight,140,cosine_similarity,0.3576544523239136,1024,1024
t5-large,identity,transformer.encoder.block.23.layer.0.SelfAttention.v.weight,140,cosine_similarity,0.1440672129392624,1024,1024
t5-large,actmat,transformer.encoder.block.23.layer.0.SelfAttention.o.weight,141,cosine_similarity,0.2889932692050934,1024,1024
t5-large,identity,transformer.encoder.block.23.layer.0.SelfAttention.o.weight,141,cosine_similarity,0.08563246577978134,1024,1024
t5-large,actmat,transformer.encoder.block.23.layer.1.DenseReluDense.wi.weight,142,cosine_similarity,0.3016992211341858,1024,4096
t5-large,identity,transformer.encoder.block.23.layer.1.DenseReluDense.wi.weight,142,cosine_similarity,0.09106133878231049,1024,4096
t5-large,actmat,transformer.encoder.block.23.layer.1.DenseReluDense.wo.weight,143,cosine_similarity,0.042951807379722595,4096,1024
t5-large,identity,transformer.encoder.block.23.layer.1.DenseReluDense.wo.weight,143,cosine_similarity,0.03184821084141731,4096,1024
t5-large,actmat,transformer.decoder.block.0.layer.0.SelfAttention.q.weight,144,cosine_similarity,0.6711532473564148,1024,1024
t5-large,identity,transformer.decoder.block.0.layer.0.SelfAttention.q.weight,144,cosine_similarity,0.12176536023616791,1024,1024
t5-large,actmat,transformer.decoder.block.0.layer.0.SelfAttention.k.weight,145,cosine_similarity,0.6391858458518982,1024,1024
t5-large,identity,transformer.decoder.block.0.layer.0.SelfAttention.k.weight,145,cosine_similarity,0.12176536023616791,1024,1024
t5-large,actmat,transformer.decoder.block.0.layer.0.SelfAttention.v.weight,146,cosine_similarity,0.27215665578842163,1024,1024
t5-large,identity,transformer.decoder.block.0.layer.0.SelfAttention.v.weight,146,cosine_similarity,0.12176536023616791,1024,1024
t5-large,actmat,transformer.decoder.block.0.layer.0.SelfAttention.o.weight,147,cosine_similarity,0.3326484262943268,1024,1024
t5-large,identity,transformer.decoder.block.0.layer.0.SelfAttention.o.weight,147,cosine_similarity,0.10711623728275299,1024,1024
t5-large,actmat,transformer.decoder.block.0.layer.1.EncDecAttention.q.weight,148,cosine_similarity,0.327112078666687,1024,1024
t5-large,identity,transformer.decoder.block.0.layer.1.EncDecAttention.q.weight,148,cosine_similarity,0.0973038524389267,1024,1024
t5-large,actmat,transformer.decoder.block.0.layer.1.EncDecAttention.k.weight,149,cosine_similarity,0.3533763587474823,1024,1024
t5-large,identity,transformer.decoder.block.0.layer.1.EncDecAttention.k.weight,149,cosine_similarity,0.15614911913871765,1024,1024
t5-large,actmat,transformer.decoder.block.0.layer.1.EncDecAttention.v.weight,150,cosine_similarity,0.3597095310688019,1024,1024
t5-large,identity,transformer.decoder.block.0.layer.1.EncDecAttention.v.weight,150,cosine_similarity,0.15614911913871765,1024,1024
t5-large,actmat,transformer.decoder.block.0.layer.1.EncDecAttention.o.weight,151,cosine_similarity,0.3017996549606323,1024,1024
t5-large,identity,transformer.decoder.block.0.layer.1.EncDecAttention.o.weight,151,cosine_similarity,0.05597053840756416,1024,1024
t5-large,actmat,transformer.decoder.block.0.layer.2.DenseReluDense.wi.weight,152,cosine_similarity,0.42780646681785583,1024,4096
t5-large,identity,transformer.decoder.block.0.layer.2.DenseReluDense.wi.weight,152,cosine_similarity,0.08534126728773117,1024,4096
t5-large,actmat,transformer.decoder.block.0.layer.2.DenseReluDense.wo.weight,153,cosine_similarity,0.05958570912480354,4096,1024
t5-large,identity,transformer.decoder.block.0.layer.2.DenseReluDense.wo.weight,153,cosine_similarity,0.02616412565112114,4096,1024
t5-large,actmat,transformer.decoder.block.1.layer.0.SelfAttention.q.weight,154,cosine_similarity,0.534247636795044,1024,1024
t5-large,identity,transformer.decoder.block.1.layer.0.SelfAttention.q.weight,154,cosine_similarity,0.09330634027719498,1024,1024
t5-large,actmat,transformer.decoder.block.1.layer.0.SelfAttention.k.weight,155,cosine_similarity,0.5274810194969177,1024,1024
t5-large,identity,transformer.decoder.block.1.layer.0.SelfAttention.k.weight,155,cosine_similarity,0.09330634027719498,1024,1024
t5-large,actmat,transformer.decoder.block.1.layer.0.SelfAttention.v.weight,156,cosine_similarity,0.21347755193710327,1024,1024
t5-large,identity,transformer.decoder.block.1.layer.0.SelfAttention.v.weight,156,cosine_similarity,0.09330634027719498,1024,1024
t5-large,actmat,transformer.decoder.block.1.layer.0.SelfAttention.o.weight,157,cosine_similarity,0.37976592779159546,1024,1024
t5-large,identity,transformer.decoder.block.1.layer.0.SelfAttention.o.weight,157,cosine_similarity,0.06405666470527649,1024,1024
t5-large,actmat,transformer.decoder.block.1.layer.1.EncDecAttention.q.weight,158,cosine_similarity,0.3669045865535736,1024,1024
t5-large,identity,transformer.decoder.block.1.layer.1.EncDecAttention.q.weight,158,cosine_similarity,0.08649285137653351,1024,1024
t5-large,actmat,transformer.decoder.block.1.layer.1.EncDecAttention.k.weight,159,cosine_similarity,0.3555252254009247,1024,1024
t5-large,identity,transformer.decoder.block.1.layer.1.EncDecAttention.k.weight,159,cosine_similarity,0.15614911913871765,1024,1024
t5-large,actmat,transformer.decoder.block.1.layer.1.EncDecAttention.v.weight,160,cosine_similarity,0.36373159289360046,1024,1024
t5-large,identity,transformer.decoder.block.1.layer.1.EncDecAttention.v.weight,160,cosine_similarity,0.15614911913871765,1024,1024
t5-large,actmat,transformer.decoder.block.1.layer.1.EncDecAttention.o.weight,161,cosine_similarity,0.27786776423454285,1024,1024
t5-large,identity,transformer.decoder.block.1.layer.1.EncDecAttention.o.weight,161,cosine_similarity,0.05699179694056511,1024,1024
t5-large,actmat,transformer.decoder.block.1.layer.2.DenseReluDense.wi.weight,162,cosine_similarity,0.40917399525642395,1024,4096
t5-large,identity,transformer.decoder.block.1.layer.2.DenseReluDense.wi.weight,162,cosine_similarity,0.0633765310049057,1024,4096
t5-large,actmat,transformer.decoder.block.1.layer.2.DenseReluDense.wo.weight,163,cosine_similarity,0.061248451471328735,4096,1024
t5-large,identity,transformer.decoder.block.1.layer.2.DenseReluDense.wo.weight,163,cosine_similarity,0.03136485069990158,4096,1024
t5-large,actmat,transformer.decoder.block.2.layer.0.SelfAttention.q.weight,164,cosine_similarity,0.4216836094856262,1024,1024
t5-large,identity,transformer.decoder.block.2.layer.0.SelfAttention.q.weight,164,cosine_similarity,0.0774325504899025,1024,1024
t5-large,actmat,transformer.decoder.block.2.layer.0.SelfAttention.k.weight,165,cosine_similarity,0.40553900599479675,1024,1024
t5-large,identity,transformer.decoder.block.2.layer.0.SelfAttention.k.weight,165,cosine_similarity,0.0774325504899025,1024,1024
t5-large,actmat,transformer.decoder.block.2.layer.0.SelfAttention.v.weight,166,cosine_similarity,0.21436184644699097,1024,1024
t5-large,identity,transformer.decoder.block.2.layer.0.SelfAttention.v.weight,166,cosine_similarity,0.0774325504899025,1024,1024
t5-large,actmat,transformer.decoder.block.2.layer.0.SelfAttention.o.weight,167,cosine_similarity,0.2751816511154175,1024,1024
t5-large,identity,transformer.decoder.block.2.layer.0.SelfAttention.o.weight,167,cosine_similarity,0.059885505586862564,1024,1024
t5-large,actmat,transformer.decoder.block.2.layer.1.EncDecAttention.q.weight,168,cosine_similarity,0.3154539465904236,1024,1024
t5-large,identity,transformer.decoder.block.2.layer.1.EncDecAttention.q.weight,168,cosine_similarity,0.07161352783441544,1024,1024
t5-large,actmat,transformer.decoder.block.2.layer.1.EncDecAttention.k.weight,169,cosine_similarity,0.3286839723587036,1024,1024
t5-large,identity,transformer.decoder.block.2.layer.1.EncDecAttention.k.weight,169,cosine_similarity,0.15614911913871765,1024,1024
t5-large,actmat,transformer.decoder.block.2.layer.1.EncDecAttention.v.weight,170,cosine_similarity,0.34636157751083374,1024,1024
t5-large,identity,transformer.decoder.block.2.layer.1.EncDecAttention.v.weight,170,cosine_similarity,0.15614911913871765,1024,1024
t5-large,actmat,transformer.decoder.block.2.layer.1.EncDecAttention.o.weight,171,cosine_similarity,0.2272561937570572,1024,1024
t5-large,identity,transformer.decoder.block.2.layer.1.EncDecAttention.o.weight,171,cosine_similarity,0.056573741137981415,1024,1024
t5-large,actmat,transformer.decoder.block.2.layer.2.DenseReluDense.wi.weight,172,cosine_similarity,0.3859993517398834,1024,4096
t5-large,identity,transformer.decoder.block.2.layer.2.DenseReluDense.wi.weight,172,cosine_similarity,0.05541669577360153,1024,4096
t5-large,actmat,transformer.decoder.block.2.layer.2.DenseReluDense.wo.weight,173,cosine_similarity,0.026078809052705765,4096,1024
t5-large,identity,transformer.decoder.block.2.layer.2.DenseReluDense.wo.weight,173,cosine_similarity,0.02340688556432724,4096,1024
t5-large,actmat,transformer.decoder.block.3.layer.0.SelfAttention.q.weight,174,cosine_similarity,0.3699949383735657,1024,1024
t5-large,identity,transformer.decoder.block.3.layer.0.SelfAttention.q.weight,174,cosine_similarity,0.0724177360534668,1024,1024
t5-large,actmat,transformer.decoder.block.3.layer.0.SelfAttention.k.weight,175,cosine_similarity,0.35418540239334106,1024,1024
t5-large,identity,transformer.decoder.block.3.layer.0.SelfAttention.k.weight,175,cosine_similarity,0.0724177360534668,1024,1024
t5-large,actmat,transformer.decoder.block.3.layer.0.SelfAttention.v.weight,176,cosine_similarity,0.21017876267433167,1024,1024
t5-large,identity,transformer.decoder.block.3.layer.0.SelfAttention.v.weight,176,cosine_similarity,0.0724177360534668,1024,1024
t5-large,actmat,transformer.decoder.block.3.layer.0.SelfAttention.o.weight,177,cosine_similarity,0.27118420600891113,1024,1024
t5-large,identity,transformer.decoder.block.3.layer.0.SelfAttention.o.weight,177,cosine_similarity,0.05705847218632698,1024,1024
t5-large,actmat,transformer.decoder.block.3.layer.1.EncDecAttention.q.weight,178,cosine_similarity,0.2729590833187103,1024,1024
t5-large,identity,transformer.decoder.block.3.layer.1.EncDecAttention.q.weight,178,cosine_similarity,0.06489823758602142,1024,1024
t5-large,actmat,transformer.decoder.block.3.layer.1.EncDecAttention.k.weight,179,cosine_similarity,0.3285329043865204,1024,1024
t5-large,identity,transformer.decoder.block.3.layer.1.EncDecAttention.k.weight,179,cosine_similarity,0.15614911913871765,1024,1024
t5-large,actmat,transformer.decoder.block.3.layer.1.EncDecAttention.v.weight,180,cosine_similarity,0.3111688792705536,1024,1024
t5-large,identity,transformer.decoder.block.3.layer.1.EncDecAttention.v.weight,180,cosine_similarity,0.15614911913871765,1024,1024
t5-large,actmat,transformer.decoder.block.3.layer.1.EncDecAttention.o.weight,181,cosine_similarity,0.1984138935804367,1024,1024
t5-large,identity,transformer.decoder.block.3.layer.1.EncDecAttention.o.weight,181,cosine_similarity,0.05868052691221237,1024,1024
t5-large,actmat,transformer.decoder.block.3.layer.2.DenseReluDense.wi.weight,182,cosine_similarity,0.36851003766059875,1024,4096
t5-large,identity,transformer.decoder.block.3.layer.2.DenseReluDense.wi.weight,182,cosine_similarity,0.05280626192688942,1024,4096
t5-large,actmat,transformer.decoder.block.3.layer.2.DenseReluDense.wo.weight,183,cosine_similarity,0.03620153293013573,4096,1024
t5-large,identity,transformer.decoder.block.3.layer.2.DenseReluDense.wo.weight,183,cosine_similarity,0.02218765765428543,4096,1024
t5-large,actmat,transformer.decoder.block.4.layer.0.SelfAttention.q.weight,184,cosine_similarity,0.40801116824150085,1024,1024
t5-large,identity,transformer.decoder.block.4.layer.0.SelfAttention.q.weight,184,cosine_similarity,0.06169690191745758,1024,1024
t5-large,actmat,transformer.decoder.block.4.layer.0.SelfAttention.k.weight,185,cosine_similarity,0.37008097767829895,1024,1024
t5-large,identity,transformer.decoder.block.4.layer.0.SelfAttention.k.weight,185,cosine_similarity,0.06169690191745758,1024,1024
t5-large,actmat,transformer.decoder.block.4.layer.0.SelfAttention.v.weight,186,cosine_similarity,0.1677207052707672,1024,1024
t5-large,identity,transformer.decoder.block.4.layer.0.SelfAttention.v.weight,186,cosine_similarity,0.06169690191745758,1024,1024
t5-large,actmat,transformer.decoder.block.4.layer.0.SelfAttention.o.weight,187,cosine_similarity,0.2709025740623474,1024,1024
t5-large,identity,transformer.decoder.block.4.layer.0.SelfAttention.o.weight,187,cosine_similarity,0.058611515909433365,1024,1024
t5-large,actmat,transformer.decoder.block.4.layer.1.EncDecAttention.q.weight,188,cosine_similarity,0.28153494000434875,1024,1024
t5-large,identity,transformer.decoder.block.4.layer.1.EncDecAttention.q.weight,188,cosine_similarity,0.06442464888095856,1024,1024
t5-large,actmat,transformer.decoder.block.4.layer.1.EncDecAttention.k.weight,189,cosine_similarity,0.3425329923629761,1024,1024
t5-large,identity,transformer.decoder.block.4.layer.1.EncDecAttention.k.weight,189,cosine_similarity,0.15614911913871765,1024,1024
t5-large,actmat,transformer.decoder.block.4.layer.1.EncDecAttention.v.weight,190,cosine_similarity,0.28900453448295593,1024,1024
t5-large,identity,transformer.decoder.block.4.layer.1.EncDecAttention.v.weight,190,cosine_similarity,0.15614911913871765,1024,1024
t5-large,actmat,transformer.decoder.block.4.layer.1.EncDecAttention.o.weight,191,cosine_similarity,0.1665465086698532,1024,1024
t5-large,identity,transformer.decoder.block.4.layer.1.EncDecAttention.o.weight,191,cosine_similarity,0.05939166620373726,1024,1024
t5-large,actmat,transformer.decoder.block.4.layer.2.DenseReluDense.wi.weight,192,cosine_similarity,0.3543916642665863,1024,4096
t5-large,identity,transformer.decoder.block.4.layer.2.DenseReluDense.wi.weight,192,cosine_similarity,0.05242648348212242,1024,4096
t5-large,actmat,transformer.decoder.block.4.layer.2.DenseReluDense.wo.weight,193,cosine_similarity,0.023964393883943558,4096,1024
t5-large,identity,transformer.decoder.block.4.layer.2.DenseReluDense.wo.weight,193,cosine_similarity,0.022512162104249,4096,1024
t5-large,actmat,transformer.decoder.block.5.layer.0.SelfAttention.q.weight,194,cosine_similarity,0.393841952085495,1024,1024
t5-large,identity,transformer.decoder.block.5.layer.0.SelfAttention.q.weight,194,cosine_similarity,0.058494314551353455,1024,1024
t5-large,actmat,transformer.decoder.block.5.layer.0.SelfAttention.k.weight,195,cosine_similarity,0.3686891794204712,1024,1024
t5-large,identity,transformer.decoder.block.5.layer.0.SelfAttention.k.weight,195,cosine_similarity,0.058494314551353455,1024,1024
t5-large,actmat,transformer.decoder.block.5.layer.0.SelfAttention.v.weight,196,cosine_similarity,0.15405315160751343,1024,1024
t5-large,identity,transformer.decoder.block.5.layer.0.SelfAttention.v.weight,196,cosine_similarity,0.058494314551353455,1024,1024
t5-large,actmat,transformer.decoder.block.5.layer.0.SelfAttention.o.weight,197,cosine_similarity,0.2082386463880539,1024,1024
t5-large,identity,transformer.decoder.block.5.layer.0.SelfAttention.o.weight,197,cosine_similarity,0.0601305216550827,1024,1024
t5-large,actmat,transformer.decoder.block.5.layer.1.EncDecAttention.q.weight,198,cosine_similarity,0.2704448401927948,1024,1024
t5-large,identity,transformer.decoder.block.5.layer.1.EncDecAttention.q.weight,198,cosine_similarity,0.06183392181992531,1024,1024
t5-large,actmat,transformer.decoder.block.5.layer.1.EncDecAttention.k.weight,199,cosine_similarity,0.28440314531326294,1024,1024
t5-large,identity,transformer.decoder.block.5.layer.1.EncDecAttention.k.weight,199,cosine_similarity,0.15614911913871765,1024,1024
t5-large,actmat,transformer.decoder.block.5.layer.1.EncDecAttention.v.weight,200,cosine_similarity,0.3022359609603882,1024,1024
t5-large,identity,transformer.decoder.block.5.layer.1.EncDecAttention.v.weight,200,cosine_similarity,0.15614911913871765,1024,1024
t5-large,actmat,transformer.decoder.block.5.layer.1.EncDecAttention.o.weight,201,cosine_similarity,0.1849483847618103,1024,1024
t5-large,identity,transformer.decoder.block.5.layer.1.EncDecAttention.o.weight,201,cosine_similarity,0.059291910380125046,1024,1024
t5-large,actmat,transformer.decoder.block.5.layer.2.DenseReluDense.wi.weight,202,cosine_similarity,0.34951886534690857,1024,4096
t5-large,identity,transformer.decoder.block.5.layer.2.DenseReluDense.wi.weight,202,cosine_similarity,0.05083690956234932,1024,4096
t5-large,actmat,transformer.decoder.block.5.layer.2.DenseReluDense.wo.weight,203,cosine_similarity,0.03036673739552498,4096,1024
t5-large,identity,transformer.decoder.block.5.layer.2.DenseReluDense.wo.weight,203,cosine_similarity,0.027219198644161224,4096,1024
t5-large,actmat,transformer.decoder.block.6.layer.0.SelfAttention.q.weight,204,cosine_similarity,0.43450671434402466,1024,1024
t5-large,identity,transformer.decoder.block.6.layer.0.SelfAttention.q.weight,204,cosine_similarity,0.05543980002403259,1024,1024
t5-large,actmat,transformer.decoder.block.6.layer.0.SelfAttention.k.weight,205,cosine_similarity,0.40463006496429443,1024,1024
t5-large,identity,transformer.decoder.block.6.layer.0.SelfAttention.k.weight,205,cosine_similarity,0.05543980002403259,1024,1024
t5-large,actmat,transformer.decoder.block.6.layer.0.SelfAttention.v.weight,206,cosine_similarity,0.15133161842823029,1024,1024
t5-large,identity,transformer.decoder.block.6.layer.0.SelfAttention.v.weight,206,cosine_similarity,0.05543980002403259,1024,1024
t5-large,actmat,transformer.decoder.block.6.layer.0.SelfAttention.o.weight,207,cosine_similarity,0.17882661521434784,1024,1024
t5-large,identity,transformer.decoder.block.6.layer.0.SelfAttention.o.weight,207,cosine_similarity,0.057560812681913376,1024,1024
t5-large,actmat,transformer.decoder.block.6.layer.1.EncDecAttention.q.weight,208,cosine_similarity,0.2771734297275543,1024,1024
t5-large,identity,transformer.decoder.block.6.layer.1.EncDecAttention.q.weight,208,cosine_similarity,0.06096139922738075,1024,1024
t5-large,actmat,transformer.decoder.block.6.layer.1.EncDecAttention.k.weight,209,cosine_similarity,0.3043106198310852,1024,1024
t5-large,identity,transformer.decoder.block.6.layer.1.EncDecAttention.k.weight,209,cosine_similarity,0.15614911913871765,1024,1024
t5-large,actmat,transformer.decoder.block.6.layer.1.EncDecAttention.v.weight,210,cosine_similarity,0.27369916439056396,1024,1024
t5-large,identity,transformer.decoder.block.6.layer.1.EncDecAttention.v.weight,210,cosine_similarity,0.15614911913871765,1024,1024
t5-large,actmat,transformer.decoder.block.6.layer.1.EncDecAttention.o.weight,211,cosine_similarity,0.18167367577552795,1024,1024
t5-large,identity,transformer.decoder.block.6.layer.1.EncDecAttention.o.weight,211,cosine_similarity,0.06915175169706345,1024,1024
t5-large,actmat,transformer.decoder.block.6.layer.2.DenseReluDense.wi.weight,212,cosine_similarity,0.2955080270767212,1024,4096
t5-large,identity,transformer.decoder.block.6.layer.2.DenseReluDense.wi.weight,212,cosine_similarity,0.05131709203124046,1024,4096
t5-large,actmat,transformer.decoder.block.6.layer.2.DenseReluDense.wo.weight,213,cosine_similarity,0.03122052177786827,4096,1024
t5-large,identity,transformer.decoder.block.6.layer.2.DenseReluDense.wo.weight,213,cosine_similarity,0.02671075239777565,4096,1024
t5-large,actmat,transformer.decoder.block.7.layer.0.SelfAttention.q.weight,214,cosine_similarity,0.44470325112342834,1024,1024
t5-large,identity,transformer.decoder.block.7.layer.0.SelfAttention.q.weight,214,cosine_similarity,0.05876818299293518,1024,1024
t5-large,actmat,transformer.decoder.block.7.layer.0.SelfAttention.k.weight,215,cosine_similarity,0.39273446798324585,1024,1024
t5-large,identity,transformer.decoder.block.7.layer.0.SelfAttention.k.weight,215,cosine_similarity,0.05876818299293518,1024,1024
t5-large,actmat,transformer.decoder.block.7.layer.0.SelfAttention.v.weight,216,cosine_similarity,0.1281183958053589,1024,1024
t5-large,identity,transformer.decoder.block.7.layer.0.SelfAttention.v.weight,216,cosine_similarity,0.05876818299293518,1024,1024
t5-large,actmat,transformer.decoder.block.7.layer.0.SelfAttention.o.weight,217,cosine_similarity,0.23355920612812042,1024,1024
t5-large,identity,transformer.decoder.block.7.layer.0.SelfAttention.o.weight,217,cosine_similarity,0.057614851742982864,1024,1024
t5-large,actmat,transformer.decoder.block.7.layer.1.EncDecAttention.q.weight,218,cosine_similarity,0.28531211614608765,1024,1024
t5-large,identity,transformer.decoder.block.7.layer.1.EncDecAttention.q.weight,218,cosine_similarity,0.06161559000611305,1024,1024
t5-large,actmat,transformer.decoder.block.7.layer.1.EncDecAttention.k.weight,219,cosine_similarity,0.27693700790405273,1024,1024
t5-large,identity,transformer.decoder.block.7.layer.1.EncDecAttention.k.weight,219,cosine_similarity,0.15614911913871765,1024,1024
t5-large,actmat,transformer.decoder.block.7.layer.1.EncDecAttention.v.weight,220,cosine_similarity,0.26290664076805115,1024,1024
t5-large,identity,transformer.decoder.block.7.layer.1.EncDecAttention.v.weight,220,cosine_similarity,0.15614911913871765,1024,1024
t5-large,actmat,transformer.decoder.block.7.layer.1.EncDecAttention.o.weight,221,cosine_similarity,0.19610954821109772,1024,1024
t5-large,identity,transformer.decoder.block.7.layer.1.EncDecAttention.o.weight,221,cosine_similarity,0.06569407880306244,1024,1024
t5-large,actmat,transformer.decoder.block.7.layer.2.DenseReluDense.wi.weight,222,cosine_similarity,0.2627963721752167,1024,4096
t5-large,identity,transformer.decoder.block.7.layer.2.DenseReluDense.wi.weight,222,cosine_similarity,0.05194036662578583,1024,4096
t5-large,actmat,transformer.decoder.block.7.layer.2.DenseReluDense.wo.weight,223,cosine_similarity,0.025787044316530228,4096,1024
t5-large,identity,transformer.decoder.block.7.layer.2.DenseReluDense.wo.weight,223,cosine_similarity,0.029125243425369263,4096,1024
t5-large,actmat,transformer.decoder.block.8.layer.0.SelfAttention.q.weight,224,cosine_similarity,0.4135209619998932,1024,1024
t5-large,identity,transformer.decoder.block.8.layer.0.SelfAttention.q.weight,224,cosine_similarity,0.05521690845489502,1024,1024
t5-large,actmat,transformer.decoder.block.8.layer.0.SelfAttention.k.weight,225,cosine_similarity,0.3910234570503235,1024,1024
t5-large,identity,transformer.decoder.block.8.layer.0.SelfAttention.k.weight,225,cosine_similarity,0.05521690845489502,1024,1024
t5-large,actmat,transformer.decoder.block.8.layer.0.SelfAttention.v.weight,226,cosine_similarity,0.12104888260364532,1024,1024
t5-large,identity,transformer.decoder.block.8.layer.0.SelfAttention.v.weight,226,cosine_similarity,0.05521690845489502,1024,1024
t5-large,actmat,transformer.decoder.block.8.layer.0.SelfAttention.o.weight,227,cosine_similarity,0.23500144481658936,1024,1024
t5-large,identity,transformer.decoder.block.8.layer.0.SelfAttention.o.weight,227,cosine_similarity,0.05557004734873772,1024,1024
t5-large,actmat,transformer.decoder.block.8.layer.1.EncDecAttention.q.weight,228,cosine_similarity,0.27234670519828796,1024,1024
t5-large,identity,transformer.decoder.block.8.layer.1.EncDecAttention.q.weight,228,cosine_similarity,0.06041790544986725,1024,1024
t5-large,actmat,transformer.decoder.block.8.layer.1.EncDecAttention.k.weight,229,cosine_similarity,0.242902934551239,1024,1024
t5-large,identity,transformer.decoder.block.8.layer.1.EncDecAttention.k.weight,229,cosine_similarity,0.15614911913871765,1024,1024
t5-large,actmat,transformer.decoder.block.8.layer.1.EncDecAttention.v.weight,230,cosine_similarity,0.26000091433525085,1024,1024
t5-large,identity,transformer.decoder.block.8.layer.1.EncDecAttention.v.weight,230,cosine_similarity,0.15614911913871765,1024,1024
t5-large,actmat,transformer.decoder.block.8.layer.1.EncDecAttention.o.weight,231,cosine_similarity,0.19247332215309143,1024,1024
t5-large,identity,transformer.decoder.block.8.layer.1.EncDecAttention.o.weight,231,cosine_similarity,0.06809469312429428,1024,1024
t5-large,actmat,transformer.decoder.block.8.layer.2.DenseReluDense.wi.weight,232,cosine_similarity,0.29912295937538147,1024,4096
t5-large,identity,transformer.decoder.block.8.layer.2.DenseReluDense.wi.weight,232,cosine_similarity,0.05053847283124924,1024,4096
t5-large,actmat,transformer.decoder.block.8.layer.2.DenseReluDense.wo.weight,233,cosine_similarity,0.03127576410770416,4096,1024
t5-large,identity,transformer.decoder.block.8.layer.2.DenseReluDense.wo.weight,233,cosine_similarity,0.03768530488014221,4096,1024
t5-large,actmat,transformer.decoder.block.9.layer.0.SelfAttention.q.weight,234,cosine_similarity,0.45427998900413513,1024,1024
t5-large,identity,transformer.decoder.block.9.layer.0.SelfAttention.q.weight,234,cosine_similarity,0.054332565516233444,1024,1024
t5-large,actmat,transformer.decoder.block.9.layer.0.SelfAttention.k.weight,235,cosine_similarity,0.3933551013469696,1024,1024
t5-large,identity,transformer.decoder.block.9.layer.0.SelfAttention.k.weight,235,cosine_similarity,0.054332565516233444,1024,1024
t5-large,actmat,transformer.decoder.block.9.layer.0.SelfAttention.v.weight,236,cosine_similarity,0.14158447086811066,1024,1024
t5-large,identity,transformer.decoder.block.9.layer.0.SelfAttention.v.weight,236,cosine_similarity,0.054332565516233444,1024,1024
t5-large,actmat,transformer.decoder.block.9.layer.0.SelfAttention.o.weight,237,cosine_similarity,0.2144162803888321,1024,1024
t5-large,identity,transformer.decoder.block.9.layer.0.SelfAttention.o.weight,237,cosine_similarity,0.05779323726892471,1024,1024
t5-large,actmat,transformer.decoder.block.9.layer.1.EncDecAttention.q.weight,238,cosine_similarity,0.2632383108139038,1024,1024
t5-large,identity,transformer.decoder.block.9.layer.1.EncDecAttention.q.weight,238,cosine_similarity,0.059474244713783264,1024,1024
t5-large,actmat,transformer.decoder.block.9.layer.1.EncDecAttention.k.weight,239,cosine_similarity,0.3020551800727844,1024,1024
t5-large,identity,transformer.decoder.block.9.layer.1.EncDecAttention.k.weight,239,cosine_similarity,0.15614911913871765,1024,1024
t5-large,actmat,transformer.decoder.block.9.layer.1.EncDecAttention.v.weight,240,cosine_similarity,0.28292837738990784,1024,1024
t5-large,identity,transformer.decoder.block.9.layer.1.EncDecAttention.v.weight,240,cosine_similarity,0.15614911913871765,1024,1024
t5-large,actmat,transformer.decoder.block.9.layer.1.EncDecAttention.o.weight,241,cosine_similarity,0.2128041833639145,1024,1024
t5-large,identity,transformer.decoder.block.9.layer.1.EncDecAttention.o.weight,241,cosine_similarity,0.06373874098062515,1024,1024
t5-large,actmat,transformer.decoder.block.9.layer.2.DenseReluDense.wi.weight,242,cosine_similarity,0.2942972183227539,1024,4096
t5-large,identity,transformer.decoder.block.9.layer.2.DenseReluDense.wi.weight,242,cosine_similarity,0.05070841684937477,1024,4096
t5-large,actmat,transformer.decoder.block.9.layer.2.DenseReluDense.wo.weight,243,cosine_similarity,0.05748318135738373,4096,1024
t5-large,identity,transformer.decoder.block.9.layer.2.DenseReluDense.wo.weight,243,cosine_similarity,0.03449856862425804,4096,1024
t5-large,actmat,transformer.decoder.block.10.layer.0.SelfAttention.q.weight,244,cosine_similarity,0.38346827030181885,1024,1024
t5-large,identity,transformer.decoder.block.10.layer.0.SelfAttention.q.weight,244,cosine_similarity,0.054448701441287994,1024,1024
t5-large,actmat,transformer.decoder.block.10.layer.0.SelfAttention.k.weight,245,cosine_similarity,0.37628570199012756,1024,1024
t5-large,identity,transformer.decoder.block.10.layer.0.SelfAttention.k.weight,245,cosine_similarity,0.054448701441287994,1024,1024
t5-large,actmat,transformer.decoder.block.10.layer.0.SelfAttention.v.weight,246,cosine_similarity,0.12965667247772217,1024,1024
t5-large,identity,transformer.decoder.block.10.layer.0.SelfAttention.v.weight,246,cosine_similarity,0.054448701441287994,1024,1024
t5-large,actmat,transformer.decoder.block.10.layer.0.SelfAttention.o.weight,247,cosine_similarity,0.2243894636631012,1024,1024
t5-large,identity,transformer.decoder.block.10.layer.0.SelfAttention.o.weight,247,cosine_similarity,0.05558576434850693,1024,1024
t5-large,actmat,transformer.decoder.block.10.layer.1.EncDecAttention.q.weight,248,cosine_similarity,0.2879001796245575,1024,1024
t5-large,identity,transformer.decoder.block.10.layer.1.EncDecAttention.q.weight,248,cosine_similarity,0.058261532336473465,1024,1024
t5-large,actmat,transformer.decoder.block.10.layer.1.EncDecAttention.k.weight,249,cosine_similarity,0.2664605379104614,1024,1024
t5-large,identity,transformer.decoder.block.10.layer.1.EncDecAttention.k.weight,249,cosine_similarity,0.15614911913871765,1024,1024
t5-large,actmat,transformer.decoder.block.10.layer.1.EncDecAttention.v.weight,250,cosine_similarity,0.2704116404056549,1024,1024
t5-large,identity,transformer.decoder.block.10.layer.1.EncDecAttention.v.weight,250,cosine_similarity,0.15614911913871765,1024,1024
t5-large,actmat,transformer.decoder.block.10.layer.1.EncDecAttention.o.weight,251,cosine_similarity,0.23229606449604034,1024,1024
t5-large,identity,transformer.decoder.block.10.layer.1.EncDecAttention.o.weight,251,cosine_similarity,0.07253306359052658,1024,1024
t5-large,actmat,transformer.decoder.block.10.layer.2.DenseReluDense.wi.weight,252,cosine_similarity,0.335371196269989,1024,4096
t5-large,identity,transformer.decoder.block.10.layer.2.DenseReluDense.wi.weight,252,cosine_similarity,0.05066819116473198,1024,4096
t5-large,actmat,transformer.decoder.block.10.layer.2.DenseReluDense.wo.weight,253,cosine_similarity,0.053855616599321365,4096,1024
t5-large,identity,transformer.decoder.block.10.layer.2.DenseReluDense.wo.weight,253,cosine_similarity,0.03144556283950806,4096,1024
t5-large,actmat,transformer.decoder.block.11.layer.0.SelfAttention.q.weight,254,cosine_similarity,0.3984903395175934,1024,1024
t5-large,identity,transformer.decoder.block.11.layer.0.SelfAttention.q.weight,254,cosine_similarity,0.053568605333566666,1024,1024
t5-large,actmat,transformer.decoder.block.11.layer.0.SelfAttention.k.weight,255,cosine_similarity,0.370207279920578,1024,1024
t5-large,identity,transformer.decoder.block.11.layer.0.SelfAttention.k.weight,255,cosine_similarity,0.053568605333566666,1024,1024
t5-large,actmat,transformer.decoder.block.11.layer.0.SelfAttention.v.weight,256,cosine_similarity,0.11764824390411377,1024,1024
t5-large,identity,transformer.decoder.block.11.layer.0.SelfAttention.v.weight,256,cosine_similarity,0.053568605333566666,1024,1024
t5-large,actmat,transformer.decoder.block.11.layer.0.SelfAttention.o.weight,257,cosine_similarity,0.17336712777614594,1024,1024
t5-large,identity,transformer.decoder.block.11.layer.0.SelfAttention.o.weight,257,cosine_similarity,0.05425000563263893,1024,1024
t5-large,actmat,transformer.decoder.block.11.layer.1.EncDecAttention.q.weight,258,cosine_similarity,0.27479952573776245,1024,1024
t5-large,identity,transformer.decoder.block.11.layer.1.EncDecAttention.q.weight,258,cosine_similarity,0.05716197192668915,1024,1024
t5-large,actmat,transformer.decoder.block.11.layer.1.EncDecAttention.k.weight,259,cosine_similarity,0.27001866698265076,1024,1024
t5-large,identity,transformer.decoder.block.11.layer.1.EncDecAttention.k.weight,259,cosine_similarity,0.15614911913871765,1024,1024
t5-large,actmat,transformer.decoder.block.11.layer.1.EncDecAttention.v.weight,260,cosine_similarity,0.3058958649635315,1024,1024
t5-large,identity,transformer.decoder.block.11.layer.1.EncDecAttention.v.weight,260,cosine_similarity,0.15614911913871765,1024,1024
t5-large,actmat,transformer.decoder.block.11.layer.1.EncDecAttention.o.weight,261,cosine_similarity,0.22339454293251038,1024,1024
t5-large,identity,transformer.decoder.block.11.layer.1.EncDecAttention.o.weight,261,cosine_similarity,0.06822338700294495,1024,1024
t5-large,actmat,transformer.decoder.block.11.layer.2.DenseReluDense.wi.weight,262,cosine_similarity,0.24635948240756989,1024,4096
t5-large,identity,transformer.decoder.block.11.layer.2.DenseReluDense.wi.weight,262,cosine_similarity,0.050560977309942245,1024,4096
t5-large,actmat,transformer.decoder.block.11.layer.2.DenseReluDense.wo.weight,263,cosine_similarity,0.0706709548830986,4096,1024
t5-large,identity,transformer.decoder.block.11.layer.2.DenseReluDense.wo.weight,263,cosine_similarity,0.028897861018776894,4096,1024
t5-large,actmat,transformer.decoder.block.12.layer.0.SelfAttention.q.weight,264,cosine_similarity,0.43055757880210876,1024,1024
t5-large,identity,transformer.decoder.block.12.layer.0.SelfAttention.q.weight,264,cosine_similarity,0.052663881331682205,1024,1024
t5-large,actmat,transformer.decoder.block.12.layer.0.SelfAttention.k.weight,265,cosine_similarity,0.40719789266586304,1024,1024
t5-large,identity,transformer.decoder.block.12.layer.0.SelfAttention.k.weight,265,cosine_similarity,0.052663881331682205,1024,1024
t5-large,actmat,transformer.decoder.block.12.layer.0.SelfAttention.v.weight,266,cosine_similarity,0.11919600516557693,1024,1024
t5-large,identity,transformer.decoder.block.12.layer.0.SelfAttention.v.weight,266,cosine_similarity,0.052663881331682205,1024,1024
t5-large,actmat,transformer.decoder.block.12.layer.0.SelfAttention.o.weight,267,cosine_similarity,0.20886872708797455,1024,1024
t5-large,identity,transformer.decoder.block.12.layer.0.SelfAttention.o.weight,267,cosine_similarity,0.05260211601853371,1024,1024
t5-large,actmat,transformer.decoder.block.12.layer.1.EncDecAttention.q.weight,268,cosine_similarity,0.2559742331504822,1024,1024
t5-large,identity,transformer.decoder.block.12.layer.1.EncDecAttention.q.weight,268,cosine_similarity,0.05567876249551773,1024,1024
t5-large,actmat,transformer.decoder.block.12.layer.1.EncDecAttention.k.weight,269,cosine_similarity,0.2668203115463257,1024,1024
t5-large,identity,transformer.decoder.block.12.layer.1.EncDecAttention.k.weight,269,cosine_similarity,0.15614911913871765,1024,1024
t5-large,actmat,transformer.decoder.block.12.layer.1.EncDecAttention.v.weight,270,cosine_similarity,0.28081420063972473,1024,1024
t5-large,identity,transformer.decoder.block.12.layer.1.EncDecAttention.v.weight,270,cosine_similarity,0.15614911913871765,1024,1024
t5-large,actmat,transformer.decoder.block.12.layer.1.EncDecAttention.o.weight,271,cosine_similarity,0.22182948887348175,1024,1024
t5-large,identity,transformer.decoder.block.12.layer.1.EncDecAttention.o.weight,271,cosine_similarity,0.06956513226032257,1024,1024
t5-large,actmat,transformer.decoder.block.12.layer.2.DenseReluDense.wi.weight,272,cosine_similarity,0.24719686806201935,1024,4096
t5-large,identity,transformer.decoder.block.12.layer.2.DenseReluDense.wi.weight,272,cosine_similarity,0.049173928797245026,1024,4096
t5-large,actmat,transformer.decoder.block.12.layer.2.DenseReluDense.wo.weight,273,cosine_similarity,0.07364598661661148,4096,1024
t5-large,identity,transformer.decoder.block.12.layer.2.DenseReluDense.wo.weight,273,cosine_similarity,0.03278573602437973,4096,1024
t5-large,actmat,transformer.decoder.block.13.layer.0.SelfAttention.q.weight,274,cosine_similarity,0.3669742941856384,1024,1024
t5-large,identity,transformer.decoder.block.13.layer.0.SelfAttention.q.weight,274,cosine_similarity,0.051058463752269745,1024,1024
t5-large,actmat,transformer.decoder.block.13.layer.0.SelfAttention.k.weight,275,cosine_similarity,0.3661627173423767,1024,1024
t5-large,identity,transformer.decoder.block.13.layer.0.SelfAttention.k.weight,275,cosine_similarity,0.051058463752269745,1024,1024
t5-large,actmat,transformer.decoder.block.13.layer.0.SelfAttention.v.weight,276,cosine_similarity,0.11574095487594604,1024,1024
t5-large,identity,transformer.decoder.block.13.layer.0.SelfAttention.v.weight,276,cosine_similarity,0.051058463752269745,1024,1024
t5-large,actmat,transformer.decoder.block.13.layer.0.SelfAttention.o.weight,277,cosine_similarity,0.2075485736131668,1024,1024
t5-large,identity,transformer.decoder.block.13.layer.0.SelfAttention.o.weight,277,cosine_similarity,0.052016858011484146,1024,1024
t5-large,actmat,transformer.decoder.block.13.layer.1.EncDecAttention.q.weight,278,cosine_similarity,0.26199012994766235,1024,1024
t5-large,identity,transformer.decoder.block.13.layer.1.EncDecAttention.q.weight,278,cosine_similarity,0.05411077290773392,1024,1024
t5-large,actmat,transformer.decoder.block.13.layer.1.EncDecAttention.k.weight,279,cosine_similarity,0.2959263026714325,1024,1024
t5-large,identity,transformer.decoder.block.13.layer.1.EncDecAttention.k.weight,279,cosine_similarity,0.15614911913871765,1024,1024
t5-large,actmat,transformer.decoder.block.13.layer.1.EncDecAttention.v.weight,280,cosine_similarity,0.27717453241348267,1024,1024
t5-large,identity,transformer.decoder.block.13.layer.1.EncDecAttention.v.weight,280,cosine_similarity,0.15614911913871765,1024,1024
t5-large,actmat,transformer.decoder.block.13.layer.1.EncDecAttention.o.weight,281,cosine_similarity,0.20147040486335754,1024,1024
t5-large,identity,transformer.decoder.block.13.layer.1.EncDecAttention.o.weight,281,cosine_similarity,0.07093144953250885,1024,1024
t5-large,actmat,transformer.decoder.block.13.layer.2.DenseReluDense.wi.weight,282,cosine_similarity,0.2529336214065552,1024,4096
t5-large,identity,transformer.decoder.block.13.layer.2.DenseReluDense.wi.weight,282,cosine_similarity,0.04900604113936424,1024,4096
t5-large,actmat,transformer.decoder.block.13.layer.2.DenseReluDense.wo.weight,283,cosine_similarity,0.06893537938594818,4096,1024
t5-large,identity,transformer.decoder.block.13.layer.2.DenseReluDense.wo.weight,283,cosine_similarity,0.03142520785331726,4096,1024
t5-large,actmat,transformer.decoder.block.14.layer.0.SelfAttention.q.weight,284,cosine_similarity,0.3693888485431671,1024,1024
t5-large,identity,transformer.decoder.block.14.layer.0.SelfAttention.q.weight,284,cosine_similarity,0.05029278248548508,1024,1024
t5-large,actmat,transformer.decoder.block.14.layer.0.SelfAttention.k.weight,285,cosine_similarity,0.33093276619911194,1024,1024
t5-large,identity,transformer.decoder.block.14.layer.0.SelfAttention.k.weight,285,cosine_similarity,0.05029278248548508,1024,1024
t5-large,actmat,transformer.decoder.block.14.layer.0.SelfAttention.v.weight,286,cosine_similarity,0.13545484840869904,1024,1024
t5-large,identity,transformer.decoder.block.14.layer.0.SelfAttention.v.weight,286,cosine_similarity,0.05029278248548508,1024,1024
t5-large,actmat,transformer.decoder.block.14.layer.0.SelfAttention.o.weight,287,cosine_similarity,0.23116591572761536,1024,1024
t5-large,identity,transformer.decoder.block.14.layer.0.SelfAttention.o.weight,287,cosine_similarity,0.05209602043032646,1024,1024
t5-large,actmat,transformer.decoder.block.14.layer.1.EncDecAttention.q.weight,288,cosine_similarity,0.2903183102607727,1024,1024
t5-large,identity,transformer.decoder.block.14.layer.1.EncDecAttention.q.weight,288,cosine_similarity,0.05344373360276222,1024,1024
t5-large,actmat,transformer.decoder.block.14.layer.1.EncDecAttention.k.weight,289,cosine_similarity,0.27148541808128357,1024,1024
t5-large,identity,transformer.decoder.block.14.layer.1.EncDecAttention.k.weight,289,cosine_similarity,0.15614911913871765,1024,1024
t5-large,actmat,transformer.decoder.block.14.layer.1.EncDecAttention.v.weight,290,cosine_similarity,0.2611035704612732,1024,1024
t5-large,identity,transformer.decoder.block.14.layer.1.EncDecAttention.v.weight,290,cosine_similarity,0.15614911913871765,1024,1024
t5-large,actmat,transformer.decoder.block.14.layer.1.EncDecAttention.o.weight,291,cosine_similarity,0.26817673444747925,1024,1024
t5-large,identity,transformer.decoder.block.14.layer.1.EncDecAttention.o.weight,291,cosine_similarity,0.06988108158111572,1024,1024
t5-large,actmat,transformer.decoder.block.14.layer.2.DenseReluDense.wi.weight,292,cosine_similarity,0.2602706551551819,1024,4096
t5-large,identity,transformer.decoder.block.14.layer.2.DenseReluDense.wi.weight,292,cosine_similarity,0.048310536891222,1024,4096
t5-large,actmat,transformer.decoder.block.14.layer.2.DenseReluDense.wo.weight,293,cosine_similarity,0.08258886635303497,4096,1024
t5-large,identity,transformer.decoder.block.14.layer.2.DenseReluDense.wo.weight,293,cosine_similarity,0.033253803849220276,4096,1024
t5-large,actmat,transformer.decoder.block.15.layer.0.SelfAttention.q.weight,294,cosine_similarity,0.36643144488334656,1024,1024
t5-large,identity,transformer.decoder.block.15.layer.0.SelfAttention.q.weight,294,cosine_similarity,0.05089839920401573,1024,1024
t5-large,actmat,transformer.decoder.block.15.layer.0.SelfAttention.k.weight,295,cosine_similarity,0.34611865878105164,1024,1024
t5-large,identity,transformer.decoder.block.15.layer.0.SelfAttention.k.weight,295,cosine_similarity,0.05089839920401573,1024,1024
t5-large,actmat,transformer.decoder.block.15.layer.0.SelfAttention.v.weight,296,cosine_similarity,0.15382573008537292,1024,1024
t5-large,identity,transformer.decoder.block.15.layer.0.SelfAttention.v.weight,296,cosine_similarity,0.05089839920401573,1024,1024
t5-large,actmat,transformer.decoder.block.15.layer.0.SelfAttention.o.weight,297,cosine_similarity,0.23195257782936096,1024,1024
t5-large,identity,transformer.decoder.block.15.layer.0.SelfAttention.o.weight,297,cosine_similarity,0.0552823580801487,1024,1024
t5-large,actmat,transformer.decoder.block.15.layer.1.EncDecAttention.q.weight,298,cosine_similarity,0.274503618478775,1024,1024
t5-large,identity,transformer.decoder.block.15.layer.1.EncDecAttention.q.weight,298,cosine_similarity,0.053979139775037766,1024,1024
t5-large,actmat,transformer.decoder.block.15.layer.1.EncDecAttention.k.weight,299,cosine_similarity,0.2756462097167969,1024,1024
t5-large,identity,transformer.decoder.block.15.layer.1.EncDecAttention.k.weight,299,cosine_similarity,0.15614911913871765,1024,1024
t5-large,actmat,transformer.decoder.block.15.layer.1.EncDecAttention.v.weight,300,cosine_similarity,0.24682816863059998,1024,1024
t5-large,identity,transformer.decoder.block.15.layer.1.EncDecAttention.v.weight,300,cosine_similarity,0.15614911913871765,1024,1024
t5-large,actmat,transformer.decoder.block.15.layer.1.EncDecAttention.o.weight,301,cosine_similarity,0.21320703625679016,1024,1024
t5-large,identity,transformer.decoder.block.15.layer.1.EncDecAttention.o.weight,301,cosine_similarity,0.0756290853023529,1024,1024
t5-large,actmat,transformer.decoder.block.15.layer.2.DenseReluDense.wi.weight,302,cosine_similarity,0.2800597846508026,1024,4096
t5-large,identity,transformer.decoder.block.15.layer.2.DenseReluDense.wi.weight,302,cosine_similarity,0.04908115789294243,1024,4096
t5-large,actmat,transformer.decoder.block.15.layer.2.DenseReluDense.wo.weight,303,cosine_similarity,0.09215623885393143,4096,1024
t5-large,identity,transformer.decoder.block.15.layer.2.DenseReluDense.wo.weight,303,cosine_similarity,0.032745301723480225,4096,1024
t5-large,actmat,transformer.decoder.block.16.layer.0.SelfAttention.q.weight,304,cosine_similarity,0.4175959527492523,1024,1024
t5-large,identity,transformer.decoder.block.16.layer.0.SelfAttention.q.weight,304,cosine_similarity,0.051019567996263504,1024,1024
t5-large,actmat,transformer.decoder.block.16.layer.0.SelfAttention.k.weight,305,cosine_similarity,0.34812837839126587,1024,1024
t5-large,identity,transformer.decoder.block.16.layer.0.SelfAttention.k.weight,305,cosine_similarity,0.051019567996263504,1024,1024
t5-large,actmat,transformer.decoder.block.16.layer.0.SelfAttention.v.weight,306,cosine_similarity,0.12747417390346527,1024,1024
t5-large,identity,transformer.decoder.block.16.layer.0.SelfAttention.v.weight,306,cosine_similarity,0.051019567996263504,1024,1024
t5-large,actmat,transformer.decoder.block.16.layer.0.SelfAttention.o.weight,307,cosine_similarity,0.21285969018936157,1024,1024
t5-large,identity,transformer.decoder.block.16.layer.0.SelfAttention.o.weight,307,cosine_similarity,0.056336794048547745,1024,1024
t5-large,actmat,transformer.decoder.block.16.layer.1.EncDecAttention.q.weight,308,cosine_similarity,0.2640041708946228,1024,1024
t5-large,identity,transformer.decoder.block.16.layer.1.EncDecAttention.q.weight,308,cosine_similarity,0.05329412594437599,1024,1024
t5-large,actmat,transformer.decoder.block.16.layer.1.EncDecAttention.k.weight,309,cosine_similarity,0.24465657770633698,1024,1024
t5-large,identity,transformer.decoder.block.16.layer.1.EncDecAttention.k.weight,309,cosine_similarity,0.15614911913871765,1024,1024
t5-large,actmat,transformer.decoder.block.16.layer.1.EncDecAttention.v.weight,310,cosine_similarity,0.23795433342456818,1024,1024
t5-large,identity,transformer.decoder.block.16.layer.1.EncDecAttention.v.weight,310,cosine_similarity,0.15614911913871765,1024,1024
t5-large,actmat,transformer.decoder.block.16.layer.1.EncDecAttention.o.weight,311,cosine_similarity,0.23694100975990295,1024,1024
t5-large,identity,transformer.decoder.block.16.layer.1.EncDecAttention.o.weight,311,cosine_similarity,0.08813074231147766,1024,1024
t5-large,actmat,transformer.decoder.block.16.layer.2.DenseReluDense.wi.weight,312,cosine_similarity,0.2473500519990921,1024,4096
t5-large,identity,transformer.decoder.block.16.layer.2.DenseReluDense.wi.weight,312,cosine_similarity,0.04894722253084183,1024,4096
t5-large,actmat,transformer.decoder.block.16.layer.2.DenseReluDense.wo.weight,313,cosine_similarity,0.07368327677249908,4096,1024
t5-large,identity,transformer.decoder.block.16.layer.2.DenseReluDense.wo.weight,313,cosine_similarity,0.03351197391748428,4096,1024
t5-large,actmat,transformer.decoder.block.17.layer.0.SelfAttention.q.weight,314,cosine_similarity,0.36383774876594543,1024,1024
t5-large,identity,transformer.decoder.block.17.layer.0.SelfAttention.q.weight,314,cosine_similarity,0.05160686746239662,1024,1024
t5-large,actmat,transformer.decoder.block.17.layer.0.SelfAttention.k.weight,315,cosine_similarity,0.32034119963645935,1024,1024
t5-large,identity,transformer.decoder.block.17.layer.0.SelfAttention.k.weight,315,cosine_similarity,0.05160686746239662,1024,1024
t5-large,actmat,transformer.decoder.block.17.layer.0.SelfAttention.v.weight,316,cosine_similarity,0.135182723402977,1024,1024
t5-large,identity,transformer.decoder.block.17.layer.0.SelfAttention.v.weight,316,cosine_similarity,0.05160686746239662,1024,1024
t5-large,actmat,transformer.decoder.block.17.layer.0.SelfAttention.o.weight,317,cosine_similarity,0.25287920236587524,1024,1024
t5-large,identity,transformer.decoder.block.17.layer.0.SelfAttention.o.weight,317,cosine_similarity,0.060354769229888916,1024,1024
t5-large,actmat,transformer.decoder.block.17.layer.1.EncDecAttention.q.weight,318,cosine_similarity,0.26598894596099854,1024,1024
t5-large,identity,transformer.decoder.block.17.layer.1.EncDecAttention.q.weight,318,cosine_similarity,0.05455783009529114,1024,1024
t5-large,actmat,transformer.decoder.block.17.layer.1.EncDecAttention.k.weight,319,cosine_similarity,0.22974300384521484,1024,1024
t5-large,identity,transformer.decoder.block.17.layer.1.EncDecAttention.k.weight,319,cosine_similarity,0.15614911913871765,1024,1024
t5-large,actmat,transformer.decoder.block.17.layer.1.EncDecAttention.v.weight,320,cosine_similarity,0.22711165249347687,1024,1024
t5-large,identity,transformer.decoder.block.17.layer.1.EncDecAttention.v.weight,320,cosine_similarity,0.15614911913871765,1024,1024
t5-large,actmat,transformer.decoder.block.17.layer.1.EncDecAttention.o.weight,321,cosine_similarity,0.22456009685993195,1024,1024
t5-large,identity,transformer.decoder.block.17.layer.1.EncDecAttention.o.weight,321,cosine_similarity,0.1025940477848053,1024,1024
t5-large,actmat,transformer.decoder.block.17.layer.2.DenseReluDense.wi.weight,322,cosine_similarity,0.2573360204696655,1024,4096
t5-large,identity,transformer.decoder.block.17.layer.2.DenseReluDense.wi.weight,322,cosine_similarity,0.051666393876075745,1024,4096
t5-large,actmat,transformer.decoder.block.17.layer.2.DenseReluDense.wo.weight,323,cosine_similarity,0.0936698243021965,4096,1024
t5-large,identity,transformer.decoder.block.17.layer.2.DenseReluDense.wo.weight,323,cosine_similarity,0.031312745064496994,4096,1024
t5-large,actmat,transformer.decoder.block.18.layer.0.SelfAttention.q.weight,324,cosine_similarity,0.2978008985519409,1024,1024
t5-large,identity,transformer.decoder.block.18.layer.0.SelfAttention.q.weight,324,cosine_similarity,0.053188782185316086,1024,1024
t5-large,actmat,transformer.decoder.block.18.layer.0.SelfAttention.k.weight,325,cosine_similarity,0.2763427197933197,1024,1024
t5-large,identity,transformer.decoder.block.18.layer.0.SelfAttention.k.weight,325,cosine_similarity,0.053188782185316086,1024,1024
t5-large,actmat,transformer.decoder.block.18.layer.0.SelfAttention.v.weight,326,cosine_similarity,0.1472742259502411,1024,1024
t5-large,identity,transformer.decoder.block.18.layer.0.SelfAttention.v.weight,326,cosine_similarity,0.053188782185316086,1024,1024
t5-large,actmat,transformer.decoder.block.18.layer.0.SelfAttention.o.weight,327,cosine_similarity,0.23794691264629364,1024,1024
t5-large,identity,transformer.decoder.block.18.layer.0.SelfAttention.o.weight,327,cosine_similarity,0.06041803956031799,1024,1024
t5-large,actmat,transformer.decoder.block.18.layer.1.EncDecAttention.q.weight,328,cosine_similarity,0.2540481686592102,1024,1024
t5-large,identity,transformer.decoder.block.18.layer.1.EncDecAttention.q.weight,328,cosine_similarity,0.05533210188150406,1024,1024
t5-large,actmat,transformer.decoder.block.18.layer.1.EncDecAttention.k.weight,329,cosine_similarity,0.22947770357131958,1024,1024
t5-large,identity,transformer.decoder.block.18.layer.1.EncDecAttention.k.weight,329,cosine_similarity,0.15614911913871765,1024,1024
t5-large,actmat,transformer.decoder.block.18.layer.1.EncDecAttention.v.weight,330,cosine_similarity,0.22020289301872253,1024,1024
t5-large,identity,transformer.decoder.block.18.layer.1.EncDecAttention.v.weight,330,cosine_similarity,0.15614911913871765,1024,1024
t5-large,actmat,transformer.decoder.block.18.layer.1.EncDecAttention.o.weight,331,cosine_similarity,0.18466860055923462,1024,1024
t5-large,identity,transformer.decoder.block.18.layer.1.EncDecAttention.o.weight,331,cosine_similarity,0.09696698933839798,1024,1024
t5-large,actmat,transformer.decoder.block.18.layer.2.DenseReluDense.wi.weight,332,cosine_similarity,0.2163873314857483,1024,4096
t5-large,identity,transformer.decoder.block.18.layer.2.DenseReluDense.wi.weight,332,cosine_similarity,0.05167286843061447,1024,4096
t5-large,actmat,transformer.decoder.block.18.layer.2.DenseReluDense.wo.weight,333,cosine_similarity,0.0729040652513504,4096,1024
t5-large,identity,transformer.decoder.block.18.layer.2.DenseReluDense.wo.weight,333,cosine_similarity,0.031359221786260605,4096,1024
t5-large,actmat,transformer.decoder.block.19.layer.0.SelfAttention.q.weight,334,cosine_similarity,0.3318672180175781,1024,1024
t5-large,identity,transformer.decoder.block.19.layer.0.SelfAttention.q.weight,334,cosine_similarity,0.0548194944858551,1024,1024
t5-large,actmat,transformer.decoder.block.19.layer.0.SelfAttention.k.weight,335,cosine_similarity,0.2884334921836853,1024,1024
t5-large,identity,transformer.decoder.block.19.layer.0.SelfAttention.k.weight,335,cosine_similarity,0.0548194944858551,1024,1024
t5-large,actmat,transformer.decoder.block.19.layer.0.SelfAttention.v.weight,336,cosine_similarity,0.1365569680929184,1024,1024
t5-large,identity,transformer.decoder.block.19.layer.0.SelfAttention.v.weight,336,cosine_similarity,0.0548194944858551,1024,1024
t5-large,actmat,transformer.decoder.block.19.layer.0.SelfAttention.o.weight,337,cosine_similarity,0.23160748183727264,1024,1024
t5-large,identity,transformer.decoder.block.19.layer.0.SelfAttention.o.weight,337,cosine_similarity,0.06335680186748505,1024,1024
t5-large,actmat,transformer.decoder.block.19.layer.1.EncDecAttention.q.weight,338,cosine_similarity,0.25085780024528503,1024,1024
t5-large,identity,transformer.decoder.block.19.layer.1.EncDecAttention.q.weight,338,cosine_similarity,0.0570581890642643,1024,1024
t5-large,actmat,transformer.decoder.block.19.layer.1.EncDecAttention.k.weight,339,cosine_similarity,0.23165301978588104,1024,1024
t5-large,identity,transformer.decoder.block.19.layer.1.EncDecAttention.k.weight,339,cosine_similarity,0.15614911913871765,1024,1024
t5-large,actmat,transformer.decoder.block.19.layer.1.EncDecAttention.v.weight,340,cosine_similarity,0.21130086481571198,1024,1024
t5-large,identity,transformer.decoder.block.19.layer.1.EncDecAttention.v.weight,340,cosine_similarity,0.15614911913871765,1024,1024
t5-large,actmat,transformer.decoder.block.19.layer.1.EncDecAttention.o.weight,341,cosine_similarity,0.21870650351047516,1024,1024
t5-large,identity,transformer.decoder.block.19.layer.1.EncDecAttention.o.weight,341,cosine_similarity,0.09716800600290298,1024,1024
t5-large,actmat,transformer.decoder.block.19.layer.2.DenseReluDense.wi.weight,342,cosine_similarity,0.2445153445005417,1024,4096
t5-large,identity,transformer.decoder.block.19.layer.2.DenseReluDense.wi.weight,342,cosine_similarity,0.05237637460231781,1024,4096
t5-large,actmat,transformer.decoder.block.19.layer.2.DenseReluDense.wo.weight,343,cosine_similarity,0.06767793744802475,4096,1024
t5-large,identity,transformer.decoder.block.19.layer.2.DenseReluDense.wo.weight,343,cosine_similarity,0.0316799134016037,4096,1024
t5-large,actmat,transformer.decoder.block.20.layer.0.SelfAttention.q.weight,344,cosine_similarity,0.32642871141433716,1024,1024
t5-large,identity,transformer.decoder.block.20.layer.0.SelfAttention.q.weight,344,cosine_similarity,0.05642694607377052,1024,1024
t5-large,actmat,transformer.decoder.block.20.layer.0.SelfAttention.k.weight,345,cosine_similarity,0.27226269245147705,1024,1024
t5-large,identity,transformer.decoder.block.20.layer.0.SelfAttention.k.weight,345,cosine_similarity,0.05642694607377052,1024,1024
t5-large,actmat,transformer.decoder.block.20.layer.0.SelfAttention.v.weight,346,cosine_similarity,0.15784035623073578,1024,1024
t5-large,identity,transformer.decoder.block.20.layer.0.SelfAttention.v.weight,346,cosine_similarity,0.05642694607377052,1024,1024
t5-large,actmat,transformer.decoder.block.20.layer.0.SelfAttention.o.weight,347,cosine_similarity,0.25107264518737793,1024,1024
t5-large,identity,transformer.decoder.block.20.layer.0.SelfAttention.o.weight,347,cosine_similarity,0.06427222490310669,1024,1024
t5-large,actmat,transformer.decoder.block.20.layer.1.EncDecAttention.q.weight,348,cosine_similarity,0.2510658800601959,1024,1024
t5-large,identity,transformer.decoder.block.20.layer.1.EncDecAttention.q.weight,348,cosine_similarity,0.05670999735593796,1024,1024
t5-large,actmat,transformer.decoder.block.20.layer.1.EncDecAttention.k.weight,349,cosine_similarity,0.20799633860588074,1024,1024
t5-large,identity,transformer.decoder.block.20.layer.1.EncDecAttention.k.weight,349,cosine_similarity,0.15614911913871765,1024,1024
t5-large,actmat,transformer.decoder.block.20.layer.1.EncDecAttention.v.weight,350,cosine_similarity,0.20416352152824402,1024,1024
t5-large,identity,transformer.decoder.block.20.layer.1.EncDecAttention.v.weight,350,cosine_similarity,0.15614911913871765,1024,1024
t5-large,actmat,transformer.decoder.block.20.layer.1.EncDecAttention.o.weight,351,cosine_similarity,0.2571881413459778,1024,1024
t5-large,identity,transformer.decoder.block.20.layer.1.EncDecAttention.o.weight,351,cosine_similarity,0.10545478761196136,1024,1024
t5-large,actmat,transformer.decoder.block.20.layer.2.DenseReluDense.wi.weight,352,cosine_similarity,0.2780972421169281,1024,4096
t5-large,identity,transformer.decoder.block.20.layer.2.DenseReluDense.wi.weight,352,cosine_similarity,0.050862595438957214,1024,4096
t5-large,actmat,transformer.decoder.block.20.layer.2.DenseReluDense.wo.weight,353,cosine_similarity,0.043567173182964325,4096,1024
t5-large,identity,transformer.decoder.block.20.layer.2.DenseReluDense.wo.weight,353,cosine_similarity,0.02738407626748085,4096,1024
t5-large,actmat,transformer.decoder.block.21.layer.0.SelfAttention.q.weight,354,cosine_similarity,0.2093486189842224,1024,1024
t5-large,identity,transformer.decoder.block.21.layer.0.SelfAttention.q.weight,354,cosine_similarity,0.045623764395713806,1024,1024
t5-large,actmat,transformer.decoder.block.21.layer.0.SelfAttention.k.weight,355,cosine_similarity,0.1721847802400589,1024,1024
t5-large,identity,transformer.decoder.block.21.layer.0.SelfAttention.k.weight,355,cosine_similarity,0.045623764395713806,1024,1024
t5-large,actmat,transformer.decoder.block.21.layer.0.SelfAttention.v.weight,356,cosine_similarity,0.11268643289804459,1024,1024
t5-large,identity,transformer.decoder.block.21.layer.0.SelfAttention.v.weight,356,cosine_similarity,0.045623764395713806,1024,1024
t5-large,actmat,transformer.decoder.block.21.layer.0.SelfAttention.o.weight,357,cosine_similarity,0.22629691660404205,1024,1024
t5-large,identity,transformer.decoder.block.21.layer.0.SelfAttention.o.weight,357,cosine_similarity,0.06464606523513794,1024,1024
t5-large,actmat,transformer.decoder.block.21.layer.1.EncDecAttention.q.weight,358,cosine_similarity,0.24021092057228088,1024,1024
t5-large,identity,transformer.decoder.block.21.layer.1.EncDecAttention.q.weight,358,cosine_similarity,0.05626474320888519,1024,1024
t5-large,actmat,transformer.decoder.block.21.layer.1.EncDecAttention.k.weight,359,cosine_similarity,0.21558798849582672,1024,1024
t5-large,identity,transformer.decoder.block.21.layer.1.EncDecAttention.k.weight,359,cosine_similarity,0.15614911913871765,1024,1024
t5-large,actmat,transformer.decoder.block.21.layer.1.EncDecAttention.v.weight,360,cosine_similarity,0.19701606035232544,1024,1024
t5-large,identity,transformer.decoder.block.21.layer.1.EncDecAttention.v.weight,360,cosine_similarity,0.15614911913871765,1024,1024
t5-large,actmat,transformer.decoder.block.21.layer.1.EncDecAttention.o.weight,361,cosine_similarity,0.2545275390148163,1024,1024
t5-large,identity,transformer.decoder.block.21.layer.1.EncDecAttention.o.weight,361,cosine_similarity,0.10224991291761398,1024,1024
t5-large,actmat,transformer.decoder.block.21.layer.2.DenseReluDense.wi.weight,362,cosine_similarity,0.22537590563297272,1024,4096
t5-large,identity,transformer.decoder.block.21.layer.2.DenseReluDense.wi.weight,362,cosine_similarity,0.04617612436413765,1024,4096
t5-large,actmat,transformer.decoder.block.21.layer.2.DenseReluDense.wo.weight,363,cosine_similarity,0.037022676318883896,4096,1024
t5-large,identity,transformer.decoder.block.21.layer.2.DenseReluDense.wo.weight,363,cosine_similarity,0.02891349047422409,4096,1024
t5-large,actmat,transformer.decoder.block.22.layer.0.SelfAttention.q.weight,364,cosine_similarity,0.32469210028648376,1024,1024
t5-large,identity,transformer.decoder.block.22.layer.0.SelfAttention.q.weight,364,cosine_similarity,0.05591393634676933,1024,1024
t5-large,actmat,transformer.decoder.block.22.layer.0.SelfAttention.k.weight,365,cosine_similarity,0.2446078360080719,1024,1024
t5-large,identity,transformer.decoder.block.22.layer.0.SelfAttention.k.weight,365,cosine_similarity,0.05591393634676933,1024,1024
t5-large,actmat,transformer.decoder.block.22.layer.0.SelfAttention.v.weight,366,cosine_similarity,0.1503497064113617,1024,1024
t5-large,identity,transformer.decoder.block.22.layer.0.SelfAttention.v.weight,366,cosine_similarity,0.05591393634676933,1024,1024
t5-large,actmat,transformer.decoder.block.22.layer.0.SelfAttention.o.weight,367,cosine_similarity,0.21354879438877106,1024,1024
t5-large,identity,transformer.decoder.block.22.layer.0.SelfAttention.o.weight,367,cosine_similarity,0.06811410188674927,1024,1024
t5-large,actmat,transformer.decoder.block.22.layer.1.EncDecAttention.q.weight,368,cosine_similarity,0.21005477011203766,1024,1024
t5-large,identity,transformer.decoder.block.22.layer.1.EncDecAttention.q.weight,368,cosine_similarity,0.055680133402347565,1024,1024
t5-large,actmat,transformer.decoder.block.22.layer.1.EncDecAttention.k.weight,369,cosine_similarity,0.2072751224040985,1024,1024
t5-large,identity,transformer.decoder.block.22.layer.1.EncDecAttention.k.weight,369,cosine_similarity,0.15614911913871765,1024,1024
t5-large,actmat,transformer.decoder.block.22.layer.1.EncDecAttention.v.weight,370,cosine_similarity,0.20571818947792053,1024,1024
t5-large,identity,transformer.decoder.block.22.layer.1.EncDecAttention.v.weight,370,cosine_similarity,0.15614911913871765,1024,1024
t5-large,actmat,transformer.decoder.block.22.layer.1.EncDecAttention.o.weight,371,cosine_similarity,0.2750279903411865,1024,1024
t5-large,identity,transformer.decoder.block.22.layer.1.EncDecAttention.o.weight,371,cosine_similarity,0.10033266991376877,1024,1024
t5-large,actmat,transformer.decoder.block.22.layer.2.DenseReluDense.wi.weight,372,cosine_similarity,0.20651790499687195,1024,4096
t5-large,identity,transformer.decoder.block.22.layer.2.DenseReluDense.wi.weight,372,cosine_similarity,0.044583577662706375,1024,4096
t5-large,actmat,transformer.decoder.block.22.layer.2.DenseReluDense.wo.weight,373,cosine_similarity,0.03963351994752884,4096,1024
t5-large,identity,transformer.decoder.block.22.layer.2.DenseReluDense.wo.weight,373,cosine_similarity,0.02833237126469612,4096,1024
t5-large,actmat,transformer.decoder.block.23.layer.0.SelfAttention.q.weight,374,cosine_similarity,0.27794942259788513,1024,1024
t5-large,identity,transformer.decoder.block.23.layer.0.SelfAttention.q.weight,374,cosine_similarity,0.049601711332798004,1024,1024
t5-large,actmat,transformer.decoder.block.23.layer.0.SelfAttention.k.weight,375,cosine_similarity,0.20070627331733704,1024,1024
t5-large,identity,transformer.decoder.block.23.layer.0.SelfAttention.k.weight,375,cosine_similarity,0.049601711332798004,1024,1024
t5-large,actmat,transformer.decoder.block.23.layer.0.SelfAttention.v.weight,376,cosine_similarity,0.13403290510177612,1024,1024
t5-large,identity,transformer.decoder.block.23.layer.0.SelfAttention.v.weight,376,cosine_similarity,0.049601711332798004,1024,1024
t5-large,actmat,transformer.decoder.block.23.layer.0.SelfAttention.o.weight,377,cosine_similarity,0.20593670010566711,1024,1024
t5-large,identity,transformer.decoder.block.23.layer.0.SelfAttention.o.weight,377,cosine_similarity,0.06315570324659348,1024,1024
t5-large,actmat,transformer.decoder.block.23.layer.1.EncDecAttention.q.weight,378,cosine_similarity,0.17432887852191925,1024,1024
t5-large,identity,transformer.decoder.block.23.layer.1.EncDecAttention.q.weight,378,cosine_similarity,0.05253056436777115,1024,1024
t5-large,actmat,transformer.decoder.block.23.layer.1.EncDecAttention.k.weight,379,cosine_similarity,0.23514096438884735,1024,1024
t5-large,identity,transformer.decoder.block.23.layer.1.EncDecAttention.k.weight,379,cosine_similarity,0.15614911913871765,1024,1024
t5-large,actmat,transformer.decoder.block.23.layer.1.EncDecAttention.v.weight,380,cosine_similarity,0.24091392755508423,1024,1024
t5-large,identity,transformer.decoder.block.23.layer.1.EncDecAttention.v.weight,380,cosine_similarity,0.15614911913871765,1024,1024
t5-large,actmat,transformer.decoder.block.23.layer.1.EncDecAttention.o.weight,381,cosine_similarity,0.17347459495067596,1024,1024
t5-large,identity,transformer.decoder.block.23.layer.1.EncDecAttention.o.weight,381,cosine_similarity,0.06684727966785431,1024,1024
t5-large,actmat,transformer.decoder.block.23.layer.2.DenseReluDense.wi.weight,382,cosine_similarity,0.1707262396812439,1024,4096
t5-large,identity,transformer.decoder.block.23.layer.2.DenseReluDense.wi.weight,382,cosine_similarity,0.04280553013086319,1024,4096
t5-large,actmat,transformer.decoder.block.23.layer.2.DenseReluDense.wo.weight,383,cosine_similarity,0.033902764320373535,4096,1024
t5-large,identity,transformer.decoder.block.23.layer.2.DenseReluDense.wo.weight,383,cosine_similarity,0.022638695314526558,4096,1024
t5-large,actmat,transformer.lm_head.weight,384,cosine_similarity,0.3319476246833801,1024,32128
t5-large,identity,transformer.lm_head.weight,384,cosine_similarity,0.03591610863804817,1024,32128
ViT-B-16,actmat,model.visual.transformer.resblocks.0.mlp.c_fc.weight,0,cosine_similarity,0.1550089716911316,768,3072
ViT-B-16,identity,model.visual.transformer.resblocks.0.mlp.c_fc.weight,0,cosine_similarity,0.07913768291473389,768,3072
ViT-B-16,actmat,model.visual.transformer.resblocks.0.mlp.c_proj.weight,1,cosine_similarity,0.4835851490497589,3072,768
ViT-B-16,identity,model.visual.transformer.resblocks.0.mlp.c_proj.weight,1,cosine_similarity,0.03634493425488472,3072,768
ViT-B-16,actmat,model.visual.transformer.resblocks.1.mlp.c_fc.weight,2,cosine_similarity,0.32948023080825806,768,3072
ViT-B-16,identity,model.visual.transformer.resblocks.1.mlp.c_fc.weight,2,cosine_similarity,0.15477289259433746,768,3072
ViT-B-16,actmat,model.visual.transformer.resblocks.1.mlp.c_proj.weight,3,cosine_similarity,0.6365306377410889,3072,768
ViT-B-16,identity,model.visual.transformer.resblocks.1.mlp.c_proj.weight,3,cosine_similarity,0.05455552786588669,3072,768
ViT-B-16,actmat,model.visual.transformer.resblocks.2.mlp.c_fc.weight,4,cosine_similarity,0.3312682807445526,768,3072
ViT-B-16,identity,model.visual.transformer.resblocks.2.mlp.c_fc.weight,4,cosine_similarity,0.11213700473308563,768,3072
ViT-B-16,actmat,model.visual.transformer.resblocks.2.mlp.c_proj.weight,5,cosine_similarity,0.5723388195037842,3072,768
ViT-B-16,identity,model.visual.transformer.resblocks.2.mlp.c_proj.weight,5,cosine_similarity,0.05034301429986954,3072,768
ViT-B-16,actmat,model.visual.transformer.resblocks.3.mlp.c_fc.weight,6,cosine_similarity,0.3055347204208374,768,3072
ViT-B-16,identity,model.visual.transformer.resblocks.3.mlp.c_fc.weight,6,cosine_similarity,0.15914486348628998,768,3072
ViT-B-16,actmat,model.visual.transformer.resblocks.3.mlp.c_proj.weight,7,cosine_similarity,0.561220645904541,3072,768
ViT-B-16,identity,model.visual.transformer.resblocks.3.mlp.c_proj.weight,7,cosine_similarity,0.09351831674575806,3072,768
ViT-B-16,actmat,model.visual.transformer.resblocks.4.mlp.c_fc.weight,8,cosine_similarity,0.27220314741134644,768,3072
ViT-B-16,identity,model.visual.transformer.resblocks.4.mlp.c_fc.weight,8,cosine_similarity,0.12410476803779602,768,3072
ViT-B-16,actmat,model.visual.transformer.resblocks.4.mlp.c_proj.weight,9,cosine_similarity,0.5319802761077881,3072,768
ViT-B-16,identity,model.visual.transformer.resblocks.4.mlp.c_proj.weight,9,cosine_similarity,0.08336269110441208,3072,768
ViT-B-16,actmat,model.visual.transformer.resblocks.5.mlp.c_fc.weight,10,cosine_similarity,0.24052603542804718,768,3072
ViT-B-16,identity,model.visual.transformer.resblocks.5.mlp.c_fc.weight,10,cosine_similarity,0.11505857110023499,768,3072
ViT-B-16,actmat,model.visual.transformer.resblocks.5.mlp.c_proj.weight,11,cosine_similarity,0.4688831567764282,3072,768
ViT-B-16,identity,model.visual.transformer.resblocks.5.mlp.c_proj.weight,11,cosine_similarity,0.07868686318397522,3072,768
ViT-B-16,actmat,model.visual.transformer.resblocks.6.mlp.c_fc.weight,12,cosine_similarity,0.2698292136192322,768,3072
ViT-B-16,identity,model.visual.transformer.resblocks.6.mlp.c_fc.weight,12,cosine_similarity,0.10918526351451874,768,3072
ViT-B-16,actmat,model.visual.transformer.resblocks.6.mlp.c_proj.weight,13,cosine_similarity,0.2674444615840912,3072,768
ViT-B-16,identity,model.visual.transformer.resblocks.6.mlp.c_proj.weight,13,cosine_similarity,0.050235189497470856,3072,768
ViT-B-16,actmat,model.visual.transformer.resblocks.7.mlp.c_fc.weight,14,cosine_similarity,0.33253809809684753,768,3072
ViT-B-16,identity,model.visual.transformer.resblocks.7.mlp.c_fc.weight,14,cosine_similarity,0.1139964908361435,768,3072
ViT-B-16,actmat,model.visual.transformer.resblocks.7.mlp.c_proj.weight,15,cosine_similarity,0.07385124266147614,3072,768
ViT-B-16,identity,model.visual.transformer.resblocks.7.mlp.c_proj.weight,15,cosine_similarity,0.02749694138765335,3072,768
ViT-B-16,actmat,model.visual.transformer.resblocks.8.mlp.c_fc.weight,16,cosine_similarity,0.4385490417480469,768,3072
ViT-B-16,identity,model.visual.transformer.resblocks.8.mlp.c_fc.weight,16,cosine_similarity,0.12925316393375397,768,3072
ViT-B-16,actmat,model.visual.transformer.resblocks.8.mlp.c_proj.weight,17,cosine_similarity,0.31042298674583435,3072,768
ViT-B-16,identity,model.visual.transformer.resblocks.8.mlp.c_proj.weight,17,cosine_similarity,0.0749831423163414,3072,768
ViT-B-16,actmat,model.visual.transformer.resblocks.9.mlp.c_fc.weight,18,cosine_similarity,0.48688697814941406,768,3072
ViT-B-16,identity,model.visual.transformer.resblocks.9.mlp.c_fc.weight,18,cosine_similarity,0.15305231511592865,768,3072
ViT-B-16,actmat,model.visual.transformer.resblocks.9.mlp.c_proj.weight,19,cosine_similarity,0.2020377814769745,3072,768
ViT-B-16,identity,model.visual.transformer.resblocks.9.mlp.c_proj.weight,19,cosine_similarity,0.16472464799880981,3072,768
ViT-B-16,actmat,model.visual.transformer.resblocks.10.mlp.c_fc.weight,20,cosine_similarity,0.3178640305995941,768,3072
ViT-B-16,identity,model.visual.transformer.resblocks.10.mlp.c_fc.weight,20,cosine_similarity,0.121059849858284,768,3072
ViT-B-16,actmat,model.visual.transformer.resblocks.10.mlp.c_proj.weight,21,cosine_similarity,0.14776623249053955,3072,768
ViT-B-16,identity,model.visual.transformer.resblocks.10.mlp.c_proj.weight,21,cosine_similarity,0.1382705420255661,3072,768
ViT-B-16,actmat,model.visual.transformer.resblocks.11.mlp.c_fc.weight,22,cosine_similarity,0.056983791291713715,768,3072
ViT-B-16,identity,model.visual.transformer.resblocks.11.mlp.c_fc.weight,22,cosine_similarity,0.07227138429880142,768,3072
ViT-B-16,actmat,model.visual.transformer.resblocks.11.mlp.c_proj.weight,23,cosine_similarity,0.2633439004421234,3072,768
ViT-B-16,identity,model.visual.transformer.resblocks.11.mlp.c_proj.weight,23,cosine_similarity,0.03728656470775604,3072,768
ViT-B-16,actmat,model.visual.transformer.resblocks.9.attn.q.weight,24,cosine_similarity,0.3415519893169403,768,768
ViT-B-16,identity,model.visual.transformer.resblocks.9.attn.q.weight,24,cosine_similarity,0.17464229464530945,768,768
ViT-B-16,actmat,model.visual.transformer.resblocks.9.attn.k.weight,25,cosine_similarity,0.35560327768325806,768,768
ViT-B-16,identity,model.visual.transformer.resblocks.9.attn.k.weight,25,cosine_similarity,0.17464229464530945,768,768
ViT-B-16,actmat,model.visual.transformer.resblocks.9.attn.v.weight,26,cosine_similarity,0.319582998752594,768,768
ViT-B-16,identity,model.visual.transformer.resblocks.9.attn.v.weight,26,cosine_similarity,0.17464229464530945,768,768
ViT-B-16,actmat,model.visual.transformer.resblocks.9.attn.o.weight,27,cosine_similarity,0.4016905725002289,768,768
ViT-B-16,identity,model.visual.transformer.resblocks.9.attn.o.weight,27,cosine_similarity,0.13363046944141388,768,768
ViT-B-16,actmat,model.visual.transformer.resblocks.3.attn.q.weight,28,cosine_similarity,0.32772740721702576,768,768
ViT-B-16,identity,model.visual.transformer.resblocks.3.attn.q.weight,28,cosine_similarity,0.20843049883842468,768,768
ViT-B-16,actmat,model.visual.transformer.resblocks.3.attn.k.weight,29,cosine_similarity,0.31697580218315125,768,768
ViT-B-16,identity,model.visual.transformer.resblocks.3.attn.k.weight,29,cosine_similarity,0.20843049883842468,768,768
ViT-B-16,actmat,model.visual.transformer.resblocks.3.attn.v.weight,30,cosine_similarity,0.31814974546432495,768,768
ViT-B-16,identity,model.visual.transformer.resblocks.3.attn.v.weight,30,cosine_similarity,0.20843049883842468,768,768
ViT-B-16,actmat,model.visual.transformer.resblocks.3.attn.o.weight,31,cosine_similarity,0.34322673082351685,768,768
ViT-B-16,identity,model.visual.transformer.resblocks.3.attn.o.weight,31,cosine_similarity,0.17278802394866943,768,768
ViT-B-16,actmat,model.visual.transformer.resblocks.11.attn.q.weight,32,cosine_similarity,0.016006041318178177,768,768
ViT-B-16,identity,model.visual.transformer.resblocks.11.attn.q.weight,32,cosine_similarity,0.09578884392976761,768,768
ViT-B-16,actmat,model.visual.transformer.resblocks.11.attn.k.weight,33,cosine_similarity,0.08490116894245148,768,768
ViT-B-16,identity,model.visual.transformer.resblocks.11.attn.k.weight,33,cosine_similarity,0.09578884392976761,768,768
ViT-B-16,actmat,model.visual.transformer.resblocks.11.attn.v.weight,34,cosine_similarity,0.07973307371139526,768,768
ViT-B-16,identity,model.visual.transformer.resblocks.11.attn.v.weight,34,cosine_similarity,0.09578884392976761,768,768
ViT-B-16,actmat,model.visual.transformer.resblocks.11.attn.o.weight,35,cosine_similarity,0.23101948201656342,768,768
ViT-B-16,identity,model.visual.transformer.resblocks.11.attn.o.weight,35,cosine_similarity,0.12290575355291367,768,768
ViT-B-16,actmat,model.visual.transformer.resblocks.0.attn.q.weight,36,cosine_similarity,0.15253224968910217,768,768
ViT-B-16,identity,model.visual.transformer.resblocks.0.attn.q.weight,36,cosine_similarity,0.13683515787124634,768,768
ViT-B-16,actmat,model.visual.transformer.resblocks.0.attn.k.weight,37,cosine_similarity,0.13521486520767212,768,768
ViT-B-16,identity,model.visual.transformer.resblocks.0.attn.k.weight,37,cosine_similarity,0.13683515787124634,768,768
ViT-B-16,actmat,model.visual.transformer.resblocks.0.attn.v.weight,38,cosine_similarity,0.1423991173505783,768,768
ViT-B-16,identity,model.visual.transformer.resblocks.0.attn.v.weight,38,cosine_similarity,0.13683515787124634,768,768
ViT-B-16,actmat,model.visual.transformer.resblocks.0.attn.o.weight,39,cosine_similarity,0.1970551460981369,768,768
ViT-B-16,identity,model.visual.transformer.resblocks.0.attn.o.weight,39,cosine_similarity,0.08830281347036362,768,768
ViT-B-16,actmat,model.visual.transformer.resblocks.10.attn.q.weight,40,cosine_similarity,0.21927975118160248,768,768
ViT-B-16,identity,model.visual.transformer.resblocks.10.attn.q.weight,40,cosine_similarity,0.1387305110692978,768,768
ViT-B-16,actmat,model.visual.transformer.resblocks.10.attn.k.weight,41,cosine_similarity,0.24514442682266235,768,768
ViT-B-16,identity,model.visual.transformer.resblocks.10.attn.k.weight,41,cosine_similarity,0.1387305110692978,768,768
ViT-B-16,actmat,model.visual.transformer.resblocks.10.attn.v.weight,42,cosine_similarity,0.20825335383415222,768,768
ViT-B-16,identity,model.visual.transformer.resblocks.10.attn.v.weight,42,cosine_similarity,0.1387305110692978,768,768
ViT-B-16,actmat,model.visual.transformer.resblocks.10.attn.o.weight,43,cosine_similarity,0.3817731738090515,768,768
ViT-B-16,identity,model.visual.transformer.resblocks.10.attn.o.weight,43,cosine_similarity,0.17234385013580322,768,768
ViT-B-16,actmat,model.visual.transformer.resblocks.8.attn.q.weight,44,cosine_similarity,0.39412468671798706,768,768
ViT-B-16,identity,model.visual.transformer.resblocks.8.attn.q.weight,44,cosine_similarity,0.1862265169620514,768,768
ViT-B-16,actmat,model.visual.transformer.resblocks.8.attn.k.weight,45,cosine_similarity,0.37893441319465637,768,768
ViT-B-16,identity,model.visual.transformer.resblocks.8.attn.k.weight,45,cosine_similarity,0.1862265169620514,768,768
ViT-B-16,actmat,model.visual.transformer.resblocks.8.attn.v.weight,46,cosine_similarity,0.3426889181137085,768,768
ViT-B-16,identity,model.visual.transformer.resblocks.8.attn.v.weight,46,cosine_similarity,0.1862265169620514,768,768
ViT-B-16,actmat,model.visual.transformer.resblocks.8.attn.o.weight,47,cosine_similarity,0.391431987285614,768,768
ViT-B-16,identity,model.visual.transformer.resblocks.8.attn.o.weight,47,cosine_similarity,0.1582678258419037,768,768
ViT-B-16,actmat,model.visual.transformer.resblocks.2.attn.q.weight,48,cosine_similarity,0.22337980568408966,768,768
ViT-B-16,identity,model.visual.transformer.resblocks.2.attn.q.weight,48,cosine_similarity,0.16575169563293457,768,768
ViT-B-16,actmat,model.visual.transformer.resblocks.2.attn.k.weight,49,cosine_similarity,0.21237623691558838,768,768
ViT-B-16,identity,model.visual.transformer.resblocks.2.attn.k.weight,49,cosine_similarity,0.16575169563293457,768,768
ViT-B-16,actmat,model.visual.transformer.resblocks.2.attn.v.weight,50,cosine_similarity,0.2457675188779831,768,768
ViT-B-16,identity,model.visual.transformer.resblocks.2.attn.v.weight,50,cosine_similarity,0.16575169563293457,768,768
ViT-B-16,actmat,model.visual.transformer.resblocks.2.attn.o.weight,51,cosine_similarity,0.2724371552467346,768,768
ViT-B-16,identity,model.visual.transformer.resblocks.2.attn.o.weight,51,cosine_similarity,0.12095746397972107,768,768
ViT-B-16,actmat,model.visual.transformer.resblocks.1.attn.q.weight,52,cosine_similarity,0.18970218300819397,768,768
ViT-B-16,identity,model.visual.transformer.resblocks.1.attn.q.weight,52,cosine_similarity,0.15373921394348145,768,768
ViT-B-16,actmat,model.visual.transformer.resblocks.1.attn.k.weight,53,cosine_similarity,0.16738241910934448,768,768
ViT-B-16,identity,model.visual.transformer.resblocks.1.attn.k.weight,53,cosine_similarity,0.15373921394348145,768,768
ViT-B-16,actmat,model.visual.transformer.resblocks.1.attn.v.weight,54,cosine_similarity,0.21204498410224915,768,768
ViT-B-16,identity,model.visual.transformer.resblocks.1.attn.v.weight,54,cosine_similarity,0.15373921394348145,768,768
ViT-B-16,actmat,model.visual.transformer.resblocks.1.attn.o.weight,55,cosine_similarity,0.24065080285072327,768,768
ViT-B-16,identity,model.visual.transformer.resblocks.1.attn.o.weight,55,cosine_similarity,0.0849388837814331,768,768
ViT-B-16,actmat,model.visual.transformer.resblocks.7.attn.q.weight,56,cosine_similarity,0.37348270416259766,768,768
ViT-B-16,identity,model.visual.transformer.resblocks.7.attn.q.weight,56,cosine_similarity,0.1954471319913864,768,768
ViT-B-16,actmat,model.visual.transformer.resblocks.7.attn.k.weight,57,cosine_similarity,0.36612075567245483,768,768
ViT-B-16,identity,model.visual.transformer.resblocks.7.attn.k.weight,57,cosine_similarity,0.1954471319913864,768,768
ViT-B-16,actmat,model.visual.transformer.resblocks.7.attn.v.weight,58,cosine_similarity,0.29815682768821716,768,768
ViT-B-16,identity,model.visual.transformer.resblocks.7.attn.v.weight,58,cosine_similarity,0.1954471319913864,768,768
ViT-B-16,actmat,model.visual.transformer.resblocks.7.attn.o.weight,59,cosine_similarity,0.36167341470718384,768,768
ViT-B-16,identity,model.visual.transformer.resblocks.7.attn.o.weight,59,cosine_similarity,0.135966956615448,768,768
ViT-B-16,actmat,model.visual.transformer.resblocks.6.attn.q.weight,60,cosine_similarity,0.37162911891937256,768,768
ViT-B-16,identity,model.visual.transformer.resblocks.6.attn.q.weight,60,cosine_similarity,0.23156440258026123,768,768
ViT-B-16,actmat,model.visual.transformer.resblocks.6.attn.k.weight,61,cosine_similarity,0.3478832542896271,768,768
ViT-B-16,identity,model.visual.transformer.resblocks.6.attn.k.weight,61,cosine_similarity,0.23156440258026123,768,768
ViT-B-16,actmat,model.visual.transformer.resblocks.6.attn.v.weight,62,cosine_similarity,0.29899531602859497,768,768
ViT-B-16,identity,model.visual.transformer.resblocks.6.attn.v.weight,62,cosine_similarity,0.23156440258026123,768,768
ViT-B-16,actmat,model.visual.transformer.resblocks.6.attn.o.weight,63,cosine_similarity,0.33908677101135254,768,768
ViT-B-16,identity,model.visual.transformer.resblocks.6.attn.o.weight,63,cosine_similarity,0.15844261646270752,768,768
ViT-B-16,actmat,model.visual.transformer.resblocks.4.attn.q.weight,64,cosine_similarity,0.34064602851867676,768,768
ViT-B-16,identity,model.visual.transformer.resblocks.4.attn.q.weight,64,cosine_similarity,0.21955431997776031,768,768
ViT-B-16,actmat,model.visual.transformer.resblocks.4.attn.k.weight,65,cosine_similarity,0.3124033212661743,768,768
ViT-B-16,identity,model.visual.transformer.resblocks.4.attn.k.weight,65,cosine_similarity,0.21955431997776031,768,768
ViT-B-16,actmat,model.visual.transformer.resblocks.4.attn.v.weight,66,cosine_similarity,0.2967167794704437,768,768
ViT-B-16,identity,model.visual.transformer.resblocks.4.attn.v.weight,66,cosine_similarity,0.21955431997776031,768,768
ViT-B-16,actmat,model.visual.transformer.resblocks.4.attn.o.weight,67,cosine_similarity,0.3625098168849945,768,768
ViT-B-16,identity,model.visual.transformer.resblocks.4.attn.o.weight,67,cosine_similarity,0.16149476170539856,768,768
ViT-B-16,actmat,model.visual.transformer.resblocks.5.attn.q.weight,68,cosine_similarity,0.2962031364440918,768,768
ViT-B-16,identity,model.visual.transformer.resblocks.5.attn.q.weight,68,cosine_similarity,0.21146008372306824,768,768
ViT-B-16,actmat,model.visual.transformer.resblocks.5.attn.k.weight,69,cosine_similarity,0.29071521759033203,768,768
ViT-B-16,identity,model.visual.transformer.resblocks.5.attn.k.weight,69,cosine_similarity,0.21146008372306824,768,768
ViT-B-16,actmat,model.visual.transformer.resblocks.5.attn.v.weight,70,cosine_similarity,0.2725967764854431,768,768
ViT-B-16,identity,model.visual.transformer.resblocks.5.attn.v.weight,70,cosine_similarity,0.21146008372306824,768,768
ViT-B-16,actmat,model.visual.transformer.resblocks.5.attn.o.weight,71,cosine_similarity,0.35037073493003845,768,768
ViT-B-16,identity,model.visual.transformer.resblocks.5.attn.o.weight,71,cosine_similarity,0.17235462367534637,768,768
ViT-B-32,actmat,model.visual.transformer.resblocks.0.mlp.c_fc.weight,0,cosine_similarity,0.187107115983963,768,3072
ViT-B-32,identity,model.visual.transformer.resblocks.0.mlp.c_fc.weight,0,cosine_similarity,0.0809430480003357,768,3072
ViT-B-32,actmat,model.visual.transformer.resblocks.0.mlp.c_proj.weight,1,cosine_similarity,0.31207555532455444,3072,768
ViT-B-32,identity,model.visual.transformer.resblocks.0.mlp.c_proj.weight,1,cosine_similarity,0.041368041187524796,3072,768
ViT-B-32,actmat,model.visual.transformer.resblocks.1.mlp.c_fc.weight,2,cosine_similarity,0.41289663314819336,768,3072
ViT-B-32,identity,model.visual.transformer.resblocks.1.mlp.c_fc.weight,2,cosine_similarity,0.22133372724056244,768,3072
ViT-B-32,actmat,model.visual.transformer.resblocks.1.mlp.c_proj.weight,3,cosine_similarity,0.5229434967041016,3072,768
ViT-B-32,identity,model.visual.transformer.resblocks.1.mlp.c_proj.weight,3,cosine_similarity,0.08094578981399536,3072,768
ViT-B-32,actmat,model.visual.transformer.resblocks.2.mlp.c_fc.weight,4,cosine_similarity,0.30182093381881714,768,3072
ViT-B-32,identity,model.visual.transformer.resblocks.2.mlp.c_fc.weight,4,cosine_similarity,0.16533204913139343,768,3072
ViT-B-32,actmat,model.visual.transformer.resblocks.2.mlp.c_proj.weight,5,cosine_similarity,0.5995209813117981,3072,768
ViT-B-32,identity,model.visual.transformer.resblocks.2.mlp.c_proj.weight,5,cosine_similarity,0.0848449170589447,3072,768
ViT-B-32,actmat,model.visual.transformer.resblocks.3.mlp.c_fc.weight,6,cosine_similarity,0.2730005979537964,768,3072
ViT-B-32,identity,model.visual.transformer.resblocks.3.mlp.c_fc.weight,6,cosine_similarity,0.1306728720664978,768,3072
ViT-B-32,actmat,model.visual.transformer.resblocks.3.mlp.c_proj.weight,7,cosine_similarity,0.5010611414909363,3072,768
ViT-B-32,identity,model.visual.transformer.resblocks.3.mlp.c_proj.weight,7,cosine_similarity,0.07532544434070587,3072,768
ViT-B-32,actmat,model.visual.transformer.resblocks.4.mlp.c_fc.weight,8,cosine_similarity,0.22123415768146515,768,3072
ViT-B-32,identity,model.visual.transformer.resblocks.4.mlp.c_fc.weight,8,cosine_similarity,0.12187761068344116,768,3072
ViT-B-32,actmat,model.visual.transformer.resblocks.4.mlp.c_proj.weight,9,cosine_similarity,0.516563355922699,3072,768
ViT-B-32,identity,model.visual.transformer.resblocks.4.mlp.c_proj.weight,9,cosine_similarity,0.0895783007144928,3072,768
ViT-B-32,actmat,model.visual.transformer.resblocks.5.mlp.c_fc.weight,10,cosine_similarity,0.2233806550502777,768,3072
ViT-B-32,identity,model.visual.transformer.resblocks.5.mlp.c_fc.weight,10,cosine_similarity,0.1079181581735611,768,3072
ViT-B-32,actmat,model.visual.transformer.resblocks.5.mlp.c_proj.weight,11,cosine_similarity,0.504673182964325,3072,768
ViT-B-32,identity,model.visual.transformer.resblocks.5.mlp.c_proj.weight,11,cosine_similarity,0.06977870315313339,3072,768
ViT-B-32,actmat,model.visual.transformer.resblocks.6.mlp.c_fc.weight,12,cosine_similarity,0.2542257308959961,768,3072
ViT-B-32,identity,model.visual.transformer.resblocks.6.mlp.c_fc.weight,12,cosine_similarity,0.09966129064559937,768,3072
ViT-B-32,actmat,model.visual.transformer.resblocks.6.mlp.c_proj.weight,13,cosine_similarity,0.5138392448425293,3072,768
ViT-B-32,identity,model.visual.transformer.resblocks.6.mlp.c_proj.weight,13,cosine_similarity,0.06313564628362656,3072,768
ViT-B-32,actmat,model.visual.transformer.resblocks.7.mlp.c_fc.weight,14,cosine_similarity,0.3029857277870178,768,3072
ViT-B-32,identity,model.visual.transformer.resblocks.7.mlp.c_fc.weight,14,cosine_similarity,0.09949744492769241,768,3072
ViT-B-32,actmat,model.visual.transformer.resblocks.7.mlp.c_proj.weight,15,cosine_similarity,0.47919294238090515,3072,768
ViT-B-32,identity,model.visual.transformer.resblocks.7.mlp.c_proj.weight,15,cosine_similarity,0.06399860233068466,3072,768
ViT-B-32,actmat,model.visual.transformer.resblocks.8.mlp.c_fc.weight,16,cosine_similarity,0.41237324476242065,768,3072
ViT-B-32,identity,model.visual.transformer.resblocks.8.mlp.c_fc.weight,16,cosine_similarity,0.11823832243680954,768,3072
ViT-B-32,actmat,model.visual.transformer.resblocks.8.mlp.c_proj.weight,17,cosine_similarity,0.2994937002658844,3072,768
ViT-B-32,identity,model.visual.transformer.resblocks.8.mlp.c_proj.weight,17,cosine_similarity,0.098039910197258,3072,768
ViT-B-32,actmat,model.visual.transformer.resblocks.9.mlp.c_fc.weight,18,cosine_similarity,0.5402436256408691,768,3072
ViT-B-32,identity,model.visual.transformer.resblocks.9.mlp.c_fc.weight,18,cosine_similarity,0.15110796689987183,768,3072
ViT-B-32,actmat,model.visual.transformer.resblocks.9.mlp.c_proj.weight,19,cosine_similarity,0.07882718741893768,3072,768
ViT-B-32,identity,model.visual.transformer.resblocks.9.mlp.c_proj.weight,19,cosine_similarity,0.12357069551944733,3072,768
ViT-B-32,actmat,model.visual.transformer.resblocks.10.mlp.c_fc.weight,20,cosine_similarity,0.3545528054237366,768,3072
ViT-B-32,identity,model.visual.transformer.resblocks.10.mlp.c_fc.weight,20,cosine_similarity,0.12928496301174164,768,3072
ViT-B-32,actmat,model.visual.transformer.resblocks.10.mlp.c_proj.weight,21,cosine_similarity,0.09886109828948975,3072,768
ViT-B-32,identity,model.visual.transformer.resblocks.10.mlp.c_proj.weight,21,cosine_similarity,0.11702418327331543,3072,768
ViT-B-32,actmat,model.visual.transformer.resblocks.11.mlp.c_fc.weight,22,cosine_similarity,0.042326316237449646,768,3072
ViT-B-32,identity,model.visual.transformer.resblocks.11.mlp.c_fc.weight,22,cosine_similarity,0.08090084791183472,768,3072
ViT-B-32,actmat,model.visual.transformer.resblocks.11.mlp.c_proj.weight,23,cosine_similarity,0.27170681953430176,3072,768
ViT-B-32,identity,model.visual.transformer.resblocks.11.mlp.c_proj.weight,23,cosine_similarity,0.03567573055624962,3072,768
ViT-B-32,actmat,model.visual.transformer.resblocks.9.attn.q.weight,24,cosine_similarity,0.39885249733924866,768,768
ViT-B-32,identity,model.visual.transformer.resblocks.9.attn.q.weight,24,cosine_similarity,0.18517546355724335,768,768
ViT-B-32,actmat,model.visual.transformer.resblocks.9.attn.k.weight,25,cosine_similarity,0.379578173160553,768,768
ViT-B-32,identity,model.visual.transformer.resblocks.9.attn.k.weight,25,cosine_similarity,0.18517546355724335,768,768
ViT-B-32,actmat,model.visual.transformer.resblocks.9.attn.v.weight,26,cosine_similarity,0.33793312311172485,768,768
ViT-B-32,identity,model.visual.transformer.resblocks.9.attn.v.weight,26,cosine_similarity,0.18517546355724335,768,768
ViT-B-32,actmat,model.visual.transformer.resblocks.9.attn.o.weight,27,cosine_similarity,0.42459553480148315,768,768
ViT-B-32,identity,model.visual.transformer.resblocks.9.attn.o.weight,27,cosine_similarity,0.14409516751766205,768,768
ViT-B-32,actmat,model.visual.transformer.resblocks.3.attn.q.weight,28,cosine_similarity,0.32140427827835083,768,768
ViT-B-32,identity,model.visual.transformer.resblocks.3.attn.q.weight,28,cosine_similarity,0.18644392490386963,768,768
ViT-B-32,actmat,model.visual.transformer.resblocks.3.attn.k.weight,29,cosine_similarity,0.32843655347824097,768,768
ViT-B-32,identity,model.visual.transformer.resblocks.3.attn.k.weight,29,cosine_similarity,0.18644392490386963,768,768
ViT-B-32,actmat,model.visual.transformer.resblocks.3.attn.v.weight,30,cosine_similarity,0.3129993975162506,768,768
ViT-B-32,identity,model.visual.transformer.resblocks.3.attn.v.weight,30,cosine_similarity,0.18644392490386963,768,768
ViT-B-32,actmat,model.visual.transformer.resblocks.3.attn.o.weight,31,cosine_similarity,0.3288189172744751,768,768
ViT-B-32,identity,model.visual.transformer.resblocks.3.attn.o.weight,31,cosine_similarity,0.1455104947090149,768,768
ViT-B-32,actmat,model.visual.transformer.resblocks.11.attn.q.weight,32,cosine_similarity,0.030261430889368057,768,768
ViT-B-32,identity,model.visual.transformer.resblocks.11.attn.q.weight,32,cosine_similarity,0.1095605194568634,768,768
ViT-B-32,actmat,model.visual.transformer.resblocks.11.attn.k.weight,33,cosine_similarity,0.1281217336654663,768,768
ViT-B-32,identity,model.visual.transformer.resblocks.11.attn.k.weight,33,cosine_similarity,0.1095605194568634,768,768
ViT-B-32,actmat,model.visual.transformer.resblocks.11.attn.v.weight,34,cosine_similarity,0.09099642932415009,768,768
ViT-B-32,identity,model.visual.transformer.resblocks.11.attn.v.weight,34,cosine_similarity,0.1095605194568634,768,768
ViT-B-32,actmat,model.visual.transformer.resblocks.11.attn.o.weight,35,cosine_similarity,0.16176339983940125,768,768
ViT-B-32,identity,model.visual.transformer.resblocks.11.attn.o.weight,35,cosine_similarity,0.11395782977342606,768,768
ViT-B-32,actmat,model.visual.transformer.resblocks.0.attn.q.weight,36,cosine_similarity,0.21239283680915833,768,768
ViT-B-32,identity,model.visual.transformer.resblocks.0.attn.q.weight,36,cosine_similarity,0.1393159180879593,768,768
ViT-B-32,actmat,model.visual.transformer.resblocks.0.attn.k.weight,37,cosine_similarity,0.1685817539691925,768,768
ViT-B-32,identity,model.visual.transformer.resblocks.0.attn.k.weight,37,cosine_similarity,0.1393159180879593,768,768
ViT-B-32,actmat,model.visual.transformer.resblocks.0.attn.v.weight,38,cosine_similarity,0.17505577206611633,768,768
ViT-B-32,identity,model.visual.transformer.resblocks.0.attn.v.weight,38,cosine_similarity,0.1393159180879593,768,768
ViT-B-32,actmat,model.visual.transformer.resblocks.0.attn.o.weight,39,cosine_similarity,0.24671581387519836,768,768
ViT-B-32,identity,model.visual.transformer.resblocks.0.attn.o.weight,39,cosine_similarity,0.10276690125465393,768,768
ViT-B-32,actmat,model.visual.transformer.resblocks.10.attn.q.weight,40,cosine_similarity,0.32864177227020264,768,768
ViT-B-32,identity,model.visual.transformer.resblocks.10.attn.q.weight,40,cosine_similarity,0.1701178252696991,768,768
ViT-B-32,actmat,model.visual.transformer.resblocks.10.attn.k.weight,41,cosine_similarity,0.3193555474281311,768,768
ViT-B-32,identity,model.visual.transformer.resblocks.10.attn.k.weight,41,cosine_similarity,0.1701178252696991,768,768
ViT-B-32,actmat,model.visual.transformer.resblocks.10.attn.v.weight,42,cosine_similarity,0.2822379469871521,768,768
ViT-B-32,identity,model.visual.transformer.resblocks.10.attn.v.weight,42,cosine_similarity,0.1701178252696991,768,768
ViT-B-32,actmat,model.visual.transformer.resblocks.10.attn.o.weight,43,cosine_similarity,0.4453069567680359,768,768
ViT-B-32,identity,model.visual.transformer.resblocks.10.attn.o.weight,43,cosine_similarity,0.16622993350028992,768,768
ViT-B-32,actmat,model.visual.transformer.resblocks.8.attn.q.weight,44,cosine_similarity,0.4335908591747284,768,768
ViT-B-32,identity,model.visual.transformer.resblocks.8.attn.q.weight,44,cosine_similarity,0.1905195713043213,768,768
ViT-B-32,actmat,model.visual.transformer.resblocks.8.attn.k.weight,45,cosine_similarity,0.3869209289550781,768,768
ViT-B-32,identity,model.visual.transformer.resblocks.8.attn.k.weight,45,cosine_similarity,0.1905195713043213,768,768
ViT-B-32,actmat,model.visual.transformer.resblocks.8.attn.v.weight,46,cosine_similarity,0.3317239582538605,768,768
ViT-B-32,identity,model.visual.transformer.resblocks.8.attn.v.weight,46,cosine_similarity,0.1905195713043213,768,768
ViT-B-32,actmat,model.visual.transformer.resblocks.8.attn.o.weight,47,cosine_similarity,0.36575213074684143,768,768
ViT-B-32,identity,model.visual.transformer.resblocks.8.attn.o.weight,47,cosine_similarity,0.14639876782894135,768,768
ViT-B-32,actmat,model.visual.transformer.resblocks.2.attn.q.weight,48,cosine_similarity,0.2876583933830261,768,768
ViT-B-32,identity,model.visual.transformer.resblocks.2.attn.q.weight,48,cosine_similarity,0.17242549359798431,768,768
ViT-B-32,actmat,model.visual.transformer.resblocks.2.attn.k.weight,49,cosine_similarity,0.27693235874176025,768,768
ViT-B-32,identity,model.visual.transformer.resblocks.2.attn.k.weight,49,cosine_similarity,0.17242549359798431,768,768
ViT-B-32,actmat,model.visual.transformer.resblocks.2.attn.v.weight,50,cosine_similarity,0.2901499569416046,768,768
ViT-B-32,identity,model.visual.transformer.resblocks.2.attn.v.weight,50,cosine_similarity,0.17242549359798431,768,768
ViT-B-32,actmat,model.visual.transformer.resblocks.2.attn.o.weight,51,cosine_similarity,0.306141197681427,768,768
ViT-B-32,identity,model.visual.transformer.resblocks.2.attn.o.weight,51,cosine_similarity,0.12801691889762878,768,768
ViT-B-32,actmat,model.visual.transformer.resblocks.1.attn.q.weight,52,cosine_similarity,0.25894230604171753,768,768
ViT-B-32,identity,model.visual.transformer.resblocks.1.attn.q.weight,52,cosine_similarity,0.15772739052772522,768,768
ViT-B-32,actmat,model.visual.transformer.resblocks.1.attn.k.weight,53,cosine_similarity,0.23884208500385284,768,768
ViT-B-32,identity,model.visual.transformer.resblocks.1.attn.k.weight,53,cosine_similarity,0.15772739052772522,768,768
ViT-B-32,actmat,model.visual.transformer.resblocks.1.attn.v.weight,54,cosine_similarity,0.2596592307090759,768,768
ViT-B-32,identity,model.visual.transformer.resblocks.1.attn.v.weight,54,cosine_similarity,0.15772739052772522,768,768
ViT-B-32,actmat,model.visual.transformer.resblocks.1.attn.o.weight,55,cosine_similarity,0.24792158603668213,768,768
ViT-B-32,identity,model.visual.transformer.resblocks.1.attn.o.weight,55,cosine_similarity,0.09125596284866333,768,768
ViT-B-32,actmat,model.visual.transformer.resblocks.7.attn.q.weight,56,cosine_similarity,0.40063852071762085,768,768
ViT-B-32,identity,model.visual.transformer.resblocks.7.attn.q.weight,56,cosine_similarity,0.19812998175621033,768,768
ViT-B-32,actmat,model.visual.transformer.resblocks.7.attn.k.weight,57,cosine_similarity,0.3755379319190979,768,768
ViT-B-32,identity,model.visual.transformer.resblocks.7.attn.k.weight,57,cosine_similarity,0.19812998175621033,768,768
ViT-B-32,actmat,model.visual.transformer.resblocks.7.attn.v.weight,58,cosine_similarity,0.3128854036331177,768,768
ViT-B-32,identity,model.visual.transformer.resblocks.7.attn.v.weight,58,cosine_similarity,0.19812998175621033,768,768
ViT-B-32,actmat,model.visual.transformer.resblocks.7.attn.o.weight,59,cosine_similarity,0.33001992106437683,768,768
ViT-B-32,identity,model.visual.transformer.resblocks.7.attn.o.weight,59,cosine_similarity,0.1293877363204956,768,768
ViT-B-32,actmat,model.visual.transformer.resblocks.6.attn.q.weight,60,cosine_similarity,0.3862413167953491,768,768
ViT-B-32,identity,model.visual.transformer.resblocks.6.attn.q.weight,60,cosine_similarity,0.21512523293495178,768,768
ViT-B-32,actmat,model.visual.transformer.resblocks.6.attn.k.weight,61,cosine_similarity,0.36636972427368164,768,768
ViT-B-32,identity,model.visual.transformer.resblocks.6.attn.k.weight,61,cosine_similarity,0.21512523293495178,768,768
ViT-B-32,actmat,model.visual.transformer.resblocks.6.attn.v.weight,62,cosine_similarity,0.2877920866012573,768,768
ViT-B-32,identity,model.visual.transformer.resblocks.6.attn.v.weight,62,cosine_similarity,0.21512523293495178,768,768
ViT-B-32,actmat,model.visual.transformer.resblocks.6.attn.o.weight,63,cosine_similarity,0.3182515501976013,768,768
ViT-B-32,identity,model.visual.transformer.resblocks.6.attn.o.weight,63,cosine_similarity,0.1481935828924179,768,768
ViT-B-32,actmat,model.visual.transformer.resblocks.4.attn.q.weight,64,cosine_similarity,0.34662020206451416,768,768
ViT-B-32,identity,model.visual.transformer.resblocks.4.attn.q.weight,64,cosine_similarity,0.20299461483955383,768,768
ViT-B-32,actmat,model.visual.transformer.resblocks.4.attn.k.weight,65,cosine_similarity,0.33666491508483887,768,768
ViT-B-32,identity,model.visual.transformer.resblocks.4.attn.k.weight,65,cosine_similarity,0.20299461483955383,768,768
ViT-B-32,actmat,model.visual.transformer.resblocks.4.attn.v.weight,66,cosine_similarity,0.31664371490478516,768,768
ViT-B-32,identity,model.visual.transformer.resblocks.4.attn.v.weight,66,cosine_similarity,0.20299461483955383,768,768
ViT-B-32,actmat,model.visual.transformer.resblocks.4.attn.o.weight,67,cosine_similarity,0.35086125135421753,768,768
ViT-B-32,identity,model.visual.transformer.resblocks.4.attn.o.weight,67,cosine_similarity,0.21268340945243835,768,768
ViT-B-32,actmat,model.visual.transformer.resblocks.5.attn.q.weight,68,cosine_similarity,0.41699087619781494,768,768
ViT-B-32,identity,model.visual.transformer.resblocks.5.attn.q.weight,68,cosine_similarity,0.22888872027397156,768,768
ViT-B-32,actmat,model.visual.transformer.resblocks.5.attn.k.weight,69,cosine_similarity,0.3888583183288574,768,768
ViT-B-32,identity,model.visual.transformer.resblocks.5.attn.k.weight,69,cosine_similarity,0.22888872027397156,768,768
ViT-B-32,actmat,model.visual.transformer.resblocks.5.attn.v.weight,70,cosine_similarity,0.3417343199253082,768,768
ViT-B-32,identity,model.visual.transformer.resblocks.5.attn.v.weight,70,cosine_similarity,0.22888872027397156,768,768
ViT-B-32,actmat,model.visual.transformer.resblocks.5.attn.o.weight,71,cosine_similarity,0.33379092812538147,768,768
ViT-B-32,identity,model.visual.transformer.resblocks.5.attn.o.weight,71,cosine_similarity,0.14508208632469177,768,768
ViT-L-14,actmat,model.visual.transformer.resblocks.0.mlp.c_fc.weight,0,cosine_similarity,0.12620952725410461,1024,4096
ViT-L-14,identity,model.visual.transformer.resblocks.0.mlp.c_fc.weight,0,cosine_similarity,0.06323985755443573,1024,4096
ViT-L-14,actmat,model.visual.transformer.resblocks.0.mlp.c_proj.weight,1,cosine_similarity,0.1391274780035019,4096,1024
ViT-L-14,identity,model.visual.transformer.resblocks.0.mlp.c_proj.weight,1,cosine_similarity,0.029931744560599327,4096,1024
ViT-L-14,actmat,model.visual.transformer.resblocks.1.mlp.c_fc.weight,2,cosine_similarity,0.12450681626796722,1024,4096
ViT-L-14,identity,model.visual.transformer.resblocks.1.mlp.c_fc.weight,2,cosine_similarity,0.061000894755125046,1024,4096
ViT-L-14,actmat,model.visual.transformer.resblocks.1.mlp.c_proj.weight,3,cosine_similarity,0.42198604345321655,4096,1024
ViT-L-14,identity,model.visual.transformer.resblocks.1.mlp.c_proj.weight,3,cosine_similarity,0.0260181725025177,4096,1024
ViT-L-14,actmat,model.visual.transformer.resblocks.2.mlp.c_fc.weight,4,cosine_similarity,0.12552344799041748,1024,4096
ViT-L-14,identity,model.visual.transformer.resblocks.2.mlp.c_fc.weight,4,cosine_similarity,0.07530651986598969,1024,4096
ViT-L-14,actmat,model.visual.transformer.resblocks.2.mlp.c_proj.weight,5,cosine_similarity,0.3635532259941101,4096,1024
ViT-L-14,identity,model.visual.transformer.resblocks.2.mlp.c_proj.weight,5,cosine_similarity,0.02757132425904274,4096,1024
ViT-L-14,actmat,model.visual.transformer.resblocks.3.mlp.c_fc.weight,6,cosine_similarity,0.17104394733905792,1024,4096
ViT-L-14,identity,model.visual.transformer.resblocks.3.mlp.c_fc.weight,6,cosine_similarity,0.058144986629486084,1024,4096
ViT-L-14,actmat,model.visual.transformer.resblocks.3.mlp.c_proj.weight,7,cosine_similarity,0.5526468753814697,4096,1024
ViT-L-14,identity,model.visual.transformer.resblocks.3.mlp.c_proj.weight,7,cosine_similarity,0.026963919401168823,4096,1024
ViT-L-14,actmat,model.visual.transformer.resblocks.4.mlp.c_fc.weight,8,cosine_similarity,0.2110934555530548,1024,4096
ViT-L-14,identity,model.visual.transformer.resblocks.4.mlp.c_fc.weight,8,cosine_similarity,0.06374361366033554,1024,4096
ViT-L-14,actmat,model.visual.transformer.resblocks.4.mlp.c_proj.weight,9,cosine_similarity,0.6376900672912598,4096,1024
ViT-L-14,identity,model.visual.transformer.resblocks.4.mlp.c_proj.weight,9,cosine_similarity,0.03276393562555313,4096,1024
ViT-L-14,actmat,model.visual.transformer.resblocks.5.mlp.c_fc.weight,10,cosine_similarity,0.28236010670661926,1024,4096
ViT-L-14,identity,model.visual.transformer.resblocks.5.mlp.c_fc.weight,10,cosine_similarity,0.06449864059686661,1024,4096
ViT-L-14,actmat,model.visual.transformer.resblocks.5.mlp.c_proj.weight,11,cosine_similarity,0.6271536350250244,4096,1024
ViT-L-14,identity,model.visual.transformer.resblocks.5.mlp.c_proj.weight,11,cosine_similarity,0.03430616855621338,4096,1024
ViT-L-14,actmat,model.visual.transformer.resblocks.6.mlp.c_fc.weight,12,cosine_similarity,0.278495192527771,1024,4096
ViT-L-14,identity,model.visual.transformer.resblocks.6.mlp.c_fc.weight,12,cosine_similarity,0.07379789650440216,1024,4096
ViT-L-14,actmat,model.visual.transformer.resblocks.6.mlp.c_proj.weight,13,cosine_similarity,0.6506833434104919,4096,1024
ViT-L-14,identity,model.visual.transformer.resblocks.6.mlp.c_proj.weight,13,cosine_similarity,0.04425257444381714,4096,1024
ViT-L-14,actmat,model.visual.transformer.resblocks.7.mlp.c_fc.weight,14,cosine_similarity,0.31867754459381104,1024,4096
ViT-L-14,identity,model.visual.transformer.resblocks.7.mlp.c_fc.weight,14,cosine_similarity,0.08774565905332565,1024,4096
ViT-L-14,actmat,model.visual.transformer.resblocks.7.mlp.c_proj.weight,15,cosine_similarity,0.6593620777130127,4096,1024
ViT-L-14,identity,model.visual.transformer.resblocks.7.mlp.c_proj.weight,15,cosine_similarity,0.050005264580249786,4096,1024
ViT-L-14,actmat,model.visual.transformer.resblocks.8.mlp.c_fc.weight,16,cosine_similarity,0.2939870357513428,1024,4096
ViT-L-14,identity,model.visual.transformer.resblocks.8.mlp.c_fc.weight,16,cosine_similarity,0.09542810916900635,1024,4096
ViT-L-14,actmat,model.visual.transformer.resblocks.8.mlp.c_proj.weight,17,cosine_similarity,0.6430684924125671,4096,1024
ViT-L-14,identity,model.visual.transformer.resblocks.8.mlp.c_proj.weight,17,cosine_similarity,0.06088566035032272,4096,1024
ViT-L-14,actmat,model.visual.transformer.resblocks.9.mlp.c_fc.weight,18,cosine_similarity,0.28469714522361755,1024,4096
ViT-L-14,identity,model.visual.transformer.resblocks.9.mlp.c_fc.weight,18,cosine_similarity,0.09985750913619995,1024,4096
ViT-L-14,actmat,model.visual.transformer.resblocks.9.mlp.c_proj.weight,19,cosine_similarity,0.624341607093811,4096,1024
ViT-L-14,identity,model.visual.transformer.resblocks.9.mlp.c_proj.weight,19,cosine_similarity,0.06954385340213776,4096,1024
ViT-L-14,actmat,model.visual.transformer.resblocks.10.mlp.c_fc.weight,20,cosine_similarity,0.31795984506607056,1024,4096
ViT-L-14,identity,model.visual.transformer.resblocks.10.mlp.c_fc.weight,20,cosine_similarity,0.10570564866065979,1024,4096
ViT-L-14,actmat,model.visual.transformer.resblocks.10.mlp.c_proj.weight,21,cosine_similarity,0.612514853477478,4096,1024
ViT-L-14,identity,model.visual.transformer.resblocks.10.mlp.c_proj.weight,21,cosine_similarity,0.06981436163187027,4096,1024
ViT-L-14,actmat,model.visual.transformer.resblocks.11.mlp.c_fc.weight,22,cosine_similarity,0.3464851975440979,1024,4096
ViT-L-14,identity,model.visual.transformer.resblocks.11.mlp.c_fc.weight,22,cosine_similarity,0.10681721568107605,1024,4096
ViT-L-14,actmat,model.visual.transformer.resblocks.11.mlp.c_proj.weight,23,cosine_similarity,0.4855806827545166,4096,1024
ViT-L-14,identity,model.visual.transformer.resblocks.11.mlp.c_proj.weight,23,cosine_similarity,0.061756670475006104,4096,1024
ViT-L-14,actmat,model.visual.transformer.resblocks.12.mlp.c_fc.weight,24,cosine_similarity,0.3505447506904602,1024,4096
ViT-L-14,identity,model.visual.transformer.resblocks.12.mlp.c_fc.weight,24,cosine_similarity,0.10922907292842865,1024,4096
ViT-L-14,actmat,model.visual.transformer.resblocks.12.mlp.c_proj.weight,25,cosine_similarity,0.16722670197486877,4096,1024
ViT-L-14,identity,model.visual.transformer.resblocks.12.mlp.c_proj.weight,25,cosine_similarity,0.03197776526212692,4096,1024
ViT-L-14,actmat,model.visual.transformer.resblocks.13.mlp.c_fc.weight,26,cosine_similarity,0.445860892534256,1024,4096
ViT-L-14,identity,model.visual.transformer.resblocks.13.mlp.c_fc.weight,26,cosine_similarity,0.11856669187545776,1024,4096
ViT-L-14,actmat,model.visual.transformer.resblocks.13.mlp.c_proj.weight,27,cosine_similarity,0.6502187252044678,4096,1024
ViT-L-14,identity,model.visual.transformer.resblocks.13.mlp.c_proj.weight,27,cosine_similarity,0.06138410419225693,4096,1024
ViT-L-14,actmat,model.visual.transformer.resblocks.14.mlp.c_fc.weight,28,cosine_similarity,0.5090100765228271,1024,4096
ViT-L-14,identity,model.visual.transformer.resblocks.14.mlp.c_fc.weight,28,cosine_similarity,0.13265720009803772,1024,4096
ViT-L-14,actmat,model.visual.transformer.resblocks.14.mlp.c_proj.weight,29,cosine_similarity,0.6455156803131104,4096,1024
ViT-L-14,identity,model.visual.transformer.resblocks.14.mlp.c_proj.weight,29,cosine_similarity,0.0654076337814331,4096,1024
ViT-L-14,actmat,model.visual.transformer.resblocks.15.mlp.c_fc.weight,30,cosine_similarity,0.5280051231384277,1024,4096
ViT-L-14,identity,model.visual.transformer.resblocks.15.mlp.c_fc.weight,30,cosine_similarity,0.13734611868858337,1024,4096
ViT-L-14,actmat,model.visual.transformer.resblocks.15.mlp.c_proj.weight,31,cosine_similarity,0.6041478514671326,4096,1024
ViT-L-14,identity,model.visual.transformer.resblocks.15.mlp.c_proj.weight,31,cosine_similarity,0.06940346956253052,4096,1024
ViT-L-14,actmat,model.visual.transformer.resblocks.16.mlp.c_fc.weight,32,cosine_similarity,0.5614389181137085,1024,4096
ViT-L-14,identity,model.visual.transformer.resblocks.16.mlp.c_fc.weight,32,cosine_similarity,0.14588244259357452,1024,4096
ViT-L-14,actmat,model.visual.transformer.resblocks.16.mlp.c_proj.weight,33,cosine_similarity,0.5722267031669617,4096,1024
ViT-L-14,identity,model.visual.transformer.resblocks.16.mlp.c_proj.weight,33,cosine_similarity,0.07623210549354553,4096,1024
ViT-L-14,actmat,model.visual.transformer.resblocks.17.mlp.c_fc.weight,34,cosine_similarity,0.5839945077896118,1024,4096
ViT-L-14,identity,model.visual.transformer.resblocks.17.mlp.c_fc.weight,34,cosine_similarity,0.1501312255859375,1024,4096
ViT-L-14,actmat,model.visual.transformer.resblocks.17.mlp.c_proj.weight,35,cosine_similarity,0.4851599931716919,4096,1024
ViT-L-14,identity,model.visual.transformer.resblocks.17.mlp.c_proj.weight,35,cosine_similarity,0.09714151918888092,4096,1024
ViT-L-14,actmat,model.visual.transformer.resblocks.18.mlp.c_fc.weight,36,cosine_similarity,0.5644490122795105,1024,4096
ViT-L-14,identity,model.visual.transformer.resblocks.18.mlp.c_fc.weight,36,cosine_similarity,0.1568080186843872,1024,4096
ViT-L-14,actmat,model.visual.transformer.resblocks.18.mlp.c_proj.weight,37,cosine_similarity,0.3882381021976471,4096,1024
ViT-L-14,identity,model.visual.transformer.resblocks.18.mlp.c_proj.weight,37,cosine_similarity,0.10930676758289337,4096,1024
ViT-L-14,actmat,model.visual.transformer.resblocks.19.mlp.c_fc.weight,38,cosine_similarity,0.49320244789123535,1024,4096
ViT-L-14,identity,model.visual.transformer.resblocks.19.mlp.c_fc.weight,38,cosine_similarity,0.1518421173095703,1024,4096
ViT-L-14,actmat,model.visual.transformer.resblocks.19.mlp.c_proj.weight,39,cosine_similarity,0.26717641949653625,4096,1024
ViT-L-14,identity,model.visual.transformer.resblocks.19.mlp.c_proj.weight,39,cosine_similarity,0.08728296309709549,4096,1024
ViT-L-14,actmat,model.visual.transformer.resblocks.20.mlp.c_fc.weight,40,cosine_similarity,0.41298773884773254,1024,4096
ViT-L-14,identity,model.visual.transformer.resblocks.20.mlp.c_fc.weight,40,cosine_similarity,0.135446697473526,1024,4096
ViT-L-14,actmat,model.visual.transformer.resblocks.20.mlp.c_proj.weight,41,cosine_similarity,0.03091026283800602,4096,1024
ViT-L-14,identity,model.visual.transformer.resblocks.20.mlp.c_proj.weight,41,cosine_similarity,0.028348106890916824,4096,1024
ViT-L-14,actmat,model.visual.transformer.resblocks.21.mlp.c_fc.weight,42,cosine_similarity,0.2537718415260315,1024,4096
ViT-L-14,identity,model.visual.transformer.resblocks.21.mlp.c_fc.weight,42,cosine_similarity,0.10599780082702637,1024,4096
ViT-L-14,actmat,model.visual.transformer.resblocks.21.mlp.c_proj.weight,43,cosine_similarity,0.040720194578170776,4096,1024
ViT-L-14,identity,model.visual.transformer.resblocks.21.mlp.c_proj.weight,43,cosine_similarity,0.03563821688294411,4096,1024
ViT-L-14,actmat,model.visual.transformer.resblocks.22.mlp.c_fc.weight,44,cosine_similarity,0.186460942029953,1024,4096
ViT-L-14,identity,model.visual.transformer.resblocks.22.mlp.c_fc.weight,44,cosine_similarity,0.09850198030471802,1024,4096
ViT-L-14,actmat,model.visual.transformer.resblocks.22.mlp.c_proj.weight,45,cosine_similarity,0.10703152418136597,4096,1024
ViT-L-14,identity,model.visual.transformer.resblocks.22.mlp.c_proj.weight,45,cosine_similarity,0.050321344286203384,4096,1024
ViT-L-14,actmat,model.visual.transformer.resblocks.23.mlp.c_fc.weight,46,cosine_similarity,0.0736861303448677,1024,4096
ViT-L-14,identity,model.visual.transformer.resblocks.23.mlp.c_fc.weight,46,cosine_similarity,0.08737761527299881,1024,4096
ViT-L-14,actmat,model.visual.transformer.resblocks.23.mlp.c_proj.weight,47,cosine_similarity,0.44835329055786133,4096,1024
ViT-L-14,identity,model.visual.transformer.resblocks.23.mlp.c_proj.weight,47,cosine_similarity,0.050701435655355453,4096,1024
ViT-L-14,actmat,model.visual.transformer.resblocks.9.attn.q.weight,48,cosine_similarity,0.312582790851593,1024,1024
ViT-L-14,identity,model.visual.transformer.resblocks.9.attn.q.weight,48,cosine_similarity,0.20021823048591614,1024,1024
ViT-L-14,actmat,model.visual.transformer.resblocks.9.attn.k.weight,49,cosine_similarity,0.3101920485496521,1024,1024
ViT-L-14,identity,model.visual.transformer.resblocks.9.attn.k.weight,49,cosine_similarity,0.20021823048591614,1024,1024
ViT-L-14,actmat,model.visual.transformer.resblocks.9.attn.v.weight,50,cosine_similarity,0.29305869340896606,1024,1024
ViT-L-14,identity,model.visual.transformer.resblocks.9.attn.v.weight,50,cosine_similarity,0.20021823048591614,1024,1024
ViT-L-14,actmat,model.visual.transformer.resblocks.9.attn.o.weight,51,cosine_similarity,0.3817533254623413,1024,1024
ViT-L-14,identity,model.visual.transformer.resblocks.9.attn.o.weight,51,cosine_similarity,0.15436416864395142,1024,1024
ViT-L-14,actmat,model.visual.transformer.resblocks.18.attn.q.weight,52,cosine_similarity,0.3242412805557251,1024,1024
ViT-L-14,identity,model.visual.transformer.resblocks.18.attn.q.weight,52,cosine_similarity,0.1723019778728485,1024,1024
ViT-L-14,actmat,model.visual.transformer.resblocks.18.attn.k.weight,53,cosine_similarity,0.3812626004219055,1024,1024
ViT-L-14,identity,model.visual.transformer.resblocks.18.attn.k.weight,53,cosine_similarity,0.1723019778728485,1024,1024
ViT-L-14,actmat,model.visual.transformer.resblocks.18.attn.v.weight,54,cosine_similarity,0.3753806948661804,1024,1024
ViT-L-14,identity,model.visual.transformer.resblocks.18.attn.v.weight,54,cosine_similarity,0.1723019778728485,1024,1024
ViT-L-14,actmat,model.visual.transformer.resblocks.18.attn.o.weight,55,cosine_similarity,0.3937610983848572,1024,1024
ViT-L-14,identity,model.visual.transformer.resblocks.18.attn.o.weight,55,cosine_similarity,0.1621168851852417,1024,1024
ViT-L-14,actmat,model.visual.transformer.resblocks.2.attn.q.weight,56,cosine_similarity,0.15323969721794128,1024,1024
ViT-L-14,identity,model.visual.transformer.resblocks.2.attn.q.weight,56,cosine_similarity,0.14350135624408722,1024,1024
ViT-L-14,actmat,model.visual.transformer.resblocks.2.attn.k.weight,57,cosine_similarity,0.1523704081773758,1024,1024
ViT-L-14,identity,model.visual.transformer.resblocks.2.attn.k.weight,57,cosine_similarity,0.14350135624408722,1024,1024
ViT-L-14,actmat,model.visual.transformer.resblocks.2.attn.v.weight,58,cosine_similarity,0.16765683889389038,1024,1024
ViT-L-14,identity,model.visual.transformer.resblocks.2.attn.v.weight,58,cosine_similarity,0.14350135624408722,1024,1024
ViT-L-14,actmat,model.visual.transformer.resblocks.2.attn.o.weight,59,cosine_similarity,0.24994438886642456,1024,1024
ViT-L-14,identity,model.visual.transformer.resblocks.2.attn.o.weight,59,cosine_similarity,0.06798270344734192,1024,1024
ViT-L-14,actmat,model.visual.transformer.resblocks.13.attn.q.weight,60,cosine_similarity,0.32356369495391846,1024,1024
ViT-L-14,identity,model.visual.transformer.resblocks.13.attn.q.weight,60,cosine_similarity,0.1806637942790985,1024,1024
ViT-L-14,actmat,model.visual.transformer.resblocks.13.attn.k.weight,61,cosine_similarity,0.3471452593803406,1024,1024
ViT-L-14,identity,model.visual.transformer.resblocks.13.attn.k.weight,61,cosine_similarity,0.1806637942790985,1024,1024
ViT-L-14,actmat,model.visual.transformer.resblocks.13.attn.v.weight,62,cosine_similarity,0.3180120587348938,1024,1024
ViT-L-14,identity,model.visual.transformer.resblocks.13.attn.v.weight,62,cosine_similarity,0.1806637942790985,1024,1024
ViT-L-14,actmat,model.visual.transformer.resblocks.13.attn.o.weight,63,cosine_similarity,0.3764761686325073,1024,1024
ViT-L-14,identity,model.visual.transformer.resblocks.13.attn.o.weight,63,cosine_similarity,0.1569872796535492,1024,1024
ViT-L-14,actmat,model.visual.transformer.resblocks.22.attn.q.weight,64,cosine_similarity,0.10681033134460449,1024,1024
ViT-L-14,identity,model.visual.transformer.resblocks.22.attn.q.weight,64,cosine_similarity,0.09336584061384201,1024,1024
ViT-L-14,actmat,model.visual.transformer.resblocks.22.attn.k.weight,65,cosine_similarity,0.11254377663135529,1024,1024
ViT-L-14,identity,model.visual.transformer.resblocks.22.attn.k.weight,65,cosine_similarity,0.09336584061384201,1024,1024
ViT-L-14,actmat,model.visual.transformer.resblocks.22.attn.v.weight,66,cosine_similarity,0.22334277629852295,1024,1024
ViT-L-14,identity,model.visual.transformer.resblocks.22.attn.v.weight,66,cosine_similarity,0.09336584061384201,1024,1024
ViT-L-14,actmat,model.visual.transformer.resblocks.22.attn.o.weight,67,cosine_similarity,0.22182078659534454,1024,1024
ViT-L-14,identity,model.visual.transformer.resblocks.22.attn.o.weight,67,cosine_similarity,0.1832951307296753,1024,1024
ViT-L-14,actmat,model.visual.transformer.resblocks.17.attn.q.weight,68,cosine_similarity,0.3473955988883972,1024,1024
ViT-L-14,identity,model.visual.transformer.resblocks.17.attn.q.weight,68,cosine_similarity,0.17498564720153809,1024,1024
ViT-L-14,actmat,model.visual.transformer.resblocks.17.attn.k.weight,69,cosine_similarity,0.38532745838165283,1024,1024
ViT-L-14,identity,model.visual.transformer.resblocks.17.attn.k.weight,69,cosine_similarity,0.17498564720153809,1024,1024
ViT-L-14,actmat,model.visual.transformer.resblocks.17.attn.v.weight,70,cosine_similarity,0.38587796688079834,1024,1024
ViT-L-14,identity,model.visual.transformer.resblocks.17.attn.v.weight,70,cosine_similarity,0.17498564720153809,1024,1024
ViT-L-14,actmat,model.visual.transformer.resblocks.17.attn.o.weight,71,cosine_similarity,0.38710594177246094,1024,1024
ViT-L-14,identity,model.visual.transformer.resblocks.17.attn.o.weight,71,cosine_similarity,0.15924465656280518,1024,1024
ViT-L-14,actmat,model.visual.transformer.resblocks.6.attn.q.weight,72,cosine_similarity,0.2116733342409134,1024,1024
ViT-L-14,identity,model.visual.transformer.resblocks.6.attn.q.weight,72,cosine_similarity,0.14759597182273865,1024,1024
ViT-L-14,actmat,model.visual.transformer.resblocks.6.attn.k.weight,73,cosine_similarity,0.18547874689102173,1024,1024
ViT-L-14,identity,model.visual.transformer.resblocks.6.attn.k.weight,73,cosine_similarity,0.14759597182273865,1024,1024
ViT-L-14,actmat,model.visual.transformer.resblocks.6.attn.v.weight,74,cosine_similarity,0.21490907669067383,1024,1024
ViT-L-14,identity,model.visual.transformer.resblocks.6.attn.v.weight,74,cosine_similarity,0.14759597182273865,1024,1024
ViT-L-14,actmat,model.visual.transformer.resblocks.6.attn.o.weight,75,cosine_similarity,0.3357630968093872,1024,1024
ViT-L-14,identity,model.visual.transformer.resblocks.6.attn.o.weight,75,cosine_similarity,0.1695398986339569,1024,1024
ViT-L-14,actmat,model.visual.transformer.resblocks.12.attn.q.weight,76,cosine_similarity,0.3256698548793793,1024,1024
ViT-L-14,identity,model.visual.transformer.resblocks.12.attn.q.weight,76,cosine_similarity,0.1972859501838684,1024,1024
ViT-L-14,actmat,model.visual.transformer.resblocks.12.attn.k.weight,77,cosine_similarity,0.3424864411354065,1024,1024
ViT-L-14,identity,model.visual.transformer.resblocks.12.attn.k.weight,77,cosine_similarity,0.1972859501838684,1024,1024
ViT-L-14,actmat,model.visual.transformer.resblocks.12.attn.v.weight,78,cosine_similarity,0.30478280782699585,1024,1024
ViT-L-14,identity,model.visual.transformer.resblocks.12.attn.v.weight,78,cosine_similarity,0.1972859501838684,1024,1024
ViT-L-14,actmat,model.visual.transformer.resblocks.12.attn.o.weight,79,cosine_similarity,0.3319315016269684,1024,1024
ViT-L-14,identity,model.visual.transformer.resblocks.12.attn.o.weight,79,cosine_similarity,0.14385326206684113,1024,1024
ViT-L-14,actmat,model.visual.transformer.resblocks.20.attn.q.weight,80,cosine_similarity,0.22298212349414825,1024,1024
ViT-L-14,identity,model.visual.transformer.resblocks.20.attn.q.weight,80,cosine_similarity,0.16085508465766907,1024,1024
ViT-L-14,actmat,model.visual.transformer.resblocks.20.attn.k.weight,81,cosine_similarity,0.2709106206893921,1024,1024
ViT-L-14,identity,model.visual.transformer.resblocks.20.attn.k.weight,81,cosine_similarity,0.16085508465766907,1024,1024
ViT-L-14,actmat,model.visual.transformer.resblocks.20.attn.v.weight,82,cosine_similarity,0.27385348081588745,1024,1024
ViT-L-14,identity,model.visual.transformer.resblocks.20.attn.v.weight,82,cosine_similarity,0.16085508465766907,1024,1024
ViT-L-14,actmat,model.visual.transformer.resblocks.20.attn.o.weight,83,cosine_similarity,0.33095043897628784,1024,1024
ViT-L-14,identity,model.visual.transformer.resblocks.20.attn.o.weight,83,cosine_similarity,0.17044928669929504,1024,1024
ViT-L-14,actmat,model.visual.transformer.resblocks.16.attn.q.weight,84,cosine_similarity,0.3798958659172058,1024,1024
ViT-L-14,identity,model.visual.transformer.resblocks.16.attn.q.weight,84,cosine_similarity,0.1764255166053772,1024,1024
ViT-L-14,actmat,model.visual.transformer.resblocks.16.attn.k.weight,85,cosine_similarity,0.39350682497024536,1024,1024
ViT-L-14,identity,model.visual.transformer.resblocks.16.attn.k.weight,85,cosine_similarity,0.1764255166053772,1024,1024
ViT-L-14,actmat,model.visual.transformer.resblocks.16.attn.v.weight,86,cosine_similarity,0.3938010334968567,1024,1024
ViT-L-14,identity,model.visual.transformer.resblocks.16.attn.v.weight,86,cosine_similarity,0.1764255166053772,1024,1024
ViT-L-14,actmat,model.visual.transformer.resblocks.16.attn.o.weight,87,cosine_similarity,0.38964134454727173,1024,1024
ViT-L-14,identity,model.visual.transformer.resblocks.16.attn.o.weight,87,cosine_similarity,0.16534177958965302,1024,1024
ViT-L-14,actmat,model.visual.transformer.resblocks.21.attn.q.weight,88,cosine_similarity,0.16487176716327667,1024,1024
ViT-L-14,identity,model.visual.transformer.resblocks.21.attn.q.weight,88,cosine_similarity,0.12109453976154327,1024,1024
ViT-L-14,actmat,model.visual.transformer.resblocks.21.attn.k.weight,89,cosine_similarity,0.21386609971523285,1024,1024
ViT-L-14,identity,model.visual.transformer.resblocks.21.attn.k.weight,89,cosine_similarity,0.12109453976154327,1024,1024
ViT-L-14,actmat,model.visual.transformer.resblocks.21.attn.v.weight,90,cosine_similarity,0.24706950783729553,1024,1024
ViT-L-14,identity,model.visual.transformer.resblocks.21.attn.v.weight,90,cosine_similarity,0.12109453976154327,1024,1024
ViT-L-14,actmat,model.visual.transformer.resblocks.21.attn.o.weight,91,cosine_similarity,0.28726673126220703,1024,1024
ViT-L-14,identity,model.visual.transformer.resblocks.21.attn.o.weight,91,cosine_similarity,0.14686083793640137,1024,1024
ViT-L-14,actmat,model.visual.transformer.resblocks.14.attn.q.weight,92,cosine_similarity,0.3744044303894043,1024,1024
ViT-L-14,identity,model.visual.transformer.resblocks.14.attn.q.weight,92,cosine_similarity,0.18907395005226135,1024,1024
ViT-L-14,actmat,model.visual.transformer.resblocks.14.attn.k.weight,93,cosine_similarity,0.382236510515213,1024,1024
ViT-L-14,identity,model.visual.transformer.resblocks.14.attn.k.weight,93,cosine_similarity,0.18907395005226135,1024,1024
ViT-L-14,actmat,model.visual.transformer.resblocks.14.attn.v.weight,94,cosine_similarity,0.36953216791152954,1024,1024
ViT-L-14,identity,model.visual.transformer.resblocks.14.attn.v.weight,94,cosine_similarity,0.18907395005226135,1024,1024
ViT-L-14,actmat,model.visual.transformer.resblocks.14.attn.o.weight,95,cosine_similarity,0.36963537335395813,1024,1024
ViT-L-14,identity,model.visual.transformer.resblocks.14.attn.o.weight,95,cosine_similarity,0.17110177874565125,1024,1024
ViT-L-14,actmat,model.visual.transformer.resblocks.11.attn.q.weight,96,cosine_similarity,0.3327178955078125,1024,1024
ViT-L-14,identity,model.visual.transformer.resblocks.11.attn.q.weight,96,cosine_similarity,0.21340692043304443,1024,1024
ViT-L-14,actmat,model.visual.transformer.resblocks.11.attn.k.weight,97,cosine_similarity,0.34243783354759216,1024,1024
ViT-L-14,identity,model.visual.transformer.resblocks.11.attn.k.weight,97,cosine_similarity,0.21340692043304443,1024,1024
ViT-L-14,actmat,model.visual.transformer.resblocks.11.attn.v.weight,98,cosine_similarity,0.31262528896331787,1024,1024
ViT-L-14,identity,model.visual.transformer.resblocks.11.attn.v.weight,98,cosine_similarity,0.21340692043304443,1024,1024
ViT-L-14,actmat,model.visual.transformer.resblocks.11.attn.o.weight,99,cosine_similarity,0.352461040019989,1024,1024
ViT-L-14,identity,model.visual.transformer.resblocks.11.attn.o.weight,99,cosine_similarity,0.1547297239303589,1024,1024
ViT-L-14,actmat,model.visual.transformer.resblocks.10.attn.q.weight,100,cosine_similarity,0.34527283906936646,1024,1024
ViT-L-14,identity,model.visual.transformer.resblocks.10.attn.q.weight,100,cosine_similarity,0.2171090841293335,1024,1024
ViT-L-14,actmat,model.visual.transformer.resblocks.10.attn.k.weight,101,cosine_similarity,0.352546751499176,1024,1024
ViT-L-14,identity,model.visual.transformer.resblocks.10.attn.k.weight,101,cosine_similarity,0.2171090841293335,1024,1024
ViT-L-14,actmat,model.visual.transformer.resblocks.10.attn.v.weight,102,cosine_similarity,0.31429147720336914,1024,1024
ViT-L-14,identity,model.visual.transformer.resblocks.10.attn.v.weight,102,cosine_similarity,0.2171090841293335,1024,1024
ViT-L-14,actmat,model.visual.transformer.resblocks.10.attn.o.weight,103,cosine_similarity,0.3675140142440796,1024,1024
ViT-L-14,identity,model.visual.transformer.resblocks.10.attn.o.weight,103,cosine_similarity,0.16008275747299194,1024,1024
ViT-L-14,actmat,model.visual.transformer.resblocks.1.attn.q.weight,104,cosine_similarity,0.1333332359790802,1024,1024
ViT-L-14,identity,model.visual.transformer.resblocks.1.attn.q.weight,104,cosine_similarity,0.13108444213867188,1024,1024
ViT-L-14,actmat,model.visual.transformer.resblocks.1.attn.k.weight,105,cosine_similarity,0.14847072958946228,1024,1024
ViT-L-14,identity,model.visual.transformer.resblocks.1.attn.k.weight,105,cosine_similarity,0.13108444213867188,1024,1024
ViT-L-14,actmat,model.visual.transformer.resblocks.1.attn.v.weight,106,cosine_similarity,0.1599300503730774,1024,1024
ViT-L-14,identity,model.visual.transformer.resblocks.1.attn.v.weight,106,cosine_similarity,0.13108444213867188,1024,1024
ViT-L-14,actmat,model.visual.transformer.resblocks.1.attn.o.weight,107,cosine_similarity,0.24972569942474365,1024,1024
ViT-L-14,identity,model.visual.transformer.resblocks.1.attn.o.weight,107,cosine_similarity,0.06142348796129227,1024,1024
ViT-L-14,actmat,model.visual.transformer.resblocks.19.attn.q.weight,108,cosine_similarity,0.2662130892276764,1024,1024
ViT-L-14,identity,model.visual.transformer.resblocks.19.attn.q.weight,108,cosine_similarity,0.1713462769985199,1024,1024
ViT-L-14,actmat,model.visual.transformer.resblocks.19.attn.k.weight,109,cosine_similarity,0.3394910395145416,1024,1024
ViT-L-14,identity,model.visual.transformer.resblocks.19.attn.k.weight,109,cosine_similarity,0.1713462769985199,1024,1024
ViT-L-14,actmat,model.visual.transformer.resblocks.19.attn.v.weight,110,cosine_similarity,0.34085291624069214,1024,1024
ViT-L-14,identity,model.visual.transformer.resblocks.19.attn.v.weight,110,cosine_similarity,0.1713462769985199,1024,1024
ViT-L-14,actmat,model.visual.transformer.resblocks.19.attn.o.weight,111,cosine_similarity,0.3298552632331848,1024,1024
ViT-L-14,identity,model.visual.transformer.resblocks.19.attn.o.weight,111,cosine_similarity,0.154692143201828,1024,1024
ViT-L-14,actmat,model.visual.transformer.resblocks.4.attn.q.weight,112,cosine_similarity,0.1935669183731079,1024,1024
ViT-L-14,identity,model.visual.transformer.resblocks.4.attn.q.weight,112,cosine_similarity,0.16288766264915466,1024,1024
ViT-L-14,actmat,model.visual.transformer.resblocks.4.attn.k.weight,113,cosine_similarity,0.18696850538253784,1024,1024
ViT-L-14,identity,model.visual.transformer.resblocks.4.attn.k.weight,113,cosine_similarity,0.16288766264915466,1024,1024
ViT-L-14,actmat,model.visual.transformer.resblocks.4.attn.v.weight,114,cosine_similarity,0.20232105255126953,1024,1024
ViT-L-14,identity,model.visual.transformer.resblocks.4.attn.v.weight,114,cosine_similarity,0.16288766264915466,1024,1024
ViT-L-14,actmat,model.visual.transformer.resblocks.4.attn.o.weight,115,cosine_similarity,0.2870956361293793,1024,1024
ViT-L-14,identity,model.visual.transformer.resblocks.4.attn.o.weight,115,cosine_similarity,0.0947924554347992,1024,1024
ViT-L-14,actmat,model.visual.transformer.resblocks.5.attn.q.weight,116,cosine_similarity,0.2724529802799225,1024,1024
ViT-L-14,identity,model.visual.transformer.resblocks.5.attn.q.weight,116,cosine_similarity,0.17069023847579956,1024,1024
ViT-L-14,actmat,model.visual.transformer.resblocks.5.attn.k.weight,117,cosine_similarity,0.24412594735622406,1024,1024
ViT-L-14,identity,model.visual.transformer.resblocks.5.attn.k.weight,117,cosine_similarity,0.17069023847579956,1024,1024
ViT-L-14,actmat,model.visual.transformer.resblocks.5.attn.v.weight,118,cosine_similarity,0.2745584547519684,1024,1024
ViT-L-14,identity,model.visual.transformer.resblocks.5.attn.v.weight,118,cosine_similarity,0.17069023847579956,1024,1024
ViT-L-14,actmat,model.visual.transformer.resblocks.5.attn.o.weight,119,cosine_similarity,0.30080103874206543,1024,1024
ViT-L-14,identity,model.visual.transformer.resblocks.5.attn.o.weight,119,cosine_similarity,0.08866508305072784,1024,1024
ViT-L-14,actmat,model.visual.transformer.resblocks.15.attn.q.weight,120,cosine_similarity,0.37898850440979004,1024,1024
ViT-L-14,identity,model.visual.transformer.resblocks.15.attn.q.weight,120,cosine_similarity,0.18288344144821167,1024,1024
ViT-L-14,actmat,model.visual.transformer.resblocks.15.attn.k.weight,121,cosine_similarity,0.4196318984031677,1024,1024
ViT-L-14,identity,model.visual.transformer.resblocks.15.attn.k.weight,121,cosine_similarity,0.18288344144821167,1024,1024
ViT-L-14,actmat,model.visual.transformer.resblocks.15.attn.v.weight,122,cosine_similarity,0.4013175070285797,1024,1024
ViT-L-14,identity,model.visual.transformer.resblocks.15.attn.v.weight,122,cosine_similarity,0.18288344144821167,1024,1024
ViT-L-14,actmat,model.visual.transformer.resblocks.15.attn.o.weight,123,cosine_similarity,0.35799890756607056,1024,1024
ViT-L-14,identity,model.visual.transformer.resblocks.15.attn.o.weight,123,cosine_similarity,0.14213547110557556,1024,1024
ViT-L-14,actmat,model.visual.transformer.resblocks.3.attn.q.weight,124,cosine_similarity,0.10845860838890076,1024,1024
ViT-L-14,identity,model.visual.transformer.resblocks.3.attn.q.weight,124,cosine_similarity,0.1251291185617447,1024,1024
ViT-L-14,actmat,model.visual.transformer.resblocks.3.attn.k.weight,125,cosine_similarity,0.10374440997838974,1024,1024
ViT-L-14,identity,model.visual.transformer.resblocks.3.attn.k.weight,125,cosine_similarity,0.1251291185617447,1024,1024
ViT-L-14,actmat,model.visual.transformer.resblocks.3.attn.v.weight,126,cosine_similarity,0.11349029839038849,1024,1024
ViT-L-14,identity,model.visual.transformer.resblocks.3.attn.v.weight,126,cosine_similarity,0.1251291185617447,1024,1024
ViT-L-14,actmat,model.visual.transformer.resblocks.3.attn.o.weight,127,cosine_similarity,0.212188720703125,1024,1024
ViT-L-14,identity,model.visual.transformer.resblocks.3.attn.o.weight,127,cosine_similarity,0.11107464134693146,1024,1024
ViT-L-14,actmat,model.visual.transformer.resblocks.0.attn.q.weight,128,cosine_similarity,0.11705091595649719,1024,1024
ViT-L-14,identity,model.visual.transformer.resblocks.0.attn.q.weight,128,cosine_similarity,0.09708374738693237,1024,1024
ViT-L-14,actmat,model.visual.transformer.resblocks.0.attn.k.weight,129,cosine_similarity,0.1456022560596466,1024,1024
ViT-L-14,identity,model.visual.transformer.resblocks.0.attn.k.weight,129,cosine_similarity,0.09708374738693237,1024,1024
ViT-L-14,actmat,model.visual.transformer.resblocks.0.attn.v.weight,130,cosine_similarity,0.12814614176750183,1024,1024
ViT-L-14,identity,model.visual.transformer.resblocks.0.attn.v.weight,130,cosine_similarity,0.09708374738693237,1024,1024
ViT-L-14,actmat,model.visual.transformer.resblocks.0.attn.o.weight,131,cosine_similarity,0.2667122483253479,1024,1024
ViT-L-14,identity,model.visual.transformer.resblocks.0.attn.o.weight,131,cosine_similarity,0.0549512654542923,1024,1024
ViT-L-14,actmat,model.visual.transformer.resblocks.8.attn.q.weight,132,cosine_similarity,0.30018770694732666,1024,1024
ViT-L-14,identity,model.visual.transformer.resblocks.8.attn.q.weight,132,cosine_similarity,0.19548799097537994,1024,1024
ViT-L-14,actmat,model.visual.transformer.resblocks.8.attn.k.weight,133,cosine_similarity,0.282565176486969,1024,1024
ViT-L-14,identity,model.visual.transformer.resblocks.8.attn.k.weight,133,cosine_similarity,0.19548799097537994,1024,1024
ViT-L-14,actmat,model.visual.transformer.resblocks.8.attn.v.weight,134,cosine_similarity,0.28471070528030396,1024,1024
ViT-L-14,identity,model.visual.transformer.resblocks.8.attn.v.weight,134,cosine_similarity,0.19548799097537994,1024,1024
ViT-L-14,actmat,model.visual.transformer.resblocks.8.attn.o.weight,135,cosine_similarity,0.3657182455062866,1024,1024
ViT-L-14,identity,model.visual.transformer.resblocks.8.attn.o.weight,135,cosine_similarity,0.1416286826133728,1024,1024
ViT-L-14,actmat,model.visual.transformer.resblocks.23.attn.q.weight,136,cosine_similarity,0.031952761113643646,1024,1024
ViT-L-14,identity,model.visual.transformer.resblocks.23.attn.q.weight,136,cosine_similarity,0.09580528736114502,1024,1024
ViT-L-14,actmat,model.visual.transformer.resblocks.23.attn.k.weight,137,cosine_similarity,0.10657452046871185,1024,1024
ViT-L-14,identity,model.visual.transformer.resblocks.23.attn.k.weight,137,cosine_similarity,0.09580528736114502,1024,1024
ViT-L-14,actmat,model.visual.transformer.resblocks.23.attn.v.weight,138,cosine_similarity,0.08190576732158661,1024,1024
ViT-L-14,identity,model.visual.transformer.resblocks.23.attn.v.weight,138,cosine_similarity,0.09580528736114502,1024,1024
ViT-L-14,actmat,model.visual.transformer.resblocks.23.attn.o.weight,139,cosine_similarity,0.1670718491077423,1024,1024
ViT-L-14,identity,model.visual.transformer.resblocks.23.attn.o.weight,139,cosine_similarity,0.10744312405586243,1024,1024
ViT-L-14,actmat,model.visual.transformer.resblocks.7.attn.q.weight,140,cosine_similarity,0.29289594292640686,1024,1024
ViT-L-14,identity,model.visual.transformer.resblocks.7.attn.q.weight,140,cosine_similarity,0.19421237707138062,1024,1024
ViT-L-14,actmat,model.visual.transformer.resblocks.7.attn.k.weight,141,cosine_similarity,0.2738131284713745,1024,1024
ViT-L-14,identity,model.visual.transformer.resblocks.7.attn.k.weight,141,cosine_similarity,0.19421237707138062,1024,1024
ViT-L-14,actmat,model.visual.transformer.resblocks.7.attn.v.weight,142,cosine_similarity,0.28295356035232544,1024,1024
ViT-L-14,identity,model.visual.transformer.resblocks.7.attn.v.weight,142,cosine_similarity,0.19421237707138062,1024,1024
ViT-L-14,actmat,model.visual.transformer.resblocks.7.attn.o.weight,143,cosine_similarity,0.3353976607322693,1024,1024
ViT-L-14,identity,model.visual.transformer.resblocks.7.attn.o.weight,143,cosine_similarity,0.1356433779001236,1024,1024
Olmo-3-7b,actmat,lm_head.weight,0,cosine_similarity,0.1684304177761078,4096,100278
Olmo-3-7b,identity,lm_head.weight,0,cosine_similarity,0.05886610597372055,4096,100278
Olmo-3-7b,actmat,model.layers.0.mlp.down_proj.weight,1,cosine_similarity,0.1040620431303978,11008,4096
Olmo-3-7b,identity,model.layers.0.mlp.down_proj.weight,1,cosine_similarity,0.06687378883361816,11008,4096
Olmo-3-7b,actmat,model.layers.0.mlp.gate_proj.weight,2,cosine_similarity,0.10036130994558334,4096,11008
Olmo-3-7b,identity,model.layers.0.mlp.gate_proj.weight,2,cosine_similarity,0.06574245542287827,4096,11008
Olmo-3-7b,actmat,model.layers.0.mlp.up_proj.weight,3,cosine_similarity,0.10447846353054047,4096,11008
Olmo-3-7b,identity,model.layers.0.mlp.up_proj.weight,3,cosine_similarity,0.06574245542287827,4096,11008
Olmo-3-7b,actmat,model.layers.0.self_attn.k_proj.weight,4,cosine_similarity,0.0882306694984436,4096,4096
Olmo-3-7b,identity,model.layers.0.self_attn.k_proj.weight,4,cosine_similarity,0.1380009949207306,4096,4096
Olmo-3-7b,actmat,model.layers.0.self_attn.o_proj.weight,5,cosine_similarity,0.0952128991484642,4096,4096
Olmo-3-7b,identity,model.layers.0.self_attn.o_proj.weight,5,cosine_similarity,0.045775070786476135,4096,4096
Olmo-3-7b,actmat,model.layers.0.self_attn.q_proj.weight,6,cosine_similarity,0.14588139951229095,4096,4096
Olmo-3-7b,identity,model.layers.0.self_attn.q_proj.weight,6,cosine_similarity,0.1380009949207306,4096,4096
Olmo-3-7b,actmat,model.layers.0.self_attn.v_proj.weight,7,cosine_similarity,0.144102543592453,4096,4096
Olmo-3-7b,identity,model.layers.0.self_attn.v_proj.weight,7,cosine_similarity,0.1380009949207306,4096,4096
Olmo-3-7b,actmat,model.layers.1.mlp.down_proj.weight,8,cosine_similarity,0.0983320102095604,11008,4096
Olmo-3-7b,identity,model.layers.1.mlp.down_proj.weight,8,cosine_similarity,0.057234570384025574,11008,4096
Olmo-3-7b,actmat,model.layers.1.mlp.gate_proj.weight,9,cosine_similarity,0.11202167719602585,4096,11008
Olmo-3-7b,identity,model.layers.1.mlp.gate_proj.weight,9,cosine_similarity,0.06220811605453491,4096,11008
Olmo-3-7b,actmat,model.layers.1.mlp.up_proj.weight,10,cosine_similarity,0.11080365628004074,4096,11008
Olmo-3-7b,identity,model.layers.1.mlp.up_proj.weight,10,cosine_similarity,0.06220811605453491,4096,11008
Olmo-3-7b,actmat,model.layers.1.self_attn.k_proj.weight,11,cosine_similarity,0.0603918731212616,4096,4096
Olmo-3-7b,identity,model.layers.1.self_attn.k_proj.weight,11,cosine_similarity,0.06588160246610641,4096,4096
Olmo-3-7b,actmat,model.layers.1.self_attn.o_proj.weight,12,cosine_similarity,0.18810640275478363,4096,4096
Olmo-3-7b,identity,model.layers.1.self_attn.o_proj.weight,12,cosine_similarity,0.06428257375955582,4096,4096
Olmo-3-7b,actmat,model.layers.1.self_attn.q_proj.weight,13,cosine_similarity,0.07197242975234985,4096,4096
Olmo-3-7b,identity,model.layers.1.self_attn.q_proj.weight,13,cosine_similarity,0.06588160246610641,4096,4096
Olmo-3-7b,actmat,model.layers.1.self_attn.v_proj.weight,14,cosine_similarity,0.0744425356388092,4096,4096
Olmo-3-7b,identity,model.layers.1.self_attn.v_proj.weight,14,cosine_similarity,0.06588160246610641,4096,4096
Olmo-3-7b,actmat,model.layers.10.mlp.down_proj.weight,15,cosine_similarity,0.17218707501888275,11008,4096
Olmo-3-7b,identity,model.layers.10.mlp.down_proj.weight,15,cosine_similarity,0.07208111882209778,11008,4096
Olmo-3-7b,actmat,model.layers.10.mlp.gate_proj.weight,16,cosine_similarity,0.13338130712509155,4096,11008
Olmo-3-7b,identity,model.layers.10.mlp.gate_proj.weight,16,cosine_similarity,0.049256570637226105,4096,11008
Olmo-3-7b,actmat,model.layers.10.mlp.up_proj.weight,17,cosine_similarity,0.12898936867713928,4096,11008
Olmo-3-7b,identity,model.layers.10.mlp.up_proj.weight,17,cosine_similarity,0.049256570637226105,4096,11008
Olmo-3-7b,actmat,model.layers.10.self_attn.k_proj.weight,18,cosine_similarity,0.09336905926465988,4096,4096
Olmo-3-7b,identity,model.layers.10.self_attn.k_proj.weight,18,cosine_similarity,0.05039319023489952,4096,4096
Olmo-3-7b,actmat,model.layers.10.self_attn.o_proj.weight,19,cosine_similarity,0.2490159273147583,4096,4096
Olmo-3-7b,identity,model.layers.10.self_attn.o_proj.weight,19,cosine_similarity,0.05739753693342209,4096,4096
Olmo-3-7b,actmat,model.layers.10.self_attn.q_proj.weight,20,cosine_similarity,0.09122760593891144,4096,4096
Olmo-3-7b,identity,model.layers.10.self_attn.q_proj.weight,20,cosine_similarity,0.05039319023489952,4096,4096
Olmo-3-7b,actmat,model.layers.10.self_attn.v_proj.weight,21,cosine_similarity,0.11588718742132187,4096,4096
Olmo-3-7b,identity,model.layers.10.self_attn.v_proj.weight,21,cosine_similarity,0.05039319023489952,4096,4096
Olmo-3-7b,actmat,model.layers.11.mlp.down_proj.weight,22,cosine_similarity,0.17104928195476532,11008,4096
Olmo-3-7b,identity,model.layers.11.mlp.down_proj.weight,22,cosine_similarity,0.07368835806846619,11008,4096
Olmo-3-7b,actmat,model.layers.11.mlp.gate_proj.weight,23,cosine_similarity,0.13042056560516357,4096,11008
Olmo-3-7b,identity,model.layers.11.mlp.gate_proj.weight,23,cosine_similarity,0.04938008636236191,4096,11008
Olmo-3-7b,actmat,model.layers.11.mlp.up_proj.weight,24,cosine_similarity,0.1263897716999054,4096,11008
Olmo-3-7b,identity,model.layers.11.mlp.up_proj.weight,24,cosine_similarity,0.04938008636236191,4096,11008
Olmo-3-7b,actmat,model.layers.11.self_attn.k_proj.weight,25,cosine_similarity,0.07653879374265671,4096,4096
Olmo-3-7b,identity,model.layers.11.self_attn.k_proj.weight,25,cosine_similarity,0.048829104751348495,4096,4096
Olmo-3-7b,actmat,model.layers.11.self_attn.o_proj.weight,26,cosine_similarity,0.23380020260810852,4096,4096
Olmo-3-7b,identity,model.layers.11.self_attn.o_proj.weight,26,cosine_similarity,0.04194462299346924,4096,4096
Olmo-3-7b,actmat,model.layers.11.self_attn.q_proj.weight,27,cosine_similarity,0.04123879224061966,4096,4096
Olmo-3-7b,identity,model.layers.11.self_attn.q_proj.weight,27,cosine_similarity,0.048829104751348495,4096,4096
Olmo-3-7b,actmat,model.layers.11.self_attn.v_proj.weight,28,cosine_similarity,0.1273377537727356,4096,4096
Olmo-3-7b,identity,model.layers.11.self_attn.v_proj.weight,28,cosine_similarity,0.048829104751348495,4096,4096
Olmo-3-7b,actmat,model.layers.12.mlp.down_proj.weight,29,cosine_similarity,0.1283278465270996,11008,4096
Olmo-3-7b,identity,model.layers.12.mlp.down_proj.weight,29,cosine_similarity,0.06722064316272736,11008,4096
Olmo-3-7b,actmat,model.layers.12.mlp.gate_proj.weight,30,cosine_similarity,0.12452471256256104,4096,11008
Olmo-3-7b,identity,model.layers.12.mlp.gate_proj.weight,30,cosine_similarity,0.04982472211122513,4096,11008
Olmo-3-7b,actmat,model.layers.12.mlp.up_proj.weight,31,cosine_similarity,0.1214757189154625,4096,11008
Olmo-3-7b,identity,model.layers.12.mlp.up_proj.weight,31,cosine_similarity,0.04982472211122513,4096,11008
Olmo-3-7b,actmat,model.layers.12.self_attn.k_proj.weight,32,cosine_similarity,0.09894663095474243,4096,4096
Olmo-3-7b,identity,model.layers.12.self_attn.k_proj.weight,32,cosine_similarity,0.04902499169111252,4096,4096
Olmo-3-7b,actmat,model.layers.12.self_attn.o_proj.weight,33,cosine_similarity,0.20336517691612244,4096,4096
Olmo-3-7b,identity,model.layers.12.self_attn.o_proj.weight,33,cosine_similarity,0.04749109968543053,4096,4096
Olmo-3-7b,actmat,model.layers.12.self_attn.q_proj.weight,34,cosine_similarity,0.09562897682189941,4096,4096
Olmo-3-7b,identity,model.layers.12.self_attn.q_proj.weight,34,cosine_similarity,0.04902499169111252,4096,4096
Olmo-3-7b,actmat,model.layers.12.self_attn.v_proj.weight,35,cosine_similarity,0.12065406143665314,4096,4096
Olmo-3-7b,identity,model.layers.12.self_attn.v_proj.weight,35,cosine_similarity,0.04902499169111252,4096,4096
Olmo-3-7b,actmat,model.layers.13.mlp.down_proj.weight,36,cosine_similarity,0.10691839456558228,11008,4096
Olmo-3-7b,identity,model.layers.13.mlp.down_proj.weight,36,cosine_similarity,0.06395770609378815,11008,4096
Olmo-3-7b,actmat,model.layers.13.mlp.gate_proj.weight,37,cosine_similarity,0.1205095648765564,4096,11008
Olmo-3-7b,identity,model.layers.13.mlp.gate_proj.weight,37,cosine_similarity,0.05095130205154419,4096,11008
Olmo-3-7b,actmat,model.layers.13.mlp.up_proj.weight,38,cosine_similarity,0.11640652269124985,4096,11008
Olmo-3-7b,identity,model.layers.13.mlp.up_proj.weight,38,cosine_similarity,0.05095130205154419,4096,11008
Olmo-3-7b,actmat,model.layers.13.self_attn.k_proj.weight,39,cosine_similarity,0.09205780923366547,4096,4096
Olmo-3-7b,identity,model.layers.13.self_attn.k_proj.weight,39,cosine_similarity,0.05125000327825546,4096,4096
Olmo-3-7b,actmat,model.layers.13.self_attn.o_proj.weight,40,cosine_similarity,0.2156493067741394,4096,4096
Olmo-3-7b,identity,model.layers.13.self_attn.o_proj.weight,40,cosine_similarity,0.04579022526741028,4096,4096
Olmo-3-7b,actmat,model.layers.13.self_attn.q_proj.weight,41,cosine_similarity,0.08969753980636597,4096,4096
Olmo-3-7b,identity,model.layers.13.self_attn.q_proj.weight,41,cosine_similarity,0.05125000327825546,4096,4096
Olmo-3-7b,actmat,model.layers.13.self_attn.v_proj.weight,42,cosine_similarity,0.11133813858032227,4096,4096
Olmo-3-7b,identity,model.layers.13.self_attn.v_proj.weight,42,cosine_similarity,0.05125000327825546,4096,4096
Olmo-3-7b,actmat,model.layers.14.mlp.down_proj.weight,43,cosine_similarity,0.1057085320353508,11008,4096
Olmo-3-7b,identity,model.layers.14.mlp.down_proj.weight,43,cosine_similarity,0.06113114953041077,11008,4096
Olmo-3-7b,actmat,model.layers.14.mlp.gate_proj.weight,44,cosine_similarity,0.1271847039461136,4096,11008
Olmo-3-7b,identity,model.layers.14.mlp.gate_proj.weight,44,cosine_similarity,0.05078030377626419,4096,11008
Olmo-3-7b,actmat,model.layers.14.mlp.up_proj.weight,45,cosine_similarity,0.12307476252317429,4096,11008
Olmo-3-7b,identity,model.layers.14.mlp.up_proj.weight,45,cosine_similarity,0.05078030377626419,4096,11008
Olmo-3-7b,actmat,model.layers.14.self_attn.k_proj.weight,46,cosine_similarity,0.09336338937282562,4096,4096
Olmo-3-7b,identity,model.layers.14.self_attn.k_proj.weight,46,cosine_similarity,0.05132148787379265,4096,4096
Olmo-3-7b,actmat,model.layers.14.self_attn.o_proj.weight,47,cosine_similarity,0.21711304783821106,4096,4096
Olmo-3-7b,identity,model.layers.14.self_attn.o_proj.weight,47,cosine_similarity,0.06180007383227348,4096,4096
Olmo-3-7b,actmat,model.layers.14.self_attn.q_proj.weight,48,cosine_similarity,0.09229780733585358,4096,4096
Olmo-3-7b,identity,model.layers.14.self_attn.q_proj.weight,48,cosine_similarity,0.05132148787379265,4096,4096
Olmo-3-7b,actmat,model.layers.14.self_attn.v_proj.weight,49,cosine_similarity,0.11870782822370529,4096,4096
Olmo-3-7b,identity,model.layers.14.self_attn.v_proj.weight,49,cosine_similarity,0.05132148787379265,4096,4096
Olmo-3-7b,actmat,model.layers.15.mlp.down_proj.weight,50,cosine_similarity,0.0948515385389328,11008,4096
Olmo-3-7b,identity,model.layers.15.mlp.down_proj.weight,50,cosine_similarity,0.05175921320915222,11008,4096
Olmo-3-7b,actmat,model.layers.15.mlp.gate_proj.weight,51,cosine_similarity,0.12751387059688568,4096,11008
Olmo-3-7b,identity,model.layers.15.mlp.gate_proj.weight,51,cosine_similarity,0.05177482217550278,4096,11008
Olmo-3-7b,actmat,model.layers.15.mlp.up_proj.weight,52,cosine_similarity,0.12358402460813522,4096,11008
Olmo-3-7b,identity,model.layers.15.mlp.up_proj.weight,52,cosine_similarity,0.05177482217550278,4096,11008
Olmo-3-7b,actmat,model.layers.15.self_attn.k_proj.weight,53,cosine_similarity,0.06235746666789055,4096,4096
Olmo-3-7b,identity,model.layers.15.self_attn.k_proj.weight,53,cosine_similarity,0.05074935406446457,4096,4096
Olmo-3-7b,actmat,model.layers.15.self_attn.o_proj.weight,54,cosine_similarity,0.2060427963733673,4096,4096
Olmo-3-7b,identity,model.layers.15.self_attn.o_proj.weight,54,cosine_similarity,0.04194309934973717,4096,4096
Olmo-3-7b,actmat,model.layers.15.self_attn.q_proj.weight,55,cosine_similarity,0.06830315291881561,4096,4096
Olmo-3-7b,identity,model.layers.15.self_attn.q_proj.weight,55,cosine_similarity,0.05074935406446457,4096,4096
Olmo-3-7b,actmat,model.layers.15.self_attn.v_proj.weight,56,cosine_similarity,0.11827024072408676,4096,4096
Olmo-3-7b,identity,model.layers.15.self_attn.v_proj.weight,56,cosine_similarity,0.05074935406446457,4096,4096
Olmo-3-7b,actmat,model.layers.16.mlp.down_proj.weight,57,cosine_similarity,0.10132521390914917,11008,4096
Olmo-3-7b,identity,model.layers.16.mlp.down_proj.weight,57,cosine_similarity,0.06115945428609848,11008,4096
Olmo-3-7b,actmat,model.layers.16.mlp.gate_proj.weight,58,cosine_similarity,0.1262497752904892,4096,11008
Olmo-3-7b,identity,model.layers.16.mlp.gate_proj.weight,58,cosine_similarity,0.05183480307459831,4096,11008
Olmo-3-7b,actmat,model.layers.16.mlp.up_proj.weight,59,cosine_similarity,0.12437792867422104,4096,11008
Olmo-3-7b,identity,model.layers.16.mlp.up_proj.weight,59,cosine_similarity,0.05183480307459831,4096,11008
Olmo-3-7b,actmat,model.layers.16.self_attn.k_proj.weight,60,cosine_similarity,0.10749354213476181,4096,4096
Olmo-3-7b,identity,model.layers.16.self_attn.k_proj.weight,60,cosine_similarity,0.05110174044966698,4096,4096
Olmo-3-7b,actmat,model.layers.16.self_attn.o_proj.weight,61,cosine_similarity,0.2155875861644745,4096,4096
Olmo-3-7b,identity,model.layers.16.self_attn.o_proj.weight,61,cosine_similarity,0.055616818368434906,4096,4096
Olmo-3-7b,actmat,model.layers.16.self_attn.q_proj.weight,62,cosine_similarity,0.09728603065013885,4096,4096
Olmo-3-7b,identity,model.layers.16.self_attn.q_proj.weight,62,cosine_similarity,0.05110174044966698,4096,4096
Olmo-3-7b,actmat,model.layers.16.self_attn.v_proj.weight,63,cosine_similarity,0.12789280712604523,4096,4096
Olmo-3-7b,identity,model.layers.16.self_attn.v_proj.weight,63,cosine_similarity,0.05110174044966698,4096,4096
Olmo-3-7b,actmat,model.layers.17.mlp.down_proj.weight,64,cosine_similarity,0.09891477227210999,11008,4096
Olmo-3-7b,identity,model.layers.17.mlp.down_proj.weight,64,cosine_similarity,0.05724802240729332,11008,4096
Olmo-3-7b,actmat,model.layers.17.mlp.gate_proj.weight,65,cosine_similarity,0.13212452828884125,4096,11008
Olmo-3-7b,identity,model.layers.17.mlp.gate_proj.weight,65,cosine_similarity,0.05393167957663536,4096,11008
Olmo-3-7b,actmat,model.layers.17.mlp.up_proj.weight,66,cosine_similarity,0.1278701275587082,4096,11008
Olmo-3-7b,identity,model.layers.17.mlp.up_proj.weight,66,cosine_similarity,0.05393167957663536,4096,11008
Olmo-3-7b,actmat,model.layers.17.self_attn.k_proj.weight,67,cosine_similarity,0.10279214382171631,4096,4096
Olmo-3-7b,identity,model.layers.17.self_attn.k_proj.weight,67,cosine_similarity,0.05252784490585327,4096,4096
Olmo-3-7b,actmat,model.layers.17.self_attn.o_proj.weight,68,cosine_similarity,0.1826721429824829,4096,4096
Olmo-3-7b,identity,model.layers.17.self_attn.o_proj.weight,68,cosine_similarity,0.06800998002290726,4096,4096
Olmo-3-7b,actmat,model.layers.17.self_attn.q_proj.weight,69,cosine_similarity,0.10289953649044037,4096,4096
Olmo-3-7b,identity,model.layers.17.self_attn.q_proj.weight,69,cosine_similarity,0.05252784490585327,4096,4096
Olmo-3-7b,actmat,model.layers.17.self_attn.v_proj.weight,70,cosine_similarity,0.1275070607662201,4096,4096
Olmo-3-7b,identity,model.layers.17.self_attn.v_proj.weight,70,cosine_similarity,0.05252784490585327,4096,4096
Olmo-3-7b,actmat,model.layers.18.mlp.down_proj.weight,71,cosine_similarity,0.07710908353328705,11008,4096
Olmo-3-7b,identity,model.layers.18.mlp.down_proj.weight,71,cosine_similarity,0.045703377574682236,11008,4096
Olmo-3-7b,actmat,model.layers.18.mlp.gate_proj.weight,72,cosine_similarity,0.14001773297786713,4096,11008
Olmo-3-7b,identity,model.layers.18.mlp.gate_proj.weight,72,cosine_similarity,0.055725064128637314,4096,11008
Olmo-3-7b,actmat,model.layers.18.mlp.up_proj.weight,73,cosine_similarity,0.13550138473510742,4096,11008
Olmo-3-7b,identity,model.layers.18.mlp.up_proj.weight,73,cosine_similarity,0.055725064128637314,4096,11008
Olmo-3-7b,actmat,model.layers.18.self_attn.k_proj.weight,74,cosine_similarity,0.10048890113830566,4096,4096
Olmo-3-7b,identity,model.layers.18.self_attn.k_proj.weight,74,cosine_similarity,0.05520970746874809,4096,4096
Olmo-3-7b,actmat,model.layers.18.self_attn.o_proj.weight,75,cosine_similarity,0.18802398443222046,4096,4096
Olmo-3-7b,identity,model.layers.18.self_attn.o_proj.weight,75,cosine_similarity,0.06166250258684158,4096,4096
Olmo-3-7b,actmat,model.layers.18.self_attn.q_proj.weight,76,cosine_similarity,0.09886705875396729,4096,4096
Olmo-3-7b,identity,model.layers.18.self_attn.q_proj.weight,76,cosine_similarity,0.05520970746874809,4096,4096
Olmo-3-7b,actmat,model.layers.18.self_attn.v_proj.weight,77,cosine_similarity,0.1251509189605713,4096,4096
Olmo-3-7b,identity,model.layers.18.self_attn.v_proj.weight,77,cosine_similarity,0.05520970746874809,4096,4096
Olmo-3-7b,actmat,model.layers.19.mlp.down_proj.weight,78,cosine_similarity,0.10109882801771164,11008,4096
Olmo-3-7b,identity,model.layers.19.mlp.down_proj.weight,78,cosine_similarity,0.056317608803510666,11008,4096
Olmo-3-7b,actmat,model.layers.19.mlp.gate_proj.weight,79,cosine_similarity,0.15551379323005676,4096,11008
Olmo-3-7b,identity,model.layers.19.mlp.gate_proj.weight,79,cosine_similarity,0.05586237460374832,4096,11008
Olmo-3-7b,actmat,model.layers.19.mlp.up_proj.weight,80,cosine_similarity,0.14744369685649872,4096,11008
Olmo-3-7b,identity,model.layers.19.mlp.up_proj.weight,80,cosine_similarity,0.05586237460374832,4096,11008
Olmo-3-7b,actmat,model.layers.19.self_attn.k_proj.weight,81,cosine_similarity,0.11986212432384491,4096,4096
Olmo-3-7b,identity,model.layers.19.self_attn.k_proj.weight,81,cosine_similarity,0.0555037260055542,4096,4096
Olmo-3-7b,actmat,model.layers.19.self_attn.o_proj.weight,82,cosine_similarity,0.12306199967861176,4096,4096
Olmo-3-7b,identity,model.layers.19.self_attn.o_proj.weight,82,cosine_similarity,0.03808193653821945,4096,4096
Olmo-3-7b,actmat,model.layers.19.self_attn.q_proj.weight,83,cosine_similarity,0.11343135684728622,4096,4096
Olmo-3-7b,identity,model.layers.19.self_attn.q_proj.weight,83,cosine_similarity,0.0555037260055542,4096,4096
Olmo-3-7b,actmat,model.layers.19.self_attn.v_proj.weight,84,cosine_similarity,0.1643473505973816,4096,4096
Olmo-3-7b,identity,model.layers.19.self_attn.v_proj.weight,84,cosine_similarity,0.0555037260055542,4096,4096
Olmo-3-7b,actmat,model.layers.2.mlp.down_proj.weight,85,cosine_similarity,0.08804948627948761,11008,4096
Olmo-3-7b,identity,model.layers.2.mlp.down_proj.weight,85,cosine_similarity,0.04328995943069458,11008,4096
Olmo-3-7b,actmat,model.layers.2.mlp.gate_proj.weight,86,cosine_similarity,0.11387258768081665,4096,11008
Olmo-3-7b,identity,model.layers.2.mlp.gate_proj.weight,86,cosine_similarity,0.060641251504421234,4096,11008
Olmo-3-7b,actmat,model.layers.2.mlp.up_proj.weight,87,cosine_similarity,0.11484133452177048,4096,11008
Olmo-3-7b,identity,model.layers.2.mlp.up_proj.weight,87,cosine_similarity,0.060641251504421234,4096,11008
Olmo-3-7b,actmat,model.layers.2.self_attn.k_proj.weight,88,cosine_similarity,0.06706249713897705,4096,4096
Olmo-3-7b,identity,model.layers.2.self_attn.k_proj.weight,88,cosine_similarity,0.06085912138223648,4096,4096
Olmo-3-7b,actmat,model.layers.2.self_attn.o_proj.weight,89,cosine_similarity,0.2314048856496811,4096,4096
Olmo-3-7b,identity,model.layers.2.self_attn.o_proj.weight,89,cosine_similarity,0.0880698561668396,4096,4096
Olmo-3-7b,actmat,model.layers.2.self_attn.q_proj.weight,90,cosine_similarity,0.06515051424503326,4096,4096
Olmo-3-7b,identity,model.layers.2.self_attn.q_proj.weight,90,cosine_similarity,0.06085912138223648,4096,4096
Olmo-3-7b,actmat,model.layers.2.self_attn.v_proj.weight,91,cosine_similarity,0.0685628205537796,4096,4096
Olmo-3-7b,identity,model.layers.2.self_attn.v_proj.weight,91,cosine_similarity,0.06085912138223648,4096,4096
Olmo-3-7b,actmat,model.layers.20.mlp.down_proj.weight,92,cosine_similarity,0.1158372312784195,11008,4096
Olmo-3-7b,identity,model.layers.20.mlp.down_proj.weight,92,cosine_similarity,0.060055237263441086,11008,4096
Olmo-3-7b,actmat,model.layers.20.mlp.gate_proj.weight,93,cosine_similarity,0.1711619347333908,4096,11008
Olmo-3-7b,identity,model.layers.20.mlp.gate_proj.weight,93,cosine_similarity,0.0579577200114727,4096,11008
Olmo-3-7b,actmat,model.layers.20.mlp.up_proj.weight,94,cosine_similarity,0.16254353523254395,4096,11008
Olmo-3-7b,identity,model.layers.20.mlp.up_proj.weight,94,cosine_similarity,0.0579577200114727,4096,11008
Olmo-3-7b,actmat,model.layers.20.self_attn.k_proj.weight,95,cosine_similarity,0.13526836037635803,4096,4096
Olmo-3-7b,identity,model.layers.20.self_attn.k_proj.weight,95,cosine_similarity,0.05740614980459213,4096,4096
Olmo-3-7b,actmat,model.layers.20.self_attn.o_proj.weight,96,cosine_similarity,0.09901964664459229,4096,4096
Olmo-3-7b,identity,model.layers.20.self_attn.o_proj.weight,96,cosine_similarity,0.04445807635784149,4096,4096
Olmo-3-7b,actmat,model.layers.20.self_attn.q_proj.weight,97,cosine_similarity,0.12581822276115417,4096,4096
Olmo-3-7b,identity,model.layers.20.self_attn.q_proj.weight,97,cosine_similarity,0.05740614980459213,4096,4096
Olmo-3-7b,actmat,model.layers.20.self_attn.v_proj.weight,98,cosine_similarity,0.162812277674675,4096,4096
Olmo-3-7b,identity,model.layers.20.self_attn.v_proj.weight,98,cosine_similarity,0.05740614980459213,4096,4096
Olmo-3-7b,actmat,model.layers.21.mlp.down_proj.weight,99,cosine_similarity,0.12662333250045776,11008,4096
Olmo-3-7b,identity,model.layers.21.mlp.down_proj.weight,99,cosine_similarity,0.06717225164175034,11008,4096
Olmo-3-7b,actmat,model.layers.21.mlp.gate_proj.weight,100,cosine_similarity,0.17657628655433655,4096,11008
Olmo-3-7b,identity,model.layers.21.mlp.gate_proj.weight,100,cosine_similarity,0.05988488718867302,4096,11008
Olmo-3-7b,actmat,model.layers.21.mlp.up_proj.weight,101,cosine_similarity,0.1686977595090866,4096,11008
Olmo-3-7b,identity,model.layers.21.mlp.up_proj.weight,101,cosine_similarity,0.05988488718867302,4096,11008
Olmo-3-7b,actmat,model.layers.21.self_attn.k_proj.weight,102,cosine_similarity,0.1558573842048645,4096,4096
Olmo-3-7b,identity,model.layers.21.self_attn.k_proj.weight,102,cosine_similarity,0.05972642824053764,4096,4096
Olmo-3-7b,actmat,model.layers.21.self_attn.o_proj.weight,103,cosine_similarity,0.18390130996704102,4096,4096
Olmo-3-7b,identity,model.layers.21.self_attn.o_proj.weight,103,cosine_similarity,0.05625656992197037,4096,4096
Olmo-3-7b,actmat,model.layers.21.self_attn.q_proj.weight,104,cosine_similarity,0.1435225009918213,4096,4096
Olmo-3-7b,identity,model.layers.21.self_attn.q_proj.weight,104,cosine_similarity,0.05972642824053764,4096,4096
Olmo-3-7b,actmat,model.layers.21.self_attn.v_proj.weight,105,cosine_similarity,0.17725273966789246,4096,4096
Olmo-3-7b,identity,model.layers.21.self_attn.v_proj.weight,105,cosine_similarity,0.05972642824053764,4096,4096
Olmo-3-7b,actmat,model.layers.22.mlp.down_proj.weight,106,cosine_similarity,0.0896933302283287,11008,4096
Olmo-3-7b,identity,model.layers.22.mlp.down_proj.weight,106,cosine_similarity,0.05177285894751549,11008,4096
Olmo-3-7b,actmat,model.layers.22.mlp.gate_proj.weight,107,cosine_similarity,0.18627920746803284,4096,11008
Olmo-3-7b,identity,model.layers.22.mlp.gate_proj.weight,107,cosine_similarity,0.06263133138418198,4096,11008
Olmo-3-7b,actmat,model.layers.22.mlp.up_proj.weight,108,cosine_similarity,0.1775626242160797,4096,11008
Olmo-3-7b,identity,model.layers.22.mlp.up_proj.weight,108,cosine_similarity,0.06263133138418198,4096,11008
Olmo-3-7b,actmat,model.layers.22.self_attn.k_proj.weight,109,cosine_similarity,0.14207616448402405,4096,4096
Olmo-3-7b,identity,model.layers.22.self_attn.k_proj.weight,109,cosine_similarity,0.0627242848277092,4096,4096
Olmo-3-7b,actmat,model.layers.22.self_attn.o_proj.weight,110,cosine_similarity,0.1300097405910492,4096,4096
Olmo-3-7b,identity,model.layers.22.self_attn.o_proj.weight,110,cosine_similarity,0.05429137870669365,4096,4096
Olmo-3-7b,actmat,model.layers.22.self_attn.q_proj.weight,111,cosine_similarity,0.13668861985206604,4096,4096
Olmo-3-7b,identity,model.layers.22.self_attn.q_proj.weight,111,cosine_similarity,0.0627242848277092,4096,4096
Olmo-3-7b,actmat,model.layers.22.self_attn.v_proj.weight,112,cosine_similarity,0.17315375804901123,4096,4096
Olmo-3-7b,identity,model.layers.22.self_attn.v_proj.weight,112,cosine_similarity,0.0627242848277092,4096,4096
Olmo-3-7b,actmat,model.layers.23.mlp.down_proj.weight,113,cosine_similarity,0.09541071951389313,11008,4096
Olmo-3-7b,identity,model.layers.23.mlp.down_proj.weight,113,cosine_similarity,0.061325084418058395,11008,4096
Olmo-3-7b,actmat,model.layers.23.mlp.gate_proj.weight,114,cosine_similarity,0.19785627722740173,4096,11008
Olmo-3-7b,identity,model.layers.23.mlp.gate_proj.weight,114,cosine_similarity,0.06520386785268784,4096,11008
Olmo-3-7b,actmat,model.layers.23.mlp.up_proj.weight,115,cosine_similarity,0.19092878699302673,4096,11008
Olmo-3-7b,identity,model.layers.23.mlp.up_proj.weight,115,cosine_similarity,0.06520386785268784,4096,11008
Olmo-3-7b,actmat,model.layers.23.self_attn.k_proj.weight,116,cosine_similarity,0.11873292177915573,4096,4096
Olmo-3-7b,identity,model.layers.23.self_attn.k_proj.weight,116,cosine_similarity,0.06555012613534927,4096,4096
Olmo-3-7b,actmat,model.layers.23.self_attn.o_proj.weight,117,cosine_similarity,0.098075732588768,4096,4096
Olmo-3-7b,identity,model.layers.23.self_attn.o_proj.weight,117,cosine_similarity,0.036644574254751205,4096,4096
Olmo-3-7b,actmat,model.layers.23.self_attn.q_proj.weight,118,cosine_similarity,0.09959283471107483,4096,4096
Olmo-3-7b,identity,model.layers.23.self_attn.q_proj.weight,118,cosine_similarity,0.06555012613534927,4096,4096
Olmo-3-7b,actmat,model.layers.23.self_attn.v_proj.weight,119,cosine_similarity,0.18151125311851501,4096,4096
Olmo-3-7b,identity,model.layers.23.self_attn.v_proj.weight,119,cosine_similarity,0.06555012613534927,4096,4096
Olmo-3-7b,actmat,model.layers.24.mlp.down_proj.weight,120,cosine_similarity,0.08108384907245636,11008,4096
Olmo-3-7b,identity,model.layers.24.mlp.down_proj.weight,120,cosine_similarity,0.0549672469496727,11008,4096
Olmo-3-7b,actmat,model.layers.24.mlp.gate_proj.weight,121,cosine_similarity,0.2048814743757248,4096,11008
Olmo-3-7b,identity,model.layers.24.mlp.gate_proj.weight,121,cosine_similarity,0.06828327476978302,4096,11008
Olmo-3-7b,actmat,model.layers.24.mlp.up_proj.weight,122,cosine_similarity,0.1997295320034027,4096,11008
Olmo-3-7b,identity,model.layers.24.mlp.up_proj.weight,122,cosine_similarity,0.06828327476978302,4096,11008
Olmo-3-7b,actmat,model.layers.24.self_attn.k_proj.weight,123,cosine_similarity,0.1442699283361435,4096,4096
Olmo-3-7b,identity,model.layers.24.self_attn.k_proj.weight,123,cosine_similarity,0.06785736978054047,4096,4096
Olmo-3-7b,actmat,model.layers.24.self_attn.o_proj.weight,124,cosine_similarity,0.10885840654373169,4096,4096
Olmo-3-7b,identity,model.layers.24.self_attn.o_proj.weight,124,cosine_similarity,0.05261009931564331,4096,4096
Olmo-3-7b,actmat,model.layers.24.self_attn.q_proj.weight,125,cosine_similarity,0.12800875306129456,4096,4096
Olmo-3-7b,identity,model.layers.24.self_attn.q_proj.weight,125,cosine_similarity,0.06785736978054047,4096,4096
Olmo-3-7b,actmat,model.layers.24.self_attn.v_proj.weight,126,cosine_similarity,0.17078034579753876,4096,4096
Olmo-3-7b,identity,model.layers.24.self_attn.v_proj.weight,126,cosine_similarity,0.06785736978054047,4096,4096
Olmo-3-7b,actmat,model.layers.25.mlp.down_proj.weight,127,cosine_similarity,0.04178410768508911,11008,4096
Olmo-3-7b,identity,model.layers.25.mlp.down_proj.weight,127,cosine_similarity,0.034142736345529556,11008,4096
Olmo-3-7b,actmat,model.layers.25.mlp.gate_proj.weight,128,cosine_similarity,0.20395570993423462,4096,11008
Olmo-3-7b,identity,model.layers.25.mlp.gate_proj.weight,128,cosine_similarity,0.07058854401111603,4096,11008
Olmo-3-7b,actmat,model.layers.25.mlp.up_proj.weight,129,cosine_similarity,0.20312492549419403,4096,11008
Olmo-3-7b,identity,model.layers.25.mlp.up_proj.weight,129,cosine_similarity,0.07058854401111603,4096,11008
Olmo-3-7b,actmat,model.layers.25.self_attn.k_proj.weight,130,cosine_similarity,0.1554204672574997,4096,4096
Olmo-3-7b,identity,model.layers.25.self_attn.k_proj.weight,130,cosine_similarity,0.07054433226585388,4096,4096
Olmo-3-7b,actmat,model.layers.25.self_attn.o_proj.weight,131,cosine_similarity,0.09217862784862518,4096,4096
Olmo-3-7b,identity,model.layers.25.self_attn.o_proj.weight,131,cosine_similarity,0.04685506969690323,4096,4096
Olmo-3-7b,actmat,model.layers.25.self_attn.q_proj.weight,132,cosine_similarity,0.14290902018547058,4096,4096
Olmo-3-7b,identity,model.layers.25.self_attn.q_proj.weight,132,cosine_similarity,0.07054433226585388,4096,4096
Olmo-3-7b,actmat,model.layers.25.self_attn.v_proj.weight,133,cosine_similarity,0.1677112877368927,4096,4096
Olmo-3-7b,identity,model.layers.25.self_attn.v_proj.weight,133,cosine_similarity,0.07054433226585388,4096,4096
Olmo-3-7b,actmat,model.layers.26.mlp.down_proj.weight,134,cosine_similarity,0.03561733663082123,11008,4096
Olmo-3-7b,identity,model.layers.26.mlp.down_proj.weight,134,cosine_similarity,0.030577030032873154,11008,4096
Olmo-3-7b,actmat,model.layers.26.mlp.gate_proj.weight,135,cosine_similarity,0.20272773504257202,4096,11008
Olmo-3-7b,identity,model.layers.26.mlp.gate_proj.weight,135,cosine_similarity,0.07371749728918076,4096,11008
Olmo-3-7b,actmat,model.layers.26.mlp.up_proj.weight,136,cosine_similarity,0.20321975648403168,4096,11008
Olmo-3-7b,identity,model.layers.26.mlp.up_proj.weight,136,cosine_similarity,0.07371749728918076,4096,11008
Olmo-3-7b,actmat,model.layers.26.self_attn.k_proj.weight,137,cosine_similarity,0.16394659876823425,4096,4096
Olmo-3-7b,identity,model.layers.26.self_attn.k_proj.weight,137,cosine_similarity,0.07276813685894012,4096,4096
Olmo-3-7b,actmat,model.layers.26.self_attn.o_proj.weight,138,cosine_similarity,0.1303936094045639,4096,4096
Olmo-3-7b,identity,model.layers.26.self_attn.o_proj.weight,138,cosine_similarity,0.056994955986738205,4096,4096
Olmo-3-7b,actmat,model.layers.26.self_attn.q_proj.weight,139,cosine_similarity,0.1609421968460083,4096,4096
Olmo-3-7b,identity,model.layers.26.self_attn.q_proj.weight,139,cosine_similarity,0.07276813685894012,4096,4096
Olmo-3-7b,actmat,model.layers.26.self_attn.v_proj.weight,140,cosine_similarity,0.18152841925621033,4096,4096
Olmo-3-7b,identity,model.layers.26.self_attn.v_proj.weight,140,cosine_similarity,0.07276813685894012,4096,4096
Olmo-3-7b,actmat,model.layers.27.mlp.down_proj.weight,141,cosine_similarity,0.039282433688640594,11008,4096
Olmo-3-7b,identity,model.layers.27.mlp.down_proj.weight,141,cosine_similarity,0.028749190270900726,11008,4096
Olmo-3-7b,actmat,model.layers.27.mlp.gate_proj.weight,142,cosine_similarity,0.20159193873405457,4096,11008
Olmo-3-7b,identity,model.layers.27.mlp.gate_proj.weight,142,cosine_similarity,0.07606609165668488,4096,11008
Olmo-3-7b,actmat,model.layers.27.mlp.up_proj.weight,143,cosine_similarity,0.201702281832695,4096,11008
Olmo-3-7b,identity,model.layers.27.mlp.up_proj.weight,143,cosine_similarity,0.07606609165668488,4096,11008
Olmo-3-7b,actmat,model.layers.27.self_attn.k_proj.weight,144,cosine_similarity,0.15768171846866608,4096,4096
Olmo-3-7b,identity,model.layers.27.self_attn.k_proj.weight,144,cosine_similarity,0.07643169164657593,4096,4096
Olmo-3-7b,actmat,model.layers.27.self_attn.o_proj.weight,145,cosine_similarity,0.13342635333538055,4096,4096
Olmo-3-7b,identity,model.layers.27.self_attn.o_proj.weight,145,cosine_similarity,0.04998406022787094,4096,4096
Olmo-3-7b,actmat,model.layers.27.self_attn.q_proj.weight,146,cosine_similarity,0.1409224420785904,4096,4096
Olmo-3-7b,identity,model.layers.27.self_attn.q_proj.weight,146,cosine_similarity,0.07643169164657593,4096,4096
Olmo-3-7b,actmat,model.layers.27.self_attn.v_proj.weight,147,cosine_similarity,0.18881277740001678,4096,4096
Olmo-3-7b,identity,model.layers.27.self_attn.v_proj.weight,147,cosine_similarity,0.07643169164657593,4096,4096
Olmo-3-7b,actmat,model.layers.28.mlp.down_proj.weight,148,cosine_similarity,0.057590048760175705,11008,4096
Olmo-3-7b,identity,model.layers.28.mlp.down_proj.weight,148,cosine_similarity,0.03094930574297905,11008,4096
Olmo-3-7b,actmat,model.layers.28.mlp.gate_proj.weight,149,cosine_similarity,0.19513408839702606,4096,11008
Olmo-3-7b,identity,model.layers.28.mlp.gate_proj.weight,149,cosine_similarity,0.0772036612033844,4096,11008
Olmo-3-7b,actmat,model.layers.28.mlp.up_proj.weight,150,cosine_similarity,0.19544892013072968,4096,11008
Olmo-3-7b,identity,model.layers.28.mlp.up_proj.weight,150,cosine_similarity,0.0772036612033844,4096,11008
Olmo-3-7b,actmat,model.layers.28.self_attn.k_proj.weight,151,cosine_similarity,0.1902850866317749,4096,4096
Olmo-3-7b,identity,model.layers.28.self_attn.k_proj.weight,151,cosine_similarity,0.07802090048789978,4096,4096
Olmo-3-7b,actmat,model.layers.28.self_attn.o_proj.weight,152,cosine_similarity,0.14895449578762054,4096,4096
Olmo-3-7b,identity,model.layers.28.self_attn.o_proj.weight,152,cosine_similarity,0.05702720209956169,4096,4096
Olmo-3-7b,actmat,model.layers.28.self_attn.q_proj.weight,153,cosine_similarity,0.20181071758270264,4096,4096
Olmo-3-7b,identity,model.layers.28.self_attn.q_proj.weight,153,cosine_similarity,0.07802090048789978,4096,4096
Olmo-3-7b,actmat,model.layers.28.self_attn.v_proj.weight,154,cosine_similarity,0.16916523873806,4096,4096
Olmo-3-7b,identity,model.layers.28.self_attn.v_proj.weight,154,cosine_similarity,0.07802090048789978,4096,4096
Olmo-3-7b,actmat,model.layers.29.mlp.down_proj.weight,155,cosine_similarity,0.2056289166212082,11008,4096
Olmo-3-7b,identity,model.layers.29.mlp.down_proj.weight,155,cosine_similarity,0.05425434559583664,11008,4096
Olmo-3-7b,actmat,model.layers.29.mlp.gate_proj.weight,156,cosine_similarity,0.21178576350212097,4096,11008
Olmo-3-7b,identity,model.layers.29.mlp.gate_proj.weight,156,cosine_similarity,0.07506772875785828,4096,11008
Olmo-3-7b,actmat,model.layers.29.mlp.up_proj.weight,157,cosine_similarity,0.21626460552215576,4096,11008
Olmo-3-7b,identity,model.layers.29.mlp.up_proj.weight,157,cosine_similarity,0.07506772875785828,4096,11008
Olmo-3-7b,actmat,model.layers.29.self_attn.k_proj.weight,158,cosine_similarity,0.16334907710552216,4096,4096
Olmo-3-7b,identity,model.layers.29.self_attn.k_proj.weight,158,cosine_similarity,0.07935168594121933,4096,4096
Olmo-3-7b,actmat,model.layers.29.self_attn.o_proj.weight,159,cosine_similarity,0.13780710101127625,4096,4096
Olmo-3-7b,identity,model.layers.29.self_attn.o_proj.weight,159,cosine_similarity,0.0516594760119915,4096,4096
Olmo-3-7b,actmat,model.layers.29.self_attn.q_proj.weight,160,cosine_similarity,0.16673147678375244,4096,4096
Olmo-3-7b,identity,model.layers.29.self_attn.q_proj.weight,160,cosine_similarity,0.07935168594121933,4096,4096
Olmo-3-7b,actmat,model.layers.29.self_attn.v_proj.weight,161,cosine_similarity,0.18979930877685547,4096,4096
Olmo-3-7b,identity,model.layers.29.self_attn.v_proj.weight,161,cosine_similarity,0.07935168594121933,4096,4096
Olmo-3-7b,actmat,model.layers.3.mlp.down_proj.weight,162,cosine_similarity,0.12167946994304657,11008,4096
Olmo-3-7b,identity,model.layers.3.mlp.down_proj.weight,162,cosine_similarity,0.0690995454788208,11008,4096
Olmo-3-7b,actmat,model.layers.3.mlp.gate_proj.weight,163,cosine_similarity,0.11490438878536224,4096,11008
Olmo-3-7b,identity,model.layers.3.mlp.gate_proj.weight,163,cosine_similarity,0.06076627969741821,4096,11008
Olmo-3-7b,actmat,model.layers.3.mlp.up_proj.weight,164,cosine_similarity,0.11260122060775757,4096,11008
Olmo-3-7b,identity,model.layers.3.mlp.up_proj.weight,164,cosine_similarity,0.06076627969741821,4096,11008
Olmo-3-7b,actmat,model.layers.3.self_attn.k_proj.weight,165,cosine_similarity,0.03797049820423126,4096,4096
Olmo-3-7b,identity,model.layers.3.self_attn.k_proj.weight,165,cosine_similarity,0.06028681620955467,4096,4096
Olmo-3-7b,actmat,model.layers.3.self_attn.o_proj.weight,166,cosine_similarity,0.1898384988307953,4096,4096
Olmo-3-7b,identity,model.layers.3.self_attn.o_proj.weight,166,cosine_similarity,0.0656745582818985,4096,4096
Olmo-3-7b,actmat,model.layers.3.self_attn.q_proj.weight,167,cosine_similarity,0.02354401722550392,4096,4096
Olmo-3-7b,identity,model.layers.3.self_attn.q_proj.weight,167,cosine_similarity,0.06028681620955467,4096,4096
Olmo-3-7b,actmat,model.layers.3.self_attn.v_proj.weight,168,cosine_similarity,0.07674210518598557,4096,4096
Olmo-3-7b,identity,model.layers.3.self_attn.v_proj.weight,168,cosine_similarity,0.06028681620955467,4096,4096
Olmo-3-7b,actmat,model.layers.30.mlp.down_proj.weight,169,cosine_similarity,0.2734522223472595,11008,4096
Olmo-3-7b,identity,model.layers.30.mlp.down_proj.weight,169,cosine_similarity,0.05490058660507202,11008,4096
Olmo-3-7b,actmat,model.layers.30.mlp.gate_proj.weight,170,cosine_similarity,0.2340901792049408,4096,11008
Olmo-3-7b,identity,model.layers.30.mlp.gate_proj.weight,170,cosine_similarity,0.07262396812438965,4096,11008
Olmo-3-7b,actmat,model.layers.30.mlp.up_proj.weight,171,cosine_similarity,0.23333552479743958,4096,11008
Olmo-3-7b,identity,model.layers.30.mlp.up_proj.weight,171,cosine_similarity,0.07262396812438965,4096,11008
Olmo-3-7b,actmat,model.layers.30.self_attn.k_proj.weight,172,cosine_similarity,0.19805502891540527,4096,4096
Olmo-3-7b,identity,model.layers.30.self_attn.k_proj.weight,172,cosine_similarity,0.0762123316526413,4096,4096
Olmo-3-7b,actmat,model.layers.30.self_attn.o_proj.weight,173,cosine_similarity,0.15849605202674866,4096,4096
Olmo-3-7b,identity,model.layers.30.self_attn.o_proj.weight,173,cosine_similarity,0.057454295456409454,4096,4096
Olmo-3-7b,actmat,model.layers.30.self_attn.q_proj.weight,174,cosine_similarity,0.19837874174118042,4096,4096
Olmo-3-7b,identity,model.layers.30.self_attn.q_proj.weight,174,cosine_similarity,0.0762123316526413,4096,4096
Olmo-3-7b,actmat,model.layers.30.self_attn.v_proj.weight,175,cosine_similarity,0.19732245802879333,4096,4096
Olmo-3-7b,identity,model.layers.30.self_attn.v_proj.weight,175,cosine_similarity,0.0762123316526413,4096,4096
Olmo-3-7b,actmat,model.layers.31.mlp.down_proj.weight,176,cosine_similarity,0.16026580333709717,11008,4096
Olmo-3-7b,identity,model.layers.31.mlp.down_proj.weight,176,cosine_similarity,0.03415405750274658,11008,4096
Olmo-3-7b,actmat,model.layers.31.mlp.gate_proj.weight,177,cosine_similarity,0.24144606292247772,4096,11008
Olmo-3-7b,identity,model.layers.31.mlp.gate_proj.weight,177,cosine_similarity,0.06945761293172836,4096,11008
Olmo-3-7b,actmat,model.layers.31.mlp.up_proj.weight,178,cosine_similarity,0.2412266731262207,4096,11008
Olmo-3-7b,identity,model.layers.31.mlp.up_proj.weight,178,cosine_similarity,0.06945761293172836,4096,11008
Olmo-3-7b,actmat,model.layers.31.self_attn.k_proj.weight,179,cosine_similarity,0.149084210395813,4096,4096
Olmo-3-7b,identity,model.layers.31.self_attn.k_proj.weight,179,cosine_similarity,0.07141229510307312,4096,4096
Olmo-3-7b,actmat,model.layers.31.self_attn.o_proj.weight,180,cosine_similarity,0.1607372760772705,4096,4096
Olmo-3-7b,identity,model.layers.31.self_attn.o_proj.weight,180,cosine_similarity,0.05470357835292816,4096,4096
Olmo-3-7b,actmat,model.layers.31.self_attn.q_proj.weight,181,cosine_similarity,0.157819926738739,4096,4096
Olmo-3-7b,identity,model.layers.31.self_attn.q_proj.weight,181,cosine_similarity,0.07141229510307312,4096,4096
Olmo-3-7b,actmat,model.layers.31.self_attn.v_proj.weight,182,cosine_similarity,0.21013742685317993,4096,4096
Olmo-3-7b,identity,model.layers.31.self_attn.v_proj.weight,182,cosine_similarity,0.07141229510307312,4096,4096
Olmo-3-7b,actmat,model.layers.4.mlp.down_proj.weight,183,cosine_similarity,0.1502859741449356,11008,4096
Olmo-3-7b,identity,model.layers.4.mlp.down_proj.weight,183,cosine_similarity,0.07394854724407196,11008,4096
Olmo-3-7b,actmat,model.layers.4.mlp.gate_proj.weight,184,cosine_similarity,0.13199548423290253,4096,11008
Olmo-3-7b,identity,model.layers.4.mlp.gate_proj.weight,184,cosine_similarity,0.05717524513602257,4096,11008
Olmo-3-7b,actmat,model.layers.4.mlp.up_proj.weight,185,cosine_similarity,0.12899500131607056,4096,11008
Olmo-3-7b,identity,model.layers.4.mlp.up_proj.weight,185,cosine_similarity,0.05717524513602257,4096,11008
Olmo-3-7b,actmat,model.layers.4.self_attn.k_proj.weight,186,cosine_similarity,0.07754135131835938,4096,4096
Olmo-3-7b,identity,model.layers.4.self_attn.k_proj.weight,186,cosine_similarity,0.05952651426196098,4096,4096
Olmo-3-7b,actmat,model.layers.4.self_attn.o_proj.weight,187,cosine_similarity,0.33498477935791016,4096,4096
Olmo-3-7b,identity,model.layers.4.self_attn.o_proj.weight,187,cosine_similarity,0.061813801527023315,4096,4096
Olmo-3-7b,actmat,model.layers.4.self_attn.q_proj.weight,188,cosine_similarity,0.06526540219783783,4096,4096
Olmo-3-7b,identity,model.layers.4.self_attn.q_proj.weight,188,cosine_similarity,0.05952651426196098,4096,4096
Olmo-3-7b,actmat,model.layers.4.self_attn.v_proj.weight,189,cosine_similarity,0.08154229074716568,4096,4096
Olmo-3-7b,identity,model.layers.4.self_attn.v_proj.weight,189,cosine_similarity,0.05952651426196098,4096,4096
Olmo-3-7b,actmat,model.layers.5.mlp.down_proj.weight,190,cosine_similarity,0.14682534337043762,11008,4096
Olmo-3-7b,identity,model.layers.5.mlp.down_proj.weight,190,cosine_similarity,0.07536983489990234,11008,4096
Olmo-3-7b,actmat,model.layers.5.mlp.gate_proj.weight,191,cosine_similarity,0.12759631872177124,4096,11008
Olmo-3-7b,identity,model.layers.5.mlp.gate_proj.weight,191,cosine_similarity,0.055124472826719284,4096,11008
Olmo-3-7b,actmat,model.layers.5.mlp.up_proj.weight,192,cosine_similarity,0.12445139139890671,4096,11008
Olmo-3-7b,identity,model.layers.5.mlp.up_proj.weight,192,cosine_similarity,0.055124472826719284,4096,11008
Olmo-3-7b,actmat,model.layers.5.self_attn.k_proj.weight,193,cosine_similarity,0.07770825177431107,4096,4096
Olmo-3-7b,identity,model.layers.5.self_attn.k_proj.weight,193,cosine_similarity,0.05635610967874527,4096,4096
Olmo-3-7b,actmat,model.layers.5.self_attn.o_proj.weight,194,cosine_similarity,0.24622194468975067,4096,4096
Olmo-3-7b,identity,model.layers.5.self_attn.o_proj.weight,194,cosine_similarity,0.058027204126119614,4096,4096
Olmo-3-7b,actmat,model.layers.5.self_attn.q_proj.weight,195,cosine_similarity,0.0820874273777008,4096,4096
Olmo-3-7b,identity,model.layers.5.self_attn.q_proj.weight,195,cosine_similarity,0.05635610967874527,4096,4096
Olmo-3-7b,actmat,model.layers.5.self_attn.v_proj.weight,196,cosine_similarity,0.10089336335659027,4096,4096
Olmo-3-7b,identity,model.layers.5.self_attn.v_proj.weight,196,cosine_similarity,0.05635610967874527,4096,4096
Olmo-3-7b,actmat,model.layers.6.mlp.down_proj.weight,197,cosine_similarity,0.1689188927412033,11008,4096
Olmo-3-7b,identity,model.layers.6.mlp.down_proj.weight,197,cosine_similarity,0.07416938245296478,11008,4096
Olmo-3-7b,actmat,model.layers.6.mlp.gate_proj.weight,198,cosine_similarity,0.1351732313632965,4096,11008
Olmo-3-7b,identity,model.layers.6.mlp.gate_proj.weight,198,cosine_similarity,0.052107520401477814,4096,11008
Olmo-3-7b,actmat,model.layers.6.mlp.up_proj.weight,199,cosine_similarity,0.1317710131406784,4096,11008
Olmo-3-7b,identity,model.layers.6.mlp.up_proj.weight,199,cosine_similarity,0.052107520401477814,4096,11008
Olmo-3-7b,actmat,model.layers.6.self_attn.k_proj.weight,200,cosine_similarity,0.0812041312456131,4096,4096
Olmo-3-7b,identity,model.layers.6.self_attn.k_proj.weight,200,cosine_similarity,0.05063081532716751,4096,4096
Olmo-3-7b,actmat,model.layers.6.self_attn.o_proj.weight,201,cosine_similarity,0.2500056028366089,4096,4096
Olmo-3-7b,identity,model.layers.6.self_attn.o_proj.weight,201,cosine_similarity,0.064414843916893,4096,4096
Olmo-3-7b,actmat,model.layers.6.self_attn.q_proj.weight,202,cosine_similarity,0.08183542639017105,4096,4096
Olmo-3-7b,identity,model.layers.6.self_attn.q_proj.weight,202,cosine_similarity,0.05063081532716751,4096,4096
Olmo-3-7b,actmat,model.layers.6.self_attn.v_proj.weight,203,cosine_similarity,0.11318124830722809,4096,4096
Olmo-3-7b,identity,model.layers.6.self_attn.v_proj.weight,203,cosine_similarity,0.05063081532716751,4096,4096
Olmo-3-7b,actmat,model.layers.7.mlp.down_proj.weight,204,cosine_similarity,0.17284774780273438,11008,4096
Olmo-3-7b,identity,model.layers.7.mlp.down_proj.weight,204,cosine_similarity,0.07560364902019501,11008,4096
Olmo-3-7b,actmat,model.layers.7.mlp.gate_proj.weight,205,cosine_similarity,0.1347237080335617,4096,11008
Olmo-3-7b,identity,model.layers.7.mlp.gate_proj.weight,205,cosine_similarity,0.05182480812072754,4096,11008
Olmo-3-7b,actmat,model.layers.7.mlp.up_proj.weight,206,cosine_similarity,0.13001416623592377,4096,11008
Olmo-3-7b,identity,model.layers.7.mlp.up_proj.weight,206,cosine_similarity,0.05182480812072754,4096,11008
Olmo-3-7b,actmat,model.layers.7.self_attn.k_proj.weight,207,cosine_similarity,0.045997269451618195,4096,4096
Olmo-3-7b,identity,model.layers.7.self_attn.k_proj.weight,207,cosine_similarity,0.05192280933260918,4096,4096
Olmo-3-7b,actmat,model.layers.7.self_attn.o_proj.weight,208,cosine_similarity,0.22285661101341248,4096,4096
Olmo-3-7b,identity,model.layers.7.self_attn.o_proj.weight,208,cosine_similarity,0.04884419962763786,4096,4096
Olmo-3-7b,actmat,model.layers.7.self_attn.q_proj.weight,209,cosine_similarity,0.029143860563635826,4096,4096
Olmo-3-7b,identity,model.layers.7.self_attn.q_proj.weight,209,cosine_similarity,0.05192280933260918,4096,4096
Olmo-3-7b,actmat,model.layers.7.self_attn.v_proj.weight,210,cosine_similarity,0.12003105133771896,4096,4096
Olmo-3-7b,identity,model.layers.7.self_attn.v_proj.weight,210,cosine_similarity,0.05192280933260918,4096,4096
Olmo-3-7b,actmat,model.layers.8.mlp.down_proj.weight,211,cosine_similarity,0.16883012652397156,11008,4096
Olmo-3-7b,identity,model.layers.8.mlp.down_proj.weight,211,cosine_similarity,0.07760249823331833,11008,4096
Olmo-3-7b,actmat,model.layers.8.mlp.gate_proj.weight,212,cosine_similarity,0.12921330332756042,4096,11008
Olmo-3-7b,identity,model.layers.8.mlp.gate_proj.weight,212,cosine_similarity,0.05017668008804321,4096,11008
Olmo-3-7b,actmat,model.layers.8.mlp.up_proj.weight,213,cosine_similarity,0.1276848316192627,4096,11008
Olmo-3-7b,identity,model.layers.8.mlp.up_proj.weight,213,cosine_similarity,0.05017668008804321,4096,11008
Olmo-3-7b,actmat,model.layers.8.self_attn.k_proj.weight,214,cosine_similarity,0.08733692765235901,4096,4096
Olmo-3-7b,identity,model.layers.8.self_attn.k_proj.weight,214,cosine_similarity,0.050227951258420944,4096,4096
Olmo-3-7b,actmat,model.layers.8.self_attn.o_proj.weight,215,cosine_similarity,0.24092033505439758,4096,4096
Olmo-3-7b,identity,model.layers.8.self_attn.o_proj.weight,215,cosine_similarity,0.0520251989364624,4096,4096
Olmo-3-7b,actmat,model.layers.8.self_attn.q_proj.weight,216,cosine_similarity,0.0836353451013565,4096,4096
Olmo-3-7b,identity,model.layers.8.self_attn.q_proj.weight,216,cosine_similarity,0.050227951258420944,4096,4096
Olmo-3-7b,actmat,model.layers.8.self_attn.v_proj.weight,217,cosine_similarity,0.1155819445848465,4096,4096
Olmo-3-7b,identity,model.layers.8.self_attn.v_proj.weight,217,cosine_similarity,0.050227951258420944,4096,4096
Olmo-3-7b,actmat,model.layers.9.mlp.down_proj.weight,218,cosine_similarity,0.16457869112491608,11008,4096
Olmo-3-7b,identity,model.layers.9.mlp.down_proj.weight,218,cosine_similarity,0.07797699421644211,11008,4096
Olmo-3-7b,actmat,model.layers.9.mlp.gate_proj.weight,219,cosine_similarity,0.12887945771217346,4096,11008
Olmo-3-7b,identity,model.layers.9.mlp.gate_proj.weight,219,cosine_similarity,0.050447192043066025,4096,11008
Olmo-3-7b,actmat,model.layers.9.mlp.up_proj.weight,220,cosine_similarity,0.12542161345481873,4096,11008
Olmo-3-7b,identity,model.layers.9.mlp.up_proj.weight,220,cosine_similarity,0.050447192043066025,4096,11008
Olmo-3-7b,actmat,model.layers.9.self_attn.k_proj.weight,221,cosine_similarity,0.0893217921257019,4096,4096
Olmo-3-7b,identity,model.layers.9.self_attn.k_proj.weight,221,cosine_similarity,0.050441451370716095,4096,4096
Olmo-3-7b,actmat,model.layers.9.self_attn.o_proj.weight,222,cosine_similarity,0.21895787119865417,4096,4096
Olmo-3-7b,identity,model.layers.9.self_attn.o_proj.weight,222,cosine_similarity,0.04680240899324417,4096,4096
Olmo-3-7b,actmat,model.layers.9.self_attn.q_proj.weight,223,cosine_similarity,0.08642244338989258,4096,4096
Olmo-3-7b,identity,model.layers.9.self_attn.q_proj.weight,223,cosine_similarity,0.050441451370716095,4096,4096
Olmo-3-7b,actmat,model.layers.9.self_attn.v_proj.weight,224,cosine_similarity,0.11744143813848495,4096,4096
Olmo-3-7b,identity,model.layers.9.self_attn.v_proj.weight,224,cosine_similarity,0.050441451370716095,4096,4096
