dataset,layer_name,layer_idx,angular_distance,type
qasc,transformer.encoder.block.0.layer.0.SelfAttention.q,0,,cross
qasc,transformer.encoder.block.0.layer.0.SelfAttention.q,0,,corr
qasc,transformer.encoder.block.0.layer.0.SelfAttention.q,0,,drift
qasc,transformer.encoder.block.0.layer.0.SelfAttention.q,0,,tot
qasc,transformer.encoder.block.0.layer.0.SelfAttention.q,0,,$\delta_\text{gsc}$
qasc,transformer.encoder.block.0.layer.0.SelfAttention.q,0,,$\delta_\text{ssc}$
qasc,transformer.encoder.block.0.layer.0.SelfAttention.k,1,,cross
qasc,transformer.encoder.block.0.layer.0.SelfAttention.k,1,,corr
qasc,transformer.encoder.block.0.layer.0.SelfAttention.k,1,,drift
qasc,transformer.encoder.block.0.layer.0.SelfAttention.k,1,,tot
qasc,transformer.encoder.block.0.layer.0.SelfAttention.k,1,,$\delta_\text{gsc}$
qasc,transformer.encoder.block.0.layer.0.SelfAttention.k,1,,$\delta_\text{ssc}$
qasc,transformer.encoder.block.0.layer.0.SelfAttention.v,2,0.0406876839697361,cross
qasc,transformer.encoder.block.0.layer.0.SelfAttention.v,2,0.0538589283823967,corr
qasc,transformer.encoder.block.0.layer.0.SelfAttention.v,2,0.006844117306172848,drift
qasc,transformer.encoder.block.0.layer.0.SelfAttention.v,2,0.02135893702507019,tot
qasc,transformer.encoder.block.0.layer.0.SelfAttention.v,2,-0.07430213689804077,$\delta_\text{gsc}$
qasc,transformer.encoder.block.0.layer.0.SelfAttention.v,2,-0.005729652009904385,$\delta_\text{ssc}$
qasc,transformer.encoder.block.0.layer.0.SelfAttention.o,3,0.07391190528869629,cross
qasc,transformer.encoder.block.0.layer.0.SelfAttention.o,3,0.10938137024641037,corr
qasc,transformer.encoder.block.0.layer.0.SelfAttention.o,3,0.035284072160720825,drift
qasc,transformer.encoder.block.0.layer.0.SelfAttention.o,3,0.09805208444595337,tot
qasc,transformer.encoder.block.0.layer.0.SelfAttention.o,3,-0.09409287571907043,$\delta_\text{gsc}$
qasc,transformer.encoder.block.0.layer.0.SelfAttention.o,3,-0.02643238753080368,$\delta_\text{ssc}$
qasc,transformer.encoder.block.0.layer.1.DenseReluDense.wi,4,0.052903223782777786,cross
qasc,transformer.encoder.block.0.layer.1.DenseReluDense.wi,4,0.0645449087023735,corr
qasc,transformer.encoder.block.0.layer.1.DenseReluDense.wi,4,0.06479071080684662,drift
qasc,transformer.encoder.block.0.layer.1.DenseReluDense.wi,4,0.10245852917432785,tot
qasc,transformer.encoder.block.0.layer.1.DenseReluDense.wi,4,-0.05079122260212898,$\delta_\text{gsc}$
qasc,transformer.encoder.block.0.layer.1.DenseReluDense.wi,4,-0.028989091515541077,$\delta_\text{ssc}$
qasc,transformer.encoder.block.0.layer.1.DenseReluDense.wo,5,0.12402377277612686,cross
qasc,transformer.encoder.block.0.layer.1.DenseReluDense.wo,5,0.1387348771095276,corr
qasc,transformer.encoder.block.0.layer.1.DenseReluDense.wo,5,0.15515156090259552,drift
qasc,transformer.encoder.block.0.layer.1.DenseReluDense.wo,5,0.1661069542169571,tot
qasc,transformer.encoder.block.0.layer.1.DenseReluDense.wo,5,-0.17348012328147888,$\delta_\text{gsc}$
qasc,transformer.encoder.block.0.layer.1.DenseReluDense.wo,5,-0.0783231258392334,$\delta_\text{ssc}$
qasc,transformer.encoder.block.1.layer.0.SelfAttention.q,6,,cross
qasc,transformer.encoder.block.1.layer.0.SelfAttention.q,6,,corr
qasc,transformer.encoder.block.1.layer.0.SelfAttention.q,6,,drift
qasc,transformer.encoder.block.1.layer.0.SelfAttention.q,6,,tot
qasc,transformer.encoder.block.1.layer.0.SelfAttention.q,6,,$\delta_\text{gsc}$
qasc,transformer.encoder.block.1.layer.0.SelfAttention.q,6,,$\delta_\text{ssc}$
qasc,transformer.encoder.block.1.layer.0.SelfAttention.k,7,,cross
qasc,transformer.encoder.block.1.layer.0.SelfAttention.k,7,,corr
qasc,transformer.encoder.block.1.layer.0.SelfAttention.k,7,,drift
qasc,transformer.encoder.block.1.layer.0.SelfAttention.k,7,,tot
qasc,transformer.encoder.block.1.layer.0.SelfAttention.k,7,,$\delta_\text{gsc}$
qasc,transformer.encoder.block.1.layer.0.SelfAttention.k,7,,$\delta_\text{ssc}$
qasc,transformer.encoder.block.1.layer.0.SelfAttention.v,8,0.07023004442453384,cross
qasc,transformer.encoder.block.1.layer.0.SelfAttention.v,8,0.08634063601493835,corr
qasc,transformer.encoder.block.1.layer.0.SelfAttention.v,8,0.07134122401475906,drift
qasc,transformer.encoder.block.1.layer.0.SelfAttention.v,8,0.08385798335075378,tot
qasc,transformer.encoder.block.1.layer.0.SelfAttention.v,8,-0.10233274102210999,$\delta_\text{gsc}$
qasc,transformer.encoder.block.1.layer.0.SelfAttention.v,8,-0.04172118008136749,$\delta_\text{ssc}$
qasc,transformer.encoder.block.1.layer.0.SelfAttention.o,9,0.12604132294654846,cross
qasc,transformer.encoder.block.1.layer.0.SelfAttention.o,9,0.14558951556682587,corr
qasc,transformer.encoder.block.1.layer.0.SelfAttention.o,9,0.09710860252380371,drift
qasc,transformer.encoder.block.1.layer.0.SelfAttention.o,9,0.10283945500850677,tot
qasc,transformer.encoder.block.1.layer.0.SelfAttention.o,9,-0.20073001086711884,$\delta_\text{gsc}$
qasc,transformer.encoder.block.1.layer.0.SelfAttention.o,9,-0.06516997516155243,$\delta_\text{ssc}$
qasc,transformer.encoder.block.1.layer.1.DenseReluDense.wi,10,0.06261013448238373,cross
qasc,transformer.encoder.block.1.layer.1.DenseReluDense.wi,10,0.08618669956922531,corr
qasc,transformer.encoder.block.1.layer.1.DenseReluDense.wi,10,0.07905338704586029,drift
qasc,transformer.encoder.block.1.layer.1.DenseReluDense.wi,10,0.09765959531068802,tot
qasc,transformer.encoder.block.1.layer.1.DenseReluDense.wi,10,-0.08713582158088684,$\delta_\text{gsc}$
qasc,transformer.encoder.block.1.layer.1.DenseReluDense.wi,10,-0.04305480420589447,$\delta_\text{ssc}$
qasc,transformer.encoder.block.1.layer.1.DenseReluDense.wo,11,0.07300872355699539,cross
qasc,transformer.encoder.block.1.layer.1.DenseReluDense.wo,11,0.0861472561955452,corr
qasc,transformer.encoder.block.1.layer.1.DenseReluDense.wo,11,0.18976393342018127,drift
qasc,transformer.encoder.block.1.layer.1.DenseReluDense.wo,11,0.18490655720233917,tot
qasc,transformer.encoder.block.1.layer.1.DenseReluDense.wo,11,-0.06359034031629562,$\delta_\text{gsc}$
qasc,transformer.encoder.block.1.layer.1.DenseReluDense.wo,11,-0.10042301565408707,$\delta_\text{ssc}$
qasc,transformer.encoder.block.2.layer.0.SelfAttention.q,12,,cross
qasc,transformer.encoder.block.2.layer.0.SelfAttention.q,12,,corr
qasc,transformer.encoder.block.2.layer.0.SelfAttention.q,12,,drift
qasc,transformer.encoder.block.2.layer.0.SelfAttention.q,12,,tot
qasc,transformer.encoder.block.2.layer.0.SelfAttention.q,12,,$\delta_\text{gsc}$
qasc,transformer.encoder.block.2.layer.0.SelfAttention.q,12,,$\delta_\text{ssc}$
qasc,transformer.encoder.block.2.layer.0.SelfAttention.k,13,,cross
qasc,transformer.encoder.block.2.layer.0.SelfAttention.k,13,,corr
qasc,transformer.encoder.block.2.layer.0.SelfAttention.k,13,,drift
qasc,transformer.encoder.block.2.layer.0.SelfAttention.k,13,,tot
qasc,transformer.encoder.block.2.layer.0.SelfAttention.k,13,,$\delta_\text{gsc}$
qasc,transformer.encoder.block.2.layer.0.SelfAttention.k,13,,$\delta_\text{ssc}$
qasc,transformer.encoder.block.2.layer.0.SelfAttention.v,14,0.08047936856746674,cross
qasc,transformer.encoder.block.2.layer.0.SelfAttention.v,14,0.10006282478570938,corr
qasc,transformer.encoder.block.2.layer.0.SelfAttention.v,14,0.09005673229694366,drift
qasc,transformer.encoder.block.2.layer.0.SelfAttention.v,14,0.08645167201757431,tot
qasc,transformer.encoder.block.2.layer.0.SelfAttention.v,14,-0.12309706956148148,$\delta_\text{gsc}$
qasc,transformer.encoder.block.2.layer.0.SelfAttention.v,14,-0.061050184071063995,$\delta_\text{ssc}$
qasc,transformer.encoder.block.2.layer.0.SelfAttention.o,15,0.1131463497877121,cross
qasc,transformer.encoder.block.2.layer.0.SelfAttention.o,15,0.1325860619544983,corr
qasc,transformer.encoder.block.2.layer.0.SelfAttention.o,15,0.12692347168922424,drift
qasc,transformer.encoder.block.2.layer.0.SelfAttention.o,15,0.11405977606773376,tot
qasc,transformer.encoder.block.2.layer.0.SelfAttention.o,15,-0.17221686244010925,$\delta_\text{gsc}$
qasc,transformer.encoder.block.2.layer.0.SelfAttention.o,15,-0.08637924492359161,$\delta_\text{ssc}$
qasc,transformer.encoder.block.2.layer.1.DenseReluDense.wi,16,0.061427224427461624,cross
qasc,transformer.encoder.block.2.layer.1.DenseReluDense.wi,16,0.07781964540481567,corr
qasc,transformer.encoder.block.2.layer.1.DenseReluDense.wi,16,0.09304749220609665,drift
qasc,transformer.encoder.block.2.layer.1.DenseReluDense.wi,16,0.10619138926267624,tot
qasc,transformer.encoder.block.2.layer.1.DenseReluDense.wi,16,-0.07520830631256104,$\delta_\text{gsc}$
qasc,transformer.encoder.block.2.layer.1.DenseReluDense.wi,16,-0.05089467018842697,$\delta_\text{ssc}$
qasc,transformer.encoder.block.2.layer.1.DenseReluDense.wo,17,0.2357420027256012,cross
qasc,transformer.encoder.block.2.layer.1.DenseReluDense.wo,17,0.45008155703544617,corr
qasc,transformer.encoder.block.2.layer.1.DenseReluDense.wo,17,0.4519767463207245,drift
qasc,transformer.encoder.block.2.layer.1.DenseReluDense.wo,17,0.24758125841617584,tot
qasc,transformer.encoder.block.2.layer.1.DenseReluDense.wo,17,-0.3303636908531189,$\delta_\text{gsc}$
qasc,transformer.encoder.block.2.layer.1.DenseReluDense.wo,17,-0.5598553419113159,$\delta_\text{ssc}$
qasc,transformer.encoder.block.3.layer.0.SelfAttention.q,18,,cross
qasc,transformer.encoder.block.3.layer.0.SelfAttention.q,18,,corr
qasc,transformer.encoder.block.3.layer.0.SelfAttention.q,18,,drift
qasc,transformer.encoder.block.3.layer.0.SelfAttention.q,18,,tot
qasc,transformer.encoder.block.3.layer.0.SelfAttention.q,18,,$\delta_\text{gsc}$
qasc,transformer.encoder.block.3.layer.0.SelfAttention.q,18,,$\delta_\text{ssc}$
qasc,transformer.encoder.block.3.layer.0.SelfAttention.k,19,,cross
qasc,transformer.encoder.block.3.layer.0.SelfAttention.k,19,,corr
qasc,transformer.encoder.block.3.layer.0.SelfAttention.k,19,,drift
qasc,transformer.encoder.block.3.layer.0.SelfAttention.k,19,,tot
qasc,transformer.encoder.block.3.layer.0.SelfAttention.k,19,,$\delta_\text{gsc}$
qasc,transformer.encoder.block.3.layer.0.SelfAttention.k,19,,$\delta_\text{ssc}$
qasc,transformer.encoder.block.3.layer.0.SelfAttention.v,20,0.08310028165578842,cross
qasc,transformer.encoder.block.3.layer.0.SelfAttention.v,20,0.10665993392467499,corr
qasc,transformer.encoder.block.3.layer.0.SelfAttention.v,20,0.1275538206100464,drift
qasc,transformer.encoder.block.3.layer.0.SelfAttention.v,20,0.12048465758562088,tot
qasc,transformer.encoder.block.3.layer.0.SelfAttention.v,20,-0.12462827563285828,$\delta_\text{gsc}$
qasc,transformer.encoder.block.3.layer.0.SelfAttention.v,20,-0.07220110297203064,$\delta_\text{ssc}$
qasc,transformer.encoder.block.3.layer.0.SelfAttention.o,21,0.08816840499639511,cross
qasc,transformer.encoder.block.3.layer.0.SelfAttention.o,21,0.10550370067358017,corr
qasc,transformer.encoder.block.3.layer.0.SelfAttention.o,21,0.16794149577617645,drift
qasc,transformer.encoder.block.3.layer.0.SelfAttention.o,21,0.15165136754512787,tot
qasc,transformer.encoder.block.3.layer.0.SelfAttention.o,21,-0.1250658631324768,$\delta_\text{gsc}$
qasc,transformer.encoder.block.3.layer.0.SelfAttention.o,21,-0.08489636331796646,$\delta_\text{ssc}$
qasc,transformer.encoder.block.3.layer.1.DenseReluDense.wi,22,0.06185804679989815,cross
qasc,transformer.encoder.block.3.layer.1.DenseReluDense.wi,22,0.08025098592042923,corr
qasc,transformer.encoder.block.3.layer.1.DenseReluDense.wi,22,0.10189332813024521,drift
qasc,transformer.encoder.block.3.layer.1.DenseReluDense.wi,22,0.09781966358423233,tot
qasc,transformer.encoder.block.3.layer.1.DenseReluDense.wi,22,-0.09144778549671173,$\delta_\text{gsc}$
qasc,transformer.encoder.block.3.layer.1.DenseReluDense.wi,22,-0.05473491549491882,$\delta_\text{ssc}$
qasc,transformer.encoder.block.3.layer.1.DenseReluDense.wo,23,0.11634830385446548,cross
qasc,transformer.encoder.block.3.layer.1.DenseReluDense.wo,23,0.3907882869243622,corr
qasc,transformer.encoder.block.3.layer.1.DenseReluDense.wo,23,0.442396879196167,drift
qasc,transformer.encoder.block.3.layer.1.DenseReluDense.wo,23,0.28096407651901245,tot
qasc,transformer.encoder.block.3.layer.1.DenseReluDense.wo,23,-0.13367721438407898,$\delta_\text{gsc}$
qasc,transformer.encoder.block.3.layer.1.DenseReluDense.wo,23,-0.534892201423645,$\delta_\text{ssc}$
qasc,transformer.encoder.block.4.layer.0.SelfAttention.q,24,,cross
qasc,transformer.encoder.block.4.layer.0.SelfAttention.q,24,,corr
qasc,transformer.encoder.block.4.layer.0.SelfAttention.q,24,,drift
qasc,transformer.encoder.block.4.layer.0.SelfAttention.q,24,,tot
qasc,transformer.encoder.block.4.layer.0.SelfAttention.q,24,,$\delta_\text{gsc}$
qasc,transformer.encoder.block.4.layer.0.SelfAttention.q,24,,$\delta_\text{ssc}$
qasc,transformer.encoder.block.4.layer.0.SelfAttention.k,25,,cross
qasc,transformer.encoder.block.4.layer.0.SelfAttention.k,25,,corr
qasc,transformer.encoder.block.4.layer.0.SelfAttention.k,25,,drift
qasc,transformer.encoder.block.4.layer.0.SelfAttention.k,25,,tot
qasc,transformer.encoder.block.4.layer.0.SelfAttention.k,25,,$\delta_\text{gsc}$
qasc,transformer.encoder.block.4.layer.0.SelfAttention.k,25,,$\delta_\text{ssc}$
qasc,transformer.encoder.block.4.layer.0.SelfAttention.v,26,0.06997671723365784,cross
qasc,transformer.encoder.block.4.layer.0.SelfAttention.v,26,0.08542727679014206,corr
qasc,transformer.encoder.block.4.layer.0.SelfAttention.v,26,0.17104053497314453,drift
qasc,transformer.encoder.block.4.layer.0.SelfAttention.v,26,0.1601123809814453,tot
qasc,transformer.encoder.block.4.layer.0.SelfAttention.v,26,-0.0990096926689148,$\delta_\text{gsc}$
qasc,transformer.encoder.block.4.layer.0.SelfAttention.v,26,-0.06732245534658432,$\delta_\text{ssc}$
qasc,transformer.encoder.block.4.layer.0.SelfAttention.o,27,0.1313387006521225,cross
qasc,transformer.encoder.block.4.layer.0.SelfAttention.o,27,0.1357959806919098,corr
qasc,transformer.encoder.block.4.layer.0.SelfAttention.o,27,0.22588682174682617,drift
qasc,transformer.encoder.block.4.layer.0.SelfAttention.o,27,0.2109784483909607,tot
qasc,transformer.encoder.block.4.layer.0.SelfAttention.o,27,-0.19403593242168427,$\delta_\text{gsc}$
qasc,transformer.encoder.block.4.layer.0.SelfAttention.o,27,-0.0880071222782135,$\delta_\text{ssc}$
qasc,transformer.encoder.block.4.layer.1.DenseReluDense.wi,28,0.04934919625520706,cross
qasc,transformer.encoder.block.4.layer.1.DenseReluDense.wi,28,0.0705416351556778,corr
qasc,transformer.encoder.block.4.layer.1.DenseReluDense.wi,28,0.14020082354545593,drift
qasc,transformer.encoder.block.4.layer.1.DenseReluDense.wi,28,0.1285681426525116,tot
qasc,transformer.encoder.block.4.layer.1.DenseReluDense.wi,28,-0.07346204668283463,$\delta_\text{gsc}$
qasc,transformer.encoder.block.4.layer.1.DenseReluDense.wi,28,-0.05806146562099457,$\delta_\text{ssc}$
qasc,transformer.encoder.block.4.layer.1.DenseReluDense.wo,29,0.23561832308769226,cross
qasc,transformer.encoder.block.4.layer.1.DenseReluDense.wo,29,0.44534289836883545,corr
qasc,transformer.encoder.block.4.layer.1.DenseReluDense.wo,29,0.4916934370994568,drift
qasc,transformer.encoder.block.4.layer.1.DenseReluDense.wo,29,0.34653928875923157,tot
qasc,transformer.encoder.block.4.layer.1.DenseReluDense.wo,29,-0.2994215786457062,$\delta_\text{gsc}$
qasc,transformer.encoder.block.4.layer.1.DenseReluDense.wo,29,-0.5266938209533691,$\delta_\text{ssc}$
qasc,transformer.encoder.block.5.layer.0.SelfAttention.q,30,,cross
qasc,transformer.encoder.block.5.layer.0.SelfAttention.q,30,,corr
qasc,transformer.encoder.block.5.layer.0.SelfAttention.q,30,,drift
qasc,transformer.encoder.block.5.layer.0.SelfAttention.q,30,,tot
qasc,transformer.encoder.block.5.layer.0.SelfAttention.q,30,,$\delta_\text{gsc}$
qasc,transformer.encoder.block.5.layer.0.SelfAttention.q,30,,$\delta_\text{ssc}$
qasc,transformer.encoder.block.5.layer.0.SelfAttention.k,31,,cross
qasc,transformer.encoder.block.5.layer.0.SelfAttention.k,31,,corr
qasc,transformer.encoder.block.5.layer.0.SelfAttention.k,31,,drift
qasc,transformer.encoder.block.5.layer.0.SelfAttention.k,31,,tot
qasc,transformer.encoder.block.5.layer.0.SelfAttention.k,31,,$\delta_\text{gsc}$
qasc,transformer.encoder.block.5.layer.0.SelfAttention.k,31,,$\delta_\text{ssc}$
qasc,transformer.encoder.block.5.layer.0.SelfAttention.v,32,0.12075760960578918,cross
qasc,transformer.encoder.block.5.layer.0.SelfAttention.v,32,0.12635433673858643,corr
qasc,transformer.encoder.block.5.layer.0.SelfAttention.v,32,0.19639705121517181,drift
qasc,transformer.encoder.block.5.layer.0.SelfAttention.v,32,0.1788892149925232,tot
qasc,transformer.encoder.block.5.layer.0.SelfAttention.v,32,-0.18396930396556854,$\delta_\text{gsc}$
qasc,transformer.encoder.block.5.layer.0.SelfAttention.v,32,-0.08065047860145569,$\delta_\text{ssc}$
qasc,transformer.encoder.block.5.layer.0.SelfAttention.o,33,0.18687351047992706,cross
qasc,transformer.encoder.block.5.layer.0.SelfAttention.o,33,0.18546319007873535,corr
qasc,transformer.encoder.block.5.layer.0.SelfAttention.o,33,0.24584876000881195,drift
qasc,transformer.encoder.block.5.layer.0.SelfAttention.o,33,0.21866829693317413,tot
qasc,transformer.encoder.block.5.layer.0.SelfAttention.o,33,-0.2749762535095215,$\delta_\text{gsc}$
qasc,transformer.encoder.block.5.layer.0.SelfAttention.o,33,-0.12454091012477875,$\delta_\text{ssc}$
qasc,transformer.encoder.block.5.layer.1.DenseReluDense.wi,34,0.06399419158697128,cross
qasc,transformer.encoder.block.5.layer.1.DenseReluDense.wi,34,0.08831039071083069,corr
qasc,transformer.encoder.block.5.layer.1.DenseReluDense.wi,34,0.1746922731399536,drift
qasc,transformer.encoder.block.5.layer.1.DenseReluDense.wi,34,0.15101826190948486,tot
qasc,transformer.encoder.block.5.layer.1.DenseReluDense.wi,34,-0.0950305387377739,$\delta_\text{gsc}$
qasc,transformer.encoder.block.5.layer.1.DenseReluDense.wi,34,-0.08094805479049683,$\delta_\text{ssc}$
qasc,transformer.encoder.block.5.layer.1.DenseReluDense.wo,35,0.21101509034633636,cross
qasc,transformer.encoder.block.5.layer.1.DenseReluDense.wo,35,0.4003572165966034,corr
qasc,transformer.encoder.block.5.layer.1.DenseReluDense.wo,35,0.4552535116672516,drift
qasc,transformer.encoder.block.5.layer.1.DenseReluDense.wo,35,0.29415103793144226,tot
qasc,transformer.encoder.block.5.layer.1.DenseReluDense.wo,35,-0.3112165331840515,$\delta_\text{gsc}$
qasc,transformer.encoder.block.5.layer.1.DenseReluDense.wo,35,-0.46125826239585876,$\delta_\text{ssc}$
qasc,transformer.encoder.block.6.layer.0.SelfAttention.q,36,,cross
qasc,transformer.encoder.block.6.layer.0.SelfAttention.q,36,,corr
qasc,transformer.encoder.block.6.layer.0.SelfAttention.q,36,,drift
qasc,transformer.encoder.block.6.layer.0.SelfAttention.q,36,,tot
qasc,transformer.encoder.block.6.layer.0.SelfAttention.q,36,,$\delta_\text{gsc}$
qasc,transformer.encoder.block.6.layer.0.SelfAttention.q,36,,$\delta_\text{ssc}$
qasc,transformer.encoder.block.6.layer.0.SelfAttention.k,37,,cross
qasc,transformer.encoder.block.6.layer.0.SelfAttention.k,37,,corr
qasc,transformer.encoder.block.6.layer.0.SelfAttention.k,37,,drift
qasc,transformer.encoder.block.6.layer.0.SelfAttention.k,37,,tot
qasc,transformer.encoder.block.6.layer.0.SelfAttention.k,37,,$\delta_\text{gsc}$
qasc,transformer.encoder.block.6.layer.0.SelfAttention.k,37,,$\delta_\text{ssc}$
qasc,transformer.encoder.block.6.layer.0.SelfAttention.v,38,0.10155363380908966,cross
qasc,transformer.encoder.block.6.layer.0.SelfAttention.v,38,0.09676014631986618,corr
qasc,transformer.encoder.block.6.layer.0.SelfAttention.v,38,0.2520369589328766,drift
qasc,transformer.encoder.block.6.layer.0.SelfAttention.v,38,0.23096658289432526,tot
qasc,transformer.encoder.block.6.layer.0.SelfAttention.v,38,-0.15089821815490723,$\delta_\text{gsc}$
qasc,transformer.encoder.block.6.layer.0.SelfAttention.v,38,-0.06848594546318054,$\delta_\text{ssc}$
qasc,transformer.encoder.block.6.layer.0.SelfAttention.o,39,0.12211058288812637,cross
qasc,transformer.encoder.block.6.layer.0.SelfAttention.o,39,0.12123862653970718,corr
qasc,transformer.encoder.block.6.layer.0.SelfAttention.o,39,0.28175806999206543,drift
qasc,transformer.encoder.block.6.layer.0.SelfAttention.o,39,0.26062867045402527,tot
qasc,transformer.encoder.block.6.layer.0.SelfAttention.o,39,-0.16983255743980408,$\delta_\text{gsc}$
qasc,transformer.encoder.block.6.layer.0.SelfAttention.o,39,-0.09464603662490845,$\delta_\text{ssc}$
qasc,transformer.encoder.block.6.layer.1.DenseReluDense.wi,40,0.0753215029835701,cross
qasc,transformer.encoder.block.6.layer.1.DenseReluDense.wi,40,0.09137354046106339,corr
qasc,transformer.encoder.block.6.layer.1.DenseReluDense.wi,40,0.21812255680561066,drift
qasc,transformer.encoder.block.6.layer.1.DenseReluDense.wi,40,0.1927260458469391,tot
qasc,transformer.encoder.block.6.layer.1.DenseReluDense.wi,40,-0.11546438187360764,$\delta_\text{gsc}$
qasc,transformer.encoder.block.6.layer.1.DenseReluDense.wi,40,-0.07662717998027802,$\delta_\text{ssc}$
qasc,transformer.encoder.block.6.layer.1.DenseReluDense.wo,41,0.12430942058563232,cross
qasc,transformer.encoder.block.6.layer.1.DenseReluDense.wo,41,0.3155309557914734,corr
qasc,transformer.encoder.block.6.layer.1.DenseReluDense.wo,41,0.4529167115688324,drift
qasc,transformer.encoder.block.6.layer.1.DenseReluDense.wo,41,0.3508567810058594,tot
qasc,transformer.encoder.block.6.layer.1.DenseReluDense.wo,41,-0.14854824542999268,$\delta_\text{gsc}$
qasc,transformer.encoder.block.6.layer.1.DenseReluDense.wo,41,-0.39335206151008606,$\delta_\text{ssc}$
qasc,transformer.encoder.block.7.layer.0.SelfAttention.q,42,,cross
qasc,transformer.encoder.block.7.layer.0.SelfAttention.q,42,,corr
qasc,transformer.encoder.block.7.layer.0.SelfAttention.q,42,,drift
qasc,transformer.encoder.block.7.layer.0.SelfAttention.q,42,,tot
qasc,transformer.encoder.block.7.layer.0.SelfAttention.q,42,,$\delta_\text{gsc}$
qasc,transformer.encoder.block.7.layer.0.SelfAttention.q,42,,$\delta_\text{ssc}$
qasc,transformer.encoder.block.7.layer.0.SelfAttention.k,43,,cross
qasc,transformer.encoder.block.7.layer.0.SelfAttention.k,43,,corr
qasc,transformer.encoder.block.7.layer.0.SelfAttention.k,43,,drift
qasc,transformer.encoder.block.7.layer.0.SelfAttention.k,43,,tot
qasc,transformer.encoder.block.7.layer.0.SelfAttention.k,43,,$\delta_\text{gsc}$
qasc,transformer.encoder.block.7.layer.0.SelfAttention.k,43,,$\delta_\text{ssc}$
qasc,transformer.encoder.block.7.layer.0.SelfAttention.v,44,0.06961534172296524,cross
qasc,transformer.encoder.block.7.layer.0.SelfAttention.v,44,0.0609060674905777,corr
qasc,transformer.encoder.block.7.layer.0.SelfAttention.v,44,0.293605774641037,drift
qasc,transformer.encoder.block.7.layer.0.SelfAttention.v,44,0.2799312472343445,tot
qasc,transformer.encoder.block.7.layer.0.SelfAttention.v,44,-0.09846290946006775,$\delta_\text{gsc}$
qasc,transformer.encoder.block.7.layer.0.SelfAttention.v,44,-0.0457330197095871,$\delta_\text{ssc}$
qasc,transformer.encoder.block.7.layer.0.SelfAttention.o,45,0.07844946533441544,cross
qasc,transformer.encoder.block.7.layer.0.SelfAttention.o,45,0.06913327425718307,corr
qasc,transformer.encoder.block.7.layer.0.SelfAttention.o,45,0.3344208598136902,drift
qasc,transformer.encoder.block.7.layer.0.SelfAttention.o,45,0.32305192947387695,tot
qasc,transformer.encoder.block.7.layer.0.SelfAttention.o,45,-0.10553702712059021,$\delta_\text{gsc}$
qasc,transformer.encoder.block.7.layer.0.SelfAttention.o,45,-0.05341464281082153,$\delta_\text{ssc}$
qasc,transformer.encoder.block.7.layer.1.DenseReluDense.wi,46,0.05258990824222565,cross
qasc,transformer.encoder.block.7.layer.1.DenseReluDense.wi,46,0.06544213742017746,corr
qasc,transformer.encoder.block.7.layer.1.DenseReluDense.wi,46,0.26893138885498047,drift
qasc,transformer.encoder.block.7.layer.1.DenseReluDense.wi,46,0.2529519200325012,tot
qasc,transformer.encoder.block.7.layer.1.DenseReluDense.wi,46,-0.07844950258731842,$\delta_\text{gsc}$
qasc,transformer.encoder.block.7.layer.1.DenseReluDense.wi,46,-0.05556201934814453,$\delta_\text{ssc}$
qasc,transformer.encoder.block.7.layer.1.DenseReluDense.wo,47,0.13572673499584198,cross
qasc,transformer.encoder.block.7.layer.1.DenseReluDense.wo,47,0.25185734033584595,corr
qasc,transformer.encoder.block.7.layer.1.DenseReluDense.wo,47,0.4595414996147156,drift
qasc,transformer.encoder.block.7.layer.1.DenseReluDense.wo,47,0.4232707619667053,tot
qasc,transformer.encoder.block.7.layer.1.DenseReluDense.wo,47,-0.1447315216064453,$\delta_\text{gsc}$
qasc,transformer.encoder.block.7.layer.1.DenseReluDense.wo,47,-0.27912330627441406,$\delta_\text{ssc}$
qasc,transformer.encoder.block.8.layer.0.SelfAttention.q,48,,cross
qasc,transformer.encoder.block.8.layer.0.SelfAttention.q,48,,corr
qasc,transformer.encoder.block.8.layer.0.SelfAttention.q,48,,drift
qasc,transformer.encoder.block.8.layer.0.SelfAttention.q,48,,tot
qasc,transformer.encoder.block.8.layer.0.SelfAttention.q,48,,$\delta_\text{gsc}$
qasc,transformer.encoder.block.8.layer.0.SelfAttention.q,48,,$\delta_\text{ssc}$
qasc,transformer.encoder.block.8.layer.0.SelfAttention.k,49,,cross
qasc,transformer.encoder.block.8.layer.0.SelfAttention.k,49,,corr
qasc,transformer.encoder.block.8.layer.0.SelfAttention.k,49,,drift
qasc,transformer.encoder.block.8.layer.0.SelfAttention.k,49,,tot
qasc,transformer.encoder.block.8.layer.0.SelfAttention.k,49,,$\delta_\text{gsc}$
qasc,transformer.encoder.block.8.layer.0.SelfAttention.k,49,,$\delta_\text{ssc}$
qasc,transformer.encoder.block.8.layer.0.SelfAttention.v,50,0.04473622143268585,cross
qasc,transformer.encoder.block.8.layer.0.SelfAttention.v,50,0.0408291257917881,corr
qasc,transformer.encoder.block.8.layer.0.SelfAttention.v,50,0.3080238401889801,drift
qasc,transformer.encoder.block.8.layer.0.SelfAttention.v,50,0.30014777183532715,tot
qasc,transformer.encoder.block.8.layer.0.SelfAttention.v,50,-0.059833407402038574,$\delta_\text{gsc}$
qasc,transformer.encoder.block.8.layer.0.SelfAttention.v,50,-0.03360798954963684,$\delta_\text{ssc}$
qasc,transformer.encoder.block.8.layer.0.SelfAttention.o,51,0.05793333053588867,cross
qasc,transformer.encoder.block.8.layer.0.SelfAttention.o,51,0.04797433689236641,corr
qasc,transformer.encoder.block.8.layer.0.SelfAttention.o,51,0.32336166501045227,drift
qasc,transformer.encoder.block.8.layer.0.SelfAttention.o,51,0.31833893060684204,tot
qasc,transformer.encoder.block.8.layer.0.SelfAttention.o,51,-0.07206276059150696,$\delta_\text{gsc}$
qasc,transformer.encoder.block.8.layer.0.SelfAttention.o,51,-0.03886765241622925,$\delta_\text{ssc}$
qasc,transformer.encoder.block.8.layer.1.DenseReluDense.wi,52,0.04664713144302368,cross
qasc,transformer.encoder.block.8.layer.1.DenseReluDense.wi,52,0.05442227050662041,corr
qasc,transformer.encoder.block.8.layer.1.DenseReluDense.wi,52,0.2747590243816376,drift
qasc,transformer.encoder.block.8.layer.1.DenseReluDense.wi,52,0.26085683703422546,tot
qasc,transformer.encoder.block.8.layer.1.DenseReluDense.wi,52,-0.06444066762924194,$\delta_\text{gsc}$
qasc,transformer.encoder.block.8.layer.1.DenseReluDense.wi,52,-0.05053092539310455,$\delta_\text{ssc}$
qasc,transformer.encoder.block.8.layer.1.DenseReluDense.wo,53,0.11938585340976715,cross
qasc,transformer.encoder.block.8.layer.1.DenseReluDense.wo,53,0.10619625449180603,corr
qasc,transformer.encoder.block.8.layer.1.DenseReluDense.wo,53,0.4088204801082611,drift
qasc,transformer.encoder.block.8.layer.1.DenseReluDense.wo,53,0.4056906998157501,tot
qasc,transformer.encoder.block.8.layer.1.DenseReluDense.wo,53,-0.1301528811454773,$\delta_\text{gsc}$
qasc,transformer.encoder.block.8.layer.1.DenseReluDense.wo,53,-0.09855902194976807,$\delta_\text{ssc}$
qasc,transformer.encoder.block.9.layer.0.SelfAttention.q,54,,cross
qasc,transformer.encoder.block.9.layer.0.SelfAttention.q,54,,corr
qasc,transformer.encoder.block.9.layer.0.SelfAttention.q,54,,drift
qasc,transformer.encoder.block.9.layer.0.SelfAttention.q,54,,tot
qasc,transformer.encoder.block.9.layer.0.SelfAttention.q,54,,$\delta_\text{gsc}$
qasc,transformer.encoder.block.9.layer.0.SelfAttention.q,54,,$\delta_\text{ssc}$
qasc,transformer.encoder.block.9.layer.0.SelfAttention.k,55,,cross
qasc,transformer.encoder.block.9.layer.0.SelfAttention.k,55,,corr
qasc,transformer.encoder.block.9.layer.0.SelfAttention.k,55,,drift
qasc,transformer.encoder.block.9.layer.0.SelfAttention.k,55,,tot
qasc,transformer.encoder.block.9.layer.0.SelfAttention.k,55,,$\delta_\text{gsc}$
qasc,transformer.encoder.block.9.layer.0.SelfAttention.k,55,,$\delta_\text{ssc}$
qasc,transformer.encoder.block.9.layer.0.SelfAttention.v,56,0.04939156770706177,cross
qasc,transformer.encoder.block.9.layer.0.SelfAttention.v,56,0.04357096925377846,corr
qasc,transformer.encoder.block.9.layer.0.SelfAttention.v,56,0.3140205442905426,drift
qasc,transformer.encoder.block.9.layer.0.SelfAttention.v,56,0.3077433705329895,tot
qasc,transformer.encoder.block.9.layer.0.SelfAttention.v,56,-0.06330645084381104,$\delta_\text{gsc}$
qasc,transformer.encoder.block.9.layer.0.SelfAttention.v,56,-0.03593325614929199,$\delta_\text{ssc}$
qasc,transformer.encoder.block.9.layer.0.SelfAttention.o,57,0.10221144556999207,cross
qasc,transformer.encoder.block.9.layer.0.SelfAttention.o,57,0.07911556959152222,corr
qasc,transformer.encoder.block.9.layer.0.SelfAttention.o,57,0.32213908433914185,drift
qasc,transformer.encoder.block.9.layer.0.SelfAttention.o,57,0.3150591254234314,tot
qasc,transformer.encoder.block.9.layer.0.SelfAttention.o,57,-0.12476399540901184,$\delta_\text{gsc}$
qasc,transformer.encoder.block.9.layer.0.SelfAttention.o,57,-0.06364297866821289,$\delta_\text{ssc}$
qasc,transformer.encoder.block.9.layer.1.DenseReluDense.wi,58,0.058127038180828094,cross
qasc,transformer.encoder.block.9.layer.1.DenseReluDense.wi,58,0.04136653244495392,corr
qasc,transformer.encoder.block.9.layer.1.DenseReluDense.wi,58,0.29071927070617676,drift
qasc,transformer.encoder.block.9.layer.1.DenseReluDense.wi,58,0.27925264835357666,tot
qasc,transformer.encoder.block.9.layer.1.DenseReluDense.wi,58,-0.08272537589073181,$\delta_\text{gsc}$
qasc,transformer.encoder.block.9.layer.1.DenseReluDense.wi,58,-0.02823483943939209,$\delta_\text{ssc}$
qasc,transformer.encoder.block.9.layer.1.DenseReluDense.wo,59,0.12244905531406403,cross
qasc,transformer.encoder.block.9.layer.1.DenseReluDense.wo,59,0.08165103942155838,corr
qasc,transformer.encoder.block.9.layer.1.DenseReluDense.wo,59,0.43610528111457825,drift
qasc,transformer.encoder.block.9.layer.1.DenseReluDense.wo,59,0.4323665201663971,tot
qasc,transformer.encoder.block.9.layer.1.DenseReluDense.wo,59,-0.1257929801940918,$\delta_\text{gsc}$
qasc,transformer.encoder.block.9.layer.1.DenseReluDense.wo,59,-0.08204588294029236,$\delta_\text{ssc}$
qasc,transformer.encoder.block.10.layer.0.SelfAttention.q,60,,cross
qasc,transformer.encoder.block.10.layer.0.SelfAttention.q,60,,corr
qasc,transformer.encoder.block.10.layer.0.SelfAttention.q,60,,drift
qasc,transformer.encoder.block.10.layer.0.SelfAttention.q,60,,tot
qasc,transformer.encoder.block.10.layer.0.SelfAttention.q,60,,$\delta_\text{gsc}$
qasc,transformer.encoder.block.10.layer.0.SelfAttention.q,60,,$\delta_\text{ssc}$
qasc,transformer.encoder.block.10.layer.0.SelfAttention.k,61,,cross
qasc,transformer.encoder.block.10.layer.0.SelfAttention.k,61,,corr
qasc,transformer.encoder.block.10.layer.0.SelfAttention.k,61,,drift
qasc,transformer.encoder.block.10.layer.0.SelfAttention.k,61,,tot
qasc,transformer.encoder.block.10.layer.0.SelfAttention.k,61,,$\delta_\text{gsc}$
qasc,transformer.encoder.block.10.layer.0.SelfAttention.k,61,,$\delta_\text{ssc}$
qasc,transformer.encoder.block.10.layer.0.SelfAttention.v,62,0.03533034771680832,cross
qasc,transformer.encoder.block.10.layer.0.SelfAttention.v,62,0.02428998239338398,corr
qasc,transformer.encoder.block.10.layer.0.SelfAttention.v,62,0.32901546359062195,drift
qasc,transformer.encoder.block.10.layer.0.SelfAttention.v,62,0.3257843554019928,tot
qasc,transformer.encoder.block.10.layer.0.SelfAttention.v,62,-0.0450136661529541,$\delta_\text{gsc}$
qasc,transformer.encoder.block.10.layer.0.SelfAttention.v,62,-0.01783779263496399,$\delta_\text{ssc}$
qasc,transformer.encoder.block.10.layer.0.SelfAttention.o,63,0.058855943381786346,cross
qasc,transformer.encoder.block.10.layer.0.SelfAttention.o,63,0.02305196411907673,corr
qasc,transformer.encoder.block.10.layer.0.SelfAttention.o,63,0.33659401535987854,drift
qasc,transformer.encoder.block.10.layer.0.SelfAttention.o,63,0.3324020802974701,tot
qasc,transformer.encoder.block.10.layer.0.SelfAttention.o,63,-0.0698702335357666,$\delta_\text{gsc}$
qasc,transformer.encoder.block.10.layer.0.SelfAttention.o,63,-0.016229629516601562,$\delta_\text{ssc}$
qasc,transformer.encoder.block.10.layer.1.DenseReluDense.wi,64,0.08008500933647156,cross
qasc,transformer.encoder.block.10.layer.1.DenseReluDense.wi,64,0.04873884841799736,corr
qasc,transformer.encoder.block.10.layer.1.DenseReluDense.wi,64,0.3128892481327057,drift
qasc,transformer.encoder.block.10.layer.1.DenseReluDense.wi,64,0.30406317114830017,tot
qasc,transformer.encoder.block.10.layer.1.DenseReluDense.wi,64,-0.10708695650100708,$\delta_\text{gsc}$
qasc,transformer.encoder.block.10.layer.1.DenseReluDense.wi,64,-0.03056296706199646,$\delta_\text{ssc}$
qasc,transformer.encoder.block.10.layer.1.DenseReluDense.wo,65,0.1322813481092453,cross
qasc,transformer.encoder.block.10.layer.1.DenseReluDense.wo,65,0.07438097149133682,corr
qasc,transformer.encoder.block.10.layer.1.DenseReluDense.wo,65,0.3896954357624054,drift
qasc,transformer.encoder.block.10.layer.1.DenseReluDense.wo,65,0.373364120721817,tot
qasc,transformer.encoder.block.10.layer.1.DenseReluDense.wo,65,-0.14742149412631989,$\delta_\text{gsc}$
qasc,transformer.encoder.block.10.layer.1.DenseReluDense.wo,65,-0.07557213306427002,$\delta_\text{ssc}$
qasc,transformer.encoder.block.11.layer.0.SelfAttention.q,66,,cross
qasc,transformer.encoder.block.11.layer.0.SelfAttention.q,66,,corr
qasc,transformer.encoder.block.11.layer.0.SelfAttention.q,66,,drift
qasc,transformer.encoder.block.11.layer.0.SelfAttention.q,66,,tot
qasc,transformer.encoder.block.11.layer.0.SelfAttention.q,66,,$\delta_\text{gsc}$
qasc,transformer.encoder.block.11.layer.0.SelfAttention.q,66,,$\delta_\text{ssc}$
qasc,transformer.encoder.block.11.layer.0.SelfAttention.k,67,,cross
qasc,transformer.encoder.block.11.layer.0.SelfAttention.k,67,,corr
qasc,transformer.encoder.block.11.layer.0.SelfAttention.k,67,,drift
qasc,transformer.encoder.block.11.layer.0.SelfAttention.k,67,,tot
qasc,transformer.encoder.block.11.layer.0.SelfAttention.k,67,,$\delta_\text{gsc}$
qasc,transformer.encoder.block.11.layer.0.SelfAttention.k,67,,$\delta_\text{ssc}$
qasc,transformer.encoder.block.11.layer.0.SelfAttention.v,68,0.03945016488432884,cross
qasc,transformer.encoder.block.11.layer.0.SelfAttention.v,68,0.02385353110730648,corr
qasc,transformer.encoder.block.11.layer.0.SelfAttention.v,68,0.333890438079834,drift
qasc,transformer.encoder.block.11.layer.0.SelfAttention.v,68,0.3296007812023163,tot
qasc,transformer.encoder.block.11.layer.0.SelfAttention.v,68,-0.05015870928764343,$\delta_\text{gsc}$
qasc,transformer.encoder.block.11.layer.0.SelfAttention.v,68,-0.017434656620025635,$\delta_\text{ssc}$
qasc,transformer.encoder.block.11.layer.0.SelfAttention.o,69,0.047662608325481415,cross
qasc,transformer.encoder.block.11.layer.0.SelfAttention.o,69,0.02180531993508339,corr
qasc,transformer.encoder.block.11.layer.0.SelfAttention.o,69,0.32508140802383423,drift
qasc,transformer.encoder.block.11.layer.0.SelfAttention.o,69,0.32315167784690857,tot
qasc,transformer.encoder.block.11.layer.0.SelfAttention.o,69,-0.05692443251609802,$\delta_\text{gsc}$
qasc,transformer.encoder.block.11.layer.0.SelfAttention.o,69,-0.01447322964668274,$\delta_\text{ssc}$
qasc,transformer.encoder.block.11.layer.1.DenseReluDense.wi,70,0.09793638437986374,cross
qasc,transformer.encoder.block.11.layer.1.DenseReluDense.wi,70,0.060242660343647,corr
qasc,transformer.encoder.block.11.layer.1.DenseReluDense.wi,70,0.3325158357620239,drift
qasc,transformer.encoder.block.11.layer.1.DenseReluDense.wi,70,0.32492032647132874,tot
qasc,transformer.encoder.block.11.layer.1.DenseReluDense.wi,70,-0.1231968104839325,$\delta_\text{gsc}$
qasc,transformer.encoder.block.11.layer.1.DenseReluDense.wi,70,-0.04257774353027344,$\delta_\text{ssc}$
qasc,transformer.encoder.block.11.layer.1.DenseReluDense.wo,71,0.15519988536834717,cross
qasc,transformer.encoder.block.11.layer.1.DenseReluDense.wo,71,0.035531383007764816,corr
qasc,transformer.encoder.block.11.layer.1.DenseReluDense.wo,71,0.4953542649745941,drift
qasc,transformer.encoder.block.11.layer.1.DenseReluDense.wo,71,0.4653717279434204,tot
qasc,transformer.encoder.block.11.layer.1.DenseReluDense.wo,71,-0.18130767345428467,$\delta_\text{gsc}$
qasc,transformer.encoder.block.11.layer.1.DenseReluDense.wo,71,-0.03940612077713013,$\delta_\text{ssc}$
qasc,transformer.decoder.block.0.layer.0.SelfAttention.q,72,,cross
qasc,transformer.decoder.block.0.layer.0.SelfAttention.q,72,,corr
qasc,transformer.decoder.block.0.layer.0.SelfAttention.q,72,,drift
qasc,transformer.decoder.block.0.layer.0.SelfAttention.q,72,,tot
qasc,transformer.decoder.block.0.layer.0.SelfAttention.q,72,,$\delta_\text{gsc}$
qasc,transformer.decoder.block.0.layer.0.SelfAttention.q,72,,$\delta_\text{ssc}$
qasc,transformer.decoder.block.0.layer.0.SelfAttention.k,73,,cross
qasc,transformer.decoder.block.0.layer.0.SelfAttention.k,73,,corr
qasc,transformer.decoder.block.0.layer.0.SelfAttention.k,73,,drift
qasc,transformer.decoder.block.0.layer.0.SelfAttention.k,73,,tot
qasc,transformer.decoder.block.0.layer.0.SelfAttention.k,73,,$\delta_\text{gsc}$
qasc,transformer.decoder.block.0.layer.0.SelfAttention.k,73,,$\delta_\text{ssc}$
qasc,transformer.decoder.block.0.layer.0.SelfAttention.v,74,0.03569553419947624,cross
qasc,transformer.decoder.block.0.layer.0.SelfAttention.v,74,0.017419802024960518,corr
qasc,transformer.decoder.block.0.layer.0.SelfAttention.v,74,0.023817772045731544,drift
qasc,transformer.decoder.block.0.layer.0.SelfAttention.v,74,0.012393408454954624,tot
qasc,transformer.decoder.block.0.layer.0.SelfAttention.v,74,-0.05906439945101738,$\delta_\text{gsc}$
qasc,transformer.decoder.block.0.layer.0.SelfAttention.v,74,-0.005475301295518875,$\delta_\text{ssc}$
qasc,transformer.decoder.block.0.layer.0.SelfAttention.o,75,0.01674962416291237,cross
qasc,transformer.decoder.block.0.layer.0.SelfAttention.o,75,0.015768608078360558,corr
qasc,transformer.decoder.block.0.layer.0.SelfAttention.o,75,0.031226398423314095,drift
qasc,transformer.decoder.block.0.layer.0.SelfAttention.o,75,0.027985896915197372,tot
qasc,transformer.decoder.block.0.layer.0.SelfAttention.o,75,-0.024617265909910202,$\delta_\text{gsc}$
qasc,transformer.decoder.block.0.layer.0.SelfAttention.o,75,-0.011141467839479446,$\delta_\text{ssc}$
qasc,transformer.decoder.block.0.layer.1.EncDecAttention.q,76,,cross
qasc,transformer.decoder.block.0.layer.1.EncDecAttention.q,76,,corr
qasc,transformer.decoder.block.0.layer.1.EncDecAttention.q,76,,drift
qasc,transformer.decoder.block.0.layer.1.EncDecAttention.q,76,,tot
qasc,transformer.decoder.block.0.layer.1.EncDecAttention.q,76,,$\delta_\text{gsc}$
qasc,transformer.decoder.block.0.layer.1.EncDecAttention.q,76,,$\delta_\text{ssc}$
qasc,transformer.decoder.block.0.layer.1.EncDecAttention.k,77,,cross
qasc,transformer.decoder.block.0.layer.1.EncDecAttention.k,77,,corr
qasc,transformer.decoder.block.0.layer.1.EncDecAttention.k,77,,drift
qasc,transformer.decoder.block.0.layer.1.EncDecAttention.k,77,,tot
qasc,transformer.decoder.block.0.layer.1.EncDecAttention.k,77,,$\delta_\text{gsc}$
qasc,transformer.decoder.block.0.layer.1.EncDecAttention.k,77,,$\delta_\text{ssc}$
qasc,transformer.decoder.block.0.layer.1.EncDecAttention.v,78,0.2714429497718811,cross
qasc,transformer.decoder.block.0.layer.1.EncDecAttention.v,78,0.37314897775650024,corr
qasc,transformer.decoder.block.0.layer.1.EncDecAttention.v,78,0.3349951207637787,drift
qasc,transformer.decoder.block.0.layer.1.EncDecAttention.v,78,0.36853840947151184,tot
qasc,transformer.decoder.block.0.layer.1.EncDecAttention.v,78,-0.35138052701950073,$\delta_\text{gsc}$
qasc,transformer.decoder.block.0.layer.1.EncDecAttention.v,78,-0.25966811180114746,$\delta_\text{ssc}$
qasc,transformer.decoder.block.0.layer.1.EncDecAttention.o,79,0.2103027105331421,cross
qasc,transformer.decoder.block.0.layer.1.EncDecAttention.o,79,0.24708180129528046,corr
qasc,transformer.decoder.block.0.layer.1.EncDecAttention.o,79,0.32170599699020386,drift
qasc,transformer.decoder.block.0.layer.1.EncDecAttention.o,79,0.33566173911094666,tot
qasc,transformer.decoder.block.0.layer.1.EncDecAttention.o,79,-0.2652145028114319,$\delta_\text{gsc}$
qasc,transformer.decoder.block.0.layer.1.EncDecAttention.o,79,-0.17821426689624786,$\delta_\text{ssc}$
qasc,transformer.decoder.block.0.layer.2.DenseReluDense.wi,80,0.02704198658466339,cross
qasc,transformer.decoder.block.0.layer.2.DenseReluDense.wi,80,0.13921502232551575,corr
qasc,transformer.decoder.block.0.layer.2.DenseReluDense.wi,80,0.19940915703773499,drift
qasc,transformer.decoder.block.0.layer.2.DenseReluDense.wi,80,0.26181671023368835,tot
qasc,transformer.decoder.block.0.layer.2.DenseReluDense.wi,80,-0.03882123529911041,$\delta_\text{gsc}$
qasc,transformer.decoder.block.0.layer.2.DenseReluDense.wi,80,-0.06502822041511536,$\delta_\text{ssc}$
qasc,transformer.decoder.block.0.layer.2.DenseReluDense.wo,81,0.04138805344700813,cross
qasc,transformer.decoder.block.0.layer.2.DenseReluDense.wo,81,0.07843562215566635,corr
qasc,transformer.decoder.block.0.layer.2.DenseReluDense.wo,81,0.39834463596343994,drift
qasc,transformer.decoder.block.0.layer.2.DenseReluDense.wo,81,0.4271892309188843,tot
qasc,transformer.decoder.block.0.layer.2.DenseReluDense.wo,81,-0.048271387815475464,$\delta_\text{gsc}$
qasc,transformer.decoder.block.0.layer.2.DenseReluDense.wo,81,-0.04270771145820618,$\delta_\text{ssc}$
qasc,transformer.decoder.block.1.layer.0.SelfAttention.q,82,,cross
qasc,transformer.decoder.block.1.layer.0.SelfAttention.q,82,,corr
qasc,transformer.decoder.block.1.layer.0.SelfAttention.q,82,,drift
qasc,transformer.decoder.block.1.layer.0.SelfAttention.q,82,,tot
qasc,transformer.decoder.block.1.layer.0.SelfAttention.q,82,,$\delta_\text{gsc}$
qasc,transformer.decoder.block.1.layer.0.SelfAttention.q,82,,$\delta_\text{ssc}$
qasc,transformer.decoder.block.1.layer.0.SelfAttention.k,83,,cross
qasc,transformer.decoder.block.1.layer.0.SelfAttention.k,83,,corr
qasc,transformer.decoder.block.1.layer.0.SelfAttention.k,83,,drift
qasc,transformer.decoder.block.1.layer.0.SelfAttention.k,83,,tot
qasc,transformer.decoder.block.1.layer.0.SelfAttention.k,83,,$\delta_\text{gsc}$
qasc,transformer.decoder.block.1.layer.0.SelfAttention.k,83,,$\delta_\text{ssc}$
qasc,transformer.decoder.block.1.layer.0.SelfAttention.v,84,0.06786629557609558,cross
qasc,transformer.decoder.block.1.layer.0.SelfAttention.v,84,0.14520542323589325,corr
qasc,transformer.decoder.block.1.layer.0.SelfAttention.v,84,0.3394536077976227,drift
qasc,transformer.decoder.block.1.layer.0.SelfAttention.v,84,0.39838337898254395,tot
qasc,transformer.decoder.block.1.layer.0.SelfAttention.v,84,-0.1005946695804596,$\delta_\text{gsc}$
qasc,transformer.decoder.block.1.layer.0.SelfAttention.v,84,-0.053547292947769165,$\delta_\text{ssc}$
qasc,transformer.decoder.block.1.layer.0.SelfAttention.o,85,0.10534680634737015,cross
qasc,transformer.decoder.block.1.layer.0.SelfAttention.o,85,0.20987321436405182,corr
qasc,transformer.decoder.block.1.layer.0.SelfAttention.o,85,0.30311229825019836,drift
qasc,transformer.decoder.block.1.layer.0.SelfAttention.o,85,0.38571974635124207,tot
qasc,transformer.decoder.block.1.layer.0.SelfAttention.o,85,-0.15106192231178284,$\delta_\text{gsc}$
qasc,transformer.decoder.block.1.layer.0.SelfAttention.o,85,-0.08155064284801483,$\delta_\text{ssc}$
qasc,transformer.decoder.block.1.layer.1.EncDecAttention.q,86,,cross
qasc,transformer.decoder.block.1.layer.1.EncDecAttention.q,86,,corr
qasc,transformer.decoder.block.1.layer.1.EncDecAttention.q,86,,drift
qasc,transformer.decoder.block.1.layer.1.EncDecAttention.q,86,,tot
qasc,transformer.decoder.block.1.layer.1.EncDecAttention.q,86,,$\delta_\text{gsc}$
qasc,transformer.decoder.block.1.layer.1.EncDecAttention.q,86,,$\delta_\text{ssc}$
qasc,transformer.decoder.block.1.layer.1.EncDecAttention.k,87,,cross
qasc,transformer.decoder.block.1.layer.1.EncDecAttention.k,87,,corr
qasc,transformer.decoder.block.1.layer.1.EncDecAttention.k,87,,drift
qasc,transformer.decoder.block.1.layer.1.EncDecAttention.k,87,,tot
qasc,transformer.decoder.block.1.layer.1.EncDecAttention.k,87,,$\delta_\text{gsc}$
qasc,transformer.decoder.block.1.layer.1.EncDecAttention.k,87,,$\delta_\text{ssc}$
qasc,transformer.decoder.block.1.layer.1.EncDecAttention.v,88,0.25963541865348816,cross
qasc,transformer.decoder.block.1.layer.1.EncDecAttention.v,88,0.319692462682724,corr
qasc,transformer.decoder.block.1.layer.1.EncDecAttention.v,88,0.3368264436721802,drift
qasc,transformer.decoder.block.1.layer.1.EncDecAttention.v,88,0.35292956233024597,tot
qasc,transformer.decoder.block.1.layer.1.EncDecAttention.v,88,-0.3339346647262573,$\delta_\text{gsc}$
qasc,transformer.decoder.block.1.layer.1.EncDecAttention.v,88,-0.22929009795188904,$\delta_\text{ssc}$
qasc,transformer.decoder.block.1.layer.1.EncDecAttention.o,89,0.1615547090768814,cross
qasc,transformer.decoder.block.1.layer.1.EncDecAttention.o,89,0.1554166078567505,corr
qasc,transformer.decoder.block.1.layer.1.EncDecAttention.o,89,0.3188115954399109,drift
qasc,transformer.decoder.block.1.layer.1.EncDecAttention.o,89,0.32342422008514404,tot
qasc,transformer.decoder.block.1.layer.1.EncDecAttention.o,89,-0.19805745780467987,$\delta_\text{gsc}$
qasc,transformer.decoder.block.1.layer.1.EncDecAttention.o,89,-0.11430123448371887,$\delta_\text{ssc}$
qasc,transformer.decoder.block.1.layer.2.DenseReluDense.wi,90,0.0329168401658535,cross
qasc,transformer.decoder.block.1.layer.2.DenseReluDense.wi,90,0.11692635715007782,corr
qasc,transformer.decoder.block.1.layer.2.DenseReluDense.wi,90,0.3323555588722229,drift
qasc,transformer.decoder.block.1.layer.2.DenseReluDense.wi,90,0.3921014964580536,tot
qasc,transformer.decoder.block.1.layer.2.DenseReluDense.wi,90,-0.044737040996551514,$\delta_\text{gsc}$
qasc,transformer.decoder.block.1.layer.2.DenseReluDense.wi,90,-0.04536020755767822,$\delta_\text{ssc}$
qasc,transformer.decoder.block.1.layer.2.DenseReluDense.wo,91,0.07136904448270798,cross
qasc,transformer.decoder.block.1.layer.2.DenseReluDense.wo,91,0.0632084459066391,corr
qasc,transformer.decoder.block.1.layer.2.DenseReluDense.wo,91,0.43195825815200806,drift
qasc,transformer.decoder.block.1.layer.2.DenseReluDense.wo,91,0.4372490346431732,tot
qasc,transformer.decoder.block.1.layer.2.DenseReluDense.wo,91,-0.07119226455688477,$\delta_\text{gsc}$
qasc,transformer.decoder.block.1.layer.2.DenseReluDense.wo,91,-0.05809444189071655,$\delta_\text{ssc}$
qasc,transformer.decoder.block.2.layer.0.SelfAttention.q,92,,cross
qasc,transformer.decoder.block.2.layer.0.SelfAttention.q,92,,corr
qasc,transformer.decoder.block.2.layer.0.SelfAttention.q,92,,drift
qasc,transformer.decoder.block.2.layer.0.SelfAttention.q,92,,tot
qasc,transformer.decoder.block.2.layer.0.SelfAttention.q,92,,$\delta_\text{gsc}$
qasc,transformer.decoder.block.2.layer.0.SelfAttention.q,92,,$\delta_\text{ssc}$
qasc,transformer.decoder.block.2.layer.0.SelfAttention.k,93,,cross
qasc,transformer.decoder.block.2.layer.0.SelfAttention.k,93,,corr
qasc,transformer.decoder.block.2.layer.0.SelfAttention.k,93,,drift
qasc,transformer.decoder.block.2.layer.0.SelfAttention.k,93,,tot
qasc,transformer.decoder.block.2.layer.0.SelfAttention.k,93,,$\delta_\text{gsc}$
qasc,transformer.decoder.block.2.layer.0.SelfAttention.k,93,,$\delta_\text{ssc}$
qasc,transformer.decoder.block.2.layer.0.SelfAttention.v,94,0.03756999224424362,cross
qasc,transformer.decoder.block.2.layer.0.SelfAttention.v,94,0.08831433206796646,corr
qasc,transformer.decoder.block.2.layer.0.SelfAttention.v,94,0.41012758016586304,drift
qasc,transformer.decoder.block.2.layer.0.SelfAttention.v,94,0.4411774277687073,tot
qasc,transformer.decoder.block.2.layer.0.SelfAttention.v,94,-0.05185514688491821,$\delta_\text{gsc}$
qasc,transformer.decoder.block.2.layer.0.SelfAttention.v,94,-0.04297932982444763,$\delta_\text{ssc}$
qasc,transformer.decoder.block.2.layer.0.SelfAttention.o,95,0.12663792073726654,cross
qasc,transformer.decoder.block.2.layer.0.SelfAttention.o,95,0.27722978591918945,corr
qasc,transformer.decoder.block.2.layer.0.SelfAttention.o,95,0.3254082202911377,drift
qasc,transformer.decoder.block.2.layer.0.SelfAttention.o,95,0.4495537281036377,tot
qasc,transformer.decoder.block.2.layer.0.SelfAttention.o,95,-0.1509685516357422,$\delta_\text{gsc}$
qasc,transformer.decoder.block.2.layer.0.SelfAttention.o,95,-0.128753662109375,$\delta_\text{ssc}$
qasc,transformer.decoder.block.2.layer.1.EncDecAttention.q,96,,cross
qasc,transformer.decoder.block.2.layer.1.EncDecAttention.q,96,,corr
qasc,transformer.decoder.block.2.layer.1.EncDecAttention.q,96,,drift
qasc,transformer.decoder.block.2.layer.1.EncDecAttention.q,96,,tot
qasc,transformer.decoder.block.2.layer.1.EncDecAttention.q,96,,$\delta_\text{gsc}$
qasc,transformer.decoder.block.2.layer.1.EncDecAttention.q,96,,$\delta_\text{ssc}$
qasc,transformer.decoder.block.2.layer.1.EncDecAttention.k,97,,cross
qasc,transformer.decoder.block.2.layer.1.EncDecAttention.k,97,,corr
qasc,transformer.decoder.block.2.layer.1.EncDecAttention.k,97,,drift
qasc,transformer.decoder.block.2.layer.1.EncDecAttention.k,97,,tot
qasc,transformer.decoder.block.2.layer.1.EncDecAttention.k,97,,$\delta_\text{gsc}$
qasc,transformer.decoder.block.2.layer.1.EncDecAttention.k,97,,$\delta_\text{ssc}$
qasc,transformer.decoder.block.2.layer.1.EncDecAttention.v,98,0.2642209529876709,cross
qasc,transformer.decoder.block.2.layer.1.EncDecAttention.v,98,0.3473801612854004,corr
qasc,transformer.decoder.block.2.layer.1.EncDecAttention.v,98,0.3333691656589508,drift
qasc,transformer.decoder.block.2.layer.1.EncDecAttention.v,98,0.3533143997192383,tot
qasc,transformer.decoder.block.2.layer.1.EncDecAttention.v,98,-0.3491147756576538,$\delta_\text{gsc}$
qasc,transformer.decoder.block.2.layer.1.EncDecAttention.v,98,-0.24254110455513,$\delta_\text{ssc}$
qasc,transformer.decoder.block.2.layer.1.EncDecAttention.o,99,0.15988518297672272,cross
qasc,transformer.decoder.block.2.layer.1.EncDecAttention.o,99,0.18931035697460175,corr
qasc,transformer.decoder.block.2.layer.1.EncDecAttention.o,99,0.32930561900138855,drift
qasc,transformer.decoder.block.2.layer.1.EncDecAttention.o,99,0.3437618613243103,tot
qasc,transformer.decoder.block.2.layer.1.EncDecAttention.o,99,-0.195435032248497,$\delta_\text{gsc}$
qasc,transformer.decoder.block.2.layer.1.EncDecAttention.o,99,-0.1393042653799057,$\delta_\text{ssc}$
qasc,transformer.decoder.block.2.layer.2.DenseReluDense.wi,100,0.016862154006958008,cross
qasc,transformer.decoder.block.2.layer.2.DenseReluDense.wi,100,0.06951068341732025,corr
qasc,transformer.decoder.block.2.layer.2.DenseReluDense.wi,100,0.38150709867477417,drift
qasc,transformer.decoder.block.2.layer.2.DenseReluDense.wi,100,0.4128850996494293,tot
qasc,transformer.decoder.block.2.layer.2.DenseReluDense.wi,100,-0.02279725670814514,$\delta_\text{gsc}$
qasc,transformer.decoder.block.2.layer.2.DenseReluDense.wi,100,-0.03219759464263916,$\delta_\text{ssc}$
qasc,transformer.decoder.block.2.layer.2.DenseReluDense.wo,101,0.06619042903184891,cross
qasc,transformer.decoder.block.2.layer.2.DenseReluDense.wo,101,0.08670288324356079,corr
qasc,transformer.decoder.block.2.layer.2.DenseReluDense.wo,101,0.4999944269657135,drift
qasc,transformer.decoder.block.2.layer.2.DenseReluDense.wo,101,0.4999995827674866,tot
qasc,transformer.decoder.block.2.layer.2.DenseReluDense.wo,101,-0.06619012355804443,$\delta_\text{gsc}$
qasc,transformer.decoder.block.2.layer.2.DenseReluDense.wo,101,-0.0866980254650116,$\delta_\text{ssc}$
qasc,transformer.decoder.block.3.layer.0.SelfAttention.q,102,,cross
qasc,transformer.decoder.block.3.layer.0.SelfAttention.q,102,,corr
qasc,transformer.decoder.block.3.layer.0.SelfAttention.q,102,,drift
qasc,transformer.decoder.block.3.layer.0.SelfAttention.q,102,,tot
qasc,transformer.decoder.block.3.layer.0.SelfAttention.q,102,,$\delta_\text{gsc}$
qasc,transformer.decoder.block.3.layer.0.SelfAttention.q,102,,$\delta_\text{ssc}$
qasc,transformer.decoder.block.3.layer.0.SelfAttention.k,103,,cross
qasc,transformer.decoder.block.3.layer.0.SelfAttention.k,103,,corr
qasc,transformer.decoder.block.3.layer.0.SelfAttention.k,103,,drift
qasc,transformer.decoder.block.3.layer.0.SelfAttention.k,103,,tot
qasc,transformer.decoder.block.3.layer.0.SelfAttention.k,103,,$\delta_\text{gsc}$
qasc,transformer.decoder.block.3.layer.0.SelfAttention.k,103,,$\delta_\text{ssc}$
qasc,transformer.decoder.block.3.layer.0.SelfAttention.v,104,0.03551144897937775,cross
qasc,transformer.decoder.block.3.layer.0.SelfAttention.v,104,0.08003652095794678,corr
qasc,transformer.decoder.block.3.layer.0.SelfAttention.v,104,0.44779500365257263,drift
qasc,transformer.decoder.block.3.layer.0.SelfAttention.v,104,0.46961453557014465,tot
qasc,transformer.decoder.block.3.layer.0.SelfAttention.v,104,-0.04470524191856384,$\delta_\text{gsc}$
qasc,transformer.decoder.block.3.layer.0.SelfAttention.v,104,-0.049023211002349854,$\delta_\text{ssc}$
qasc,transformer.decoder.block.3.layer.0.SelfAttention.o,105,0.10851404070854187,cross
qasc,transformer.decoder.block.3.layer.0.SelfAttention.o,105,0.2289411425590515,corr
qasc,transformer.decoder.block.3.layer.0.SelfAttention.o,105,0.36900651454925537,drift
qasc,transformer.decoder.block.3.layer.0.SelfAttention.o,105,0.46875643730163574,tot
qasc,transformer.decoder.block.3.layer.0.SelfAttention.o,105,-0.12158527970314026,$\delta_\text{gsc}$
qasc,transformer.decoder.block.3.layer.0.SelfAttention.o,105,-0.11611998081207275,$\delta_\text{ssc}$
qasc,transformer.decoder.block.3.layer.1.EncDecAttention.q,106,,cross
qasc,transformer.decoder.block.3.layer.1.EncDecAttention.q,106,,corr
qasc,transformer.decoder.block.3.layer.1.EncDecAttention.q,106,,drift
qasc,transformer.decoder.block.3.layer.1.EncDecAttention.q,106,,tot
qasc,transformer.decoder.block.3.layer.1.EncDecAttention.q,106,,$\delta_\text{gsc}$
qasc,transformer.decoder.block.3.layer.1.EncDecAttention.q,106,,$\delta_\text{ssc}$
qasc,transformer.decoder.block.3.layer.1.EncDecAttention.k,107,,cross
qasc,transformer.decoder.block.3.layer.1.EncDecAttention.k,107,,corr
qasc,transformer.decoder.block.3.layer.1.EncDecAttention.k,107,,drift
qasc,transformer.decoder.block.3.layer.1.EncDecAttention.k,107,,tot
qasc,transformer.decoder.block.3.layer.1.EncDecAttention.k,107,,$\delta_\text{gsc}$
qasc,transformer.decoder.block.3.layer.1.EncDecAttention.k,107,,$\delta_\text{ssc}$
qasc,transformer.decoder.block.3.layer.1.EncDecAttention.v,108,0.2645625174045563,cross
qasc,transformer.decoder.block.3.layer.1.EncDecAttention.v,108,0.35487571358680725,corr
qasc,transformer.decoder.block.3.layer.1.EncDecAttention.v,108,0.3345876634120941,drift
qasc,transformer.decoder.block.3.layer.1.EncDecAttention.v,108,0.35490942001342773,tot
qasc,transformer.decoder.block.3.layer.1.EncDecAttention.v,108,-0.3509809076786041,$\delta_\text{gsc}$
qasc,transformer.decoder.block.3.layer.1.EncDecAttention.v,108,-0.24813556671142578,$\delta_\text{ssc}$
qasc,transformer.decoder.block.3.layer.1.EncDecAttention.o,109,0.1645554155111313,cross
qasc,transformer.decoder.block.3.layer.1.EncDecAttention.o,109,0.1827130913734436,corr
qasc,transformer.decoder.block.3.layer.1.EncDecAttention.o,109,0.29646867513656616,drift
qasc,transformer.decoder.block.3.layer.1.EncDecAttention.o,109,0.3094218373298645,tot
qasc,transformer.decoder.block.3.layer.1.EncDecAttention.o,109,-0.20253901183605194,$\delta_\text{gsc}$
qasc,transformer.decoder.block.3.layer.1.EncDecAttention.o,109,-0.1317763328552246,$\delta_\text{ssc}$
qasc,transformer.decoder.block.3.layer.2.DenseReluDense.wi,110,0.013532794080674648,cross
qasc,transformer.decoder.block.3.layer.2.DenseReluDense.wi,110,0.07179420441389084,corr
qasc,transformer.decoder.block.3.layer.2.DenseReluDense.wi,110,0.4184160530567169,drift
qasc,transformer.decoder.block.3.layer.2.DenseReluDense.wi,110,0.44613420963287354,tot
qasc,transformer.decoder.block.3.layer.2.DenseReluDense.wi,110,-0.017800629138946533,$\delta_\text{gsc}$
qasc,transformer.decoder.block.3.layer.2.DenseReluDense.wi,110,-0.03980821371078491,$\delta_\text{ssc}$
qasc,transformer.decoder.block.3.layer.2.DenseReluDense.wo,111,0.15533983707427979,cross
qasc,transformer.decoder.block.3.layer.2.DenseReluDense.wo,111,0.13283485174179077,corr
qasc,transformer.decoder.block.3.layer.2.DenseReluDense.wo,111,0.49768516421318054,drift
qasc,transformer.decoder.block.3.layer.2.DenseReluDense.wo,111,0.4981786608695984,tot
qasc,transformer.decoder.block.3.layer.2.DenseReluDense.wo,111,-0.15624821186065674,$\delta_\text{gsc}$
qasc,transformer.decoder.block.3.layer.2.DenseReluDense.wo,111,-0.13143298029899597,$\delta_\text{ssc}$
qasc,transformer.decoder.block.4.layer.0.SelfAttention.q,112,,cross
qasc,transformer.decoder.block.4.layer.0.SelfAttention.q,112,,corr
qasc,transformer.decoder.block.4.layer.0.SelfAttention.q,112,,drift
qasc,transformer.decoder.block.4.layer.0.SelfAttention.q,112,,tot
qasc,transformer.decoder.block.4.layer.0.SelfAttention.q,112,,$\delta_\text{gsc}$
qasc,transformer.decoder.block.4.layer.0.SelfAttention.q,112,,$\delta_\text{ssc}$
qasc,transformer.decoder.block.4.layer.0.SelfAttention.k,113,,cross
qasc,transformer.decoder.block.4.layer.0.SelfAttention.k,113,,corr
qasc,transformer.decoder.block.4.layer.0.SelfAttention.k,113,,drift
qasc,transformer.decoder.block.4.layer.0.SelfAttention.k,113,,tot
qasc,transformer.decoder.block.4.layer.0.SelfAttention.k,113,,$\delta_\text{gsc}$
qasc,transformer.decoder.block.4.layer.0.SelfAttention.k,113,,$\delta_\text{ssc}$
qasc,transformer.decoder.block.4.layer.0.SelfAttention.v,114,0.042194269597530365,cross
qasc,transformer.decoder.block.4.layer.0.SelfAttention.v,114,0.09645765274763107,corr
qasc,transformer.decoder.block.4.layer.0.SelfAttention.v,114,0.4602898359298706,drift
qasc,transformer.decoder.block.4.layer.0.SelfAttention.v,114,0.4836905300617218,tot
qasc,transformer.decoder.block.4.layer.0.SelfAttention.v,114,-0.0494234561920166,$\delta_\text{gsc}$
qasc,transformer.decoder.block.4.layer.0.SelfAttention.v,114,-0.06582778692245483,$\delta_\text{ssc}$
qasc,transformer.decoder.block.4.layer.0.SelfAttention.o,115,0.13584481179714203,cross
qasc,transformer.decoder.block.4.layer.0.SelfAttention.o,115,0.262704461812973,corr
qasc,transformer.decoder.block.4.layer.0.SelfAttention.o,115,0.3523632884025574,drift
qasc,transformer.decoder.block.4.layer.0.SelfAttention.o,115,0.4554952383041382,tot
qasc,transformer.decoder.block.4.layer.0.SelfAttention.o,115,-0.15592524409294128,$\delta_\text{gsc}$
qasc,transformer.decoder.block.4.layer.0.SelfAttention.o,115,-0.13949209451675415,$\delta_\text{ssc}$
qasc,transformer.decoder.block.4.layer.1.EncDecAttention.q,116,,cross
qasc,transformer.decoder.block.4.layer.1.EncDecAttention.q,116,,corr
qasc,transformer.decoder.block.4.layer.1.EncDecAttention.q,116,,drift
qasc,transformer.decoder.block.4.layer.1.EncDecAttention.q,116,,tot
qasc,transformer.decoder.block.4.layer.1.EncDecAttention.q,116,,$\delta_\text{gsc}$
qasc,transformer.decoder.block.4.layer.1.EncDecAttention.q,116,,$\delta_\text{ssc}$
qasc,transformer.decoder.block.4.layer.1.EncDecAttention.k,117,,cross
qasc,transformer.decoder.block.4.layer.1.EncDecAttention.k,117,,corr
qasc,transformer.decoder.block.4.layer.1.EncDecAttention.k,117,,drift
qasc,transformer.decoder.block.4.layer.1.EncDecAttention.k,117,,tot
qasc,transformer.decoder.block.4.layer.1.EncDecAttention.k,117,,$\delta_\text{gsc}$
qasc,transformer.decoder.block.4.layer.1.EncDecAttention.k,117,,$\delta_\text{ssc}$
qasc,transformer.decoder.block.4.layer.1.EncDecAttention.v,118,0.2643410861492157,cross
qasc,transformer.decoder.block.4.layer.1.EncDecAttention.v,118,0.36049705743789673,corr
qasc,transformer.decoder.block.4.layer.1.EncDecAttention.v,118,0.33536896109580994,drift
qasc,transformer.decoder.block.4.layer.1.EncDecAttention.v,118,0.35972705483436584,tot
qasc,transformer.decoder.block.4.layer.1.EncDecAttention.v,118,-0.34812065958976746,$\delta_\text{gsc}$
qasc,transformer.decoder.block.4.layer.1.EncDecAttention.v,118,-0.25235939025878906,$\delta_\text{ssc}$
qasc,transformer.decoder.block.4.layer.1.EncDecAttention.o,119,0.20521822571754456,cross
qasc,transformer.decoder.block.4.layer.1.EncDecAttention.o,119,0.2399807572364807,corr
qasc,transformer.decoder.block.4.layer.1.EncDecAttention.o,119,0.3033143877983093,drift
qasc,transformer.decoder.block.4.layer.1.EncDecAttention.o,119,0.319286584854126,tot
qasc,transformer.decoder.block.4.layer.1.EncDecAttention.o,119,-0.2598998248577118,$\delta_\text{gsc}$
qasc,transformer.decoder.block.4.layer.1.EncDecAttention.o,119,-0.16932696104049683,$\delta_\text{ssc}$
qasc,transformer.decoder.block.4.layer.2.DenseReluDense.wi,120,0.016257962211966515,cross
qasc,transformer.decoder.block.4.layer.2.DenseReluDense.wi,120,0.13555066287517548,corr
qasc,transformer.decoder.block.4.layer.2.DenseReluDense.wi,120,0.4201161563396454,drift
qasc,transformer.decoder.block.4.layer.2.DenseReluDense.wi,120,0.4731757640838623,tot
qasc,transformer.decoder.block.4.layer.2.DenseReluDense.wi,120,-0.02084892988204956,$\delta_\text{gsc}$
qasc,transformer.decoder.block.4.layer.2.DenseReluDense.wi,120,-0.07790008187294006,$\delta_\text{ssc}$
qasc,transformer.decoder.block.4.layer.2.DenseReluDense.wo,121,0.06349968165159225,cross
qasc,transformer.decoder.block.4.layer.2.DenseReluDense.wo,121,0.1558712273836136,corr
qasc,transformer.decoder.block.4.layer.2.DenseReluDense.wo,121,0.49393194913864136,drift
qasc,transformer.decoder.block.4.layer.2.DenseReluDense.wo,121,0.49994051456451416,tot
qasc,transformer.decoder.block.4.layer.2.DenseReluDense.wo,121,-0.06346076726913452,$\delta_\text{gsc}$
qasc,transformer.decoder.block.4.layer.2.DenseReluDense.wo,121,-0.14990156888961792,$\delta_\text{ssc}$
qasc,transformer.decoder.block.5.layer.0.SelfAttention.q,122,,cross
qasc,transformer.decoder.block.5.layer.0.SelfAttention.q,122,,corr
qasc,transformer.decoder.block.5.layer.0.SelfAttention.q,122,,drift
qasc,transformer.decoder.block.5.layer.0.SelfAttention.q,122,,tot
qasc,transformer.decoder.block.5.layer.0.SelfAttention.q,122,,$\delta_\text{gsc}$
qasc,transformer.decoder.block.5.layer.0.SelfAttention.q,122,,$\delta_\text{ssc}$
qasc,transformer.decoder.block.5.layer.0.SelfAttention.k,123,,cross
qasc,transformer.decoder.block.5.layer.0.SelfAttention.k,123,,corr
qasc,transformer.decoder.block.5.layer.0.SelfAttention.k,123,,drift
qasc,transformer.decoder.block.5.layer.0.SelfAttention.k,123,,tot
qasc,transformer.decoder.block.5.layer.0.SelfAttention.k,123,,$\delta_\text{gsc}$
qasc,transformer.decoder.block.5.layer.0.SelfAttention.k,123,,$\delta_\text{ssc}$
qasc,transformer.decoder.block.5.layer.0.SelfAttention.v,124,0.07688775658607483,cross
qasc,transformer.decoder.block.5.layer.0.SelfAttention.v,124,0.16251176595687866,corr
qasc,transformer.decoder.block.5.layer.0.SelfAttention.v,124,0.4377056360244751,drift
qasc,transformer.decoder.block.5.layer.0.SelfAttention.v,124,0.48322001099586487,tot
qasc,transformer.decoder.block.5.layer.0.SelfAttention.v,124,-0.08725076913833618,$\delta_\text{gsc}$
qasc,transformer.decoder.block.5.layer.0.SelfAttention.v,124,-0.10663437843322754,$\delta_\text{ssc}$
qasc,transformer.decoder.block.5.layer.0.SelfAttention.o,125,0.19400614500045776,cross
qasc,transformer.decoder.block.5.layer.0.SelfAttention.o,125,0.2993529438972473,corr
qasc,transformer.decoder.block.5.layer.0.SelfAttention.o,125,0.30738237500190735,drift
qasc,transformer.decoder.block.5.layer.0.SelfAttention.o,125,0.42796188592910767,tot
qasc,transformer.decoder.block.5.layer.0.SelfAttention.o,125,-0.21385079622268677,$\delta_\text{gsc}$
qasc,transformer.decoder.block.5.layer.0.SelfAttention.o,125,-0.158928781747818,$\delta_\text{ssc}$
qasc,transformer.decoder.block.5.layer.1.EncDecAttention.q,126,,cross
qasc,transformer.decoder.block.5.layer.1.EncDecAttention.q,126,,corr
qasc,transformer.decoder.block.5.layer.1.EncDecAttention.q,126,,drift
qasc,transformer.decoder.block.5.layer.1.EncDecAttention.q,126,,tot
qasc,transformer.decoder.block.5.layer.1.EncDecAttention.q,126,,$\delta_\text{gsc}$
qasc,transformer.decoder.block.5.layer.1.EncDecAttention.q,126,,$\delta_\text{ssc}$
qasc,transformer.decoder.block.5.layer.1.EncDecAttention.k,127,,cross
qasc,transformer.decoder.block.5.layer.1.EncDecAttention.k,127,,corr
qasc,transformer.decoder.block.5.layer.1.EncDecAttention.k,127,,drift
qasc,transformer.decoder.block.5.layer.1.EncDecAttention.k,127,,tot
qasc,transformer.decoder.block.5.layer.1.EncDecAttention.k,127,,$\delta_\text{gsc}$
qasc,transformer.decoder.block.5.layer.1.EncDecAttention.k,127,,$\delta_\text{ssc}$
qasc,transformer.decoder.block.5.layer.1.EncDecAttention.v,128,0.2766875922679901,cross
qasc,transformer.decoder.block.5.layer.1.EncDecAttention.v,128,0.34210485219955444,corr
qasc,transformer.decoder.block.5.layer.1.EncDecAttention.v,128,0.3348638415336609,drift
qasc,transformer.decoder.block.5.layer.1.EncDecAttention.v,128,0.35214585065841675,tot
qasc,transformer.decoder.block.5.layer.1.EncDecAttention.v,128,-0.3605739176273346,$\delta_\text{gsc}$
qasc,transformer.decoder.block.5.layer.1.EncDecAttention.v,128,-0.2409365177154541,$\delta_\text{ssc}$
qasc,transformer.decoder.block.5.layer.1.EncDecAttention.o,129,0.23244746029376984,cross
qasc,transformer.decoder.block.5.layer.1.EncDecAttention.o,129,0.28811073303222656,corr
qasc,transformer.decoder.block.5.layer.1.EncDecAttention.o,129,0.3190143406391144,drift
qasc,transformer.decoder.block.5.layer.1.EncDecAttention.o,129,0.34141385555267334,tot
qasc,transformer.decoder.block.5.layer.1.EncDecAttention.o,129,-0.2981465458869934,$\delta_\text{gsc}$
qasc,transformer.decoder.block.5.layer.1.EncDecAttention.o,129,-0.20001214742660522,$\delta_\text{ssc}$
qasc,transformer.decoder.block.5.layer.2.DenseReluDense.wi,130,0.020271312445402145,cross
qasc,transformer.decoder.block.5.layer.2.DenseReluDense.wi,130,0.18964783847332,corr
qasc,transformer.decoder.block.5.layer.2.DenseReluDense.wi,130,0.4138905107975006,drift
qasc,transformer.decoder.block.5.layer.2.DenseReluDense.wi,130,0.4875653088092804,tot
qasc,transformer.decoder.block.5.layer.2.DenseReluDense.wi,130,-0.023885786533355713,$\delta_\text{gsc}$
qasc,transformer.decoder.block.5.layer.2.DenseReluDense.wi,130,-0.11235854029655457,$\delta_\text{ssc}$
qasc,transformer.decoder.block.5.layer.2.DenseReluDense.wo,131,0.13100853562355042,cross
qasc,transformer.decoder.block.5.layer.2.DenseReluDense.wo,131,0.3041616678237915,corr
qasc,transformer.decoder.block.5.layer.2.DenseReluDense.wo,131,0.39829006791114807,drift
qasc,transformer.decoder.block.5.layer.2.DenseReluDense.wo,131,0.48078683018684387,tot
qasc,transformer.decoder.block.5.layer.2.DenseReluDense.wo,131,-0.13924270868301392,$\delta_\text{gsc}$
qasc,transformer.decoder.block.5.layer.2.DenseReluDense.wo,131,-0.2134307324886322,$\delta_\text{ssc}$
qasc,transformer.decoder.block.6.layer.0.SelfAttention.q,132,,cross
qasc,transformer.decoder.block.6.layer.0.SelfAttention.q,132,,corr
qasc,transformer.decoder.block.6.layer.0.SelfAttention.q,132,,drift
qasc,transformer.decoder.block.6.layer.0.SelfAttention.q,132,,tot
qasc,transformer.decoder.block.6.layer.0.SelfAttention.q,132,,$\delta_\text{gsc}$
qasc,transformer.decoder.block.6.layer.0.SelfAttention.q,132,,$\delta_\text{ssc}$
qasc,transformer.decoder.block.6.layer.0.SelfAttention.k,133,,cross
qasc,transformer.decoder.block.6.layer.0.SelfAttention.k,133,,corr
qasc,transformer.decoder.block.6.layer.0.SelfAttention.k,133,,drift
qasc,transformer.decoder.block.6.layer.0.SelfAttention.k,133,,tot
qasc,transformer.decoder.block.6.layer.0.SelfAttention.k,133,,$\delta_\text{gsc}$
qasc,transformer.decoder.block.6.layer.0.SelfAttention.k,133,,$\delta_\text{ssc}$
qasc,transformer.decoder.block.6.layer.0.SelfAttention.v,134,0.10623789578676224,cross
qasc,transformer.decoder.block.6.layer.0.SelfAttention.v,134,0.21704967319965363,corr
qasc,transformer.decoder.block.6.layer.0.SelfAttention.v,134,0.4148891270160675,drift
qasc,transformer.decoder.block.6.layer.0.SelfAttention.v,134,0.48236051201820374,tot
qasc,transformer.decoder.block.6.layer.0.SelfAttention.v,134,-0.11699709296226501,$\delta_\text{gsc}$
qasc,transformer.decoder.block.6.layer.0.SelfAttention.v,134,-0.13881906867027283,$\delta_\text{ssc}$
qasc,transformer.decoder.block.6.layer.0.SelfAttention.o,135,0.22161130607128143,cross
qasc,transformer.decoder.block.6.layer.0.SelfAttention.o,135,0.30853909254074097,corr
qasc,transformer.decoder.block.6.layer.0.SelfAttention.o,135,0.2944308817386627,drift
qasc,transformer.decoder.block.6.layer.0.SelfAttention.o,135,0.41333383321762085,tot
qasc,transformer.decoder.block.6.layer.0.SelfAttention.o,135,-0.2493397742509842,$\delta_\text{gsc}$
qasc,transformer.decoder.block.6.layer.0.SelfAttention.o,135,-0.16190767288208008,$\delta_\text{ssc}$
qasc,transformer.decoder.block.6.layer.1.EncDecAttention.q,136,,cross
qasc,transformer.decoder.block.6.layer.1.EncDecAttention.q,136,,corr
qasc,transformer.decoder.block.6.layer.1.EncDecAttention.q,136,,drift
qasc,transformer.decoder.block.6.layer.1.EncDecAttention.q,136,,tot
qasc,transformer.decoder.block.6.layer.1.EncDecAttention.q,136,,$\delta_\text{gsc}$
qasc,transformer.decoder.block.6.layer.1.EncDecAttention.q,136,,$\delta_\text{ssc}$
qasc,transformer.decoder.block.6.layer.1.EncDecAttention.k,137,,cross
qasc,transformer.decoder.block.6.layer.1.EncDecAttention.k,137,,corr
qasc,transformer.decoder.block.6.layer.1.EncDecAttention.k,137,,drift
qasc,transformer.decoder.block.6.layer.1.EncDecAttention.k,137,,tot
qasc,transformer.decoder.block.6.layer.1.EncDecAttention.k,137,,$\delta_\text{gsc}$
qasc,transformer.decoder.block.6.layer.1.EncDecAttention.k,137,,$\delta_\text{ssc}$
qasc,transformer.decoder.block.6.layer.1.EncDecAttention.v,138,0.27432289719581604,cross
qasc,transformer.decoder.block.6.layer.1.EncDecAttention.v,138,0.3561027944087982,corr
qasc,transformer.decoder.block.6.layer.1.EncDecAttention.v,138,0.33384251594543457,drift
qasc,transformer.decoder.block.6.layer.1.EncDecAttention.v,138,0.3564252555370331,tot
qasc,transformer.decoder.block.6.layer.1.EncDecAttention.v,138,-0.35960906744003296,$\delta_\text{gsc}$
qasc,transformer.decoder.block.6.layer.1.EncDecAttention.v,138,-0.2482338845729828,$\delta_\text{ssc}$
qasc,transformer.decoder.block.6.layer.1.EncDecAttention.o,139,0.22505833208560944,cross
qasc,transformer.decoder.block.6.layer.1.EncDecAttention.o,139,0.2580092251300812,corr
qasc,transformer.decoder.block.6.layer.1.EncDecAttention.o,139,0.3154372572898865,drift
qasc,transformer.decoder.block.6.layer.1.EncDecAttention.o,139,0.3332957625389099,tot
qasc,transformer.decoder.block.6.layer.1.EncDecAttention.o,139,-0.28461992740631104,$\delta_\text{gsc}$
qasc,transformer.decoder.block.6.layer.1.EncDecAttention.o,139,-0.18058910965919495,$\delta_\text{ssc}$
qasc,transformer.decoder.block.6.layer.2.DenseReluDense.wi,140,0.016395622864365578,cross
qasc,transformer.decoder.block.6.layer.2.DenseReluDense.wi,140,0.2448824942111969,corr
qasc,transformer.decoder.block.6.layer.2.DenseReluDense.wi,140,0.39294084906578064,drift
qasc,transformer.decoder.block.6.layer.2.DenseReluDense.wi,140,0.4905003309249878,tot
qasc,transformer.decoder.block.6.layer.2.DenseReluDense.wi,140,-0.019453048706054688,$\delta_\text{gsc}$
qasc,transformer.decoder.block.6.layer.2.DenseReluDense.wi,140,-0.14426559209823608,$\delta_\text{ssc}$
qasc,transformer.decoder.block.6.layer.2.DenseReluDense.wo,141,0.14336121082305908,cross
qasc,transformer.decoder.block.6.layer.2.DenseReluDense.wo,141,0.33804601430892944,corr
qasc,transformer.decoder.block.6.layer.2.DenseReluDense.wo,141,0.43549060821533203,drift
qasc,transformer.decoder.block.6.layer.2.DenseReluDense.wo,141,0.48490065336227417,tot
qasc,transformer.decoder.block.6.layer.2.DenseReluDense.wo,141,-0.1523386836051941,$\delta_\text{gsc}$
qasc,transformer.decoder.block.6.layer.2.DenseReluDense.wo,141,-0.2796584963798523,$\delta_\text{ssc}$
qasc,transformer.decoder.block.7.layer.0.SelfAttention.q,142,,cross
qasc,transformer.decoder.block.7.layer.0.SelfAttention.q,142,,corr
qasc,transformer.decoder.block.7.layer.0.SelfAttention.q,142,,drift
qasc,transformer.decoder.block.7.layer.0.SelfAttention.q,142,,tot
qasc,transformer.decoder.block.7.layer.0.SelfAttention.q,142,,$\delta_\text{gsc}$
qasc,transformer.decoder.block.7.layer.0.SelfAttention.q,142,,$\delta_\text{ssc}$
qasc,transformer.decoder.block.7.layer.0.SelfAttention.k,143,,cross
qasc,transformer.decoder.block.7.layer.0.SelfAttention.k,143,,corr
qasc,transformer.decoder.block.7.layer.0.SelfAttention.k,143,,drift
qasc,transformer.decoder.block.7.layer.0.SelfAttention.k,143,,tot
qasc,transformer.decoder.block.7.layer.0.SelfAttention.k,143,,$\delta_\text{gsc}$
qasc,transformer.decoder.block.7.layer.0.SelfAttention.k,143,,$\delta_\text{ssc}$
qasc,transformer.decoder.block.7.layer.0.SelfAttention.v,144,0.13678818941116333,cross
qasc,transformer.decoder.block.7.layer.0.SelfAttention.v,144,0.2664869725704193,corr
qasc,transformer.decoder.block.7.layer.0.SelfAttention.v,144,0.39029446244239807,drift
qasc,transformer.decoder.block.7.layer.0.SelfAttention.v,144,0.47445976734161377,tot
qasc,transformer.decoder.block.7.layer.0.SelfAttention.v,144,-0.1514906883239746,$\delta_\text{gsc}$
qasc,transformer.decoder.block.7.layer.0.SelfAttention.v,144,-0.16761916875839233,$\delta_\text{ssc}$
qasc,transformer.decoder.block.7.layer.0.SelfAttention.o,145,0.20628683269023895,cross
qasc,transformer.decoder.block.7.layer.0.SelfAttention.o,145,0.30278295278549194,corr
qasc,transformer.decoder.block.7.layer.0.SelfAttention.o,145,0.3161771297454834,drift
qasc,transformer.decoder.block.7.layer.0.SelfAttention.o,145,0.42144012451171875,tot
qasc,transformer.decoder.block.7.layer.0.SelfAttention.o,145,-0.23569868505001068,$\delta_\text{gsc}$
qasc,transformer.decoder.block.7.layer.0.SelfAttention.o,145,-0.16810810565948486,$\delta_\text{ssc}$
qasc,transformer.decoder.block.7.layer.1.EncDecAttention.q,146,,cross
qasc,transformer.decoder.block.7.layer.1.EncDecAttention.q,146,,corr
qasc,transformer.decoder.block.7.layer.1.EncDecAttention.q,146,,drift
qasc,transformer.decoder.block.7.layer.1.EncDecAttention.q,146,,tot
qasc,transformer.decoder.block.7.layer.1.EncDecAttention.q,146,,$\delta_\text{gsc}$
qasc,transformer.decoder.block.7.layer.1.EncDecAttention.q,146,,$\delta_\text{ssc}$
qasc,transformer.decoder.block.7.layer.1.EncDecAttention.k,147,,cross
qasc,transformer.decoder.block.7.layer.1.EncDecAttention.k,147,,corr
qasc,transformer.decoder.block.7.layer.1.EncDecAttention.k,147,,drift
qasc,transformer.decoder.block.7.layer.1.EncDecAttention.k,147,,tot
qasc,transformer.decoder.block.7.layer.1.EncDecAttention.k,147,,$\delta_\text{gsc}$
qasc,transformer.decoder.block.7.layer.1.EncDecAttention.k,147,,$\delta_\text{ssc}$
qasc,transformer.decoder.block.7.layer.1.EncDecAttention.v,148,0.2723360061645508,cross
qasc,transformer.decoder.block.7.layer.1.EncDecAttention.v,148,0.34043583273887634,corr
qasc,transformer.decoder.block.7.layer.1.EncDecAttention.v,148,0.3335466980934143,drift
qasc,transformer.decoder.block.7.layer.1.EncDecAttention.v,148,0.3529369533061981,tot
qasc,transformer.decoder.block.7.layer.1.EncDecAttention.v,148,-0.35517019033432007,$\delta_\text{gsc}$
qasc,transformer.decoder.block.7.layer.1.EncDecAttention.v,148,-0.23821139335632324,$\delta_\text{ssc}$
qasc,transformer.decoder.block.7.layer.1.EncDecAttention.o,149,0.21875856816768646,cross
qasc,transformer.decoder.block.7.layer.1.EncDecAttention.o,149,0.2567298710346222,corr
qasc,transformer.decoder.block.7.layer.1.EncDecAttention.o,149,0.3143608570098877,drift
qasc,transformer.decoder.block.7.layer.1.EncDecAttention.o,149,0.3342696726322174,tot
qasc,transformer.decoder.block.7.layer.1.EncDecAttention.o,149,-0.2755502462387085,$\delta_\text{gsc}$
qasc,transformer.decoder.block.7.layer.1.EncDecAttention.o,149,-0.18002939224243164,$\delta_\text{ssc}$
qasc,transformer.decoder.block.7.layer.2.DenseReluDense.wi,150,0.05696035921573639,cross
qasc,transformer.decoder.block.7.layer.2.DenseReluDense.wi,150,0.302042692899704,corr
qasc,transformer.decoder.block.7.layer.2.DenseReluDense.wi,150,0.3675256669521332,drift
qasc,transformer.decoder.block.7.layer.2.DenseReluDense.wi,150,0.4757836163043976,tot
qasc,transformer.decoder.block.7.layer.2.DenseReluDense.wi,150,-0.07142910361289978,$\delta_\text{gsc}$
qasc,transformer.decoder.block.7.layer.2.DenseReluDense.wi,150,-0.17931601405143738,$\delta_\text{ssc}$
qasc,transformer.decoder.block.7.layer.2.DenseReluDense.wo,151,0.16490375995635986,cross
qasc,transformer.decoder.block.7.layer.2.DenseReluDense.wo,151,0.34650352597236633,corr
qasc,transformer.decoder.block.7.layer.2.DenseReluDense.wo,151,0.4071318209171295,drift
qasc,transformer.decoder.block.7.layer.2.DenseReluDense.wo,151,0.473552942276001,tot
qasc,transformer.decoder.block.7.layer.2.DenseReluDense.wo,151,-0.1765241026878357,$\delta_\text{gsc}$
qasc,transformer.decoder.block.7.layer.2.DenseReluDense.wo,151,-0.26846206188201904,$\delta_\text{ssc}$
qasc,transformer.decoder.block.8.layer.0.SelfAttention.q,152,,cross
qasc,transformer.decoder.block.8.layer.0.SelfAttention.q,152,,corr
qasc,transformer.decoder.block.8.layer.0.SelfAttention.q,152,,drift
qasc,transformer.decoder.block.8.layer.0.SelfAttention.q,152,,tot
qasc,transformer.decoder.block.8.layer.0.SelfAttention.q,152,,$\delta_\text{gsc}$
qasc,transformer.decoder.block.8.layer.0.SelfAttention.q,152,,$\delta_\text{ssc}$
qasc,transformer.decoder.block.8.layer.0.SelfAttention.k,153,,cross
qasc,transformer.decoder.block.8.layer.0.SelfAttention.k,153,,corr
qasc,transformer.decoder.block.8.layer.0.SelfAttention.k,153,,drift
qasc,transformer.decoder.block.8.layer.0.SelfAttention.k,153,,tot
qasc,transformer.decoder.block.8.layer.0.SelfAttention.k,153,,$\delta_\text{gsc}$
qasc,transformer.decoder.block.8.layer.0.SelfAttention.k,153,,$\delta_\text{ssc}$
qasc,transformer.decoder.block.8.layer.0.SelfAttention.v,154,0.12403292208909988,cross
qasc,transformer.decoder.block.8.layer.0.SelfAttention.v,154,0.24800030887126923,corr
qasc,transformer.decoder.block.8.layer.0.SelfAttention.v,154,0.40960487723350525,drift
qasc,transformer.decoder.block.8.layer.0.SelfAttention.v,154,0.4770107865333557,tot
qasc,transformer.decoder.block.8.layer.0.SelfAttention.v,154,-0.13820123672485352,$\delta_\text{gsc}$
qasc,transformer.decoder.block.8.layer.0.SelfAttention.v,154,-0.16642607748508453,$\delta_\text{ssc}$
qasc,transformer.decoder.block.8.layer.0.SelfAttention.o,155,0.2312583029270172,cross
qasc,transformer.decoder.block.8.layer.0.SelfAttention.o,155,0.30627569556236267,corr
qasc,transformer.decoder.block.8.layer.0.SelfAttention.o,155,0.32788097858428955,drift
qasc,transformer.decoder.block.8.layer.0.SelfAttention.o,155,0.4147116243839264,tot
qasc,transformer.decoder.block.8.layer.0.SelfAttention.o,155,-0.2647239863872528,$\delta_\text{gsc}$
qasc,transformer.decoder.block.8.layer.0.SelfAttention.o,155,-0.18597936630249023,$\delta_\text{ssc}$
qasc,transformer.decoder.block.8.layer.1.EncDecAttention.q,156,,cross
qasc,transformer.decoder.block.8.layer.1.EncDecAttention.q,156,,corr
qasc,transformer.decoder.block.8.layer.1.EncDecAttention.q,156,,drift
qasc,transformer.decoder.block.8.layer.1.EncDecAttention.q,156,,tot
qasc,transformer.decoder.block.8.layer.1.EncDecAttention.q,156,,$\delta_\text{gsc}$
qasc,transformer.decoder.block.8.layer.1.EncDecAttention.q,156,,$\delta_\text{ssc}$
qasc,transformer.decoder.block.8.layer.1.EncDecAttention.k,157,,cross
qasc,transformer.decoder.block.8.layer.1.EncDecAttention.k,157,,corr
qasc,transformer.decoder.block.8.layer.1.EncDecAttention.k,157,,drift
qasc,transformer.decoder.block.8.layer.1.EncDecAttention.k,157,,tot
qasc,transformer.decoder.block.8.layer.1.EncDecAttention.k,157,,$\delta_\text{gsc}$
qasc,transformer.decoder.block.8.layer.1.EncDecAttention.k,157,,$\delta_\text{ssc}$
qasc,transformer.decoder.block.8.layer.1.EncDecAttention.v,158,0.2722207307815552,cross
qasc,transformer.decoder.block.8.layer.1.EncDecAttention.v,158,0.33782821893692017,corr
qasc,transformer.decoder.block.8.layer.1.EncDecAttention.v,158,0.3345869481563568,drift
qasc,transformer.decoder.block.8.layer.1.EncDecAttention.v,158,0.3545902967453003,tot
qasc,transformer.decoder.block.8.layer.1.EncDecAttention.v,158,-0.35272130370140076,$\delta_\text{gsc}$
qasc,transformer.decoder.block.8.layer.1.EncDecAttention.v,158,-0.2373242974281311,$\delta_\text{ssc}$
qasc,transformer.decoder.block.8.layer.1.EncDecAttention.o,159,0.17980313301086426,cross
qasc,transformer.decoder.block.8.layer.1.EncDecAttention.o,159,0.2065303772687912,corr
qasc,transformer.decoder.block.8.layer.1.EncDecAttention.o,159,0.3023209869861603,drift
qasc,transformer.decoder.block.8.layer.1.EncDecAttention.o,159,0.32148057222366333,tot
qasc,transformer.decoder.block.8.layer.1.EncDecAttention.o,159,-0.22206687927246094,$\delta_\text{gsc}$
qasc,transformer.decoder.block.8.layer.1.EncDecAttention.o,159,-0.14510704576969147,$\delta_\text{ssc}$
qasc,transformer.decoder.block.8.layer.2.DenseReluDense.wi,160,0.06888144463300705,cross
qasc,transformer.decoder.block.8.layer.2.DenseReluDense.wi,160,0.3235979676246643,corr
qasc,transformer.decoder.block.8.layer.2.DenseReluDense.wi,160,0.3624374270439148,drift
qasc,transformer.decoder.block.8.layer.2.DenseReluDense.wi,160,0.46454569697380066,tot
qasc,transformer.decoder.block.8.layer.2.DenseReluDense.wi,160,-0.0908028781414032,$\delta_\text{gsc}$
qasc,transformer.decoder.block.8.layer.2.DenseReluDense.wi,160,-0.1995682716369629,$\delta_\text{ssc}$
qasc,transformer.decoder.block.8.layer.2.DenseReluDense.wo,161,0.1845194399356842,cross
qasc,transformer.decoder.block.8.layer.2.DenseReluDense.wo,161,0.36370936036109924,corr
qasc,transformer.decoder.block.8.layer.2.DenseReluDense.wo,161,0.3931438624858856,drift
qasc,transformer.decoder.block.8.layer.2.DenseReluDense.wo,161,0.4727744460105896,tot
qasc,transformer.decoder.block.8.layer.2.DenseReluDense.wo,161,-0.2027062177658081,$\delta_\text{gsc}$
qasc,transformer.decoder.block.8.layer.2.DenseReluDense.wo,161,-0.26589199900627136,$\delta_\text{ssc}$
qasc,transformer.decoder.block.9.layer.0.SelfAttention.q,162,,cross
qasc,transformer.decoder.block.9.layer.0.SelfAttention.q,162,,corr
qasc,transformer.decoder.block.9.layer.0.SelfAttention.q,162,,drift
qasc,transformer.decoder.block.9.layer.0.SelfAttention.q,162,,tot
qasc,transformer.decoder.block.9.layer.0.SelfAttention.q,162,,$\delta_\text{gsc}$
qasc,transformer.decoder.block.9.layer.0.SelfAttention.q,162,,$\delta_\text{ssc}$
qasc,transformer.decoder.block.9.layer.0.SelfAttention.k,163,,cross
qasc,transformer.decoder.block.9.layer.0.SelfAttention.k,163,,corr
qasc,transformer.decoder.block.9.layer.0.SelfAttention.k,163,,drift
qasc,transformer.decoder.block.9.layer.0.SelfAttention.k,163,,tot
qasc,transformer.decoder.block.9.layer.0.SelfAttention.k,163,,$\delta_\text{gsc}$
qasc,transformer.decoder.block.9.layer.0.SelfAttention.k,163,,$\delta_\text{ssc}$
qasc,transformer.decoder.block.9.layer.0.SelfAttention.v,164,0.17636151611804962,cross
qasc,transformer.decoder.block.9.layer.0.SelfAttention.v,164,0.2875702977180481,corr
qasc,transformer.decoder.block.9.layer.0.SelfAttention.v,164,0.3882036507129669,drift
qasc,transformer.decoder.block.9.layer.0.SelfAttention.v,164,0.46172767877578735,tot
qasc,transformer.decoder.block.9.layer.0.SelfAttention.v,164,-0.19757124781608582,$\delta_\text{gsc}$
qasc,transformer.decoder.block.9.layer.0.SelfAttention.v,164,-0.19283652305603027,$\delta_\text{ssc}$
qasc,transformer.decoder.block.9.layer.0.SelfAttention.o,165,0.20908798277378082,cross
qasc,transformer.decoder.block.9.layer.0.SelfAttention.o,165,0.2795722186565399,corr
qasc,transformer.decoder.block.9.layer.0.SelfAttention.o,165,0.3417675495147705,drift
qasc,transformer.decoder.block.9.layer.0.SelfAttention.o,165,0.41289588809013367,tot
qasc,transformer.decoder.block.9.layer.0.SelfAttention.o,165,-0.23648454248905182,$\delta_\text{gsc}$
qasc,transformer.decoder.block.9.layer.0.SelfAttention.o,165,-0.18104732036590576,$\delta_\text{ssc}$
qasc,transformer.decoder.block.9.layer.1.EncDecAttention.q,166,,cross
qasc,transformer.decoder.block.9.layer.1.EncDecAttention.q,166,,corr
qasc,transformer.decoder.block.9.layer.1.EncDecAttention.q,166,,drift
qasc,transformer.decoder.block.9.layer.1.EncDecAttention.q,166,,tot
qasc,transformer.decoder.block.9.layer.1.EncDecAttention.q,166,,$\delta_\text{gsc}$
qasc,transformer.decoder.block.9.layer.1.EncDecAttention.q,166,,$\delta_\text{ssc}$
qasc,transformer.decoder.block.9.layer.1.EncDecAttention.k,167,,cross
qasc,transformer.decoder.block.9.layer.1.EncDecAttention.k,167,,corr
qasc,transformer.decoder.block.9.layer.1.EncDecAttention.k,167,,drift
qasc,transformer.decoder.block.9.layer.1.EncDecAttention.k,167,,tot
qasc,transformer.decoder.block.9.layer.1.EncDecAttention.k,167,,$\delta_\text{gsc}$
qasc,transformer.decoder.block.9.layer.1.EncDecAttention.k,167,,$\delta_\text{ssc}$
qasc,transformer.decoder.block.9.layer.1.EncDecAttention.v,168,0.26170864701271057,cross
qasc,transformer.decoder.block.9.layer.1.EncDecAttention.v,168,0.32165104150772095,corr
qasc,transformer.decoder.block.9.layer.1.EncDecAttention.v,168,0.33545994758605957,drift
qasc,transformer.decoder.block.9.layer.1.EncDecAttention.v,168,0.3572007417678833,tot
qasc,transformer.decoder.block.9.layer.1.EncDecAttention.v,168,-0.33406180143356323,$\delta_\text{gsc}$
qasc,transformer.decoder.block.9.layer.1.EncDecAttention.v,168,-0.22755709290504456,$\delta_\text{ssc}$
qasc,transformer.decoder.block.9.layer.1.EncDecAttention.o,169,0.17170095443725586,cross
qasc,transformer.decoder.block.9.layer.1.EncDecAttention.o,169,0.20150581002235413,corr
qasc,transformer.decoder.block.9.layer.1.EncDecAttention.o,169,0.3235747814178467,drift
qasc,transformer.decoder.block.9.layer.1.EncDecAttention.o,169,0.3450120985507965,tot
qasc,transformer.decoder.block.9.layer.1.EncDecAttention.o,169,-0.20657679438591003,$\delta_\text{gsc}$
qasc,transformer.decoder.block.9.layer.1.EncDecAttention.o,169,-0.14519265294075012,$\delta_\text{ssc}$
qasc,transformer.decoder.block.9.layer.2.DenseReluDense.wi,170,0.044553276151418686,cross
qasc,transformer.decoder.block.9.layer.2.DenseReluDense.wi,170,0.30967503786087036,corr
qasc,transformer.decoder.block.9.layer.2.DenseReluDense.wi,170,0.36719179153442383,drift
qasc,transformer.decoder.block.9.layer.2.DenseReluDense.wi,170,0.46858182549476624,tot
qasc,transformer.decoder.block.9.layer.2.DenseReluDense.wi,170,-0.05809122323989868,$\delta_\text{gsc}$
qasc,transformer.decoder.block.9.layer.2.DenseReluDense.wi,170,-0.19474706053733826,$\delta_\text{ssc}$
qasc,transformer.decoder.block.9.layer.2.DenseReluDense.wo,171,0.16324523091316223,cross
qasc,transformer.decoder.block.9.layer.2.DenseReluDense.wo,171,0.36941689252853394,corr
qasc,transformer.decoder.block.9.layer.2.DenseReluDense.wo,171,0.3946710526943207,drift
qasc,transformer.decoder.block.9.layer.2.DenseReluDense.wo,171,0.46270492672920227,tot
qasc,transformer.decoder.block.9.layer.2.DenseReluDense.wo,171,-0.1882709562778473,$\delta_\text{gsc}$
qasc,transformer.decoder.block.9.layer.2.DenseReluDense.wo,171,-0.2763572931289673,$\delta_\text{ssc}$
qasc,transformer.decoder.block.10.layer.0.SelfAttention.q,172,,cross
qasc,transformer.decoder.block.10.layer.0.SelfAttention.q,172,,corr
qasc,transformer.decoder.block.10.layer.0.SelfAttention.q,172,,drift
qasc,transformer.decoder.block.10.layer.0.SelfAttention.q,172,,tot
qasc,transformer.decoder.block.10.layer.0.SelfAttention.q,172,,$\delta_\text{gsc}$
qasc,transformer.decoder.block.10.layer.0.SelfAttention.q,172,,$\delta_\text{ssc}$
qasc,transformer.decoder.block.10.layer.0.SelfAttention.k,173,,cross
qasc,transformer.decoder.block.10.layer.0.SelfAttention.k,173,,corr
qasc,transformer.decoder.block.10.layer.0.SelfAttention.k,173,,drift
qasc,transformer.decoder.block.10.layer.0.SelfAttention.k,173,,tot
qasc,transformer.decoder.block.10.layer.0.SelfAttention.k,173,,$\delta_\text{gsc}$
qasc,transformer.decoder.block.10.layer.0.SelfAttention.k,173,,$\delta_\text{ssc}$
qasc,transformer.decoder.block.10.layer.0.SelfAttention.v,174,0.16698138415813446,cross
qasc,transformer.decoder.block.10.layer.0.SelfAttention.v,174,0.318099707365036,corr
qasc,transformer.decoder.block.10.layer.0.SelfAttention.v,174,0.3735807538032532,drift
qasc,transformer.decoder.block.10.layer.0.SelfAttention.v,174,0.4472328722476959,tot
qasc,transformer.decoder.block.10.layer.0.SelfAttention.v,174,-0.19888028502464294,$\delta_\text{gsc}$
qasc,transformer.decoder.block.10.layer.0.SelfAttention.v,174,-0.21254867315292358,$\delta_\text{ssc}$
qasc,transformer.decoder.block.10.layer.0.SelfAttention.o,175,0.17984110116958618,cross
qasc,transformer.decoder.block.10.layer.0.SelfAttention.o,175,0.2144797295331955,corr
qasc,transformer.decoder.block.10.layer.0.SelfAttention.o,175,0.3462575376033783,drift
qasc,transformer.decoder.block.10.layer.0.SelfAttention.o,175,0.38740015029907227,tot
qasc,transformer.decoder.block.10.layer.0.SelfAttention.o,175,-0.20748579502105713,$\delta_\text{gsc}$
qasc,transformer.decoder.block.10.layer.0.SelfAttention.o,175,-0.14569242298603058,$\delta_\text{ssc}$
qasc,transformer.decoder.block.10.layer.1.EncDecAttention.q,176,,cross
qasc,transformer.decoder.block.10.layer.1.EncDecAttention.q,176,,corr
qasc,transformer.decoder.block.10.layer.1.EncDecAttention.q,176,,drift
qasc,transformer.decoder.block.10.layer.1.EncDecAttention.q,176,,tot
qasc,transformer.decoder.block.10.layer.1.EncDecAttention.q,176,,$\delta_\text{gsc}$
qasc,transformer.decoder.block.10.layer.1.EncDecAttention.q,176,,$\delta_\text{ssc}$
qasc,transformer.decoder.block.10.layer.1.EncDecAttention.k,177,,cross
qasc,transformer.decoder.block.10.layer.1.EncDecAttention.k,177,,corr
qasc,transformer.decoder.block.10.layer.1.EncDecAttention.k,177,,drift
qasc,transformer.decoder.block.10.layer.1.EncDecAttention.k,177,,tot
qasc,transformer.decoder.block.10.layer.1.EncDecAttention.k,177,,$\delta_\text{gsc}$
qasc,transformer.decoder.block.10.layer.1.EncDecAttention.k,177,,$\delta_\text{ssc}$
qasc,transformer.decoder.block.10.layer.1.EncDecAttention.v,178,0.223594069480896,cross
qasc,transformer.decoder.block.10.layer.1.EncDecAttention.v,178,0.37231677770614624,corr
qasc,transformer.decoder.block.10.layer.1.EncDecAttention.v,178,0.3366408944129944,drift
qasc,transformer.decoder.block.10.layer.1.EncDecAttention.v,178,0.38158106803894043,tot
qasc,transformer.decoder.block.10.layer.1.EncDecAttention.v,178,-0.29174208641052246,$\delta_\text{gsc}$
qasc,transformer.decoder.block.10.layer.1.EncDecAttention.v,178,-0.25922858715057373,$\delta_\text{ssc}$
qasc,transformer.decoder.block.10.layer.1.EncDecAttention.o,179,0.16798138618469238,cross
qasc,transformer.decoder.block.10.layer.1.EncDecAttention.o,179,0.2151627391576767,corr
qasc,transformer.decoder.block.10.layer.1.EncDecAttention.o,179,0.3294556736946106,drift
qasc,transformer.decoder.block.10.layer.1.EncDecAttention.o,179,0.3508526086807251,tot
qasc,transformer.decoder.block.10.layer.1.EncDecAttention.o,179,-0.20451289415359497,$\delta_\text{gsc}$
qasc,transformer.decoder.block.10.layer.1.EncDecAttention.o,179,-0.1572342962026596,$\delta_\text{ssc}$
qasc,transformer.decoder.block.10.layer.2.DenseReluDense.wi,180,0.04871806874871254,cross
qasc,transformer.decoder.block.10.layer.2.DenseReluDense.wi,180,0.3247869312763214,corr
qasc,transformer.decoder.block.10.layer.2.DenseReluDense.wi,180,0.3388502299785614,drift
qasc,transformer.decoder.block.10.layer.2.DenseReluDense.wi,180,0.4435592293739319,tot
qasc,transformer.decoder.block.10.layer.2.DenseReluDense.wi,180,-0.06838345527648926,$\delta_\text{gsc}$
qasc,transformer.decoder.block.10.layer.2.DenseReluDense.wi,180,-0.2004125416278839,$\delta_\text{ssc}$
qasc,transformer.decoder.block.10.layer.2.DenseReluDense.wo,181,0.13852819800376892,cross
qasc,transformer.decoder.block.10.layer.2.DenseReluDense.wo,181,0.2938016355037689,corr
qasc,transformer.decoder.block.10.layer.2.DenseReluDense.wo,181,0.4491928517818451,drift
qasc,transformer.decoder.block.10.layer.2.DenseReluDense.wo,181,0.4787389636039734,tot
qasc,transformer.decoder.block.10.layer.2.DenseReluDense.wo,181,-0.15031489729881287,$\delta_\text{gsc}$
qasc,transformer.decoder.block.10.layer.2.DenseReluDense.wo,181,-0.2524688243865967,$\delta_\text{ssc}$
qasc,transformer.decoder.block.11.layer.0.SelfAttention.q,182,,cross
qasc,transformer.decoder.block.11.layer.0.SelfAttention.q,182,,corr
qasc,transformer.decoder.block.11.layer.0.SelfAttention.q,182,,drift
qasc,transformer.decoder.block.11.layer.0.SelfAttention.q,182,,tot
qasc,transformer.decoder.block.11.layer.0.SelfAttention.q,182,,$\delta_\text{gsc}$
qasc,transformer.decoder.block.11.layer.0.SelfAttention.q,182,,$\delta_\text{ssc}$
qasc,transformer.decoder.block.11.layer.0.SelfAttention.k,183,,cross
qasc,transformer.decoder.block.11.layer.0.SelfAttention.k,183,,corr
qasc,transformer.decoder.block.11.layer.0.SelfAttention.k,183,,drift
qasc,transformer.decoder.block.11.layer.0.SelfAttention.k,183,,tot
qasc,transformer.decoder.block.11.layer.0.SelfAttention.k,183,,$\delta_\text{gsc}$
qasc,transformer.decoder.block.11.layer.0.SelfAttention.k,183,,$\delta_\text{ssc}$
qasc,transformer.decoder.block.11.layer.0.SelfAttention.v,184,0.1763191819190979,cross
qasc,transformer.decoder.block.11.layer.0.SelfAttention.v,184,0.2765536904335022,corr
qasc,transformer.decoder.block.11.layer.0.SelfAttention.v,184,0.35713130235671997,drift
qasc,transformer.decoder.block.11.layer.0.SelfAttention.v,184,0.4038076102733612,tot
qasc,transformer.decoder.block.11.layer.0.SelfAttention.v,184,-0.2217048704624176,$\delta_\text{gsc}$
qasc,transformer.decoder.block.11.layer.0.SelfAttention.v,184,-0.18449169397354126,$\delta_\text{ssc}$
qasc,transformer.decoder.block.11.layer.0.SelfAttention.o,185,0.1481306403875351,cross
qasc,transformer.decoder.block.11.layer.0.SelfAttention.o,185,0.16611742973327637,corr
qasc,transformer.decoder.block.11.layer.0.SelfAttention.o,185,0.3768739700317383,drift
qasc,transformer.decoder.block.11.layer.0.SelfAttention.o,185,0.3988488018512726,tot
qasc,transformer.decoder.block.11.layer.0.SelfAttention.o,185,-0.1676512360572815,$\delta_\text{gsc}$
qasc,transformer.decoder.block.11.layer.0.SelfAttention.o,185,-0.12462198734283447,$\delta_\text{ssc}$
qasc,transformer.decoder.block.11.layer.1.EncDecAttention.q,186,,cross
qasc,transformer.decoder.block.11.layer.1.EncDecAttention.q,186,,corr
qasc,transformer.decoder.block.11.layer.1.EncDecAttention.q,186,,drift
qasc,transformer.decoder.block.11.layer.1.EncDecAttention.q,186,,tot
qasc,transformer.decoder.block.11.layer.1.EncDecAttention.q,186,,$\delta_\text{gsc}$
qasc,transformer.decoder.block.11.layer.1.EncDecAttention.q,186,,$\delta_\text{ssc}$
qasc,transformer.decoder.block.11.layer.1.EncDecAttention.k,187,,cross
qasc,transformer.decoder.block.11.layer.1.EncDecAttention.k,187,,corr
qasc,transformer.decoder.block.11.layer.1.EncDecAttention.k,187,,drift
qasc,transformer.decoder.block.11.layer.1.EncDecAttention.k,187,,tot
qasc,transformer.decoder.block.11.layer.1.EncDecAttention.k,187,,$\delta_\text{gsc}$
qasc,transformer.decoder.block.11.layer.1.EncDecAttention.k,187,,$\delta_\text{ssc}$
qasc,transformer.decoder.block.11.layer.1.EncDecAttention.v,188,0.22336111962795258,cross
qasc,transformer.decoder.block.11.layer.1.EncDecAttention.v,188,0.2513931393623352,corr
qasc,transformer.decoder.block.11.layer.1.EncDecAttention.v,188,0.3363616168498993,drift
qasc,transformer.decoder.block.11.layer.1.EncDecAttention.v,188,0.35166919231414795,tot
qasc,transformer.decoder.block.11.layer.1.EncDecAttention.v,188,-0.2761145830154419,$\delta_\text{gsc}$
qasc,transformer.decoder.block.11.layer.1.EncDecAttention.v,188,-0.18333208560943604,$\delta_\text{ssc}$
qasc,transformer.decoder.block.11.layer.1.EncDecAttention.o,189,0.09877981245517731,cross
qasc,transformer.decoder.block.11.layer.1.EncDecAttention.o,189,0.10834941267967224,corr
qasc,transformer.decoder.block.11.layer.1.EncDecAttention.o,189,0.30066514015197754,drift
qasc,transformer.decoder.block.11.layer.1.EncDecAttention.o,189,0.31755340099334717,tot
qasc,transformer.decoder.block.11.layer.1.EncDecAttention.o,189,-0.11576114594936371,$\delta_\text{gsc}$
qasc,transformer.decoder.block.11.layer.1.EncDecAttention.o,189,-0.07447981834411621,$\delta_\text{ssc}$
qasc,transformer.decoder.block.11.layer.2.DenseReluDense.wi,190,0.10993186384439468,cross
qasc,transformer.decoder.block.11.layer.2.DenseReluDense.wi,190,0.27069291472435,corr
qasc,transformer.decoder.block.11.layer.2.DenseReluDense.wi,190,0.3455894887447357,drift
qasc,transformer.decoder.block.11.layer.2.DenseReluDense.wi,190,0.4175994098186493,tot
qasc,transformer.decoder.block.11.layer.2.DenseReluDense.wi,190,-0.14367720484733582,$\delta_\text{gsc}$
qasc,transformer.decoder.block.11.layer.2.DenseReluDense.wi,190,-0.16493764519691467,$\delta_\text{ssc}$
qasc,transformer.decoder.block.11.layer.2.DenseReluDense.wo,191,0.1854122281074524,cross
qasc,transformer.decoder.block.11.layer.2.DenseReluDense.wo,191,0.18789391219615936,corr
qasc,transformer.decoder.block.11.layer.2.DenseReluDense.wo,191,0.4334883689880371,drift
qasc,transformer.decoder.block.11.layer.2.DenseReluDense.wo,191,0.4675975739955902,tot
qasc,transformer.decoder.block.11.layer.2.DenseReluDense.wo,191,-0.20627090334892273,$\delta_\text{gsc}$
qasc,transformer.decoder.block.11.layer.2.DenseReluDense.wo,191,-0.13292604684829712,$\delta_\text{ssc}$
qasc,transformer.lm_head,192,0.062367744743824005,cross
qasc,transformer.lm_head,192,0.03430158272385597,corr
qasc,transformer.lm_head,192,0.2106941044330597,drift
qasc,transformer.lm_head,192,0.23513935506343842,tot
qasc,transformer.lm_head,192,-0.044695302844047546,$\delta_\text{gsc}$
qasc,transformer.lm_head,192,-0.027528777718544006,$\delta_\text{ssc}$
wiki_qa,transformer.encoder.block.0.layer.0.SelfAttention.q,0,,cross
wiki_qa,transformer.encoder.block.0.layer.0.SelfAttention.q,0,,corr
wiki_qa,transformer.encoder.block.0.layer.0.SelfAttention.q,0,,drift
wiki_qa,transformer.encoder.block.0.layer.0.SelfAttention.q,0,,tot
wiki_qa,transformer.encoder.block.0.layer.0.SelfAttention.q,0,,$\delta_\text{gsc}$
wiki_qa,transformer.encoder.block.0.layer.0.SelfAttention.q,0,,$\delta_\text{ssc}$
wiki_qa,transformer.encoder.block.0.layer.0.SelfAttention.k,1,,cross
wiki_qa,transformer.encoder.block.0.layer.0.SelfAttention.k,1,,corr
wiki_qa,transformer.encoder.block.0.layer.0.SelfAttention.k,1,,drift
wiki_qa,transformer.encoder.block.0.layer.0.SelfAttention.k,1,,tot
wiki_qa,transformer.encoder.block.0.layer.0.SelfAttention.k,1,,$\delta_\text{gsc}$
wiki_qa,transformer.encoder.block.0.layer.0.SelfAttention.k,1,,$\delta_\text{ssc}$
wiki_qa,transformer.encoder.block.0.layer.0.SelfAttention.v,2,0.04111262410879135,cross
wiki_qa,transformer.encoder.block.0.layer.0.SelfAttention.v,2,0.0545932911336422,corr
wiki_qa,transformer.encoder.block.0.layer.0.SelfAttention.v,2,0.007293539121747017,drift
wiki_qa,transformer.encoder.block.0.layer.0.SelfAttention.v,2,0.021975673735141754,tot
wiki_qa,transformer.encoder.block.0.layer.0.SelfAttention.v,2,-0.07496362179517746,$\delta_\text{gsc}$
wiki_qa,transformer.encoder.block.0.layer.0.SelfAttention.v,2,-0.006060158833861351,$\delta_\text{ssc}$
wiki_qa,transformer.encoder.block.0.layer.0.SelfAttention.o,3,0.07310979068279266,cross
wiki_qa,transformer.encoder.block.0.layer.0.SelfAttention.o,3,0.10961315035820007,corr
wiki_qa,transformer.encoder.block.0.layer.0.SelfAttention.o,3,0.03722458332777023,drift
wiki_qa,transformer.encoder.block.0.layer.0.SelfAttention.o,3,0.0970023050904274,tot
wiki_qa,transformer.encoder.block.0.layer.0.SelfAttention.o,3,-0.0951165109872818,$\delta_\text{gsc}$
wiki_qa,transformer.encoder.block.0.layer.0.SelfAttention.o,3,-0.027828708291053772,$\delta_\text{ssc}$
wiki_qa,transformer.encoder.block.0.layer.1.DenseReluDense.wi,4,0.052072297781705856,cross
wiki_qa,transformer.encoder.block.0.layer.1.DenseReluDense.wi,4,0.06421376764774323,corr
wiki_qa,transformer.encoder.block.0.layer.1.DenseReluDense.wi,4,0.0685899406671524,drift
wiki_qa,transformer.encoder.block.0.layer.1.DenseReluDense.wi,4,0.10339846462011337,tot
wiki_qa,transformer.encoder.block.0.layer.1.DenseReluDense.wi,4,-0.05189470574259758,$\delta_\text{gsc}$
wiki_qa,transformer.encoder.block.0.layer.1.DenseReluDense.wi,4,-0.029582835733890533,$\delta_\text{ssc}$
wiki_qa,transformer.encoder.block.0.layer.1.DenseReluDense.wo,5,0.12398497015237808,cross
wiki_qa,transformer.encoder.block.0.layer.1.DenseReluDense.wo,5,0.13800130784511566,corr
wiki_qa,transformer.encoder.block.0.layer.1.DenseReluDense.wo,5,0.1580643504858017,drift
wiki_qa,transformer.encoder.block.0.layer.1.DenseReluDense.wo,5,0.16480940580368042,tot
wiki_qa,transformer.encoder.block.0.layer.1.DenseReluDense.wo,5,-0.1778707504272461,$\delta_\text{gsc}$
wiki_qa,transformer.encoder.block.0.layer.1.DenseReluDense.wo,5,-0.07737047970294952,$\delta_\text{ssc}$
wiki_qa,transformer.encoder.block.1.layer.0.SelfAttention.q,6,,cross
wiki_qa,transformer.encoder.block.1.layer.0.SelfAttention.q,6,,corr
wiki_qa,transformer.encoder.block.1.layer.0.SelfAttention.q,6,,drift
wiki_qa,transformer.encoder.block.1.layer.0.SelfAttention.q,6,,tot
wiki_qa,transformer.encoder.block.1.layer.0.SelfAttention.q,6,,$\delta_\text{gsc}$
wiki_qa,transformer.encoder.block.1.layer.0.SelfAttention.q,6,,$\delta_\text{ssc}$
wiki_qa,transformer.encoder.block.1.layer.0.SelfAttention.k,7,,cross
wiki_qa,transformer.encoder.block.1.layer.0.SelfAttention.k,7,,corr
wiki_qa,transformer.encoder.block.1.layer.0.SelfAttention.k,7,,drift
wiki_qa,transformer.encoder.block.1.layer.0.SelfAttention.k,7,,tot
wiki_qa,transformer.encoder.block.1.layer.0.SelfAttention.k,7,,$\delta_\text{gsc}$
wiki_qa,transformer.encoder.block.1.layer.0.SelfAttention.k,7,,$\delta_\text{ssc}$
wiki_qa,transformer.encoder.block.1.layer.0.SelfAttention.v,8,0.06990664452314377,cross
wiki_qa,transformer.encoder.block.1.layer.0.SelfAttention.v,8,0.08605992794036865,corr
wiki_qa,transformer.encoder.block.1.layer.0.SelfAttention.v,8,0.07308962196111679,drift
wiki_qa,transformer.encoder.block.1.layer.0.SelfAttention.v,8,0.0855487510561943,tot
wiki_qa,transformer.encoder.block.1.layer.0.SelfAttention.v,8,-0.10231202095746994,$\delta_\text{gsc}$
wiki_qa,transformer.encoder.block.1.layer.0.SelfAttention.v,8,-0.041195422410964966,$\delta_\text{ssc}$
wiki_qa,transformer.encoder.block.1.layer.0.SelfAttention.o,9,0.1254451721906662,cross
wiki_qa,transformer.encoder.block.1.layer.0.SelfAttention.o,9,0.14511339366436005,corr
wiki_qa,transformer.encoder.block.1.layer.0.SelfAttention.o,9,0.09858982264995575,drift
wiki_qa,transformer.encoder.block.1.layer.0.SelfAttention.o,9,0.1046627014875412,tot
wiki_qa,transformer.encoder.block.1.layer.0.SelfAttention.o,9,-0.19983181357383728,$\delta_\text{gsc}$
wiki_qa,transformer.encoder.block.1.layer.0.SelfAttention.o,9,-0.06465387344360352,$\delta_\text{ssc}$
wiki_qa,transformer.encoder.block.1.layer.1.DenseReluDense.wi,10,0.0626269280910492,cross
wiki_qa,transformer.encoder.block.1.layer.1.DenseReluDense.wi,10,0.08578094840049744,corr
wiki_qa,transformer.encoder.block.1.layer.1.DenseReluDense.wi,10,0.0808907151222229,drift
wiki_qa,transformer.encoder.block.1.layer.1.DenseReluDense.wi,10,0.09909253567457199,tot
wiki_qa,transformer.encoder.block.1.layer.1.DenseReluDense.wi,10,-0.08810097724199295,$\delta_\text{gsc}$
wiki_qa,transformer.encoder.block.1.layer.1.DenseReluDense.wi,10,-0.04210507869720459,$\delta_\text{ssc}$
wiki_qa,transformer.encoder.block.1.layer.1.DenseReluDense.wo,11,0.07250069826841354,cross
wiki_qa,transformer.encoder.block.1.layer.1.DenseReluDense.wo,11,0.08676259219646454,corr
wiki_qa,transformer.encoder.block.1.layer.1.DenseReluDense.wo,11,0.1908646672964096,drift
wiki_qa,transformer.encoder.block.1.layer.1.DenseReluDense.wo,11,0.1837499886751175,tot
wiki_qa,transformer.encoder.block.1.layer.1.DenseReluDense.wo,11,-0.06506810337305069,$\delta_\text{gsc}$
wiki_qa,transformer.encoder.block.1.layer.1.DenseReluDense.wo,11,-0.1013098657131195,$\delta_\text{ssc}$
wiki_qa,transformer.encoder.block.2.layer.0.SelfAttention.q,12,,cross
wiki_qa,transformer.encoder.block.2.layer.0.SelfAttention.q,12,,corr
wiki_qa,transformer.encoder.block.2.layer.0.SelfAttention.q,12,,drift
wiki_qa,transformer.encoder.block.2.layer.0.SelfAttention.q,12,,tot
wiki_qa,transformer.encoder.block.2.layer.0.SelfAttention.q,12,,$\delta_\text{gsc}$
wiki_qa,transformer.encoder.block.2.layer.0.SelfAttention.q,12,,$\delta_\text{ssc}$
wiki_qa,transformer.encoder.block.2.layer.0.SelfAttention.k,13,,cross
wiki_qa,transformer.encoder.block.2.layer.0.SelfAttention.k,13,,corr
wiki_qa,transformer.encoder.block.2.layer.0.SelfAttention.k,13,,drift
wiki_qa,transformer.encoder.block.2.layer.0.SelfAttention.k,13,,tot
wiki_qa,transformer.encoder.block.2.layer.0.SelfAttention.k,13,,$\delta_\text{gsc}$
wiki_qa,transformer.encoder.block.2.layer.0.SelfAttention.k,13,,$\delta_\text{ssc}$
wiki_qa,transformer.encoder.block.2.layer.0.SelfAttention.v,14,0.08056723326444626,cross
wiki_qa,transformer.encoder.block.2.layer.0.SelfAttention.v,14,0.10016126185655594,corr
wiki_qa,transformer.encoder.block.2.layer.0.SelfAttention.v,14,0.09120404720306396,drift
wiki_qa,transformer.encoder.block.2.layer.0.SelfAttention.v,14,0.08754272013902664,tot
wiki_qa,transformer.encoder.block.2.layer.0.SelfAttention.v,14,-0.12337550520896912,$\delta_\text{gsc}$
wiki_qa,transformer.encoder.block.2.layer.0.SelfAttention.v,14,-0.061014316976070404,$\delta_\text{ssc}$
wiki_qa,transformer.encoder.block.2.layer.0.SelfAttention.o,15,0.11324138194322586,cross
wiki_qa,transformer.encoder.block.2.layer.0.SelfAttention.o,15,0.13287107646465302,corr
wiki_qa,transformer.encoder.block.2.layer.0.SelfAttention.o,15,0.12738685309886932,drift
wiki_qa,transformer.encoder.block.2.layer.0.SelfAttention.o,15,0.11460346728563309,tot
wiki_qa,transformer.encoder.block.2.layer.0.SelfAttention.o,15,-0.1723736971616745,$\delta_\text{gsc}$
wiki_qa,transformer.encoder.block.2.layer.0.SelfAttention.o,15,-0.08652214705944061,$\delta_\text{ssc}$
wiki_qa,transformer.encoder.block.2.layer.1.DenseReluDense.wi,16,0.061074934899806976,cross
wiki_qa,transformer.encoder.block.2.layer.1.DenseReluDense.wi,16,0.07785874605178833,corr
wiki_qa,transformer.encoder.block.2.layer.1.DenseReluDense.wi,16,0.0947507992386818,drift
wiki_qa,transformer.encoder.block.2.layer.1.DenseReluDense.wi,16,0.10650370270013809,tot
wiki_qa,transformer.encoder.block.2.layer.1.DenseReluDense.wi,16,-0.07616332173347473,$\delta_\text{gsc}$
wiki_qa,transformer.encoder.block.2.layer.1.DenseReluDense.wi,16,-0.051017455756664276,$\delta_\text{ssc}$
wiki_qa,transformer.encoder.block.2.layer.1.DenseReluDense.wo,17,0.2352382093667984,cross
wiki_qa,transformer.encoder.block.2.layer.1.DenseReluDense.wo,17,0.45049476623535156,corr
wiki_qa,transformer.encoder.block.2.layer.1.DenseReluDense.wo,17,0.4524082541465759,drift
wiki_qa,transformer.encoder.block.2.layer.1.DenseReluDense.wo,17,0.2492980808019638,tot
wiki_qa,transformer.encoder.block.2.layer.1.DenseReluDense.wo,17,-0.3300234079360962,$\delta_\text{gsc}$
wiki_qa,transformer.encoder.block.2.layer.1.DenseReluDense.wo,17,-0.5588197708129883,$\delta_\text{ssc}$
wiki_qa,transformer.encoder.block.3.layer.0.SelfAttention.q,18,,cross
wiki_qa,transformer.encoder.block.3.layer.0.SelfAttention.q,18,,corr
wiki_qa,transformer.encoder.block.3.layer.0.SelfAttention.q,18,,drift
wiki_qa,transformer.encoder.block.3.layer.0.SelfAttention.q,18,,tot
wiki_qa,transformer.encoder.block.3.layer.0.SelfAttention.q,18,,$\delta_\text{gsc}$
wiki_qa,transformer.encoder.block.3.layer.0.SelfAttention.q,18,,$\delta_\text{ssc}$
wiki_qa,transformer.encoder.block.3.layer.0.SelfAttention.k,19,,cross
wiki_qa,transformer.encoder.block.3.layer.0.SelfAttention.k,19,,corr
wiki_qa,transformer.encoder.block.3.layer.0.SelfAttention.k,19,,drift
wiki_qa,transformer.encoder.block.3.layer.0.SelfAttention.k,19,,tot
wiki_qa,transformer.encoder.block.3.layer.0.SelfAttention.k,19,,$\delta_\text{gsc}$
wiki_qa,transformer.encoder.block.3.layer.0.SelfAttention.k,19,,$\delta_\text{ssc}$
wiki_qa,transformer.encoder.block.3.layer.0.SelfAttention.v,20,0.08316303044557571,cross
wiki_qa,transformer.encoder.block.3.layer.0.SelfAttention.v,20,0.10663188248872757,corr
wiki_qa,transformer.encoder.block.3.layer.0.SelfAttention.v,20,0.12778396904468536,drift
wiki_qa,transformer.encoder.block.3.layer.0.SelfAttention.v,20,0.12090901285409927,tot
wiki_qa,transformer.encoder.block.3.layer.0.SelfAttention.v,20,-0.12485222518444061,$\delta_\text{gsc}$
wiki_qa,transformer.encoder.block.3.layer.0.SelfAttention.v,20,-0.07181764394044876,$\delta_\text{ssc}$
wiki_qa,transformer.encoder.block.3.layer.0.SelfAttention.o,21,0.0881686806678772,cross
wiki_qa,transformer.encoder.block.3.layer.0.SelfAttention.o,21,0.10549716651439667,corr
wiki_qa,transformer.encoder.block.3.layer.0.SelfAttention.o,21,0.1678933948278427,drift
wiki_qa,transformer.encoder.block.3.layer.0.SelfAttention.o,21,0.15171200037002563,tot
wiki_qa,transformer.encoder.block.3.layer.0.SelfAttention.o,21,-0.12529586255550385,$\delta_\text{gsc}$
wiki_qa,transformer.encoder.block.3.layer.0.SelfAttention.o,21,-0.0845513790845871,$\delta_\text{ssc}$
wiki_qa,transformer.encoder.block.3.layer.1.DenseReluDense.wi,22,0.06187199801206589,cross
wiki_qa,transformer.encoder.block.3.layer.1.DenseReluDense.wi,22,0.08021225780248642,corr
wiki_qa,transformer.encoder.block.3.layer.1.DenseReluDense.wi,22,0.10313902050256729,drift
wiki_qa,transformer.encoder.block.3.layer.1.DenseReluDense.wi,22,0.09942547976970673,tot
wiki_qa,transformer.encoder.block.3.layer.1.DenseReluDense.wi,22,-0.09140729159116745,$\delta_\text{gsc}$
wiki_qa,transformer.encoder.block.3.layer.1.DenseReluDense.wi,22,-0.05439050495624542,$\delta_\text{ssc}$
wiki_qa,transformer.encoder.block.3.layer.1.DenseReluDense.wo,23,0.11626238375902176,cross
wiki_qa,transformer.encoder.block.3.layer.1.DenseReluDense.wo,23,0.3907739818096161,corr
wiki_qa,transformer.encoder.block.3.layer.1.DenseReluDense.wo,23,0.44254279136657715,drift
wiki_qa,transformer.encoder.block.3.layer.1.DenseReluDense.wo,23,0.2814396917819977,tot
wiki_qa,transformer.encoder.block.3.layer.1.DenseReluDense.wo,23,-0.13372525572776794,$\delta_\text{gsc}$
wiki_qa,transformer.encoder.block.3.layer.1.DenseReluDense.wo,23,-0.5344141721725464,$\delta_\text{ssc}$
wiki_qa,transformer.encoder.block.4.layer.0.SelfAttention.q,24,,cross
wiki_qa,transformer.encoder.block.4.layer.0.SelfAttention.q,24,,corr
wiki_qa,transformer.encoder.block.4.layer.0.SelfAttention.q,24,,drift
wiki_qa,transformer.encoder.block.4.layer.0.SelfAttention.q,24,,tot
wiki_qa,transformer.encoder.block.4.layer.0.SelfAttention.q,24,,$\delta_\text{gsc}$
wiki_qa,transformer.encoder.block.4.layer.0.SelfAttention.q,24,,$\delta_\text{ssc}$
wiki_qa,transformer.encoder.block.4.layer.0.SelfAttention.k,25,,cross
wiki_qa,transformer.encoder.block.4.layer.0.SelfAttention.k,25,,corr
wiki_qa,transformer.encoder.block.4.layer.0.SelfAttention.k,25,,drift
wiki_qa,transformer.encoder.block.4.layer.0.SelfAttention.k,25,,tot
wiki_qa,transformer.encoder.block.4.layer.0.SelfAttention.k,25,,$\delta_\text{gsc}$
wiki_qa,transformer.encoder.block.4.layer.0.SelfAttention.k,25,,$\delta_\text{ssc}$
wiki_qa,transformer.encoder.block.4.layer.0.SelfAttention.v,26,0.07000350207090378,cross
wiki_qa,transformer.encoder.block.4.layer.0.SelfAttention.v,26,0.08540816605091095,corr
wiki_qa,transformer.encoder.block.4.layer.0.SelfAttention.v,26,0.1710999310016632,drift
wiki_qa,transformer.encoder.block.4.layer.0.SelfAttention.v,26,0.1602809727191925,tot
wiki_qa,transformer.encoder.block.4.layer.0.SelfAttention.v,26,-0.09913768619298935,$\delta_\text{gsc}$
wiki_qa,transformer.encoder.block.4.layer.0.SelfAttention.v,26,-0.06709294021129608,$\delta_\text{ssc}$
wiki_qa,transformer.encoder.block.4.layer.0.SelfAttention.o,27,0.13134831190109253,cross
wiki_qa,transformer.encoder.block.4.layer.0.SelfAttention.o,27,0.13578754663467407,corr
wiki_qa,transformer.encoder.block.4.layer.0.SelfAttention.o,27,0.22548164427280426,drift
wiki_qa,transformer.encoder.block.4.layer.0.SelfAttention.o,27,0.21062791347503662,tot
wiki_qa,transformer.encoder.block.4.layer.0.SelfAttention.o,27,-0.19420164823532104,$\delta_\text{gsc}$
wiki_qa,transformer.encoder.block.4.layer.0.SelfAttention.o,27,-0.0877879410982132,$\delta_\text{ssc}$
wiki_qa,transformer.encoder.block.4.layer.1.DenseReluDense.wi,28,0.04937020316720009,cross
wiki_qa,transformer.encoder.block.4.layer.1.DenseReluDense.wi,28,0.07053723186254501,corr
wiki_qa,transformer.encoder.block.4.layer.1.DenseReluDense.wi,28,0.14161483943462372,drift
wiki_qa,transformer.encoder.block.4.layer.1.DenseReluDense.wi,28,0.1299629956483841,tot
wiki_qa,transformer.encoder.block.4.layer.1.DenseReluDense.wi,28,-0.07357621192932129,$\delta_\text{gsc}$
wiki_qa,transformer.encoder.block.4.layer.1.DenseReluDense.wi,28,-0.05798306316137314,$\delta_\text{ssc}$
wiki_qa,transformer.encoder.block.4.layer.1.DenseReluDense.wo,29,0.23553356528282166,cross
wiki_qa,transformer.encoder.block.4.layer.1.DenseReluDense.wo,29,0.4453222453594208,corr
wiki_qa,transformer.encoder.block.4.layer.1.DenseReluDense.wo,29,0.49175459146499634,drift
wiki_qa,transformer.encoder.block.4.layer.1.DenseReluDense.wo,29,0.347554475069046,tot
wiki_qa,transformer.encoder.block.4.layer.1.DenseReluDense.wo,29,-0.29909300804138184,$\delta_\text{gsc}$
wiki_qa,transformer.encoder.block.4.layer.1.DenseReluDense.wo,29,-0.5259629487991333,$\delta_\text{ssc}$
wiki_qa,transformer.encoder.block.5.layer.0.SelfAttention.q,30,,cross
wiki_qa,transformer.encoder.block.5.layer.0.SelfAttention.q,30,,corr
wiki_qa,transformer.encoder.block.5.layer.0.SelfAttention.q,30,,drift
wiki_qa,transformer.encoder.block.5.layer.0.SelfAttention.q,30,,tot
wiki_qa,transformer.encoder.block.5.layer.0.SelfAttention.q,30,,$\delta_\text{gsc}$
wiki_qa,transformer.encoder.block.5.layer.0.SelfAttention.q,30,,$\delta_\text{ssc}$
wiki_qa,transformer.encoder.block.5.layer.0.SelfAttention.k,31,,cross
wiki_qa,transformer.encoder.block.5.layer.0.SelfAttention.k,31,,corr
wiki_qa,transformer.encoder.block.5.layer.0.SelfAttention.k,31,,drift
wiki_qa,transformer.encoder.block.5.layer.0.SelfAttention.k,31,,tot
wiki_qa,transformer.encoder.block.5.layer.0.SelfAttention.k,31,,$\delta_\text{gsc}$
wiki_qa,transformer.encoder.block.5.layer.0.SelfAttention.k,31,,$\delta_\text{ssc}$
wiki_qa,transformer.encoder.block.5.layer.0.SelfAttention.v,32,0.12074659764766693,cross
wiki_qa,transformer.encoder.block.5.layer.0.SelfAttention.v,32,0.126350998878479,corr
wiki_qa,transformer.encoder.block.5.layer.0.SelfAttention.v,32,0.19645173847675323,drift
wiki_qa,transformer.encoder.block.5.layer.0.SelfAttention.v,32,0.17897212505340576,tot
wiki_qa,transformer.encoder.block.5.layer.0.SelfAttention.v,32,-0.18393546342849731,$\delta_\text{gsc}$
wiki_qa,transformer.encoder.block.5.layer.0.SelfAttention.v,32,-0.0806417465209961,$\delta_\text{ssc}$
wiki_qa,transformer.encoder.block.5.layer.0.SelfAttention.o,33,0.18685729801654816,cross
wiki_qa,transformer.encoder.block.5.layer.0.SelfAttention.o,33,0.18545982241630554,corr
wiki_qa,transformer.encoder.block.5.layer.0.SelfAttention.o,33,0.24540676176548004,drift
wiki_qa,transformer.encoder.block.5.layer.0.SelfAttention.o,33,0.21824343502521515,tot
wiki_qa,transformer.encoder.block.5.layer.0.SelfAttention.o,33,-0.27514588832855225,$\delta_\text{gsc}$
wiki_qa,transformer.encoder.block.5.layer.0.SelfAttention.o,33,-0.12433455884456635,$\delta_\text{ssc}$
wiki_qa,transformer.encoder.block.5.layer.1.DenseReluDense.wi,34,0.06399086117744446,cross
wiki_qa,transformer.encoder.block.5.layer.1.DenseReluDense.wi,34,0.08830976486206055,corr
wiki_qa,transformer.encoder.block.5.layer.1.DenseReluDense.wi,34,0.1759301871061325,drift
wiki_qa,transformer.encoder.block.5.layer.1.DenseReluDense.wi,34,0.15224260091781616,tot
wiki_qa,transformer.encoder.block.5.layer.1.DenseReluDense.wi,34,-0.0950230211019516,$\delta_\text{gsc}$
wiki_qa,transformer.encoder.block.5.layer.1.DenseReluDense.wi,34,-0.08096519112586975,$\delta_\text{ssc}$
wiki_qa,transformer.encoder.block.5.layer.1.DenseReluDense.wo,35,0.210913747549057,cross
wiki_qa,transformer.encoder.block.5.layer.1.DenseReluDense.wo,35,0.4003741443157196,corr
wiki_qa,transformer.encoder.block.5.layer.1.DenseReluDense.wo,35,0.45511025190353394,drift
wiki_qa,transformer.encoder.block.5.layer.1.DenseReluDense.wo,35,0.29351404309272766,tot
wiki_qa,transformer.encoder.block.5.layer.1.DenseReluDense.wo,35,-0.3113902807235718,$\delta_\text{gsc}$
wiki_qa,transformer.encoder.block.5.layer.1.DenseReluDense.wo,35,-0.4614938199520111,$\delta_\text{ssc}$
wiki_qa,transformer.encoder.block.6.layer.0.SelfAttention.q,36,,cross
wiki_qa,transformer.encoder.block.6.layer.0.SelfAttention.q,36,,corr
wiki_qa,transformer.encoder.block.6.layer.0.SelfAttention.q,36,,drift
wiki_qa,transformer.encoder.block.6.layer.0.SelfAttention.q,36,,tot
wiki_qa,transformer.encoder.block.6.layer.0.SelfAttention.q,36,,$\delta_\text{gsc}$
wiki_qa,transformer.encoder.block.6.layer.0.SelfAttention.q,36,,$\delta_\text{ssc}$
wiki_qa,transformer.encoder.block.6.layer.0.SelfAttention.k,37,,cross
wiki_qa,transformer.encoder.block.6.layer.0.SelfAttention.k,37,,corr
wiki_qa,transformer.encoder.block.6.layer.0.SelfAttention.k,37,,drift
wiki_qa,transformer.encoder.block.6.layer.0.SelfAttention.k,37,,tot
wiki_qa,transformer.encoder.block.6.layer.0.SelfAttention.k,37,,$\delta_\text{gsc}$
wiki_qa,transformer.encoder.block.6.layer.0.SelfAttention.k,37,,$\delta_\text{ssc}$
wiki_qa,transformer.encoder.block.6.layer.0.SelfAttention.v,38,0.10154782235622406,cross
wiki_qa,transformer.encoder.block.6.layer.0.SelfAttention.v,38,0.09675735980272293,corr
wiki_qa,transformer.encoder.block.6.layer.0.SelfAttention.v,38,0.2521144151687622,drift
wiki_qa,transformer.encoder.block.6.layer.0.SelfAttention.v,38,0.23113121092319489,tot
wiki_qa,transformer.encoder.block.6.layer.0.SelfAttention.v,38,-0.15089312195777893,$\delta_\text{gsc}$
wiki_qa,transformer.encoder.block.6.layer.0.SelfAttention.v,38,-0.06839525699615479,$\delta_\text{ssc}$
wiki_qa,transformer.encoder.block.6.layer.0.SelfAttention.o,39,0.12210409343242645,cross
wiki_qa,transformer.encoder.block.6.layer.0.SelfAttention.o,39,0.1212342381477356,corr
wiki_qa,transformer.encoder.block.6.layer.0.SelfAttention.o,39,0.28161707520484924,drift
wiki_qa,transformer.encoder.block.6.layer.0.SelfAttention.o,39,0.2605501711368561,tot
wiki_qa,transformer.encoder.block.6.layer.0.SelfAttention.o,39,-0.16983537375926971,$\delta_\text{gsc}$
wiki_qa,transformer.encoder.block.6.layer.0.SelfAttention.o,39,-0.0945698618888855,$\delta_\text{ssc}$
wiki_qa,transformer.encoder.block.6.layer.1.DenseReluDense.wi,40,0.0753234401345253,cross
wiki_qa,transformer.encoder.block.6.layer.1.DenseReluDense.wi,40,0.09137406945228577,corr
wiki_qa,transformer.encoder.block.6.layer.1.DenseReluDense.wi,40,0.21902135014533997,drift
wiki_qa,transformer.encoder.block.6.layer.1.DenseReluDense.wi,40,0.19363045692443848,tot
wiki_qa,transformer.encoder.block.6.layer.1.DenseReluDense.wi,40,-0.11544284969568253,$\delta_\text{gsc}$
wiki_qa,transformer.encoder.block.6.layer.1.DenseReluDense.wi,40,-0.07664555311203003,$\delta_\text{ssc}$
wiki_qa,transformer.encoder.block.6.layer.1.DenseReluDense.wo,41,0.12412204593420029,cross
wiki_qa,transformer.encoder.block.6.layer.1.DenseReluDense.wo,41,0.3156176805496216,corr
wiki_qa,transformer.encoder.block.6.layer.1.DenseReluDense.wo,41,0.4528791606426239,drift
wiki_qa,transformer.encoder.block.6.layer.1.DenseReluDense.wo,41,0.35073450207710266,tot
wiki_qa,transformer.encoder.block.6.layer.1.DenseReluDense.wo,41,-0.14845630526542664,$\delta_\text{gsc}$
wiki_qa,transformer.encoder.block.6.layer.1.DenseReluDense.wo,41,-0.39342808723449707,$\delta_\text{ssc}$
wiki_qa,transformer.encoder.block.7.layer.0.SelfAttention.q,42,,cross
wiki_qa,transformer.encoder.block.7.layer.0.SelfAttention.q,42,,corr
wiki_qa,transformer.encoder.block.7.layer.0.SelfAttention.q,42,,drift
wiki_qa,transformer.encoder.block.7.layer.0.SelfAttention.q,42,,tot
wiki_qa,transformer.encoder.block.7.layer.0.SelfAttention.q,42,,$\delta_\text{gsc}$
wiki_qa,transformer.encoder.block.7.layer.0.SelfAttention.q,42,,$\delta_\text{ssc}$
wiki_qa,transformer.encoder.block.7.layer.0.SelfAttention.k,43,,cross
wiki_qa,transformer.encoder.block.7.layer.0.SelfAttention.k,43,,corr
wiki_qa,transformer.encoder.block.7.layer.0.SelfAttention.k,43,,drift
wiki_qa,transformer.encoder.block.7.layer.0.SelfAttention.k,43,,tot
wiki_qa,transformer.encoder.block.7.layer.0.SelfAttention.k,43,,$\delta_\text{gsc}$
wiki_qa,transformer.encoder.block.7.layer.0.SelfAttention.k,43,,$\delta_\text{ssc}$
wiki_qa,transformer.encoder.block.7.layer.0.SelfAttention.v,44,0.06962907314300537,cross
wiki_qa,transformer.encoder.block.7.layer.0.SelfAttention.v,44,0.060906264930963516,corr
wiki_qa,transformer.encoder.block.7.layer.0.SelfAttention.v,44,0.29364413022994995,drift
wiki_qa,transformer.encoder.block.7.layer.0.SelfAttention.v,44,0.28002798557281494,tot
wiki_qa,transformer.encoder.block.7.layer.0.SelfAttention.v,44,-0.09849199652671814,$\delta_\text{gsc}$
wiki_qa,transformer.encoder.block.7.layer.0.SelfAttention.v,44,-0.04565948247909546,$\delta_\text{ssc}$
wiki_qa,transformer.encoder.block.7.layer.0.SelfAttention.o,45,0.07846043258905411,cross
wiki_qa,transformer.encoder.block.7.layer.0.SelfAttention.o,45,0.06913291662931442,corr
wiki_qa,transformer.encoder.block.7.layer.0.SelfAttention.o,45,0.334272563457489,drift
wiki_qa,transformer.encoder.block.7.layer.0.SelfAttention.o,45,0.32294848561286926,tot
wiki_qa,transformer.encoder.block.7.layer.0.SelfAttention.o,45,-0.10554790496826172,$\delta_\text{gsc}$
wiki_qa,transformer.encoder.block.7.layer.0.SelfAttention.o,45,-0.05336952209472656,$\delta_\text{ssc}$
wiki_qa,transformer.encoder.block.7.layer.1.DenseReluDense.wi,46,0.05268752574920654,cross
wiki_qa,transformer.encoder.block.7.layer.1.DenseReluDense.wi,46,0.06547224521636963,corr
wiki_qa,transformer.encoder.block.7.layer.1.DenseReluDense.wi,46,0.26959118247032166,drift
wiki_qa,transformer.encoder.block.7.layer.1.DenseReluDense.wi,46,0.2535368502140045,tot
wiki_qa,transformer.encoder.block.7.layer.1.DenseReluDense.wi,46,-0.07866233587265015,$\delta_\text{gsc}$
wiki_qa,transformer.encoder.block.7.layer.1.DenseReluDense.wi,46,-0.055551767349243164,$\delta_\text{ssc}$
wiki_qa,transformer.encoder.block.7.layer.1.DenseReluDense.wo,47,0.13563524186611176,cross
wiki_qa,transformer.encoder.block.7.layer.1.DenseReluDense.wo,47,0.25192517042160034,corr
wiki_qa,transformer.encoder.block.7.layer.1.DenseReluDense.wo,47,0.45973217487335205,drift
wiki_qa,transformer.encoder.block.7.layer.1.DenseReluDense.wo,47,0.42367181181907654,tot
wiki_qa,transformer.encoder.block.7.layer.1.DenseReluDense.wo,47,-0.14458277821540833,$\delta_\text{gsc}$
wiki_qa,transformer.encoder.block.7.layer.1.DenseReluDense.wo,47,-0.2790379822254181,$\delta_\text{ssc}$
wiki_qa,transformer.encoder.block.8.layer.0.SelfAttention.q,48,,cross
wiki_qa,transformer.encoder.block.8.layer.0.SelfAttention.q,48,,corr
wiki_qa,transformer.encoder.block.8.layer.0.SelfAttention.q,48,,drift
wiki_qa,transformer.encoder.block.8.layer.0.SelfAttention.q,48,,tot
wiki_qa,transformer.encoder.block.8.layer.0.SelfAttention.q,48,,$\delta_\text{gsc}$
wiki_qa,transformer.encoder.block.8.layer.0.SelfAttention.q,48,,$\delta_\text{ssc}$
wiki_qa,transformer.encoder.block.8.layer.0.SelfAttention.k,49,,cross
wiki_qa,transformer.encoder.block.8.layer.0.SelfAttention.k,49,,corr
wiki_qa,transformer.encoder.block.8.layer.0.SelfAttention.k,49,,drift
wiki_qa,transformer.encoder.block.8.layer.0.SelfAttention.k,49,,tot
wiki_qa,transformer.encoder.block.8.layer.0.SelfAttention.k,49,,$\delta_\text{gsc}$
wiki_qa,transformer.encoder.block.8.layer.0.SelfAttention.k,49,,$\delta_\text{ssc}$
wiki_qa,transformer.encoder.block.8.layer.0.SelfAttention.v,50,0.044724978506565094,cross
wiki_qa,transformer.encoder.block.8.layer.0.SelfAttention.v,50,0.040832094848155975,corr
wiki_qa,transformer.encoder.block.8.layer.0.SelfAttention.v,50,0.3080376386642456,drift
wiki_qa,transformer.encoder.block.8.layer.0.SelfAttention.v,50,0.3001806437969208,tot
wiki_qa,transformer.encoder.block.8.layer.0.SelfAttention.v,50,-0.0598275363445282,$\delta_\text{gsc}$
wiki_qa,transformer.encoder.block.8.layer.0.SelfAttention.v,50,-0.0335865318775177,$\delta_\text{ssc}$
wiki_qa,transformer.encoder.block.8.layer.0.SelfAttention.o,51,0.05792410671710968,cross
wiki_qa,transformer.encoder.block.8.layer.0.SelfAttention.o,51,0.04797787591814995,corr
wiki_qa,transformer.encoder.block.8.layer.0.SelfAttention.o,51,0.3233717381954193,drift
wiki_qa,transformer.encoder.block.8.layer.0.SelfAttention.o,51,0.3183726370334625,tot
wiki_qa,transformer.encoder.block.8.layer.0.SelfAttention.o,51,-0.07205033302307129,$\delta_\text{gsc}$
wiki_qa,transformer.encoder.block.8.layer.0.SelfAttention.o,51,-0.038850754499435425,$\delta_\text{ssc}$
wiki_qa,transformer.encoder.block.8.layer.1.DenseReluDense.wi,52,0.046687521040439606,cross
wiki_qa,transformer.encoder.block.8.layer.1.DenseReluDense.wi,52,0.054441001266241074,corr
wiki_qa,transformer.encoder.block.8.layer.1.DenseReluDense.wi,52,0.27519237995147705,drift
wiki_qa,transformer.encoder.block.8.layer.1.DenseReluDense.wi,52,0.26127633452415466,tot
wiki_qa,transformer.encoder.block.8.layer.1.DenseReluDense.wi,52,-0.06452834606170654,$\delta_\text{gsc}$
wiki_qa,transformer.encoder.block.8.layer.1.DenseReluDense.wi,52,-0.050516217947006226,$\delta_\text{ssc}$
wiki_qa,transformer.encoder.block.8.layer.1.DenseReluDense.wo,53,0.11935093998908997,cross
wiki_qa,transformer.encoder.block.8.layer.1.DenseReluDense.wo,53,0.10619834065437317,corr
wiki_qa,transformer.encoder.block.8.layer.1.DenseReluDense.wo,53,0.408963143825531,drift
wiki_qa,transformer.encoder.block.8.layer.1.DenseReluDense.wo,53,0.4058782756328583,tot
wiki_qa,transformer.encoder.block.8.layer.1.DenseReluDense.wo,53,-0.13007688522338867,$\delta_\text{gsc}$
wiki_qa,transformer.encoder.block.8.layer.1.DenseReluDense.wo,53,-0.09855726361274719,$\delta_\text{ssc}$
wiki_qa,transformer.encoder.block.9.layer.0.SelfAttention.q,54,,cross
wiki_qa,transformer.encoder.block.9.layer.0.SelfAttention.q,54,,corr
wiki_qa,transformer.encoder.block.9.layer.0.SelfAttention.q,54,,drift
wiki_qa,transformer.encoder.block.9.layer.0.SelfAttention.q,54,,tot
wiki_qa,transformer.encoder.block.9.layer.0.SelfAttention.q,54,,$\delta_\text{gsc}$
wiki_qa,transformer.encoder.block.9.layer.0.SelfAttention.q,54,,$\delta_\text{ssc}$
wiki_qa,transformer.encoder.block.9.layer.0.SelfAttention.k,55,,cross
wiki_qa,transformer.encoder.block.9.layer.0.SelfAttention.k,55,,corr
wiki_qa,transformer.encoder.block.9.layer.0.SelfAttention.k,55,,drift
wiki_qa,transformer.encoder.block.9.layer.0.SelfAttention.k,55,,tot
wiki_qa,transformer.encoder.block.9.layer.0.SelfAttention.k,55,,$\delta_\text{gsc}$
wiki_qa,transformer.encoder.block.9.layer.0.SelfAttention.k,55,,$\delta_\text{ssc}$
wiki_qa,transformer.encoder.block.9.layer.0.SelfAttention.v,56,0.04937560856342316,cross
wiki_qa,transformer.encoder.block.9.layer.0.SelfAttention.v,56,0.04358556866645813,corr
wiki_qa,transformer.encoder.block.9.layer.0.SelfAttention.v,56,0.31402093172073364,drift
wiki_qa,transformer.encoder.block.9.layer.0.SelfAttention.v,56,0.30779558420181274,tot
wiki_qa,transformer.encoder.block.9.layer.0.SelfAttention.v,56,-0.06328374147415161,$\delta_\text{gsc}$
wiki_qa,transformer.encoder.block.9.layer.0.SelfAttention.v,56,-0.03590276837348938,$\delta_\text{ssc}$
wiki_qa,transformer.encoder.block.9.layer.0.SelfAttention.o,57,0.10220616310834885,cross
wiki_qa,transformer.encoder.block.9.layer.0.SelfAttention.o,57,0.079135462641716,corr
wiki_qa,transformer.encoder.block.9.layer.0.SelfAttention.o,57,0.3222213089466095,drift
wiki_qa,transformer.encoder.block.9.layer.0.SelfAttention.o,57,0.31520184874534607,tot
wiki_qa,transformer.encoder.block.9.layer.0.SelfAttention.o,57,-0.12473306059837341,$\delta_\text{gsc}$
wiki_qa,transformer.encoder.block.9.layer.0.SelfAttention.o,57,-0.06362804770469666,$\delta_\text{ssc}$
wiki_qa,transformer.encoder.block.9.layer.1.DenseReluDense.wi,58,0.058252375572919846,cross
wiki_qa,transformer.encoder.block.9.layer.1.DenseReluDense.wi,58,0.04133284464478493,corr
wiki_qa,transformer.encoder.block.9.layer.1.DenseReluDense.wi,58,0.2911034822463989,drift
wiki_qa,transformer.encoder.block.9.layer.1.DenseReluDense.wi,58,0.27947449684143066,tot
wiki_qa,transformer.encoder.block.9.layer.1.DenseReluDense.wi,58,-0.0830337256193161,$\delta_\text{gsc}$
wiki_qa,transformer.encoder.block.9.layer.1.DenseReluDense.wi,58,-0.028180480003356934,$\delta_\text{ssc}$
wiki_qa,transformer.encoder.block.9.layer.1.DenseReluDense.wo,59,0.12230736762285233,cross
wiki_qa,transformer.encoder.block.9.layer.1.DenseReluDense.wo,59,0.08182711899280548,corr
wiki_qa,transformer.encoder.block.9.layer.1.DenseReluDense.wo,59,0.43591317534446716,drift
wiki_qa,transformer.encoder.block.9.layer.1.DenseReluDense.wo,59,0.43212997913360596,tot
wiki_qa,transformer.encoder.block.9.layer.1.DenseReluDense.wo,59,-0.12570446729660034,$\delta_\text{gsc}$
wiki_qa,transformer.encoder.block.9.layer.1.DenseReluDense.wo,59,-0.08221319317817688,$\delta_\text{ssc}$
wiki_qa,transformer.encoder.block.10.layer.0.SelfAttention.q,60,,cross
wiki_qa,transformer.encoder.block.10.layer.0.SelfAttention.q,60,,corr
wiki_qa,transformer.encoder.block.10.layer.0.SelfAttention.q,60,,drift
wiki_qa,transformer.encoder.block.10.layer.0.SelfAttention.q,60,,tot
wiki_qa,transformer.encoder.block.10.layer.0.SelfAttention.q,60,,$\delta_\text{gsc}$
wiki_qa,transformer.encoder.block.10.layer.0.SelfAttention.q,60,,$\delta_\text{ssc}$
wiki_qa,transformer.encoder.block.10.layer.0.SelfAttention.k,61,,cross
wiki_qa,transformer.encoder.block.10.layer.0.SelfAttention.k,61,,corr
wiki_qa,transformer.encoder.block.10.layer.0.SelfAttention.k,61,,drift
wiki_qa,transformer.encoder.block.10.layer.0.SelfAttention.k,61,,tot
wiki_qa,transformer.encoder.block.10.layer.0.SelfAttention.k,61,,$\delta_\text{gsc}$
wiki_qa,transformer.encoder.block.10.layer.0.SelfAttention.k,61,,$\delta_\text{ssc}$
wiki_qa,transformer.encoder.block.10.layer.0.SelfAttention.v,62,0.035324182361364365,cross
wiki_qa,transformer.encoder.block.10.layer.0.SelfAttention.v,62,0.02429993636906147,corr
wiki_qa,transformer.encoder.block.10.layer.0.SelfAttention.v,62,0.3289806544780731,drift
wiki_qa,transformer.encoder.block.10.layer.0.SelfAttention.v,62,0.3257721960544586,tot
wiki_qa,transformer.encoder.block.10.layer.0.SelfAttention.v,62,-0.04500389099121094,$\delta_\text{gsc}$
wiki_qa,transformer.encoder.block.10.layer.0.SelfAttention.v,62,-0.017828702926635742,$\delta_\text{ssc}$
wiki_qa,transformer.encoder.block.10.layer.0.SelfAttention.o,63,0.058861929923295975,cross
wiki_qa,transformer.encoder.block.10.layer.0.SelfAttention.o,63,0.02306690439581871,corr
wiki_qa,transformer.encoder.block.10.layer.0.SelfAttention.o,63,0.33663156628608704,drift
wiki_qa,transformer.encoder.block.10.layer.0.SelfAttention.o,63,0.332477331161499,tot
wiki_qa,transformer.encoder.block.10.layer.0.SelfAttention.o,63,-0.0698511004447937,$\delta_\text{gsc}$
wiki_qa,transformer.encoder.block.10.layer.0.SelfAttention.o,63,-0.01623198390007019,$\delta_\text{ssc}$
wiki_qa,transformer.encoder.block.10.layer.1.DenseReluDense.wi,64,0.08016826957464218,cross
wiki_qa,transformer.encoder.block.10.layer.1.DenseReluDense.wi,64,0.048632748425006866,corr
wiki_qa,transformer.encoder.block.10.layer.1.DenseReluDense.wi,64,0.3131627142429352,drift
wiki_qa,transformer.encoder.block.10.layer.1.DenseReluDense.wi,64,0.30429044365882874,tot
wiki_qa,transformer.encoder.block.10.layer.1.DenseReluDense.wi,64,-0.10722711682319641,$\delta_\text{gsc}$
wiki_qa,transformer.encoder.block.10.layer.1.DenseReluDense.wi,64,-0.030446171760559082,$\delta_\text{ssc}$
wiki_qa,transformer.encoder.block.10.layer.1.DenseReluDense.wo,65,0.13229402899742126,cross
wiki_qa,transformer.encoder.block.10.layer.1.DenseReluDense.wo,65,0.07448315620422363,corr
wiki_qa,transformer.encoder.block.10.layer.1.DenseReluDense.wo,65,0.38976556062698364,drift
wiki_qa,transformer.encoder.block.10.layer.1.DenseReluDense.wo,65,0.37343907356262207,tot
wiki_qa,transformer.encoder.block.10.layer.1.DenseReluDense.wo,65,-0.14743587374687195,$\delta_\text{gsc}$
wiki_qa,transformer.encoder.block.10.layer.1.DenseReluDense.wo,65,-0.07566779851913452,$\delta_\text{ssc}$
wiki_qa,transformer.encoder.block.11.layer.0.SelfAttention.q,66,,cross
wiki_qa,transformer.encoder.block.11.layer.0.SelfAttention.q,66,,corr
wiki_qa,transformer.encoder.block.11.layer.0.SelfAttention.q,66,,drift
wiki_qa,transformer.encoder.block.11.layer.0.SelfAttention.q,66,,tot
wiki_qa,transformer.encoder.block.11.layer.0.SelfAttention.q,66,,$\delta_\text{gsc}$
wiki_qa,transformer.encoder.block.11.layer.0.SelfAttention.q,66,,$\delta_\text{ssc}$
wiki_qa,transformer.encoder.block.11.layer.0.SelfAttention.k,67,,cross
wiki_qa,transformer.encoder.block.11.layer.0.SelfAttention.k,67,,corr
wiki_qa,transformer.encoder.block.11.layer.0.SelfAttention.k,67,,drift
wiki_qa,transformer.encoder.block.11.layer.0.SelfAttention.k,67,,tot
wiki_qa,transformer.encoder.block.11.layer.0.SelfAttention.k,67,,$\delta_\text{gsc}$
wiki_qa,transformer.encoder.block.11.layer.0.SelfAttention.k,67,,$\delta_\text{ssc}$
wiki_qa,transformer.encoder.block.11.layer.0.SelfAttention.v,68,0.039439111948013306,cross
wiki_qa,transformer.encoder.block.11.layer.0.SelfAttention.v,68,0.023858346045017242,corr
wiki_qa,transformer.encoder.block.11.layer.0.SelfAttention.v,68,0.33394137024879456,drift
wiki_qa,transformer.encoder.block.11.layer.0.SelfAttention.v,68,0.3296930193901062,tot
wiki_qa,transformer.encoder.block.11.layer.0.SelfAttention.v,68,-0.05012813210487366,$\delta_\text{gsc}$
wiki_qa,transformer.encoder.block.11.layer.0.SelfAttention.v,68,-0.01741766929626465,$\delta_\text{ssc}$
wiki_qa,transformer.encoder.block.11.layer.0.SelfAttention.o,69,0.04768676683306694,cross
wiki_qa,transformer.encoder.block.11.layer.0.SelfAttention.o,69,0.021849622949957848,corr
wiki_qa,transformer.encoder.block.11.layer.0.SelfAttention.o,69,0.32523074746131897,drift
wiki_qa,transformer.encoder.block.11.layer.0.SelfAttention.o,69,0.3233516216278076,tot
wiki_qa,transformer.encoder.block.11.layer.0.SelfAttention.o,69,-0.056910544633865356,$\delta_\text{gsc}$
wiki_qa,transformer.encoder.block.11.layer.0.SelfAttention.o,69,-0.014504969120025635,$\delta_\text{ssc}$
wiki_qa,transformer.encoder.block.11.layer.1.DenseReluDense.wi,70,0.09814759343862534,cross
wiki_qa,transformer.encoder.block.11.layer.1.DenseReluDense.wi,70,0.060190699994564056,corr
wiki_qa,transformer.encoder.block.11.layer.1.DenseReluDense.wi,70,0.3327091336250305,drift
wiki_qa,transformer.encoder.block.11.layer.1.DenseReluDense.wi,70,0.32523155212402344,tot
wiki_qa,transformer.encoder.block.11.layer.1.DenseReluDense.wi,70,-0.12339696288108826,$\delta_\text{gsc}$
wiki_qa,transformer.encoder.block.11.layer.1.DenseReluDense.wi,70,-0.04241892695426941,$\delta_\text{ssc}$
wiki_qa,transformer.encoder.block.11.layer.1.DenseReluDense.wo,71,0.1551288366317749,cross
wiki_qa,transformer.encoder.block.11.layer.1.DenseReluDense.wo,71,0.03558924421668053,corr
wiki_qa,transformer.encoder.block.11.layer.1.DenseReluDense.wo,71,0.49535858631134033,drift
wiki_qa,transformer.encoder.block.11.layer.1.DenseReluDense.wo,71,0.4652862548828125,tot
wiki_qa,transformer.encoder.block.11.layer.1.DenseReluDense.wo,71,-0.18131932616233826,$\delta_\text{gsc}$
wiki_qa,transformer.encoder.block.11.layer.1.DenseReluDense.wo,71,-0.0394710898399353,$\delta_\text{ssc}$
wiki_qa,transformer.decoder.block.0.layer.0.SelfAttention.q,72,,cross
wiki_qa,transformer.decoder.block.0.layer.0.SelfAttention.q,72,,corr
wiki_qa,transformer.decoder.block.0.layer.0.SelfAttention.q,72,,drift
wiki_qa,transformer.decoder.block.0.layer.0.SelfAttention.q,72,,tot
wiki_qa,transformer.decoder.block.0.layer.0.SelfAttention.q,72,,$\delta_\text{gsc}$
wiki_qa,transformer.decoder.block.0.layer.0.SelfAttention.q,72,,$\delta_\text{ssc}$
wiki_qa,transformer.decoder.block.0.layer.0.SelfAttention.k,73,,cross
wiki_qa,transformer.decoder.block.0.layer.0.SelfAttention.k,73,,corr
wiki_qa,transformer.decoder.block.0.layer.0.SelfAttention.k,73,,drift
wiki_qa,transformer.decoder.block.0.layer.0.SelfAttention.k,73,,tot
wiki_qa,transformer.decoder.block.0.layer.0.SelfAttention.k,73,,$\delta_\text{gsc}$
wiki_qa,transformer.decoder.block.0.layer.0.SelfAttention.k,73,,$\delta_\text{ssc}$
wiki_qa,transformer.decoder.block.0.layer.0.SelfAttention.v,74,0.03604898229241371,cross
wiki_qa,transformer.decoder.block.0.layer.0.SelfAttention.v,74,0.017643481492996216,corr
wiki_qa,transformer.decoder.block.0.layer.0.SelfAttention.v,74,0.02381904050707817,drift
wiki_qa,transformer.decoder.block.0.layer.0.SelfAttention.v,74,0.013127191923558712,tot
wiki_qa,transformer.decoder.block.0.layer.0.SelfAttention.v,74,-0.058890268206596375,$\delta_\text{gsc}$
wiki_qa,transformer.decoder.block.0.layer.0.SelfAttention.v,74,-0.005494043231010437,$\delta_\text{ssc}$
wiki_qa,transformer.decoder.block.0.layer.0.SelfAttention.o,75,0.016724716871976852,cross
wiki_qa,transformer.decoder.block.0.layer.0.SelfAttention.o,75,0.01584123820066452,corr
wiki_qa,transformer.decoder.block.0.layer.0.SelfAttention.o,75,0.03113463893532753,drift
wiki_qa,transformer.decoder.block.0.layer.0.SelfAttention.o,75,0.02785986103117466,tot
wiki_qa,transformer.decoder.block.0.layer.0.SelfAttention.o,75,-0.02462729997932911,$\delta_\text{gsc}$
wiki_qa,transformer.decoder.block.0.layer.0.SelfAttention.o,75,-0.011213432997465134,$\delta_\text{ssc}$
wiki_qa,transformer.decoder.block.0.layer.1.EncDecAttention.q,76,,cross
wiki_qa,transformer.decoder.block.0.layer.1.EncDecAttention.q,76,,corr
wiki_qa,transformer.decoder.block.0.layer.1.EncDecAttention.q,76,,drift
wiki_qa,transformer.decoder.block.0.layer.1.EncDecAttention.q,76,,tot
wiki_qa,transformer.decoder.block.0.layer.1.EncDecAttention.q,76,,$\delta_\text{gsc}$
wiki_qa,transformer.decoder.block.0.layer.1.EncDecAttention.q,76,,$\delta_\text{ssc}$
wiki_qa,transformer.decoder.block.0.layer.1.EncDecAttention.k,77,,cross
wiki_qa,transformer.decoder.block.0.layer.1.EncDecAttention.k,77,,corr
wiki_qa,transformer.decoder.block.0.layer.1.EncDecAttention.k,77,,drift
wiki_qa,transformer.decoder.block.0.layer.1.EncDecAttention.k,77,,tot
wiki_qa,transformer.decoder.block.0.layer.1.EncDecAttention.k,77,,$\delta_\text{gsc}$
wiki_qa,transformer.decoder.block.0.layer.1.EncDecAttention.k,77,,$\delta_\text{ssc}$
wiki_qa,transformer.decoder.block.0.layer.1.EncDecAttention.v,78,0.2717934250831604,cross
wiki_qa,transformer.decoder.block.0.layer.1.EncDecAttention.v,78,0.37312600016593933,corr
wiki_qa,transformer.decoder.block.0.layer.1.EncDecAttention.v,78,0.3351569175720215,drift
wiki_qa,transformer.decoder.block.0.layer.1.EncDecAttention.v,78,0.3685539662837982,tot
wiki_qa,transformer.decoder.block.0.layer.1.EncDecAttention.v,78,-0.3517545163631439,$\delta_\text{gsc}$
wiki_qa,transformer.decoder.block.0.layer.1.EncDecAttention.v,78,-0.2597678601741791,$\delta_\text{ssc}$
wiki_qa,transformer.decoder.block.0.layer.1.EncDecAttention.o,79,0.21043212711811066,cross
wiki_qa,transformer.decoder.block.0.layer.1.EncDecAttention.o,79,0.24702104926109314,corr
wiki_qa,transformer.decoder.block.0.layer.1.EncDecAttention.o,79,0.32182255387306213,drift
wiki_qa,transformer.decoder.block.0.layer.1.EncDecAttention.o,79,0.33573493361473083,tot
wiki_qa,transformer.decoder.block.0.layer.1.EncDecAttention.o,79,-0.26532047986984253,$\delta_\text{gsc}$
wiki_qa,transformer.decoder.block.0.layer.1.EncDecAttention.o,79,-0.17822030186653137,$\delta_\text{ssc}$
wiki_qa,transformer.decoder.block.0.layer.2.DenseReluDense.wi,80,0.027110319584608078,cross
wiki_qa,transformer.decoder.block.0.layer.2.DenseReluDense.wi,80,0.13919073343276978,corr
wiki_qa,transformer.decoder.block.0.layer.2.DenseReluDense.wi,80,0.1995907574892044,drift
wiki_qa,transformer.decoder.block.0.layer.2.DenseReluDense.wi,80,0.26190441846847534,tot
wiki_qa,transformer.decoder.block.0.layer.2.DenseReluDense.wi,80,-0.03892002999782562,$\delta_\text{gsc}$
wiki_qa,transformer.decoder.block.0.layer.2.DenseReluDense.wi,80,-0.0650673657655716,$\delta_\text{ssc}$
wiki_qa,transformer.decoder.block.0.layer.2.DenseReluDense.wo,81,0.04142856225371361,cross
wiki_qa,transformer.decoder.block.0.layer.2.DenseReluDense.wo,81,0.07845514267683029,corr
wiki_qa,transformer.decoder.block.0.layer.2.DenseReluDense.wo,81,0.39861130714416504,drift
wiki_qa,transformer.decoder.block.0.layer.2.DenseReluDense.wo,81,0.42742568254470825,tot
wiki_qa,transformer.decoder.block.0.layer.2.DenseReluDense.wo,81,-0.04828956723213196,$\delta_\text{gsc}$
wiki_qa,transformer.decoder.block.0.layer.2.DenseReluDense.wo,81,-0.042779773473739624,$\delta_\text{ssc}$
wiki_qa,transformer.decoder.block.1.layer.0.SelfAttention.q,82,,cross
wiki_qa,transformer.decoder.block.1.layer.0.SelfAttention.q,82,,corr
wiki_qa,transformer.decoder.block.1.layer.0.SelfAttention.q,82,,drift
wiki_qa,transformer.decoder.block.1.layer.0.SelfAttention.q,82,,tot
wiki_qa,transformer.decoder.block.1.layer.0.SelfAttention.q,82,,$\delta_\text{gsc}$
wiki_qa,transformer.decoder.block.1.layer.0.SelfAttention.q,82,,$\delta_\text{ssc}$
wiki_qa,transformer.decoder.block.1.layer.0.SelfAttention.k,83,,cross
wiki_qa,transformer.decoder.block.1.layer.0.SelfAttention.k,83,,corr
wiki_qa,transformer.decoder.block.1.layer.0.SelfAttention.k,83,,drift
wiki_qa,transformer.decoder.block.1.layer.0.SelfAttention.k,83,,tot
wiki_qa,transformer.decoder.block.1.layer.0.SelfAttention.k,83,,$\delta_\text{gsc}$
wiki_qa,transformer.decoder.block.1.layer.0.SelfAttention.k,83,,$\delta_\text{ssc}$
wiki_qa,transformer.decoder.block.1.layer.0.SelfAttention.v,84,0.06793395429849625,cross
wiki_qa,transformer.decoder.block.1.layer.0.SelfAttention.v,84,0.1450936198234558,corr
wiki_qa,transformer.decoder.block.1.layer.0.SelfAttention.v,84,0.3399919271469116,drift
wiki_qa,transformer.decoder.block.1.layer.0.SelfAttention.v,84,0.39869627356529236,tot
wiki_qa,transformer.decoder.block.1.layer.0.SelfAttention.v,84,-0.1006338894367218,$\delta_\text{gsc}$
wiki_qa,transformer.decoder.block.1.layer.0.SelfAttention.v,84,-0.05368933081626892,$\delta_\text{ssc}$
wiki_qa,transformer.decoder.block.1.layer.0.SelfAttention.o,85,0.1055070236325264,cross
wiki_qa,transformer.decoder.block.1.layer.0.SelfAttention.o,85,0.20958419144153595,corr
wiki_qa,transformer.decoder.block.1.layer.0.SelfAttention.o,85,0.30376267433166504,drift
wiki_qa,transformer.decoder.block.1.layer.0.SelfAttention.o,85,0.3858110308647156,tot
wiki_qa,transformer.decoder.block.1.layer.0.SelfAttention.o,85,-0.1512773334980011,$\delta_\text{gsc}$
wiki_qa,transformer.decoder.block.1.layer.0.SelfAttention.o,85,-0.08176551759243011,$\delta_\text{ssc}$
wiki_qa,transformer.decoder.block.1.layer.1.EncDecAttention.q,86,,cross
wiki_qa,transformer.decoder.block.1.layer.1.EncDecAttention.q,86,,corr
wiki_qa,transformer.decoder.block.1.layer.1.EncDecAttention.q,86,,drift
wiki_qa,transformer.decoder.block.1.layer.1.EncDecAttention.q,86,,tot
wiki_qa,transformer.decoder.block.1.layer.1.EncDecAttention.q,86,,$\delta_\text{gsc}$
wiki_qa,transformer.decoder.block.1.layer.1.EncDecAttention.q,86,,$\delta_\text{ssc}$
wiki_qa,transformer.decoder.block.1.layer.1.EncDecAttention.k,87,,cross
wiki_qa,transformer.decoder.block.1.layer.1.EncDecAttention.k,87,,corr
wiki_qa,transformer.decoder.block.1.layer.1.EncDecAttention.k,87,,drift
wiki_qa,transformer.decoder.block.1.layer.1.EncDecAttention.k,87,,tot
wiki_qa,transformer.decoder.block.1.layer.1.EncDecAttention.k,87,,$\delta_\text{gsc}$
wiki_qa,transformer.decoder.block.1.layer.1.EncDecAttention.k,87,,$\delta_\text{ssc}$
wiki_qa,transformer.decoder.block.1.layer.1.EncDecAttention.v,88,0.25973162055015564,cross
wiki_qa,transformer.decoder.block.1.layer.1.EncDecAttention.v,88,0.3196296691894531,corr
wiki_qa,transformer.decoder.block.1.layer.1.EncDecAttention.v,88,0.3370317220687866,drift
wiki_qa,transformer.decoder.block.1.layer.1.EncDecAttention.v,88,0.3529680073261261,tot
wiki_qa,transformer.decoder.block.1.layer.1.EncDecAttention.v,88,-0.3340199291706085,$\delta_\text{gsc}$
wiki_qa,transformer.decoder.block.1.layer.1.EncDecAttention.v,88,-0.22940507531166077,$\delta_\text{ssc}$
wiki_qa,transformer.decoder.block.1.layer.1.EncDecAttention.o,89,0.16155456006526947,cross
wiki_qa,transformer.decoder.block.1.layer.1.EncDecAttention.o,89,0.15534290671348572,corr
wiki_qa,transformer.decoder.block.1.layer.1.EncDecAttention.o,89,0.31903064250946045,drift
wiki_qa,transformer.decoder.block.1.layer.1.EncDecAttention.o,89,0.3234724700450897,tot
wiki_qa,transformer.decoder.block.1.layer.1.EncDecAttention.o,89,-0.19803638756275177,$\delta_\text{gsc}$
wiki_qa,transformer.decoder.block.1.layer.1.EncDecAttention.o,89,-0.11441925168037415,$\delta_\text{ssc}$
wiki_qa,transformer.decoder.block.1.layer.2.DenseReluDense.wi,90,0.032889626920223236,cross
wiki_qa,transformer.decoder.block.1.layer.2.DenseReluDense.wi,90,0.11686506122350693,corr
wiki_qa,transformer.decoder.block.1.layer.2.DenseReluDense.wi,90,0.332806259393692,drift
wiki_qa,transformer.decoder.block.1.layer.2.DenseReluDense.wi,90,0.3924085199832916,tot
wiki_qa,transformer.decoder.block.1.layer.2.DenseReluDense.wi,90,-0.04470175504684448,$\delta_\text{gsc}$
wiki_qa,transformer.decoder.block.1.layer.2.DenseReluDense.wi,90,-0.045450687408447266,$\delta_\text{ssc}$
wiki_qa,transformer.decoder.block.1.layer.2.DenseReluDense.wo,91,0.07125537842512131,cross
wiki_qa,transformer.decoder.block.1.layer.2.DenseReluDense.wo,91,0.06327804177999496,corr
wiki_qa,transformer.decoder.block.1.layer.2.DenseReluDense.wo,91,0.4320020079612732,drift
wiki_qa,transformer.decoder.block.1.layer.2.DenseReluDense.wo,91,0.4371326267719269,tot
wiki_qa,transformer.decoder.block.1.layer.2.DenseReluDense.wo,91,-0.07118973135948181,$\delta_\text{gsc}$
wiki_qa,transformer.decoder.block.1.layer.2.DenseReluDense.wo,91,-0.05821308493614197,$\delta_\text{ssc}$
wiki_qa,transformer.decoder.block.2.layer.0.SelfAttention.q,92,,cross
wiki_qa,transformer.decoder.block.2.layer.0.SelfAttention.q,92,,corr
wiki_qa,transformer.decoder.block.2.layer.0.SelfAttention.q,92,,drift
wiki_qa,transformer.decoder.block.2.layer.0.SelfAttention.q,92,,tot
wiki_qa,transformer.decoder.block.2.layer.0.SelfAttention.q,92,,$\delta_\text{gsc}$
wiki_qa,transformer.decoder.block.2.layer.0.SelfAttention.q,92,,$\delta_\text{ssc}$
wiki_qa,transformer.decoder.block.2.layer.0.SelfAttention.k,93,,cross
wiki_qa,transformer.decoder.block.2.layer.0.SelfAttention.k,93,,corr
wiki_qa,transformer.decoder.block.2.layer.0.SelfAttention.k,93,,drift
wiki_qa,transformer.decoder.block.2.layer.0.SelfAttention.k,93,,tot
wiki_qa,transformer.decoder.block.2.layer.0.SelfAttention.k,93,,$\delta_\text{gsc}$
wiki_qa,transformer.decoder.block.2.layer.0.SelfAttention.k,93,,$\delta_\text{ssc}$
wiki_qa,transformer.decoder.block.2.layer.0.SelfAttention.v,94,0.03761909902095795,cross
wiki_qa,transformer.decoder.block.2.layer.0.SelfAttention.v,94,0.0881543830037117,corr
wiki_qa,transformer.decoder.block.2.layer.0.SelfAttention.v,94,0.41068005561828613,drift
wiki_qa,transformer.decoder.block.2.layer.0.SelfAttention.v,94,0.4414183795452118,tot
wiki_qa,transformer.decoder.block.2.layer.0.SelfAttention.v,94,-0.051887571811676025,$\delta_\text{gsc}$
wiki_qa,transformer.decoder.block.2.layer.0.SelfAttention.v,94,-0.04314756393432617,$\delta_\text{ssc}$
wiki_qa,transformer.decoder.block.2.layer.0.SelfAttention.o,95,0.12689809501171112,cross
wiki_qa,transformer.decoder.block.2.layer.0.SelfAttention.o,95,0.2762349545955658,corr
wiki_qa,transformer.decoder.block.2.layer.0.SelfAttention.o,95,0.32756945490837097,drift
wiki_qa,transformer.decoder.block.2.layer.0.SelfAttention.o,95,0.4495390057563782,tot
wiki_qa,transformer.decoder.block.2.layer.0.SelfAttention.o,95,-0.15126705169677734,$\delta_\text{gsc}$
wiki_qa,transformer.decoder.block.2.layer.0.SelfAttention.o,95,-0.12989646196365356,$\delta_\text{ssc}$
wiki_qa,transformer.decoder.block.2.layer.1.EncDecAttention.q,96,,cross
wiki_qa,transformer.decoder.block.2.layer.1.EncDecAttention.q,96,,corr
wiki_qa,transformer.decoder.block.2.layer.1.EncDecAttention.q,96,,drift
wiki_qa,transformer.decoder.block.2.layer.1.EncDecAttention.q,96,,tot
wiki_qa,transformer.decoder.block.2.layer.1.EncDecAttention.q,96,,$\delta_\text{gsc}$
wiki_qa,transformer.decoder.block.2.layer.1.EncDecAttention.q,96,,$\delta_\text{ssc}$
wiki_qa,transformer.decoder.block.2.layer.1.EncDecAttention.k,97,,cross
wiki_qa,transformer.decoder.block.2.layer.1.EncDecAttention.k,97,,corr
wiki_qa,transformer.decoder.block.2.layer.1.EncDecAttention.k,97,,drift
wiki_qa,transformer.decoder.block.2.layer.1.EncDecAttention.k,97,,tot
wiki_qa,transformer.decoder.block.2.layer.1.EncDecAttention.k,97,,$\delta_\text{gsc}$
wiki_qa,transformer.decoder.block.2.layer.1.EncDecAttention.k,97,,$\delta_\text{ssc}$
wiki_qa,transformer.decoder.block.2.layer.1.EncDecAttention.v,98,0.2644566595554352,cross
wiki_qa,transformer.decoder.block.2.layer.1.EncDecAttention.v,98,0.34730076789855957,corr
wiki_qa,transformer.decoder.block.2.layer.1.EncDecAttention.v,98,0.3336540162563324,drift
wiki_qa,transformer.decoder.block.2.layer.1.EncDecAttention.v,98,0.35334253311157227,tot
wiki_qa,transformer.decoder.block.2.layer.1.EncDecAttention.v,98,-0.3493463397026062,$\delta_\text{gsc}$
wiki_qa,transformer.decoder.block.2.layer.1.EncDecAttention.v,98,-0.24272257089614868,$\delta_\text{ssc}$
wiki_qa,transformer.decoder.block.2.layer.1.EncDecAttention.o,99,0.15997359156608582,cross
wiki_qa,transformer.decoder.block.2.layer.1.EncDecAttention.o,99,0.18920132517814636,corr
wiki_qa,transformer.decoder.block.2.layer.1.EncDecAttention.o,99,0.3295702338218689,drift
wiki_qa,transformer.decoder.block.2.layer.1.EncDecAttention.o,99,0.34379303455352783,tot
wiki_qa,transformer.decoder.block.2.layer.1.EncDecAttention.o,99,-0.19551855325698853,$\delta_\text{gsc}$
wiki_qa,transformer.decoder.block.2.layer.1.EncDecAttention.o,99,-0.13943356275558472,$\delta_\text{ssc}$
wiki_qa,transformer.decoder.block.2.layer.2.DenseReluDense.wi,100,0.01684422791004181,cross
wiki_qa,transformer.decoder.block.2.layer.2.DenseReluDense.wi,100,0.069495789706707,corr
wiki_qa,transformer.decoder.block.2.layer.2.DenseReluDense.wi,100,0.38184356689453125,drift
wiki_qa,transformer.decoder.block.2.layer.2.DenseReluDense.wi,100,0.41320621967315674,tot
wiki_qa,transformer.decoder.block.2.layer.2.DenseReluDense.wi,100,-0.0227605402469635,$\delta_\text{gsc}$
wiki_qa,transformer.decoder.block.2.layer.2.DenseReluDense.wi,100,-0.032216817140579224,$\delta_\text{ssc}$
wiki_qa,transformer.decoder.block.2.layer.2.DenseReluDense.wo,101,0.06596830487251282,cross
wiki_qa,transformer.decoder.block.2.layer.2.DenseReluDense.wo,101,0.08669180423021317,corr
wiki_qa,transformer.decoder.block.2.layer.2.DenseReluDense.wo,101,0.49999430775642395,drift
wiki_qa,transformer.decoder.block.2.layer.2.DenseReluDense.wo,101,0.4999995529651642,tot
wiki_qa,transformer.decoder.block.2.layer.2.DenseReluDense.wo,101,-0.06596800684928894,$\delta_\text{gsc}$
wiki_qa,transformer.decoder.block.2.layer.2.DenseReluDense.wo,101,-0.08668684959411621,$\delta_\text{ssc}$
wiki_qa,transformer.decoder.block.3.layer.0.SelfAttention.q,102,,cross
wiki_qa,transformer.decoder.block.3.layer.0.SelfAttention.q,102,,corr
wiki_qa,transformer.decoder.block.3.layer.0.SelfAttention.q,102,,drift
wiki_qa,transformer.decoder.block.3.layer.0.SelfAttention.q,102,,tot
wiki_qa,transformer.decoder.block.3.layer.0.SelfAttention.q,102,,$\delta_\text{gsc}$
wiki_qa,transformer.decoder.block.3.layer.0.SelfAttention.q,102,,$\delta_\text{ssc}$
wiki_qa,transformer.decoder.block.3.layer.0.SelfAttention.k,103,,cross
wiki_qa,transformer.decoder.block.3.layer.0.SelfAttention.k,103,,corr
wiki_qa,transformer.decoder.block.3.layer.0.SelfAttention.k,103,,drift
wiki_qa,transformer.decoder.block.3.layer.0.SelfAttention.k,103,,tot
wiki_qa,transformer.decoder.block.3.layer.0.SelfAttention.k,103,,$\delta_\text{gsc}$
wiki_qa,transformer.decoder.block.3.layer.0.SelfAttention.k,103,,$\delta_\text{ssc}$
wiki_qa,transformer.decoder.block.3.layer.0.SelfAttention.v,104,0.03551860898733139,cross
wiki_qa,transformer.decoder.block.3.layer.0.SelfAttention.v,104,0.079876609146595,corr
wiki_qa,transformer.decoder.block.3.layer.0.SelfAttention.v,104,0.4483198821544647,drift
wiki_qa,transformer.decoder.block.3.layer.0.SelfAttention.v,104,0.469779908657074,tot
wiki_qa,transformer.decoder.block.3.layer.0.SelfAttention.v,104,-0.04468300938606262,$\delta_\text{gsc}$
wiki_qa,transformer.decoder.block.3.layer.0.SelfAttention.v,104,-0.04925218224525452,$\delta_\text{ssc}$
wiki_qa,transformer.decoder.block.3.layer.0.SelfAttention.o,105,0.10858903080224991,cross
wiki_qa,transformer.decoder.block.3.layer.0.SelfAttention.o,105,0.22813574969768524,corr
wiki_qa,transformer.decoder.block.3.layer.0.SelfAttention.o,105,0.370857834815979,drift
wiki_qa,transformer.decoder.block.3.layer.0.SelfAttention.o,105,0.46879225969314575,tot
wiki_qa,transformer.decoder.block.3.layer.0.SelfAttention.o,105,-0.12163946032524109,$\delta_\text{gsc}$
wiki_qa,transformer.decoder.block.3.layer.0.SelfAttention.o,105,-0.11715090274810791,$\delta_\text{ssc}$
wiki_qa,transformer.decoder.block.3.layer.1.EncDecAttention.q,106,,cross
wiki_qa,transformer.decoder.block.3.layer.1.EncDecAttention.q,106,,corr
wiki_qa,transformer.decoder.block.3.layer.1.EncDecAttention.q,106,,drift
wiki_qa,transformer.decoder.block.3.layer.1.EncDecAttention.q,106,,tot
wiki_qa,transformer.decoder.block.3.layer.1.EncDecAttention.q,106,,$\delta_\text{gsc}$
wiki_qa,transformer.decoder.block.3.layer.1.EncDecAttention.q,106,,$\delta_\text{ssc}$
wiki_qa,transformer.decoder.block.3.layer.1.EncDecAttention.k,107,,cross
wiki_qa,transformer.decoder.block.3.layer.1.EncDecAttention.k,107,,corr
wiki_qa,transformer.decoder.block.3.layer.1.EncDecAttention.k,107,,drift
wiki_qa,transformer.decoder.block.3.layer.1.EncDecAttention.k,107,,tot
wiki_qa,transformer.decoder.block.3.layer.1.EncDecAttention.k,107,,$\delta_\text{gsc}$
wiki_qa,transformer.decoder.block.3.layer.1.EncDecAttention.k,107,,$\delta_\text{ssc}$
wiki_qa,transformer.decoder.block.3.layer.1.EncDecAttention.v,108,0.26460525393486023,cross
wiki_qa,transformer.decoder.block.3.layer.1.EncDecAttention.v,108,0.3548320233821869,corr
wiki_qa,transformer.decoder.block.3.layer.1.EncDecAttention.v,108,0.33479607105255127,drift
wiki_qa,transformer.decoder.block.3.layer.1.EncDecAttention.v,108,0.3549748361110687,tot
wiki_qa,transformer.decoder.block.3.layer.1.EncDecAttention.v,108,-0.35099056363105774,$\delta_\text{gsc}$
wiki_qa,transformer.decoder.block.3.layer.1.EncDecAttention.v,108,-0.24826794862747192,$\delta_\text{ssc}$
wiki_qa,transformer.decoder.block.3.layer.1.EncDecAttention.o,109,0.16451279819011688,cross
wiki_qa,transformer.decoder.block.3.layer.1.EncDecAttention.o,109,0.18262828886508942,corr
wiki_qa,transformer.decoder.block.3.layer.1.EncDecAttention.o,109,0.2966689169406891,drift
wiki_qa,transformer.decoder.block.3.layer.1.EncDecAttention.o,109,0.30942296981811523,tot
wiki_qa,transformer.decoder.block.3.layer.1.EncDecAttention.o,109,-0.2024843841791153,$\delta_\text{gsc}$
wiki_qa,transformer.decoder.block.3.layer.1.EncDecAttention.o,109,-0.13190264999866486,$\delta_\text{ssc}$
wiki_qa,transformer.decoder.block.3.layer.2.DenseReluDense.wi,110,0.013616901822388172,cross
wiki_qa,transformer.decoder.block.3.layer.2.DenseReluDense.wi,110,0.07174769788980484,corr
wiki_qa,transformer.decoder.block.3.layer.2.DenseReluDense.wi,110,0.4187326729297638,drift
wiki_qa,transformer.decoder.block.3.layer.2.DenseReluDense.wi,110,0.4463478922843933,tot
wiki_qa,transformer.decoder.block.3.layer.2.DenseReluDense.wi,110,-0.017878979444503784,$\delta_\text{gsc}$
wiki_qa,transformer.decoder.block.3.layer.2.DenseReluDense.wi,110,-0.039870381355285645,$\delta_\text{ssc}$
wiki_qa,transformer.decoder.block.3.layer.2.DenseReluDense.wo,111,0.15519335865974426,cross
wiki_qa,transformer.decoder.block.3.layer.2.DenseReluDense.wo,111,0.13316014409065247,corr
wiki_qa,transformer.decoder.block.3.layer.2.DenseReluDense.wo,111,0.4976924657821655,drift
wiki_qa,transformer.decoder.block.3.layer.2.DenseReluDense.wo,111,0.4981771409511566,tot
wiki_qa,transformer.decoder.block.3.layer.2.DenseReluDense.wo,111,-0.15610212087631226,$\delta_\text{gsc}$
wiki_qa,transformer.decoder.block.3.layer.2.DenseReluDense.wo,111,-0.13176670670509338,$\delta_\text{ssc}$
wiki_qa,transformer.decoder.block.4.layer.0.SelfAttention.q,112,,cross
wiki_qa,transformer.decoder.block.4.layer.0.SelfAttention.q,112,,corr
wiki_qa,transformer.decoder.block.4.layer.0.SelfAttention.q,112,,drift
wiki_qa,transformer.decoder.block.4.layer.0.SelfAttention.q,112,,tot
wiki_qa,transformer.decoder.block.4.layer.0.SelfAttention.q,112,,$\delta_\text{gsc}$
wiki_qa,transformer.decoder.block.4.layer.0.SelfAttention.q,112,,$\delta_\text{ssc}$
wiki_qa,transformer.decoder.block.4.layer.0.SelfAttention.k,113,,cross
wiki_qa,transformer.decoder.block.4.layer.0.SelfAttention.k,113,,corr
wiki_qa,transformer.decoder.block.4.layer.0.SelfAttention.k,113,,drift
wiki_qa,transformer.decoder.block.4.layer.0.SelfAttention.k,113,,tot
wiki_qa,transformer.decoder.block.4.layer.0.SelfAttention.k,113,,$\delta_\text{gsc}$
wiki_qa,transformer.decoder.block.4.layer.0.SelfAttention.k,113,,$\delta_\text{ssc}$
wiki_qa,transformer.decoder.block.4.layer.0.SelfAttention.v,114,0.04220676049590111,cross
wiki_qa,transformer.decoder.block.4.layer.0.SelfAttention.v,114,0.09633997082710266,corr
wiki_qa,transformer.decoder.block.4.layer.0.SelfAttention.v,114,0.4606987535953522,drift
wiki_qa,transformer.decoder.block.4.layer.0.SelfAttention.v,114,0.48379436135292053,tot
wiki_qa,transformer.decoder.block.4.layer.0.SelfAttention.v,114,-0.04940792918205261,$\delta_\text{gsc}$
wiki_qa,transformer.decoder.block.4.layer.0.SelfAttention.v,114,-0.0660431981086731,$\delta_\text{ssc}$
wiki_qa,transformer.decoder.block.4.layer.0.SelfAttention.o,115,0.13599823415279388,cross
wiki_qa,transformer.decoder.block.4.layer.0.SelfAttention.o,115,0.2619371712207794,corr
wiki_qa,transformer.decoder.block.4.layer.0.SelfAttention.o,115,0.3543580174446106,drift
wiki_qa,transformer.decoder.block.4.layer.0.SelfAttention.o,115,0.45550885796546936,tot
wiki_qa,transformer.decoder.block.4.layer.0.SelfAttention.o,115,-0.1560884714126587,$\delta_\text{gsc}$
wiki_qa,transformer.decoder.block.4.layer.0.SelfAttention.o,115,-0.14069607853889465,$\delta_\text{ssc}$
wiki_qa,transformer.decoder.block.4.layer.1.EncDecAttention.q,116,,cross
wiki_qa,transformer.decoder.block.4.layer.1.EncDecAttention.q,116,,corr
wiki_qa,transformer.decoder.block.4.layer.1.EncDecAttention.q,116,,drift
wiki_qa,transformer.decoder.block.4.layer.1.EncDecAttention.q,116,,tot
wiki_qa,transformer.decoder.block.4.layer.1.EncDecAttention.q,116,,$\delta_\text{gsc}$
wiki_qa,transformer.decoder.block.4.layer.1.EncDecAttention.q,116,,$\delta_\text{ssc}$
wiki_qa,transformer.decoder.block.4.layer.1.EncDecAttention.k,117,,cross
wiki_qa,transformer.decoder.block.4.layer.1.EncDecAttention.k,117,,corr
wiki_qa,transformer.decoder.block.4.layer.1.EncDecAttention.k,117,,drift
wiki_qa,transformer.decoder.block.4.layer.1.EncDecAttention.k,117,,tot
wiki_qa,transformer.decoder.block.4.layer.1.EncDecAttention.k,117,,$\delta_\text{gsc}$
wiki_qa,transformer.decoder.block.4.layer.1.EncDecAttention.k,117,,$\delta_\text{ssc}$
wiki_qa,transformer.decoder.block.4.layer.1.EncDecAttention.v,118,0.26429998874664307,cross
wiki_qa,transformer.decoder.block.4.layer.1.EncDecAttention.v,118,0.36046141386032104,corr
wiki_qa,transformer.decoder.block.4.layer.1.EncDecAttention.v,118,0.33556461334228516,drift
wiki_qa,transformer.decoder.block.4.layer.1.EncDecAttention.v,118,0.35981252789497375,tot
wiki_qa,transformer.decoder.block.4.layer.1.EncDecAttention.v,118,-0.34802931547164917,$\delta_\text{gsc}$
wiki_qa,transformer.decoder.block.4.layer.1.EncDecAttention.v,118,-0.25248417258262634,$\delta_\text{ssc}$
wiki_qa,transformer.decoder.block.4.layer.1.EncDecAttention.o,119,0.20515263080596924,cross
wiki_qa,transformer.decoder.block.4.layer.1.EncDecAttention.o,119,0.2398795187473297,corr
wiki_qa,transformer.decoder.block.4.layer.1.EncDecAttention.o,119,0.3034374713897705,drift
wiki_qa,transformer.decoder.block.4.layer.1.EncDecAttention.o,119,0.3192388117313385,tot
wiki_qa,transformer.decoder.block.4.layer.1.EncDecAttention.o,119,-0.25983259081840515,$\delta_\text{gsc}$
wiki_qa,transformer.decoder.block.4.layer.1.EncDecAttention.o,119,-0.1693982183933258,$\delta_\text{ssc}$
wiki_qa,transformer.decoder.block.4.layer.2.DenseReluDense.wi,120,0.01626056246459484,cross
wiki_qa,transformer.decoder.block.4.layer.2.DenseReluDense.wi,120,0.13530634343624115,corr
wiki_qa,transformer.decoder.block.4.layer.2.DenseReluDense.wi,120,0.42071694135665894,drift
wiki_qa,transformer.decoder.block.4.layer.2.DenseReluDense.wi,120,0.4732654392719269,tot
wiki_qa,transformer.decoder.block.4.layer.2.DenseReluDense.wi,120,-0.02084621787071228,$\delta_\text{gsc}$
wiki_qa,transformer.decoder.block.4.layer.2.DenseReluDense.wi,120,-0.07817220687866211,$\delta_\text{ssc}$
wiki_qa,transformer.decoder.block.4.layer.2.DenseReluDense.wo,121,0.06354839354753494,cross
wiki_qa,transformer.decoder.block.4.layer.2.DenseReluDense.wo,121,0.15584315359592438,corr
wiki_qa,transformer.decoder.block.4.layer.2.DenseReluDense.wo,121,0.49412092566490173,drift
wiki_qa,transformer.decoder.block.4.layer.2.DenseReluDense.wo,121,0.49994081258773804,tot
wiki_qa,transformer.decoder.block.4.layer.2.DenseReluDense.wo,121,-0.06350922584533691,$\delta_\text{gsc}$
wiki_qa,transformer.decoder.block.4.layer.2.DenseReluDense.wo,121,-0.1500624120235443,$\delta_\text{ssc}$
wiki_qa,transformer.decoder.block.5.layer.0.SelfAttention.q,122,,cross
wiki_qa,transformer.decoder.block.5.layer.0.SelfAttention.q,122,,corr
wiki_qa,transformer.decoder.block.5.layer.0.SelfAttention.q,122,,drift
wiki_qa,transformer.decoder.block.5.layer.0.SelfAttention.q,122,,tot
wiki_qa,transformer.decoder.block.5.layer.0.SelfAttention.q,122,,$\delta_\text{gsc}$
wiki_qa,transformer.decoder.block.5.layer.0.SelfAttention.q,122,,$\delta_\text{ssc}$
wiki_qa,transformer.decoder.block.5.layer.0.SelfAttention.k,123,,cross
wiki_qa,transformer.decoder.block.5.layer.0.SelfAttention.k,123,,corr
wiki_qa,transformer.decoder.block.5.layer.0.SelfAttention.k,123,,drift
wiki_qa,transformer.decoder.block.5.layer.0.SelfAttention.k,123,,tot
wiki_qa,transformer.decoder.block.5.layer.0.SelfAttention.k,123,,$\delta_\text{gsc}$
wiki_qa,transformer.decoder.block.5.layer.0.SelfAttention.k,123,,$\delta_\text{ssc}$
wiki_qa,transformer.decoder.block.5.layer.0.SelfAttention.v,124,0.0769372284412384,cross
wiki_qa,transformer.decoder.block.5.layer.0.SelfAttention.v,124,0.16234157979488373,corr
wiki_qa,transformer.decoder.block.5.layer.0.SelfAttention.v,124,0.43824803829193115,drift
wiki_qa,transformer.decoder.block.5.layer.0.SelfAttention.v,124,0.4832618534564972,tot
wiki_qa,transformer.decoder.block.5.layer.0.SelfAttention.v,124,-0.08728185296058655,$\delta_\text{gsc}$
wiki_qa,transformer.decoder.block.5.layer.0.SelfAttention.v,124,-0.10698312520980835,$\delta_\text{ssc}$
wiki_qa,transformer.decoder.block.5.layer.0.SelfAttention.o,125,0.19410920143127441,cross
wiki_qa,transformer.decoder.block.5.layer.0.SelfAttention.o,125,0.29874154925346375,corr
wiki_qa,transformer.decoder.block.5.layer.0.SelfAttention.o,125,0.3094514012336731,drift
wiki_qa,transformer.decoder.block.5.layer.0.SelfAttention.o,125,0.427956223487854,tot
wiki_qa,transformer.decoder.block.5.layer.0.SelfAttention.o,125,-0.21395576000213623,$\delta_\text{gsc}$
wiki_qa,transformer.decoder.block.5.layer.0.SelfAttention.o,125,-0.16039016842842102,$\delta_\text{ssc}$
wiki_qa,transformer.decoder.block.5.layer.1.EncDecAttention.q,126,,cross
wiki_qa,transformer.decoder.block.5.layer.1.EncDecAttention.q,126,,corr
wiki_qa,transformer.decoder.block.5.layer.1.EncDecAttention.q,126,,drift
wiki_qa,transformer.decoder.block.5.layer.1.EncDecAttention.q,126,,tot
wiki_qa,transformer.decoder.block.5.layer.1.EncDecAttention.q,126,,$\delta_\text{gsc}$
wiki_qa,transformer.decoder.block.5.layer.1.EncDecAttention.q,126,,$\delta_\text{ssc}$
wiki_qa,transformer.decoder.block.5.layer.1.EncDecAttention.k,127,,cross
wiki_qa,transformer.decoder.block.5.layer.1.EncDecAttention.k,127,,corr
wiki_qa,transformer.decoder.block.5.layer.1.EncDecAttention.k,127,,drift
wiki_qa,transformer.decoder.block.5.layer.1.EncDecAttention.k,127,,tot
wiki_qa,transformer.decoder.block.5.layer.1.EncDecAttention.k,127,,$\delta_\text{gsc}$
wiki_qa,transformer.decoder.block.5.layer.1.EncDecAttention.k,127,,$\delta_\text{ssc}$
wiki_qa,transformer.decoder.block.5.layer.1.EncDecAttention.v,128,0.27674737572669983,cross
wiki_qa,transformer.decoder.block.5.layer.1.EncDecAttention.v,128,0.34208008646965027,corr
wiki_qa,transformer.decoder.block.5.layer.1.EncDecAttention.v,128,0.3350430130958557,drift
wiki_qa,transformer.decoder.block.5.layer.1.EncDecAttention.v,128,0.35224437713623047,tot
wiki_qa,transformer.decoder.block.5.layer.1.EncDecAttention.v,128,-0.36057767271995544,$\delta_\text{gsc}$
wiki_qa,transformer.decoder.block.5.layer.1.EncDecAttention.v,128,-0.2410484254360199,$\delta_\text{ssc}$
wiki_qa,transformer.decoder.block.5.layer.1.EncDecAttention.o,129,0.2325989156961441,cross
wiki_qa,transformer.decoder.block.5.layer.1.EncDecAttention.o,129,0.2881634831428528,corr
wiki_qa,transformer.decoder.block.5.layer.1.EncDecAttention.o,129,0.3192090392112732,drift
wiki_qa,transformer.decoder.block.5.layer.1.EncDecAttention.o,129,0.3414265811443329,tot
wiki_qa,transformer.decoder.block.5.layer.1.EncDecAttention.o,129,-0.29833370447158813,$\delta_\text{gsc}$
wiki_qa,transformer.decoder.block.5.layer.1.EncDecAttention.o,129,-0.20021113753318787,$\delta_\text{ssc}$
wiki_qa,transformer.decoder.block.5.layer.2.DenseReluDense.wi,130,0.020297827199101448,cross
wiki_qa,transformer.decoder.block.5.layer.2.DenseReluDense.wi,130,0.18952101469039917,corr
wiki_qa,transformer.decoder.block.5.layer.2.DenseReluDense.wi,130,0.41426923871040344,drift
wiki_qa,transformer.decoder.block.5.layer.2.DenseReluDense.wi,130,0.4876044690608978,tot
wiki_qa,transformer.decoder.block.5.layer.2.DenseReluDense.wi,130,-0.02391192317008972,$\delta_\text{gsc}$
wiki_qa,transformer.decoder.block.5.layer.2.DenseReluDense.wi,130,-0.11257168650627136,$\delta_\text{ssc}$
wiki_qa,transformer.decoder.block.5.layer.2.DenseReluDense.wo,131,0.13120152056217194,cross
wiki_qa,transformer.decoder.block.5.layer.2.DenseReluDense.wo,131,0.3039235770702362,corr
wiki_qa,transformer.decoder.block.5.layer.2.DenseReluDense.wo,131,0.3995773494243622,drift
wiki_qa,transformer.decoder.block.5.layer.2.DenseReluDense.wo,131,0.48083364963531494,tot
wiki_qa,transformer.decoder.block.5.layer.2.DenseReluDense.wo,131,-0.13942554593086243,$\delta_\text{gsc}$
wiki_qa,transformer.decoder.block.5.layer.2.DenseReluDense.wo,131,-0.21444323658943176,$\delta_\text{ssc}$
wiki_qa,transformer.decoder.block.6.layer.0.SelfAttention.q,132,,cross
wiki_qa,transformer.decoder.block.6.layer.0.SelfAttention.q,132,,corr
wiki_qa,transformer.decoder.block.6.layer.0.SelfAttention.q,132,,drift
wiki_qa,transformer.decoder.block.6.layer.0.SelfAttention.q,132,,tot
wiki_qa,transformer.decoder.block.6.layer.0.SelfAttention.q,132,,$\delta_\text{gsc}$
wiki_qa,transformer.decoder.block.6.layer.0.SelfAttention.q,132,,$\delta_\text{ssc}$
wiki_qa,transformer.decoder.block.6.layer.0.SelfAttention.k,133,,cross
wiki_qa,transformer.decoder.block.6.layer.0.SelfAttention.k,133,,corr
wiki_qa,transformer.decoder.block.6.layer.0.SelfAttention.k,133,,drift
wiki_qa,transformer.decoder.block.6.layer.0.SelfAttention.k,133,,tot
wiki_qa,transformer.decoder.block.6.layer.0.SelfAttention.k,133,,$\delta_\text{gsc}$
wiki_qa,transformer.decoder.block.6.layer.0.SelfAttention.k,133,,$\delta_\text{ssc}$
wiki_qa,transformer.decoder.block.6.layer.0.SelfAttention.v,134,0.1063477098941803,cross
wiki_qa,transformer.decoder.block.6.layer.0.SelfAttention.v,134,0.21640092134475708,corr
wiki_qa,transformer.decoder.block.6.layer.0.SelfAttention.v,134,0.4167793095111847,drift
wiki_qa,transformer.decoder.block.6.layer.0.SelfAttention.v,134,0.4823601543903351,tot
wiki_qa,transformer.decoder.block.6.layer.0.SelfAttention.v,134,-0.1171126663684845,$\delta_\text{gsc}$
wiki_qa,transformer.decoder.block.6.layer.0.SelfAttention.v,134,-0.1400551199913025,$\delta_\text{ssc}$
wiki_qa,transformer.decoder.block.6.layer.0.SelfAttention.o,135,0.22168968617916107,cross
wiki_qa,transformer.decoder.block.6.layer.0.SelfAttention.o,135,0.30781784653663635,corr
wiki_qa,transformer.decoder.block.6.layer.0.SelfAttention.o,135,0.2968740463256836,drift
wiki_qa,transformer.decoder.block.6.layer.0.SelfAttention.o,135,0.41326433420181274,tot
wiki_qa,transformer.decoder.block.6.layer.0.SelfAttention.o,135,-0.24946461617946625,$\delta_\text{gsc}$
wiki_qa,transformer.decoder.block.6.layer.0.SelfAttention.o,135,-0.16365262866020203,$\delta_\text{ssc}$
wiki_qa,transformer.decoder.block.6.layer.1.EncDecAttention.q,136,,cross
wiki_qa,transformer.decoder.block.6.layer.1.EncDecAttention.q,136,,corr
wiki_qa,transformer.decoder.block.6.layer.1.EncDecAttention.q,136,,drift
wiki_qa,transformer.decoder.block.6.layer.1.EncDecAttention.q,136,,tot
wiki_qa,transformer.decoder.block.6.layer.1.EncDecAttention.q,136,,$\delta_\text{gsc}$
wiki_qa,transformer.decoder.block.6.layer.1.EncDecAttention.q,136,,$\delta_\text{ssc}$
wiki_qa,transformer.decoder.block.6.layer.1.EncDecAttention.k,137,,cross
wiki_qa,transformer.decoder.block.6.layer.1.EncDecAttention.k,137,,corr
wiki_qa,transformer.decoder.block.6.layer.1.EncDecAttention.k,137,,drift
wiki_qa,transformer.decoder.block.6.layer.1.EncDecAttention.k,137,,tot
wiki_qa,transformer.decoder.block.6.layer.1.EncDecAttention.k,137,,$\delta_\text{gsc}$
wiki_qa,transformer.decoder.block.6.layer.1.EncDecAttention.k,137,,$\delta_\text{ssc}$
wiki_qa,transformer.decoder.block.6.layer.1.EncDecAttention.v,138,0.27442848682403564,cross
wiki_qa,transformer.decoder.block.6.layer.1.EncDecAttention.v,138,0.35606950521469116,corr
wiki_qa,transformer.decoder.block.6.layer.1.EncDecAttention.v,138,0.3340359330177307,drift
wiki_qa,transformer.decoder.block.6.layer.1.EncDecAttention.v,138,0.3564924895763397,tot
wiki_qa,transformer.decoder.block.6.layer.1.EncDecAttention.v,138,-0.35968491435050964,$\delta_\text{gsc}$
wiki_qa,transformer.decoder.block.6.layer.1.EncDecAttention.v,138,-0.24835652112960815,$\delta_\text{ssc}$
wiki_qa,transformer.decoder.block.6.layer.1.EncDecAttention.o,139,0.22507938742637634,cross
wiki_qa,transformer.decoder.block.6.layer.1.EncDecAttention.o,139,0.25797465443611145,corr
wiki_qa,transformer.decoder.block.6.layer.1.EncDecAttention.o,139,0.31565144658088684,drift
wiki_qa,transformer.decoder.block.6.layer.1.EncDecAttention.o,139,0.3332959711551666,tot
wiki_qa,transformer.decoder.block.6.layer.1.EncDecAttention.o,139,-0.2846543788909912,$\delta_\text{gsc}$
wiki_qa,transformer.decoder.block.6.layer.1.EncDecAttention.o,139,-0.1807551383972168,$\delta_\text{ssc}$
wiki_qa,transformer.decoder.block.6.layer.2.DenseReluDense.wi,140,0.016379769891500473,cross
wiki_qa,transformer.decoder.block.6.layer.2.DenseReluDense.wi,140,0.244736909866333,corr
wiki_qa,transformer.decoder.block.6.layer.2.DenseReluDense.wi,140,0.3934137225151062,drift
wiki_qa,transformer.decoder.block.6.layer.2.DenseReluDense.wi,140,0.4905252456665039,tot
wiki_qa,transformer.decoder.block.6.layer.2.DenseReluDense.wi,140,-0.019433438777923584,$\delta_\text{gsc}$
wiki_qa,transformer.decoder.block.6.layer.2.DenseReluDense.wi,140,-0.1445717215538025,$\delta_\text{ssc}$
wiki_qa,transformer.decoder.block.6.layer.2.DenseReluDense.wo,141,0.14334842562675476,cross
wiki_qa,transformer.decoder.block.6.layer.2.DenseReluDense.wo,141,0.3380017578601837,corr
wiki_qa,transformer.decoder.block.6.layer.2.DenseReluDense.wo,141,0.43593457341194153,drift
wiki_qa,transformer.decoder.block.6.layer.2.DenseReluDense.wo,141,0.4848748445510864,tot
wiki_qa,transformer.decoder.block.6.layer.2.DenseReluDense.wo,141,-0.15235605835914612,$\delta_\text{gsc}$
wiki_qa,transformer.decoder.block.6.layer.2.DenseReluDense.wo,141,-0.28005385398864746,$\delta_\text{ssc}$
wiki_qa,transformer.decoder.block.7.layer.0.SelfAttention.q,142,,cross
wiki_qa,transformer.decoder.block.7.layer.0.SelfAttention.q,142,,corr
wiki_qa,transformer.decoder.block.7.layer.0.SelfAttention.q,142,,drift
wiki_qa,transformer.decoder.block.7.layer.0.SelfAttention.q,142,,tot
wiki_qa,transformer.decoder.block.7.layer.0.SelfAttention.q,142,,$\delta_\text{gsc}$
wiki_qa,transformer.decoder.block.7.layer.0.SelfAttention.q,142,,$\delta_\text{ssc}$
wiki_qa,transformer.decoder.block.7.layer.0.SelfAttention.k,143,,cross
wiki_qa,transformer.decoder.block.7.layer.0.SelfAttention.k,143,,corr
wiki_qa,transformer.decoder.block.7.layer.0.SelfAttention.k,143,,drift
wiki_qa,transformer.decoder.block.7.layer.0.SelfAttention.k,143,,tot
wiki_qa,transformer.decoder.block.7.layer.0.SelfAttention.k,143,,$\delta_\text{gsc}$
wiki_qa,transformer.decoder.block.7.layer.0.SelfAttention.k,143,,$\delta_\text{ssc}$
wiki_qa,transformer.decoder.block.7.layer.0.SelfAttention.v,144,0.13682298362255096,cross
wiki_qa,transformer.decoder.block.7.layer.0.SelfAttention.v,144,0.26628103852272034,corr
wiki_qa,transformer.decoder.block.7.layer.0.SelfAttention.v,144,0.39105167984962463,drift
wiki_qa,transformer.decoder.block.7.layer.0.SelfAttention.v,144,0.47446727752685547,tot
wiki_qa,transformer.decoder.block.7.layer.0.SelfAttention.v,144,-0.15152162313461304,$\delta_\text{gsc}$
wiki_qa,transformer.decoder.block.7.layer.0.SelfAttention.v,144,-0.16816681623458862,$\delta_\text{ssc}$
wiki_qa,transformer.decoder.block.7.layer.0.SelfAttention.o,145,0.20637938380241394,cross
wiki_qa,transformer.decoder.block.7.layer.0.SelfAttention.o,145,0.3024217486381531,corr
wiki_qa,transformer.decoder.block.7.layer.0.SelfAttention.o,145,0.31753745675086975,drift
wiki_qa,transformer.decoder.block.7.layer.0.SelfAttention.o,145,0.42142918705940247,tot
wiki_qa,transformer.decoder.block.7.layer.0.SelfAttention.o,145,-0.23580515384674072,$\delta_\text{gsc}$
wiki_qa,transformer.decoder.block.7.layer.0.SelfAttention.o,145,-0.16910424828529358,$\delta_\text{ssc}$
wiki_qa,transformer.decoder.block.7.layer.1.EncDecAttention.q,146,,cross
wiki_qa,transformer.decoder.block.7.layer.1.EncDecAttention.q,146,,corr
wiki_qa,transformer.decoder.block.7.layer.1.EncDecAttention.q,146,,drift
wiki_qa,transformer.decoder.block.7.layer.1.EncDecAttention.q,146,,tot
wiki_qa,transformer.decoder.block.7.layer.1.EncDecAttention.q,146,,$\delta_\text{gsc}$
wiki_qa,transformer.decoder.block.7.layer.1.EncDecAttention.q,146,,$\delta_\text{ssc}$
wiki_qa,transformer.decoder.block.7.layer.1.EncDecAttention.k,147,,cross
wiki_qa,transformer.decoder.block.7.layer.1.EncDecAttention.k,147,,corr
wiki_qa,transformer.decoder.block.7.layer.1.EncDecAttention.k,147,,drift
wiki_qa,transformer.decoder.block.7.layer.1.EncDecAttention.k,147,,tot
wiki_qa,transformer.decoder.block.7.layer.1.EncDecAttention.k,147,,$\delta_\text{gsc}$
wiki_qa,transformer.decoder.block.7.layer.1.EncDecAttention.k,147,,$\delta_\text{ssc}$
wiki_qa,transformer.decoder.block.7.layer.1.EncDecAttention.v,148,0.2723213732242584,cross
wiki_qa,transformer.decoder.block.7.layer.1.EncDecAttention.v,148,0.3403935432434082,corr
wiki_qa,transformer.decoder.block.7.layer.1.EncDecAttention.v,148,0.33377230167388916,drift
wiki_qa,transformer.decoder.block.7.layer.1.EncDecAttention.v,148,0.3530305027961731,tot
wiki_qa,transformer.decoder.block.7.layer.1.EncDecAttention.v,148,-0.35509729385375977,$\delta_\text{gsc}$
wiki_qa,transformer.decoder.block.7.layer.1.EncDecAttention.v,148,-0.23835942149162292,$\delta_\text{ssc}$
wiki_qa,transformer.decoder.block.7.layer.1.EncDecAttention.o,149,0.21868836879730225,cross
wiki_qa,transformer.decoder.block.7.layer.1.EncDecAttention.o,149,0.2566533386707306,corr
wiki_qa,transformer.decoder.block.7.layer.1.EncDecAttention.o,149,0.31439948081970215,drift
wiki_qa,transformer.decoder.block.7.layer.1.EncDecAttention.o,149,0.33417844772338867,tot
wiki_qa,transformer.decoder.block.7.layer.1.EncDecAttention.o,149,-0.27550241351127625,$\delta_\text{gsc}$
wiki_qa,transformer.decoder.block.7.layer.1.EncDecAttention.o,149,-0.18006032705307007,$\delta_\text{ssc}$
wiki_qa,transformer.decoder.block.7.layer.2.DenseReluDense.wi,150,0.056974854320287704,cross
wiki_qa,transformer.decoder.block.7.layer.2.DenseReluDense.wi,150,0.3016618490219116,corr
wiki_qa,transformer.decoder.block.7.layer.2.DenseReluDense.wi,150,0.36872798204421997,drift
wiki_qa,transformer.decoder.block.7.layer.2.DenseReluDense.wi,150,0.4757658839225769,tot
wiki_qa,transformer.decoder.block.7.layer.2.DenseReluDense.wi,150,-0.07146701216697693,$\delta_\text{gsc}$
wiki_qa,transformer.decoder.block.7.layer.2.DenseReluDense.wi,150,-0.18013179302215576,$\delta_\text{ssc}$
wiki_qa,transformer.decoder.block.7.layer.2.DenseReluDense.wo,151,0.16514547169208527,cross
wiki_qa,transformer.decoder.block.7.layer.2.DenseReluDense.wo,151,0.3463694453239441,corr
wiki_qa,transformer.decoder.block.7.layer.2.DenseReluDense.wo,151,0.40787771344184875,drift
wiki_qa,transformer.decoder.block.7.layer.2.DenseReluDense.wo,151,0.47357991337776184,tot
wiki_qa,transformer.decoder.block.7.layer.2.DenseReluDense.wo,151,-0.17673814296722412,$\delta_\text{gsc}$
wiki_qa,transformer.decoder.block.7.layer.2.DenseReluDense.wo,151,-0.26907458901405334,$\delta_\text{ssc}$
wiki_qa,transformer.decoder.block.8.layer.0.SelfAttention.q,152,,cross
wiki_qa,transformer.decoder.block.8.layer.0.SelfAttention.q,152,,corr
wiki_qa,transformer.decoder.block.8.layer.0.SelfAttention.q,152,,drift
wiki_qa,transformer.decoder.block.8.layer.0.SelfAttention.q,152,,tot
wiki_qa,transformer.decoder.block.8.layer.0.SelfAttention.q,152,,$\delta_\text{gsc}$
wiki_qa,transformer.decoder.block.8.layer.0.SelfAttention.q,152,,$\delta_\text{ssc}$
wiki_qa,transformer.decoder.block.8.layer.0.SelfAttention.k,153,,cross
wiki_qa,transformer.decoder.block.8.layer.0.SelfAttention.k,153,,corr
wiki_qa,transformer.decoder.block.8.layer.0.SelfAttention.k,153,,drift
wiki_qa,transformer.decoder.block.8.layer.0.SelfAttention.k,153,,tot
wiki_qa,transformer.decoder.block.8.layer.0.SelfAttention.k,153,,$\delta_\text{gsc}$
wiki_qa,transformer.decoder.block.8.layer.0.SelfAttention.k,153,,$\delta_\text{ssc}$
wiki_qa,transformer.decoder.block.8.layer.0.SelfAttention.v,154,0.12412019819021225,cross
wiki_qa,transformer.decoder.block.8.layer.0.SelfAttention.v,154,0.24787016212940216,corr
wiki_qa,transformer.decoder.block.8.layer.0.SelfAttention.v,154,0.4100826382637024,drift
wiki_qa,transformer.decoder.block.8.layer.0.SelfAttention.v,154,0.4770093262195587,tot
wiki_qa,transformer.decoder.block.8.layer.0.SelfAttention.v,154,-0.138291597366333,$\delta_\text{gsc}$
wiki_qa,transformer.decoder.block.8.layer.0.SelfAttention.v,154,-0.16677208244800568,$\delta_\text{ssc}$
wiki_qa,transformer.decoder.block.8.layer.0.SelfAttention.o,155,0.23134125769138336,cross
wiki_qa,transformer.decoder.block.8.layer.0.SelfAttention.o,155,0.3060274124145508,corr
wiki_qa,transformer.decoder.block.8.layer.0.SelfAttention.o,155,0.3288852870464325,drift
wiki_qa,transformer.decoder.block.8.layer.0.SelfAttention.o,155,0.41466042399406433,tot
wiki_qa,transformer.decoder.block.8.layer.0.SelfAttention.o,155,-0.26482826471328735,$\delta_\text{gsc}$
wiki_qa,transformer.decoder.block.8.layer.0.SelfAttention.o,155,-0.18676528334617615,$\delta_\text{ssc}$
wiki_qa,transformer.decoder.block.8.layer.1.EncDecAttention.q,156,,cross
wiki_qa,transformer.decoder.block.8.layer.1.EncDecAttention.q,156,,corr
wiki_qa,transformer.decoder.block.8.layer.1.EncDecAttention.q,156,,drift
wiki_qa,transformer.decoder.block.8.layer.1.EncDecAttention.q,156,,tot
wiki_qa,transformer.decoder.block.8.layer.1.EncDecAttention.q,156,,$\delta_\text{gsc}$
wiki_qa,transformer.decoder.block.8.layer.1.EncDecAttention.q,156,,$\delta_\text{ssc}$
wiki_qa,transformer.decoder.block.8.layer.1.EncDecAttention.k,157,,cross
wiki_qa,transformer.decoder.block.8.layer.1.EncDecAttention.k,157,,corr
wiki_qa,transformer.decoder.block.8.layer.1.EncDecAttention.k,157,,drift
wiki_qa,transformer.decoder.block.8.layer.1.EncDecAttention.k,157,,tot
wiki_qa,transformer.decoder.block.8.layer.1.EncDecAttention.k,157,,$\delta_\text{gsc}$
wiki_qa,transformer.decoder.block.8.layer.1.EncDecAttention.k,157,,$\delta_\text{ssc}$
wiki_qa,transformer.decoder.block.8.layer.1.EncDecAttention.v,158,0.27227041125297546,cross
wiki_qa,transformer.decoder.block.8.layer.1.EncDecAttention.v,158,0.33776727318763733,corr
wiki_qa,transformer.decoder.block.8.layer.1.EncDecAttention.v,158,0.3348183035850525,drift
wiki_qa,transformer.decoder.block.8.layer.1.EncDecAttention.v,158,0.3546496331691742,tot
wiki_qa,transformer.decoder.block.8.layer.1.EncDecAttention.v,158,-0.35273993015289307,$\delta_\text{gsc}$
wiki_qa,transformer.decoder.block.8.layer.1.EncDecAttention.v,158,-0.23746642470359802,$\delta_\text{ssc}$
wiki_qa,transformer.decoder.block.8.layer.1.EncDecAttention.o,159,0.1798175573348999,cross
wiki_qa,transformer.decoder.block.8.layer.1.EncDecAttention.o,159,0.2064829170703888,corr
wiki_qa,transformer.decoder.block.8.layer.1.EncDecAttention.o,159,0.30244776606559753,drift
wiki_qa,transformer.decoder.block.8.layer.1.EncDecAttention.o,159,0.32145100831985474,tot
wiki_qa,transformer.decoder.block.8.layer.1.EncDecAttention.o,159,-0.22211149334907532,$\delta_\text{gsc}$
wiki_qa,transformer.decoder.block.8.layer.1.EncDecAttention.o,159,-0.14518573880195618,$\delta_\text{ssc}$
wiki_qa,transformer.decoder.block.8.layer.2.DenseReluDense.wi,160,0.06885519623756409,cross
wiki_qa,transformer.decoder.block.8.layer.2.DenseReluDense.wi,160,0.3235383629798889,corr
wiki_qa,transformer.decoder.block.8.layer.2.DenseReluDense.wi,160,0.3626342713832855,drift
wiki_qa,transformer.decoder.block.8.layer.2.DenseReluDense.wi,160,0.46451640129089355,tot
wiki_qa,transformer.decoder.block.8.layer.2.DenseReluDense.wi,160,-0.09080404043197632,$\delta_\text{gsc}$
wiki_qa,transformer.decoder.block.8.layer.2.DenseReluDense.wi,160,-0.19970738887786865,$\delta_\text{ssc}$
wiki_qa,transformer.decoder.block.8.layer.2.DenseReluDense.wo,161,0.1846003383398056,cross
wiki_qa,transformer.decoder.block.8.layer.2.DenseReluDense.wo,161,0.363677054643631,corr
wiki_qa,transformer.decoder.block.8.layer.2.DenseReluDense.wo,161,0.39318156242370605,drift
wiki_qa,transformer.decoder.block.8.layer.2.DenseReluDense.wo,161,0.47278961539268494,tot
wiki_qa,transformer.decoder.block.8.layer.2.DenseReluDense.wo,161,-0.20277690887451172,$\delta_\text{gsc}$
wiki_qa,transformer.decoder.block.8.layer.2.DenseReluDense.wo,161,-0.2658924162387848,$\delta_\text{ssc}$
wiki_qa,transformer.decoder.block.9.layer.0.SelfAttention.q,162,,cross
wiki_qa,transformer.decoder.block.9.layer.0.SelfAttention.q,162,,corr
wiki_qa,transformer.decoder.block.9.layer.0.SelfAttention.q,162,,drift
wiki_qa,transformer.decoder.block.9.layer.0.SelfAttention.q,162,,tot
wiki_qa,transformer.decoder.block.9.layer.0.SelfAttention.q,162,,$\delta_\text{gsc}$
wiki_qa,transformer.decoder.block.9.layer.0.SelfAttention.q,162,,$\delta_\text{ssc}$
wiki_qa,transformer.decoder.block.9.layer.0.SelfAttention.k,163,,cross
wiki_qa,transformer.decoder.block.9.layer.0.SelfAttention.k,163,,corr
wiki_qa,transformer.decoder.block.9.layer.0.SelfAttention.k,163,,drift
wiki_qa,transformer.decoder.block.9.layer.0.SelfAttention.k,163,,tot
wiki_qa,transformer.decoder.block.9.layer.0.SelfAttention.k,163,,$\delta_\text{gsc}$
wiki_qa,transformer.decoder.block.9.layer.0.SelfAttention.k,163,,$\delta_\text{ssc}$
wiki_qa,transformer.decoder.block.9.layer.0.SelfAttention.v,164,0.17649048566818237,cross
wiki_qa,transformer.decoder.block.9.layer.0.SelfAttention.v,164,0.2874886989593506,corr
wiki_qa,transformer.decoder.block.9.layer.0.SelfAttention.v,164,0.3884984254837036,drift
wiki_qa,transformer.decoder.block.9.layer.0.SelfAttention.v,164,0.4617021679878235,tot
wiki_qa,transformer.decoder.block.9.layer.0.SelfAttention.v,164,-0.19771727919578552,$\delta_\text{gsc}$
wiki_qa,transformer.decoder.block.9.layer.0.SelfAttention.v,164,-0.19305816292762756,$\delta_\text{ssc}$
wiki_qa,transformer.decoder.block.9.layer.0.SelfAttention.o,165,0.2091507613658905,cross
wiki_qa,transformer.decoder.block.9.layer.0.SelfAttention.o,165,0.27947402000427246,corr
wiki_qa,transformer.decoder.block.9.layer.0.SelfAttention.o,165,0.342074453830719,drift
wiki_qa,transformer.decoder.block.9.layer.0.SelfAttention.o,165,0.4128492474555969,tot
wiki_qa,transformer.decoder.block.9.layer.0.SelfAttention.o,165,-0.23654088377952576,$\delta_\text{gsc}$
wiki_qa,transformer.decoder.block.9.layer.0.SelfAttention.o,165,-0.18130910396575928,$\delta_\text{ssc}$
wiki_qa,transformer.decoder.block.9.layer.1.EncDecAttention.q,166,,cross
wiki_qa,transformer.decoder.block.9.layer.1.EncDecAttention.q,166,,corr
wiki_qa,transformer.decoder.block.9.layer.1.EncDecAttention.q,166,,drift
wiki_qa,transformer.decoder.block.9.layer.1.EncDecAttention.q,166,,tot
wiki_qa,transformer.decoder.block.9.layer.1.EncDecAttention.q,166,,$\delta_\text{gsc}$
wiki_qa,transformer.decoder.block.9.layer.1.EncDecAttention.q,166,,$\delta_\text{ssc}$
wiki_qa,transformer.decoder.block.9.layer.1.EncDecAttention.k,167,,cross
wiki_qa,transformer.decoder.block.9.layer.1.EncDecAttention.k,167,,corr
wiki_qa,transformer.decoder.block.9.layer.1.EncDecAttention.k,167,,drift
wiki_qa,transformer.decoder.block.9.layer.1.EncDecAttention.k,167,,tot
wiki_qa,transformer.decoder.block.9.layer.1.EncDecAttention.k,167,,$\delta_\text{gsc}$
wiki_qa,transformer.decoder.block.9.layer.1.EncDecAttention.k,167,,$\delta_\text{ssc}$
wiki_qa,transformer.decoder.block.9.layer.1.EncDecAttention.v,168,0.2616991400718689,cross
wiki_qa,transformer.decoder.block.9.layer.1.EncDecAttention.v,168,0.32160207629203796,corr
wiki_qa,transformer.decoder.block.9.layer.1.EncDecAttention.v,168,0.335639625787735,drift
wiki_qa,transformer.decoder.block.9.layer.1.EncDecAttention.v,168,0.35726431012153625,tot
wiki_qa,transformer.decoder.block.9.layer.1.EncDecAttention.v,168,-0.3340233564376831,$\delta_\text{gsc}$
wiki_qa,transformer.decoder.block.9.layer.1.EncDecAttention.v,168,-0.22765317559242249,$\delta_\text{ssc}$
wiki_qa,transformer.decoder.block.9.layer.1.EncDecAttention.o,169,0.17167547345161438,cross
wiki_qa,transformer.decoder.block.9.layer.1.EncDecAttention.o,169,0.20145399868488312,corr
wiki_qa,transformer.decoder.block.9.layer.1.EncDecAttention.o,169,0.3236568570137024,drift
wiki_qa,transformer.decoder.block.9.layer.1.EncDecAttention.o,169,0.3450021743774414,tot
wiki_qa,transformer.decoder.block.9.layer.1.EncDecAttention.o,169,-0.2065504491329193,$\delta_\text{gsc}$
wiki_qa,transformer.decoder.block.9.layer.1.EncDecAttention.o,169,-0.14523370563983917,$\delta_\text{ssc}$
wiki_qa,transformer.decoder.block.9.layer.2.DenseReluDense.wi,170,0.044619861990213394,cross
wiki_qa,transformer.decoder.block.9.layer.2.DenseReluDense.wi,170,0.30963775515556335,corr
wiki_qa,transformer.decoder.block.9.layer.2.DenseReluDense.wi,170,0.36725136637687683,drift
wiki_qa,transformer.decoder.block.9.layer.2.DenseReluDense.wi,170,0.4685375392436981,tot
wiki_qa,transformer.decoder.block.9.layer.2.DenseReluDense.wi,170,-0.05819028615951538,$\delta_\text{gsc}$
wiki_qa,transformer.decoder.block.9.layer.2.DenseReluDense.wi,170,-0.19478115439414978,$\delta_\text{ssc}$
wiki_qa,transformer.decoder.block.9.layer.2.DenseReluDense.wo,171,0.16347995400428772,cross
wiki_qa,transformer.decoder.block.9.layer.2.DenseReluDense.wo,171,0.3693593144416809,corr
wiki_qa,transformer.decoder.block.9.layer.2.DenseReluDense.wo,171,0.3948819637298584,drift
wiki_qa,transformer.decoder.block.9.layer.2.DenseReluDense.wo,171,0.4626418352127075,tot
wiki_qa,transformer.decoder.block.9.layer.2.DenseReluDense.wo,171,-0.18856316804885864,$\delta_\text{gsc}$
wiki_qa,transformer.decoder.block.9.layer.2.DenseReluDense.wo,171,-0.27651622891426086,$\delta_\text{ssc}$
wiki_qa,transformer.decoder.block.10.layer.0.SelfAttention.q,172,,cross
wiki_qa,transformer.decoder.block.10.layer.0.SelfAttention.q,172,,corr
wiki_qa,transformer.decoder.block.10.layer.0.SelfAttention.q,172,,drift
wiki_qa,transformer.decoder.block.10.layer.0.SelfAttention.q,172,,tot
wiki_qa,transformer.decoder.block.10.layer.0.SelfAttention.q,172,,$\delta_\text{gsc}$
wiki_qa,transformer.decoder.block.10.layer.0.SelfAttention.q,172,,$\delta_\text{ssc}$
wiki_qa,transformer.decoder.block.10.layer.0.SelfAttention.k,173,,cross
wiki_qa,transformer.decoder.block.10.layer.0.SelfAttention.k,173,,corr
wiki_qa,transformer.decoder.block.10.layer.0.SelfAttention.k,173,,drift
wiki_qa,transformer.decoder.block.10.layer.0.SelfAttention.k,173,,tot
wiki_qa,transformer.decoder.block.10.layer.0.SelfAttention.k,173,,$\delta_\text{gsc}$
wiki_qa,transformer.decoder.block.10.layer.0.SelfAttention.k,173,,$\delta_\text{ssc}$
wiki_qa,transformer.decoder.block.10.layer.0.SelfAttention.v,174,0.16719233989715576,cross
wiki_qa,transformer.decoder.block.10.layer.0.SelfAttention.v,174,0.3180381953716278,corr
wiki_qa,transformer.decoder.block.10.layer.0.SelfAttention.v,174,0.37377890944480896,drift
wiki_qa,transformer.decoder.block.10.layer.0.SelfAttention.v,174,0.44718238711357117,tot
wiki_qa,transformer.decoder.block.10.layer.0.SelfAttention.v,174,-0.1991376280784607,$\delta_\text{gsc}$
wiki_qa,transformer.decoder.block.10.layer.0.SelfAttention.v,174,-0.21268942952156067,$\delta_\text{ssc}$
wiki_qa,transformer.decoder.block.10.layer.0.SelfAttention.o,175,0.17986568808555603,cross
wiki_qa,transformer.decoder.block.10.layer.0.SelfAttention.o,175,0.21436601877212524,corr
wiki_qa,transformer.decoder.block.10.layer.0.SelfAttention.o,175,0.3464685082435608,drift
wiki_qa,transformer.decoder.block.10.layer.0.SelfAttention.o,175,0.3873288631439209,tot
wiki_qa,transformer.decoder.block.10.layer.0.SelfAttention.o,175,-0.20749357342720032,$\delta_\text{gsc}$
wiki_qa,transformer.decoder.block.10.layer.0.SelfAttention.o,175,-0.14587777853012085,$\delta_\text{ssc}$
wiki_qa,transformer.decoder.block.10.layer.1.EncDecAttention.q,176,,cross
wiki_qa,transformer.decoder.block.10.layer.1.EncDecAttention.q,176,,corr
wiki_qa,transformer.decoder.block.10.layer.1.EncDecAttention.q,176,,drift
wiki_qa,transformer.decoder.block.10.layer.1.EncDecAttention.q,176,,tot
wiki_qa,transformer.decoder.block.10.layer.1.EncDecAttention.q,176,,$\delta_\text{gsc}$
wiki_qa,transformer.decoder.block.10.layer.1.EncDecAttention.q,176,,$\delta_\text{ssc}$
wiki_qa,transformer.decoder.block.10.layer.1.EncDecAttention.k,177,,cross
wiki_qa,transformer.decoder.block.10.layer.1.EncDecAttention.k,177,,corr
wiki_qa,transformer.decoder.block.10.layer.1.EncDecAttention.k,177,,drift
wiki_qa,transformer.decoder.block.10.layer.1.EncDecAttention.k,177,,tot
wiki_qa,transformer.decoder.block.10.layer.1.EncDecAttention.k,177,,$\delta_\text{gsc}$
wiki_qa,transformer.decoder.block.10.layer.1.EncDecAttention.k,177,,$\delta_\text{ssc}$
wiki_qa,transformer.decoder.block.10.layer.1.EncDecAttention.v,178,0.2237175852060318,cross
wiki_qa,transformer.decoder.block.10.layer.1.EncDecAttention.v,178,0.37228456139564514,corr
wiki_qa,transformer.decoder.block.10.layer.1.EncDecAttention.v,178,0.3367876708507538,drift
wiki_qa,transformer.decoder.block.10.layer.1.EncDecAttention.v,178,0.381592333316803,tot
wiki_qa,transformer.decoder.block.10.layer.1.EncDecAttention.v,178,-0.29188472032546997,$\delta_\text{gsc}$
wiki_qa,transformer.decoder.block.10.layer.1.EncDecAttention.v,178,-0.2593127489089966,$\delta_\text{ssc}$
wiki_qa,transformer.decoder.block.10.layer.1.EncDecAttention.o,179,0.16804902255535126,cross
wiki_qa,transformer.decoder.block.10.layer.1.EncDecAttention.o,179,0.21511653065681458,corr
wiki_qa,transformer.decoder.block.10.layer.1.EncDecAttention.o,179,0.3295525312423706,drift
wiki_qa,transformer.decoder.block.10.layer.1.EncDecAttention.o,179,0.3508208692073822,tot
wiki_qa,transformer.decoder.block.10.layer.1.EncDecAttention.o,179,-0.20459572970867157,$\delta_\text{gsc}$
wiki_qa,transformer.decoder.block.10.layer.1.EncDecAttention.o,179,-0.15730148553848267,$\delta_\text{ssc}$
wiki_qa,transformer.decoder.block.10.layer.2.DenseReluDense.wi,180,0.048727527260780334,cross
wiki_qa,transformer.decoder.block.10.layer.2.DenseReluDense.wi,180,0.32474035024642944,corr
wiki_qa,transformer.decoder.block.10.layer.2.DenseReluDense.wi,180,0.33896511793136597,drift
wiki_qa,transformer.decoder.block.10.layer.2.DenseReluDense.wi,180,0.44354161620140076,tot
wiki_qa,transformer.decoder.block.10.layer.2.DenseReluDense.wi,180,-0.06840008497238159,$\delta_\text{gsc}$
wiki_qa,transformer.decoder.block.10.layer.2.DenseReluDense.wi,180,-0.2004913091659546,$\delta_\text{ssc}$
wiki_qa,transformer.decoder.block.10.layer.2.DenseReluDense.wo,181,0.1385142058134079,cross
wiki_qa,transformer.decoder.block.10.layer.2.DenseReluDense.wo,181,0.29373499751091003,corr
wiki_qa,transformer.decoder.block.10.layer.2.DenseReluDense.wo,181,0.4494590759277344,drift
wiki_qa,transformer.decoder.block.10.layer.2.DenseReluDense.wo,181,0.478730708360672,tot
wiki_qa,transformer.decoder.block.10.layer.2.DenseReluDense.wo,181,-0.15031129121780396,$\delta_\text{gsc}$
wiki_qa,transformer.decoder.block.10.layer.2.DenseReluDense.wo,181,-0.25266626477241516,$\delta_\text{ssc}$
wiki_qa,transformer.decoder.block.11.layer.0.SelfAttention.q,182,,cross
wiki_qa,transformer.decoder.block.11.layer.0.SelfAttention.q,182,,corr
wiki_qa,transformer.decoder.block.11.layer.0.SelfAttention.q,182,,drift
wiki_qa,transformer.decoder.block.11.layer.0.SelfAttention.q,182,,tot
wiki_qa,transformer.decoder.block.11.layer.0.SelfAttention.q,182,,$\delta_\text{gsc}$
wiki_qa,transformer.decoder.block.11.layer.0.SelfAttention.q,182,,$\delta_\text{ssc}$
wiki_qa,transformer.decoder.block.11.layer.0.SelfAttention.k,183,,cross
wiki_qa,transformer.decoder.block.11.layer.0.SelfAttention.k,183,,corr
wiki_qa,transformer.decoder.block.11.layer.0.SelfAttention.k,183,,drift
wiki_qa,transformer.decoder.block.11.layer.0.SelfAttention.k,183,,tot
wiki_qa,transformer.decoder.block.11.layer.0.SelfAttention.k,183,,$\delta_\text{gsc}$
wiki_qa,transformer.decoder.block.11.layer.0.SelfAttention.k,183,,$\delta_\text{ssc}$
wiki_qa,transformer.decoder.block.11.layer.0.SelfAttention.v,184,0.17639799416065216,cross
wiki_qa,transformer.decoder.block.11.layer.0.SelfAttention.v,184,0.2764177918434143,corr
wiki_qa,transformer.decoder.block.11.layer.0.SelfAttention.v,184,0.3574465811252594,drift
wiki_qa,transformer.decoder.block.11.layer.0.SelfAttention.v,184,0.40378713607788086,tot
wiki_qa,transformer.decoder.block.11.layer.0.SelfAttention.v,184,-0.2217896729707718,$\delta_\text{gsc}$
wiki_qa,transformer.decoder.block.11.layer.0.SelfAttention.v,184,-0.18468555808067322,$\delta_\text{ssc}$
wiki_qa,transformer.decoder.block.11.layer.0.SelfAttention.o,185,0.14794102311134338,cross
wiki_qa,transformer.decoder.block.11.layer.0.SelfAttention.o,185,0.1658814251422882,corr
wiki_qa,transformer.decoder.block.11.layer.0.SelfAttention.o,185,0.3770386576652527,drift
wiki_qa,transformer.decoder.block.11.layer.0.SelfAttention.o,185,0.3987305760383606,tot
wiki_qa,transformer.decoder.block.11.layer.0.SelfAttention.o,185,-0.16742143034934998,$\delta_\text{gsc}$
wiki_qa,transformer.decoder.block.11.layer.0.SelfAttention.o,185,-0.1247090995311737,$\delta_\text{ssc}$
wiki_qa,transformer.decoder.block.11.layer.1.EncDecAttention.q,186,,cross
wiki_qa,transformer.decoder.block.11.layer.1.EncDecAttention.q,186,,corr
wiki_qa,transformer.decoder.block.11.layer.1.EncDecAttention.q,186,,drift
wiki_qa,transformer.decoder.block.11.layer.1.EncDecAttention.q,186,,tot
wiki_qa,transformer.decoder.block.11.layer.1.EncDecAttention.q,186,,$\delta_\text{gsc}$
wiki_qa,transformer.decoder.block.11.layer.1.EncDecAttention.q,186,,$\delta_\text{ssc}$
wiki_qa,transformer.decoder.block.11.layer.1.EncDecAttention.k,187,,cross
wiki_qa,transformer.decoder.block.11.layer.1.EncDecAttention.k,187,,corr
wiki_qa,transformer.decoder.block.11.layer.1.EncDecAttention.k,187,,drift
wiki_qa,transformer.decoder.block.11.layer.1.EncDecAttention.k,187,,tot
wiki_qa,transformer.decoder.block.11.layer.1.EncDecAttention.k,187,,$\delta_\text{gsc}$
wiki_qa,transformer.decoder.block.11.layer.1.EncDecAttention.k,187,,$\delta_\text{ssc}$
wiki_qa,transformer.decoder.block.11.layer.1.EncDecAttention.v,188,0.22325700521469116,cross
wiki_qa,transformer.decoder.block.11.layer.1.EncDecAttention.v,188,0.2513038218021393,corr
wiki_qa,transformer.decoder.block.11.layer.1.EncDecAttention.v,188,0.33658161759376526,drift
wiki_qa,transformer.decoder.block.11.layer.1.EncDecAttention.v,188,0.35176146030426025,tot
wiki_qa,transformer.decoder.block.11.layer.1.EncDecAttention.v,188,-0.27595254778862,$\delta_\text{gsc}$
wiki_qa,transformer.decoder.block.11.layer.1.EncDecAttention.v,188,-0.18342843651771545,$\delta_\text{ssc}$
wiki_qa,transformer.decoder.block.11.layer.1.EncDecAttention.o,189,0.0987359955906868,cross
wiki_qa,transformer.decoder.block.11.layer.1.EncDecAttention.o,189,0.10822995007038116,corr
wiki_qa,transformer.decoder.block.11.layer.1.EncDecAttention.o,189,0.3008379638195038,drift
wiki_qa,transformer.decoder.block.11.layer.1.EncDecAttention.o,189,0.3175356090068817,tot
wiki_qa,transformer.decoder.block.11.layer.1.EncDecAttention.o,189,-0.11570706963539124,$\delta_\text{gsc}$
wiki_qa,transformer.decoder.block.11.layer.1.EncDecAttention.o,189,-0.0745612233877182,$\delta_\text{ssc}$
wiki_qa,transformer.decoder.block.11.layer.2.DenseReluDense.wi,190,0.10997068881988525,cross
wiki_qa,transformer.decoder.block.11.layer.2.DenseReluDense.wi,190,0.2707085609436035,corr
wiki_qa,transformer.decoder.block.11.layer.2.DenseReluDense.wi,190,0.3454536497592926,drift
wiki_qa,transformer.decoder.block.11.layer.2.DenseReluDense.wi,190,0.41756489872932434,tot
wiki_qa,transformer.decoder.block.11.layer.2.DenseReluDense.wi,190,-0.14372730255126953,$\delta_\text{gsc}$
wiki_qa,transformer.decoder.block.11.layer.2.DenseReluDense.wi,190,-0.1648406982421875,$\delta_\text{ssc}$
wiki_qa,transformer.decoder.block.11.layer.2.DenseReluDense.wo,191,0.18546399474143982,cross
wiki_qa,transformer.decoder.block.11.layer.2.DenseReluDense.wo,191,0.1876295655965805,corr
wiki_qa,transformer.decoder.block.11.layer.2.DenseReluDense.wo,191,0.43419453501701355,drift
wiki_qa,transformer.decoder.block.11.layer.2.DenseReluDense.wo,191,0.46760159730911255,tot
wiki_qa,transformer.decoder.block.11.layer.2.DenseReluDense.wo,191,-0.2063172161579132,$\delta_\text{gsc}$
wiki_qa,transformer.decoder.block.11.layer.2.DenseReluDense.wo,191,-0.1333692967891693,$\delta_\text{ssc}$
wiki_qa,transformer.lm_head,192,0.06225596368312836,cross
wiki_qa,transformer.lm_head,192,0.03428887575864792,corr
wiki_qa,transformer.lm_head,192,0.21125850081443787,drift
wiki_qa,transformer.lm_head,192,0.23487265408039093,tot
wiki_qa,transformer.lm_head,192,-0.04467284679412842,$\delta_\text{gsc}$
wiki_qa,transformer.lm_head,192,-0.02825784683227539,$\delta_\text{ssc}$
quartz,transformer.encoder.block.0.layer.0.SelfAttention.q,0,,cross
quartz,transformer.encoder.block.0.layer.0.SelfAttention.q,0,,corr
quartz,transformer.encoder.block.0.layer.0.SelfAttention.q,0,,drift
quartz,transformer.encoder.block.0.layer.0.SelfAttention.q,0,,tot
quartz,transformer.encoder.block.0.layer.0.SelfAttention.q,0,,$\delta_\text{gsc}$
quartz,transformer.encoder.block.0.layer.0.SelfAttention.q,0,,$\delta_\text{ssc}$
quartz,transformer.encoder.block.0.layer.0.SelfAttention.k,1,,cross
quartz,transformer.encoder.block.0.layer.0.SelfAttention.k,1,,corr
quartz,transformer.encoder.block.0.layer.0.SelfAttention.k,1,,drift
quartz,transformer.encoder.block.0.layer.0.SelfAttention.k,1,,tot
quartz,transformer.encoder.block.0.layer.0.SelfAttention.k,1,,$\delta_\text{gsc}$
quartz,transformer.encoder.block.0.layer.0.SelfAttention.k,1,,$\delta_\text{ssc}$
quartz,transformer.encoder.block.0.layer.0.SelfAttention.v,2,0.0337635800242424,cross
quartz,transformer.encoder.block.0.layer.0.SelfAttention.v,2,0.049965254962444305,corr
quartz,transformer.encoder.block.0.layer.0.SelfAttention.v,2,0.006859102752059698,drift
quartz,transformer.encoder.block.0.layer.0.SelfAttention.v,2,0.02197897434234619,tot
quartz,transformer.encoder.block.0.layer.0.SelfAttention.v,2,-0.06277576088905334,$\delta_\text{gsc}$
quartz,transformer.encoder.block.0.layer.0.SelfAttention.v,2,-0.0058332025073468685,$\delta_\text{ssc}$
quartz,transformer.encoder.block.0.layer.0.SelfAttention.o,3,0.06327977031469345,cross
quartz,transformer.encoder.block.0.layer.0.SelfAttention.o,3,0.08575977385044098,corr
quartz,transformer.encoder.block.0.layer.0.SelfAttention.o,3,0.03664131090044975,drift
quartz,transformer.encoder.block.0.layer.0.SelfAttention.o,3,0.08989368379116058,tot
quartz,transformer.encoder.block.0.layer.0.SelfAttention.o,3,-0.06727759540081024,$\delta_\text{gsc}$
quartz,transformer.encoder.block.0.layer.0.SelfAttention.o,3,-0.028509575873613358,$\delta_\text{ssc}$
quartz,transformer.encoder.block.0.layer.1.DenseReluDense.wi,4,0.052952054888010025,cross
quartz,transformer.encoder.block.0.layer.1.DenseReluDense.wi,4,0.05430293828248978,corr
quartz,transformer.encoder.block.0.layer.1.DenseReluDense.wi,4,0.06517720967531204,drift
quartz,transformer.encoder.block.0.layer.1.DenseReluDense.wi,4,0.09915618598461151,tot
quartz,transformer.encoder.block.0.layer.1.DenseReluDense.wi,4,-0.04567776992917061,$\delta_\text{gsc}$
quartz,transformer.encoder.block.0.layer.1.DenseReluDense.wi,4,-0.027598246932029724,$\delta_\text{ssc}$
quartz,transformer.encoder.block.0.layer.1.DenseReluDense.wo,5,0.12221425771713257,cross
quartz,transformer.encoder.block.0.layer.1.DenseReluDense.wo,5,0.13371454179286957,corr
quartz,transformer.encoder.block.0.layer.1.DenseReluDense.wo,5,0.15555307269096375,drift
quartz,transformer.encoder.block.0.layer.1.DenseReluDense.wo,5,0.16114303469657898,tot
quartz,transformer.encoder.block.0.layer.1.DenseReluDense.wo,5,-0.16618561744689941,$\delta_\text{gsc}$
quartz,transformer.encoder.block.0.layer.1.DenseReluDense.wo,5,-0.08415322005748749,$\delta_\text{ssc}$
quartz,transformer.encoder.block.1.layer.0.SelfAttention.q,6,,cross
quartz,transformer.encoder.block.1.layer.0.SelfAttention.q,6,,corr
quartz,transformer.encoder.block.1.layer.0.SelfAttention.q,6,,drift
quartz,transformer.encoder.block.1.layer.0.SelfAttention.q,6,,tot
quartz,transformer.encoder.block.1.layer.0.SelfAttention.q,6,,$\delta_\text{gsc}$
quartz,transformer.encoder.block.1.layer.0.SelfAttention.q,6,,$\delta_\text{ssc}$
quartz,transformer.encoder.block.1.layer.0.SelfAttention.k,7,,cross
quartz,transformer.encoder.block.1.layer.0.SelfAttention.k,7,,corr
quartz,transformer.encoder.block.1.layer.0.SelfAttention.k,7,,drift
quartz,transformer.encoder.block.1.layer.0.SelfAttention.k,7,,tot
quartz,transformer.encoder.block.1.layer.0.SelfAttention.k,7,,$\delta_\text{gsc}$
quartz,transformer.encoder.block.1.layer.0.SelfAttention.k,7,,$\delta_\text{ssc}$
quartz,transformer.encoder.block.1.layer.0.SelfAttention.v,8,0.06979874521493912,cross
quartz,transformer.encoder.block.1.layer.0.SelfAttention.v,8,0.08278074115514755,corr
quartz,transformer.encoder.block.1.layer.0.SelfAttention.v,8,0.07177197933197021,drift
quartz,transformer.encoder.block.1.layer.0.SelfAttention.v,8,0.08045417815446854,tot
quartz,transformer.encoder.block.1.layer.0.SelfAttention.v,8,-0.10045817494392395,$\delta_\text{gsc}$
quartz,transformer.encoder.block.1.layer.0.SelfAttention.v,8,-0.0434391126036644,$\delta_\text{ssc}$
quartz,transformer.encoder.block.1.layer.0.SelfAttention.o,9,0.12570048868656158,cross
quartz,transformer.encoder.block.1.layer.0.SelfAttention.o,9,0.14243805408477783,corr
quartz,transformer.encoder.block.1.layer.0.SelfAttention.o,9,0.0983116403222084,drift
quartz,transformer.encoder.block.1.layer.0.SelfAttention.o,9,0.0993417277932167,tot
quartz,transformer.encoder.block.1.layer.0.SelfAttention.o,9,-0.19994553923606873,$\delta_\text{gsc}$
quartz,transformer.encoder.block.1.layer.0.SelfAttention.o,9,-0.0671629086136818,$\delta_\text{ssc}$
quartz,transformer.encoder.block.1.layer.1.DenseReluDense.wi,10,0.0639757588505745,cross
quartz,transformer.encoder.block.1.layer.1.DenseReluDense.wi,10,0.08265972137451172,corr
quartz,transformer.encoder.block.1.layer.1.DenseReluDense.wi,10,0.07989800721406937,drift
quartz,transformer.encoder.block.1.layer.1.DenseReluDense.wi,10,0.09482116252183914,tot
quartz,transformer.encoder.block.1.layer.1.DenseReluDense.wi,10,-0.0860491469502449,$\delta_\text{gsc}$
quartz,transformer.encoder.block.1.layer.1.DenseReluDense.wi,10,-0.04566317796707153,$\delta_\text{ssc}$
quartz,transformer.encoder.block.1.layer.1.DenseReluDense.wo,11,0.06126060709357262,cross
quartz,transformer.encoder.block.1.layer.1.DenseReluDense.wo,11,0.07348717749118805,corr
quartz,transformer.encoder.block.1.layer.1.DenseReluDense.wo,11,0.1897878646850586,drift
quartz,transformer.encoder.block.1.layer.1.DenseReluDense.wo,11,0.1897810697555542,tot
quartz,transformer.encoder.block.1.layer.1.DenseReluDense.wo,11,-0.05780540406703949,$\delta_\text{gsc}$
quartz,transformer.encoder.block.1.layer.1.DenseReluDense.wo,11,-0.07694917917251587,$\delta_\text{ssc}$
quartz,transformer.encoder.block.2.layer.0.SelfAttention.q,12,,cross
quartz,transformer.encoder.block.2.layer.0.SelfAttention.q,12,,corr
quartz,transformer.encoder.block.2.layer.0.SelfAttention.q,12,,drift
quartz,transformer.encoder.block.2.layer.0.SelfAttention.q,12,,tot
quartz,transformer.encoder.block.2.layer.0.SelfAttention.q,12,,$\delta_\text{gsc}$
quartz,transformer.encoder.block.2.layer.0.SelfAttention.q,12,,$\delta_\text{ssc}$
quartz,transformer.encoder.block.2.layer.0.SelfAttention.k,13,,cross
quartz,transformer.encoder.block.2.layer.0.SelfAttention.k,13,,corr
quartz,transformer.encoder.block.2.layer.0.SelfAttention.k,13,,drift
quartz,transformer.encoder.block.2.layer.0.SelfAttention.k,13,,tot
quartz,transformer.encoder.block.2.layer.0.SelfAttention.k,13,,$\delta_\text{gsc}$
quartz,transformer.encoder.block.2.layer.0.SelfAttention.k,13,,$\delta_\text{ssc}$
quartz,transformer.encoder.block.2.layer.0.SelfAttention.v,14,0.07836519926786423,cross
quartz,transformer.encoder.block.2.layer.0.SelfAttention.v,14,0.09801547974348068,corr
quartz,transformer.encoder.block.2.layer.0.SelfAttention.v,14,0.08923960477113724,drift
quartz,transformer.encoder.block.2.layer.0.SelfAttention.v,14,0.08513989299535751,tot
quartz,transformer.encoder.block.2.layer.0.SelfAttention.v,14,-0.11994719505310059,$\delta_\text{gsc}$
quartz,transformer.encoder.block.2.layer.0.SelfAttention.v,14,-0.06053319573402405,$\delta_\text{ssc}$
quartz,transformer.encoder.block.2.layer.0.SelfAttention.o,15,0.10996951162815094,cross
quartz,transformer.encoder.block.2.layer.0.SelfAttention.o,15,0.12856075167655945,corr
quartz,transformer.encoder.block.2.layer.0.SelfAttention.o,15,0.127030149102211,drift
quartz,transformer.encoder.block.2.layer.0.SelfAttention.o,15,0.11358938366174698,tot
quartz,transformer.encoder.block.2.layer.0.SelfAttention.o,15,-0.1666724681854248,$\delta_\text{gsc}$
quartz,transformer.encoder.block.2.layer.0.SelfAttention.o,15,-0.0852985680103302,$\delta_\text{ssc}$
quartz,transformer.encoder.block.2.layer.1.DenseReluDense.wi,16,0.05542246624827385,cross
quartz,transformer.encoder.block.2.layer.1.DenseReluDense.wi,16,0.07587341964244843,corr
quartz,transformer.encoder.block.2.layer.1.DenseReluDense.wi,16,0.09134452044963837,drift
quartz,transformer.encoder.block.2.layer.1.DenseReluDense.wi,16,0.10675889253616333,tot
quartz,transformer.encoder.block.2.layer.1.DenseReluDense.wi,16,-0.06720621883869171,$\delta_\text{gsc}$
quartz,transformer.encoder.block.2.layer.1.DenseReluDense.wi,16,-0.0486752986907959,$\delta_\text{ssc}$
quartz,transformer.encoder.block.2.layer.1.DenseReluDense.wo,17,0.22524233162403107,cross
quartz,transformer.encoder.block.2.layer.1.DenseReluDense.wo,17,0.4468664824962616,corr
quartz,transformer.encoder.block.2.layer.1.DenseReluDense.wo,17,0.45095109939575195,drift
quartz,transformer.encoder.block.2.layer.1.DenseReluDense.wo,17,0.24590830504894257,tot
quartz,transformer.encoder.block.2.layer.1.DenseReluDense.wo,17,-0.31424444913864136,$\delta_\text{gsc}$
quartz,transformer.encoder.block.2.layer.1.DenseReluDense.wo,17,-0.5629071593284607,$\delta_\text{ssc}$
quartz,transformer.encoder.block.3.layer.0.SelfAttention.q,18,,cross
quartz,transformer.encoder.block.3.layer.0.SelfAttention.q,18,,corr
quartz,transformer.encoder.block.3.layer.0.SelfAttention.q,18,,drift
quartz,transformer.encoder.block.3.layer.0.SelfAttention.q,18,,tot
quartz,transformer.encoder.block.3.layer.0.SelfAttention.q,18,,$\delta_\text{gsc}$
quartz,transformer.encoder.block.3.layer.0.SelfAttention.q,18,,$\delta_\text{ssc}$
quartz,transformer.encoder.block.3.layer.0.SelfAttention.k,19,,cross
quartz,transformer.encoder.block.3.layer.0.SelfAttention.k,19,,corr
quartz,transformer.encoder.block.3.layer.0.SelfAttention.k,19,,drift
quartz,transformer.encoder.block.3.layer.0.SelfAttention.k,19,,tot
quartz,transformer.encoder.block.3.layer.0.SelfAttention.k,19,,$\delta_\text{gsc}$
quartz,transformer.encoder.block.3.layer.0.SelfAttention.k,19,,$\delta_\text{ssc}$
quartz,transformer.encoder.block.3.layer.0.SelfAttention.v,20,0.08077970892190933,cross
quartz,transformer.encoder.block.3.layer.0.SelfAttention.v,20,0.1039811298251152,corr
quartz,transformer.encoder.block.3.layer.0.SelfAttention.v,20,0.12676362693309784,drift
quartz,transformer.encoder.block.3.layer.0.SelfAttention.v,20,0.11980755627155304,tot
quartz,transformer.encoder.block.3.layer.0.SelfAttention.v,20,-0.12079698592424393,$\delta_\text{gsc}$
quartz,transformer.encoder.block.3.layer.0.SelfAttention.v,20,-0.07091992348432541,$\delta_\text{ssc}$
quartz,transformer.encoder.block.3.layer.0.SelfAttention.o,21,0.0859883576631546,cross
quartz,transformer.encoder.block.3.layer.0.SelfAttention.o,21,0.10302985459566116,corr
quartz,transformer.encoder.block.3.layer.0.SelfAttention.o,21,0.16726216673851013,drift
quartz,transformer.encoder.block.3.layer.0.SelfAttention.o,21,0.15100111067295074,tot
quartz,transformer.encoder.block.3.layer.0.SelfAttention.o,21,-0.12172746658325195,$\delta_\text{gsc}$
quartz,transformer.encoder.block.3.layer.0.SelfAttention.o,21,-0.0835518017411232,$\delta_\text{ssc}$
quartz,transformer.encoder.block.3.layer.1.DenseReluDense.wi,22,0.059203632175922394,cross
quartz,transformer.encoder.block.3.layer.1.DenseReluDense.wi,22,0.07751115411520004,corr
quartz,transformer.encoder.block.3.layer.1.DenseReluDense.wi,22,0.10037785768508911,drift
quartz,transformer.encoder.block.3.layer.1.DenseReluDense.wi,22,0.09711536765098572,tot
quartz,transformer.encoder.block.3.layer.1.DenseReluDense.wi,22,-0.08759766072034836,$\delta_\text{gsc}$
quartz,transformer.encoder.block.3.layer.1.DenseReluDense.wi,22,-0.05237961560487747,$\delta_\text{ssc}$
quartz,transformer.encoder.block.3.layer.1.DenseReluDense.wo,23,0.11299605667591095,cross
quartz,transformer.encoder.block.3.layer.1.DenseReluDense.wo,23,0.38593789935112,corr
quartz,transformer.encoder.block.3.layer.1.DenseReluDense.wo,23,0.44149860739707947,drift
quartz,transformer.encoder.block.3.layer.1.DenseReluDense.wo,23,0.2805541753768921,tot
quartz,transformer.encoder.block.3.layer.1.DenseReluDense.wo,23,-0.1312352567911148,$\delta_\text{gsc}$
quartz,transformer.encoder.block.3.layer.1.DenseReluDense.wo,23,-0.5286431312561035,$\delta_\text{ssc}$
quartz,transformer.encoder.block.4.layer.0.SelfAttention.q,24,,cross
quartz,transformer.encoder.block.4.layer.0.SelfAttention.q,24,,corr
quartz,transformer.encoder.block.4.layer.0.SelfAttention.q,24,,drift
quartz,transformer.encoder.block.4.layer.0.SelfAttention.q,24,,tot
quartz,transformer.encoder.block.4.layer.0.SelfAttention.q,24,,$\delta_\text{gsc}$
quartz,transformer.encoder.block.4.layer.0.SelfAttention.q,24,,$\delta_\text{ssc}$
quartz,transformer.encoder.block.4.layer.0.SelfAttention.k,25,,cross
quartz,transformer.encoder.block.4.layer.0.SelfAttention.k,25,,corr
quartz,transformer.encoder.block.4.layer.0.SelfAttention.k,25,,drift
quartz,transformer.encoder.block.4.layer.0.SelfAttention.k,25,,tot
quartz,transformer.encoder.block.4.layer.0.SelfAttention.k,25,,$\delta_\text{gsc}$
quartz,transformer.encoder.block.4.layer.0.SelfAttention.k,25,,$\delta_\text{ssc}$
quartz,transformer.encoder.block.4.layer.0.SelfAttention.v,26,0.06868632882833481,cross
quartz,transformer.encoder.block.4.layer.0.SelfAttention.v,26,0.08360999077558517,corr
quartz,transformer.encoder.block.4.layer.0.SelfAttention.v,26,0.1701812744140625,drift
quartz,transformer.encoder.block.4.layer.0.SelfAttention.v,26,0.15956425666809082,tot
quartz,transformer.encoder.block.4.layer.0.SelfAttention.v,26,-0.0972338393330574,$\delta_\text{gsc}$
quartz,transformer.encoder.block.4.layer.0.SelfAttention.v,26,-0.06567949801683426,$\delta_\text{ssc}$
quartz,transformer.encoder.block.4.layer.0.SelfAttention.o,27,0.12992151081562042,cross
quartz,transformer.encoder.block.4.layer.0.SelfAttention.o,27,0.1336589902639389,corr
quartz,transformer.encoder.block.4.layer.0.SelfAttention.o,27,0.22566601634025574,drift
quartz,transformer.encoder.block.4.layer.0.SelfAttention.o,27,0.2107924520969391,tot
quartz,transformer.encoder.block.4.layer.0.SelfAttention.o,27,-0.19159318506717682,$\delta_\text{gsc}$
quartz,transformer.encoder.block.4.layer.0.SelfAttention.o,27,-0.08686088025569916,$\delta_\text{ssc}$
quartz,transformer.encoder.block.4.layer.1.DenseReluDense.wi,28,0.049166277050971985,cross
quartz,transformer.encoder.block.4.layer.1.DenseReluDense.wi,28,0.06977903097867966,corr
quartz,transformer.encoder.block.4.layer.1.DenseReluDense.wi,28,0.13962414860725403,drift
quartz,transformer.encoder.block.4.layer.1.DenseReluDense.wi,28,0.12826676666736603,tot
quartz,transformer.encoder.block.4.layer.1.DenseReluDense.wi,28,-0.07349953055381775,$\delta_\text{gsc}$
quartz,transformer.encoder.block.4.layer.1.DenseReluDense.wi,28,-0.05680315941572189,$\delta_\text{ssc}$
quartz,transformer.encoder.block.4.layer.1.DenseReluDense.wo,29,0.23375822603702545,cross
quartz,transformer.encoder.block.4.layer.1.DenseReluDense.wo,29,0.4335169494152069,corr
quartz,transformer.encoder.block.4.layer.1.DenseReluDense.wo,29,0.4916906952857971,drift
quartz,transformer.encoder.block.4.layer.1.DenseReluDense.wo,29,0.3469700217247009,tot
quartz,transformer.encoder.block.4.layer.1.DenseReluDense.wo,29,-0.2978646755218506,$\delta_\text{gsc}$
quartz,transformer.encoder.block.4.layer.1.DenseReluDense.wo,29,-0.5141311883926392,$\delta_\text{ssc}$
quartz,transformer.encoder.block.5.layer.0.SelfAttention.q,30,,cross
quartz,transformer.encoder.block.5.layer.0.SelfAttention.q,30,,corr
quartz,transformer.encoder.block.5.layer.0.SelfAttention.q,30,,drift
quartz,transformer.encoder.block.5.layer.0.SelfAttention.q,30,,tot
quartz,transformer.encoder.block.5.layer.0.SelfAttention.q,30,,$\delta_\text{gsc}$
quartz,transformer.encoder.block.5.layer.0.SelfAttention.q,30,,$\delta_\text{ssc}$
quartz,transformer.encoder.block.5.layer.0.SelfAttention.k,31,,cross
quartz,transformer.encoder.block.5.layer.0.SelfAttention.k,31,,corr
quartz,transformer.encoder.block.5.layer.0.SelfAttention.k,31,,drift
quartz,transformer.encoder.block.5.layer.0.SelfAttention.k,31,,tot
quartz,transformer.encoder.block.5.layer.0.SelfAttention.k,31,,$\delta_\text{gsc}$
quartz,transformer.encoder.block.5.layer.0.SelfAttention.k,31,,$\delta_\text{ssc}$
quartz,transformer.encoder.block.5.layer.0.SelfAttention.v,32,0.12041255831718445,cross
quartz,transformer.encoder.block.5.layer.0.SelfAttention.v,32,0.12545174360275269,corr
quartz,transformer.encoder.block.5.layer.0.SelfAttention.v,32,0.19661900401115417,drift
quartz,transformer.encoder.block.5.layer.0.SelfAttention.v,32,0.1785569041967392,tot
quartz,transformer.encoder.block.5.layer.0.SelfAttention.v,32,-0.1837020367383957,$\delta_\text{gsc}$
quartz,transformer.encoder.block.5.layer.0.SelfAttention.v,32,-0.08022436499595642,$\delta_\text{ssc}$
quartz,transformer.encoder.block.5.layer.0.SelfAttention.o,33,0.1863875836133957,cross
quartz,transformer.encoder.block.5.layer.0.SelfAttention.o,33,0.18435649573802948,corr
quartz,transformer.encoder.block.5.layer.0.SelfAttention.o,33,0.2459295243024826,drift
quartz,transformer.encoder.block.5.layer.0.SelfAttention.o,33,0.2183602899312973,tot
quartz,transformer.encoder.block.5.layer.0.SelfAttention.o,33,-0.274605929851532,$\delta_\text{gsc}$
quartz,transformer.encoder.block.5.layer.0.SelfAttention.o,33,-0.12370738387107849,$\delta_\text{ssc}$
quartz,transformer.encoder.block.5.layer.1.DenseReluDense.wi,34,0.06393174082040787,cross
quartz,transformer.encoder.block.5.layer.1.DenseReluDense.wi,34,0.08736894279718399,corr
quartz,transformer.encoder.block.5.layer.1.DenseReluDense.wi,34,0.17416499555110931,drift
quartz,transformer.encoder.block.5.layer.1.DenseReluDense.wi,34,0.1505630761384964,tot
quartz,transformer.encoder.block.5.layer.1.DenseReluDense.wi,34,-0.09532428532838821,$\delta_\text{gsc}$
quartz,transformer.encoder.block.5.layer.1.DenseReluDense.wi,34,-0.07957831770181656,$\delta_\text{ssc}$
quartz,transformer.encoder.block.5.layer.1.DenseReluDense.wo,35,0.2104005217552185,cross
quartz,transformer.encoder.block.5.layer.1.DenseReluDense.wo,35,0.39707714319229126,corr
quartz,transformer.encoder.block.5.layer.1.DenseReluDense.wo,35,0.45424574613571167,drift
quartz,transformer.encoder.block.5.layer.1.DenseReluDense.wo,35,0.2938671410083771,tot
quartz,transformer.encoder.block.5.layer.1.DenseReluDense.wo,35,-0.31067171692848206,$\delta_\text{gsc}$
quartz,transformer.encoder.block.5.layer.1.DenseReluDense.wo,35,-0.4571845531463623,$\delta_\text{ssc}$
quartz,transformer.encoder.block.6.layer.0.SelfAttention.q,36,,cross
quartz,transformer.encoder.block.6.layer.0.SelfAttention.q,36,,corr
quartz,transformer.encoder.block.6.layer.0.SelfAttention.q,36,,drift
quartz,transformer.encoder.block.6.layer.0.SelfAttention.q,36,,tot
quartz,transformer.encoder.block.6.layer.0.SelfAttention.q,36,,$\delta_\text{gsc}$
quartz,transformer.encoder.block.6.layer.0.SelfAttention.q,36,,$\delta_\text{ssc}$
quartz,transformer.encoder.block.6.layer.0.SelfAttention.k,37,,cross
quartz,transformer.encoder.block.6.layer.0.SelfAttention.k,37,,corr
quartz,transformer.encoder.block.6.layer.0.SelfAttention.k,37,,drift
quartz,transformer.encoder.block.6.layer.0.SelfAttention.k,37,,tot
quartz,transformer.encoder.block.6.layer.0.SelfAttention.k,37,,$\delta_\text{gsc}$
quartz,transformer.encoder.block.6.layer.0.SelfAttention.k,37,,$\delta_\text{ssc}$
quartz,transformer.encoder.block.6.layer.0.SelfAttention.v,38,0.10099644213914871,cross
quartz,transformer.encoder.block.6.layer.0.SelfAttention.v,38,0.09576880931854248,corr
quartz,transformer.encoder.block.6.layer.0.SelfAttention.v,38,0.25210729241371155,drift
quartz,transformer.encoder.block.6.layer.0.SelfAttention.v,38,0.23113387823104858,tot
quartz,transformer.encoder.block.6.layer.0.SelfAttention.v,38,-0.1502888798713684,$\delta_\text{gsc}$
quartz,transformer.encoder.block.6.layer.0.SelfAttention.v,38,-0.06744977831840515,$\delta_\text{ssc}$
quartz,transformer.encoder.block.6.layer.0.SelfAttention.o,39,0.12108010798692703,cross
quartz,transformer.encoder.block.6.layer.0.SelfAttention.o,39,0.11992436647415161,corr
quartz,transformer.encoder.block.6.layer.0.SelfAttention.o,39,0.28174611926078796,drift
quartz,transformer.encoder.block.6.layer.0.SelfAttention.o,39,0.2609402537345886,tot
quartz,transformer.encoder.block.6.layer.0.SelfAttention.o,39,-0.16875585913658142,$\delta_\text{gsc}$
quartz,transformer.encoder.block.6.layer.0.SelfAttention.o,39,-0.09305447340011597,$\delta_\text{ssc}$
quartz,transformer.encoder.block.6.layer.1.DenseReluDense.wi,40,0.07466108351945877,cross
quartz,transformer.encoder.block.6.layer.1.DenseReluDense.wi,40,0.09005965292453766,corr
quartz,transformer.encoder.block.6.layer.1.DenseReluDense.wi,40,0.21774862706661224,drift
quartz,transformer.encoder.block.6.layer.1.DenseReluDense.wi,40,0.1929171085357666,tot
quartz,transformer.encoder.block.6.layer.1.DenseReluDense.wi,40,-0.11469729989767075,$\delta_\text{gsc}$
quartz,transformer.encoder.block.6.layer.1.DenseReluDense.wi,40,-0.07485495507717133,$\delta_\text{ssc}$
quartz,transformer.encoder.block.6.layer.1.DenseReluDense.wo,41,0.12343205511569977,cross
quartz,transformer.encoder.block.6.layer.1.DenseReluDense.wo,41,0.30297383666038513,corr
quartz,transformer.encoder.block.6.layer.1.DenseReluDense.wo,41,0.45110833644866943,drift
quartz,transformer.encoder.block.6.layer.1.DenseReluDense.wo,41,0.34996452927589417,tot
quartz,transformer.encoder.block.6.layer.1.DenseReluDense.wo,41,-0.1486477106809616,$\delta_\text{gsc}$
quartz,transformer.encoder.block.6.layer.1.DenseReluDense.wo,41,-0.37890198826789856,$\delta_\text{ssc}$
quartz,transformer.encoder.block.7.layer.0.SelfAttention.q,42,,cross
quartz,transformer.encoder.block.7.layer.0.SelfAttention.q,42,,corr
quartz,transformer.encoder.block.7.layer.0.SelfAttention.q,42,,drift
quartz,transformer.encoder.block.7.layer.0.SelfAttention.q,42,,tot
quartz,transformer.encoder.block.7.layer.0.SelfAttention.q,42,,$\delta_\text{gsc}$
quartz,transformer.encoder.block.7.layer.0.SelfAttention.q,42,,$\delta_\text{ssc}$
quartz,transformer.encoder.block.7.layer.0.SelfAttention.k,43,,cross
quartz,transformer.encoder.block.7.layer.0.SelfAttention.k,43,,corr
quartz,transformer.encoder.block.7.layer.0.SelfAttention.k,43,,drift
quartz,transformer.encoder.block.7.layer.0.SelfAttention.k,43,,tot
quartz,transformer.encoder.block.7.layer.0.SelfAttention.k,43,,$\delta_\text{gsc}$
quartz,transformer.encoder.block.7.layer.0.SelfAttention.k,43,,$\delta_\text{ssc}$
quartz,transformer.encoder.block.7.layer.0.SelfAttention.v,44,0.06845075637102127,cross
quartz,transformer.encoder.block.7.layer.0.SelfAttention.v,44,0.060560714453458786,corr
quartz,transformer.encoder.block.7.layer.0.SelfAttention.v,44,0.29194140434265137,drift
quartz,transformer.encoder.block.7.layer.0.SelfAttention.v,44,0.279879093170166,tot
quartz,transformer.encoder.block.7.layer.0.SelfAttention.v,44,-0.09698405861854553,$\delta_\text{gsc}$
quartz,transformer.encoder.block.7.layer.0.SelfAttention.v,44,-0.04408971965312958,$\delta_\text{ssc}$
quartz,transformer.encoder.block.7.layer.0.SelfAttention.o,45,0.07737821340560913,cross
quartz,transformer.encoder.block.7.layer.0.SelfAttention.o,45,0.06835280358791351,corr
quartz,transformer.encoder.block.7.layer.0.SelfAttention.o,45,0.33326035737991333,drift
quartz,transformer.encoder.block.7.layer.0.SelfAttention.o,45,0.32320594787597656,tot
quartz,transformer.encoder.block.7.layer.0.SelfAttention.o,45,-0.10441228747367859,$\delta_\text{gsc}$
quartz,transformer.encoder.block.7.layer.0.SelfAttention.o,45,-0.05137312412261963,$\delta_\text{ssc}$
quartz,transformer.encoder.block.7.layer.1.DenseReluDense.wi,46,0.05252480134367943,cross
quartz,transformer.encoder.block.7.layer.1.DenseReluDense.wi,46,0.06340405344963074,corr
quartz,transformer.encoder.block.7.layer.1.DenseReluDense.wi,46,0.26763561367988586,drift
quartz,transformer.encoder.block.7.layer.1.DenseReluDense.wi,46,0.2531577944755554,tot
quartz,transformer.encoder.block.7.layer.1.DenseReluDense.wi,46,-0.07867297530174255,$\delta_\text{gsc}$
quartz,transformer.encoder.block.7.layer.1.DenseReluDense.wi,46,-0.051733702421188354,$\delta_\text{ssc}$
quartz,transformer.encoder.block.7.layer.1.DenseReluDense.wo,47,0.13380450010299683,cross
quartz,transformer.encoder.block.7.layer.1.DenseReluDense.wo,47,0.2444036304950714,corr
quartz,transformer.encoder.block.7.layer.1.DenseReluDense.wo,47,0.45757555961608887,drift
quartz,transformer.encoder.block.7.layer.1.DenseReluDense.wo,47,0.4236472547054291,tot
quartz,transformer.encoder.block.7.layer.1.DenseReluDense.wo,47,-0.14292651414871216,$\delta_\text{gsc}$
quartz,transformer.encoder.block.7.layer.1.DenseReluDense.wo,47,-0.26920992136001587,$\delta_\text{ssc}$
quartz,transformer.encoder.block.8.layer.0.SelfAttention.q,48,,cross
quartz,transformer.encoder.block.8.layer.0.SelfAttention.q,48,,corr
quartz,transformer.encoder.block.8.layer.0.SelfAttention.q,48,,drift
quartz,transformer.encoder.block.8.layer.0.SelfAttention.q,48,,tot
quartz,transformer.encoder.block.8.layer.0.SelfAttention.q,48,,$\delta_\text{gsc}$
quartz,transformer.encoder.block.8.layer.0.SelfAttention.q,48,,$\delta_\text{ssc}$
quartz,transformer.encoder.block.8.layer.0.SelfAttention.k,49,,cross
quartz,transformer.encoder.block.8.layer.0.SelfAttention.k,49,,corr
quartz,transformer.encoder.block.8.layer.0.SelfAttention.k,49,,drift
quartz,transformer.encoder.block.8.layer.0.SelfAttention.k,49,,tot
quartz,transformer.encoder.block.8.layer.0.SelfAttention.k,49,,$\delta_\text{gsc}$
quartz,transformer.encoder.block.8.layer.0.SelfAttention.k,49,,$\delta_\text{ssc}$
quartz,transformer.encoder.block.8.layer.0.SelfAttention.v,50,0.04396573826670647,cross
quartz,transformer.encoder.block.8.layer.0.SelfAttention.v,50,0.04169871658086777,corr
quartz,transformer.encoder.block.8.layer.0.SelfAttention.v,50,0.30579227209091187,drift
quartz,transformer.encoder.block.8.layer.0.SelfAttention.v,50,0.3002168536186218,tot
quartz,transformer.encoder.block.8.layer.0.SelfAttention.v,50,-0.05849531292915344,$\delta_\text{gsc}$
quartz,transformer.encoder.block.8.layer.0.SelfAttention.v,50,-0.03274455666542053,$\delta_\text{ssc}$
quartz,transformer.encoder.block.8.layer.0.SelfAttention.o,51,0.0571102499961853,cross
quartz,transformer.encoder.block.8.layer.0.SelfAttention.o,51,0.048112254589796066,corr
quartz,transformer.encoder.block.8.layer.0.SelfAttention.o,51,0.3215596377849579,drift
quartz,transformer.encoder.block.8.layer.0.SelfAttention.o,51,0.3184759318828583,tot
quartz,transformer.encoder.block.8.layer.0.SelfAttention.o,51,-0.07072675228118896,$\delta_\text{gsc}$
quartz,transformer.encoder.block.8.layer.0.SelfAttention.o,51,-0.03757944703102112,$\delta_\text{ssc}$
quartz,transformer.encoder.block.8.layer.1.DenseReluDense.wi,52,0.04796510934829712,cross
quartz,transformer.encoder.block.8.layer.1.DenseReluDense.wi,52,0.05166520178318024,corr
quartz,transformer.encoder.block.8.layer.1.DenseReluDense.wi,52,0.27281245589256287,drift
quartz,transformer.encoder.block.8.layer.1.DenseReluDense.wi,52,0.26095953583717346,tot
quartz,transformer.encoder.block.8.layer.1.DenseReluDense.wi,52,-0.06633040308952332,$\delta_\text{gsc}$
quartz,transformer.encoder.block.8.layer.1.DenseReluDense.wi,52,-0.045152828097343445,$\delta_\text{ssc}$
quartz,transformer.encoder.block.8.layer.1.DenseReluDense.wo,53,0.11753014475107193,cross
quartz,transformer.encoder.block.8.layer.1.DenseReluDense.wo,53,0.10159488022327423,corr
quartz,transformer.encoder.block.8.layer.1.DenseReluDense.wo,53,0.4059598743915558,drift
quartz,transformer.encoder.block.8.layer.1.DenseReluDense.wo,53,0.4053288996219635,tot
quartz,transformer.encoder.block.8.layer.1.DenseReluDense.wo,53,-0.12761738896369934,$\delta_\text{gsc}$
quartz,transformer.encoder.block.8.layer.1.DenseReluDense.wo,53,-0.0921386182308197,$\delta_\text{ssc}$
quartz,transformer.encoder.block.9.layer.0.SelfAttention.q,54,,cross
quartz,transformer.encoder.block.9.layer.0.SelfAttention.q,54,,corr
quartz,transformer.encoder.block.9.layer.0.SelfAttention.q,54,,drift
quartz,transformer.encoder.block.9.layer.0.SelfAttention.q,54,,tot
quartz,transformer.encoder.block.9.layer.0.SelfAttention.q,54,,$\delta_\text{gsc}$
quartz,transformer.encoder.block.9.layer.0.SelfAttention.q,54,,$\delta_\text{ssc}$
quartz,transformer.encoder.block.9.layer.0.SelfAttention.k,55,,cross
quartz,transformer.encoder.block.9.layer.0.SelfAttention.k,55,,corr
quartz,transformer.encoder.block.9.layer.0.SelfAttention.k,55,,drift
quartz,transformer.encoder.block.9.layer.0.SelfAttention.k,55,,tot
quartz,transformer.encoder.block.9.layer.0.SelfAttention.k,55,,$\delta_\text{gsc}$
quartz,transformer.encoder.block.9.layer.0.SelfAttention.k,55,,$\delta_\text{ssc}$
quartz,transformer.encoder.block.9.layer.0.SelfAttention.v,56,0.04838992655277252,cross
quartz,transformer.encoder.block.9.layer.0.SelfAttention.v,56,0.04467373713850975,corr
quartz,transformer.encoder.block.9.layer.0.SelfAttention.v,56,0.3116679787635803,drift
quartz,transformer.encoder.block.9.layer.0.SelfAttention.v,56,0.30808767676353455,tot
quartz,transformer.encoder.block.9.layer.0.SelfAttention.v,56,-0.06162884831428528,$\delta_\text{gsc}$
quartz,transformer.encoder.block.9.layer.0.SelfAttention.v,56,-0.03501513600349426,$\delta_\text{ssc}$
quartz,transformer.encoder.block.9.layer.0.SelfAttention.o,57,0.10111264884471893,cross
quartz,transformer.encoder.block.9.layer.0.SelfAttention.o,57,0.07894331961870193,corr
quartz,transformer.encoder.block.9.layer.0.SelfAttention.o,57,0.32028406858444214,drift
quartz,transformer.encoder.block.9.layer.0.SelfAttention.o,57,0.3152324855327606,tot
quartz,transformer.encoder.block.9.layer.0.SelfAttention.o,57,-0.1232137531042099,$\delta_\text{gsc}$
quartz,transformer.encoder.block.9.layer.0.SelfAttention.o,57,-0.06189379096031189,$\delta_\text{ssc}$
quartz,transformer.encoder.block.9.layer.1.DenseReluDense.wi,58,0.06111203506588936,cross
quartz,transformer.encoder.block.9.layer.1.DenseReluDense.wi,58,0.04340589791536331,corr
quartz,transformer.encoder.block.9.layer.1.DenseReluDense.wi,58,0.2885211706161499,drift
quartz,transformer.encoder.block.9.layer.1.DenseReluDense.wi,58,0.27893972396850586,tot
quartz,transformer.encoder.block.9.layer.1.DenseReluDense.wi,58,-0.08731521666049957,$\delta_\text{gsc}$
quartz,transformer.encoder.block.9.layer.1.DenseReluDense.wi,58,-0.026784151792526245,$\delta_\text{ssc}$
quartz,transformer.encoder.block.9.layer.1.DenseReluDense.wo,59,0.1241133064031601,cross
quartz,transformer.encoder.block.9.layer.1.DenseReluDense.wo,59,0.07695522159337997,corr
quartz,transformer.encoder.block.9.layer.1.DenseReluDense.wo,59,0.4316352307796478,drift
quartz,transformer.encoder.block.9.layer.1.DenseReluDense.wo,59,0.4317086935043335,tot
quartz,transformer.encoder.block.9.layer.1.DenseReluDense.wo,59,-0.1276463270187378,$\delta_\text{gsc}$
quartz,transformer.encoder.block.9.layer.1.DenseReluDense.wo,59,-0.0733487606048584,$\delta_\text{ssc}$
quartz,transformer.encoder.block.10.layer.0.SelfAttention.q,60,,cross
quartz,transformer.encoder.block.10.layer.0.SelfAttention.q,60,,corr
quartz,transformer.encoder.block.10.layer.0.SelfAttention.q,60,,drift
quartz,transformer.encoder.block.10.layer.0.SelfAttention.q,60,,tot
quartz,transformer.encoder.block.10.layer.0.SelfAttention.q,60,,$\delta_\text{gsc}$
quartz,transformer.encoder.block.10.layer.0.SelfAttention.q,60,,$\delta_\text{ssc}$
quartz,transformer.encoder.block.10.layer.0.SelfAttention.k,61,,cross
quartz,transformer.encoder.block.10.layer.0.SelfAttention.k,61,,corr
quartz,transformer.encoder.block.10.layer.0.SelfAttention.k,61,,drift
quartz,transformer.encoder.block.10.layer.0.SelfAttention.k,61,,tot
quartz,transformer.encoder.block.10.layer.0.SelfAttention.k,61,,$\delta_\text{gsc}$
quartz,transformer.encoder.block.10.layer.0.SelfAttention.k,61,,$\delta_\text{ssc}$
quartz,transformer.encoder.block.10.layer.0.SelfAttention.v,62,0.03523189201951027,cross
quartz,transformer.encoder.block.10.layer.0.SelfAttention.v,62,0.025885002687573433,corr
quartz,transformer.encoder.block.10.layer.0.SelfAttention.v,62,0.32695576548576355,drift
quartz,transformer.encoder.block.10.layer.0.SelfAttention.v,62,0.3260122835636139,tot
quartz,transformer.encoder.block.10.layer.0.SelfAttention.v,62,-0.04450863599777222,$\delta_\text{gsc}$
quartz,transformer.encoder.block.10.layer.0.SelfAttention.v,62,-0.01755174994468689,$\delta_\text{ssc}$
quartz,transformer.encoder.block.10.layer.0.SelfAttention.o,63,0.06060624495148659,cross
quartz,transformer.encoder.block.10.layer.0.SelfAttention.o,63,0.02574518509209156,corr
quartz,transformer.encoder.block.10.layer.0.SelfAttention.o,63,0.3348105549812317,drift
quartz,transformer.encoder.block.10.layer.0.SelfAttention.o,63,0.3335229754447937,tot
quartz,transformer.encoder.block.10.layer.0.SelfAttention.o,63,-0.07164224982261658,$\delta_\text{gsc}$
quartz,transformer.encoder.block.10.layer.0.SelfAttention.o,63,-0.01599675416946411,$\delta_\text{ssc}$
quartz,transformer.encoder.block.10.layer.1.DenseReluDense.wi,64,0.08403826504945755,cross
quartz,transformer.encoder.block.10.layer.1.DenseReluDense.wi,64,0.05570126697421074,corr
quartz,transformer.encoder.block.10.layer.1.DenseReluDense.wi,64,0.31002724170684814,drift
quartz,transformer.encoder.block.10.layer.1.DenseReluDense.wi,64,0.3039621412754059,tot
quartz,transformer.encoder.block.10.layer.1.DenseReluDense.wi,64,-0.11229267716407776,$\delta_\text{gsc}$
quartz,transformer.encoder.block.10.layer.1.DenseReluDense.wi,64,-0.0335119366645813,$\delta_\text{ssc}$
quartz,transformer.encoder.block.10.layer.1.DenseReluDense.wo,65,0.13254545629024506,cross
quartz,transformer.encoder.block.10.layer.1.DenseReluDense.wo,65,0.06886103004217148,corr
quartz,transformer.encoder.block.10.layer.1.DenseReluDense.wo,65,0.3885847330093384,drift
quartz,transformer.encoder.block.10.layer.1.DenseReluDense.wo,65,0.374308705329895,tot
quartz,transformer.encoder.block.10.layer.1.DenseReluDense.wo,65,-0.14738740026950836,$\delta_\text{gsc}$
quartz,transformer.encoder.block.10.layer.1.DenseReluDense.wo,65,-0.06829512119293213,$\delta_\text{ssc}$
quartz,transformer.encoder.block.11.layer.0.SelfAttention.q,66,,cross
quartz,transformer.encoder.block.11.layer.0.SelfAttention.q,66,,corr
quartz,transformer.encoder.block.11.layer.0.SelfAttention.q,66,,drift
quartz,transformer.encoder.block.11.layer.0.SelfAttention.q,66,,tot
quartz,transformer.encoder.block.11.layer.0.SelfAttention.q,66,,$\delta_\text{gsc}$
quartz,transformer.encoder.block.11.layer.0.SelfAttention.q,66,,$\delta_\text{ssc}$
quartz,transformer.encoder.block.11.layer.0.SelfAttention.k,67,,cross
quartz,transformer.encoder.block.11.layer.0.SelfAttention.k,67,,corr
quartz,transformer.encoder.block.11.layer.0.SelfAttention.k,67,,drift
quartz,transformer.encoder.block.11.layer.0.SelfAttention.k,67,,tot
quartz,transformer.encoder.block.11.layer.0.SelfAttention.k,67,,$\delta_\text{gsc}$
quartz,transformer.encoder.block.11.layer.0.SelfAttention.k,67,,$\delta_\text{ssc}$
quartz,transformer.encoder.block.11.layer.0.SelfAttention.v,68,0.03966063633561134,cross
quartz,transformer.encoder.block.11.layer.0.SelfAttention.v,68,0.02536381594836712,corr
quartz,transformer.encoder.block.11.layer.0.SelfAttention.v,68,0.33137744665145874,drift
quartz,transformer.encoder.block.11.layer.0.SelfAttention.v,68,0.3295675218105316,tot
quartz,transformer.encoder.block.11.layer.0.SelfAttention.v,68,-0.05015847086906433,$\delta_\text{gsc}$
quartz,transformer.encoder.block.11.layer.0.SelfAttention.v,68,-0.016675889492034912,$\delta_\text{ssc}$
quartz,transformer.encoder.block.11.layer.0.SelfAttention.o,69,0.04833665117621422,cross
quartz,transformer.encoder.block.11.layer.0.SelfAttention.o,69,0.02452872321009636,corr
quartz,transformer.encoder.block.11.layer.0.SelfAttention.o,69,0.3230423927307129,drift
quartz,transformer.encoder.block.11.layer.0.SelfAttention.o,69,0.3237837553024292,tot
quartz,transformer.encoder.block.11.layer.0.SelfAttention.o,69,-0.057706981897354126,$\delta_\text{gsc}$
quartz,transformer.encoder.block.11.layer.0.SelfAttention.o,69,-0.014417022466659546,$\delta_\text{ssc}$
quartz,transformer.encoder.block.11.layer.1.DenseReluDense.wi,70,0.10014213621616364,cross
quartz,transformer.encoder.block.11.layer.1.DenseReluDense.wi,70,0.06570491194725037,corr
quartz,transformer.encoder.block.11.layer.1.DenseReluDense.wi,70,0.32977423071861267,drift
quartz,transformer.encoder.block.11.layer.1.DenseReluDense.wi,70,0.3253040015697479,tot
quartz,transformer.encoder.block.11.layer.1.DenseReluDense.wi,70,-0.12567900121212006,$\delta_\text{gsc}$
quartz,transformer.encoder.block.11.layer.1.DenseReluDense.wi,70,-0.04463827610015869,$\delta_\text{ssc}$
quartz,transformer.encoder.block.11.layer.1.DenseReluDense.wo,71,0.15153594315052032,cross
quartz,transformer.encoder.block.11.layer.1.DenseReluDense.wo,71,0.03124576434493065,corr
quartz,transformer.encoder.block.11.layer.1.DenseReluDense.wo,71,0.4952318072319031,drift
quartz,transformer.encoder.block.11.layer.1.DenseReluDense.wo,71,0.4669802784919739,tot
quartz,transformer.encoder.block.11.layer.1.DenseReluDense.wo,71,-0.17672890424728394,$\delta_\text{gsc}$
quartz,transformer.encoder.block.11.layer.1.DenseReluDense.wo,71,-0.03430432081222534,$\delta_\text{ssc}$
quartz,transformer.decoder.block.0.layer.0.SelfAttention.q,72,,cross
quartz,transformer.decoder.block.0.layer.0.SelfAttention.q,72,,corr
quartz,transformer.decoder.block.0.layer.0.SelfAttention.q,72,,drift
quartz,transformer.decoder.block.0.layer.0.SelfAttention.q,72,,tot
quartz,transformer.decoder.block.0.layer.0.SelfAttention.q,72,,$\delta_\text{gsc}$
quartz,transformer.decoder.block.0.layer.0.SelfAttention.q,72,,$\delta_\text{ssc}$
quartz,transformer.decoder.block.0.layer.0.SelfAttention.k,73,,cross
quartz,transformer.decoder.block.0.layer.0.SelfAttention.k,73,,corr
quartz,transformer.decoder.block.0.layer.0.SelfAttention.k,73,,drift
quartz,transformer.decoder.block.0.layer.0.SelfAttention.k,73,,tot
quartz,transformer.decoder.block.0.layer.0.SelfAttention.k,73,,$\delta_\text{gsc}$
quartz,transformer.decoder.block.0.layer.0.SelfAttention.k,73,,$\delta_\text{ssc}$
quartz,transformer.decoder.block.0.layer.0.SelfAttention.v,74,0.028824899345636368,cross
quartz,transformer.decoder.block.0.layer.0.SelfAttention.v,74,0.012570057064294815,corr
quartz,transformer.decoder.block.0.layer.0.SelfAttention.v,74,0.023625126108527184,drift
quartz,transformer.decoder.block.0.layer.0.SelfAttention.v,74,0.008624587208032608,tot
quartz,transformer.decoder.block.0.layer.0.SelfAttention.v,74,-0.049211546778678894,$\delta_\text{gsc}$
quartz,transformer.decoder.block.0.layer.0.SelfAttention.v,74,-0.0071839503943920135,$\delta_\text{ssc}$
quartz,transformer.decoder.block.0.layer.0.SelfAttention.o,75,0.025400258600711823,cross
quartz,transformer.decoder.block.0.layer.0.SelfAttention.o,75,0.026337215676903725,corr
quartz,transformer.decoder.block.0.layer.0.SelfAttention.o,75,0.030254380777478218,drift
quartz,transformer.decoder.block.0.layer.0.SelfAttention.o,75,0.028094373643398285,tot
quartz,transformer.decoder.block.0.layer.0.SelfAttention.o,75,-0.03982405737042427,$\delta_\text{gsc}$
quartz,transformer.decoder.block.0.layer.0.SelfAttention.o,75,-0.01407342404127121,$\delta_\text{ssc}$
quartz,transformer.decoder.block.0.layer.1.EncDecAttention.q,76,,cross
quartz,transformer.decoder.block.0.layer.1.EncDecAttention.q,76,,corr
quartz,transformer.decoder.block.0.layer.1.EncDecAttention.q,76,,drift
quartz,transformer.decoder.block.0.layer.1.EncDecAttention.q,76,,tot
quartz,transformer.decoder.block.0.layer.1.EncDecAttention.q,76,,$\delta_\text{gsc}$
quartz,transformer.decoder.block.0.layer.1.EncDecAttention.q,76,,$\delta_\text{ssc}$
quartz,transformer.decoder.block.0.layer.1.EncDecAttention.k,77,,cross
quartz,transformer.decoder.block.0.layer.1.EncDecAttention.k,77,,corr
quartz,transformer.decoder.block.0.layer.1.EncDecAttention.k,77,,drift
quartz,transformer.decoder.block.0.layer.1.EncDecAttention.k,77,,tot
quartz,transformer.decoder.block.0.layer.1.EncDecAttention.k,77,,$\delta_\text{gsc}$
quartz,transformer.decoder.block.0.layer.1.EncDecAttention.k,77,,$\delta_\text{ssc}$
quartz,transformer.decoder.block.0.layer.1.EncDecAttention.v,78,0.28415948152542114,cross
quartz,transformer.decoder.block.0.layer.1.EncDecAttention.v,78,0.39710232615470886,corr
quartz,transformer.decoder.block.0.layer.1.EncDecAttention.v,78,0.3164771795272827,drift
quartz,transformer.decoder.block.0.layer.1.EncDecAttention.v,78,0.37111979722976685,tot
quartz,transformer.decoder.block.0.layer.1.EncDecAttention.v,78,-0.3704081177711487,$\delta_\text{gsc}$
quartz,transformer.decoder.block.0.layer.1.EncDecAttention.v,78,-0.2562110722064972,$\delta_\text{ssc}$
quartz,transformer.decoder.block.0.layer.1.EncDecAttention.o,79,0.24012304842472076,cross
quartz,transformer.decoder.block.0.layer.1.EncDecAttention.o,79,0.2826552987098694,corr
quartz,transformer.decoder.block.0.layer.1.EncDecAttention.o,79,0.3047846853733063,drift
quartz,transformer.decoder.block.0.layer.1.EncDecAttention.o,79,0.33649730682373047,tot
quartz,transformer.decoder.block.0.layer.1.EncDecAttention.o,79,-0.30585235357284546,$\delta_\text{gsc}$
quartz,transformer.decoder.block.0.layer.1.EncDecAttention.o,79,-0.1852133870124817,$\delta_\text{ssc}$
quartz,transformer.decoder.block.0.layer.2.DenseReluDense.wi,80,0.02646614797413349,cross
quartz,transformer.decoder.block.0.layer.2.DenseReluDense.wi,80,0.1469072550535202,corr
quartz,transformer.decoder.block.0.layer.2.DenseReluDense.wi,80,0.19192159175872803,drift
quartz,transformer.decoder.block.0.layer.2.DenseReluDense.wi,80,0.263144850730896,tot
quartz,transformer.decoder.block.0.layer.2.DenseReluDense.wi,80,-0.03919808566570282,$\delta_\text{gsc}$
quartz,transformer.decoder.block.0.layer.2.DenseReluDense.wi,80,-0.06295205652713776,$\delta_\text{ssc}$
quartz,transformer.decoder.block.0.layer.2.DenseReluDense.wo,81,0.04891752824187279,cross
quartz,transformer.decoder.block.0.layer.2.DenseReluDense.wo,81,0.0901142805814743,corr
quartz,transformer.decoder.block.0.layer.2.DenseReluDense.wo,81,0.3924240171909332,drift
quartz,transformer.decoder.block.0.layer.2.DenseReluDense.wo,81,0.42563486099243164,tot
quartz,transformer.decoder.block.0.layer.2.DenseReluDense.wo,81,-0.05454400181770325,$\delta_\text{gsc}$
quartz,transformer.decoder.block.0.layer.2.DenseReluDense.wo,81,-0.051276952028274536,$\delta_\text{ssc}$
quartz,transformer.decoder.block.1.layer.0.SelfAttention.q,82,,cross
quartz,transformer.decoder.block.1.layer.0.SelfAttention.q,82,,corr
quartz,transformer.decoder.block.1.layer.0.SelfAttention.q,82,,drift
quartz,transformer.decoder.block.1.layer.0.SelfAttention.q,82,,tot
quartz,transformer.decoder.block.1.layer.0.SelfAttention.q,82,,$\delta_\text{gsc}$
quartz,transformer.decoder.block.1.layer.0.SelfAttention.q,82,,$\delta_\text{ssc}$
quartz,transformer.decoder.block.1.layer.0.SelfAttention.k,83,,cross
quartz,transformer.decoder.block.1.layer.0.SelfAttention.k,83,,corr
quartz,transformer.decoder.block.1.layer.0.SelfAttention.k,83,,drift
quartz,transformer.decoder.block.1.layer.0.SelfAttention.k,83,,tot
quartz,transformer.decoder.block.1.layer.0.SelfAttention.k,83,,$\delta_\text{gsc}$
quartz,transformer.decoder.block.1.layer.0.SelfAttention.k,83,,$\delta_\text{ssc}$
quartz,transformer.decoder.block.1.layer.0.SelfAttention.v,84,0.07401826977729797,cross
quartz,transformer.decoder.block.1.layer.0.SelfAttention.v,84,0.16881833970546722,corr
quartz,transformer.decoder.block.1.layer.0.SelfAttention.v,84,0.321035772562027,drift
quartz,transformer.decoder.block.1.layer.0.SelfAttention.v,84,0.39749717712402344,tot
quartz,transformer.decoder.block.1.layer.0.SelfAttention.v,84,-0.10867565870285034,$\delta_\text{gsc}$
quartz,transformer.decoder.block.1.layer.0.SelfAttention.v,84,-0.0576995313167572,$\delta_\text{ssc}$
quartz,transformer.decoder.block.1.layer.0.SelfAttention.o,85,0.1097453162074089,cross
quartz,transformer.decoder.block.1.layer.0.SelfAttention.o,85,0.23506943881511688,corr
quartz,transformer.decoder.block.1.layer.0.SelfAttention.o,85,0.27997395396232605,drift
quartz,transformer.decoder.block.1.layer.0.SelfAttention.o,85,0.38451769948005676,tot
quartz,transformer.decoder.block.1.layer.0.SelfAttention.o,85,-0.15696004033088684,$\delta_\text{gsc}$
quartz,transformer.decoder.block.1.layer.0.SelfAttention.o,85,-0.08331097662448883,$\delta_\text{ssc}$
quartz,transformer.decoder.block.1.layer.1.EncDecAttention.q,86,,cross
quartz,transformer.decoder.block.1.layer.1.EncDecAttention.q,86,,corr
quartz,transformer.decoder.block.1.layer.1.EncDecAttention.q,86,,drift
quartz,transformer.decoder.block.1.layer.1.EncDecAttention.q,86,,tot
quartz,transformer.decoder.block.1.layer.1.EncDecAttention.q,86,,$\delta_\text{gsc}$
quartz,transformer.decoder.block.1.layer.1.EncDecAttention.q,86,,$\delta_\text{ssc}$
quartz,transformer.decoder.block.1.layer.1.EncDecAttention.k,87,,cross
quartz,transformer.decoder.block.1.layer.1.EncDecAttention.k,87,,corr
quartz,transformer.decoder.block.1.layer.1.EncDecAttention.k,87,,drift
quartz,transformer.decoder.block.1.layer.1.EncDecAttention.k,87,,tot
quartz,transformer.decoder.block.1.layer.1.EncDecAttention.k,87,,$\delta_\text{gsc}$
quartz,transformer.decoder.block.1.layer.1.EncDecAttention.k,87,,$\delta_\text{ssc}$
quartz,transformer.decoder.block.1.layer.1.EncDecAttention.v,88,0.27535033226013184,cross
quartz,transformer.decoder.block.1.layer.1.EncDecAttention.v,88,0.3434329032897949,corr
quartz,transformer.decoder.block.1.layer.1.EncDecAttention.v,88,0.32302233576774597,drift
quartz,transformer.decoder.block.1.layer.1.EncDecAttention.v,88,0.3541795015335083,tot
quartz,transformer.decoder.block.1.layer.1.EncDecAttention.v,88,-0.35700273513793945,$\delta_\text{gsc}$
quartz,transformer.decoder.block.1.layer.1.EncDecAttention.v,88,-0.23062333464622498,$\delta_\text{ssc}$
quartz,transformer.decoder.block.1.layer.1.EncDecAttention.o,89,0.17511245608329773,cross
quartz,transformer.decoder.block.1.layer.1.EncDecAttention.o,89,0.1765211671590805,corr
quartz,transformer.decoder.block.1.layer.1.EncDecAttention.o,89,0.3054128587245941,drift
quartz,transformer.decoder.block.1.layer.1.EncDecAttention.o,89,0.32405269145965576,tot
quartz,transformer.decoder.block.1.layer.1.EncDecAttention.o,89,-0.21593767404556274,$\delta_\text{gsc}$
quartz,transformer.decoder.block.1.layer.1.EncDecAttention.o,89,-0.11705611646175385,$\delta_\text{ssc}$
quartz,transformer.decoder.block.1.layer.2.DenseReluDense.wi,90,0.07810983806848526,cross
quartz,transformer.decoder.block.1.layer.2.DenseReluDense.wi,90,0.16478246450424194,corr
quartz,transformer.decoder.block.1.layer.2.DenseReluDense.wi,90,0.30421850085258484,drift
quartz,transformer.decoder.block.1.layer.2.DenseReluDense.wi,90,0.3924599885940552,tot
quartz,transformer.decoder.block.1.layer.2.DenseReluDense.wi,90,-0.09741294384002686,$\delta_\text{gsc}$
quartz,transformer.decoder.block.1.layer.2.DenseReluDense.wi,90,-0.057237863540649414,$\delta_\text{ssc}$
quartz,transformer.decoder.block.1.layer.2.DenseReluDense.wo,91,0.0707581415772438,cross
quartz,transformer.decoder.block.1.layer.2.DenseReluDense.wo,91,0.06957396864891052,corr
quartz,transformer.decoder.block.1.layer.2.DenseReluDense.wo,91,0.4291068911552429,drift
quartz,transformer.decoder.block.1.layer.2.DenseReluDense.wo,91,0.43733513355255127,tot
quartz,transformer.decoder.block.1.layer.2.DenseReluDense.wo,91,-0.07126474380493164,$\delta_\text{gsc}$
quartz,transformer.decoder.block.1.layer.2.DenseReluDense.wo,91,-0.06083911657333374,$\delta_\text{ssc}$
quartz,transformer.decoder.block.2.layer.0.SelfAttention.q,92,,cross
quartz,transformer.decoder.block.2.layer.0.SelfAttention.q,92,,corr
quartz,transformer.decoder.block.2.layer.0.SelfAttention.q,92,,drift
quartz,transformer.decoder.block.2.layer.0.SelfAttention.q,92,,tot
quartz,transformer.decoder.block.2.layer.0.SelfAttention.q,92,,$\delta_\text{gsc}$
quartz,transformer.decoder.block.2.layer.0.SelfAttention.q,92,,$\delta_\text{ssc}$
quartz,transformer.decoder.block.2.layer.0.SelfAttention.k,93,,cross
quartz,transformer.decoder.block.2.layer.0.SelfAttention.k,93,,corr
quartz,transformer.decoder.block.2.layer.0.SelfAttention.k,93,,drift
quartz,transformer.decoder.block.2.layer.0.SelfAttention.k,93,,tot
quartz,transformer.decoder.block.2.layer.0.SelfAttention.k,93,,$\delta_\text{gsc}$
quartz,transformer.decoder.block.2.layer.0.SelfAttention.k,93,,$\delta_\text{ssc}$
quartz,transformer.decoder.block.2.layer.0.SelfAttention.v,94,0.03938426822423935,cross
quartz,transformer.decoder.block.2.layer.0.SelfAttention.v,94,0.10225081443786621,corr
quartz,transformer.decoder.block.2.layer.0.SelfAttention.v,94,0.398395299911499,drift
quartz,transformer.decoder.block.2.layer.0.SelfAttention.v,94,0.44073882699012756,tot
quartz,transformer.decoder.block.2.layer.0.SelfAttention.v,94,-0.05426323413848877,$\delta_\text{gsc}$
quartz,transformer.decoder.block.2.layer.0.SelfAttention.v,94,-0.04502832889556885,$\delta_\text{ssc}$
quartz,transformer.decoder.block.2.layer.0.SelfAttention.o,95,0.13182879984378815,cross
quartz,transformer.decoder.block.2.layer.0.SelfAttention.o,95,0.3091912269592285,corr
quartz,transformer.decoder.block.2.layer.0.SelfAttention.o,95,0.297404408454895,drift
quartz,transformer.decoder.block.2.layer.0.SelfAttention.o,95,0.44950854778289795,tot
quartz,transformer.decoder.block.2.layer.0.SelfAttention.o,95,-0.15821942687034607,$\delta_\text{gsc}$
quartz,transformer.decoder.block.2.layer.0.SelfAttention.o,95,-0.13069644570350647,$\delta_\text{ssc}$
quartz,transformer.decoder.block.2.layer.1.EncDecAttention.q,96,,cross
quartz,transformer.decoder.block.2.layer.1.EncDecAttention.q,96,,corr
quartz,transformer.decoder.block.2.layer.1.EncDecAttention.q,96,,drift
quartz,transformer.decoder.block.2.layer.1.EncDecAttention.q,96,,tot
quartz,transformer.decoder.block.2.layer.1.EncDecAttention.q,96,,$\delta_\text{gsc}$
quartz,transformer.decoder.block.2.layer.1.EncDecAttention.q,96,,$\delta_\text{ssc}$
quartz,transformer.decoder.block.2.layer.1.EncDecAttention.k,97,,cross
quartz,transformer.decoder.block.2.layer.1.EncDecAttention.k,97,,corr
quartz,transformer.decoder.block.2.layer.1.EncDecAttention.k,97,,drift
quartz,transformer.decoder.block.2.layer.1.EncDecAttention.k,97,,tot
quartz,transformer.decoder.block.2.layer.1.EncDecAttention.k,97,,$\delta_\text{gsc}$
quartz,transformer.decoder.block.2.layer.1.EncDecAttention.k,97,,$\delta_\text{ssc}$
quartz,transformer.decoder.block.2.layer.1.EncDecAttention.v,98,0.27592065930366516,cross
quartz,transformer.decoder.block.2.layer.1.EncDecAttention.v,98,0.3699275851249695,corr
quartz,transformer.decoder.block.2.layer.1.EncDecAttention.v,98,0.31879982352256775,drift
quartz,transformer.decoder.block.2.layer.1.EncDecAttention.v,98,0.355302095413208,tot
quartz,transformer.decoder.block.2.layer.1.EncDecAttention.v,98,-0.36740434169769287,$\delta_\text{gsc}$
quartz,transformer.decoder.block.2.layer.1.EncDecAttention.v,98,-0.2419416308403015,$\delta_\text{ssc}$
quartz,transformer.decoder.block.2.layer.1.EncDecAttention.o,99,0.18294069170951843,cross
quartz,transformer.decoder.block.2.layer.1.EncDecAttention.o,99,0.21957318484783173,corr
quartz,transformer.decoder.block.2.layer.1.EncDecAttention.o,99,0.31682029366493225,drift
quartz,transformer.decoder.block.2.layer.1.EncDecAttention.o,99,0.344641774892807,tot
quartz,transformer.decoder.block.2.layer.1.EncDecAttention.o,99,-0.22585827112197876,$\delta_\text{gsc}$
quartz,transformer.decoder.block.2.layer.1.EncDecAttention.o,99,-0.14883412420749664,$\delta_\text{ssc}$
quartz,transformer.decoder.block.2.layer.2.DenseReluDense.wi,100,0.026878265663981438,cross
quartz,transformer.decoder.block.2.layer.2.DenseReluDense.wi,100,0.0878378227353096,corr
quartz,transformer.decoder.block.2.layer.2.DenseReluDense.wi,100,0.36746537685394287,drift
quartz,transformer.decoder.block.2.layer.2.DenseReluDense.wi,100,0.41281941533088684,tot
quartz,transformer.decoder.block.2.layer.2.DenseReluDense.wi,100,-0.03386172652244568,$\delta_\text{gsc}$
quartz,transformer.decoder.block.2.layer.2.DenseReluDense.wi,100,-0.03550031781196594,$\delta_\text{ssc}$
quartz,transformer.decoder.block.2.layer.2.DenseReluDense.wo,101,0.06518327444791794,cross
quartz,transformer.decoder.block.2.layer.2.DenseReluDense.wo,101,0.09025443345308304,corr
quartz,transformer.decoder.block.2.layer.2.DenseReluDense.wo,101,0.49999314546585083,drift
quartz,transformer.decoder.block.2.layer.2.DenseReluDense.wo,101,0.4999995529651642,tot
quartz,transformer.decoder.block.2.layer.2.DenseReluDense.wo,101,-0.06518304347991943,$\delta_\text{gsc}$
quartz,transformer.decoder.block.2.layer.2.DenseReluDense.wo,101,-0.09024825692176819,$\delta_\text{ssc}$
quartz,transformer.decoder.block.3.layer.0.SelfAttention.q,102,,cross
quartz,transformer.decoder.block.3.layer.0.SelfAttention.q,102,,corr
quartz,transformer.decoder.block.3.layer.0.SelfAttention.q,102,,drift
quartz,transformer.decoder.block.3.layer.0.SelfAttention.q,102,,tot
quartz,transformer.decoder.block.3.layer.0.SelfAttention.q,102,,$\delta_\text{gsc}$
quartz,transformer.decoder.block.3.layer.0.SelfAttention.q,102,,$\delta_\text{ssc}$
quartz,transformer.decoder.block.3.layer.0.SelfAttention.k,103,,cross
quartz,transformer.decoder.block.3.layer.0.SelfAttention.k,103,,corr
quartz,transformer.decoder.block.3.layer.0.SelfAttention.k,103,,drift
quartz,transformer.decoder.block.3.layer.0.SelfAttention.k,103,,tot
quartz,transformer.decoder.block.3.layer.0.SelfAttention.k,103,,$\delta_\text{gsc}$
quartz,transformer.decoder.block.3.layer.0.SelfAttention.k,103,,$\delta_\text{ssc}$
quartz,transformer.decoder.block.3.layer.0.SelfAttention.v,104,0.03640167415142059,cross
quartz,transformer.decoder.block.3.layer.0.SelfAttention.v,104,0.09016643464565277,corr
quartz,transformer.decoder.block.3.layer.0.SelfAttention.v,104,0.439047634601593,drift
quartz,transformer.decoder.block.3.layer.0.SelfAttention.v,104,0.4692081809043884,tot
quartz,transformer.decoder.block.3.layer.0.SelfAttention.v,104,-0.045977264642715454,$\delta_\text{gsc}$
quartz,transformer.decoder.block.3.layer.0.SelfAttention.v,104,-0.0504302978515625,$\delta_\text{ssc}$
quartz,transformer.decoder.block.3.layer.0.SelfAttention.o,105,0.11220447719097137,cross
quartz,transformer.decoder.block.3.layer.0.SelfAttention.o,105,0.2582240402698517,corr
quartz,transformer.decoder.block.3.layer.0.SelfAttention.o,105,0.3385269343852997,drift
quartz,transformer.decoder.block.3.layer.0.SelfAttention.o,105,0.4679965674877167,tot
quartz,transformer.decoder.block.3.layer.0.SelfAttention.o,105,-0.12668603658676147,$\delta_\text{gsc}$
quartz,transformer.decoder.block.3.layer.0.SelfAttention.o,105,-0.1142728328704834,$\delta_\text{ssc}$
quartz,transformer.decoder.block.3.layer.1.EncDecAttention.q,106,,cross
quartz,transformer.decoder.block.3.layer.1.EncDecAttention.q,106,,corr
quartz,transformer.decoder.block.3.layer.1.EncDecAttention.q,106,,drift
quartz,transformer.decoder.block.3.layer.1.EncDecAttention.q,106,,tot
quartz,transformer.decoder.block.3.layer.1.EncDecAttention.q,106,,$\delta_\text{gsc}$
quartz,transformer.decoder.block.3.layer.1.EncDecAttention.q,106,,$\delta_\text{ssc}$
quartz,transformer.decoder.block.3.layer.1.EncDecAttention.k,107,,cross
quartz,transformer.decoder.block.3.layer.1.EncDecAttention.k,107,,corr
quartz,transformer.decoder.block.3.layer.1.EncDecAttention.k,107,,drift
quartz,transformer.decoder.block.3.layer.1.EncDecAttention.k,107,,tot
quartz,transformer.decoder.block.3.layer.1.EncDecAttention.k,107,,$\delta_\text{gsc}$
quartz,transformer.decoder.block.3.layer.1.EncDecAttention.k,107,,$\delta_\text{ssc}$
quartz,transformer.decoder.block.3.layer.1.EncDecAttention.v,108,0.269184410572052,cross
quartz,transformer.decoder.block.3.layer.1.EncDecAttention.v,108,0.3658190667629242,corr
quartz,transformer.decoder.block.3.layer.1.EncDecAttention.v,108,0.3254355192184448,drift
quartz,transformer.decoder.block.3.layer.1.EncDecAttention.v,108,0.3561137318611145,tot
quartz,transformer.decoder.block.3.layer.1.EncDecAttention.v,108,-0.3585202097892761,$\delta_\text{gsc}$
quartz,transformer.decoder.block.3.layer.1.EncDecAttention.v,108,-0.2458050549030304,$\delta_\text{ssc}$
quartz,transformer.decoder.block.3.layer.1.EncDecAttention.o,109,0.1722240447998047,cross
quartz,transformer.decoder.block.3.layer.1.EncDecAttention.o,109,0.19377262890338898,corr
quartz,transformer.decoder.block.3.layer.1.EncDecAttention.o,109,0.2861103415489197,drift
quartz,transformer.decoder.block.3.layer.1.EncDecAttention.o,109,0.30941128730773926,tot
quartz,transformer.decoder.block.3.layer.1.EncDecAttention.o,109,-0.21303904056549072,$\delta_\text{gsc}$
quartz,transformer.decoder.block.3.layer.1.EncDecAttention.o,109,-0.12965668737888336,$\delta_\text{ssc}$
quartz,transformer.decoder.block.3.layer.2.DenseReluDense.wi,110,0.0149601511657238,cross
quartz,transformer.decoder.block.3.layer.2.DenseReluDense.wi,110,0.08106418699026108,corr
quartz,transformer.decoder.block.3.layer.2.DenseReluDense.wi,110,0.41003862023353577,drift
quartz,transformer.decoder.block.3.layer.2.DenseReluDense.wi,110,0.44591131806373596,tot
quartz,transformer.decoder.block.3.layer.2.DenseReluDense.wi,110,-0.01948404312133789,$\delta_\text{gsc}$
quartz,transformer.decoder.block.3.layer.2.DenseReluDense.wi,110,-0.040667593479156494,$\delta_\text{ssc}$
quartz,transformer.decoder.block.3.layer.2.DenseReluDense.wo,111,0.1542244553565979,cross
quartz,transformer.decoder.block.3.layer.2.DenseReluDense.wo,111,0.1443072110414505,corr
quartz,transformer.decoder.block.3.layer.2.DenseReluDense.wo,111,0.49723297357559204,drift
quartz,transformer.decoder.block.3.layer.2.DenseReluDense.wo,111,0.49812769889831543,tot
quartz,transformer.decoder.block.3.layer.2.DenseReluDense.wo,111,-0.15514549612998962,$\delta_\text{gsc}$
quartz,transformer.decoder.block.3.layer.2.DenseReluDense.wo,111,-0.14249145984649658,$\delta_\text{ssc}$
quartz,transformer.decoder.block.4.layer.0.SelfAttention.q,112,,cross
quartz,transformer.decoder.block.4.layer.0.SelfAttention.q,112,,corr
quartz,transformer.decoder.block.4.layer.0.SelfAttention.q,112,,drift
quartz,transformer.decoder.block.4.layer.0.SelfAttention.q,112,,tot
quartz,transformer.decoder.block.4.layer.0.SelfAttention.q,112,,$\delta_\text{gsc}$
quartz,transformer.decoder.block.4.layer.0.SelfAttention.q,112,,$\delta_\text{ssc}$
quartz,transformer.decoder.block.4.layer.0.SelfAttention.k,113,,cross
quartz,transformer.decoder.block.4.layer.0.SelfAttention.k,113,,corr
quartz,transformer.decoder.block.4.layer.0.SelfAttention.k,113,,drift
quartz,transformer.decoder.block.4.layer.0.SelfAttention.k,113,,tot
quartz,transformer.decoder.block.4.layer.0.SelfAttention.k,113,,$\delta_\text{gsc}$
quartz,transformer.decoder.block.4.layer.0.SelfAttention.k,113,,$\delta_\text{ssc}$
quartz,transformer.decoder.block.4.layer.0.SelfAttention.v,114,0.043018002063035965,cross
quartz,transformer.decoder.block.4.layer.0.SelfAttention.v,114,0.10799098759889603,corr
quartz,transformer.decoder.block.4.layer.0.SelfAttention.v,114,0.4514302611351013,drift
quartz,transformer.decoder.block.4.layer.0.SelfAttention.v,114,0.48340219259262085,tot
quartz,transformer.decoder.block.4.layer.0.SelfAttention.v,114,-0.05059593915939331,$\delta_\text{gsc}$
quartz,transformer.decoder.block.4.layer.0.SelfAttention.v,114,-0.06844112277030945,$\delta_\text{ssc}$
quartz,transformer.decoder.block.4.layer.0.SelfAttention.o,115,0.14265850186347961,cross
quartz,transformer.decoder.block.4.layer.0.SelfAttention.o,115,0.2961120009422302,corr
quartz,transformer.decoder.block.4.layer.0.SelfAttention.o,115,0.3206372559070587,drift
quartz,transformer.decoder.block.4.layer.0.SelfAttention.o,115,0.4550073444843292,tot
quartz,transformer.decoder.block.4.layer.0.SelfAttention.o,115,-0.1649789810180664,$\delta_\text{gsc}$
quartz,transformer.decoder.block.4.layer.0.SelfAttention.o,115,-0.13942143321037292,$\delta_\text{ssc}$
quartz,transformer.decoder.block.4.layer.1.EncDecAttention.q,116,,cross
quartz,transformer.decoder.block.4.layer.1.EncDecAttention.q,116,,corr
quartz,transformer.decoder.block.4.layer.1.EncDecAttention.q,116,,drift
quartz,transformer.decoder.block.4.layer.1.EncDecAttention.q,116,,tot
quartz,transformer.decoder.block.4.layer.1.EncDecAttention.q,116,,$\delta_\text{gsc}$
quartz,transformer.decoder.block.4.layer.1.EncDecAttention.q,116,,$\delta_\text{ssc}$
quartz,transformer.decoder.block.4.layer.1.EncDecAttention.k,117,,cross
quartz,transformer.decoder.block.4.layer.1.EncDecAttention.k,117,,corr
quartz,transformer.decoder.block.4.layer.1.EncDecAttention.k,117,,drift
quartz,transformer.decoder.block.4.layer.1.EncDecAttention.k,117,,tot
quartz,transformer.decoder.block.4.layer.1.EncDecAttention.k,117,,$\delta_\text{gsc}$
quartz,transformer.decoder.block.4.layer.1.EncDecAttention.k,117,,$\delta_\text{ssc}$
quartz,transformer.decoder.block.4.layer.1.EncDecAttention.v,118,0.26995331048965454,cross
quartz,transformer.decoder.block.4.layer.1.EncDecAttention.v,118,0.37484002113342285,corr
quartz,transformer.decoder.block.4.layer.1.EncDecAttention.v,118,0.3240574896335602,drift
quartz,transformer.decoder.block.4.layer.1.EncDecAttention.v,118,0.3613699674606323,tot
quartz,transformer.decoder.block.4.layer.1.EncDecAttention.v,118,-0.35761189460754395,$\delta_\text{gsc}$
quartz,transformer.decoder.block.4.layer.1.EncDecAttention.v,118,-0.2498689591884613,$\delta_\text{ssc}$
quartz,transformer.decoder.block.4.layer.1.EncDecAttention.o,119,0.21100392937660217,cross
quartz,transformer.decoder.block.4.layer.1.EncDecAttention.o,119,0.24956172704696655,corr
quartz,transformer.decoder.block.4.layer.1.EncDecAttention.o,119,0.29134202003479004,drift
quartz,transformer.decoder.block.4.layer.1.EncDecAttention.o,119,0.319271445274353,tot
quartz,transformer.decoder.block.4.layer.1.EncDecAttention.o,119,-0.26858627796173096,$\delta_\text{gsc}$
quartz,transformer.decoder.block.4.layer.1.EncDecAttention.o,119,-0.16404995322227478,$\delta_\text{ssc}$
quartz,transformer.decoder.block.4.layer.2.DenseReluDense.wi,120,0.016623983159661293,cross
quartz,transformer.decoder.block.4.layer.2.DenseReluDense.wi,120,0.15133661031723022,corr
quartz,transformer.decoder.block.4.layer.2.DenseReluDense.wi,120,0.40383225679397583,drift
quartz,transformer.decoder.block.4.layer.2.DenseReluDense.wi,120,0.4730552136898041,tot
quartz,transformer.decoder.block.4.layer.2.DenseReluDense.wi,120,-0.02130451798439026,$\delta_\text{gsc}$
quartz,transformer.decoder.block.4.layer.2.DenseReluDense.wi,120,-0.07743310928344727,$\delta_\text{ssc}$
quartz,transformer.decoder.block.4.layer.2.DenseReluDense.wo,121,0.06329600512981415,cross
quartz,transformer.decoder.block.4.layer.2.DenseReluDense.wo,121,0.16484923660755157,corr
quartz,transformer.decoder.block.4.layer.2.DenseReluDense.wo,121,0.49159541726112366,drift
quartz,transformer.decoder.block.4.layer.2.DenseReluDense.wo,121,0.4999355971813202,tot
quartz,transformer.decoder.block.4.layer.2.DenseReluDense.wo,121,-0.06327039003372192,$\delta_\text{gsc}$
quartz,transformer.decoder.block.4.layer.2.DenseReluDense.wo,121,-0.15653464198112488,$\delta_\text{ssc}$
quartz,transformer.decoder.block.5.layer.0.SelfAttention.q,122,,cross
quartz,transformer.decoder.block.5.layer.0.SelfAttention.q,122,,corr
quartz,transformer.decoder.block.5.layer.0.SelfAttention.q,122,,drift
quartz,transformer.decoder.block.5.layer.0.SelfAttention.q,122,,tot
quartz,transformer.decoder.block.5.layer.0.SelfAttention.q,122,,$\delta_\text{gsc}$
quartz,transformer.decoder.block.5.layer.0.SelfAttention.q,122,,$\delta_\text{ssc}$
quartz,transformer.decoder.block.5.layer.0.SelfAttention.k,123,,cross
quartz,transformer.decoder.block.5.layer.0.SelfAttention.k,123,,corr
quartz,transformer.decoder.block.5.layer.0.SelfAttention.k,123,,drift
quartz,transformer.decoder.block.5.layer.0.SelfAttention.k,123,,tot
quartz,transformer.decoder.block.5.layer.0.SelfAttention.k,123,,$\delta_\text{gsc}$
quartz,transformer.decoder.block.5.layer.0.SelfAttention.k,123,,$\delta_\text{ssc}$
quartz,transformer.decoder.block.5.layer.0.SelfAttention.v,124,0.07843165844678879,cross
quartz,transformer.decoder.block.5.layer.0.SelfAttention.v,124,0.18010060489177704,corr
quartz,transformer.decoder.block.5.layer.0.SelfAttention.v,124,0.421821266412735,drift
quartz,transformer.decoder.block.5.layer.0.SelfAttention.v,124,0.4829082489013672,tot
quartz,transformer.decoder.block.5.layer.0.SelfAttention.v,124,-0.08932319283485413,$\delta_\text{gsc}$
quartz,transformer.decoder.block.5.layer.0.SelfAttention.v,124,-0.1081220805644989,$\delta_\text{ssc}$
quartz,transformer.decoder.block.5.layer.0.SelfAttention.o,125,0.20171503722667694,cross
quartz,transformer.decoder.block.5.layer.0.SelfAttention.o,125,0.3230336010456085,corr
quartz,transformer.decoder.block.5.layer.0.SelfAttention.o,125,0.28309714794158936,drift
quartz,transformer.decoder.block.5.layer.0.SelfAttention.o,125,0.4267958700656891,tot
quartz,transformer.decoder.block.5.layer.0.SelfAttention.o,125,-0.22486914694309235,$\delta_\text{gsc}$
quartz,transformer.decoder.block.5.layer.0.SelfAttention.o,125,-0.15618076920509338,$\delta_\text{ssc}$
quartz,transformer.decoder.block.5.layer.1.EncDecAttention.q,126,,cross
quartz,transformer.decoder.block.5.layer.1.EncDecAttention.q,126,,corr
quartz,transformer.decoder.block.5.layer.1.EncDecAttention.q,126,,drift
quartz,transformer.decoder.block.5.layer.1.EncDecAttention.q,126,,tot
quartz,transformer.decoder.block.5.layer.1.EncDecAttention.q,126,,$\delta_\text{gsc}$
quartz,transformer.decoder.block.5.layer.1.EncDecAttention.q,126,,$\delta_\text{ssc}$
quartz,transformer.decoder.block.5.layer.1.EncDecAttention.k,127,,cross
quartz,transformer.decoder.block.5.layer.1.EncDecAttention.k,127,,corr
quartz,transformer.decoder.block.5.layer.1.EncDecAttention.k,127,,drift
quartz,transformer.decoder.block.5.layer.1.EncDecAttention.k,127,,tot
quartz,transformer.decoder.block.5.layer.1.EncDecAttention.k,127,,$\delta_\text{gsc}$
quartz,transformer.decoder.block.5.layer.1.EncDecAttention.k,127,,$\delta_\text{ssc}$
quartz,transformer.decoder.block.5.layer.1.EncDecAttention.v,128,0.28738322854042053,cross
quartz,transformer.decoder.block.5.layer.1.EncDecAttention.v,128,0.3617974519729614,corr
quartz,transformer.decoder.block.5.layer.1.EncDecAttention.v,128,0.3216829299926758,drift
quartz,transformer.decoder.block.5.layer.1.EncDecAttention.v,128,0.3535754680633545,tot
quartz,transformer.decoder.block.5.layer.1.EncDecAttention.v,128,-0.37729671597480774,$\delta_\text{gsc}$
quartz,transformer.decoder.block.5.layer.1.EncDecAttention.v,128,-0.2399914264678955,$\delta_\text{ssc}$
quartz,transformer.decoder.block.5.layer.1.EncDecAttention.o,129,0.2514541745185852,cross
quartz,transformer.decoder.block.5.layer.1.EncDecAttention.o,129,0.31547412276268005,corr
quartz,transformer.decoder.block.5.layer.1.EncDecAttention.o,129,0.3059035539627075,drift
quartz,transformer.decoder.block.5.layer.1.EncDecAttention.o,129,0.34207063913345337,tot
quartz,transformer.decoder.block.5.layer.1.EncDecAttention.o,129,-0.32648611068725586,$\delta_\text{gsc}$
quartz,transformer.decoder.block.5.layer.1.EncDecAttention.o,129,-0.20427510142326355,$\delta_\text{ssc}$
quartz,transformer.decoder.block.5.layer.2.DenseReluDense.wi,130,0.020810604095458984,cross
quartz,transformer.decoder.block.5.layer.2.DenseReluDense.wi,130,0.2084299772977829,corr
quartz,transformer.decoder.block.5.layer.2.DenseReluDense.wi,130,0.3961937725543976,drift
quartz,transformer.decoder.block.5.layer.2.DenseReluDense.wi,130,0.48752450942993164,tot
quartz,transformer.decoder.block.5.layer.2.DenseReluDense.wi,130,-0.024516671895980835,$\delta_\text{gsc}$
quartz,transformer.decoder.block.5.layer.2.DenseReluDense.wi,130,-0.1133931577205658,$\delta_\text{ssc}$
quartz,transformer.decoder.block.5.layer.2.DenseReluDense.wo,131,0.1351047307252884,cross
quartz,transformer.decoder.block.5.layer.2.DenseReluDense.wo,131,0.3291676640510559,corr
quartz,transformer.decoder.block.5.layer.2.DenseReluDense.wo,131,0.3790341913700104,drift
quartz,transformer.decoder.block.5.layer.2.DenseReluDense.wo,131,0.48097333312034607,tot
quartz,transformer.decoder.block.5.layer.2.DenseReluDense.wo,131,-0.14403408765792847,$\delta_\text{gsc}$
quartz,transformer.decoder.block.5.layer.2.DenseReluDense.wo,131,-0.21829918026924133,$\delta_\text{ssc}$
quartz,transformer.decoder.block.6.layer.0.SelfAttention.q,132,,cross
quartz,transformer.decoder.block.6.layer.0.SelfAttention.q,132,,corr
quartz,transformer.decoder.block.6.layer.0.SelfAttention.q,132,,drift
quartz,transformer.decoder.block.6.layer.0.SelfAttention.q,132,,tot
quartz,transformer.decoder.block.6.layer.0.SelfAttention.q,132,,$\delta_\text{gsc}$
quartz,transformer.decoder.block.6.layer.0.SelfAttention.q,132,,$\delta_\text{ssc}$
quartz,transformer.decoder.block.6.layer.0.SelfAttention.k,133,,cross
quartz,transformer.decoder.block.6.layer.0.SelfAttention.k,133,,corr
quartz,transformer.decoder.block.6.layer.0.SelfAttention.k,133,,drift
quartz,transformer.decoder.block.6.layer.0.SelfAttention.k,133,,tot
quartz,transformer.decoder.block.6.layer.0.SelfAttention.k,133,,$\delta_\text{gsc}$
quartz,transformer.decoder.block.6.layer.0.SelfAttention.k,133,,$\delta_\text{ssc}$
quartz,transformer.decoder.block.6.layer.0.SelfAttention.v,134,0.1088588684797287,cross
quartz,transformer.decoder.block.6.layer.0.SelfAttention.v,134,0.24082203209400177,corr
quartz,transformer.decoder.block.6.layer.0.SelfAttention.v,134,0.39538756012916565,drift
quartz,transformer.decoder.block.6.layer.0.SelfAttention.v,134,0.4819971024990082,tot
quartz,transformer.decoder.block.6.layer.0.SelfAttention.v,134,-0.1203911304473877,$\delta_\text{gsc}$
quartz,transformer.decoder.block.6.layer.0.SelfAttention.v,134,-0.14268019795417786,$\delta_\text{ssc}$
quartz,transformer.decoder.block.6.layer.0.SelfAttention.o,135,0.22974009811878204,cross
quartz,transformer.decoder.block.6.layer.0.SelfAttention.o,135,0.3266236186027527,corr
quartz,transformer.decoder.block.6.layer.0.SelfAttention.o,135,0.27487292885780334,drift
quartz,transformer.decoder.block.6.layer.0.SelfAttention.o,135,0.41145768761634827,tot
quartz,transformer.decoder.block.6.layer.0.SelfAttention.o,135,-0.26008933782577515,$\delta_\text{gsc}$
quartz,transformer.decoder.block.6.layer.0.SelfAttention.o,135,-0.15968960523605347,$\delta_\text{ssc}$
quartz,transformer.decoder.block.6.layer.1.EncDecAttention.q,136,,cross
quartz,transformer.decoder.block.6.layer.1.EncDecAttention.q,136,,corr
quartz,transformer.decoder.block.6.layer.1.EncDecAttention.q,136,,drift
quartz,transformer.decoder.block.6.layer.1.EncDecAttention.q,136,,tot
quartz,transformer.decoder.block.6.layer.1.EncDecAttention.q,136,,$\delta_\text{gsc}$
quartz,transformer.decoder.block.6.layer.1.EncDecAttention.q,136,,$\delta_\text{ssc}$
quartz,transformer.decoder.block.6.layer.1.EncDecAttention.k,137,,cross
quartz,transformer.decoder.block.6.layer.1.EncDecAttention.k,137,,corr
quartz,transformer.decoder.block.6.layer.1.EncDecAttention.k,137,,drift
quartz,transformer.decoder.block.6.layer.1.EncDecAttention.k,137,,tot
quartz,transformer.decoder.block.6.layer.1.EncDecAttention.k,137,,$\delta_\text{gsc}$
quartz,transformer.decoder.block.6.layer.1.EncDecAttention.k,137,,$\delta_\text{ssc}$
quartz,transformer.decoder.block.6.layer.1.EncDecAttention.v,138,0.2811930477619171,cross
quartz,transformer.decoder.block.6.layer.1.EncDecAttention.v,138,0.37052667140960693,corr
quartz,transformer.decoder.block.6.layer.1.EncDecAttention.v,138,0.32290899753570557,drift
quartz,transformer.decoder.block.6.layer.1.EncDecAttention.v,138,0.3578304052352905,tot
quartz,transformer.decoder.block.6.layer.1.EncDecAttention.v,138,-0.370567262172699,$\delta_\text{gsc}$
quartz,transformer.decoder.block.6.layer.1.EncDecAttention.v,138,-0.2462310492992401,$\delta_\text{ssc}$
quartz,transformer.decoder.block.6.layer.1.EncDecAttention.o,139,0.24190717935562134,cross
quartz,transformer.decoder.block.6.layer.1.EncDecAttention.o,139,0.28121018409729004,corr
quartz,transformer.decoder.block.6.layer.1.EncDecAttention.o,139,0.3027321398258209,drift
quartz,transformer.decoder.block.6.layer.1.EncDecAttention.o,139,0.3335983455181122,tot
quartz,transformer.decoder.block.6.layer.1.EncDecAttention.o,139,-0.30924850702285767,$\delta_\text{gsc}$
quartz,transformer.decoder.block.6.layer.1.EncDecAttention.o,139,-0.18300265073776245,$\delta_\text{ssc}$
quartz,transformer.decoder.block.6.layer.2.DenseReluDense.wi,140,0.016600705683231354,cross
quartz,transformer.decoder.block.6.layer.2.DenseReluDense.wi,140,0.26209181547164917,corr
quartz,transformer.decoder.block.6.layer.2.DenseReluDense.wi,140,0.37562620639801025,drift
quartz,transformer.decoder.block.6.layer.2.DenseReluDense.wi,140,0.4905959367752075,tot
quartz,transformer.decoder.block.6.layer.2.DenseReluDense.wi,140,-0.0196627676486969,$\delta_\text{gsc}$
quartz,transformer.decoder.block.6.layer.2.DenseReluDense.wi,140,-0.14406001567840576,$\delta_\text{ssc}$
quartz,transformer.decoder.block.6.layer.2.DenseReluDense.wo,141,0.14503948390483856,cross
quartz,transformer.decoder.block.6.layer.2.DenseReluDense.wo,141,0.3545912206172943,corr
quartz,transformer.decoder.block.6.layer.2.DenseReluDense.wo,141,0.4225154221057892,drift
quartz,transformer.decoder.block.6.layer.2.DenseReluDense.wo,141,0.48467209935188293,tot
quartz,transformer.decoder.block.6.layer.2.DenseReluDense.wo,141,-0.1542556881904602,$\delta_\text{gsc}$
quartz,transformer.decoder.block.6.layer.2.DenseReluDense.wo,141,-0.2832183241844177,$\delta_\text{ssc}$
quartz,transformer.decoder.block.7.layer.0.SelfAttention.q,142,,cross
quartz,transformer.decoder.block.7.layer.0.SelfAttention.q,142,,corr
quartz,transformer.decoder.block.7.layer.0.SelfAttention.q,142,,drift
quartz,transformer.decoder.block.7.layer.0.SelfAttention.q,142,,tot
quartz,transformer.decoder.block.7.layer.0.SelfAttention.q,142,,$\delta_\text{gsc}$
quartz,transformer.decoder.block.7.layer.0.SelfAttention.q,142,,$\delta_\text{ssc}$
quartz,transformer.decoder.block.7.layer.0.SelfAttention.k,143,,cross
quartz,transformer.decoder.block.7.layer.0.SelfAttention.k,143,,corr
quartz,transformer.decoder.block.7.layer.0.SelfAttention.k,143,,drift
quartz,transformer.decoder.block.7.layer.0.SelfAttention.k,143,,tot
quartz,transformer.decoder.block.7.layer.0.SelfAttention.k,143,,$\delta_\text{gsc}$
quartz,transformer.decoder.block.7.layer.0.SelfAttention.k,143,,$\delta_\text{ssc}$
quartz,transformer.decoder.block.7.layer.0.SelfAttention.v,144,0.13977104425430298,cross
quartz,transformer.decoder.block.7.layer.0.SelfAttention.v,144,0.29407766461372375,corr
quartz,transformer.decoder.block.7.layer.0.SelfAttention.v,144,0.3639068007469177,drift
quartz,transformer.decoder.block.7.layer.0.SelfAttention.v,144,0.47432026267051697,tot
quartz,transformer.decoder.block.7.layer.0.SelfAttention.v,144,-0.15523293614387512,$\delta_\text{gsc}$
quartz,transformer.decoder.block.7.layer.0.SelfAttention.v,144,-0.16820231080055237,$\delta_\text{ssc}$
quartz,transformer.decoder.block.7.layer.0.SelfAttention.o,145,0.22100864350795746,cross
quartz,transformer.decoder.block.7.layer.0.SelfAttention.o,145,0.3309327960014343,corr
quartz,transformer.decoder.block.7.layer.0.SelfAttention.o,145,0.29375094175338745,drift
quartz,transformer.decoder.block.7.layer.0.SelfAttention.o,145,0.420389324426651,tot
quartz,transformer.decoder.block.7.layer.0.SelfAttention.o,145,-0.25451624393463135,$\delta_\text{gsc}$
quartz,transformer.decoder.block.7.layer.0.SelfAttention.o,145,-0.17078682780265808,$\delta_\text{ssc}$
quartz,transformer.decoder.block.7.layer.1.EncDecAttention.q,146,,cross
quartz,transformer.decoder.block.7.layer.1.EncDecAttention.q,146,,corr
quartz,transformer.decoder.block.7.layer.1.EncDecAttention.q,146,,drift
quartz,transformer.decoder.block.7.layer.1.EncDecAttention.q,146,,tot
quartz,transformer.decoder.block.7.layer.1.EncDecAttention.q,146,,$\delta_\text{gsc}$
quartz,transformer.decoder.block.7.layer.1.EncDecAttention.q,146,,$\delta_\text{ssc}$
quartz,transformer.decoder.block.7.layer.1.EncDecAttention.k,147,,cross
quartz,transformer.decoder.block.7.layer.1.EncDecAttention.k,147,,corr
quartz,transformer.decoder.block.7.layer.1.EncDecAttention.k,147,,drift
quartz,transformer.decoder.block.7.layer.1.EncDecAttention.k,147,,tot
quartz,transformer.decoder.block.7.layer.1.EncDecAttention.k,147,,$\delta_\text{gsc}$
quartz,transformer.decoder.block.7.layer.1.EncDecAttention.k,147,,$\delta_\text{ssc}$
quartz,transformer.decoder.block.7.layer.1.EncDecAttention.v,148,0.28092288970947266,cross
quartz,transformer.decoder.block.7.layer.1.EncDecAttention.v,148,0.35545068979263306,corr
quartz,transformer.decoder.block.7.layer.1.EncDecAttention.v,148,0.32323774695396423,drift
quartz,transformer.decoder.block.7.layer.1.EncDecAttention.v,148,0.35418689250946045,tot
quartz,transformer.decoder.block.7.layer.1.EncDecAttention.v,148,-0.3681580722332001,$\delta_\text{gsc}$
quartz,transformer.decoder.block.7.layer.1.EncDecAttention.v,148,-0.23726636171340942,$\delta_\text{ssc}$
quartz,transformer.decoder.block.7.layer.1.EncDecAttention.o,149,0.23442454636096954,cross
quartz,transformer.decoder.block.7.layer.1.EncDecAttention.o,149,0.2773776352405548,corr
quartz,transformer.decoder.block.7.layer.1.EncDecAttention.o,149,0.3030779957771301,drift
quartz,transformer.decoder.block.7.layer.1.EncDecAttention.o,149,0.33444279432296753,tot
quartz,transformer.decoder.block.7.layer.1.EncDecAttention.o,149,-0.29806846380233765,$\delta_\text{gsc}$
quartz,transformer.decoder.block.7.layer.1.EncDecAttention.o,149,-0.1823689043521881,$\delta_\text{ssc}$
quartz,transformer.decoder.block.7.layer.2.DenseReluDense.wi,150,0.05791351571679115,cross
quartz,transformer.decoder.block.7.layer.2.DenseReluDense.wi,150,0.32110676169395447,corr
quartz,transformer.decoder.block.7.layer.2.DenseReluDense.wi,150,0.34572967886924744,drift
quartz,transformer.decoder.block.7.layer.2.DenseReluDense.wi,150,0.4758751690387726,tot
quartz,transformer.decoder.block.7.layer.2.DenseReluDense.wi,150,-0.07263222336769104,$\delta_\text{gsc}$
quartz,transformer.decoder.block.7.layer.2.DenseReluDense.wi,150,-0.17624256014823914,$\delta_\text{ssc}$
quartz,transformer.decoder.block.7.layer.2.DenseReluDense.wo,151,0.17053739726543427,cross
quartz,transformer.decoder.block.7.layer.2.DenseReluDense.wo,151,0.3641132414340973,corr
quartz,transformer.decoder.block.7.layer.2.DenseReluDense.wo,151,0.3863763213157654,drift
quartz,transformer.decoder.block.7.layer.2.DenseReluDense.wo,151,0.47309592366218567,tot
quartz,transformer.decoder.block.7.layer.2.DenseReluDense.wo,151,-0.18253067135810852,$\delta_\text{gsc}$
quartz,transformer.decoder.block.7.layer.2.DenseReluDense.wo,151,-0.26540035009384155,$\delta_\text{ssc}$
quartz,transformer.decoder.block.8.layer.0.SelfAttention.q,152,,cross
quartz,transformer.decoder.block.8.layer.0.SelfAttention.q,152,,corr
quartz,transformer.decoder.block.8.layer.0.SelfAttention.q,152,,drift
quartz,transformer.decoder.block.8.layer.0.SelfAttention.q,152,,tot
quartz,transformer.decoder.block.8.layer.0.SelfAttention.q,152,,$\delta_\text{gsc}$
quartz,transformer.decoder.block.8.layer.0.SelfAttention.q,152,,$\delta_\text{ssc}$
quartz,transformer.decoder.block.8.layer.0.SelfAttention.k,153,,cross
quartz,transformer.decoder.block.8.layer.0.SelfAttention.k,153,,corr
quartz,transformer.decoder.block.8.layer.0.SelfAttention.k,153,,drift
quartz,transformer.decoder.block.8.layer.0.SelfAttention.k,153,,tot
quartz,transformer.decoder.block.8.layer.0.SelfAttention.k,153,,$\delta_\text{gsc}$
quartz,transformer.decoder.block.8.layer.0.SelfAttention.k,153,,$\delta_\text{ssc}$
quartz,transformer.decoder.block.8.layer.0.SelfAttention.v,154,0.12692561745643616,cross
quartz,transformer.decoder.block.8.layer.0.SelfAttention.v,154,0.2722177803516388,corr
quartz,transformer.decoder.block.8.layer.0.SelfAttention.v,154,0.38761991262435913,drift
quartz,transformer.decoder.block.8.layer.0.SelfAttention.v,154,0.47669652104377747,tot
quartz,transformer.decoder.block.8.layer.0.SelfAttention.v,154,-0.1418049931526184,$\delta_\text{gsc}$
quartz,transformer.decoder.block.8.layer.0.SelfAttention.v,154,-0.1682617962360382,$\delta_\text{ssc}$
quartz,transformer.decoder.block.8.layer.0.SelfAttention.o,155,0.23982417583465576,cross
quartz,transformer.decoder.block.8.layer.0.SelfAttention.o,155,0.3237142562866211,corr
quartz,transformer.decoder.block.8.layer.0.SelfAttention.o,155,0.30801957845687866,drift
quartz,transformer.decoder.block.8.layer.0.SelfAttention.o,155,0.4132819175720215,tot
quartz,transformer.decoder.block.8.layer.0.SelfAttention.o,155,-0.2754925489425659,$\delta_\text{gsc}$
quartz,transformer.decoder.block.8.layer.0.SelfAttention.o,155,-0.18278354406356812,$\delta_\text{ssc}$
quartz,transformer.decoder.block.8.layer.1.EncDecAttention.q,156,,cross
quartz,transformer.decoder.block.8.layer.1.EncDecAttention.q,156,,corr
quartz,transformer.decoder.block.8.layer.1.EncDecAttention.q,156,,drift
quartz,transformer.decoder.block.8.layer.1.EncDecAttention.q,156,,tot
quartz,transformer.decoder.block.8.layer.1.EncDecAttention.q,156,,$\delta_\text{gsc}$
quartz,transformer.decoder.block.8.layer.1.EncDecAttention.q,156,,$\delta_\text{ssc}$
quartz,transformer.decoder.block.8.layer.1.EncDecAttention.k,157,,cross
quartz,transformer.decoder.block.8.layer.1.EncDecAttention.k,157,,corr
quartz,transformer.decoder.block.8.layer.1.EncDecAttention.k,157,,drift
quartz,transformer.decoder.block.8.layer.1.EncDecAttention.k,157,,tot
quartz,transformer.decoder.block.8.layer.1.EncDecAttention.k,157,,$\delta_\text{gsc}$
quartz,transformer.decoder.block.8.layer.1.EncDecAttention.k,157,,$\delta_\text{ssc}$
quartz,transformer.decoder.block.8.layer.1.EncDecAttention.v,158,0.28139054775238037,cross
quartz,transformer.decoder.block.8.layer.1.EncDecAttention.v,158,0.353313684463501,corr
quartz,transformer.decoder.block.8.layer.1.EncDecAttention.v,158,0.3240806758403778,drift
quartz,transformer.decoder.block.8.layer.1.EncDecAttention.v,158,0.3558262884616852,tot
quartz,transformer.decoder.block.8.layer.1.EncDecAttention.v,158,-0.36643630266189575,$\delta_\text{gsc}$
quartz,transformer.decoder.block.8.layer.1.EncDecAttention.v,158,-0.23652231693267822,$\delta_\text{ssc}$
quartz,transformer.decoder.block.8.layer.1.EncDecAttention.o,159,0.19927477836608887,cross
quartz,transformer.decoder.block.8.layer.1.EncDecAttention.o,159,0.23116706311702728,corr
quartz,transformer.decoder.block.8.layer.1.EncDecAttention.o,159,0.2906564474105835,drift
quartz,transformer.decoder.block.8.layer.1.EncDecAttention.o,159,0.32153576612472534,tot
quartz,transformer.decoder.block.8.layer.1.EncDecAttention.o,159,-0.24920284748077393,$\delta_\text{gsc}$
quartz,transformer.decoder.block.8.layer.1.EncDecAttention.o,159,-0.15035967528820038,$\delta_\text{ssc}$
quartz,transformer.decoder.block.8.layer.2.DenseReluDense.wi,160,0.07097828388214111,cross
quartz,transformer.decoder.block.8.layer.2.DenseReluDense.wi,160,0.3367878198623657,corr
quartz,transformer.decoder.block.8.layer.2.DenseReluDense.wi,160,0.34531712532043457,drift
quartz,transformer.decoder.block.8.layer.2.DenseReluDense.wi,160,0.46420833468437195,tot
quartz,transformer.decoder.block.8.layer.2.DenseReluDense.wi,160,-0.0935187041759491,$\delta_\text{gsc}$
quartz,transformer.decoder.block.8.layer.2.DenseReluDense.wi,160,-0.19535619020462036,$\delta_\text{ssc}$
quartz,transformer.decoder.block.8.layer.2.DenseReluDense.wo,161,0.1864040344953537,cross
quartz,transformer.decoder.block.8.layer.2.DenseReluDense.wo,161,0.37780818343162537,corr
quartz,transformer.decoder.block.8.layer.2.DenseReluDense.wo,161,0.37133949995040894,drift
quartz,transformer.decoder.block.8.layer.2.DenseReluDense.wo,161,0.47213855385780334,tot
quartz,transformer.decoder.block.8.layer.2.DenseReluDense.wo,161,-0.2053140103816986,$\delta_\text{gsc}$
quartz,transformer.decoder.block.8.layer.2.DenseReluDense.wo,161,-0.25809913873672485,$\delta_\text{ssc}$
quartz,transformer.decoder.block.9.layer.0.SelfAttention.q,162,,cross
quartz,transformer.decoder.block.9.layer.0.SelfAttention.q,162,,corr
quartz,transformer.decoder.block.9.layer.0.SelfAttention.q,162,,drift
quartz,transformer.decoder.block.9.layer.0.SelfAttention.q,162,,tot
quartz,transformer.decoder.block.9.layer.0.SelfAttention.q,162,,$\delta_\text{gsc}$
quartz,transformer.decoder.block.9.layer.0.SelfAttention.q,162,,$\delta_\text{ssc}$
quartz,transformer.decoder.block.9.layer.0.SelfAttention.k,163,,cross
quartz,transformer.decoder.block.9.layer.0.SelfAttention.k,163,,corr
quartz,transformer.decoder.block.9.layer.0.SelfAttention.k,163,,drift
quartz,transformer.decoder.block.9.layer.0.SelfAttention.k,163,,tot
quartz,transformer.decoder.block.9.layer.0.SelfAttention.k,163,,$\delta_\text{gsc}$
quartz,transformer.decoder.block.9.layer.0.SelfAttention.k,163,,$\delta_\text{ssc}$
quartz,transformer.decoder.block.9.layer.0.SelfAttention.v,164,0.18083931505680084,cross
quartz,transformer.decoder.block.9.layer.0.SelfAttention.v,164,0.3075542747974396,corr
quartz,transformer.decoder.block.9.layer.0.SelfAttention.v,164,0.36687612533569336,drift
quartz,transformer.decoder.block.9.layer.0.SelfAttention.v,164,0.4609732925891876,tot
quartz,transformer.decoder.block.9.layer.0.SelfAttention.v,164,-0.20325103402137756,$\delta_\text{gsc}$
quartz,transformer.decoder.block.9.layer.0.SelfAttention.v,164,-0.19104540348052979,$\delta_\text{ssc}$
quartz,transformer.decoder.block.9.layer.0.SelfAttention.o,165,0.21886275708675385,cross
quartz,transformer.decoder.block.9.layer.0.SelfAttention.o,165,0.2977612018585205,corr
quartz,transformer.decoder.block.9.layer.0.SelfAttention.o,165,0.31843432784080505,drift
quartz,transformer.decoder.block.9.layer.0.SelfAttention.o,165,0.4113145172595978,tot
quartz,transformer.decoder.block.9.layer.0.SelfAttention.o,165,-0.24816305935382843,$\delta_\text{gsc}$
quartz,transformer.decoder.block.9.layer.0.SelfAttention.o,165,-0.1755807101726532,$\delta_\text{ssc}$
quartz,transformer.decoder.block.9.layer.1.EncDecAttention.q,166,,cross
quartz,transformer.decoder.block.9.layer.1.EncDecAttention.q,166,,corr
quartz,transformer.decoder.block.9.layer.1.EncDecAttention.q,166,,drift
quartz,transformer.decoder.block.9.layer.1.EncDecAttention.q,166,,tot
quartz,transformer.decoder.block.9.layer.1.EncDecAttention.q,166,,$\delta_\text{gsc}$
quartz,transformer.decoder.block.9.layer.1.EncDecAttention.q,166,,$\delta_\text{ssc}$
quartz,transformer.decoder.block.9.layer.1.EncDecAttention.k,167,,cross
quartz,transformer.decoder.block.9.layer.1.EncDecAttention.k,167,,corr
quartz,transformer.decoder.block.9.layer.1.EncDecAttention.k,167,,drift
quartz,transformer.decoder.block.9.layer.1.EncDecAttention.k,167,,tot
quartz,transformer.decoder.block.9.layer.1.EncDecAttention.k,167,,$\delta_\text{gsc}$
quartz,transformer.decoder.block.9.layer.1.EncDecAttention.k,167,,$\delta_\text{ssc}$
quartz,transformer.decoder.block.9.layer.1.EncDecAttention.v,168,0.272068589925766,cross
quartz,transformer.decoder.block.9.layer.1.EncDecAttention.v,168,0.33872485160827637,corr
quartz,transformer.decoder.block.9.layer.1.EncDecAttention.v,168,0.32508623600006104,drift
quartz,transformer.decoder.block.9.layer.1.EncDecAttention.v,168,0.35809558629989624,tot
quartz,transformer.decoder.block.9.layer.1.EncDecAttention.v,168,-0.3496544063091278,$\delta_\text{gsc}$
quartz,transformer.decoder.block.9.layer.1.EncDecAttention.v,168,-0.22812968492507935,$\delta_\text{ssc}$
quartz,transformer.decoder.block.9.layer.1.EncDecAttention.o,169,0.18829631805419922,cross
quartz,transformer.decoder.block.9.layer.1.EncDecAttention.o,169,0.22404725849628448,corr
quartz,transformer.decoder.block.9.layer.1.EncDecAttention.o,169,0.31123244762420654,drift
quartz,transformer.decoder.block.9.layer.1.EncDecAttention.o,169,0.34476107358932495,tot
quartz,transformer.decoder.block.9.layer.1.EncDecAttention.o,169,-0.22872444987297058,$\delta_\text{gsc}$
quartz,transformer.decoder.block.9.layer.1.EncDecAttention.o,169,-0.15009050071239471,$\delta_\text{ssc}$
quartz,transformer.decoder.block.9.layer.2.DenseReluDense.wi,170,0.04556720703840256,cross
quartz,transformer.decoder.block.9.layer.2.DenseReluDense.wi,170,0.324411004781723,corr
quartz,transformer.decoder.block.9.layer.2.DenseReluDense.wi,170,0.348736435174942,drift
quartz,transformer.decoder.block.9.layer.2.DenseReluDense.wi,170,0.46897900104522705,tot
quartz,transformer.decoder.block.9.layer.2.DenseReluDense.wi,170,-0.05924108624458313,$\delta_\text{gsc}$
quartz,transformer.decoder.block.9.layer.2.DenseReluDense.wi,170,-0.190494567155838,$\delta_\text{ssc}$
quartz,transformer.decoder.block.9.layer.2.DenseReluDense.wo,171,0.16584250330924988,cross
quartz,transformer.decoder.block.9.layer.2.DenseReluDense.wo,171,0.38620203733444214,corr
quartz,transformer.decoder.block.9.layer.2.DenseReluDense.wo,171,0.37571412324905396,drift
quartz,transformer.decoder.block.9.layer.2.DenseReluDense.wo,171,0.4630122780799866,tot
quartz,transformer.decoder.block.9.layer.2.DenseReluDense.wo,171,-0.19130545854568481,$\delta_\text{gsc}$
quartz,transformer.decoder.block.9.layer.2.DenseReluDense.wo,171,-0.2734409272670746,$\delta_\text{ssc}$
quartz,transformer.decoder.block.10.layer.0.SelfAttention.q,172,,cross
quartz,transformer.decoder.block.10.layer.0.SelfAttention.q,172,,corr
quartz,transformer.decoder.block.10.layer.0.SelfAttention.q,172,,drift
quartz,transformer.decoder.block.10.layer.0.SelfAttention.q,172,,tot
quartz,transformer.decoder.block.10.layer.0.SelfAttention.q,172,,$\delta_\text{gsc}$
quartz,transformer.decoder.block.10.layer.0.SelfAttention.q,172,,$\delta_\text{ssc}$
quartz,transformer.decoder.block.10.layer.0.SelfAttention.k,173,,cross
quartz,transformer.decoder.block.10.layer.0.SelfAttention.k,173,,corr
quartz,transformer.decoder.block.10.layer.0.SelfAttention.k,173,,drift
quartz,transformer.decoder.block.10.layer.0.SelfAttention.k,173,,tot
quartz,transformer.decoder.block.10.layer.0.SelfAttention.k,173,,$\delta_\text{gsc}$
quartz,transformer.decoder.block.10.layer.0.SelfAttention.k,173,,$\delta_\text{ssc}$
quartz,transformer.decoder.block.10.layer.0.SelfAttention.v,174,0.17007435858249664,cross
quartz,transformer.decoder.block.10.layer.0.SelfAttention.v,174,0.3392618000507355,corr
quartz,transformer.decoder.block.10.layer.0.SelfAttention.v,174,0.3486312925815582,drift
quartz,transformer.decoder.block.10.layer.0.SelfAttention.v,174,0.44724079966545105,tot
quartz,transformer.decoder.block.10.layer.0.SelfAttention.v,174,-0.20342454314231873,$\delta_\text{gsc}$
quartz,transformer.decoder.block.10.layer.0.SelfAttention.v,174,-0.20730212330818176,$\delta_\text{ssc}$
quartz,transformer.decoder.block.10.layer.0.SelfAttention.o,175,0.19062131643295288,cross
quartz,transformer.decoder.block.10.layer.0.SelfAttention.o,175,0.2351161688566208,corr
quartz,transformer.decoder.block.10.layer.0.SelfAttention.o,175,0.32289862632751465,drift
quartz,transformer.decoder.block.10.layer.0.SelfAttention.o,175,0.38580626249313354,tot
quartz,transformer.decoder.block.10.layer.0.SelfAttention.o,175,-0.2204429805278778,$\delta_\text{gsc}$
quartz,transformer.decoder.block.10.layer.0.SelfAttention.o,175,-0.14238686859607697,$\delta_\text{ssc}$
quartz,transformer.decoder.block.10.layer.1.EncDecAttention.q,176,,cross
quartz,transformer.decoder.block.10.layer.1.EncDecAttention.q,176,,corr
quartz,transformer.decoder.block.10.layer.1.EncDecAttention.q,176,,drift
quartz,transformer.decoder.block.10.layer.1.EncDecAttention.q,176,,tot
quartz,transformer.decoder.block.10.layer.1.EncDecAttention.q,176,,$\delta_\text{gsc}$
quartz,transformer.decoder.block.10.layer.1.EncDecAttention.q,176,,$\delta_\text{ssc}$
quartz,transformer.decoder.block.10.layer.1.EncDecAttention.k,177,,cross
quartz,transformer.decoder.block.10.layer.1.EncDecAttention.k,177,,corr
quartz,transformer.decoder.block.10.layer.1.EncDecAttention.k,177,,drift
quartz,transformer.decoder.block.10.layer.1.EncDecAttention.k,177,,tot
quartz,transformer.decoder.block.10.layer.1.EncDecAttention.k,177,,$\delta_\text{gsc}$
quartz,transformer.decoder.block.10.layer.1.EncDecAttention.k,177,,$\delta_\text{ssc}$
quartz,transformer.decoder.block.10.layer.1.EncDecAttention.v,178,0.22568410634994507,cross
quartz,transformer.decoder.block.10.layer.1.EncDecAttention.v,178,0.3865940570831299,corr
quartz,transformer.decoder.block.10.layer.1.EncDecAttention.v,178,0.32465797662734985,drift
quartz,transformer.decoder.block.10.layer.1.EncDecAttention.v,178,0.3845382034778595,tot
quartz,transformer.decoder.block.10.layer.1.EncDecAttention.v,178,-0.2962491810321808,$\delta_\text{gsc}$
quartz,transformer.decoder.block.10.layer.1.EncDecAttention.v,178,-0.2561487555503845,$\delta_\text{ssc}$
quartz,transformer.decoder.block.10.layer.1.EncDecAttention.o,179,0.18604350090026855,cross
quartz,transformer.decoder.block.10.layer.1.EncDecAttention.o,179,0.23958905041217804,corr
quartz,transformer.decoder.block.10.layer.1.EncDecAttention.o,179,0.3178611695766449,drift
quartz,transformer.decoder.block.10.layer.1.EncDecAttention.o,179,0.3512822985649109,tot
quartz,transformer.decoder.block.10.layer.1.EncDecAttention.o,179,-0.22884494066238403,$\delta_\text{gsc}$
quartz,transformer.decoder.block.10.layer.1.EncDecAttention.o,179,-0.16336648166179657,$\delta_\text{ssc}$
quartz,transformer.decoder.block.10.layer.2.DenseReluDense.wi,180,0.04989323392510414,cross
quartz,transformer.decoder.block.10.layer.2.DenseReluDense.wi,180,0.336551308631897,corr
quartz,transformer.decoder.block.10.layer.2.DenseReluDense.wi,180,0.32234495878219604,drift
quartz,transformer.decoder.block.10.layer.2.DenseReluDense.wi,180,0.444368839263916,tot
quartz,transformer.decoder.block.10.layer.2.DenseReluDense.wi,180,-0.06983661651611328,$\delta_\text{gsc}$
quartz,transformer.decoder.block.10.layer.2.DenseReluDense.wi,180,-0.19458404183387756,$\delta_\text{ssc}$
quartz,transformer.decoder.block.10.layer.2.DenseReluDense.wo,181,0.13933111727237701,cross
quartz,transformer.decoder.block.10.layer.2.DenseReluDense.wo,181,0.3074495792388916,corr
quartz,transformer.decoder.block.10.layer.2.DenseReluDense.wo,181,0.4366534650325775,drift
quartz,transformer.decoder.block.10.layer.2.DenseReluDense.wo,181,0.47828683257102966,tot
quartz,transformer.decoder.block.10.layer.2.DenseReluDense.wo,181,-0.15164989233016968,$\delta_\text{gsc}$
quartz,transformer.decoder.block.10.layer.2.DenseReluDense.wo,181,-0.253497451543808,$\delta_\text{ssc}$
quartz,transformer.decoder.block.11.layer.0.SelfAttention.q,182,,cross
quartz,transformer.decoder.block.11.layer.0.SelfAttention.q,182,,corr
quartz,transformer.decoder.block.11.layer.0.SelfAttention.q,182,,drift
quartz,transformer.decoder.block.11.layer.0.SelfAttention.q,182,,tot
quartz,transformer.decoder.block.11.layer.0.SelfAttention.q,182,,$\delta_\text{gsc}$
quartz,transformer.decoder.block.11.layer.0.SelfAttention.q,182,,$\delta_\text{ssc}$
quartz,transformer.decoder.block.11.layer.0.SelfAttention.k,183,,cross
quartz,transformer.decoder.block.11.layer.0.SelfAttention.k,183,,corr
quartz,transformer.decoder.block.11.layer.0.SelfAttention.k,183,,drift
quartz,transformer.decoder.block.11.layer.0.SelfAttention.k,183,,tot
quartz,transformer.decoder.block.11.layer.0.SelfAttention.k,183,,$\delta_\text{gsc}$
quartz,transformer.decoder.block.11.layer.0.SelfAttention.k,183,,$\delta_\text{ssc}$
quartz,transformer.decoder.block.11.layer.0.SelfAttention.v,184,0.1870805025100708,cross
quartz,transformer.decoder.block.11.layer.0.SelfAttention.v,184,0.29997918009757996,corr
quartz,transformer.decoder.block.11.layer.0.SelfAttention.v,184,0.33540165424346924,drift
quartz,transformer.decoder.block.11.layer.0.SelfAttention.v,184,0.4032272398471832,tot
quartz,transformer.decoder.block.11.layer.0.SelfAttention.v,184,-0.2363862693309784,$\delta_\text{gsc}$
quartz,transformer.decoder.block.11.layer.0.SelfAttention.v,184,-0.18284782767295837,$\delta_\text{ssc}$
quartz,transformer.decoder.block.11.layer.0.SelfAttention.o,185,0.1645449846982956,cross
quartz,transformer.decoder.block.11.layer.0.SelfAttention.o,185,0.1921878159046173,corr
quartz,transformer.decoder.block.11.layer.0.SelfAttention.o,185,0.3567151427268982,drift
quartz,transformer.decoder.block.11.layer.0.SelfAttention.o,185,0.3971010446548462,tot
quartz,transformer.decoder.block.11.layer.0.SelfAttention.o,185,-0.18699567019939423,$\delta_\text{gsc}$
quartz,transformer.decoder.block.11.layer.0.SelfAttention.o,185,-0.12935122847557068,$\delta_\text{ssc}$
quartz,transformer.decoder.block.11.layer.1.EncDecAttention.q,186,,cross
quartz,transformer.decoder.block.11.layer.1.EncDecAttention.q,186,,corr
quartz,transformer.decoder.block.11.layer.1.EncDecAttention.q,186,,drift
quartz,transformer.decoder.block.11.layer.1.EncDecAttention.q,186,,tot
quartz,transformer.decoder.block.11.layer.1.EncDecAttention.q,186,,$\delta_\text{gsc}$
quartz,transformer.decoder.block.11.layer.1.EncDecAttention.q,186,,$\delta_\text{ssc}$
quartz,transformer.decoder.block.11.layer.1.EncDecAttention.k,187,,cross
quartz,transformer.decoder.block.11.layer.1.EncDecAttention.k,187,,corr
quartz,transformer.decoder.block.11.layer.1.EncDecAttention.k,187,,drift
quartz,transformer.decoder.block.11.layer.1.EncDecAttention.k,187,,tot
quartz,transformer.decoder.block.11.layer.1.EncDecAttention.k,187,,$\delta_\text{gsc}$
quartz,transformer.decoder.block.11.layer.1.EncDecAttention.k,187,,$\delta_\text{ssc}$
quartz,transformer.decoder.block.11.layer.1.EncDecAttention.v,188,0.23671510815620422,cross
quartz,transformer.decoder.block.11.layer.1.EncDecAttention.v,188,0.2712019979953766,corr
quartz,transformer.decoder.block.11.layer.1.EncDecAttention.v,188,0.3268119692802429,drift
quartz,transformer.decoder.block.11.layer.1.EncDecAttention.v,188,0.35242706537246704,tot
quartz,transformer.decoder.block.11.layer.1.EncDecAttention.v,188,-0.2949870526790619,$\delta_\text{gsc}$
quartz,transformer.decoder.block.11.layer.1.EncDecAttention.v,188,-0.1873149573802948,$\delta_\text{ssc}$
quartz,transformer.decoder.block.11.layer.1.EncDecAttention.o,189,0.10675179958343506,cross
quartz,transformer.decoder.block.11.layer.1.EncDecAttention.o,189,0.12399515509605408,corr
quartz,transformer.decoder.block.11.layer.1.EncDecAttention.o,189,0.2874089479446411,drift
quartz,transformer.decoder.block.11.layer.1.EncDecAttention.o,189,0.31712159514427185,tot
quartz,transformer.decoder.block.11.layer.1.EncDecAttention.o,189,-0.1256580352783203,$\delta_\text{gsc}$
quartz,transformer.decoder.block.11.layer.1.EncDecAttention.o,189,-0.07537627220153809,$\delta_\text{ssc}$
quartz,transformer.decoder.block.11.layer.2.DenseReluDense.wi,190,0.11407486349344254,cross
quartz,transformer.decoder.block.11.layer.2.DenseReluDense.wi,190,0.28191298246383667,corr
quartz,transformer.decoder.block.11.layer.2.DenseReluDense.wi,190,0.33230090141296387,drift
quartz,transformer.decoder.block.11.layer.2.DenseReluDense.wi,190,0.4162233769893646,tot
quartz,transformer.decoder.block.11.layer.2.DenseReluDense.wi,190,-0.1496797800064087,$\delta_\text{gsc}$
quartz,transformer.decoder.block.11.layer.2.DenseReluDense.wi,190,-0.16238558292388916,$\delta_\text{ssc}$
quartz,transformer.decoder.block.11.layer.2.DenseReluDense.wo,191,0.1852029412984848,cross
quartz,transformer.decoder.block.11.layer.2.DenseReluDense.wo,191,0.19739852845668793,corr
quartz,transformer.decoder.block.11.layer.2.DenseReluDense.wo,191,0.42276322841644287,drift
quartz,transformer.decoder.block.11.layer.2.DenseReluDense.wo,191,0.46663033962249756,tot
quartz,transformer.decoder.block.11.layer.2.DenseReluDense.wo,191,-0.20659175515174866,$\delta_\text{gsc}$
quartz,transformer.decoder.block.11.layer.2.DenseReluDense.wo,191,-0.13214260339736938,$\delta_\text{ssc}$
quartz,transformer.lm_head,192,0.06145699322223663,cross
quartz,transformer.lm_head,192,0.03710699453949928,corr
quartz,transformer.lm_head,192,0.20672380924224854,drift
quartz,transformer.lm_head,192,0.23373772203922272,tot
quartz,transformer.lm_head,192,-0.04489019513130188,$\delta_\text{gsc}$
quartz,transformer.lm_head,192,-0.026659876108169556,$\delta_\text{ssc}$
paws,transformer.encoder.block.0.layer.0.SelfAttention.q,0,,cross
paws,transformer.encoder.block.0.layer.0.SelfAttention.q,0,,corr
paws,transformer.encoder.block.0.layer.0.SelfAttention.q,0,,drift
paws,transformer.encoder.block.0.layer.0.SelfAttention.q,0,,tot
paws,transformer.encoder.block.0.layer.0.SelfAttention.q,0,,$\delta_\text{gsc}$
paws,transformer.encoder.block.0.layer.0.SelfAttention.q,0,,$\delta_\text{ssc}$
paws,transformer.encoder.block.0.layer.0.SelfAttention.k,1,,cross
paws,transformer.encoder.block.0.layer.0.SelfAttention.k,1,,corr
paws,transformer.encoder.block.0.layer.0.SelfAttention.k,1,,drift
paws,transformer.encoder.block.0.layer.0.SelfAttention.k,1,,tot
paws,transformer.encoder.block.0.layer.0.SelfAttention.k,1,,$\delta_\text{gsc}$
paws,transformer.encoder.block.0.layer.0.SelfAttention.k,1,,$\delta_\text{ssc}$
paws,transformer.encoder.block.0.layer.0.SelfAttention.v,2,0.04221823811531067,cross
paws,transformer.encoder.block.0.layer.0.SelfAttention.v,2,0.055828191339969635,corr
paws,transformer.encoder.block.0.layer.0.SelfAttention.v,2,0.007067272439599037,drift
paws,transformer.encoder.block.0.layer.0.SelfAttention.v,2,0.021186769008636475,tot
paws,transformer.encoder.block.0.layer.0.SelfAttention.v,2,-0.07791450619697571,$\delta_\text{gsc}$
paws,transformer.encoder.block.0.layer.0.SelfAttention.v,2,-0.006012430414557457,$\delta_\text{ssc}$
paws,transformer.encoder.block.0.layer.0.SelfAttention.o,3,0.07539334148168564,cross
paws,transformer.encoder.block.0.layer.0.SelfAttention.o,3,0.10900960117578506,corr
paws,transformer.encoder.block.0.layer.0.SelfAttention.o,3,0.03544355928897858,drift
paws,transformer.encoder.block.0.layer.0.SelfAttention.o,3,0.09580862522125244,tot
paws,transformer.encoder.block.0.layer.0.SelfAttention.o,3,-0.09743145108222961,$\delta_\text{gsc}$
paws,transformer.encoder.block.0.layer.0.SelfAttention.o,3,-0.026606425642967224,$\delta_\text{ssc}$
paws,transformer.encoder.block.0.layer.1.DenseReluDense.wi,4,0.05329253152012825,cross
paws,transformer.encoder.block.0.layer.1.DenseReluDense.wi,4,0.06430204957723618,corr
paws,transformer.encoder.block.0.layer.1.DenseReluDense.wi,4,0.06459717452526093,drift
paws,transformer.encoder.block.0.layer.1.DenseReluDense.wi,4,0.1005363017320633,tot
paws,transformer.encoder.block.0.layer.1.DenseReluDense.wi,4,-0.05183958634734154,$\delta_\text{gsc}$
paws,transformer.encoder.block.0.layer.1.DenseReluDense.wi,4,-0.02981586754322052,$\delta_\text{ssc}$
paws,transformer.encoder.block.0.layer.1.DenseReluDense.wo,5,0.12432865798473358,cross
paws,transformer.encoder.block.0.layer.1.DenseReluDense.wo,5,0.13862977921962738,corr
paws,transformer.encoder.block.0.layer.1.DenseReluDense.wo,5,0.15519092977046967,drift
paws,transformer.encoder.block.0.layer.1.DenseReluDense.wo,5,0.1642007976770401,tot
paws,transformer.encoder.block.0.layer.1.DenseReluDense.wo,5,-0.17406803369522095,$\delta_\text{gsc}$
paws,transformer.encoder.block.0.layer.1.DenseReluDense.wo,5,-0.07988053560256958,$\delta_\text{ssc}$
paws,transformer.encoder.block.1.layer.0.SelfAttention.q,6,,cross
paws,transformer.encoder.block.1.layer.0.SelfAttention.q,6,,corr
paws,transformer.encoder.block.1.layer.0.SelfAttention.q,6,,drift
paws,transformer.encoder.block.1.layer.0.SelfAttention.q,6,,tot
paws,transformer.encoder.block.1.layer.0.SelfAttention.q,6,,$\delta_\text{gsc}$
paws,transformer.encoder.block.1.layer.0.SelfAttention.q,6,,$\delta_\text{ssc}$
paws,transformer.encoder.block.1.layer.0.SelfAttention.k,7,,cross
paws,transformer.encoder.block.1.layer.0.SelfAttention.k,7,,corr
paws,transformer.encoder.block.1.layer.0.SelfAttention.k,7,,drift
paws,transformer.encoder.block.1.layer.0.SelfAttention.k,7,,tot
paws,transformer.encoder.block.1.layer.0.SelfAttention.k,7,,$\delta_\text{gsc}$
paws,transformer.encoder.block.1.layer.0.SelfAttention.k,7,,$\delta_\text{ssc}$
paws,transformer.encoder.block.1.layer.0.SelfAttention.v,8,0.07025336474180222,cross
paws,transformer.encoder.block.1.layer.0.SelfAttention.v,8,0.0863046646118164,corr
paws,transformer.encoder.block.1.layer.0.SelfAttention.v,8,0.07088899612426758,drift
paws,transformer.encoder.block.1.layer.0.SelfAttention.v,8,0.08263172209262848,tot
paws,transformer.encoder.block.1.layer.0.SelfAttention.v,8,-0.1028640940785408,$\delta_\text{gsc}$
paws,transformer.encoder.block.1.layer.0.SelfAttention.v,8,-0.04195120930671692,$\delta_\text{ssc}$
paws,transformer.encoder.block.1.layer.0.SelfAttention.o,9,0.12606728076934814,cross
paws,transformer.encoder.block.1.layer.0.SelfAttention.o,9,0.1458531767129898,corr
paws,transformer.encoder.block.1.layer.0.SelfAttention.o,9,0.09699111431837082,drift
paws,transformer.encoder.block.1.layer.0.SelfAttention.o,9,0.10143427550792694,tot
paws,transformer.encoder.block.1.layer.0.SelfAttention.o,9,-0.20188851654529572,$\delta_\text{gsc}$
paws,transformer.encoder.block.1.layer.0.SelfAttention.o,9,-0.06558877974748611,$\delta_\text{ssc}$
paws,transformer.encoder.block.1.layer.1.DenseReluDense.wi,10,0.062347762286663055,cross
paws,transformer.encoder.block.1.layer.1.DenseReluDense.wi,10,0.08607320487499237,corr
paws,transformer.encoder.block.1.layer.1.DenseReluDense.wi,10,0.07869824022054672,drift
paws,transformer.encoder.block.1.layer.1.DenseReluDense.wi,10,0.0967375785112381,tot
paws,transformer.encoder.block.1.layer.1.DenseReluDense.wi,10,-0.08713195472955704,$\delta_\text{gsc}$
paws,transformer.encoder.block.1.layer.1.DenseReluDense.wi,10,-0.04324967414140701,$\delta_\text{ssc}$
paws,transformer.encoder.block.1.layer.1.DenseReluDense.wo,11,0.07295170426368713,cross
paws,transformer.encoder.block.1.layer.1.DenseReluDense.wo,11,0.08727061748504639,corr
paws,transformer.encoder.block.1.layer.1.DenseReluDense.wo,11,0.19030500948429108,drift
paws,transformer.encoder.block.1.layer.1.DenseReluDense.wo,11,0.1831446886062622,tot
paws,transformer.encoder.block.1.layer.1.DenseReluDense.wo,11,-0.06443333625793457,$\delta_\text{gsc}$
paws,transformer.encoder.block.1.layer.1.DenseReluDense.wo,11,-0.10294930636882782,$\delta_\text{ssc}$
paws,transformer.encoder.block.2.layer.0.SelfAttention.q,12,,cross
paws,transformer.encoder.block.2.layer.0.SelfAttention.q,12,,corr
paws,transformer.encoder.block.2.layer.0.SelfAttention.q,12,,drift
paws,transformer.encoder.block.2.layer.0.SelfAttention.q,12,,tot
paws,transformer.encoder.block.2.layer.0.SelfAttention.q,12,,$\delta_\text{gsc}$
paws,transformer.encoder.block.2.layer.0.SelfAttention.q,12,,$\delta_\text{ssc}$
paws,transformer.encoder.block.2.layer.0.SelfAttention.k,13,,cross
paws,transformer.encoder.block.2.layer.0.SelfAttention.k,13,,corr
paws,transformer.encoder.block.2.layer.0.SelfAttention.k,13,,drift
paws,transformer.encoder.block.2.layer.0.SelfAttention.k,13,,tot
paws,transformer.encoder.block.2.layer.0.SelfAttention.k,13,,$\delta_\text{gsc}$
paws,transformer.encoder.block.2.layer.0.SelfAttention.k,13,,$\delta_\text{ssc}$
paws,transformer.encoder.block.2.layer.0.SelfAttention.v,14,0.08051257580518723,cross
paws,transformer.encoder.block.2.layer.0.SelfAttention.v,14,0.10020851343870163,corr
paws,transformer.encoder.block.2.layer.0.SelfAttention.v,14,0.08985704928636551,drift
paws,transformer.encoder.block.2.layer.0.SelfAttention.v,14,0.08579391986131668,tot
paws,transformer.encoder.block.2.layer.0.SelfAttention.v,14,-0.12363089621067047,$\delta_\text{gsc}$
paws,transformer.encoder.block.2.layer.0.SelfAttention.v,14,-0.06115332245826721,$\delta_\text{ssc}$
paws,transformer.encoder.block.2.layer.0.SelfAttention.o,15,0.11330150812864304,cross
paws,transformer.encoder.block.2.layer.0.SelfAttention.o,15,0.13295000791549683,corr
paws,transformer.encoder.block.2.layer.0.SelfAttention.o,15,0.12707778811454773,drift
paws,transformer.encoder.block.2.layer.0.SelfAttention.o,15,0.11388908326625824,tot
paws,transformer.encoder.block.2.layer.0.SelfAttention.o,15,-0.17279589176177979,$\delta_\text{gsc}$
paws,transformer.encoder.block.2.layer.0.SelfAttention.o,15,-0.08664433658123016,$\delta_\text{ssc}$
paws,transformer.encoder.block.2.layer.1.DenseReluDense.wi,16,0.06136734411120415,cross
paws,transformer.encoder.block.2.layer.1.DenseReluDense.wi,16,0.07793556898832321,corr
paws,transformer.encoder.block.2.layer.1.DenseReluDense.wi,16,0.09298380464315414,drift
paws,transformer.encoder.block.2.layer.1.DenseReluDense.wi,16,0.10458088666200638,tot
paws,transformer.encoder.block.2.layer.1.DenseReluDense.wi,16,-0.07627522945404053,$\delta_\text{gsc}$
paws,transformer.encoder.block.2.layer.1.DenseReluDense.wi,16,-0.051430605351924896,$\delta_\text{ssc}$
paws,transformer.encoder.block.2.layer.1.DenseReluDense.wo,17,0.23566827178001404,cross
paws,transformer.encoder.block.2.layer.1.DenseReluDense.wo,17,0.4505835473537445,corr
paws,transformer.encoder.block.2.layer.1.DenseReluDense.wo,17,0.45222949981689453,drift
paws,transformer.encoder.block.2.layer.1.DenseReluDense.wo,17,0.24695688486099243,tot
paws,transformer.encoder.block.2.layer.1.DenseReluDense.wo,17,-0.33075883984565735,$\delta_\text{gsc}$
paws,transformer.encoder.block.2.layer.1.DenseReluDense.wo,17,-0.5607656240463257,$\delta_\text{ssc}$
paws,transformer.encoder.block.3.layer.0.SelfAttention.q,18,,cross
paws,transformer.encoder.block.3.layer.0.SelfAttention.q,18,,corr
paws,transformer.encoder.block.3.layer.0.SelfAttention.q,18,,drift
paws,transformer.encoder.block.3.layer.0.SelfAttention.q,18,,tot
paws,transformer.encoder.block.3.layer.0.SelfAttention.q,18,,$\delta_\text{gsc}$
paws,transformer.encoder.block.3.layer.0.SelfAttention.q,18,,$\delta_\text{ssc}$
paws,transformer.encoder.block.3.layer.0.SelfAttention.k,19,,cross
paws,transformer.encoder.block.3.layer.0.SelfAttention.k,19,,corr
paws,transformer.encoder.block.3.layer.0.SelfAttention.k,19,,drift
paws,transformer.encoder.block.3.layer.0.SelfAttention.k,19,,tot
paws,transformer.encoder.block.3.layer.0.SelfAttention.k,19,,$\delta_\text{gsc}$
paws,transformer.encoder.block.3.layer.0.SelfAttention.k,19,,$\delta_\text{ssc}$
paws,transformer.encoder.block.3.layer.0.SelfAttention.v,20,0.08309323340654373,cross
paws,transformer.encoder.block.3.layer.0.SelfAttention.v,20,0.10669085383415222,corr
paws,transformer.encoder.block.3.layer.0.SelfAttention.v,20,0.1275538206100464,drift
paws,transformer.encoder.block.3.layer.0.SelfAttention.v,20,0.12040834873914719,tot
paws,transformer.encoder.block.3.layer.0.SelfAttention.v,20,-0.12472477555274963,$\delta_\text{gsc}$
paws,transformer.encoder.block.3.layer.0.SelfAttention.v,20,-0.07220478355884552,$\delta_\text{ssc}$
paws,transformer.encoder.block.3.layer.0.SelfAttention.o,21,0.08815542608499527,cross
paws,transformer.encoder.block.3.layer.0.SelfAttention.o,21,0.1055556982755661,corr
paws,transformer.encoder.block.3.layer.0.SelfAttention.o,21,0.1680259108543396,drift
paws,transformer.encoder.block.3.layer.0.SelfAttention.o,21,0.15165004134178162,tot
paws,transformer.encoder.block.3.layer.0.SelfAttention.o,21,-0.12509876489639282,$\delta_\text{gsc}$
paws,transformer.encoder.block.3.layer.0.SelfAttention.o,21,-0.08498823642730713,$\delta_\text{ssc}$
paws,transformer.encoder.block.3.layer.1.DenseReluDense.wi,22,0.061815984547138214,cross
paws,transformer.encoder.block.3.layer.1.DenseReluDense.wi,22,0.08026657998561859,corr
paws,transformer.encoder.block.3.layer.1.DenseReluDense.wi,22,0.10163109004497528,drift
paws,transformer.encoder.block.3.layer.1.DenseReluDense.wi,22,0.09756488353013992,tot
paws,transformer.encoder.block.3.layer.1.DenseReluDense.wi,22,-0.09149099886417389,$\delta_\text{gsc}$
paws,transformer.encoder.block.3.layer.1.DenseReluDense.wi,22,-0.054657772183418274,$\delta_\text{ssc}$
paws,transformer.encoder.block.3.layer.1.DenseReluDense.wo,23,0.1163892149925232,cross
paws,transformer.encoder.block.3.layer.1.DenseReluDense.wo,23,0.39079511165618896,corr
paws,transformer.encoder.block.3.layer.1.DenseReluDense.wo,23,0.44244617223739624,drift
paws,transformer.encoder.block.3.layer.1.DenseReluDense.wo,23,0.28122231364250183,tot
paws,transformer.encoder.block.3.layer.1.DenseReluDense.wo,23,-0.13373249769210815,$\delta_\text{gsc}$
paws,transformer.encoder.block.3.layer.1.DenseReluDense.wo,23,-0.5346757173538208,$\delta_\text{ssc}$
paws,transformer.encoder.block.4.layer.0.SelfAttention.q,24,,cross
paws,transformer.encoder.block.4.layer.0.SelfAttention.q,24,,corr
paws,transformer.encoder.block.4.layer.0.SelfAttention.q,24,,drift
paws,transformer.encoder.block.4.layer.0.SelfAttention.q,24,,tot
paws,transformer.encoder.block.4.layer.0.SelfAttention.q,24,,$\delta_\text{gsc}$
paws,transformer.encoder.block.4.layer.0.SelfAttention.q,24,,$\delta_\text{ssc}$
paws,transformer.encoder.block.4.layer.0.SelfAttention.k,25,,cross
paws,transformer.encoder.block.4.layer.0.SelfAttention.k,25,,corr
paws,transformer.encoder.block.4.layer.0.SelfAttention.k,25,,drift
paws,transformer.encoder.block.4.layer.0.SelfAttention.k,25,,tot
paws,transformer.encoder.block.4.layer.0.SelfAttention.k,25,,$\delta_\text{gsc}$
paws,transformer.encoder.block.4.layer.0.SelfAttention.k,25,,$\delta_\text{ssc}$
paws,transformer.encoder.block.4.layer.0.SelfAttention.v,26,0.06995957344770432,cross
paws,transformer.encoder.block.4.layer.0.SelfAttention.v,26,0.08542970567941666,corr
paws,transformer.encoder.block.4.layer.0.SelfAttention.v,26,0.1711588054895401,drift
paws,transformer.encoder.block.4.layer.0.SelfAttention.v,26,0.1602587103843689,tot
paws,transformer.encoder.block.4.layer.0.SelfAttention.v,26,-0.09897782653570175,$\delta_\text{gsc}$
paws,transformer.encoder.block.4.layer.0.SelfAttention.v,26,-0.06731154769659042,$\delta_\text{ssc}$
paws,transformer.encoder.block.4.layer.0.SelfAttention.o,27,0.1313493400812149,cross
paws,transformer.encoder.block.4.layer.0.SelfAttention.o,27,0.1357976347208023,corr
paws,transformer.encoder.block.4.layer.0.SelfAttention.o,27,0.2262888103723526,drift
paws,transformer.encoder.block.4.layer.0.SelfAttention.o,27,0.21139319241046906,tot
paws,transformer.encoder.block.4.layer.0.SelfAttention.o,27,-0.19385316967964172,$\delta_\text{gsc}$
paws,transformer.encoder.block.4.layer.0.SelfAttention.o,27,-0.08818942308425903,$\delta_\text{ssc}$
paws,transformer.encoder.block.4.layer.1.DenseReluDense.wi,28,0.049348581582307816,cross
paws,transformer.encoder.block.4.layer.1.DenseReluDense.wi,28,0.0705437958240509,corr
paws,transformer.encoder.block.4.layer.1.DenseReluDense.wi,28,0.14022694528102875,drift
paws,transformer.encoder.block.4.layer.1.DenseReluDense.wi,28,0.12869171798229218,tot
paws,transformer.encoder.block.4.layer.1.DenseReluDense.wi,28,-0.07350000739097595,$\delta_\text{gsc}$
paws,transformer.encoder.block.4.layer.1.DenseReluDense.wi,28,-0.05792759358882904,$\delta_\text{ssc}$
paws,transformer.encoder.block.4.layer.1.DenseReluDense.wo,29,0.2356749176979065,cross
paws,transformer.encoder.block.4.layer.1.DenseReluDense.wo,29,0.4453183710575104,corr
paws,transformer.encoder.block.4.layer.1.DenseReluDense.wo,29,0.49168914556503296,drift
paws,transformer.encoder.block.4.layer.1.DenseReluDense.wo,29,0.34652993083000183,tot
paws,transformer.encoder.block.4.layer.1.DenseReluDense.wo,29,-0.29948991537094116,$\delta_\text{gsc}$
paws,transformer.encoder.block.4.layer.1.DenseReluDense.wo,29,-0.5266625881195068,$\delta_\text{ssc}$
paws,transformer.encoder.block.5.layer.0.SelfAttention.q,30,,cross
paws,transformer.encoder.block.5.layer.0.SelfAttention.q,30,,corr
paws,transformer.encoder.block.5.layer.0.SelfAttention.q,30,,drift
paws,transformer.encoder.block.5.layer.0.SelfAttention.q,30,,tot
paws,transformer.encoder.block.5.layer.0.SelfAttention.q,30,,$\delta_\text{gsc}$
paws,transformer.encoder.block.5.layer.0.SelfAttention.q,30,,$\delta_\text{ssc}$
paws,transformer.encoder.block.5.layer.0.SelfAttention.k,31,,cross
paws,transformer.encoder.block.5.layer.0.SelfAttention.k,31,,corr
paws,transformer.encoder.block.5.layer.0.SelfAttention.k,31,,drift
paws,transformer.encoder.block.5.layer.0.SelfAttention.k,31,,tot
paws,transformer.encoder.block.5.layer.0.SelfAttention.k,31,,$\delta_\text{gsc}$
paws,transformer.encoder.block.5.layer.0.SelfAttention.k,31,,$\delta_\text{ssc}$
paws,transformer.encoder.block.5.layer.0.SelfAttention.v,32,0.12075084447860718,cross
paws,transformer.encoder.block.5.layer.0.SelfAttention.v,32,0.12635502219200134,corr
paws,transformer.encoder.block.5.layer.0.SelfAttention.v,32,0.19650480151176453,drift
paws,transformer.encoder.block.5.layer.0.SelfAttention.v,32,0.17904332280158997,tot
paws,transformer.encoder.block.5.layer.0.SelfAttention.v,32,-0.18391813337802887,$\delta_\text{gsc}$
paws,transformer.encoder.block.5.layer.0.SelfAttention.v,32,-0.08064921200275421,$\delta_\text{ssc}$
paws,transformer.encoder.block.5.layer.0.SelfAttention.o,33,0.18686798214912415,cross
paws,transformer.encoder.block.5.layer.0.SelfAttention.o,33,0.1854642927646637,corr
paws,transformer.encoder.block.5.layer.0.SelfAttention.o,33,0.2460576593875885,drift
paws,transformer.encoder.block.5.layer.0.SelfAttention.o,33,0.21893996000289917,tot
paws,transformer.encoder.block.5.layer.0.SelfAttention.o,33,-0.2747752070426941,$\delta_\text{gsc}$
paws,transformer.encoder.block.5.layer.0.SelfAttention.o,33,-0.12467476725578308,$\delta_\text{ssc}$
paws,transformer.encoder.block.5.layer.1.DenseReluDense.wi,34,0.0639713853597641,cross
paws,transformer.encoder.block.5.layer.1.DenseReluDense.wi,34,0.08830754458904266,corr
paws,transformer.encoder.block.5.layer.1.DenseReluDense.wi,34,0.1747724562883377,drift
paws,transformer.encoder.block.5.layer.1.DenseReluDense.wi,34,0.1512063592672348,tot
paws,transformer.encoder.block.5.layer.1.DenseReluDense.wi,34,-0.09500105679035187,$\delta_\text{gsc}$
paws,transformer.encoder.block.5.layer.1.DenseReluDense.wi,34,-0.0808439701795578,$\delta_\text{ssc}$
paws,transformer.encoder.block.5.layer.1.DenseReluDense.wo,35,0.2110876739025116,cross
paws,transformer.encoder.block.5.layer.1.DenseReluDense.wo,35,0.4003325402736664,corr
paws,transformer.encoder.block.5.layer.1.DenseReluDense.wo,35,0.45522719621658325,drift
paws,transformer.encoder.block.5.layer.1.DenseReluDense.wo,35,0.2940913438796997,tot
paws,transformer.encoder.block.5.layer.1.DenseReluDense.wo,35,-0.3112787902355194,$\delta_\text{gsc}$
paws,transformer.encoder.block.5.layer.1.DenseReluDense.wo,35,-0.4612772762775421,$\delta_\text{ssc}$
paws,transformer.encoder.block.6.layer.0.SelfAttention.q,36,,cross
paws,transformer.encoder.block.6.layer.0.SelfAttention.q,36,,corr
paws,transformer.encoder.block.6.layer.0.SelfAttention.q,36,,drift
paws,transformer.encoder.block.6.layer.0.SelfAttention.q,36,,tot
paws,transformer.encoder.block.6.layer.0.SelfAttention.q,36,,$\delta_\text{gsc}$
paws,transformer.encoder.block.6.layer.0.SelfAttention.q,36,,$\delta_\text{ssc}$
paws,transformer.encoder.block.6.layer.0.SelfAttention.k,37,,cross
paws,transformer.encoder.block.6.layer.0.SelfAttention.k,37,,corr
paws,transformer.encoder.block.6.layer.0.SelfAttention.k,37,,drift
paws,transformer.encoder.block.6.layer.0.SelfAttention.k,37,,tot
paws,transformer.encoder.block.6.layer.0.SelfAttention.k,37,,$\delta_\text{gsc}$
paws,transformer.encoder.block.6.layer.0.SelfAttention.k,37,,$\delta_\text{ssc}$
paws,transformer.encoder.block.6.layer.0.SelfAttention.v,38,0.10155078768730164,cross
paws,transformer.encoder.block.6.layer.0.SelfAttention.v,38,0.09676135331392288,corr
paws,transformer.encoder.block.6.layer.0.SelfAttention.v,38,0.25209471583366394,drift
paws,transformer.encoder.block.6.layer.0.SelfAttention.v,38,0.23104111850261688,tot
paws,transformer.encoder.block.6.layer.0.SelfAttention.v,38,-0.15087203681468964,$\delta_\text{gsc}$
paws,transformer.encoder.block.6.layer.0.SelfAttention.v,38,-0.06849369406700134,$\delta_\text{ssc}$
paws,transformer.encoder.block.6.layer.0.SelfAttention.o,39,0.12210926413536072,cross
paws,transformer.encoder.block.6.layer.0.SelfAttention.o,39,0.12123928964138031,corr
paws,transformer.encoder.block.6.layer.0.SelfAttention.o,39,0.28192752599716187,drift
paws,transformer.encoder.block.6.layer.0.SelfAttention.o,39,0.260811984539032,tot
paws,transformer.encoder.block.6.layer.0.SelfAttention.o,39,-0.16978469491004944,$\delta_\text{gsc}$
paws,transformer.encoder.block.6.layer.0.SelfAttention.o,39,-0.09467940032482147,$\delta_\text{ssc}$
paws,transformer.encoder.block.6.layer.1.DenseReluDense.wi,40,0.0752938985824585,cross
paws,transformer.encoder.block.6.layer.1.DenseReluDense.wi,40,0.09136689454317093,corr
paws,transformer.encoder.block.6.layer.1.DenseReluDense.wi,40,0.21821366250514984,drift
paws,transformer.encoder.block.6.layer.1.DenseReluDense.wi,40,0.19288749992847443,tot
paws,transformer.encoder.block.6.layer.1.DenseReluDense.wi,40,-0.11539618670940399,$\delta_\text{gsc}$
paws,transformer.encoder.block.6.layer.1.DenseReluDense.wi,40,-0.07659076154232025,$\delta_\text{ssc}$
paws,transformer.encoder.block.6.layer.1.DenseReluDense.wo,41,0.12442933022975922,cross
paws,transformer.encoder.block.6.layer.1.DenseReluDense.wo,41,0.31543803215026855,corr
paws,transformer.encoder.block.6.layer.1.DenseReluDense.wo,41,0.4529317021369934,drift
paws,transformer.encoder.block.6.layer.1.DenseReluDense.wo,41,0.350979745388031,tot
paws,transformer.encoder.block.6.layer.1.DenseReluDense.wo,41,-0.14861948788166046,$\delta_\text{gsc}$
paws,transformer.encoder.block.6.layer.1.DenseReluDense.wo,41,-0.3931998312473297,$\delta_\text{ssc}$
paws,transformer.encoder.block.7.layer.0.SelfAttention.q,42,,cross
paws,transformer.encoder.block.7.layer.0.SelfAttention.q,42,,corr
paws,transformer.encoder.block.7.layer.0.SelfAttention.q,42,,drift
paws,transformer.encoder.block.7.layer.0.SelfAttention.q,42,,tot
paws,transformer.encoder.block.7.layer.0.SelfAttention.q,42,,$\delta_\text{gsc}$
paws,transformer.encoder.block.7.layer.0.SelfAttention.q,42,,$\delta_\text{ssc}$
paws,transformer.encoder.block.7.layer.0.SelfAttention.k,43,,cross
paws,transformer.encoder.block.7.layer.0.SelfAttention.k,43,,corr
paws,transformer.encoder.block.7.layer.0.SelfAttention.k,43,,drift
paws,transformer.encoder.block.7.layer.0.SelfAttention.k,43,,tot
paws,transformer.encoder.block.7.layer.0.SelfAttention.k,43,,$\delta_\text{gsc}$
paws,transformer.encoder.block.7.layer.0.SelfAttention.k,43,,$\delta_\text{ssc}$
paws,transformer.encoder.block.7.layer.0.SelfAttention.v,44,0.06960860639810562,cross
paws,transformer.encoder.block.7.layer.0.SelfAttention.v,44,0.06090785935521126,corr
paws,transformer.encoder.block.7.layer.0.SelfAttention.v,44,0.2936255633831024,drift
paws,transformer.encoder.block.7.layer.0.SelfAttention.v,44,0.2799655497074127,tot
paws,transformer.encoder.block.7.layer.0.SelfAttention.v,44,-0.09845530986785889,$\delta_\text{gsc}$
paws,transformer.encoder.block.7.layer.0.SelfAttention.v,44,-0.045721158385276794,$\delta_\text{ssc}$
paws,transformer.encoder.block.7.layer.0.SelfAttention.o,45,0.0784488394856453,cross
paws,transformer.encoder.block.7.layer.0.SelfAttention.o,45,0.0691356435418129,corr
paws,transformer.encoder.block.7.layer.0.SelfAttention.o,45,0.33444899320602417,drift
paws,transformer.encoder.block.7.layer.0.SelfAttention.o,45,0.32309529185295105,tot
paws,transformer.encoder.block.7.layer.0.SelfAttention.o,45,-0.10554590821266174,$\delta_\text{gsc}$
paws,transformer.encoder.block.7.layer.0.SelfAttention.o,45,-0.053392261266708374,$\delta_\text{ssc}$
paws,transformer.encoder.block.7.layer.1.DenseReluDense.wi,46,0.05258817598223686,cross
paws,transformer.encoder.block.7.layer.1.DenseReluDense.wi,46,0.06543303281068802,corr
paws,transformer.encoder.block.7.layer.1.DenseReluDense.wi,46,0.26893046498298645,drift
paws,transformer.encoder.block.7.layer.1.DenseReluDense.wi,46,0.2529749870300293,tot
paws,transformer.encoder.block.7.layer.1.DenseReluDense.wi,46,-0.07845963537693024,$\delta_\text{gsc}$
paws,transformer.encoder.block.7.layer.1.DenseReluDense.wi,46,-0.0555170476436615,$\delta_\text{ssc}$
paws,transformer.encoder.block.7.layer.1.DenseReluDense.wo,47,0.1358407735824585,cross
paws,transformer.encoder.block.7.layer.1.DenseReluDense.wo,47,0.25173571705818176,corr
paws,transformer.encoder.block.7.layer.1.DenseReluDense.wo,47,0.45947736501693726,drift
paws,transformer.encoder.block.7.layer.1.DenseReluDense.wo,47,0.42321887612342834,tot
paws,transformer.encoder.block.7.layer.1.DenseReluDense.wo,47,-0.14483478665351868,$\delta_\text{gsc}$
paws,transformer.encoder.block.7.layer.1.DenseReluDense.wo,47,-0.2790001928806305,$\delta_\text{ssc}$
paws,transformer.encoder.block.8.layer.0.SelfAttention.q,48,,cross
paws,transformer.encoder.block.8.layer.0.SelfAttention.q,48,,corr
paws,transformer.encoder.block.8.layer.0.SelfAttention.q,48,,drift
paws,transformer.encoder.block.8.layer.0.SelfAttention.q,48,,tot
paws,transformer.encoder.block.8.layer.0.SelfAttention.q,48,,$\delta_\text{gsc}$
paws,transformer.encoder.block.8.layer.0.SelfAttention.q,48,,$\delta_\text{ssc}$
paws,transformer.encoder.block.8.layer.0.SelfAttention.k,49,,cross
paws,transformer.encoder.block.8.layer.0.SelfAttention.k,49,,corr
paws,transformer.encoder.block.8.layer.0.SelfAttention.k,49,,drift
paws,transformer.encoder.block.8.layer.0.SelfAttention.k,49,,tot
paws,transformer.encoder.block.8.layer.0.SelfAttention.k,49,,$\delta_\text{gsc}$
paws,transformer.encoder.block.8.layer.0.SelfAttention.k,49,,$\delta_\text{ssc}$
paws,transformer.encoder.block.8.layer.0.SelfAttention.v,50,0.044732023030519485,cross
paws,transformer.encoder.block.8.layer.0.SelfAttention.v,50,0.040830161422491074,corr
paws,transformer.encoder.block.8.layer.0.SelfAttention.v,50,0.30794188380241394,drift
paws,transformer.encoder.block.8.layer.0.SelfAttention.v,50,0.30008527636528015,tot
paws,transformer.encoder.block.8.layer.0.SelfAttention.v,50,-0.0598393976688385,$\delta_\text{gsc}$
paws,transformer.encoder.block.8.layer.0.SelfAttention.v,50,-0.03357940912246704,$\delta_\text{ssc}$
paws,transformer.encoder.block.8.layer.0.SelfAttention.o,51,0.05793437734246254,cross
paws,transformer.encoder.block.8.layer.0.SelfAttention.o,51,0.04797699302434921,corr
paws,transformer.encoder.block.8.layer.0.SelfAttention.o,51,0.3233460783958435,drift
paws,transformer.encoder.block.8.layer.0.SelfAttention.o,51,0.3183501660823822,tot
paws,transformer.encoder.block.8.layer.0.SelfAttention.o,51,-0.0720682144165039,$\delta_\text{gsc}$
paws,transformer.encoder.block.8.layer.0.SelfAttention.o,51,-0.03883907198905945,$\delta_\text{ssc}$
paws,transformer.encoder.block.8.layer.1.DenseReluDense.wi,52,0.04660670459270477,cross
paws,transformer.encoder.block.8.layer.1.DenseReluDense.wi,52,0.05440454185009003,corr
paws,transformer.encoder.block.8.layer.1.DenseReluDense.wi,52,0.27472153306007385,drift
paws,transformer.encoder.block.8.layer.1.DenseReluDense.wi,52,0.26086676120758057,tot
paws,transformer.encoder.block.8.layer.1.DenseReluDense.wi,52,-0.06440271437168121,$\delta_\text{gsc}$
paws,transformer.encoder.block.8.layer.1.DenseReluDense.wi,52,-0.05046330392360687,$\delta_\text{ssc}$
paws,transformer.encoder.block.8.layer.1.DenseReluDense.wo,53,0.11940895020961761,cross
paws,transformer.encoder.block.8.layer.1.DenseReluDense.wo,53,0.10617921501398087,corr
paws,transformer.encoder.block.8.layer.1.DenseReluDense.wo,53,0.4088113307952881,drift
paws,transformer.encoder.block.8.layer.1.DenseReluDense.wo,53,0.4057430028915405,tot
paws,transformer.encoder.block.8.layer.1.DenseReluDense.wo,53,-0.13016313314437866,$\delta_\text{gsc}$
paws,transformer.encoder.block.8.layer.1.DenseReluDense.wo,53,-0.09849336743354797,$\delta_\text{ssc}$
paws,transformer.encoder.block.9.layer.0.SelfAttention.q,54,,cross
paws,transformer.encoder.block.9.layer.0.SelfAttention.q,54,,corr
paws,transformer.encoder.block.9.layer.0.SelfAttention.q,54,,drift
paws,transformer.encoder.block.9.layer.0.SelfAttention.q,54,,tot
paws,transformer.encoder.block.9.layer.0.SelfAttention.q,54,,$\delta_\text{gsc}$
paws,transformer.encoder.block.9.layer.0.SelfAttention.q,54,,$\delta_\text{ssc}$
paws,transformer.encoder.block.9.layer.0.SelfAttention.k,55,,cross
paws,transformer.encoder.block.9.layer.0.SelfAttention.k,55,,corr
paws,transformer.encoder.block.9.layer.0.SelfAttention.k,55,,drift
paws,transformer.encoder.block.9.layer.0.SelfAttention.k,55,,tot
paws,transformer.encoder.block.9.layer.0.SelfAttention.k,55,,$\delta_\text{gsc}$
paws,transformer.encoder.block.9.layer.0.SelfAttention.k,55,,$\delta_\text{ssc}$
paws,transformer.encoder.block.9.layer.0.SelfAttention.v,56,0.04938948154449463,cross
paws,transformer.encoder.block.9.layer.0.SelfAttention.v,56,0.04357264190912247,corr
paws,transformer.encoder.block.9.layer.0.SelfAttention.v,56,0.3139505386352539,drift
paws,transformer.encoder.block.9.layer.0.SelfAttention.v,56,0.30770230293273926,tot
paws,transformer.encoder.block.9.layer.0.SelfAttention.v,56,-0.06331139802932739,$\delta_\text{gsc}$
paws,transformer.encoder.block.9.layer.0.SelfAttention.v,56,-0.035898953676223755,$\delta_\text{ssc}$
paws,transformer.encoder.block.9.layer.0.SelfAttention.o,57,0.1022140309214592,cross
paws,transformer.encoder.block.9.layer.0.SelfAttention.o,57,0.07912027835845947,corr
paws,transformer.encoder.block.9.layer.0.SelfAttention.o,57,0.3220807611942291,drift
paws,transformer.encoder.block.9.layer.0.SelfAttention.o,57,0.31503331661224365,tot
paws,transformer.encoder.block.9.layer.0.SelfAttention.o,57,-0.12478113174438477,$\delta_\text{gsc}$
paws,transformer.encoder.block.9.layer.0.SelfAttention.o,57,-0.06360062956809998,$\delta_\text{ssc}$
paws,transformer.encoder.block.9.layer.1.DenseReluDense.wi,58,0.05806797742843628,cross
paws,transformer.encoder.block.9.layer.1.DenseReluDense.wi,58,0.041409265249967575,corr
paws,transformer.encoder.block.9.layer.1.DenseReluDense.wi,58,0.29066380858421326,drift
paws,transformer.encoder.block.9.layer.1.DenseReluDense.wi,58,0.2794135510921478,tot
paws,transformer.encoder.block.9.layer.1.DenseReluDense.wi,58,-0.08255425095558167,$\delta_\text{gsc}$
paws,transformer.encoder.block.9.layer.1.DenseReluDense.wi,58,-0.028173238039016724,$\delta_\text{ssc}$
paws,transformer.encoder.block.9.layer.1.DenseReluDense.wo,59,0.12254498153924942,cross
paws,transformer.encoder.block.9.layer.1.DenseReluDense.wo,59,0.08155691623687744,corr
paws,transformer.encoder.block.9.layer.1.DenseReluDense.wo,59,0.4360073208808899,drift
paws,transformer.encoder.block.9.layer.1.DenseReluDense.wo,59,0.43237370252609253,tot
paws,transformer.encoder.block.9.layer.1.DenseReluDense.wo,59,-0.1258831024169922,$\delta_\text{gsc}$
paws,transformer.encoder.block.9.layer.1.DenseReluDense.wo,59,-0.08185240626335144,$\delta_\text{ssc}$
paws,transformer.encoder.block.10.layer.0.SelfAttention.q,60,,cross
paws,transformer.encoder.block.10.layer.0.SelfAttention.q,60,,corr
paws,transformer.encoder.block.10.layer.0.SelfAttention.q,60,,drift
paws,transformer.encoder.block.10.layer.0.SelfAttention.q,60,,tot
paws,transformer.encoder.block.10.layer.0.SelfAttention.q,60,,$\delta_\text{gsc}$
paws,transformer.encoder.block.10.layer.0.SelfAttention.q,60,,$\delta_\text{ssc}$
paws,transformer.encoder.block.10.layer.0.SelfAttention.k,61,,cross
paws,transformer.encoder.block.10.layer.0.SelfAttention.k,61,,corr
paws,transformer.encoder.block.10.layer.0.SelfAttention.k,61,,drift
paws,transformer.encoder.block.10.layer.0.SelfAttention.k,61,,tot
paws,transformer.encoder.block.10.layer.0.SelfAttention.k,61,,$\delta_\text{gsc}$
paws,transformer.encoder.block.10.layer.0.SelfAttention.k,61,,$\delta_\text{ssc}$
paws,transformer.encoder.block.10.layer.0.SelfAttention.v,62,0.03533788397908211,cross
paws,transformer.encoder.block.10.layer.0.SelfAttention.v,62,0.02429794706404209,corr
paws,transformer.encoder.block.10.layer.0.SelfAttention.v,62,0.3289644420146942,drift
paws,transformer.encoder.block.10.layer.0.SelfAttention.v,62,0.3257710337638855,tot
paws,transformer.encoder.block.10.layer.0.SelfAttention.v,62,-0.04502362012863159,$\delta_\text{gsc}$
paws,transformer.encoder.block.10.layer.0.SelfAttention.v,62,-0.017805635929107666,$\delta_\text{ssc}$
paws,transformer.encoder.block.10.layer.0.SelfAttention.o,63,0.05885624885559082,cross
paws,transformer.encoder.block.10.layer.0.SelfAttention.o,63,0.023064548149704933,corr
paws,transformer.encoder.block.10.layer.0.SelfAttention.o,63,0.3365319073200226,drift
paws,transformer.encoder.block.10.layer.0.SelfAttention.o,63,0.33237794041633606,tot
paws,transformer.encoder.block.10.layer.0.SelfAttention.o,63,-0.0698765218257904,$\delta_\text{gsc}$
paws,transformer.encoder.block.10.layer.0.SelfAttention.o,63,-0.01619824767112732,$\delta_\text{ssc}$
paws,transformer.encoder.block.10.layer.1.DenseReluDense.wi,64,0.08008676767349243,cross
paws,transformer.encoder.block.10.layer.1.DenseReluDense.wi,64,0.048810821026563644,corr
paws,transformer.encoder.block.10.layer.1.DenseReluDense.wi,64,0.3128601908683777,drift
paws,transformer.encoder.block.10.layer.1.DenseReluDense.wi,64,0.30409765243530273,tot
paws,transformer.encoder.block.10.layer.1.DenseReluDense.wi,64,-0.10708704590797424,$\delta_\text{gsc}$
paws,transformer.encoder.block.10.layer.1.DenseReluDense.wi,64,-0.03057307004928589,$\delta_\text{ssc}$
paws,transformer.encoder.block.10.layer.1.DenseReluDense.wo,65,0.13236850500106812,cross
paws,transformer.encoder.block.10.layer.1.DenseReluDense.wo,65,0.0742904543876648,corr
paws,transformer.encoder.block.10.layer.1.DenseReluDense.wo,65,0.3897338807582855,drift
paws,transformer.encoder.block.10.layer.1.DenseReluDense.wo,65,0.37349575757980347,tot
paws,transformer.encoder.block.10.layer.1.DenseReluDense.wo,65,-0.1474880874156952,$\delta_\text{gsc}$
paws,transformer.encoder.block.10.layer.1.DenseReluDense.wo,65,-0.07540899515151978,$\delta_\text{ssc}$
paws,transformer.encoder.block.11.layer.0.SelfAttention.q,66,,cross
paws,transformer.encoder.block.11.layer.0.SelfAttention.q,66,,corr
paws,transformer.encoder.block.11.layer.0.SelfAttention.q,66,,drift
paws,transformer.encoder.block.11.layer.0.SelfAttention.q,66,,tot
paws,transformer.encoder.block.11.layer.0.SelfAttention.q,66,,$\delta_\text{gsc}$
paws,transformer.encoder.block.11.layer.0.SelfAttention.q,66,,$\delta_\text{ssc}$
paws,transformer.encoder.block.11.layer.0.SelfAttention.k,67,,cross
paws,transformer.encoder.block.11.layer.0.SelfAttention.k,67,,corr
paws,transformer.encoder.block.11.layer.0.SelfAttention.k,67,,drift
paws,transformer.encoder.block.11.layer.0.SelfAttention.k,67,,tot
paws,transformer.encoder.block.11.layer.0.SelfAttention.k,67,,$\delta_\text{gsc}$
paws,transformer.encoder.block.11.layer.0.SelfAttention.k,67,,$\delta_\text{ssc}$
paws,transformer.encoder.block.11.layer.0.SelfAttention.v,68,0.03946075215935707,cross
paws,transformer.encoder.block.11.layer.0.SelfAttention.v,68,0.023862652480602264,corr
paws,transformer.encoder.block.11.layer.0.SelfAttention.v,68,0.3338104486465454,drift
paws,transformer.encoder.block.11.layer.0.SelfAttention.v,68,0.3295730948448181,tot
paws,transformer.encoder.block.11.layer.0.SelfAttention.v,68,-0.05017426609992981,$\delta_\text{gsc}$
paws,transformer.encoder.block.11.layer.0.SelfAttention.v,68,-0.01738649606704712,$\delta_\text{ssc}$
paws,transformer.encoder.block.11.layer.0.SelfAttention.o,69,0.04766349494457245,cross
paws,transformer.encoder.block.11.layer.0.SelfAttention.o,69,0.021818343549966812,corr
paws,transformer.encoder.block.11.layer.0.SelfAttention.o,69,0.3249606490135193,drift
paws,transformer.encoder.block.11.layer.0.SelfAttention.o,69,0.32307538390159607,tot
paws,transformer.encoder.block.11.layer.0.SelfAttention.o,69,-0.05692991614341736,$\delta_\text{gsc}$
paws,transformer.encoder.block.11.layer.0.SelfAttention.o,69,-0.014437168836593628,$\delta_\text{ssc}$
paws,transformer.encoder.block.11.layer.1.DenseReluDense.wi,70,0.09794308990240097,cross
paws,transformer.encoder.block.11.layer.1.DenseReluDense.wi,70,0.06034624204039574,corr
paws,transformer.encoder.block.11.layer.1.DenseReluDense.wi,70,0.33246859908103943,drift
paws,transformer.encoder.block.11.layer.1.DenseReluDense.wi,70,0.32494890689849854,tot
paws,transformer.encoder.block.11.layer.1.DenseReluDense.wi,70,-0.12320259213447571,$\delta_\text{gsc}$
paws,transformer.encoder.block.11.layer.1.DenseReluDense.wi,70,-0.04260644316673279,$\delta_\text{ssc}$
paws,transformer.encoder.block.11.layer.1.DenseReluDense.wo,71,0.15559549629688263,cross
paws,transformer.encoder.block.11.layer.1.DenseReluDense.wo,71,0.035470183938741684,corr
paws,transformer.encoder.block.11.layer.1.DenseReluDense.wo,71,0.4953535795211792,drift
paws,transformer.encoder.block.11.layer.1.DenseReluDense.wo,71,0.46543872356414795,tot
paws,transformer.encoder.block.11.layer.1.DenseReluDense.wo,71,-0.18165206909179688,$\delta_\text{gsc}$
paws,transformer.encoder.block.11.layer.1.DenseReluDense.wo,71,-0.03932845592498779,$\delta_\text{ssc}$
paws,transformer.decoder.block.0.layer.0.SelfAttention.q,72,,cross
paws,transformer.decoder.block.0.layer.0.SelfAttention.q,72,,corr
paws,transformer.decoder.block.0.layer.0.SelfAttention.q,72,,drift
paws,transformer.decoder.block.0.layer.0.SelfAttention.q,72,,tot
paws,transformer.decoder.block.0.layer.0.SelfAttention.q,72,,$\delta_\text{gsc}$
paws,transformer.decoder.block.0.layer.0.SelfAttention.q,72,,$\delta_\text{ssc}$
paws,transformer.decoder.block.0.layer.0.SelfAttention.k,73,,cross
paws,transformer.decoder.block.0.layer.0.SelfAttention.k,73,,corr
paws,transformer.decoder.block.0.layer.0.SelfAttention.k,73,,drift
paws,transformer.decoder.block.0.layer.0.SelfAttention.k,73,,tot
paws,transformer.decoder.block.0.layer.0.SelfAttention.k,73,,$\delta_\text{gsc}$
paws,transformer.decoder.block.0.layer.0.SelfAttention.k,73,,$\delta_\text{ssc}$
paws,transformer.decoder.block.0.layer.0.SelfAttention.v,74,0.035629015415906906,cross
paws,transformer.decoder.block.0.layer.0.SelfAttention.v,74,0.01738230139017105,corr
paws,transformer.decoder.block.0.layer.0.SelfAttention.v,74,0.023815741762518883,drift
paws,transformer.decoder.block.0.layer.0.SelfAttention.v,74,0.012220140546560287,tot
paws,transformer.decoder.block.0.layer.0.SelfAttention.v,74,-0.05914152041077614,$\delta_\text{gsc}$
paws,transformer.decoder.block.0.layer.0.SelfAttention.v,74,-0.005465397611260414,$\delta_\text{ssc}$
paws,transformer.decoder.block.0.layer.0.SelfAttention.o,75,0.01671965792775154,cross
paws,transformer.decoder.block.0.layer.0.SelfAttention.o,75,0.015780864283442497,corr
paws,transformer.decoder.block.0.layer.0.SelfAttention.o,75,0.031196359544992447,drift
paws,transformer.decoder.block.0.layer.0.SelfAttention.o,75,0.027948277071118355,tot
paws,transformer.decoder.block.0.layer.0.SelfAttention.o,75,-0.0246004369109869,$\delta_\text{gsc}$
paws,transformer.decoder.block.0.layer.0.SelfAttention.o,75,-0.01114816777408123,$\delta_\text{ssc}$
paws,transformer.decoder.block.0.layer.1.EncDecAttention.q,76,,cross
paws,transformer.decoder.block.0.layer.1.EncDecAttention.q,76,,corr
paws,transformer.decoder.block.0.layer.1.EncDecAttention.q,76,,drift
paws,transformer.decoder.block.0.layer.1.EncDecAttention.q,76,,tot
paws,transformer.decoder.block.0.layer.1.EncDecAttention.q,76,,$\delta_\text{gsc}$
paws,transformer.decoder.block.0.layer.1.EncDecAttention.q,76,,$\delta_\text{ssc}$
paws,transformer.decoder.block.0.layer.1.EncDecAttention.k,77,,cross
paws,transformer.decoder.block.0.layer.1.EncDecAttention.k,77,,corr
paws,transformer.decoder.block.0.layer.1.EncDecAttention.k,77,,drift
paws,transformer.decoder.block.0.layer.1.EncDecAttention.k,77,,tot
paws,transformer.decoder.block.0.layer.1.EncDecAttention.k,77,,$\delta_\text{gsc}$
paws,transformer.decoder.block.0.layer.1.EncDecAttention.k,77,,$\delta_\text{ssc}$
paws,transformer.decoder.block.0.layer.1.EncDecAttention.v,78,0.27123183012008667,cross
paws,transformer.decoder.block.0.layer.1.EncDecAttention.v,78,0.3732304871082306,corr
paws,transformer.decoder.block.0.layer.1.EncDecAttention.v,78,0.33469700813293457,drift
paws,transformer.decoder.block.0.layer.1.EncDecAttention.v,78,0.36871811747550964,tot
paws,transformer.decoder.block.0.layer.1.EncDecAttention.v,78,-0.3510184586048126,$\delta_\text{gsc}$
paws,transformer.decoder.block.0.layer.1.EncDecAttention.v,78,-0.25942274928092957,$\delta_\text{ssc}$
paws,transformer.decoder.block.0.layer.1.EncDecAttention.o,79,0.21031267940998077,cross
paws,transformer.decoder.block.0.layer.1.EncDecAttention.o,79,0.24719364941120148,corr
paws,transformer.decoder.block.0.layer.1.EncDecAttention.o,79,0.32137835025787354,drift
paws,transformer.decoder.block.0.layer.1.EncDecAttention.o,79,0.3356800377368927,tot
paws,transformer.decoder.block.0.layer.1.EncDecAttention.o,79,-0.26522326469421387,$\delta_\text{gsc}$
paws,transformer.decoder.block.0.layer.1.EncDecAttention.o,79,-0.1779813915491104,$\delta_\text{ssc}$
paws,transformer.decoder.block.0.layer.2.DenseReluDense.wi,80,0.02703169919550419,cross
paws,transformer.decoder.block.0.layer.2.DenseReluDense.wi,80,0.13924117386341095,corr
paws,transformer.decoder.block.0.layer.2.DenseReluDense.wi,80,0.1993454545736313,drift
paws,transformer.decoder.block.0.layer.2.DenseReluDense.wi,80,0.26181524991989136,tot
paws,transformer.decoder.block.0.layer.2.DenseReluDense.wi,80,-0.038820430636405945,$\delta_\text{gsc}$
paws,transformer.decoder.block.0.layer.2.DenseReluDense.wi,80,-0.06498265266418457,$\delta_\text{ssc}$
paws,transformer.decoder.block.0.layer.2.DenseReluDense.wo,81,0.04140004888176918,cross
paws,transformer.decoder.block.0.layer.2.DenseReluDense.wo,81,0.07844340056180954,corr
paws,transformer.decoder.block.0.layer.2.DenseReluDense.wo,81,0.39828744530677795,drift
paws,transformer.decoder.block.0.layer.2.DenseReluDense.wo,81,0.42721298336982727,tot
paws,transformer.decoder.block.0.layer.2.DenseReluDense.wo,81,-0.0482422411441803,$\delta_\text{gsc}$
paws,transformer.decoder.block.0.layer.2.DenseReluDense.wo,81,-0.042675673961639404,$\delta_\text{ssc}$
paws,transformer.decoder.block.1.layer.0.SelfAttention.q,82,,cross
paws,transformer.decoder.block.1.layer.0.SelfAttention.q,82,,corr
paws,transformer.decoder.block.1.layer.0.SelfAttention.q,82,,drift
paws,transformer.decoder.block.1.layer.0.SelfAttention.q,82,,tot
paws,transformer.decoder.block.1.layer.0.SelfAttention.q,82,,$\delta_\text{gsc}$
paws,transformer.decoder.block.1.layer.0.SelfAttention.q,82,,$\delta_\text{ssc}$
paws,transformer.decoder.block.1.layer.0.SelfAttention.k,83,,cross
paws,transformer.decoder.block.1.layer.0.SelfAttention.k,83,,corr
paws,transformer.decoder.block.1.layer.0.SelfAttention.k,83,,drift
paws,transformer.decoder.block.1.layer.0.SelfAttention.k,83,,tot
paws,transformer.decoder.block.1.layer.0.SelfAttention.k,83,,$\delta_\text{gsc}$
paws,transformer.decoder.block.1.layer.0.SelfAttention.k,83,,$\delta_\text{ssc}$
paws,transformer.decoder.block.1.layer.0.SelfAttention.v,84,0.06784261763095856,cross
paws,transformer.decoder.block.1.layer.0.SelfAttention.v,84,0.14546926319599152,corr
paws,transformer.decoder.block.1.layer.0.SelfAttention.v,84,0.3390009105205536,drift
paws,transformer.decoder.block.1.layer.0.SelfAttention.v,84,0.39837008714675903,tot
paws,transformer.decoder.block.1.layer.0.SelfAttention.v,84,-0.10054817795753479,$\delta_\text{gsc}$
paws,transformer.decoder.block.1.layer.0.SelfAttention.v,84,-0.05339452624320984,$\delta_\text{ssc}$
paws,transformer.decoder.block.1.layer.0.SelfAttention.o,85,0.1052473857998848,cross
paws,transformer.decoder.block.1.layer.0.SelfAttention.o,85,0.21038347482681274,corr
paws,transformer.decoder.block.1.layer.0.SelfAttention.o,85,0.3021757900714874,drift
paws,transformer.decoder.block.1.layer.0.SelfAttention.o,85,0.38578569889068604,tot
paws,transformer.decoder.block.1.layer.0.SelfAttention.o,85,-0.15088951587677002,$\delta_\text{gsc}$
paws,transformer.decoder.block.1.layer.0.SelfAttention.o,85,-0.08113142848014832,$\delta_\text{ssc}$
paws,transformer.decoder.block.1.layer.1.EncDecAttention.q,86,,cross
paws,transformer.decoder.block.1.layer.1.EncDecAttention.q,86,,corr
paws,transformer.decoder.block.1.layer.1.EncDecAttention.q,86,,drift
paws,transformer.decoder.block.1.layer.1.EncDecAttention.q,86,,tot
paws,transformer.decoder.block.1.layer.1.EncDecAttention.q,86,,$\delta_\text{gsc}$
paws,transformer.decoder.block.1.layer.1.EncDecAttention.q,86,,$\delta_\text{ssc}$
paws,transformer.decoder.block.1.layer.1.EncDecAttention.k,87,,cross
paws,transformer.decoder.block.1.layer.1.EncDecAttention.k,87,,corr
paws,transformer.decoder.block.1.layer.1.EncDecAttention.k,87,,drift
paws,transformer.decoder.block.1.layer.1.EncDecAttention.k,87,,tot
paws,transformer.decoder.block.1.layer.1.EncDecAttention.k,87,,$\delta_\text{gsc}$
paws,transformer.decoder.block.1.layer.1.EncDecAttention.k,87,,$\delta_\text{ssc}$
paws,transformer.decoder.block.1.layer.1.EncDecAttention.v,88,0.25976794958114624,cross
paws,transformer.decoder.block.1.layer.1.EncDecAttention.v,88,0.3198297321796417,corr
paws,transformer.decoder.block.1.layer.1.EncDecAttention.v,88,0.336488276720047,drift
paws,transformer.decoder.block.1.layer.1.EncDecAttention.v,88,0.35302814841270447,tot
paws,transformer.decoder.block.1.layer.1.EncDecAttention.v,88,-0.3340158462524414,$\delta_\text{gsc}$
paws,transformer.decoder.block.1.layer.1.EncDecAttention.v,88,-0.2290419638156891,$\delta_\text{ssc}$
paws,transformer.decoder.block.1.layer.1.EncDecAttention.o,89,0.16167443990707397,cross
paws,transformer.decoder.block.1.layer.1.EncDecAttention.o,89,0.1555674523115158,corr
paws,transformer.decoder.block.1.layer.1.EncDecAttention.o,89,0.3183536231517792,drift
paws,transformer.decoder.block.1.layer.1.EncDecAttention.o,89,0.32344722747802734,tot
paws,transformer.decoder.block.1.layer.1.EncDecAttention.o,89,-0.1981813907623291,$\delta_\text{gsc}$
paws,transformer.decoder.block.1.layer.1.EncDecAttention.o,89,-0.11396689713001251,$\delta_\text{ssc}$
paws,transformer.decoder.block.1.layer.2.DenseReluDense.wi,90,0.03291499987244606,cross
paws,transformer.decoder.block.1.layer.2.DenseReluDense.wi,90,0.1170785203576088,corr
paws,transformer.decoder.block.1.layer.2.DenseReluDense.wi,90,0.3320707380771637,drift
paws,transformer.decoder.block.1.layer.2.DenseReluDense.wi,90,0.3920602798461914,tot
paws,transformer.decoder.block.1.layer.2.DenseReluDense.wi,90,-0.044743746519088745,$\delta_\text{gsc}$
paws,transformer.decoder.block.1.layer.2.DenseReluDense.wi,90,-0.045260220766067505,$\delta_\text{ssc}$
paws,transformer.decoder.block.1.layer.2.DenseReluDense.wo,91,0.07136555016040802,cross
paws,transformer.decoder.block.1.layer.2.DenseReluDense.wo,91,0.06318141520023346,corr
paws,transformer.decoder.block.1.layer.2.DenseReluDense.wo,91,0.43191975355148315,drift
paws,transformer.decoder.block.1.layer.2.DenseReluDense.wo,91,0.4372040331363678,tot
paws,transformer.decoder.block.1.layer.2.DenseReluDense.wo,91,-0.07121983170509338,$\delta_\text{gsc}$
paws,transformer.decoder.block.1.layer.2.DenseReluDense.wo,91,-0.05804288387298584,$\delta_\text{ssc}$
paws,transformer.decoder.block.2.layer.0.SelfAttention.q,92,,cross
paws,transformer.decoder.block.2.layer.0.SelfAttention.q,92,,corr
paws,transformer.decoder.block.2.layer.0.SelfAttention.q,92,,drift
paws,transformer.decoder.block.2.layer.0.SelfAttention.q,92,,tot
paws,transformer.decoder.block.2.layer.0.SelfAttention.q,92,,$\delta_\text{gsc}$
paws,transformer.decoder.block.2.layer.0.SelfAttention.q,92,,$\delta_\text{ssc}$
paws,transformer.decoder.block.2.layer.0.SelfAttention.k,93,,cross
paws,transformer.decoder.block.2.layer.0.SelfAttention.k,93,,corr
paws,transformer.decoder.block.2.layer.0.SelfAttention.k,93,,drift
paws,transformer.decoder.block.2.layer.0.SelfAttention.k,93,,tot
paws,transformer.decoder.block.2.layer.0.SelfAttention.k,93,,$\delta_\text{gsc}$
paws,transformer.decoder.block.2.layer.0.SelfAttention.k,93,,$\delta_\text{ssc}$
paws,transformer.decoder.block.2.layer.0.SelfAttention.v,94,0.037569183856248856,cross
paws,transformer.decoder.block.2.layer.0.SelfAttention.v,94,0.08871933817863464,corr
paws,transformer.decoder.block.2.layer.0.SelfAttention.v,94,0.40932995080947876,drift
paws,transformer.decoder.block.2.layer.0.SelfAttention.v,94,0.4411562383174896,tot
paws,transformer.decoder.block.2.layer.0.SelfAttention.v,94,-0.05185168981552124,$\delta_\text{gsc}$
paws,transformer.decoder.block.2.layer.0.SelfAttention.v,94,-0.04261055588722229,$\delta_\text{ssc}$
paws,transformer.decoder.block.2.layer.0.SelfAttention.o,95,0.12658865749835968,cross
paws,transformer.decoder.block.2.layer.0.SelfAttention.o,95,0.2793562412261963,corr
paws,transformer.decoder.block.2.layer.0.SelfAttention.o,95,0.320495069026947,drift
paws,transformer.decoder.block.2.layer.0.SelfAttention.o,95,0.4496327340602875,tot
paws,transformer.decoder.block.2.layer.0.SelfAttention.o,95,-0.15085312724113464,$\delta_\text{gsc}$
paws,transformer.decoder.block.2.layer.0.SelfAttention.o,95,-0.12595412135124207,$\delta_\text{ssc}$
paws,transformer.decoder.block.2.layer.1.EncDecAttention.q,96,,cross
paws,transformer.decoder.block.2.layer.1.EncDecAttention.q,96,,corr
paws,transformer.decoder.block.2.layer.1.EncDecAttention.q,96,,drift
paws,transformer.decoder.block.2.layer.1.EncDecAttention.q,96,,tot
paws,transformer.decoder.block.2.layer.1.EncDecAttention.q,96,,$\delta_\text{gsc}$
paws,transformer.decoder.block.2.layer.1.EncDecAttention.q,96,,$\delta_\text{ssc}$
paws,transformer.decoder.block.2.layer.1.EncDecAttention.k,97,,cross
paws,transformer.decoder.block.2.layer.1.EncDecAttention.k,97,,corr
paws,transformer.decoder.block.2.layer.1.EncDecAttention.k,97,,drift
paws,transformer.decoder.block.2.layer.1.EncDecAttention.k,97,,tot
paws,transformer.decoder.block.2.layer.1.EncDecAttention.k,97,,$\delta_\text{gsc}$
paws,transformer.decoder.block.2.layer.1.EncDecAttention.k,97,,$\delta_\text{ssc}$
paws,transformer.decoder.block.2.layer.1.EncDecAttention.v,98,0.26446935534477234,cross
paws,transformer.decoder.block.2.layer.1.EncDecAttention.v,98,0.3475533425807953,corr
paws,transformer.decoder.block.2.layer.1.EncDecAttention.v,98,0.3328809142112732,drift
paws,transformer.decoder.block.2.layer.1.EncDecAttention.v,98,0.3533771336078644,tot
paws,transformer.decoder.block.2.layer.1.EncDecAttention.v,98,-0.34935808181762695,$\delta_\text{gsc}$
paws,transformer.decoder.block.2.layer.1.EncDecAttention.v,98,-0.2421683967113495,$\delta_\text{ssc}$
paws,transformer.decoder.block.2.layer.1.EncDecAttention.o,99,0.1600089967250824,cross
paws,transformer.decoder.block.2.layer.1.EncDecAttention.o,99,0.18954306840896606,corr
paws,transformer.decoder.block.2.layer.1.EncDecAttention.o,99,0.3287009000778198,drift
paws,transformer.decoder.block.2.layer.1.EncDecAttention.o,99,0.3437677323818207,tot
paws,transformer.decoder.block.2.layer.1.EncDecAttention.o,99,-0.1955747902393341,$\delta_\text{gsc}$
paws,transformer.decoder.block.2.layer.1.EncDecAttention.o,99,-0.1389104425907135,$\delta_\text{ssc}$
paws,transformer.decoder.block.2.layer.2.DenseReluDense.wi,100,0.01685928739607334,cross
paws,transformer.decoder.block.2.layer.2.DenseReluDense.wi,100,0.0696788877248764,corr
paws,transformer.decoder.block.2.layer.2.DenseReluDense.wi,100,0.38118571043014526,drift
paws,transformer.decoder.block.2.layer.2.DenseReluDense.wi,100,0.41286763548851013,tot
paws,transformer.decoder.block.2.layer.2.DenseReluDense.wi,100,-0.02279534935951233,$\delta_\text{gsc}$
paws,transformer.decoder.block.2.layer.2.DenseReluDense.wi,100,-0.03206092119216919,$\delta_\text{ssc}$
paws,transformer.decoder.block.2.layer.2.DenseReluDense.wo,101,0.06611411273479462,cross
paws,transformer.decoder.block.2.layer.2.DenseReluDense.wo,101,0.0865948423743248,corr
paws,transformer.decoder.block.2.layer.2.DenseReluDense.wo,101,0.49999406933784485,drift
paws,transformer.decoder.block.2.layer.2.DenseReluDense.wo,101,0.4999995827674866,tot
paws,transformer.decoder.block.2.layer.2.DenseReluDense.wo,101,-0.06611382961273193,$\delta_\text{gsc}$
paws,transformer.decoder.block.2.layer.2.DenseReluDense.wo,101,-0.08658963441848755,$\delta_\text{ssc}$
paws,transformer.decoder.block.3.layer.0.SelfAttention.q,102,,cross
paws,transformer.decoder.block.3.layer.0.SelfAttention.q,102,,corr
paws,transformer.decoder.block.3.layer.0.SelfAttention.q,102,,drift
paws,transformer.decoder.block.3.layer.0.SelfAttention.q,102,,tot
paws,transformer.decoder.block.3.layer.0.SelfAttention.q,102,,$\delta_\text{gsc}$
paws,transformer.decoder.block.3.layer.0.SelfAttention.q,102,,$\delta_\text{ssc}$
paws,transformer.decoder.block.3.layer.0.SelfAttention.k,103,,cross
paws,transformer.decoder.block.3.layer.0.SelfAttention.k,103,,corr
paws,transformer.decoder.block.3.layer.0.SelfAttention.k,103,,drift
paws,transformer.decoder.block.3.layer.0.SelfAttention.k,103,,tot
paws,transformer.decoder.block.3.layer.0.SelfAttention.k,103,,$\delta_\text{gsc}$
paws,transformer.decoder.block.3.layer.0.SelfAttention.k,103,,$\delta_\text{ssc}$
paws,transformer.decoder.block.3.layer.0.SelfAttention.v,104,0.035525932908058167,cross
paws,transformer.decoder.block.3.layer.0.SelfAttention.v,104,0.0804578959941864,corr
paws,transformer.decoder.block.3.layer.0.SelfAttention.v,104,0.4468250572681427,drift
paws,transformer.decoder.block.3.layer.0.SelfAttention.v,104,0.4695989489555359,tot
paws,transformer.decoder.block.3.layer.0.SelfAttention.v,104,-0.044721364974975586,$\delta_\text{gsc}$
paws,transformer.decoder.block.3.layer.0.SelfAttention.v,104,-0.0484885573387146,$\delta_\text{ssc}$
paws,transformer.decoder.block.3.layer.0.SelfAttention.o,105,0.10851210355758667,cross
paws,transformer.decoder.block.3.layer.0.SelfAttention.o,105,0.23181457817554474,corr
paws,transformer.decoder.block.3.layer.0.SelfAttention.o,105,0.36254894733428955,drift
paws,transformer.decoder.block.3.layer.0.SelfAttention.o,105,0.4688016176223755,tot
paws,transformer.decoder.block.3.layer.0.SelfAttention.o,105,-0.12155076861381531,$\delta_\text{gsc}$
paws,transformer.decoder.block.3.layer.0.SelfAttention.o,105,-0.11252325773239136,$\delta_\text{ssc}$
paws,transformer.decoder.block.3.layer.1.EncDecAttention.q,106,,cross
paws,transformer.decoder.block.3.layer.1.EncDecAttention.q,106,,corr
paws,transformer.decoder.block.3.layer.1.EncDecAttention.q,106,,drift
paws,transformer.decoder.block.3.layer.1.EncDecAttention.q,106,,tot
paws,transformer.decoder.block.3.layer.1.EncDecAttention.q,106,,$\delta_\text{gsc}$
paws,transformer.decoder.block.3.layer.1.EncDecAttention.q,106,,$\delta_\text{ssc}$
paws,transformer.decoder.block.3.layer.1.EncDecAttention.k,107,,cross
paws,transformer.decoder.block.3.layer.1.EncDecAttention.k,107,,corr
paws,transformer.decoder.block.3.layer.1.EncDecAttention.k,107,,drift
paws,transformer.decoder.block.3.layer.1.EncDecAttention.k,107,,tot
paws,transformer.decoder.block.3.layer.1.EncDecAttention.k,107,,$\delta_\text{gsc}$
paws,transformer.decoder.block.3.layer.1.EncDecAttention.k,107,,$\delta_\text{ssc}$
paws,transformer.decoder.block.3.layer.1.EncDecAttention.v,108,0.2650100886821747,cross
paws,transformer.decoder.block.3.layer.1.EncDecAttention.v,108,0.3550708591938019,corr
paws,transformer.decoder.block.3.layer.1.EncDecAttention.v,108,0.33397871255874634,drift
paws,transformer.decoder.block.3.layer.1.EncDecAttention.v,108,0.35491740703582764,tot
paws,transformer.decoder.block.3.layer.1.EncDecAttention.v,108,-0.35148367285728455,$\delta_\text{gsc}$
paws,transformer.decoder.block.3.layer.1.EncDecAttention.v,108,-0.24765858054161072,$\delta_\text{ssc}$
paws,transformer.decoder.block.3.layer.1.EncDecAttention.o,109,0.16482461988925934,cross
paws,transformer.decoder.block.3.layer.1.EncDecAttention.o,109,0.18296584486961365,corr
paws,transformer.decoder.block.3.layer.1.EncDecAttention.o,109,0.2957305312156677,drift
paws,transformer.decoder.block.3.layer.1.EncDecAttention.o,109,0.30942589044570923,tot
paws,transformer.decoder.block.3.layer.1.EncDecAttention.o,109,-0.20285923779010773,$\delta_\text{gsc}$
paws,transformer.decoder.block.3.layer.1.EncDecAttention.o,109,-0.13123586773872375,$\delta_\text{ssc}$
paws,transformer.decoder.block.3.layer.2.DenseReluDense.wi,110,0.013561333529651165,cross
paws,transformer.decoder.block.3.layer.2.DenseReluDense.wi,110,0.07193625718355179,corr
paws,transformer.decoder.block.3.layer.2.DenseReluDense.wi,110,0.4181233048439026,drift
paws,transformer.decoder.block.3.layer.2.DenseReluDense.wi,110,0.44611507654190063,tot
paws,transformer.decoder.block.3.layer.2.DenseReluDense.wi,110,-0.01783621311187744,$\delta_\text{gsc}$
paws,transformer.decoder.block.3.layer.2.DenseReluDense.wi,110,-0.03966960310935974,$\delta_\text{ssc}$
paws,transformer.decoder.block.3.layer.2.DenseReluDense.wo,111,0.15536539256572723,cross
paws,transformer.decoder.block.3.layer.2.DenseReluDense.wo,111,0.13278090953826904,corr
paws,transformer.decoder.block.3.layer.2.DenseReluDense.wo,111,0.49760884046554565,drift
paws,transformer.decoder.block.3.layer.2.DenseReluDense.wo,111,0.49817955493927,tot
paws,transformer.decoder.block.3.layer.2.DenseReluDense.wo,111,-0.15627357363700867,$\delta_\text{gsc}$
paws,transformer.decoder.block.3.layer.2.DenseReluDense.wo,111,-0.13130202889442444,$\delta_\text{ssc}$
paws,transformer.decoder.block.4.layer.0.SelfAttention.q,112,,cross
paws,transformer.decoder.block.4.layer.0.SelfAttention.q,112,,corr
paws,transformer.decoder.block.4.layer.0.SelfAttention.q,112,,drift
paws,transformer.decoder.block.4.layer.0.SelfAttention.q,112,,tot
paws,transformer.decoder.block.4.layer.0.SelfAttention.q,112,,$\delta_\text{gsc}$
paws,transformer.decoder.block.4.layer.0.SelfAttention.q,112,,$\delta_\text{ssc}$
paws,transformer.decoder.block.4.layer.0.SelfAttention.k,113,,cross
paws,transformer.decoder.block.4.layer.0.SelfAttention.k,113,,corr
paws,transformer.decoder.block.4.layer.0.SelfAttention.k,113,,drift
paws,transformer.decoder.block.4.layer.0.SelfAttention.k,113,,tot
paws,transformer.decoder.block.4.layer.0.SelfAttention.k,113,,$\delta_\text{gsc}$
paws,transformer.decoder.block.4.layer.0.SelfAttention.k,113,,$\delta_\text{ssc}$
paws,transformer.decoder.block.4.layer.0.SelfAttention.v,114,0.042224835604429245,cross
paws,transformer.decoder.block.4.layer.0.SelfAttention.v,114,0.09694050252437592,corr
paws,transformer.decoder.block.4.layer.0.SelfAttention.v,114,0.45906978845596313,drift
paws,transformer.decoder.block.4.layer.0.SelfAttention.v,114,0.4836843013763428,tot
paws,transformer.decoder.block.4.layer.0.SelfAttention.v,114,-0.04945579171180725,$\delta_\text{gsc}$
paws,transformer.decoder.block.4.layer.0.SelfAttention.v,114,-0.06509500741958618,$\delta_\text{ssc}$
paws,transformer.decoder.block.4.layer.0.SelfAttention.o,115,0.1359037458896637,cross
paws,transformer.decoder.block.4.layer.0.SelfAttention.o,115,0.265421986579895,corr
paws,transformer.decoder.block.4.layer.0.SelfAttention.o,115,0.34561750292778015,drift
paws,transformer.decoder.block.4.layer.0.SelfAttention.o,115,0.4555388391017914,tot
paws,transformer.decoder.block.4.layer.0.SelfAttention.o,115,-0.15595772862434387,$\delta_\text{gsc}$
paws,transformer.decoder.block.4.layer.0.SelfAttention.o,115,-0.1354466676712036,$\delta_\text{ssc}$
paws,transformer.decoder.block.4.layer.1.EncDecAttention.q,116,,cross
paws,transformer.decoder.block.4.layer.1.EncDecAttention.q,116,,corr
paws,transformer.decoder.block.4.layer.1.EncDecAttention.q,116,,drift
paws,transformer.decoder.block.4.layer.1.EncDecAttention.q,116,,tot
paws,transformer.decoder.block.4.layer.1.EncDecAttention.q,116,,$\delta_\text{gsc}$
paws,transformer.decoder.block.4.layer.1.EncDecAttention.q,116,,$\delta_\text{ssc}$
paws,transformer.decoder.block.4.layer.1.EncDecAttention.k,117,,cross
paws,transformer.decoder.block.4.layer.1.EncDecAttention.k,117,,corr
paws,transformer.decoder.block.4.layer.1.EncDecAttention.k,117,,drift
paws,transformer.decoder.block.4.layer.1.EncDecAttention.k,117,,tot
paws,transformer.decoder.block.4.layer.1.EncDecAttention.k,117,,$\delta_\text{gsc}$
paws,transformer.decoder.block.4.layer.1.EncDecAttention.k,117,,$\delta_\text{ssc}$
paws,transformer.decoder.block.4.layer.1.EncDecAttention.v,118,0.2647491991519928,cross
paws,transformer.decoder.block.4.layer.1.EncDecAttention.v,118,0.3606724143028259,corr
paws,transformer.decoder.block.4.layer.1.EncDecAttention.v,118,0.33479544520378113,drift
paws,transformer.decoder.block.4.layer.1.EncDecAttention.v,118,0.35976195335388184,tot
paws,transformer.decoder.block.4.layer.1.EncDecAttention.v,118,-0.3485507667064667,$\delta_\text{gsc}$
paws,transformer.decoder.block.4.layer.1.EncDecAttention.v,118,-0.25190433859825134,$\delta_\text{ssc}$
paws,transformer.decoder.block.4.layer.1.EncDecAttention.o,119,0.20552879571914673,cross
paws,transformer.decoder.block.4.layer.1.EncDecAttention.o,119,0.24025820195674896,corr
paws,transformer.decoder.block.4.layer.1.EncDecAttention.o,119,0.30266180634498596,drift
paws,transformer.decoder.block.4.layer.1.EncDecAttention.o,119,0.3193396329879761,tot
paws,transformer.decoder.block.4.layer.1.EncDecAttention.o,119,-0.26026490330696106,$\delta_\text{gsc}$
paws,transformer.decoder.block.4.layer.1.EncDecAttention.o,119,-0.16884426772594452,$\delta_\text{ssc}$
paws,transformer.decoder.block.4.layer.2.DenseReluDense.wi,120,0.016329897567629814,cross
paws,transformer.decoder.block.4.layer.2.DenseReluDense.wi,120,0.13639269769191742,corr
paws,transformer.decoder.block.4.layer.2.DenseReluDense.wi,120,0.4183250963687897,drift
paws,transformer.decoder.block.4.layer.2.DenseReluDense.wi,120,0.4731549620628357,tot
paws,transformer.decoder.block.4.layer.2.DenseReluDense.wi,120,-0.02093958854675293,$\delta_\text{gsc}$
paws,transformer.decoder.block.4.layer.2.DenseReluDense.wi,120,-0.07695314288139343,$\delta_\text{ssc}$
paws,transformer.decoder.block.4.layer.2.DenseReluDense.wo,121,0.0635962039232254,cross
paws,transformer.decoder.block.4.layer.2.DenseReluDense.wo,121,0.15588800609111786,corr
paws,transformer.decoder.block.4.layer.2.DenseReluDense.wo,121,0.4931768774986267,drift
paws,transformer.decoder.block.4.layer.2.DenseReluDense.wo,121,0.4999407231807709,tot
paws,transformer.decoder.block.4.layer.2.DenseReluDense.wo,121,-0.06355717778205872,$\delta_\text{gsc}$
paws,transformer.decoder.block.4.layer.2.DenseReluDense.wo,121,-0.14916318655014038,$\delta_\text{ssc}$
paws,transformer.decoder.block.5.layer.0.SelfAttention.q,122,,cross
paws,transformer.decoder.block.5.layer.0.SelfAttention.q,122,,corr
paws,transformer.decoder.block.5.layer.0.SelfAttention.q,122,,drift
paws,transformer.decoder.block.5.layer.0.SelfAttention.q,122,,tot
paws,transformer.decoder.block.5.layer.0.SelfAttention.q,122,,$\delta_\text{gsc}$
paws,transformer.decoder.block.5.layer.0.SelfAttention.q,122,,$\delta_\text{ssc}$
paws,transformer.decoder.block.5.layer.0.SelfAttention.k,123,,cross
paws,transformer.decoder.block.5.layer.0.SelfAttention.k,123,,corr
paws,transformer.decoder.block.5.layer.0.SelfAttention.k,123,,drift
paws,transformer.decoder.block.5.layer.0.SelfAttention.k,123,,tot
paws,transformer.decoder.block.5.layer.0.SelfAttention.k,123,,$\delta_\text{gsc}$
paws,transformer.decoder.block.5.layer.0.SelfAttention.k,123,,$\delta_\text{ssc}$
paws,transformer.decoder.block.5.layer.0.SelfAttention.v,124,0.0769289880990982,cross
paws,transformer.decoder.block.5.layer.0.SelfAttention.v,124,0.16359981894493103,corr
paws,transformer.decoder.block.5.layer.0.SelfAttention.v,124,0.43491023778915405,drift
paws,transformer.decoder.block.5.layer.0.SelfAttention.v,124,0.4832315742969513,tot
paws,transformer.decoder.block.5.layer.0.SelfAttention.v,124,-0.0872822105884552,$\delta_\text{gsc}$
paws,transformer.decoder.block.5.layer.0.SelfAttention.v,124,-0.10492527484893799,$\delta_\text{ssc}$
paws,transformer.decoder.block.5.layer.0.SelfAttention.o,125,0.19411543011665344,cross
paws,transformer.decoder.block.5.layer.0.SelfAttention.o,125,0.3018103837966919,corr
paws,transformer.decoder.block.5.layer.0.SelfAttention.o,125,0.299850732088089,drift
paws,transformer.decoder.block.5.layer.0.SelfAttention.o,125,0.4281104803085327,tot
paws,transformer.decoder.block.5.layer.0.SelfAttention.o,125,-0.21387752890586853,$\delta_\text{gsc}$
paws,transformer.decoder.block.5.layer.0.SelfAttention.o,125,-0.15378853678703308,$\delta_\text{ssc}$
paws,transformer.decoder.block.5.layer.1.EncDecAttention.q,126,,cross
paws,transformer.decoder.block.5.layer.1.EncDecAttention.q,126,,corr
paws,transformer.decoder.block.5.layer.1.EncDecAttention.q,126,,drift
paws,transformer.decoder.block.5.layer.1.EncDecAttention.q,126,,tot
paws,transformer.decoder.block.5.layer.1.EncDecAttention.q,126,,$\delta_\text{gsc}$
paws,transformer.decoder.block.5.layer.1.EncDecAttention.q,126,,$\delta_\text{ssc}$
paws,transformer.decoder.block.5.layer.1.EncDecAttention.k,127,,cross
paws,transformer.decoder.block.5.layer.1.EncDecAttention.k,127,,corr
paws,transformer.decoder.block.5.layer.1.EncDecAttention.k,127,,drift
paws,transformer.decoder.block.5.layer.1.EncDecAttention.k,127,,tot
paws,transformer.decoder.block.5.layer.1.EncDecAttention.k,127,,$\delta_\text{gsc}$
paws,transformer.decoder.block.5.layer.1.EncDecAttention.k,127,,$\delta_\text{ssc}$
paws,transformer.decoder.block.5.layer.1.EncDecAttention.v,128,0.27696493268013,cross
paws,transformer.decoder.block.5.layer.1.EncDecAttention.v,128,0.34233400225639343,corr
paws,transformer.decoder.block.5.layer.1.EncDecAttention.v,128,0.334212064743042,drift
paws,transformer.decoder.block.5.layer.1.EncDecAttention.v,128,0.35220688581466675,tot
paws,transformer.decoder.block.5.layer.1.EncDecAttention.v,128,-0.36086493730545044,$\delta_\text{gsc}$
paws,transformer.decoder.block.5.layer.1.EncDecAttention.v,128,-0.24043917655944824,$\delta_\text{ssc}$
paws,transformer.decoder.block.5.layer.1.EncDecAttention.o,129,0.23277230560779572,cross
paws,transformer.decoder.block.5.layer.1.EncDecAttention.o,129,0.28843796253204346,corr
paws,transformer.decoder.block.5.layer.1.EncDecAttention.o,129,0.3182338774204254,drift
paws,transformer.decoder.block.5.layer.1.EncDecAttention.o,129,0.34147369861602783,tot
paws,transformer.decoder.block.5.layer.1.EncDecAttention.o,129,-0.29851555824279785,$\delta_\text{gsc}$
paws,transformer.decoder.block.5.layer.1.EncDecAttention.o,129,-0.1994548738002777,$\delta_\text{ssc}$
paws,transformer.decoder.block.5.layer.2.DenseReluDense.wi,130,0.020328471437096596,cross
paws,transformer.decoder.block.5.layer.2.DenseReluDense.wi,130,0.19099633395671844,corr
paws,transformer.decoder.block.5.layer.2.DenseReluDense.wi,130,0.41076698899269104,drift
paws,transformer.decoder.block.5.layer.2.DenseReluDense.wi,130,0.48756057024002075,tot
paws,transformer.decoder.block.5.layer.2.DenseReluDense.wi,130,-0.023951798677444458,$\delta_\text{gsc}$
paws,transformer.decoder.block.5.layer.2.DenseReluDense.wi,130,-0.11057940125465393,$\delta_\text{ssc}$
paws,transformer.decoder.block.5.layer.2.DenseReluDense.wo,131,0.13107918202877045,cross
paws,transformer.decoder.block.5.layer.2.DenseReluDense.wo,131,0.3061297833919525,corr
paws,transformer.decoder.block.5.layer.2.DenseReluDense.wo,131,0.39160868525505066,drift
paws,transformer.decoder.block.5.layer.2.DenseReluDense.wo,131,0.4808148741722107,tot
paws,transformer.decoder.block.5.layer.2.DenseReluDense.wo,131,-0.1392965316772461,$\delta_\text{gsc}$
paws,transformer.decoder.block.5.layer.2.DenseReluDense.wo,131,-0.20870625972747803,$\delta_\text{ssc}$
paws,transformer.decoder.block.6.layer.0.SelfAttention.q,132,,cross
paws,transformer.decoder.block.6.layer.0.SelfAttention.q,132,,corr
paws,transformer.decoder.block.6.layer.0.SelfAttention.q,132,,drift
paws,transformer.decoder.block.6.layer.0.SelfAttention.q,132,,tot
paws,transformer.decoder.block.6.layer.0.SelfAttention.q,132,,$\delta_\text{gsc}$
paws,transformer.decoder.block.6.layer.0.SelfAttention.q,132,,$\delta_\text{ssc}$
paws,transformer.decoder.block.6.layer.0.SelfAttention.k,133,,cross
paws,transformer.decoder.block.6.layer.0.SelfAttention.k,133,,corr
paws,transformer.decoder.block.6.layer.0.SelfAttention.k,133,,drift
paws,transformer.decoder.block.6.layer.0.SelfAttention.k,133,,tot
paws,transformer.decoder.block.6.layer.0.SelfAttention.k,133,,$\delta_\text{gsc}$
paws,transformer.decoder.block.6.layer.0.SelfAttention.k,133,,$\delta_\text{ssc}$
paws,transformer.decoder.block.6.layer.0.SelfAttention.v,134,0.10626441985368729,cross
paws,transformer.decoder.block.6.layer.0.SelfAttention.v,134,0.21861566603183746,corr
paws,transformer.decoder.block.6.layer.0.SelfAttention.v,134,0.4107086658477783,drift
paws,transformer.decoder.block.6.layer.0.SelfAttention.v,134,0.48238876461982727,tot
paws,transformer.decoder.block.6.layer.0.SelfAttention.v,134,-0.11700108647346497,$\delta_\text{gsc}$
paws,transformer.decoder.block.6.layer.0.SelfAttention.v,134,-0.13619887828826904,$\delta_\text{ssc}$
paws,transformer.decoder.block.6.layer.0.SelfAttention.o,135,0.2217402309179306,cross
paws,transformer.decoder.block.6.layer.0.SelfAttention.o,135,0.3107666075229645,corr
paws,transformer.decoder.block.6.layer.0.SelfAttention.o,135,0.2868909239768982,drift
paws,transformer.decoder.block.6.layer.0.SelfAttention.o,135,0.41345804929733276,tot
paws,transformer.decoder.block.6.layer.0.SelfAttention.o,135,-0.2494075745344162,$\delta_\text{gsc}$
paws,transformer.decoder.block.6.layer.0.SelfAttention.o,135,-0.1565321385860443,$\delta_\text{ssc}$
paws,transformer.decoder.block.6.layer.1.EncDecAttention.q,136,,cross
paws,transformer.decoder.block.6.layer.1.EncDecAttention.q,136,,corr
paws,transformer.decoder.block.6.layer.1.EncDecAttention.q,136,,drift
paws,transformer.decoder.block.6.layer.1.EncDecAttention.q,136,,tot
paws,transformer.decoder.block.6.layer.1.EncDecAttention.q,136,,$\delta_\text{gsc}$
paws,transformer.decoder.block.6.layer.1.EncDecAttention.q,136,,$\delta_\text{ssc}$
paws,transformer.decoder.block.6.layer.1.EncDecAttention.k,137,,cross
paws,transformer.decoder.block.6.layer.1.EncDecAttention.k,137,,corr
paws,transformer.decoder.block.6.layer.1.EncDecAttention.k,137,,drift
paws,transformer.decoder.block.6.layer.1.EncDecAttention.k,137,,tot
paws,transformer.decoder.block.6.layer.1.EncDecAttention.k,137,,$\delta_\text{gsc}$
paws,transformer.decoder.block.6.layer.1.EncDecAttention.k,137,,$\delta_\text{ssc}$
paws,transformer.decoder.block.6.layer.1.EncDecAttention.v,138,0.27460840344429016,cross
paws,transformer.decoder.block.6.layer.1.EncDecAttention.v,138,0.3563041388988495,corr
paws,transformer.decoder.block.6.layer.1.EncDecAttention.v,138,0.33321088552474976,drift
paws,transformer.decoder.block.6.layer.1.EncDecAttention.v,138,0.35649415850639343,tot
paws,transformer.decoder.block.6.layer.1.EncDecAttention.v,138,-0.3598909080028534,$\delta_\text{gsc}$
paws,transformer.decoder.block.6.layer.1.EncDecAttention.v,138,-0.24773836135864258,$\delta_\text{ssc}$
paws,transformer.decoder.block.6.layer.1.EncDecAttention.o,139,0.2253914773464203,cross
paws,transformer.decoder.block.6.layer.1.EncDecAttention.o,139,0.25830450654029846,corr
paws,transformer.decoder.block.6.layer.1.EncDecAttention.o,139,0.3147309124469757,drift
paws,transformer.decoder.block.6.layer.1.EncDecAttention.o,139,0.3333333432674408,tot
paws,transformer.decoder.block.6.layer.1.EncDecAttention.o,139,-0.28499844670295715,$\delta_\text{gsc}$
paws,transformer.decoder.block.6.layer.1.EncDecAttention.o,139,-0.1800951063632965,$\delta_\text{ssc}$
paws,transformer.decoder.block.6.layer.2.DenseReluDense.wi,140,0.016443459317088127,cross
paws,transformer.decoder.block.6.layer.2.DenseReluDense.wi,140,0.24628300964832306,corr
paws,transformer.decoder.block.6.layer.2.DenseReluDense.wi,140,0.38941460847854614,drift
paws,transformer.decoder.block.6.layer.2.DenseReluDense.wi,140,0.4904980957508087,tot
paws,transformer.decoder.block.6.layer.2.DenseReluDense.wi,140,-0.019504845142364502,$\delta_\text{gsc}$
paws,transformer.decoder.block.6.layer.2.DenseReluDense.wi,140,-0.14213813841342926,$\delta_\text{ssc}$
paws,transformer.decoder.block.6.layer.2.DenseReluDense.wo,141,0.1435154527425766,cross
paws,transformer.decoder.block.6.layer.2.DenseReluDense.wo,141,0.3388287425041199,corr
paws,transformer.decoder.block.6.layer.2.DenseReluDense.wo,141,0.4318535625934601,drift
paws,transformer.decoder.block.6.layer.2.DenseReluDense.wo,141,0.48487865924835205,tot
paws,transformer.decoder.block.6.layer.2.DenseReluDense.wo,141,-0.1525058150291443,$\delta_\text{gsc}$
paws,transformer.decoder.block.6.layer.2.DenseReluDense.wo,141,-0.2768132984638214,$\delta_\text{ssc}$
paws,transformer.decoder.block.7.layer.0.SelfAttention.q,142,,cross
paws,transformer.decoder.block.7.layer.0.SelfAttention.q,142,,corr
paws,transformer.decoder.block.7.layer.0.SelfAttention.q,142,,drift
paws,transformer.decoder.block.7.layer.0.SelfAttention.q,142,,tot
paws,transformer.decoder.block.7.layer.0.SelfAttention.q,142,,$\delta_\text{gsc}$
paws,transformer.decoder.block.7.layer.0.SelfAttention.q,142,,$\delta_\text{ssc}$
paws,transformer.decoder.block.7.layer.0.SelfAttention.k,143,,cross
paws,transformer.decoder.block.7.layer.0.SelfAttention.k,143,,corr
paws,transformer.decoder.block.7.layer.0.SelfAttention.k,143,,drift
paws,transformer.decoder.block.7.layer.0.SelfAttention.k,143,,tot
paws,transformer.decoder.block.7.layer.0.SelfAttention.k,143,,$\delta_\text{gsc}$
paws,transformer.decoder.block.7.layer.0.SelfAttention.k,143,,$\delta_\text{ssc}$
paws,transformer.decoder.block.7.layer.0.SelfAttention.v,144,0.13681228458881378,cross
paws,transformer.decoder.block.7.layer.0.SelfAttention.v,144,0.26791781187057495,corr
paws,transformer.decoder.block.7.layer.0.SelfAttention.v,144,0.386119544506073,drift
paws,transformer.decoder.block.7.layer.0.SelfAttention.v,144,0.47450435161590576,tot
paws,transformer.decoder.block.7.layer.0.SelfAttention.v,144,-0.15147867798805237,$\delta_\text{gsc}$
paws,transformer.decoder.block.7.layer.0.SelfAttention.v,144,-0.1648665964603424,$\delta_\text{ssc}$
paws,transformer.decoder.block.7.layer.0.SelfAttention.o,145,0.20636151731014252,cross
paws,transformer.decoder.block.7.layer.0.SelfAttention.o,145,0.30449309945106506,corr
paws,transformer.decoder.block.7.layer.0.SelfAttention.o,145,0.31043726205825806,drift
paws,transformer.decoder.block.7.layer.0.SelfAttention.o,145,0.4214842915534973,tot
paws,transformer.decoder.block.7.layer.0.SelfAttention.o,145,-0.235753133893013,$\delta_\text{gsc}$
paws,transformer.decoder.block.7.layer.0.SelfAttention.o,145,-0.16405445337295532,$\delta_\text{ssc}$
paws,transformer.decoder.block.7.layer.1.EncDecAttention.q,146,,cross
paws,transformer.decoder.block.7.layer.1.EncDecAttention.q,146,,corr
paws,transformer.decoder.block.7.layer.1.EncDecAttention.q,146,,drift
paws,transformer.decoder.block.7.layer.1.EncDecAttention.q,146,,tot
paws,transformer.decoder.block.7.layer.1.EncDecAttention.q,146,,$\delta_\text{gsc}$
paws,transformer.decoder.block.7.layer.1.EncDecAttention.q,146,,$\delta_\text{ssc}$
paws,transformer.decoder.block.7.layer.1.EncDecAttention.k,147,,cross
paws,transformer.decoder.block.7.layer.1.EncDecAttention.k,147,,corr
paws,transformer.decoder.block.7.layer.1.EncDecAttention.k,147,,drift
paws,transformer.decoder.block.7.layer.1.EncDecAttention.k,147,,tot
paws,transformer.decoder.block.7.layer.1.EncDecAttention.k,147,,$\delta_\text{gsc}$
paws,transformer.decoder.block.7.layer.1.EncDecAttention.k,147,,$\delta_\text{ssc}$
paws,transformer.decoder.block.7.layer.1.EncDecAttention.v,148,0.2726705074310303,cross
paws,transformer.decoder.block.7.layer.1.EncDecAttention.v,148,0.340671181678772,corr
paws,transformer.decoder.block.7.layer.1.EncDecAttention.v,148,0.33289235830307007,drift
paws,transformer.decoder.block.7.layer.1.EncDecAttention.v,148,0.35298293828964233,tot
paws,transformer.decoder.block.7.layer.1.EncDecAttention.v,148,-0.3555339276790619,$\delta_\text{gsc}$
paws,transformer.decoder.block.7.layer.1.EncDecAttention.v,148,-0.2377171814441681,$\delta_\text{ssc}$
paws,transformer.decoder.block.7.layer.1.EncDecAttention.o,149,0.2190447896718979,cross
paws,transformer.decoder.block.7.layer.1.EncDecAttention.o,149,0.2569980323314667,corr
paws,transformer.decoder.block.7.layer.1.EncDecAttention.o,149,0.3136577904224396,drift
paws,transformer.decoder.block.7.layer.1.EncDecAttention.o,149,0.3342965543270111,tot
paws,transformer.decoder.block.7.layer.1.EncDecAttention.o,149,-0.27586764097213745,$\delta_\text{gsc}$
paws,transformer.decoder.block.7.layer.1.EncDecAttention.o,149,-0.17953643202781677,$\delta_\text{ssc}$
paws,transformer.decoder.block.7.layer.2.DenseReluDense.wi,150,0.0571414977312088,cross
paws,transformer.decoder.block.7.layer.2.DenseReluDense.wi,150,0.3028736412525177,corr
paws,transformer.decoder.block.7.layer.2.DenseReluDense.wi,150,0.36499327421188354,drift
paws,transformer.decoder.block.7.layer.2.DenseReluDense.wi,150,0.4757642447948456,tot
paws,transformer.decoder.block.7.layer.2.DenseReluDense.wi,150,-0.0716303288936615,$\delta_\text{gsc}$
paws,transformer.decoder.block.7.layer.2.DenseReluDense.wi,150,-0.17761385440826416,$\delta_\text{ssc}$
paws,transformer.decoder.block.7.layer.2.DenseReluDense.wo,151,0.1650404930114746,cross
paws,transformer.decoder.block.7.layer.2.DenseReluDense.wo,151,0.34716203808784485,corr
paws,transformer.decoder.block.7.layer.2.DenseReluDense.wo,151,0.40279918909072876,drift
paws,transformer.decoder.block.7.layer.2.DenseReluDense.wo,151,0.47347235679626465,tot
paws,transformer.decoder.block.7.layer.2.DenseReluDense.wo,151,-0.17669585347175598,$\delta_\text{gsc}$
paws,transformer.decoder.block.7.layer.2.DenseReluDense.wo,151,-0.2648335099220276,$\delta_\text{ssc}$
paws,transformer.decoder.block.8.layer.0.SelfAttention.q,152,,cross
paws,transformer.decoder.block.8.layer.0.SelfAttention.q,152,,corr
paws,transformer.decoder.block.8.layer.0.SelfAttention.q,152,,drift
paws,transformer.decoder.block.8.layer.0.SelfAttention.q,152,,tot
paws,transformer.decoder.block.8.layer.0.SelfAttention.q,152,,$\delta_\text{gsc}$
paws,transformer.decoder.block.8.layer.0.SelfAttention.q,152,,$\delta_\text{ssc}$
paws,transformer.decoder.block.8.layer.0.SelfAttention.k,153,,cross
paws,transformer.decoder.block.8.layer.0.SelfAttention.k,153,,corr
paws,transformer.decoder.block.8.layer.0.SelfAttention.k,153,,drift
paws,transformer.decoder.block.8.layer.0.SelfAttention.k,153,,tot
paws,transformer.decoder.block.8.layer.0.SelfAttention.k,153,,$\delta_\text{gsc}$
paws,transformer.decoder.block.8.layer.0.SelfAttention.k,153,,$\delta_\text{ssc}$
paws,transformer.decoder.block.8.layer.0.SelfAttention.v,154,0.12405914068222046,cross
paws,transformer.decoder.block.8.layer.0.SelfAttention.v,154,0.24880528450012207,corr
paws,transformer.decoder.block.8.layer.0.SelfAttention.v,154,0.4070996046066284,drift
paws,transformer.decoder.block.8.layer.0.SelfAttention.v,154,0.4770429730415344,tot
paws,transformer.decoder.block.8.layer.0.SelfAttention.v,154,-0.13820108771324158,$\delta_\text{gsc}$
paws,transformer.decoder.block.8.layer.0.SelfAttention.v,154,-0.16471996903419495,$\delta_\text{ssc}$
paws,transformer.decoder.block.8.layer.0.SelfAttention.o,155,0.23136574029922485,cross
paws,transformer.decoder.block.8.layer.0.SelfAttention.o,155,0.3072897791862488,corr
paws,transformer.decoder.block.8.layer.0.SelfAttention.o,155,0.32362425327301025,drift
paws,transformer.decoder.block.8.layer.0.SelfAttention.o,155,0.41471919417381287,tot
paws,transformer.decoder.block.8.layer.0.SelfAttention.o,155,-0.26484376192092896,$\delta_\text{gsc}$
paws,transformer.decoder.block.8.layer.0.SelfAttention.o,155,-0.18271681666374207,$\delta_\text{ssc}$
paws,transformer.decoder.block.8.layer.1.EncDecAttention.q,156,,cross
paws,transformer.decoder.block.8.layer.1.EncDecAttention.q,156,,corr
paws,transformer.decoder.block.8.layer.1.EncDecAttention.q,156,,drift
paws,transformer.decoder.block.8.layer.1.EncDecAttention.q,156,,tot
paws,transformer.decoder.block.8.layer.1.EncDecAttention.q,156,,$\delta_\text{gsc}$
paws,transformer.decoder.block.8.layer.1.EncDecAttention.q,156,,$\delta_\text{ssc}$
paws,transformer.decoder.block.8.layer.1.EncDecAttention.k,157,,cross
paws,transformer.decoder.block.8.layer.1.EncDecAttention.k,157,,corr
paws,transformer.decoder.block.8.layer.1.EncDecAttention.k,157,,drift
paws,transformer.decoder.block.8.layer.1.EncDecAttention.k,157,,tot
paws,transformer.decoder.block.8.layer.1.EncDecAttention.k,157,,$\delta_\text{gsc}$
paws,transformer.decoder.block.8.layer.1.EncDecAttention.k,157,,$\delta_\text{ssc}$
paws,transformer.decoder.block.8.layer.1.EncDecAttention.v,158,0.27243611216545105,cross
paws,transformer.decoder.block.8.layer.1.EncDecAttention.v,158,0.33803796768188477,corr
paws,transformer.decoder.block.8.layer.1.EncDecAttention.v,158,0.33402273058891296,drift
paws,transformer.decoder.block.8.layer.1.EncDecAttention.v,158,0.3546581566333771,tot
paws,transformer.decoder.block.8.layer.1.EncDecAttention.v,158,-0.3529362380504608,$\delta_\text{gsc}$
paws,transformer.decoder.block.8.layer.1.EncDecAttention.v,158,-0.2369024157524109,$\delta_\text{ssc}$
paws,transformer.decoder.block.8.layer.1.EncDecAttention.o,159,0.18002739548683167,cross
paws,transformer.decoder.block.8.layer.1.EncDecAttention.o,159,0.20680595934391022,corr
paws,transformer.decoder.block.8.layer.1.EncDecAttention.o,159,0.30165526270866394,drift
paws,transformer.decoder.block.8.layer.1.EncDecAttention.o,159,0.3215177655220032,tot
paws,transformer.decoder.block.8.layer.1.EncDecAttention.o,159,-0.2223179042339325,$\delta_\text{gsc}$
paws,transformer.decoder.block.8.layer.1.EncDecAttention.o,159,-0.14465294778347015,$\delta_\text{ssc}$
paws,transformer.decoder.block.8.layer.2.DenseReluDense.wi,160,0.06899666041135788,cross
paws,transformer.decoder.block.8.layer.2.DenseReluDense.wi,160,0.3241540193557739,corr
paws,transformer.decoder.block.8.layer.2.DenseReluDense.wi,160,0.36045607924461365,drift
paws,transformer.decoder.block.8.layer.2.DenseReluDense.wi,160,0.46452271938323975,tot
paws,transformer.decoder.block.8.layer.2.DenseReluDense.wi,160,-0.09093943238258362,$\delta_\text{gsc}$
paws,transformer.decoder.block.8.layer.2.DenseReluDense.wi,160,-0.19814461469650269,$\delta_\text{ssc}$
paws,transformer.decoder.block.8.layer.2.DenseReluDense.wo,161,0.18441274762153625,cross
paws,transformer.decoder.block.8.layer.2.DenseReluDense.wo,161,0.36452391743659973,corr
paws,transformer.decoder.block.8.layer.2.DenseReluDense.wo,161,0.3882608413696289,drift
paws,transformer.decoder.block.8.layer.2.DenseReluDense.wo,161,0.47276055812835693,tot
paws,transformer.decoder.block.8.layer.2.DenseReluDense.wo,161,-0.2026020884513855,$\delta_\text{gsc}$
paws,transformer.decoder.block.8.layer.2.DenseReluDense.wo,161,-0.26183485984802246,$\delta_\text{ssc}$
paws,transformer.decoder.block.9.layer.0.SelfAttention.q,162,,cross
paws,transformer.decoder.block.9.layer.0.SelfAttention.q,162,,corr
paws,transformer.decoder.block.9.layer.0.SelfAttention.q,162,,drift
paws,transformer.decoder.block.9.layer.0.SelfAttention.q,162,,tot
paws,transformer.decoder.block.9.layer.0.SelfAttention.q,162,,$\delta_\text{gsc}$
paws,transformer.decoder.block.9.layer.0.SelfAttention.q,162,,$\delta_\text{ssc}$
paws,transformer.decoder.block.9.layer.0.SelfAttention.k,163,,cross
paws,transformer.decoder.block.9.layer.0.SelfAttention.k,163,,corr
paws,transformer.decoder.block.9.layer.0.SelfAttention.k,163,,drift
paws,transformer.decoder.block.9.layer.0.SelfAttention.k,163,,tot
paws,transformer.decoder.block.9.layer.0.SelfAttention.k,163,,$\delta_\text{gsc}$
paws,transformer.decoder.block.9.layer.0.SelfAttention.k,163,,$\delta_\text{ssc}$
paws,transformer.decoder.block.9.layer.0.SelfAttention.v,164,0.17616482079029083,cross
paws,transformer.decoder.block.9.layer.0.SelfAttention.v,164,0.2882779836654663,corr
paws,transformer.decoder.block.9.layer.0.SelfAttention.v,164,0.3856767416000366,drift
paws,transformer.decoder.block.9.layer.0.SelfAttention.v,164,0.4618105888366699,tot
paws,transformer.decoder.block.9.layer.0.SelfAttention.v,164,-0.19730353355407715,$\delta_\text{gsc}$
paws,transformer.decoder.block.9.layer.0.SelfAttention.v,164,-0.1910054087638855,$\delta_\text{ssc}$
paws,transformer.decoder.block.9.layer.0.SelfAttention.o,165,0.2091233730316162,cross
paws,transformer.decoder.block.9.layer.0.SelfAttention.o,165,0.2803375720977783,corr
paws,transformer.decoder.block.9.layer.0.SelfAttention.o,165,0.3384456932544708,drift
paws,transformer.decoder.block.9.layer.0.SelfAttention.o,165,0.4128760099411011,tot
paws,transformer.decoder.block.9.layer.0.SelfAttention.o,165,-0.236545592546463,$\delta_\text{gsc}$
paws,transformer.decoder.block.9.layer.0.SelfAttention.o,165,-0.17848503589630127,$\delta_\text{ssc}$
paws,transformer.decoder.block.9.layer.1.EncDecAttention.q,166,,cross
paws,transformer.decoder.block.9.layer.1.EncDecAttention.q,166,,corr
paws,transformer.decoder.block.9.layer.1.EncDecAttention.q,166,,drift
paws,transformer.decoder.block.9.layer.1.EncDecAttention.q,166,,tot
paws,transformer.decoder.block.9.layer.1.EncDecAttention.q,166,,$\delta_\text{gsc}$
paws,transformer.decoder.block.9.layer.1.EncDecAttention.q,166,,$\delta_\text{ssc}$
paws,transformer.decoder.block.9.layer.1.EncDecAttention.k,167,,cross
paws,transformer.decoder.block.9.layer.1.EncDecAttention.k,167,,corr
paws,transformer.decoder.block.9.layer.1.EncDecAttention.k,167,,drift
paws,transformer.decoder.block.9.layer.1.EncDecAttention.k,167,,tot
paws,transformer.decoder.block.9.layer.1.EncDecAttention.k,167,,$\delta_\text{gsc}$
paws,transformer.decoder.block.9.layer.1.EncDecAttention.k,167,,$\delta_\text{ssc}$
paws,transformer.decoder.block.9.layer.1.EncDecAttention.v,168,0.26183876395225525,cross
paws,transformer.decoder.block.9.layer.1.EncDecAttention.v,168,0.32189083099365234,corr
paws,transformer.decoder.block.9.layer.1.EncDecAttention.v,168,0.3348727524280548,drift
paws,transformer.decoder.block.9.layer.1.EncDecAttention.v,168,0.3572801649570465,tot
paws,transformer.decoder.block.9.layer.1.EncDecAttention.v,168,-0.33418771624565125,$\delta_\text{gsc}$
paws,transformer.decoder.block.9.layer.1.EncDecAttention.v,168,-0.22713446617126465,$\delta_\text{ssc}$
paws,transformer.decoder.block.9.layer.1.EncDecAttention.o,169,0.17181874811649323,cross
paws,transformer.decoder.block.9.layer.1.EncDecAttention.o,169,0.20174792408943176,corr
paws,transformer.decoder.block.9.layer.1.EncDecAttention.o,169,0.32280462980270386,drift
paws,transformer.decoder.block.9.layer.1.EncDecAttention.o,169,0.3450418710708618,tot
paws,transformer.decoder.block.9.layer.1.EncDecAttention.o,169,-0.2066962867975235,$\delta_\text{gsc}$
paws,transformer.decoder.block.9.layer.1.EncDecAttention.o,169,-0.14463314414024353,$\delta_\text{ssc}$
paws,transformer.decoder.block.9.layer.2.DenseReluDense.wi,170,0.044614020735025406,cross
paws,transformer.decoder.block.9.layer.2.DenseReluDense.wi,170,0.3100699782371521,corr
paws,transformer.decoder.block.9.layer.2.DenseReluDense.wi,170,0.3657708466053009,drift
paws,transformer.decoder.block.9.layer.2.DenseReluDense.wi,170,0.4685630798339844,tot
paws,transformer.decoder.block.9.layer.2.DenseReluDense.wi,170,-0.058169424533843994,$\delta_\text{gsc}$
paws,transformer.decoder.block.9.layer.2.DenseReluDense.wi,170,-0.19372233748435974,$\delta_\text{ssc}$
paws,transformer.decoder.block.9.layer.2.DenseReluDense.wo,171,0.1632954627275467,cross
paws,transformer.decoder.block.9.layer.2.DenseReluDense.wo,171,0.3698544204235077,corr
paws,transformer.decoder.block.9.layer.2.DenseReluDense.wo,171,0.3915647268295288,drift
paws,transformer.decoder.block.9.layer.2.DenseReluDense.wo,171,0.4626982808113098,tot
paws,transformer.decoder.block.9.layer.2.DenseReluDense.wo,171,-0.18832039833068848,$\delta_\text{gsc}$
paws,transformer.decoder.block.9.layer.2.DenseReluDense.wo,171,-0.2736959159374237,$\delta_\text{ssc}$
paws,transformer.decoder.block.10.layer.0.SelfAttention.q,172,,cross
paws,transformer.decoder.block.10.layer.0.SelfAttention.q,172,,corr
paws,transformer.decoder.block.10.layer.0.SelfAttention.q,172,,drift
paws,transformer.decoder.block.10.layer.0.SelfAttention.q,172,,tot
paws,transformer.decoder.block.10.layer.0.SelfAttention.q,172,,$\delta_\text{gsc}$
paws,transformer.decoder.block.10.layer.0.SelfAttention.q,172,,$\delta_\text{ssc}$
paws,transformer.decoder.block.10.layer.0.SelfAttention.k,173,,cross
paws,transformer.decoder.block.10.layer.0.SelfAttention.k,173,,corr
paws,transformer.decoder.block.10.layer.0.SelfAttention.k,173,,drift
paws,transformer.decoder.block.10.layer.0.SelfAttention.k,173,,tot
paws,transformer.decoder.block.10.layer.0.SelfAttention.k,173,,$\delta_\text{gsc}$
paws,transformer.decoder.block.10.layer.0.SelfAttention.k,173,,$\delta_\text{ssc}$
paws,transformer.decoder.block.10.layer.0.SelfAttention.v,174,0.16692513227462769,cross
paws,transformer.decoder.block.10.layer.0.SelfAttention.v,174,0.3184017539024353,corr
paws,transformer.decoder.block.10.layer.0.SelfAttention.v,174,0.3723171353340149,drift
paws,transformer.decoder.block.10.layer.0.SelfAttention.v,174,0.44727209210395813,tot
paws,transformer.decoder.block.10.layer.0.SelfAttention.v,174,-0.19879186153411865,$\delta_\text{gsc}$
paws,transformer.decoder.block.10.layer.0.SelfAttention.v,174,-0.2115800678730011,$\delta_\text{ssc}$
paws,transformer.decoder.block.10.layer.0.SelfAttention.o,175,0.17997629940509796,cross
paws,transformer.decoder.block.10.layer.0.SelfAttention.o,175,0.2148934155702591,corr
paws,transformer.decoder.block.10.layer.0.SelfAttention.o,175,0.3447684645652771,drift
paws,transformer.decoder.block.10.layer.0.SelfAttention.o,175,0.387300580739975,tot
paws,transformer.decoder.block.10.layer.0.SelfAttention.o,175,-0.20769043266773224,$\delta_\text{gsc}$
paws,transformer.decoder.block.10.layer.0.SelfAttention.o,175,-0.14464716613292694,$\delta_\text{ssc}$
paws,transformer.decoder.block.10.layer.1.EncDecAttention.q,176,,cross
paws,transformer.decoder.block.10.layer.1.EncDecAttention.q,176,,corr
paws,transformer.decoder.block.10.layer.1.EncDecAttention.q,176,,drift
paws,transformer.decoder.block.10.layer.1.EncDecAttention.q,176,,tot
paws,transformer.decoder.block.10.layer.1.EncDecAttention.q,176,,$\delta_\text{gsc}$
paws,transformer.decoder.block.10.layer.1.EncDecAttention.q,176,,$\delta_\text{ssc}$
paws,transformer.decoder.block.10.layer.1.EncDecAttention.k,177,,cross
paws,transformer.decoder.block.10.layer.1.EncDecAttention.k,177,,corr
paws,transformer.decoder.block.10.layer.1.EncDecAttention.k,177,,drift
paws,transformer.decoder.block.10.layer.1.EncDecAttention.k,177,,tot
paws,transformer.decoder.block.10.layer.1.EncDecAttention.k,177,,$\delta_\text{gsc}$
paws,transformer.decoder.block.10.layer.1.EncDecAttention.k,177,,$\delta_\text{ssc}$
paws,transformer.decoder.block.10.layer.1.EncDecAttention.v,178,0.22367267310619354,cross
paws,transformer.decoder.block.10.layer.1.EncDecAttention.v,178,0.3724241256713867,corr
paws,transformer.decoder.block.10.layer.1.EncDecAttention.v,178,0.33627229928970337,drift
paws,transformer.decoder.block.10.layer.1.EncDecAttention.v,178,0.38166046142578125,tot
paws,transformer.decoder.block.10.layer.1.EncDecAttention.v,178,-0.291776180267334,$\delta_\text{gsc}$
paws,transformer.decoder.block.10.layer.1.EncDecAttention.v,178,-0.2589324712753296,$\delta_\text{ssc}$
paws,transformer.decoder.block.10.layer.1.EncDecAttention.o,179,0.16802790760993958,cross
paws,transformer.decoder.block.10.layer.1.EncDecAttention.o,179,0.21531537175178528,corr
paws,transformer.decoder.block.10.layer.1.EncDecAttention.o,179,0.32895025610923767,drift
paws,transformer.decoder.block.10.layer.1.EncDecAttention.o,179,0.3508959114551544,tot
paws,transformer.decoder.block.10.layer.1.EncDecAttention.o,179,-0.20454978942871094,$\delta_\text{gsc}$
paws,transformer.decoder.block.10.layer.1.EncDecAttention.o,179,-0.15684783458709717,$\delta_\text{ssc}$
paws,transformer.decoder.block.10.layer.2.DenseReluDense.wi,180,0.04886159673333168,cross
paws,transformer.decoder.block.10.layer.2.DenseReluDense.wi,180,0.3249818682670593,corr
paws,transformer.decoder.block.10.layer.2.DenseReluDense.wi,180,0.3380478024482727,drift
paws,transformer.decoder.block.10.layer.2.DenseReluDense.wi,180,0.44349855184555054,tot
paws,transformer.decoder.block.10.layer.2.DenseReluDense.wi,180,-0.06857642531394958,$\delta_\text{gsc}$
paws,transformer.decoder.block.10.layer.2.DenseReluDense.wi,180,-0.1998162865638733,$\delta_\text{ssc}$
paws,transformer.decoder.block.10.layer.2.DenseReluDense.wo,181,0.13867789506912231,cross
paws,transformer.decoder.block.10.layer.2.DenseReluDense.wo,181,0.2940064072608948,corr
paws,transformer.decoder.block.10.layer.2.DenseReluDense.wo,181,0.4478703737258911,drift
paws,transformer.decoder.block.10.layer.2.DenseReluDense.wo,181,0.47867003083229065,tot
paws,transformer.decoder.block.10.layer.2.DenseReluDense.wo,181,-0.1505107283592224,$\delta_\text{gsc}$
paws,transformer.decoder.block.10.layer.2.DenseReluDense.wo,181,-0.25137391686439514,$\delta_\text{ssc}$
paws,transformer.decoder.block.11.layer.0.SelfAttention.q,182,,cross
paws,transformer.decoder.block.11.layer.0.SelfAttention.q,182,,corr
paws,transformer.decoder.block.11.layer.0.SelfAttention.q,182,,drift
paws,transformer.decoder.block.11.layer.0.SelfAttention.q,182,,tot
paws,transformer.decoder.block.11.layer.0.SelfAttention.q,182,,$\delta_\text{gsc}$
paws,transformer.decoder.block.11.layer.0.SelfAttention.q,182,,$\delta_\text{ssc}$
paws,transformer.decoder.block.11.layer.0.SelfAttention.k,183,,cross
paws,transformer.decoder.block.11.layer.0.SelfAttention.k,183,,corr
paws,transformer.decoder.block.11.layer.0.SelfAttention.k,183,,drift
paws,transformer.decoder.block.11.layer.0.SelfAttention.k,183,,tot
paws,transformer.decoder.block.11.layer.0.SelfAttention.k,183,,$\delta_\text{gsc}$
paws,transformer.decoder.block.11.layer.0.SelfAttention.k,183,,$\delta_\text{ssc}$
paws,transformer.decoder.block.11.layer.0.SelfAttention.v,184,0.17619365453720093,cross
paws,transformer.decoder.block.11.layer.0.SelfAttention.v,184,0.2768508493900299,corr
paws,transformer.decoder.block.11.layer.0.SelfAttention.v,184,0.3560967743396759,drift
paws,transformer.decoder.block.11.layer.0.SelfAttention.v,184,0.40378764271736145,tot
paws,transformer.decoder.block.11.layer.0.SelfAttention.v,184,-0.2215867042541504,$\delta_\text{gsc}$
paws,transformer.decoder.block.11.layer.0.SelfAttention.v,184,-0.1837669312953949,$\delta_\text{ssc}$
paws,transformer.decoder.block.11.layer.0.SelfAttention.o,185,0.14839521050453186,cross
paws,transformer.decoder.block.11.layer.0.SelfAttention.o,185,0.16650734841823578,corr
paws,transformer.decoder.block.11.layer.0.SelfAttention.o,185,0.3758552372455597,drift
paws,transformer.decoder.block.11.layer.0.SelfAttention.o,185,0.39874139428138733,tot
paws,transformer.decoder.block.11.layer.0.SelfAttention.o,185,-0.1680082082748413,$\delta_\text{gsc}$
paws,transformer.decoder.block.11.layer.0.SelfAttention.o,185,-0.12400820851325989,$\delta_\text{ssc}$
paws,transformer.decoder.block.11.layer.1.EncDecAttention.q,186,,cross
paws,transformer.decoder.block.11.layer.1.EncDecAttention.q,186,,corr
paws,transformer.decoder.block.11.layer.1.EncDecAttention.q,186,,drift
paws,transformer.decoder.block.11.layer.1.EncDecAttention.q,186,,tot
paws,transformer.decoder.block.11.layer.1.EncDecAttention.q,186,,$\delta_\text{gsc}$
paws,transformer.decoder.block.11.layer.1.EncDecAttention.q,186,,$\delta_\text{ssc}$
paws,transformer.decoder.block.11.layer.1.EncDecAttention.k,187,,cross
paws,transformer.decoder.block.11.layer.1.EncDecAttention.k,187,,corr
paws,transformer.decoder.block.11.layer.1.EncDecAttention.k,187,,drift
paws,transformer.decoder.block.11.layer.1.EncDecAttention.k,187,,tot
paws,transformer.decoder.block.11.layer.1.EncDecAttention.k,187,,$\delta_\text{gsc}$
paws,transformer.decoder.block.11.layer.1.EncDecAttention.k,187,,$\delta_\text{ssc}$
paws,transformer.decoder.block.11.layer.1.EncDecAttention.v,188,0.2237040251493454,cross
paws,transformer.decoder.block.11.layer.1.EncDecAttention.v,188,0.2517554461956024,corr
paws,transformer.decoder.block.11.layer.1.EncDecAttention.v,188,0.3356614112854004,drift
paws,transformer.decoder.block.11.layer.1.EncDecAttention.v,188,0.35173705220222473,tot
paws,transformer.decoder.block.11.layer.1.EncDecAttention.v,188,-0.27648770809173584,$\delta_\text{gsc}$
paws,transformer.decoder.block.11.layer.1.EncDecAttention.v,188,-0.18289613723754883,$\delta_\text{ssc}$
paws,transformer.decoder.block.11.layer.1.EncDecAttention.o,189,0.09886439889669418,cross
paws,transformer.decoder.block.11.layer.1.EncDecAttention.o,189,0.10857775062322617,corr
paws,transformer.decoder.block.11.layer.1.EncDecAttention.o,189,0.3000193238258362,drift
paws,transformer.decoder.block.11.layer.1.EncDecAttention.o,189,0.31757253408432007,tot
paws,transformer.decoder.block.11.layer.1.EncDecAttention.o,189,-0.11585220694541931,$\delta_\text{gsc}$
paws,transformer.decoder.block.11.layer.1.EncDecAttention.o,189,-0.07403674721717834,$\delta_\text{ssc}$
paws,transformer.decoder.block.11.layer.2.DenseReluDense.wi,190,0.10987967997789383,cross
paws,transformer.decoder.block.11.layer.2.DenseReluDense.wi,190,0.27083706855773926,corr
paws,transformer.decoder.block.11.layer.2.DenseReluDense.wi,190,0.34514591097831726,drift
paws,transformer.decoder.block.11.layer.2.DenseReluDense.wi,190,0.417587012052536,tot
paws,transformer.decoder.block.11.layer.2.DenseReluDense.wi,190,-0.1436261236667633,$\delta_\text{gsc}$
paws,transformer.decoder.block.11.layer.2.DenseReluDense.wi,190,-0.16464951634407043,$\delta_\text{ssc}$
paws,transformer.decoder.block.11.layer.2.DenseReluDense.wo,191,0.18529289960861206,cross
paws,transformer.decoder.block.11.layer.2.DenseReluDense.wo,191,0.18848414719104767,corr
paws,transformer.decoder.block.11.layer.2.DenseReluDense.wo,191,0.431747168302536,drift
paws,transformer.decoder.block.11.layer.2.DenseReluDense.wo,191,0.46746060252189636,tot
paws,transformer.decoder.block.11.layer.2.DenseReluDense.wo,191,-0.20622098445892334,$\delta_\text{gsc}$
paws,transformer.decoder.block.11.layer.2.DenseReluDense.wo,191,-0.13184264302253723,$\delta_\text{ssc}$
paws,transformer.lm_head,192,0.0623856745660305,cross
paws,transformer.lm_head,192,0.03435199707746506,corr
paws,transformer.lm_head,192,0.2101026326417923,drift
paws,transformer.lm_head,192,0.23514661192893982,tot
paws,transformer.lm_head,192,-0.04469037055969238,$\delta_\text{gsc}$
paws,transformer.lm_head,192,-0.02700333297252655,$\delta_\text{ssc}$
wsc,transformer.encoder.block.0.layer.0.SelfAttention.q,0,,cross
wsc,transformer.encoder.block.0.layer.0.SelfAttention.q,0,,corr
wsc,transformer.encoder.block.0.layer.0.SelfAttention.q,0,,drift
wsc,transformer.encoder.block.0.layer.0.SelfAttention.q,0,,tot
wsc,transformer.encoder.block.0.layer.0.SelfAttention.q,0,,$\delta_\text{gsc}$
wsc,transformer.encoder.block.0.layer.0.SelfAttention.q,0,,$\delta_\text{ssc}$
wsc,transformer.encoder.block.0.layer.0.SelfAttention.k,1,,cross
wsc,transformer.encoder.block.0.layer.0.SelfAttention.k,1,,corr
wsc,transformer.encoder.block.0.layer.0.SelfAttention.k,1,,drift
wsc,transformer.encoder.block.0.layer.0.SelfAttention.k,1,,tot
wsc,transformer.encoder.block.0.layer.0.SelfAttention.k,1,,$\delta_\text{gsc}$
wsc,transformer.encoder.block.0.layer.0.SelfAttention.k,1,,$\delta_\text{ssc}$
wsc,transformer.encoder.block.0.layer.0.SelfAttention.v,2,0.05002238601446152,cross
wsc,transformer.encoder.block.0.layer.0.SelfAttention.v,2,0.11718743294477463,corr
wsc,transformer.encoder.block.0.layer.0.SelfAttention.v,2,0.022562740370631218,drift
wsc,transformer.encoder.block.0.layer.0.SelfAttention.v,2,0.07426387816667557,tot
wsc,transformer.encoder.block.0.layer.0.SelfAttention.v,2,-0.09609414637088776,$\delta_\text{gsc}$
wsc,transformer.encoder.block.0.layer.0.SelfAttention.v,2,-0.01941453479230404,$\delta_\text{ssc}$
wsc,transformer.encoder.block.0.layer.0.SelfAttention.o,3,0.05130894482135773,cross
wsc,transformer.encoder.block.0.layer.0.SelfAttention.o,3,0.09367799758911133,corr
wsc,transformer.encoder.block.0.layer.0.SelfAttention.o,3,0.0518447570502758,drift
wsc,transformer.encoder.block.0.layer.0.SelfAttention.o,3,0.08614867925643921,tot
wsc,transformer.encoder.block.0.layer.0.SelfAttention.o,3,-0.06664516031742096,$\delta_\text{gsc}$
wsc,transformer.encoder.block.0.layer.0.SelfAttention.o,3,-0.04403785988688469,$\delta_\text{ssc}$
wsc,transformer.encoder.block.0.layer.1.DenseReluDense.wi,4,0.08178582787513733,cross
wsc,transformer.encoder.block.0.layer.1.DenseReluDense.wi,4,0.18311668932437897,corr
wsc,transformer.encoder.block.0.layer.1.DenseReluDense.wi,4,0.07601262629032135,drift
wsc,transformer.encoder.block.0.layer.1.DenseReluDense.wi,4,0.13276565074920654,tot
wsc,transformer.encoder.block.0.layer.1.DenseReluDense.wi,4,-0.1446119099855423,$\delta_\text{gsc}$
wsc,transformer.encoder.block.0.layer.1.DenseReluDense.wi,4,-0.0635375827550888,$\delta_\text{ssc}$
wsc,transformer.encoder.block.0.layer.1.DenseReluDense.wo,5,0.14676830172538757,cross
wsc,transformer.encoder.block.0.layer.1.DenseReluDense.wo,5,0.23476152122020721,corr
wsc,transformer.encoder.block.0.layer.1.DenseReluDense.wo,5,0.14753147959709167,drift
wsc,transformer.encoder.block.0.layer.1.DenseReluDense.wo,5,0.19142378866672516,tot
wsc,transformer.encoder.block.0.layer.1.DenseReluDense.wo,5,-0.23569373786449432,$\delta_\text{gsc}$
wsc,transformer.encoder.block.0.layer.1.DenseReluDense.wo,5,-0.10194377601146698,$\delta_\text{ssc}$
wsc,transformer.encoder.block.1.layer.0.SelfAttention.q,6,,cross
wsc,transformer.encoder.block.1.layer.0.SelfAttention.q,6,,corr
wsc,transformer.encoder.block.1.layer.0.SelfAttention.q,6,,drift
wsc,transformer.encoder.block.1.layer.0.SelfAttention.q,6,,tot
wsc,transformer.encoder.block.1.layer.0.SelfAttention.q,6,,$\delta_\text{gsc}$
wsc,transformer.encoder.block.1.layer.0.SelfAttention.q,6,,$\delta_\text{ssc}$
wsc,transformer.encoder.block.1.layer.0.SelfAttention.k,7,,cross
wsc,transformer.encoder.block.1.layer.0.SelfAttention.k,7,,corr
wsc,transformer.encoder.block.1.layer.0.SelfAttention.k,7,,drift
wsc,transformer.encoder.block.1.layer.0.SelfAttention.k,7,,tot
wsc,transformer.encoder.block.1.layer.0.SelfAttention.k,7,,$\delta_\text{gsc}$
wsc,transformer.encoder.block.1.layer.0.SelfAttention.k,7,,$\delta_\text{ssc}$
wsc,transformer.encoder.block.1.layer.0.SelfAttention.v,8,0.09917692095041275,cross
wsc,transformer.encoder.block.1.layer.0.SelfAttention.v,8,0.16175033152103424,corr
wsc,transformer.encoder.block.1.layer.0.SelfAttention.v,8,0.07705216109752655,drift
wsc,transformer.encoder.block.1.layer.0.SelfAttention.v,8,0.10910622775554657,tot
wsc,transformer.encoder.block.1.layer.0.SelfAttention.v,8,-0.17231464385986328,$\delta_\text{gsc}$
wsc,transformer.encoder.block.1.layer.0.SelfAttention.v,8,-0.05655853450298309,$\delta_\text{ssc}$
wsc,transformer.encoder.block.1.layer.0.SelfAttention.o,9,0.10401204228401184,cross
wsc,transformer.encoder.block.1.layer.0.SelfAttention.o,9,0.18964478373527527,corr
wsc,transformer.encoder.block.1.layer.0.SelfAttention.o,9,0.10388169437646866,drift
wsc,transformer.encoder.block.1.layer.0.SelfAttention.o,9,0.136592835187912,tot
wsc,transformer.encoder.block.1.layer.0.SelfAttention.o,9,-0.17745642364025116,$\delta_\text{gsc}$
wsc,transformer.encoder.block.1.layer.0.SelfAttention.o,9,-0.08348926156759262,$\delta_\text{ssc}$
wsc,transformer.encoder.block.1.layer.1.DenseReluDense.wi,10,0.05592336133122444,cross
wsc,transformer.encoder.block.1.layer.1.DenseReluDense.wi,10,0.11143655329942703,corr
wsc,transformer.encoder.block.1.layer.1.DenseReluDense.wi,10,0.07945920526981354,drift
wsc,transformer.encoder.block.1.layer.1.DenseReluDense.wi,10,0.1063598096370697,tot
wsc,transformer.encoder.block.1.layer.1.DenseReluDense.wi,10,-0.09256371855735779,$\delta_\text{gsc}$
wsc,transformer.encoder.block.1.layer.1.DenseReluDense.wi,10,-0.04789558798074722,$\delta_\text{ssc}$
wsc,transformer.encoder.block.1.layer.1.DenseReluDense.wo,11,0.07005966454744339,cross
wsc,transformer.encoder.block.1.layer.1.DenseReluDense.wo,11,0.12154647707939148,corr
wsc,transformer.encoder.block.1.layer.1.DenseReluDense.wo,11,0.15125340223312378,drift
wsc,transformer.encoder.block.1.layer.1.DenseReluDense.wo,11,0.19754420220851898,tot
wsc,transformer.encoder.block.1.layer.1.DenseReluDense.wo,11,-0.11013203859329224,$\delta_\text{gsc}$
wsc,transformer.encoder.block.1.layer.1.DenseReluDense.wo,11,-0.03518331050872803,$\delta_\text{ssc}$
wsc,transformer.encoder.block.2.layer.0.SelfAttention.q,12,,cross
wsc,transformer.encoder.block.2.layer.0.SelfAttention.q,12,,corr
wsc,transformer.encoder.block.2.layer.0.SelfAttention.q,12,,drift
wsc,transformer.encoder.block.2.layer.0.SelfAttention.q,12,,tot
wsc,transformer.encoder.block.2.layer.0.SelfAttention.q,12,,$\delta_\text{gsc}$
wsc,transformer.encoder.block.2.layer.0.SelfAttention.q,12,,$\delta_\text{ssc}$
wsc,transformer.encoder.block.2.layer.0.SelfAttention.k,13,,cross
wsc,transformer.encoder.block.2.layer.0.SelfAttention.k,13,,corr
wsc,transformer.encoder.block.2.layer.0.SelfAttention.k,13,,drift
wsc,transformer.encoder.block.2.layer.0.SelfAttention.k,13,,tot
wsc,transformer.encoder.block.2.layer.0.SelfAttention.k,13,,$\delta_\text{gsc}$
wsc,transformer.encoder.block.2.layer.0.SelfAttention.k,13,,$\delta_\text{ssc}$
wsc,transformer.encoder.block.2.layer.0.SelfAttention.v,14,0.07414774596691132,cross
wsc,transformer.encoder.block.2.layer.0.SelfAttention.v,14,0.1388276070356369,corr
wsc,transformer.encoder.block.2.layer.0.SelfAttention.v,14,0.08620692044496536,drift
wsc,transformer.encoder.block.2.layer.0.SelfAttention.v,14,0.1112210601568222,tot
wsc,transformer.encoder.block.2.layer.0.SelfAttention.v,14,-0.13023841381072998,$\delta_\text{gsc}$
wsc,transformer.encoder.block.2.layer.0.SelfAttention.v,14,-0.057722799479961395,$\delta_\text{ssc}$
wsc,transformer.encoder.block.2.layer.0.SelfAttention.o,15,0.06676775217056274,cross
wsc,transformer.encoder.block.2.layer.0.SelfAttention.o,15,0.1351945549249649,corr
wsc,transformer.encoder.block.2.layer.0.SelfAttention.o,15,0.12244794517755508,drift
wsc,transformer.encoder.block.2.layer.0.SelfAttention.o,15,0.1334691196680069,tot
wsc,transformer.encoder.block.2.layer.0.SelfAttention.o,15,-0.11382828652858734,$\delta_\text{gsc}$
wsc,transformer.encoder.block.2.layer.0.SelfAttention.o,15,-0.0771128460764885,$\delta_\text{ssc}$
wsc,transformer.encoder.block.2.layer.1.DenseReluDense.wi,16,0.028999553993344307,cross
wsc,transformer.encoder.block.2.layer.1.DenseReluDense.wi,16,0.09290537238121033,corr
wsc,transformer.encoder.block.2.layer.1.DenseReluDense.wi,16,0.08669039607048035,drift
wsc,transformer.encoder.block.2.layer.1.DenseReluDense.wi,16,0.11620671302080154,tot
wsc,transformer.encoder.block.2.layer.1.DenseReluDense.wi,16,-0.044358737766742706,$\delta_\text{gsc}$
wsc,transformer.encoder.block.2.layer.1.DenseReluDense.wi,16,-0.04802986979484558,$\delta_\text{ssc}$
wsc,transformer.encoder.block.2.layer.1.DenseReluDense.wo,17,0.16651953756809235,cross
wsc,transformer.encoder.block.2.layer.1.DenseReluDense.wo,17,0.31656414270401,corr
wsc,transformer.encoder.block.2.layer.1.DenseReluDense.wo,17,0.2781386971473694,drift
wsc,transformer.encoder.block.2.layer.1.DenseReluDense.wo,17,0.2542756199836731,tot
wsc,transformer.encoder.block.2.layer.1.DenseReluDense.wo,17,-0.24959613382816315,$\delta_\text{gsc}$
wsc,transformer.encoder.block.2.layer.1.DenseReluDense.wo,17,-0.2573506236076355,$\delta_\text{ssc}$
wsc,transformer.encoder.block.3.layer.0.SelfAttention.q,18,,cross
wsc,transformer.encoder.block.3.layer.0.SelfAttention.q,18,,corr
wsc,transformer.encoder.block.3.layer.0.SelfAttention.q,18,,drift
wsc,transformer.encoder.block.3.layer.0.SelfAttention.q,18,,tot
wsc,transformer.encoder.block.3.layer.0.SelfAttention.q,18,,$\delta_\text{gsc}$
wsc,transformer.encoder.block.3.layer.0.SelfAttention.q,18,,$\delta_\text{ssc}$
wsc,transformer.encoder.block.3.layer.0.SelfAttention.k,19,,cross
wsc,transformer.encoder.block.3.layer.0.SelfAttention.k,19,,corr
wsc,transformer.encoder.block.3.layer.0.SelfAttention.k,19,,drift
wsc,transformer.encoder.block.3.layer.0.SelfAttention.k,19,,tot
wsc,transformer.encoder.block.3.layer.0.SelfAttention.k,19,,$\delta_\text{gsc}$
wsc,transformer.encoder.block.3.layer.0.SelfAttention.k,19,,$\delta_\text{ssc}$
wsc,transformer.encoder.block.3.layer.0.SelfAttention.v,20,0.06696446239948273,cross
wsc,transformer.encoder.block.3.layer.0.SelfAttention.v,20,0.12712566554546356,corr
wsc,transformer.encoder.block.3.layer.0.SelfAttention.v,20,0.11047179996967316,drift
wsc,transformer.encoder.block.3.layer.0.SelfAttention.v,20,0.12482966482639313,tot
wsc,transformer.encoder.block.3.layer.0.SelfAttention.v,20,-0.11015723645687103,$\delta_\text{gsc}$
wsc,transformer.encoder.block.3.layer.0.SelfAttention.v,20,-0.06957502663135529,$\delta_\text{ssc}$
wsc,transformer.encoder.block.3.layer.0.SelfAttention.o,21,0.08918144553899765,cross
wsc,transformer.encoder.block.3.layer.0.SelfAttention.o,21,0.16378651559352875,corr
wsc,transformer.encoder.block.3.layer.0.SelfAttention.o,21,0.1463184654712677,drift
wsc,transformer.encoder.block.3.layer.0.SelfAttention.o,21,0.15590868890285492,tot
wsc,transformer.encoder.block.3.layer.0.SelfAttention.o,21,-0.14506536722183228,$\delta_\text{gsc}$
wsc,transformer.encoder.block.3.layer.0.SelfAttention.o,21,-0.0983123779296875,$\delta_\text{ssc}$
wsc,transformer.encoder.block.3.layer.1.DenseReluDense.wi,22,0.0433233380317688,cross
wsc,transformer.encoder.block.3.layer.1.DenseReluDense.wi,22,0.08569618314504623,corr
wsc,transformer.encoder.block.3.layer.1.DenseReluDense.wi,22,0.08917073905467987,drift
wsc,transformer.encoder.block.3.layer.1.DenseReluDense.wi,22,0.10193577408790588,tot
wsc,transformer.encoder.block.3.layer.1.DenseReluDense.wi,22,-0.06607263535261154,$\delta_\text{gsc}$
wsc,transformer.encoder.block.3.layer.1.DenseReluDense.wi,22,-0.05018185079097748,$\delta_\text{ssc}$
wsc,transformer.encoder.block.3.layer.1.DenseReluDense.wo,23,0.09544792771339417,cross
wsc,transformer.encoder.block.3.layer.1.DenseReluDense.wo,23,0.24202559888362885,corr
wsc,transformer.encoder.block.3.layer.1.DenseReluDense.wo,23,0.3052644431591034,drift
wsc,transformer.encoder.block.3.layer.1.DenseReluDense.wo,23,0.3177050054073334,tot
wsc,transformer.encoder.block.3.layer.1.DenseReluDense.wo,23,-0.14791202545166016,$\delta_\text{gsc}$
wsc,transformer.encoder.block.3.layer.1.DenseReluDense.wo,23,-0.17712093889713287,$\delta_\text{ssc}$
wsc,transformer.encoder.block.4.layer.0.SelfAttention.q,24,,cross
wsc,transformer.encoder.block.4.layer.0.SelfAttention.q,24,,corr
wsc,transformer.encoder.block.4.layer.0.SelfAttention.q,24,,drift
wsc,transformer.encoder.block.4.layer.0.SelfAttention.q,24,,tot
wsc,transformer.encoder.block.4.layer.0.SelfAttention.q,24,,$\delta_\text{gsc}$
wsc,transformer.encoder.block.4.layer.0.SelfAttention.q,24,,$\delta_\text{ssc}$
wsc,transformer.encoder.block.4.layer.0.SelfAttention.k,25,,cross
wsc,transformer.encoder.block.4.layer.0.SelfAttention.k,25,,corr
wsc,transformer.encoder.block.4.layer.0.SelfAttention.k,25,,drift
wsc,transformer.encoder.block.4.layer.0.SelfAttention.k,25,,tot
wsc,transformer.encoder.block.4.layer.0.SelfAttention.k,25,,$\delta_\text{gsc}$
wsc,transformer.encoder.block.4.layer.0.SelfAttention.k,25,,$\delta_\text{ssc}$
wsc,transformer.encoder.block.4.layer.0.SelfAttention.v,26,0.062244635075330734,cross
wsc,transformer.encoder.block.4.layer.0.SelfAttention.v,26,0.12682324647903442,corr
wsc,transformer.encoder.block.4.layer.0.SelfAttention.v,26,0.1476716697216034,drift
wsc,transformer.encoder.block.4.layer.0.SelfAttention.v,26,0.1594536304473877,tot
wsc,transformer.encoder.block.4.layer.0.SelfAttention.v,26,-0.09589652717113495,$\delta_\text{gsc}$
wsc,transformer.encoder.block.4.layer.0.SelfAttention.v,26,-0.0813893973827362,$\delta_\text{ssc}$
wsc,transformer.encoder.block.4.layer.0.SelfAttention.o,27,0.0868586003780365,cross
wsc,transformer.encoder.block.4.layer.0.SelfAttention.o,27,0.14014746248722076,corr
wsc,transformer.encoder.block.4.layer.0.SelfAttention.o,27,0.19843116402626038,drift
wsc,transformer.encoder.block.4.layer.0.SelfAttention.o,27,0.1968182921409607,tot
wsc,transformer.encoder.block.4.layer.0.SelfAttention.o,27,-0.13077254593372345,$\delta_\text{gsc}$
wsc,transformer.encoder.block.4.layer.0.SelfAttention.o,27,-0.0978463888168335,$\delta_\text{ssc}$
wsc,transformer.encoder.block.4.layer.1.DenseReluDense.wi,28,0.040435075759887695,cross
wsc,transformer.encoder.block.4.layer.1.DenseReluDense.wi,28,0.0860820859670639,corr
wsc,transformer.encoder.block.4.layer.1.DenseReluDense.wi,28,0.1141853854060173,drift
wsc,transformer.encoder.block.4.layer.1.DenseReluDense.wi,28,0.1296970099210739,tot
wsc,transformer.encoder.block.4.layer.1.DenseReluDense.wi,28,-0.06428056955337524,$\delta_\text{gsc}$
wsc,transformer.encoder.block.4.layer.1.DenseReluDense.wi,28,-0.046724967658519745,$\delta_\text{ssc}$
wsc,transformer.encoder.block.4.layer.1.DenseReluDense.wo,29,0.19842499494552612,cross
wsc,transformer.encoder.block.4.layer.1.DenseReluDense.wo,29,0.3538137972354889,corr
wsc,transformer.encoder.block.4.layer.1.DenseReluDense.wo,29,0.4451709985733032,drift
wsc,transformer.encoder.block.4.layer.1.DenseReluDense.wo,29,0.33235669136047363,tot
wsc,transformer.encoder.block.4.layer.1.DenseReluDense.wo,29,-0.27120694518089294,$\delta_\text{gsc}$
wsc,transformer.encoder.block.4.layer.1.DenseReluDense.wo,29,-0.39384615421295166,$\delta_\text{ssc}$
wsc,transformer.encoder.block.5.layer.0.SelfAttention.q,30,,cross
wsc,transformer.encoder.block.5.layer.0.SelfAttention.q,30,,corr
wsc,transformer.encoder.block.5.layer.0.SelfAttention.q,30,,drift
wsc,transformer.encoder.block.5.layer.0.SelfAttention.q,30,,tot
wsc,transformer.encoder.block.5.layer.0.SelfAttention.q,30,,$\delta_\text{gsc}$
wsc,transformer.encoder.block.5.layer.0.SelfAttention.q,30,,$\delta_\text{ssc}$
wsc,transformer.encoder.block.5.layer.0.SelfAttention.k,31,,cross
wsc,transformer.encoder.block.5.layer.0.SelfAttention.k,31,,corr
wsc,transformer.encoder.block.5.layer.0.SelfAttention.k,31,,drift
wsc,transformer.encoder.block.5.layer.0.SelfAttention.k,31,,tot
wsc,transformer.encoder.block.5.layer.0.SelfAttention.k,31,,$\delta_\text{gsc}$
wsc,transformer.encoder.block.5.layer.0.SelfAttention.k,31,,$\delta_\text{ssc}$
wsc,transformer.encoder.block.5.layer.0.SelfAttention.v,32,0.0707426518201828,cross
wsc,transformer.encoder.block.5.layer.0.SelfAttention.v,32,0.10114046186208725,corr
wsc,transformer.encoder.block.5.layer.0.SelfAttention.v,32,0.17200154066085815,drift
wsc,transformer.encoder.block.5.layer.0.SelfAttention.v,32,0.16648374497890472,tot
wsc,transformer.encoder.block.5.layer.0.SelfAttention.v,32,-0.1020306944847107,$\delta_\text{gsc}$
wsc,transformer.encoder.block.5.layer.0.SelfAttention.v,32,-0.07537021487951279,$\delta_\text{ssc}$
wsc,transformer.encoder.block.5.layer.0.SelfAttention.o,33,0.10464925318956375,cross
wsc,transformer.encoder.block.5.layer.0.SelfAttention.o,33,0.1455339938402176,corr
wsc,transformer.encoder.block.5.layer.0.SelfAttention.o,33,0.22091925144195557,drift
wsc,transformer.encoder.block.5.layer.0.SelfAttention.o,33,0.20990823209285736,tot
wsc,transformer.encoder.block.5.layer.0.SelfAttention.o,33,-0.1521708369255066,$\delta_\text{gsc}$
wsc,transformer.encoder.block.5.layer.0.SelfAttention.o,33,-0.10902343690395355,$\delta_\text{ssc}$
wsc,transformer.encoder.block.5.layer.1.DenseReluDense.wi,34,0.04154374822974205,cross
wsc,transformer.encoder.block.5.layer.1.DenseReluDense.wi,34,0.07316818833351135,corr
wsc,transformer.encoder.block.5.layer.1.DenseReluDense.wi,34,0.14779174327850342,drift
wsc,transformer.encoder.block.5.layer.1.DenseReluDense.wi,34,0.14965112507343292,tot
wsc,transformer.encoder.block.5.layer.1.DenseReluDense.wi,34,-0.06271040439605713,$\delta_\text{gsc}$
wsc,transformer.encoder.block.5.layer.1.DenseReluDense.wi,34,-0.05014215409755707,$\delta_\text{ssc}$
wsc,transformer.encoder.block.5.layer.1.DenseReluDense.wo,35,0.11064904183149338,cross
wsc,transformer.encoder.block.5.layer.1.DenseReluDense.wo,35,0.22294577956199646,corr
wsc,transformer.encoder.block.5.layer.1.DenseReluDense.wo,35,0.3643767833709717,drift
wsc,transformer.encoder.block.5.layer.1.DenseReluDense.wo,35,0.2994585931301117,tot
wsc,transformer.encoder.block.5.layer.1.DenseReluDense.wo,35,-0.15859368443489075,$\delta_\text{gsc}$
wsc,transformer.encoder.block.5.layer.1.DenseReluDense.wo,35,-0.23991933465003967,$\delta_\text{ssc}$
wsc,transformer.encoder.block.6.layer.0.SelfAttention.q,36,,cross
wsc,transformer.encoder.block.6.layer.0.SelfAttention.q,36,,corr
wsc,transformer.encoder.block.6.layer.0.SelfAttention.q,36,,drift
wsc,transformer.encoder.block.6.layer.0.SelfAttention.q,36,,tot
wsc,transformer.encoder.block.6.layer.0.SelfAttention.q,36,,$\delta_\text{gsc}$
wsc,transformer.encoder.block.6.layer.0.SelfAttention.q,36,,$\delta_\text{ssc}$
wsc,transformer.encoder.block.6.layer.0.SelfAttention.k,37,,cross
wsc,transformer.encoder.block.6.layer.0.SelfAttention.k,37,,corr
wsc,transformer.encoder.block.6.layer.0.SelfAttention.k,37,,drift
wsc,transformer.encoder.block.6.layer.0.SelfAttention.k,37,,tot
wsc,transformer.encoder.block.6.layer.0.SelfAttention.k,37,,$\delta_\text{gsc}$
wsc,transformer.encoder.block.6.layer.0.SelfAttention.k,37,,$\delta_\text{ssc}$
wsc,transformer.encoder.block.6.layer.0.SelfAttention.v,38,0.05524575710296631,cross
wsc,transformer.encoder.block.6.layer.0.SelfAttention.v,38,0.07029105722904205,corr
wsc,transformer.encoder.block.6.layer.0.SelfAttention.v,38,0.23902030289173126,drift
wsc,transformer.encoder.block.6.layer.0.SelfAttention.v,38,0.230166494846344,tot
wsc,transformer.encoder.block.6.layer.0.SelfAttention.v,38,-0.07482366263866425,$\delta_\text{gsc}$
wsc,transformer.encoder.block.6.layer.0.SelfAttention.v,38,-0.059566959738731384,$\delta_\text{ssc}$
wsc,transformer.encoder.block.6.layer.0.SelfAttention.o,39,0.07765965908765793,cross
wsc,transformer.encoder.block.6.layer.0.SelfAttention.o,39,0.0875622034072876,corr
wsc,transformer.encoder.block.6.layer.0.SelfAttention.o,39,0.27469637989997864,drift
wsc,transformer.encoder.block.6.layer.0.SelfAttention.o,39,0.2629512846469879,tot
wsc,transformer.encoder.block.6.layer.0.SelfAttention.o,39,-0.10380014777183533,$\delta_\text{gsc}$
wsc,transformer.encoder.block.6.layer.0.SelfAttention.o,39,-0.07316681742668152,$\delta_\text{ssc}$
wsc,transformer.encoder.block.6.layer.1.DenseReluDense.wi,40,0.0549742765724659,cross
wsc,transformer.encoder.block.6.layer.1.DenseReluDense.wi,40,0.0664943978190422,corr
wsc,transformer.encoder.block.6.layer.1.DenseReluDense.wi,40,0.20295000076293945,drift
wsc,transformer.encoder.block.6.layer.1.DenseReluDense.wi,40,0.19492648541927338,tot
wsc,transformer.encoder.block.6.layer.1.DenseReluDense.wi,40,-0.07950849831104279,$\delta_\text{gsc}$
wsc,transformer.encoder.block.6.layer.1.DenseReluDense.wi,40,-0.0499836802482605,$\delta_\text{ssc}$
wsc,transformer.encoder.block.6.layer.1.DenseReluDense.wo,41,0.12866103649139404,cross
wsc,transformer.encoder.block.6.layer.1.DenseReluDense.wo,41,0.20060418546199799,corr
wsc,transformer.encoder.block.6.layer.1.DenseReluDense.wo,41,0.373416006565094,drift
wsc,transformer.encoder.block.6.layer.1.DenseReluDense.wo,41,0.3402336835861206,tot
wsc,transformer.encoder.block.6.layer.1.DenseReluDense.wo,41,-0.15755081176757812,$\delta_\text{gsc}$
wsc,transformer.encoder.block.6.layer.1.DenseReluDense.wo,41,-0.2048967331647873,$\delta_\text{ssc}$
wsc,transformer.encoder.block.7.layer.0.SelfAttention.q,42,,cross
wsc,transformer.encoder.block.7.layer.0.SelfAttention.q,42,,corr
wsc,transformer.encoder.block.7.layer.0.SelfAttention.q,42,,drift
wsc,transformer.encoder.block.7.layer.0.SelfAttention.q,42,,tot
wsc,transformer.encoder.block.7.layer.0.SelfAttention.q,42,,$\delta_\text{gsc}$
wsc,transformer.encoder.block.7.layer.0.SelfAttention.q,42,,$\delta_\text{ssc}$
wsc,transformer.encoder.block.7.layer.0.SelfAttention.k,43,,cross
wsc,transformer.encoder.block.7.layer.0.SelfAttention.k,43,,corr
wsc,transformer.encoder.block.7.layer.0.SelfAttention.k,43,,drift
wsc,transformer.encoder.block.7.layer.0.SelfAttention.k,43,,tot
wsc,transformer.encoder.block.7.layer.0.SelfAttention.k,43,,$\delta_\text{gsc}$
wsc,transformer.encoder.block.7.layer.0.SelfAttention.k,43,,$\delta_\text{ssc}$
wsc,transformer.encoder.block.7.layer.0.SelfAttention.v,44,0.050822217017412186,cross
wsc,transformer.encoder.block.7.layer.0.SelfAttention.v,44,0.05816661939024925,corr
wsc,transformer.encoder.block.7.layer.0.SelfAttention.v,44,0.27786150574684143,drift
wsc,transformer.encoder.block.7.layer.0.SelfAttention.v,44,0.27158087491989136,tot
wsc,transformer.encoder.block.7.layer.0.SelfAttention.v,44,-0.06698940694332123,$\delta_\text{gsc}$
wsc,transformer.encoder.block.7.layer.0.SelfAttention.v,44,-0.04828006029129028,$\delta_\text{ssc}$
wsc,transformer.encoder.block.7.layer.0.SelfAttention.o,45,0.06974927335977554,cross
wsc,transformer.encoder.block.7.layer.0.SelfAttention.o,45,0.06913969665765762,corr
wsc,transformer.encoder.block.7.layer.0.SelfAttention.o,45,0.3170282542705536,drift
wsc,transformer.encoder.block.7.layer.0.SelfAttention.o,45,0.31032416224479675,tot
wsc,transformer.encoder.block.7.layer.0.SelfAttention.o,45,-0.08595383167266846,$\delta_\text{gsc}$
wsc,transformer.encoder.block.7.layer.0.SelfAttention.o,45,-0.05963921546936035,$\delta_\text{ssc}$
wsc,transformer.encoder.block.7.layer.1.DenseReluDense.wi,46,0.05045368894934654,cross
wsc,transformer.encoder.block.7.layer.1.DenseReluDense.wi,46,0.051299016922712326,corr
wsc,transformer.encoder.block.7.layer.1.DenseReluDense.wi,46,0.2524402141571045,drift
wsc,transformer.encoder.block.7.layer.1.DenseReluDense.wi,46,0.249434694647789,tot
wsc,transformer.encoder.block.7.layer.1.DenseReluDense.wi,46,-0.07128424942493439,$\delta_\text{gsc}$
wsc,transformer.encoder.block.7.layer.1.DenseReluDense.wi,46,-0.03347398340702057,$\delta_\text{ssc}$
wsc,transformer.encoder.block.7.layer.1.DenseReluDense.wo,47,0.13749869167804718,cross
wsc,transformer.encoder.block.7.layer.1.DenseReluDense.wo,47,0.1348104625940323,corr
wsc,transformer.encoder.block.7.layer.1.DenseReluDense.wo,47,0.4296638071537018,drift
wsc,transformer.encoder.block.7.layer.1.DenseReluDense.wo,47,0.41278210282325745,tot
wsc,transformer.encoder.block.7.layer.1.DenseReluDense.wo,47,-0.1543620228767395,$\delta_\text{gsc}$
wsc,transformer.encoder.block.7.layer.1.DenseReluDense.wo,47,-0.1348288357257843,$\delta_\text{ssc}$
wsc,transformer.encoder.block.8.layer.0.SelfAttention.q,48,,cross
wsc,transformer.encoder.block.8.layer.0.SelfAttention.q,48,,corr
wsc,transformer.encoder.block.8.layer.0.SelfAttention.q,48,,drift
wsc,transformer.encoder.block.8.layer.0.SelfAttention.q,48,,tot
wsc,transformer.encoder.block.8.layer.0.SelfAttention.q,48,,$\delta_\text{gsc}$
wsc,transformer.encoder.block.8.layer.0.SelfAttention.q,48,,$\delta_\text{ssc}$
wsc,transformer.encoder.block.8.layer.0.SelfAttention.k,49,,cross
wsc,transformer.encoder.block.8.layer.0.SelfAttention.k,49,,corr
wsc,transformer.encoder.block.8.layer.0.SelfAttention.k,49,,drift
wsc,transformer.encoder.block.8.layer.0.SelfAttention.k,49,,tot
wsc,transformer.encoder.block.8.layer.0.SelfAttention.k,49,,$\delta_\text{gsc}$
wsc,transformer.encoder.block.8.layer.0.SelfAttention.k,49,,$\delta_\text{ssc}$
wsc,transformer.encoder.block.8.layer.0.SelfAttention.v,50,0.06012030690908432,cross
wsc,transformer.encoder.block.8.layer.0.SelfAttention.v,50,0.06343913823366165,corr
wsc,transformer.encoder.block.8.layer.0.SelfAttention.v,50,0.3001417815685272,drift
wsc,transformer.encoder.block.8.layer.0.SelfAttention.v,50,0.29103243350982666,tot
wsc,transformer.encoder.block.8.layer.0.SelfAttention.v,50,-0.07559475302696228,$\delta_\text{gsc}$
wsc,transformer.encoder.block.8.layer.0.SelfAttention.v,50,-0.05707404017448425,$\delta_\text{ssc}$
wsc,transformer.encoder.block.8.layer.0.SelfAttention.o,51,0.06703610718250275,cross
wsc,transformer.encoder.block.8.layer.0.SelfAttention.o,51,0.06173590570688248,corr
wsc,transformer.encoder.block.8.layer.0.SelfAttention.o,51,0.3105454742908478,drift
wsc,transformer.encoder.block.8.layer.0.SelfAttention.o,51,0.30280134081840515,tot
wsc,transformer.encoder.block.8.layer.0.SelfAttention.o,51,-0.07904653251171112,$\delta_\text{gsc}$
wsc,transformer.encoder.block.8.layer.0.SelfAttention.o,51,-0.05746960639953613,$\delta_\text{ssc}$
wsc,transformer.encoder.block.8.layer.1.DenseReluDense.wi,52,0.04597460478544235,cross
wsc,transformer.encoder.block.8.layer.1.DenseReluDense.wi,52,0.05112159252166748,corr
wsc,transformer.encoder.block.8.layer.1.DenseReluDense.wi,52,0.2593138515949249,drift
wsc,transformer.encoder.block.8.layer.1.DenseReluDense.wi,52,0.25574713945388794,tot
wsc,transformer.encoder.block.8.layer.1.DenseReluDense.wi,52,-0.06008484959602356,$\delta_\text{gsc}$
wsc,transformer.encoder.block.8.layer.1.DenseReluDense.wi,52,-0.04057806730270386,$\delta_\text{ssc}$
wsc,transformer.encoder.block.8.layer.1.DenseReluDense.wo,53,0.11866752058267593,cross
wsc,transformer.encoder.block.8.layer.1.DenseReluDense.wo,53,0.0926932841539383,corr
wsc,transformer.encoder.block.8.layer.1.DenseReluDense.wo,53,0.40009644627571106,drift
wsc,transformer.encoder.block.8.layer.1.DenseReluDense.wo,53,0.394484281539917,tot
wsc,transformer.encoder.block.8.layer.1.DenseReluDense.wo,53,-0.13250404596328735,$\delta_\text{gsc}$
wsc,transformer.encoder.block.8.layer.1.DenseReluDense.wo,53,-0.08446893095970154,$\delta_\text{ssc}$
wsc,transformer.encoder.block.9.layer.0.SelfAttention.q,54,,cross
wsc,transformer.encoder.block.9.layer.0.SelfAttention.q,54,,corr
wsc,transformer.encoder.block.9.layer.0.SelfAttention.q,54,,drift
wsc,transformer.encoder.block.9.layer.0.SelfAttention.q,54,,tot
wsc,transformer.encoder.block.9.layer.0.SelfAttention.q,54,,$\delta_\text{gsc}$
wsc,transformer.encoder.block.9.layer.0.SelfAttention.q,54,,$\delta_\text{ssc}$
wsc,transformer.encoder.block.9.layer.0.SelfAttention.k,55,,cross
wsc,transformer.encoder.block.9.layer.0.SelfAttention.k,55,,corr
wsc,transformer.encoder.block.9.layer.0.SelfAttention.k,55,,drift
wsc,transformer.encoder.block.9.layer.0.SelfAttention.k,55,,tot
wsc,transformer.encoder.block.9.layer.0.SelfAttention.k,55,,$\delta_\text{gsc}$
wsc,transformer.encoder.block.9.layer.0.SelfAttention.k,55,,$\delta_\text{ssc}$
wsc,transformer.encoder.block.9.layer.0.SelfAttention.v,56,0.06274329125881195,cross
wsc,transformer.encoder.block.9.layer.0.SelfAttention.v,56,0.06022641807794571,corr
wsc,transformer.encoder.block.9.layer.0.SelfAttention.v,56,0.3032129108905792,drift
wsc,transformer.encoder.block.9.layer.0.SelfAttention.v,56,0.29573965072631836,tot
wsc,transformer.encoder.block.9.layer.0.SelfAttention.v,56,-0.07578970491886139,$\delta_\text{gsc}$
wsc,transformer.encoder.block.9.layer.0.SelfAttention.v,56,-0.05465325713157654,$\delta_\text{ssc}$
wsc,transformer.encoder.block.9.layer.0.SelfAttention.o,57,0.07959087938070297,cross
wsc,transformer.encoder.block.9.layer.0.SelfAttention.o,57,0.06237690523266792,corr
wsc,transformer.encoder.block.9.layer.0.SelfAttention.o,57,0.3109597861766815,drift
wsc,transformer.encoder.block.9.layer.0.SelfAttention.o,57,0.3018456697463989,tot
wsc,transformer.encoder.block.9.layer.0.SelfAttention.o,57,-0.0960913598537445,$\delta_\text{gsc}$
wsc,transformer.encoder.block.9.layer.0.SelfAttention.o,57,-0.054990559816360474,$\delta_\text{ssc}$
wsc,transformer.encoder.block.9.layer.1.DenseReluDense.wi,58,0.06297315657138824,cross
wsc,transformer.encoder.block.9.layer.1.DenseReluDense.wi,58,0.058924321085214615,corr
wsc,transformer.encoder.block.9.layer.1.DenseReluDense.wi,58,0.27283740043640137,drift
wsc,transformer.encoder.block.9.layer.1.DenseReluDense.wi,58,0.2669961154460907,tot
wsc,transformer.encoder.block.9.layer.1.DenseReluDense.wi,58,-0.08439461886882782,$\delta_\text{gsc}$
wsc,transformer.encoder.block.9.layer.1.DenseReluDense.wi,58,-0.04334414005279541,$\delta_\text{ssc}$
wsc,transformer.encoder.block.9.layer.1.DenseReluDense.wo,59,0.14523862302303314,cross
wsc,transformer.encoder.block.9.layer.1.DenseReluDense.wo,59,0.1078181117773056,corr
wsc,transformer.encoder.block.9.layer.1.DenseReluDense.wo,59,0.4288705885410309,drift
wsc,transformer.encoder.block.9.layer.1.DenseReluDense.wo,59,0.42766258120536804,tot
wsc,transformer.encoder.block.9.layer.1.DenseReluDense.wo,59,-0.16267123818397522,$\delta_\text{gsc}$
wsc,transformer.encoder.block.9.layer.1.DenseReluDense.wo,59,-0.09159347414970398,$\delta_\text{ssc}$
wsc,transformer.encoder.block.10.layer.0.SelfAttention.q,60,,cross
wsc,transformer.encoder.block.10.layer.0.SelfAttention.q,60,,corr
wsc,transformer.encoder.block.10.layer.0.SelfAttention.q,60,,drift
wsc,transformer.encoder.block.10.layer.0.SelfAttention.q,60,,tot
wsc,transformer.encoder.block.10.layer.0.SelfAttention.q,60,,$\delta_\text{gsc}$
wsc,transformer.encoder.block.10.layer.0.SelfAttention.q,60,,$\delta_\text{ssc}$
wsc,transformer.encoder.block.10.layer.0.SelfAttention.k,61,,cross
wsc,transformer.encoder.block.10.layer.0.SelfAttention.k,61,,corr
wsc,transformer.encoder.block.10.layer.0.SelfAttention.k,61,,drift
wsc,transformer.encoder.block.10.layer.0.SelfAttention.k,61,,tot
wsc,transformer.encoder.block.10.layer.0.SelfAttention.k,61,,$\delta_\text{gsc}$
wsc,transformer.encoder.block.10.layer.0.SelfAttention.k,61,,$\delta_\text{ssc}$
wsc,transformer.encoder.block.10.layer.0.SelfAttention.v,62,0.06369421631097794,cross
wsc,transformer.encoder.block.10.layer.0.SelfAttention.v,62,0.062260743230581284,corr
wsc,transformer.encoder.block.10.layer.0.SelfAttention.v,62,0.32163605093955994,drift
wsc,transformer.encoder.block.10.layer.0.SelfAttention.v,62,0.31485262513160706,tot
wsc,transformer.encoder.block.10.layer.0.SelfAttention.v,62,-0.07649827003479004,$\delta_\text{gsc}$
wsc,transformer.encoder.block.10.layer.0.SelfAttention.v,62,-0.05624011158943176,$\delta_\text{ssc}$
wsc,transformer.encoder.block.10.layer.0.SelfAttention.o,63,0.08783183991909027,cross
wsc,transformer.encoder.block.10.layer.0.SelfAttention.o,63,0.06919988989830017,corr
wsc,transformer.encoder.block.10.layer.0.SelfAttention.o,63,0.32951781153678894,drift
wsc,transformer.encoder.block.10.layer.0.SelfAttention.o,63,0.32152852416038513,tot
wsc,transformer.encoder.block.10.layer.0.SelfAttention.o,63,-0.10446102917194366,$\delta_\text{gsc}$
wsc,transformer.encoder.block.10.layer.0.SelfAttention.o,63,-0.060559988021850586,$\delta_\text{ssc}$
wsc,transformer.encoder.block.10.layer.1.DenseReluDense.wi,64,0.09770877659320831,cross
wsc,transformer.encoder.block.10.layer.1.DenseReluDense.wi,64,0.09417413920164108,corr
wsc,transformer.encoder.block.10.layer.1.DenseReluDense.wi,64,0.2957040071487427,drift
wsc,transformer.encoder.block.10.layer.1.DenseReluDense.wi,64,0.29133257269859314,tot
wsc,transformer.encoder.block.10.layer.1.DenseReluDense.wi,64,-0.12078814208507538,$\delta_\text{gsc}$
wsc,transformer.encoder.block.10.layer.1.DenseReluDense.wi,64,-0.07546621561050415,$\delta_\text{ssc}$
wsc,transformer.encoder.block.10.layer.1.DenseReluDense.wo,65,0.13850794732570648,cross
wsc,transformer.encoder.block.10.layer.1.DenseReluDense.wo,65,0.10408560931682587,corr
wsc,transformer.encoder.block.10.layer.1.DenseReluDense.wo,65,0.36775916814804077,drift
wsc,transformer.encoder.block.10.layer.1.DenseReluDense.wo,65,0.35550782084465027,tot
wsc,transformer.encoder.block.10.layer.1.DenseReluDense.wo,65,-0.15451766550540924,$\delta_\text{gsc}$
wsc,transformer.encoder.block.10.layer.1.DenseReluDense.wo,65,-0.1003272533416748,$\delta_\text{ssc}$
wsc,transformer.encoder.block.11.layer.0.SelfAttention.q,66,,cross
wsc,transformer.encoder.block.11.layer.0.SelfAttention.q,66,,corr
wsc,transformer.encoder.block.11.layer.0.SelfAttention.q,66,,drift
wsc,transformer.encoder.block.11.layer.0.SelfAttention.q,66,,tot
wsc,transformer.encoder.block.11.layer.0.SelfAttention.q,66,,$\delta_\text{gsc}$
wsc,transformer.encoder.block.11.layer.0.SelfAttention.q,66,,$\delta_\text{ssc}$
wsc,transformer.encoder.block.11.layer.0.SelfAttention.k,67,,cross
wsc,transformer.encoder.block.11.layer.0.SelfAttention.k,67,,corr
wsc,transformer.encoder.block.11.layer.0.SelfAttention.k,67,,drift
wsc,transformer.encoder.block.11.layer.0.SelfAttention.k,67,,tot
wsc,transformer.encoder.block.11.layer.0.SelfAttention.k,67,,$\delta_\text{gsc}$
wsc,transformer.encoder.block.11.layer.0.SelfAttention.k,67,,$\delta_\text{ssc}$
wsc,transformer.encoder.block.11.layer.0.SelfAttention.v,68,0.07011908292770386,cross
wsc,transformer.encoder.block.11.layer.0.SelfAttention.v,68,0.06656526029109955,corr
wsc,transformer.encoder.block.11.layer.0.SelfAttention.v,68,0.32729434967041016,drift
wsc,transformer.encoder.block.11.layer.0.SelfAttention.v,68,0.31898170709609985,tot
wsc,transformer.encoder.block.11.layer.0.SelfAttention.v,68,-0.08278176188468933,$\delta_\text{gsc}$
wsc,transformer.encoder.block.11.layer.0.SelfAttention.v,68,-0.062215209007263184,$\delta_\text{ssc}$
wsc,transformer.encoder.block.11.layer.0.SelfAttention.o,69,0.07969839125871658,cross
wsc,transformer.encoder.block.11.layer.0.SelfAttention.o,69,0.06685170531272888,corr
wsc,transformer.encoder.block.11.layer.0.SelfAttention.o,69,0.3162108361721039,drift
wsc,transformer.encoder.block.11.layer.0.SelfAttention.o,69,0.3094695508480072,tot
wsc,transformer.encoder.block.11.layer.0.SelfAttention.o,69,-0.09253555536270142,$\delta_\text{gsc}$
wsc,transformer.encoder.block.11.layer.0.SelfAttention.o,69,-0.06075581908226013,$\delta_\text{ssc}$
wsc,transformer.encoder.block.11.layer.1.DenseReluDense.wi,70,0.1062118411064148,cross
wsc,transformer.encoder.block.11.layer.1.DenseReluDense.wi,70,0.10299178212881088,corr
wsc,transformer.encoder.block.11.layer.1.DenseReluDense.wi,70,0.31974509358406067,drift
wsc,transformer.encoder.block.11.layer.1.DenseReluDense.wi,70,0.3134694993495941,tot
wsc,transformer.encoder.block.11.layer.1.DenseReluDense.wi,70,-0.12350749969482422,$\delta_\text{gsc}$
wsc,transformer.encoder.block.11.layer.1.DenseReluDense.wi,70,-0.09197172522544861,$\delta_\text{ssc}$
wsc,transformer.encoder.block.11.layer.1.DenseReluDense.wo,71,0.2105024755001068,cross
wsc,transformer.encoder.block.11.layer.1.DenseReluDense.wo,71,0.06825746595859528,corr
wsc,transformer.encoder.block.11.layer.1.DenseReluDense.wo,71,0.4867601692676544,drift
wsc,transformer.encoder.block.11.layer.1.DenseReluDense.wo,71,0.4511224925518036,tot
wsc,transformer.encoder.block.11.layer.1.DenseReluDense.wo,71,-0.2469484806060791,$\delta_\text{gsc}$
wsc,transformer.encoder.block.11.layer.1.DenseReluDense.wo,71,-0.06744912266731262,$\delta_\text{ssc}$
wsc,transformer.decoder.block.0.layer.0.SelfAttention.q,72,,cross
wsc,transformer.decoder.block.0.layer.0.SelfAttention.q,72,,corr
wsc,transformer.decoder.block.0.layer.0.SelfAttention.q,72,,drift
wsc,transformer.decoder.block.0.layer.0.SelfAttention.q,72,,tot
wsc,transformer.decoder.block.0.layer.0.SelfAttention.q,72,,$\delta_\text{gsc}$
wsc,transformer.decoder.block.0.layer.0.SelfAttention.q,72,,$\delta_\text{ssc}$
wsc,transformer.decoder.block.0.layer.0.SelfAttention.k,73,,cross
wsc,transformer.decoder.block.0.layer.0.SelfAttention.k,73,,corr
wsc,transformer.decoder.block.0.layer.0.SelfAttention.k,73,,drift
wsc,transformer.decoder.block.0.layer.0.SelfAttention.k,73,,tot
wsc,transformer.decoder.block.0.layer.0.SelfAttention.k,73,,$\delta_\text{gsc}$
wsc,transformer.decoder.block.0.layer.0.SelfAttention.k,73,,$\delta_\text{ssc}$
wsc,transformer.decoder.block.0.layer.0.SelfAttention.v,74,0.03048481047153473,cross
wsc,transformer.decoder.block.0.layer.0.SelfAttention.v,74,0.042975593358278275,corr
wsc,transformer.decoder.block.0.layer.0.SelfAttention.v,74,0.039978139102458954,drift
wsc,transformer.decoder.block.0.layer.0.SelfAttention.v,74,0.016902238130569458,tot
wsc,transformer.decoder.block.0.layer.0.SelfAttention.v,74,-0.04226698726415634,$\delta_\text{gsc}$
wsc,transformer.decoder.block.0.layer.0.SelfAttention.v,74,-0.054269321262836456,$\delta_\text{ssc}$
wsc,transformer.decoder.block.0.layer.0.SelfAttention.o,75,0.031230079010128975,cross
wsc,transformer.decoder.block.0.layer.0.SelfAttention.o,75,0.04655544087290764,corr
wsc,transformer.decoder.block.0.layer.0.SelfAttention.o,75,0.03588458523154259,drift
wsc,transformer.decoder.block.0.layer.0.SelfAttention.o,75,0.03410627692937851,tot
wsc,transformer.decoder.block.0.layer.0.SelfAttention.o,75,-0.0536496564745903,$\delta_\text{gsc}$
wsc,transformer.decoder.block.0.layer.0.SelfAttention.o,75,-0.02591417357325554,$\delta_\text{ssc}$
wsc,transformer.decoder.block.0.layer.1.EncDecAttention.q,76,,cross
wsc,transformer.decoder.block.0.layer.1.EncDecAttention.q,76,,corr
wsc,transformer.decoder.block.0.layer.1.EncDecAttention.q,76,,drift
wsc,transformer.decoder.block.0.layer.1.EncDecAttention.q,76,,tot
wsc,transformer.decoder.block.0.layer.1.EncDecAttention.q,76,,$\delta_\text{gsc}$
wsc,transformer.decoder.block.0.layer.1.EncDecAttention.q,76,,$\delta_\text{ssc}$
wsc,transformer.decoder.block.0.layer.1.EncDecAttention.k,77,,cross
wsc,transformer.decoder.block.0.layer.1.EncDecAttention.k,77,,corr
wsc,transformer.decoder.block.0.layer.1.EncDecAttention.k,77,,drift
wsc,transformer.decoder.block.0.layer.1.EncDecAttention.k,77,,tot
wsc,transformer.decoder.block.0.layer.1.EncDecAttention.k,77,,$\delta_\text{gsc}$
wsc,transformer.decoder.block.0.layer.1.EncDecAttention.k,77,,$\delta_\text{ssc}$
wsc,transformer.decoder.block.0.layer.1.EncDecAttention.v,78,0.2506261467933655,cross
wsc,transformer.decoder.block.0.layer.1.EncDecAttention.v,78,0.32382434606552124,corr
wsc,transformer.decoder.block.0.layer.1.EncDecAttention.v,78,0.3370944857597351,drift
wsc,transformer.decoder.block.0.layer.1.EncDecAttention.v,78,0.3562811613082886,tot
wsc,transformer.decoder.block.0.layer.1.EncDecAttention.v,78,-0.3171001076698303,$\delta_\text{gsc}$
wsc,transformer.decoder.block.0.layer.1.EncDecAttention.v,78,-0.23816370964050293,$\delta_\text{ssc}$
wsc,transformer.decoder.block.0.layer.1.EncDecAttention.o,79,0.17031054198741913,cross
wsc,transformer.decoder.block.0.layer.1.EncDecAttention.o,79,0.19899560511112213,corr
wsc,transformer.decoder.block.0.layer.1.EncDecAttention.o,79,0.32361552119255066,drift
wsc,transformer.decoder.block.0.layer.1.EncDecAttention.o,79,0.3275145888328552,tot
wsc,transformer.decoder.block.0.layer.1.EncDecAttention.o,79,-0.21014423668384552,$\delta_\text{gsc}$
wsc,transformer.decoder.block.0.layer.1.EncDecAttention.o,79,-0.15526284277439117,$\delta_\text{ssc}$
wsc,transformer.decoder.block.0.layer.2.DenseReluDense.wi,80,0.03112511709332466,cross
wsc,transformer.decoder.block.0.layer.2.DenseReluDense.wi,80,0.14820151031017303,corr
wsc,transformer.decoder.block.0.layer.2.DenseReluDense.wi,80,0.19862383604049683,drift
wsc,transformer.decoder.block.0.layer.2.DenseReluDense.wi,80,0.2541980743408203,tot
wsc,transformer.decoder.block.0.layer.2.DenseReluDense.wi,80,-0.04713486135005951,$\delta_\text{gsc}$
wsc,transformer.decoder.block.0.layer.2.DenseReluDense.wi,80,-0.0766175240278244,$\delta_\text{ssc}$
wsc,transformer.decoder.block.0.layer.2.DenseReluDense.wo,81,0.05511871352791786,cross
wsc,transformer.decoder.block.0.layer.2.DenseReluDense.wo,81,0.09537506103515625,corr
wsc,transformer.decoder.block.0.layer.2.DenseReluDense.wo,81,0.40012145042419434,drift
wsc,transformer.decoder.block.0.layer.2.DenseReluDense.wo,81,0.42003771662712097,tot
wsc,transformer.decoder.block.0.layer.2.DenseReluDense.wo,81,-0.061065733432769775,$\delta_\text{gsc}$
wsc,transformer.decoder.block.0.layer.2.DenseReluDense.wo,81,-0.0695117712020874,$\delta_\text{ssc}$
wsc,transformer.decoder.block.1.layer.0.SelfAttention.q,82,,cross
wsc,transformer.decoder.block.1.layer.0.SelfAttention.q,82,,corr
wsc,transformer.decoder.block.1.layer.0.SelfAttention.q,82,,drift
wsc,transformer.decoder.block.1.layer.0.SelfAttention.q,82,,tot
wsc,transformer.decoder.block.1.layer.0.SelfAttention.q,82,,$\delta_\text{gsc}$
wsc,transformer.decoder.block.1.layer.0.SelfAttention.q,82,,$\delta_\text{ssc}$
wsc,transformer.decoder.block.1.layer.0.SelfAttention.k,83,,cross
wsc,transformer.decoder.block.1.layer.0.SelfAttention.k,83,,corr
wsc,transformer.decoder.block.1.layer.0.SelfAttention.k,83,,drift
wsc,transformer.decoder.block.1.layer.0.SelfAttention.k,83,,tot
wsc,transformer.decoder.block.1.layer.0.SelfAttention.k,83,,$\delta_\text{gsc}$
wsc,transformer.decoder.block.1.layer.0.SelfAttention.k,83,,$\delta_\text{ssc}$
wsc,transformer.decoder.block.1.layer.0.SelfAttention.v,84,0.06574729084968567,cross
wsc,transformer.decoder.block.1.layer.0.SelfAttention.v,84,0.12038702517747879,corr
wsc,transformer.decoder.block.1.layer.0.SelfAttention.v,84,0.34954121708869934,drift
wsc,transformer.decoder.block.1.layer.0.SelfAttention.v,84,0.39314278960227966,tot
wsc,transformer.decoder.block.1.layer.0.SelfAttention.v,84,-0.09590411186218262,$\delta_\text{gsc}$
wsc,transformer.decoder.block.1.layer.0.SelfAttention.v,84,-0.04662862420082092,$\delta_\text{ssc}$
wsc,transformer.decoder.block.1.layer.0.SelfAttention.o,85,0.10222718864679337,cross
wsc,transformer.decoder.block.1.layer.0.SelfAttention.o,85,0.17754119634628296,corr
wsc,transformer.decoder.block.1.layer.0.SelfAttention.o,85,0.3025418817996979,drift
wsc,transformer.decoder.block.1.layer.0.SelfAttention.o,85,0.376148521900177,tot
wsc,transformer.decoder.block.1.layer.0.SelfAttention.o,85,-0.1377238929271698,$\delta_\text{gsc}$
wsc,transformer.decoder.block.1.layer.0.SelfAttention.o,85,-0.0684378445148468,$\delta_\text{ssc}$
wsc,transformer.decoder.block.1.layer.1.EncDecAttention.q,86,,cross
wsc,transformer.decoder.block.1.layer.1.EncDecAttention.q,86,,corr
wsc,transformer.decoder.block.1.layer.1.EncDecAttention.q,86,,drift
wsc,transformer.decoder.block.1.layer.1.EncDecAttention.q,86,,tot
wsc,transformer.decoder.block.1.layer.1.EncDecAttention.q,86,,$\delta_\text{gsc}$
wsc,transformer.decoder.block.1.layer.1.EncDecAttention.q,86,,$\delta_\text{ssc}$
wsc,transformer.decoder.block.1.layer.1.EncDecAttention.k,87,,cross
wsc,transformer.decoder.block.1.layer.1.EncDecAttention.k,87,,corr
wsc,transformer.decoder.block.1.layer.1.EncDecAttention.k,87,,drift
wsc,transformer.decoder.block.1.layer.1.EncDecAttention.k,87,,tot
wsc,transformer.decoder.block.1.layer.1.EncDecAttention.k,87,,$\delta_\text{gsc}$
wsc,transformer.decoder.block.1.layer.1.EncDecAttention.k,87,,$\delta_\text{ssc}$
wsc,transformer.decoder.block.1.layer.1.EncDecAttention.v,88,0.2376367151737213,cross
wsc,transformer.decoder.block.1.layer.1.EncDecAttention.v,88,0.2840246558189392,corr
wsc,transformer.decoder.block.1.layer.1.EncDecAttention.v,88,0.33768102526664734,drift
wsc,transformer.decoder.block.1.layer.1.EncDecAttention.v,88,0.344215452671051,tot
wsc,transformer.decoder.block.1.layer.1.EncDecAttention.v,88,-0.30013740062713623,$\delta_\text{gsc}$
wsc,transformer.decoder.block.1.layer.1.EncDecAttention.v,88,-0.2149895429611206,$\delta_\text{ssc}$
wsc,transformer.decoder.block.1.layer.1.EncDecAttention.o,89,0.16694067418575287,cross
wsc,transformer.decoder.block.1.layer.1.EncDecAttention.o,89,0.17347680032253265,corr
wsc,transformer.decoder.block.1.layer.1.EncDecAttention.o,89,0.3238239586353302,drift
wsc,transformer.decoder.block.1.layer.1.EncDecAttention.o,89,0.31745147705078125,tot
wsc,transformer.decoder.block.1.layer.1.EncDecAttention.o,89,-0.20651789009571075,$\delta_\text{gsc}$
wsc,transformer.decoder.block.1.layer.1.EncDecAttention.o,89,-0.14027206599712372,$\delta_\text{ssc}$
wsc,transformer.decoder.block.1.layer.2.DenseReluDense.wi,90,0.03319777175784111,cross
wsc,transformer.decoder.block.1.layer.2.DenseReluDense.wi,90,0.11224135011434555,corr
wsc,transformer.decoder.block.1.layer.2.DenseReluDense.wi,90,0.33442965149879456,drift
wsc,transformer.decoder.block.1.layer.2.DenseReluDense.wi,90,0.38977277278900146,tot
wsc,transformer.decoder.block.1.layer.2.DenseReluDense.wi,90,-0.04813748598098755,$\delta_\text{gsc}$
wsc,transformer.decoder.block.1.layer.2.DenseReluDense.wi,90,-0.041958510875701904,$\delta_\text{ssc}$
wsc,transformer.decoder.block.1.layer.2.DenseReluDense.wo,91,0.07831373065710068,cross
wsc,transformer.decoder.block.1.layer.2.DenseReluDense.wo,91,0.10184141248464584,corr
wsc,transformer.decoder.block.1.layer.2.DenseReluDense.wo,91,0.4307335615158081,drift
wsc,transformer.decoder.block.1.layer.2.DenseReluDense.wo,91,0.4385135769844055,tot
wsc,transformer.decoder.block.1.layer.2.DenseReluDense.wo,91,-0.08539319038391113,$\delta_\text{gsc}$
wsc,transformer.decoder.block.1.layer.2.DenseReluDense.wo,91,-0.08698195219039917,$\delta_\text{ssc}$
wsc,transformer.decoder.block.2.layer.0.SelfAttention.q,92,,cross
wsc,transformer.decoder.block.2.layer.0.SelfAttention.q,92,,corr
wsc,transformer.decoder.block.2.layer.0.SelfAttention.q,92,,drift
wsc,transformer.decoder.block.2.layer.0.SelfAttention.q,92,,tot
wsc,transformer.decoder.block.2.layer.0.SelfAttention.q,92,,$\delta_\text{gsc}$
wsc,transformer.decoder.block.2.layer.0.SelfAttention.q,92,,$\delta_\text{ssc}$
wsc,transformer.decoder.block.2.layer.0.SelfAttention.k,93,,cross
wsc,transformer.decoder.block.2.layer.0.SelfAttention.k,93,,corr
wsc,transformer.decoder.block.2.layer.0.SelfAttention.k,93,,drift
wsc,transformer.decoder.block.2.layer.0.SelfAttention.k,93,,tot
wsc,transformer.decoder.block.2.layer.0.SelfAttention.k,93,,$\delta_\text{gsc}$
wsc,transformer.decoder.block.2.layer.0.SelfAttention.k,93,,$\delta_\text{ssc}$
wsc,transformer.decoder.block.2.layer.0.SelfAttention.v,94,0.04331466928124428,cross
wsc,transformer.decoder.block.2.layer.0.SelfAttention.v,94,0.09175385534763336,corr
wsc,transformer.decoder.block.2.layer.0.SelfAttention.v,94,0.4033637046813965,drift
wsc,transformer.decoder.block.2.layer.0.SelfAttention.v,94,0.43915361166000366,tot
wsc,transformer.decoder.block.2.layer.0.SelfAttention.v,94,-0.058514028787612915,$\delta_\text{gsc}$
wsc,transformer.decoder.block.2.layer.0.SelfAttention.v,94,-0.040764570236206055,$\delta_\text{ssc}$
wsc,transformer.decoder.block.2.layer.0.SelfAttention.o,95,0.14004388451576233,cross
wsc,transformer.decoder.block.2.layer.0.SelfAttention.o,95,0.29358211159706116,corr
wsc,transformer.decoder.block.2.layer.0.SelfAttention.o,95,0.2773969769477844,drift
wsc,transformer.decoder.block.2.layer.0.SelfAttention.o,95,0.44165652990341187,tot
wsc,transformer.decoder.block.2.layer.0.SelfAttention.o,95,-0.1683584749698639,$\delta_\text{gsc}$
wsc,transformer.decoder.block.2.layer.0.SelfAttention.o,95,-0.10100796818733215,$\delta_\text{ssc}$
wsc,transformer.decoder.block.2.layer.1.EncDecAttention.q,96,,cross
wsc,transformer.decoder.block.2.layer.1.EncDecAttention.q,96,,corr
wsc,transformer.decoder.block.2.layer.1.EncDecAttention.q,96,,drift
wsc,transformer.decoder.block.2.layer.1.EncDecAttention.q,96,,tot
wsc,transformer.decoder.block.2.layer.1.EncDecAttention.q,96,,$\delta_\text{gsc}$
wsc,transformer.decoder.block.2.layer.1.EncDecAttention.q,96,,$\delta_\text{ssc}$
wsc,transformer.decoder.block.2.layer.1.EncDecAttention.k,97,,cross
wsc,transformer.decoder.block.2.layer.1.EncDecAttention.k,97,,corr
wsc,transformer.decoder.block.2.layer.1.EncDecAttention.k,97,,drift
wsc,transformer.decoder.block.2.layer.1.EncDecAttention.k,97,,tot
wsc,transformer.decoder.block.2.layer.1.EncDecAttention.k,97,,$\delta_\text{gsc}$
wsc,transformer.decoder.block.2.layer.1.EncDecAttention.k,97,,$\delta_\text{ssc}$
wsc,transformer.decoder.block.2.layer.1.EncDecAttention.v,98,0.26257070899009705,cross
wsc,transformer.decoder.block.2.layer.1.EncDecAttention.v,98,0.321905255317688,corr
wsc,transformer.decoder.block.2.layer.1.EncDecAttention.v,98,0.3254118263721466,drift
wsc,transformer.decoder.block.2.layer.1.EncDecAttention.v,98,0.34366121888160706,tot
wsc,transformer.decoder.block.2.layer.1.EncDecAttention.v,98,-0.342096209526062,$\delta_\text{gsc}$
wsc,transformer.decoder.block.2.layer.1.EncDecAttention.v,98,-0.22413036227226257,$\delta_\text{ssc}$
wsc,transformer.decoder.block.2.layer.1.EncDecAttention.o,99,0.16750751435756683,cross
wsc,transformer.decoder.block.2.layer.1.EncDecAttention.o,99,0.18210487067699432,corr
wsc,transformer.decoder.block.2.layer.1.EncDecAttention.o,99,0.3256935775279999,drift
wsc,transformer.decoder.block.2.layer.1.EncDecAttention.o,99,0.3351426124572754,tot
wsc,transformer.decoder.block.2.layer.1.EncDecAttention.o,99,-0.20317624509334564,$\delta_\text{gsc}$
wsc,transformer.decoder.block.2.layer.1.EncDecAttention.o,99,-0.13698710501194,$\delta_\text{ssc}$
wsc,transformer.decoder.block.2.layer.2.DenseReluDense.wi,100,0.019430488348007202,cross
wsc,transformer.decoder.block.2.layer.2.DenseReluDense.wi,100,0.06918863207101822,corr
wsc,transformer.decoder.block.2.layer.2.DenseReluDense.wi,100,0.37863144278526306,drift
wsc,transformer.decoder.block.2.layer.2.DenseReluDense.wi,100,0.4115334451198578,tot
wsc,transformer.decoder.block.2.layer.2.DenseReluDense.wi,100,-0.02683919668197632,$\delta_\text{gsc}$
wsc,transformer.decoder.block.2.layer.2.DenseReluDense.wi,100,-0.02887791395187378,$\delta_\text{ssc}$
wsc,transformer.decoder.block.2.layer.2.DenseReluDense.wo,101,0.051130373030900955,cross
wsc,transformer.decoder.block.2.layer.2.DenseReluDense.wo,101,0.058280933648347855,corr
wsc,transformer.decoder.block.2.layer.2.DenseReluDense.wo,101,0.4999941289424896,drift
wsc,transformer.decoder.block.2.layer.2.DenseReluDense.wo,101,0.4999995529651642,tot
wsc,transformer.decoder.block.2.layer.2.DenseReluDense.wo,101,-0.05113041400909424,$\delta_\text{gsc}$
wsc,transformer.decoder.block.2.layer.2.DenseReluDense.wo,101,-0.0582754909992218,$\delta_\text{ssc}$
wsc,transformer.decoder.block.3.layer.0.SelfAttention.q,102,,cross
wsc,transformer.decoder.block.3.layer.0.SelfAttention.q,102,,corr
wsc,transformer.decoder.block.3.layer.0.SelfAttention.q,102,,drift
wsc,transformer.decoder.block.3.layer.0.SelfAttention.q,102,,tot
wsc,transformer.decoder.block.3.layer.0.SelfAttention.q,102,,$\delta_\text{gsc}$
wsc,transformer.decoder.block.3.layer.0.SelfAttention.q,102,,$\delta_\text{ssc}$
wsc,transformer.decoder.block.3.layer.0.SelfAttention.k,103,,cross
wsc,transformer.decoder.block.3.layer.0.SelfAttention.k,103,,corr
wsc,transformer.decoder.block.3.layer.0.SelfAttention.k,103,,drift
wsc,transformer.decoder.block.3.layer.0.SelfAttention.k,103,,tot
wsc,transformer.decoder.block.3.layer.0.SelfAttention.k,103,,$\delta_\text{gsc}$
wsc,transformer.decoder.block.3.layer.0.SelfAttention.k,103,,$\delta_\text{ssc}$
wsc,transformer.decoder.block.3.layer.0.SelfAttention.v,104,0.038699302822351456,cross
wsc,transformer.decoder.block.3.layer.0.SelfAttention.v,104,0.08044424653053284,corr
wsc,transformer.decoder.block.3.layer.0.SelfAttention.v,104,0.4399414360523224,drift
wsc,transformer.decoder.block.3.layer.0.SelfAttention.v,104,0.4688681364059448,tot
wsc,transformer.decoder.block.3.layer.0.SelfAttention.v,104,-0.04866671562194824,$\delta_\text{gsc}$
wsc,transformer.decoder.block.3.layer.0.SelfAttention.v,104,-0.041550129652023315,$\delta_\text{ssc}$
wsc,transformer.decoder.block.3.layer.0.SelfAttention.o,105,0.1318225860595703,cross
wsc,transformer.decoder.block.3.layer.0.SelfAttention.o,105,0.25948014855384827,corr
wsc,transformer.decoder.block.3.layer.0.SelfAttention.o,105,0.3126343786716461,drift
wsc,transformer.decoder.block.3.layer.0.SelfAttention.o,105,0.4649412930011749,tot
wsc,transformer.decoder.block.3.layer.0.SelfAttention.o,105,-0.14855444431304932,$\delta_\text{gsc}$
wsc,transformer.decoder.block.3.layer.0.SelfAttention.o,105,-0.09044137597084045,$\delta_\text{ssc}$
wsc,transformer.decoder.block.3.layer.1.EncDecAttention.q,106,,cross
wsc,transformer.decoder.block.3.layer.1.EncDecAttention.q,106,,corr
wsc,transformer.decoder.block.3.layer.1.EncDecAttention.q,106,,drift
wsc,transformer.decoder.block.3.layer.1.EncDecAttention.q,106,,tot
wsc,transformer.decoder.block.3.layer.1.EncDecAttention.q,106,,$\delta_\text{gsc}$
wsc,transformer.decoder.block.3.layer.1.EncDecAttention.q,106,,$\delta_\text{ssc}$
wsc,transformer.decoder.block.3.layer.1.EncDecAttention.k,107,,cross
wsc,transformer.decoder.block.3.layer.1.EncDecAttention.k,107,,corr
wsc,transformer.decoder.block.3.layer.1.EncDecAttention.k,107,,drift
wsc,transformer.decoder.block.3.layer.1.EncDecAttention.k,107,,tot
wsc,transformer.decoder.block.3.layer.1.EncDecAttention.k,107,,$\delta_\text{gsc}$
wsc,transformer.decoder.block.3.layer.1.EncDecAttention.k,107,,$\delta_\text{ssc}$
wsc,transformer.decoder.block.3.layer.1.EncDecAttention.v,108,0.27684134244918823,cross
wsc,transformer.decoder.block.3.layer.1.EncDecAttention.v,108,0.33814600110054016,corr
wsc,transformer.decoder.block.3.layer.1.EncDecAttention.v,108,0.32638025283813477,drift
wsc,transformer.decoder.block.3.layer.1.EncDecAttention.v,108,0.3436163663864136,tot
wsc,transformer.decoder.block.3.layer.1.EncDecAttention.v,108,-0.36298027634620667,$\delta_\text{gsc}$
wsc,transformer.decoder.block.3.layer.1.EncDecAttention.v,108,-0.23477095365524292,$\delta_\text{ssc}$
wsc,transformer.decoder.block.3.layer.1.EncDecAttention.o,109,0.15451712906360626,cross
wsc,transformer.decoder.block.3.layer.1.EncDecAttention.o,109,0.16487684845924377,corr
wsc,transformer.decoder.block.3.layer.1.EncDecAttention.o,109,0.28989163041114807,drift
wsc,transformer.decoder.block.3.layer.1.EncDecAttention.o,109,0.30301550030708313,tot
wsc,transformer.decoder.block.3.layer.1.EncDecAttention.o,109,-0.19326649606227875,$\delta_\text{gsc}$
wsc,transformer.decoder.block.3.layer.1.EncDecAttention.o,109,-0.11300361156463623,$\delta_\text{ssc}$
wsc,transformer.decoder.block.3.layer.2.DenseReluDense.wi,110,0.016992438584566116,cross
wsc,transformer.decoder.block.3.layer.2.DenseReluDense.wi,110,0.07339491695165634,corr
wsc,transformer.decoder.block.3.layer.2.DenseReluDense.wi,110,0.4115689992904663,drift
wsc,transformer.decoder.block.3.layer.2.DenseReluDense.wi,110,0.4450499415397644,tot
wsc,transformer.decoder.block.3.layer.2.DenseReluDense.wi,110,-0.022670865058898926,$\delta_\text{gsc}$
wsc,transformer.decoder.block.3.layer.2.DenseReluDense.wi,110,-0.03423556685447693,$\delta_\text{ssc}$
wsc,transformer.decoder.block.3.layer.2.DenseReluDense.wo,111,0.10736646503210068,cross
wsc,transformer.decoder.block.3.layer.2.DenseReluDense.wo,111,0.15454770624637604,corr
wsc,transformer.decoder.block.3.layer.2.DenseReluDense.wo,111,0.4954942762851715,drift
wsc,transformer.decoder.block.3.layer.2.DenseReluDense.wo,111,0.49787387251853943,tot
wsc,transformer.decoder.block.3.layer.2.DenseReluDense.wo,111,-0.10838106274604797,$\delta_\text{gsc}$
wsc,transformer.decoder.block.3.layer.2.DenseReluDense.wo,111,-0.1511535346508026,$\delta_\text{ssc}$
wsc,transformer.decoder.block.4.layer.0.SelfAttention.q,112,,cross
wsc,transformer.decoder.block.4.layer.0.SelfAttention.q,112,,corr
wsc,transformer.decoder.block.4.layer.0.SelfAttention.q,112,,drift
wsc,transformer.decoder.block.4.layer.0.SelfAttention.q,112,,tot
wsc,transformer.decoder.block.4.layer.0.SelfAttention.q,112,,$\delta_\text{gsc}$
wsc,transformer.decoder.block.4.layer.0.SelfAttention.q,112,,$\delta_\text{ssc}$
wsc,transformer.decoder.block.4.layer.0.SelfAttention.k,113,,cross
wsc,transformer.decoder.block.4.layer.0.SelfAttention.k,113,,corr
wsc,transformer.decoder.block.4.layer.0.SelfAttention.k,113,,drift
wsc,transformer.decoder.block.4.layer.0.SelfAttention.k,113,,tot
wsc,transformer.decoder.block.4.layer.0.SelfAttention.k,113,,$\delta_\text{gsc}$
wsc,transformer.decoder.block.4.layer.0.SelfAttention.k,113,,$\delta_\text{ssc}$
wsc,transformer.decoder.block.4.layer.0.SelfAttention.v,114,0.048404328525066376,cross
wsc,transformer.decoder.block.4.layer.0.SelfAttention.v,114,0.09745189547538757,corr
wsc,transformer.decoder.block.4.layer.0.SelfAttention.v,114,0.44860225915908813,drift
wsc,transformer.decoder.block.4.layer.0.SelfAttention.v,114,0.4824278950691223,tot
wsc,transformer.decoder.block.4.layer.0.SelfAttention.v,114,-0.05664202570915222,$\delta_\text{gsc}$
wsc,transformer.decoder.block.4.layer.0.SelfAttention.v,114,-0.055388569831848145,$\delta_\text{ssc}$
wsc,transformer.decoder.block.4.layer.0.SelfAttention.o,115,0.13829323649406433,cross
wsc,transformer.decoder.block.4.layer.0.SelfAttention.o,115,0.2695179581642151,corr
wsc,transformer.decoder.block.4.layer.0.SelfAttention.o,115,0.28926876187324524,drift
wsc,transformer.decoder.block.4.layer.0.SelfAttention.o,115,0.44877099990844727,tot
wsc,transformer.decoder.block.4.layer.0.SelfAttention.o,115,-0.15807762742042542,$\delta_\text{gsc}$
wsc,transformer.decoder.block.4.layer.0.SelfAttention.o,115,-0.09023132920265198,$\delta_\text{ssc}$
wsc,transformer.decoder.block.4.layer.1.EncDecAttention.q,116,,cross
wsc,transformer.decoder.block.4.layer.1.EncDecAttention.q,116,,corr
wsc,transformer.decoder.block.4.layer.1.EncDecAttention.q,116,,drift
wsc,transformer.decoder.block.4.layer.1.EncDecAttention.q,116,,tot
wsc,transformer.decoder.block.4.layer.1.EncDecAttention.q,116,,$\delta_\text{gsc}$
wsc,transformer.decoder.block.4.layer.1.EncDecAttention.q,116,,$\delta_\text{ssc}$
wsc,transformer.decoder.block.4.layer.1.EncDecAttention.k,117,,cross
wsc,transformer.decoder.block.4.layer.1.EncDecAttention.k,117,,corr
wsc,transformer.decoder.block.4.layer.1.EncDecAttention.k,117,,drift
wsc,transformer.decoder.block.4.layer.1.EncDecAttention.k,117,,tot
wsc,transformer.decoder.block.4.layer.1.EncDecAttention.k,117,,$\delta_\text{gsc}$
wsc,transformer.decoder.block.4.layer.1.EncDecAttention.k,117,,$\delta_\text{ssc}$
wsc,transformer.decoder.block.4.layer.1.EncDecAttention.v,118,0.2650759518146515,cross
wsc,transformer.decoder.block.4.layer.1.EncDecAttention.v,118,0.32609954476356506,corr
wsc,transformer.decoder.block.4.layer.1.EncDecAttention.v,118,0.328533798456192,drift
wsc,transformer.decoder.block.4.layer.1.EncDecAttention.v,118,0.34570956230163574,tot
wsc,transformer.decoder.block.4.layer.1.EncDecAttention.v,118,-0.3430826961994171,$\delta_\text{gsc}$
wsc,transformer.decoder.block.4.layer.1.EncDecAttention.v,118,-0.2309170365333557,$\delta_\text{ssc}$
wsc,transformer.decoder.block.4.layer.1.EncDecAttention.o,119,0.17543455958366394,cross
wsc,transformer.decoder.block.4.layer.1.EncDecAttention.o,119,0.19322922825813293,corr
wsc,transformer.decoder.block.4.layer.1.EncDecAttention.o,119,0.2964986264705658,drift
wsc,transformer.decoder.block.4.layer.1.EncDecAttention.o,119,0.31199511885643005,tot
wsc,transformer.decoder.block.4.layer.1.EncDecAttention.o,119,-0.22086837887763977,$\delta_\text{gsc}$
wsc,transformer.decoder.block.4.layer.1.EncDecAttention.o,119,-0.13229891657829285,$\delta_\text{ssc}$
wsc,transformer.decoder.block.4.layer.2.DenseReluDense.wi,120,0.02711344324052334,cross
wsc,transformer.decoder.block.4.layer.2.DenseReluDense.wi,120,0.15773533284664154,corr
wsc,transformer.decoder.block.4.layer.2.DenseReluDense.wi,120,0.38475921750068665,drift
wsc,transformer.decoder.block.4.layer.2.DenseReluDense.wi,120,0.4700927734375,tot
wsc,transformer.decoder.block.4.layer.2.DenseReluDense.wi,120,-0.03486168384552002,$\delta_\text{gsc}$
wsc,transformer.decoder.block.4.layer.2.DenseReluDense.wi,120,-0.06465354561805725,$\delta_\text{ssc}$
wsc,transformer.decoder.block.4.layer.2.DenseReluDense.wo,121,0.061546120792627335,cross
wsc,transformer.decoder.block.4.layer.2.DenseReluDense.wo,121,0.15029147267341614,corr
wsc,transformer.decoder.block.4.layer.2.DenseReluDense.wo,121,0.48735642433166504,drift
wsc,transformer.decoder.block.4.layer.2.DenseReluDense.wo,121,0.4999433159828186,tot
wsc,transformer.decoder.block.4.layer.2.DenseReluDense.wo,121,-0.06158339977264404,$\delta_\text{gsc}$
wsc,transformer.decoder.block.4.layer.2.DenseReluDense.wo,121,-0.13766729831695557,$\delta_\text{ssc}$
wsc,transformer.decoder.block.5.layer.0.SelfAttention.q,122,,cross
wsc,transformer.decoder.block.5.layer.0.SelfAttention.q,122,,corr
wsc,transformer.decoder.block.5.layer.0.SelfAttention.q,122,,drift
wsc,transformer.decoder.block.5.layer.0.SelfAttention.q,122,,tot
wsc,transformer.decoder.block.5.layer.0.SelfAttention.q,122,,$\delta_\text{gsc}$
wsc,transformer.decoder.block.5.layer.0.SelfAttention.q,122,,$\delta_\text{ssc}$
wsc,transformer.decoder.block.5.layer.0.SelfAttention.k,123,,cross
wsc,transformer.decoder.block.5.layer.0.SelfAttention.k,123,,corr
wsc,transformer.decoder.block.5.layer.0.SelfAttention.k,123,,drift
wsc,transformer.decoder.block.5.layer.0.SelfAttention.k,123,,tot
wsc,transformer.decoder.block.5.layer.0.SelfAttention.k,123,,$\delta_\text{gsc}$
wsc,transformer.decoder.block.5.layer.0.SelfAttention.k,123,,$\delta_\text{ssc}$
wsc,transformer.decoder.block.5.layer.0.SelfAttention.v,124,0.08447331935167313,cross
wsc,transformer.decoder.block.5.layer.0.SelfAttention.v,124,0.1704837530851364,corr
wsc,transformer.decoder.block.5.layer.0.SelfAttention.v,124,0.40145665407180786,drift
wsc,transformer.decoder.block.5.layer.0.SelfAttention.v,124,0.4803771376609802,tot
wsc,transformer.decoder.block.5.layer.0.SelfAttention.v,124,-0.09556928277015686,$\delta_\text{gsc}$
wsc,transformer.decoder.block.5.layer.0.SelfAttention.v,124,-0.08046728372573853,$\delta_\text{ssc}$
wsc,transformer.decoder.block.5.layer.0.SelfAttention.o,125,0.1807430535554886,cross
wsc,transformer.decoder.block.5.layer.0.SelfAttention.o,125,0.2822098731994629,corr
wsc,transformer.decoder.block.5.layer.0.SelfAttention.o,125,0.24621230363845825,drift
wsc,transformer.decoder.block.5.layer.0.SelfAttention.o,125,0.42309898138046265,tot
wsc,transformer.decoder.block.5.layer.0.SelfAttention.o,125,-0.19670729339122772,$\delta_\text{gsc}$
wsc,transformer.decoder.block.5.layer.0.SelfAttention.o,125,-0.08935895562171936,$\delta_\text{ssc}$
wsc,transformer.decoder.block.5.layer.1.EncDecAttention.q,126,,cross
wsc,transformer.decoder.block.5.layer.1.EncDecAttention.q,126,,corr
wsc,transformer.decoder.block.5.layer.1.EncDecAttention.q,126,,drift
wsc,transformer.decoder.block.5.layer.1.EncDecAttention.q,126,,tot
wsc,transformer.decoder.block.5.layer.1.EncDecAttention.q,126,,$\delta_\text{gsc}$
wsc,transformer.decoder.block.5.layer.1.EncDecAttention.q,126,,$\delta_\text{ssc}$
wsc,transformer.decoder.block.5.layer.1.EncDecAttention.k,127,,cross
wsc,transformer.decoder.block.5.layer.1.EncDecAttention.k,127,,corr
wsc,transformer.decoder.block.5.layer.1.EncDecAttention.k,127,,drift
wsc,transformer.decoder.block.5.layer.1.EncDecAttention.k,127,,tot
wsc,transformer.decoder.block.5.layer.1.EncDecAttention.k,127,,$\delta_\text{gsc}$
wsc,transformer.decoder.block.5.layer.1.EncDecAttention.k,127,,$\delta_\text{ssc}$
wsc,transformer.decoder.block.5.layer.1.EncDecAttention.v,128,0.2582646608352661,cross
wsc,transformer.decoder.block.5.layer.1.EncDecAttention.v,128,0.30060556530952454,corr
wsc,transformer.decoder.block.5.layer.1.EncDecAttention.v,128,0.32675230503082275,drift
wsc,transformer.decoder.block.5.layer.1.EncDecAttention.v,128,0.340985506772995,tot
wsc,transformer.decoder.block.5.layer.1.EncDecAttention.v,128,-0.33016109466552734,$\delta_\text{gsc}$
wsc,transformer.decoder.block.5.layer.1.EncDecAttention.v,128,-0.21447592973709106,$\delta_\text{ssc}$
wsc,transformer.decoder.block.5.layer.1.EncDecAttention.o,129,0.21773405373096466,cross
wsc,transformer.decoder.block.5.layer.1.EncDecAttention.o,129,0.2573229968547821,corr
wsc,transformer.decoder.block.5.layer.1.EncDecAttention.o,129,0.31193387508392334,drift
wsc,transformer.decoder.block.5.layer.1.EncDecAttention.o,129,0.3331461548805237,tot
wsc,transformer.decoder.block.5.layer.1.EncDecAttention.o,129,-0.27554160356521606,$\delta_\text{gsc}$
wsc,transformer.decoder.block.5.layer.1.EncDecAttention.o,129,-0.17830315232276917,$\delta_\text{ssc}$
wsc,transformer.decoder.block.5.layer.2.DenseReluDense.wi,130,0.031729113310575485,cross
wsc,transformer.decoder.block.5.layer.2.DenseReluDense.wi,130,0.21202115714550018,corr
wsc,transformer.decoder.block.5.layer.2.DenseReluDense.wi,130,0.37145698070526123,drift
wsc,transformer.decoder.block.5.layer.2.DenseReluDense.wi,130,0.4847325086593628,tot
wsc,transformer.decoder.block.5.layer.2.DenseReluDense.wi,130,-0.03757628798484802,$\delta_\text{gsc}$
wsc,transformer.decoder.block.5.layer.2.DenseReluDense.wi,130,-0.092898428440094,$\delta_\text{ssc}$
wsc,transformer.decoder.block.5.layer.2.DenseReluDense.wo,131,0.15316161513328552,cross
wsc,transformer.decoder.block.5.layer.2.DenseReluDense.wo,131,0.3196800649166107,corr
wsc,transformer.decoder.block.5.layer.2.DenseReluDense.wo,131,0.33806976675987244,drift
wsc,transformer.decoder.block.5.layer.2.DenseReluDense.wo,131,0.47758716344833374,tot
wsc,transformer.decoder.block.5.layer.2.DenseReluDense.wo,131,-0.1645844578742981,$\delta_\text{gsc}$
wsc,transformer.decoder.block.5.layer.2.DenseReluDense.wo,131,-0.16873982548713684,$\delta_\text{ssc}$
wsc,transformer.decoder.block.6.layer.0.SelfAttention.q,132,,cross
wsc,transformer.decoder.block.6.layer.0.SelfAttention.q,132,,corr
wsc,transformer.decoder.block.6.layer.0.SelfAttention.q,132,,drift
wsc,transformer.decoder.block.6.layer.0.SelfAttention.q,132,,tot
wsc,transformer.decoder.block.6.layer.0.SelfAttention.q,132,,$\delta_\text{gsc}$
wsc,transformer.decoder.block.6.layer.0.SelfAttention.q,132,,$\delta_\text{ssc}$
wsc,transformer.decoder.block.6.layer.0.SelfAttention.k,133,,cross
wsc,transformer.decoder.block.6.layer.0.SelfAttention.k,133,,corr
wsc,transformer.decoder.block.6.layer.0.SelfAttention.k,133,,drift
wsc,transformer.decoder.block.6.layer.0.SelfAttention.k,133,,tot
wsc,transformer.decoder.block.6.layer.0.SelfAttention.k,133,,$\delta_\text{gsc}$
wsc,transformer.decoder.block.6.layer.0.SelfAttention.k,133,,$\delta_\text{ssc}$
wsc,transformer.decoder.block.6.layer.0.SelfAttention.v,134,0.1145315021276474,cross
wsc,transformer.decoder.block.6.layer.0.SelfAttention.v,134,0.23106014728546143,corr
wsc,transformer.decoder.block.6.layer.0.SelfAttention.v,134,0.36288338899612427,drift
wsc,transformer.decoder.block.6.layer.0.SelfAttention.v,134,0.47863808274269104,tot
wsc,transformer.decoder.block.6.layer.0.SelfAttention.v,134,-0.12634092569351196,$\delta_\text{gsc}$
wsc,transformer.decoder.block.6.layer.0.SelfAttention.v,134,-0.1034960150718689,$\delta_\text{ssc}$
wsc,transformer.decoder.block.6.layer.0.SelfAttention.o,135,0.20871633291244507,cross
wsc,transformer.decoder.block.6.layer.0.SelfAttention.o,135,0.3030528426170349,corr
wsc,transformer.decoder.block.6.layer.0.SelfAttention.o,135,0.23134301602840424,drift
wsc,transformer.decoder.block.6.layer.0.SelfAttention.o,135,0.4094904363155365,tot
wsc,transformer.decoder.block.6.layer.0.SelfAttention.o,135,-0.23773306608200073,$\delta_\text{gsc}$
wsc,transformer.decoder.block.6.layer.0.SelfAttention.o,135,-0.09588868916034698,$\delta_\text{ssc}$
wsc,transformer.decoder.block.6.layer.1.EncDecAttention.q,136,,cross
wsc,transformer.decoder.block.6.layer.1.EncDecAttention.q,136,,corr
wsc,transformer.decoder.block.6.layer.1.EncDecAttention.q,136,,drift
wsc,transformer.decoder.block.6.layer.1.EncDecAttention.q,136,,tot
wsc,transformer.decoder.block.6.layer.1.EncDecAttention.q,136,,$\delta_\text{gsc}$
wsc,transformer.decoder.block.6.layer.1.EncDecAttention.q,136,,$\delta_\text{ssc}$
wsc,transformer.decoder.block.6.layer.1.EncDecAttention.k,137,,cross
wsc,transformer.decoder.block.6.layer.1.EncDecAttention.k,137,,corr
wsc,transformer.decoder.block.6.layer.1.EncDecAttention.k,137,,drift
wsc,transformer.decoder.block.6.layer.1.EncDecAttention.k,137,,tot
wsc,transformer.decoder.block.6.layer.1.EncDecAttention.k,137,,$\delta_\text{gsc}$
wsc,transformer.decoder.block.6.layer.1.EncDecAttention.k,137,,$\delta_\text{ssc}$
wsc,transformer.decoder.block.6.layer.1.EncDecAttention.v,138,0.2672483026981354,cross
wsc,transformer.decoder.block.6.layer.1.EncDecAttention.v,138,0.31881287693977356,corr
wsc,transformer.decoder.block.6.layer.1.EncDecAttention.v,138,0.32467296719551086,drift
wsc,transformer.decoder.block.6.layer.1.EncDecAttention.v,138,0.344399631023407,tot
wsc,transformer.decoder.block.6.layer.1.EncDecAttention.v,138,-0.343505322933197,$\delta_\text{gsc}$
wsc,transformer.decoder.block.6.layer.1.EncDecAttention.v,138,-0.2228291928768158,$\delta_\text{ssc}$
wsc,transformer.decoder.block.6.layer.1.EncDecAttention.o,139,0.20768694579601288,cross
wsc,transformer.decoder.block.6.layer.1.EncDecAttention.o,139,0.23006990551948547,corr
wsc,transformer.decoder.block.6.layer.1.EncDecAttention.o,139,0.31188616156578064,drift
wsc,transformer.decoder.block.6.layer.1.EncDecAttention.o,139,0.3261226415634155,tot
wsc,transformer.decoder.block.6.layer.1.EncDecAttention.o,139,-0.2605733871459961,$\delta_\text{gsc}$
wsc,transformer.decoder.block.6.layer.1.EncDecAttention.o,139,-0.16294696927070618,$\delta_\text{ssc}$
wsc,transformer.decoder.block.6.layer.2.DenseReluDense.wi,140,0.028802653774619102,cross
wsc,transformer.decoder.block.6.layer.2.DenseReluDense.wi,140,0.27276238799095154,corr
wsc,transformer.decoder.block.6.layer.2.DenseReluDense.wi,140,0.3420296013355255,drift
wsc,transformer.decoder.block.6.layer.2.DenseReluDense.wi,140,0.48763367533683777,tot
wsc,transformer.decoder.block.6.layer.2.DenseReluDense.wi,140,-0.03409081697463989,$\delta_\text{gsc}$
wsc,transformer.decoder.block.6.layer.2.DenseReluDense.wi,140,-0.12187016010284424,$\delta_\text{ssc}$
wsc,transformer.decoder.block.6.layer.2.DenseReluDense.wo,141,0.19710370898246765,cross
wsc,transformer.decoder.block.6.layer.2.DenseReluDense.wo,141,0.35721683502197266,corr
wsc,transformer.decoder.block.6.layer.2.DenseReluDense.wo,141,0.40807557106018066,drift
wsc,transformer.decoder.block.6.layer.2.DenseReluDense.wo,141,0.48100703954696655,tot
wsc,transformer.decoder.block.6.layer.2.DenseReluDense.wo,141,-0.2085477113723755,$\delta_\text{gsc}$
wsc,transformer.decoder.block.6.layer.2.DenseReluDense.wo,141,-0.27284136414527893,$\delta_\text{ssc}$
wsc,transformer.decoder.block.7.layer.0.SelfAttention.q,142,,cross
wsc,transformer.decoder.block.7.layer.0.SelfAttention.q,142,,corr
wsc,transformer.decoder.block.7.layer.0.SelfAttention.q,142,,drift
wsc,transformer.decoder.block.7.layer.0.SelfAttention.q,142,,tot
wsc,transformer.decoder.block.7.layer.0.SelfAttention.q,142,,$\delta_\text{gsc}$
wsc,transformer.decoder.block.7.layer.0.SelfAttention.q,142,,$\delta_\text{ssc}$
wsc,transformer.decoder.block.7.layer.0.SelfAttention.k,143,,cross
wsc,transformer.decoder.block.7.layer.0.SelfAttention.k,143,,corr
wsc,transformer.decoder.block.7.layer.0.SelfAttention.k,143,,drift
wsc,transformer.decoder.block.7.layer.0.SelfAttention.k,143,,tot
wsc,transformer.decoder.block.7.layer.0.SelfAttention.k,143,,$\delta_\text{gsc}$
wsc,transformer.decoder.block.7.layer.0.SelfAttention.k,143,,$\delta_\text{ssc}$
wsc,transformer.decoder.block.7.layer.0.SelfAttention.v,144,0.1465456336736679,cross
wsc,transformer.decoder.block.7.layer.0.SelfAttention.v,144,0.274686723947525,corr
wsc,transformer.decoder.block.7.layer.0.SelfAttention.v,144,0.3363676071166992,drift
wsc,transformer.decoder.block.7.layer.0.SelfAttention.v,144,0.46848443150520325,tot
wsc,transformer.decoder.block.7.layer.0.SelfAttention.v,144,-0.16261273622512817,$\delta_\text{gsc}$
wsc,transformer.decoder.block.7.layer.0.SelfAttention.v,144,-0.12650278210639954,$\delta_\text{ssc}$
wsc,transformer.decoder.block.7.layer.0.SelfAttention.o,145,0.19049620628356934,cross
wsc,transformer.decoder.block.7.layer.0.SelfAttention.o,145,0.2852686047554016,corr
wsc,transformer.decoder.block.7.layer.0.SelfAttention.o,145,0.26678037643432617,drift
wsc,transformer.decoder.block.7.layer.0.SelfAttention.o,145,0.41529104113578796,tot
wsc,transformer.decoder.block.7.layer.0.SelfAttention.o,145,-0.21835556626319885,$\delta_\text{gsc}$
wsc,transformer.decoder.block.7.layer.0.SelfAttention.o,145,-0.1088985800743103,$\delta_\text{ssc}$
wsc,transformer.decoder.block.7.layer.1.EncDecAttention.q,146,,cross
wsc,transformer.decoder.block.7.layer.1.EncDecAttention.q,146,,corr
wsc,transformer.decoder.block.7.layer.1.EncDecAttention.q,146,,drift
wsc,transformer.decoder.block.7.layer.1.EncDecAttention.q,146,,tot
wsc,transformer.decoder.block.7.layer.1.EncDecAttention.q,146,,$\delta_\text{gsc}$
wsc,transformer.decoder.block.7.layer.1.EncDecAttention.q,146,,$\delta_\text{ssc}$
wsc,transformer.decoder.block.7.layer.1.EncDecAttention.k,147,,cross
wsc,transformer.decoder.block.7.layer.1.EncDecAttention.k,147,,corr
wsc,transformer.decoder.block.7.layer.1.EncDecAttention.k,147,,drift
wsc,transformer.decoder.block.7.layer.1.EncDecAttention.k,147,,tot
wsc,transformer.decoder.block.7.layer.1.EncDecAttention.k,147,,$\delta_\text{gsc}$
wsc,transformer.decoder.block.7.layer.1.EncDecAttention.k,147,,$\delta_\text{ssc}$
wsc,transformer.decoder.block.7.layer.1.EncDecAttention.v,148,0.2712162733078003,cross
wsc,transformer.decoder.block.7.layer.1.EncDecAttention.v,148,0.32120397686958313,corr
wsc,transformer.decoder.block.7.layer.1.EncDecAttention.v,148,0.3246297240257263,drift
wsc,transformer.decoder.block.7.layer.1.EncDecAttention.v,148,0.3433302938938141,tot
wsc,transformer.decoder.block.7.layer.1.EncDecAttention.v,148,-0.3502339720726013,$\delta_\text{gsc}$
wsc,transformer.decoder.block.7.layer.1.EncDecAttention.v,148,-0.22348570823669434,$\delta_\text{ssc}$
wsc,transformer.decoder.block.7.layer.1.EncDecAttention.o,149,0.2004348486661911,cross
wsc,transformer.decoder.block.7.layer.1.EncDecAttention.o,149,0.2216268628835678,corr
wsc,transformer.decoder.block.7.layer.1.EncDecAttention.o,149,0.30688586831092834,drift
wsc,transformer.decoder.block.7.layer.1.EncDecAttention.o,149,0.32587143778800964,tot
wsc,transformer.decoder.block.7.layer.1.EncDecAttention.o,149,-0.25083011388778687,$\delta_\text{gsc}$
wsc,transformer.decoder.block.7.layer.1.EncDecAttention.o,149,-0.15224604308605194,$\delta_\text{ssc}$
wsc,transformer.decoder.block.7.layer.2.DenseReluDense.wi,150,0.07971806824207306,cross
wsc,transformer.decoder.block.7.layer.2.DenseReluDense.wi,150,0.3204840123653412,corr
wsc,transformer.decoder.block.7.layer.2.DenseReluDense.wi,150,0.31654900312423706,drift
wsc,transformer.decoder.block.7.layer.2.DenseReluDense.wi,150,0.4679492712020874,tot
wsc,transformer.decoder.block.7.layer.2.DenseReluDense.wi,150,-0.09924104809761047,$\delta_\text{gsc}$
wsc,transformer.decoder.block.7.layer.2.DenseReluDense.wi,150,-0.14956074953079224,$\delta_\text{ssc}$
wsc,transformer.decoder.block.7.layer.2.DenseReluDense.wo,151,0.20430855453014374,cross
wsc,transformer.decoder.block.7.layer.2.DenseReluDense.wo,151,0.351803719997406,corr
wsc,transformer.decoder.block.7.layer.2.DenseReluDense.wo,151,0.36667200922966003,drift
wsc,transformer.decoder.block.7.layer.2.DenseReluDense.wo,151,0.4697587788105011,tot
wsc,transformer.decoder.block.7.layer.2.DenseReluDense.wo,151,-0.21521690487861633,$\delta_\text{gsc}$
wsc,transformer.decoder.block.7.layer.2.DenseReluDense.wo,151,-0.23780858516693115,$\delta_\text{ssc}$
wsc,transformer.decoder.block.8.layer.0.SelfAttention.q,152,,cross
wsc,transformer.decoder.block.8.layer.0.SelfAttention.q,152,,corr
wsc,transformer.decoder.block.8.layer.0.SelfAttention.q,152,,drift
wsc,transformer.decoder.block.8.layer.0.SelfAttention.q,152,,tot
wsc,transformer.decoder.block.8.layer.0.SelfAttention.q,152,,$\delta_\text{gsc}$
wsc,transformer.decoder.block.8.layer.0.SelfAttention.q,152,,$\delta_\text{ssc}$
wsc,transformer.decoder.block.8.layer.0.SelfAttention.k,153,,cross
wsc,transformer.decoder.block.8.layer.0.SelfAttention.k,153,,corr
wsc,transformer.decoder.block.8.layer.0.SelfAttention.k,153,,drift
wsc,transformer.decoder.block.8.layer.0.SelfAttention.k,153,,tot
wsc,transformer.decoder.block.8.layer.0.SelfAttention.k,153,,$\delta_\text{gsc}$
wsc,transformer.decoder.block.8.layer.0.SelfAttention.k,153,,$\delta_\text{ssc}$
wsc,transformer.decoder.block.8.layer.0.SelfAttention.v,154,0.13528360426425934,cross
wsc,transformer.decoder.block.8.layer.0.SelfAttention.v,154,0.24418644607067108,corr
wsc,transformer.decoder.block.8.layer.0.SelfAttention.v,154,0.375958114862442,drift
wsc,transformer.decoder.block.8.layer.0.SelfAttention.v,154,0.4708244204521179,tot
wsc,transformer.decoder.block.8.layer.0.SelfAttention.v,154,-0.15179771184921265,$\delta_\text{gsc}$
wsc,transformer.decoder.block.8.layer.0.SelfAttention.v,154,-0.13280601799488068,$\delta_\text{ssc}$
wsc,transformer.decoder.block.8.layer.0.SelfAttention.o,155,0.2147064059972763,cross
wsc,transformer.decoder.block.8.layer.0.SelfAttention.o,155,0.2802956700325012,corr
wsc,transformer.decoder.block.8.layer.0.SelfAttention.o,155,0.28281986713409424,drift
wsc,transformer.decoder.block.8.layer.0.SelfAttention.o,155,0.40871813893318176,tot
wsc,transformer.decoder.block.8.layer.0.SelfAttention.o,155,-0.24544422328472137,$\delta_\text{gsc}$
wsc,transformer.decoder.block.8.layer.0.SelfAttention.o,155,-0.12365958094596863,$\delta_\text{ssc}$
wsc,transformer.decoder.block.8.layer.1.EncDecAttention.q,156,,cross
wsc,transformer.decoder.block.8.layer.1.EncDecAttention.q,156,,corr
wsc,transformer.decoder.block.8.layer.1.EncDecAttention.q,156,,drift
wsc,transformer.decoder.block.8.layer.1.EncDecAttention.q,156,,tot
wsc,transformer.decoder.block.8.layer.1.EncDecAttention.q,156,,$\delta_\text{gsc}$
wsc,transformer.decoder.block.8.layer.1.EncDecAttention.q,156,,$\delta_\text{ssc}$
wsc,transformer.decoder.block.8.layer.1.EncDecAttention.k,157,,cross
wsc,transformer.decoder.block.8.layer.1.EncDecAttention.k,157,,corr
wsc,transformer.decoder.block.8.layer.1.EncDecAttention.k,157,,drift
wsc,transformer.decoder.block.8.layer.1.EncDecAttention.k,157,,tot
wsc,transformer.decoder.block.8.layer.1.EncDecAttention.k,157,,$\delta_\text{gsc}$
wsc,transformer.decoder.block.8.layer.1.EncDecAttention.k,157,,$\delta_\text{ssc}$
wsc,transformer.decoder.block.8.layer.1.EncDecAttention.v,158,0.26192232966423035,cross
wsc,transformer.decoder.block.8.layer.1.EncDecAttention.v,158,0.3023996949195862,corr
wsc,transformer.decoder.block.8.layer.1.EncDecAttention.v,158,0.3246624171733856,drift
wsc,transformer.decoder.block.8.layer.1.EncDecAttention.v,158,0.34460553526878357,tot
wsc,transformer.decoder.block.8.layer.1.EncDecAttention.v,158,-0.3329493999481201,$\delta_\text{gsc}$
wsc,transformer.decoder.block.8.layer.1.EncDecAttention.v,158,-0.21142950654029846,$\delta_\text{ssc}$
wsc,transformer.decoder.block.8.layer.1.EncDecAttention.o,159,0.17260722815990448,cross
wsc,transformer.decoder.block.8.layer.1.EncDecAttention.o,159,0.18850776553153992,corr
wsc,transformer.decoder.block.8.layer.1.EncDecAttention.o,159,0.29568877816200256,drift
wsc,transformer.decoder.block.8.layer.1.EncDecAttention.o,159,0.3145475387573242,tot
wsc,transformer.decoder.block.8.layer.1.EncDecAttention.o,159,-0.21338383853435516,$\delta_\text{gsc}$
wsc,transformer.decoder.block.8.layer.1.EncDecAttention.o,159,-0.12887239456176758,$\delta_\text{ssc}$
wsc,transformer.decoder.block.8.layer.2.DenseReluDense.wi,160,0.09930897504091263,cross
wsc,transformer.decoder.block.8.layer.2.DenseReluDense.wi,160,0.3245583474636078,corr
wsc,transformer.decoder.block.8.layer.2.DenseReluDense.wi,160,0.32533058524131775,drift
wsc,transformer.decoder.block.8.layer.2.DenseReluDense.wi,160,0.4508214592933655,tot
wsc,transformer.decoder.block.8.layer.2.DenseReluDense.wi,160,-0.12993192672729492,$\delta_\text{gsc}$
wsc,transformer.decoder.block.8.layer.2.DenseReluDense.wi,160,-0.16844451427459717,$\delta_\text{ssc}$
wsc,transformer.decoder.block.8.layer.2.DenseReluDense.wo,161,0.21342433989048004,cross
wsc,transformer.decoder.block.8.layer.2.DenseReluDense.wo,161,0.35096508264541626,corr
wsc,transformer.decoder.block.8.layer.2.DenseReluDense.wo,161,0.3489954471588135,drift
wsc,transformer.decoder.block.8.layer.2.DenseReluDense.wo,161,0.46707311272621155,tot
wsc,transformer.decoder.block.8.layer.2.DenseReluDense.wo,161,-0.2342657446861267,$\delta_\text{gsc}$
wsc,transformer.decoder.block.8.layer.2.DenseReluDense.wo,161,-0.21204602718353271,$\delta_\text{ssc}$
wsc,transformer.decoder.block.9.layer.0.SelfAttention.q,162,,cross
wsc,transformer.decoder.block.9.layer.0.SelfAttention.q,162,,corr
wsc,transformer.decoder.block.9.layer.0.SelfAttention.q,162,,drift
wsc,transformer.decoder.block.9.layer.0.SelfAttention.q,162,,tot
wsc,transformer.decoder.block.9.layer.0.SelfAttention.q,162,,$\delta_\text{gsc}$
wsc,transformer.decoder.block.9.layer.0.SelfAttention.q,162,,$\delta_\text{ssc}$
wsc,transformer.decoder.block.9.layer.0.SelfAttention.k,163,,cross
wsc,transformer.decoder.block.9.layer.0.SelfAttention.k,163,,corr
wsc,transformer.decoder.block.9.layer.0.SelfAttention.k,163,,drift
wsc,transformer.decoder.block.9.layer.0.SelfAttention.k,163,,tot
wsc,transformer.decoder.block.9.layer.0.SelfAttention.k,163,,$\delta_\text{gsc}$
wsc,transformer.decoder.block.9.layer.0.SelfAttention.k,163,,$\delta_\text{ssc}$
wsc,transformer.decoder.block.9.layer.0.SelfAttention.v,164,0.17192910611629486,cross
wsc,transformer.decoder.block.9.layer.0.SelfAttention.v,164,0.26623210310935974,corr
wsc,transformer.decoder.block.9.layer.0.SelfAttention.v,164,0.3535104990005493,drift
wsc,transformer.decoder.block.9.layer.0.SelfAttention.v,164,0.45377317070961,tot
wsc,transformer.decoder.block.9.layer.0.SelfAttention.v,164,-0.19320261478424072,$\delta_\text{gsc}$
wsc,transformer.decoder.block.9.layer.0.SelfAttention.v,164,-0.14469590783119202,$\delta_\text{ssc}$
wsc,transformer.decoder.block.9.layer.0.SelfAttention.o,165,0.18831244111061096,cross
wsc,transformer.decoder.block.9.layer.0.SelfAttention.o,165,0.2445216178894043,corr
wsc,transformer.decoder.block.9.layer.0.SelfAttention.o,165,0.3067169189453125,drift
wsc,transformer.decoder.block.9.layer.0.SelfAttention.o,165,0.4057207405567169,tot
wsc,transformer.decoder.block.9.layer.0.SelfAttention.o,165,-0.21360847353935242,$\delta_\text{gsc}$
wsc,transformer.decoder.block.9.layer.0.SelfAttention.o,165,-0.12022176384925842,$\delta_\text{ssc}$
wsc,transformer.decoder.block.9.layer.1.EncDecAttention.q,166,,cross
wsc,transformer.decoder.block.9.layer.1.EncDecAttention.q,166,,corr
wsc,transformer.decoder.block.9.layer.1.EncDecAttention.q,166,,drift
wsc,transformer.decoder.block.9.layer.1.EncDecAttention.q,166,,tot
wsc,transformer.decoder.block.9.layer.1.EncDecAttention.q,166,,$\delta_\text{gsc}$
wsc,transformer.decoder.block.9.layer.1.EncDecAttention.q,166,,$\delta_\text{ssc}$
wsc,transformer.decoder.block.9.layer.1.EncDecAttention.k,167,,cross
wsc,transformer.decoder.block.9.layer.1.EncDecAttention.k,167,,corr
wsc,transformer.decoder.block.9.layer.1.EncDecAttention.k,167,,drift
wsc,transformer.decoder.block.9.layer.1.EncDecAttention.k,167,,tot
wsc,transformer.decoder.block.9.layer.1.EncDecAttention.k,167,,$\delta_\text{gsc}$
wsc,transformer.decoder.block.9.layer.1.EncDecAttention.k,167,,$\delta_\text{ssc}$
wsc,transformer.decoder.block.9.layer.1.EncDecAttention.v,168,0.24160169064998627,cross
wsc,transformer.decoder.block.9.layer.1.EncDecAttention.v,168,0.28185734152793884,corr
wsc,transformer.decoder.block.9.layer.1.EncDecAttention.v,168,0.32982999086380005,drift
wsc,transformer.decoder.block.9.layer.1.EncDecAttention.v,168,0.3465096652507782,tot
wsc,transformer.decoder.block.9.layer.1.EncDecAttention.v,168,-0.3015632629394531,$\delta_\text{gsc}$
wsc,transformer.decoder.block.9.layer.1.EncDecAttention.v,168,-0.20521610975265503,$\delta_\text{ssc}$
wsc,transformer.decoder.block.9.layer.1.EncDecAttention.o,169,0.1714741289615631,cross
wsc,transformer.decoder.block.9.layer.1.EncDecAttention.o,169,0.19104744493961334,corr
wsc,transformer.decoder.block.9.layer.1.EncDecAttention.o,169,0.3135063648223877,drift
wsc,transformer.decoder.block.9.layer.1.EncDecAttention.o,169,0.33654624223709106,tot
wsc,transformer.decoder.block.9.layer.1.EncDecAttention.o,169,-0.20850327610969543,$\delta_\text{gsc}$
wsc,transformer.decoder.block.9.layer.1.EncDecAttention.o,169,-0.13097842037677765,$\delta_\text{ssc}$
wsc,transformer.decoder.block.9.layer.2.DenseReluDense.wi,170,0.059589385986328125,cross
wsc,transformer.decoder.block.9.layer.2.DenseReluDense.wi,170,0.29565662145614624,corr
wsc,transformer.decoder.block.9.layer.2.DenseReluDense.wi,170,0.3504658043384552,drift
wsc,transformer.decoder.block.9.layer.2.DenseReluDense.wi,170,0.4575083553791046,tot
wsc,transformer.decoder.block.9.layer.2.DenseReluDense.wi,170,-0.07847988605499268,$\delta_\text{gsc}$
wsc,transformer.decoder.block.9.layer.2.DenseReluDense.wi,170,-0.16972357034683228,$\delta_\text{ssc}$
wsc,transformer.decoder.block.9.layer.2.DenseReluDense.wo,171,0.20121686160564423,cross
wsc,transformer.decoder.block.9.layer.2.DenseReluDense.wo,171,0.35197481513023376,corr
wsc,transformer.decoder.block.9.layer.2.DenseReluDense.wo,171,0.3726229667663574,drift
wsc,transformer.decoder.block.9.layer.2.DenseReluDense.wo,171,0.4508307874202728,tot
wsc,transformer.decoder.block.9.layer.2.DenseReluDense.wo,171,-0.23192019760608673,$\delta_\text{gsc}$
wsc,transformer.decoder.block.9.layer.2.DenseReluDense.wo,171,-0.24306365847587585,$\delta_\text{ssc}$
wsc,transformer.decoder.block.10.layer.0.SelfAttention.q,172,,cross
wsc,transformer.decoder.block.10.layer.0.SelfAttention.q,172,,corr
wsc,transformer.decoder.block.10.layer.0.SelfAttention.q,172,,drift
wsc,transformer.decoder.block.10.layer.0.SelfAttention.q,172,,tot
wsc,transformer.decoder.block.10.layer.0.SelfAttention.q,172,,$\delta_\text{gsc}$
wsc,transformer.decoder.block.10.layer.0.SelfAttention.q,172,,$\delta_\text{ssc}$
wsc,transformer.decoder.block.10.layer.0.SelfAttention.k,173,,cross
wsc,transformer.decoder.block.10.layer.0.SelfAttention.k,173,,corr
wsc,transformer.decoder.block.10.layer.0.SelfAttention.k,173,,drift
wsc,transformer.decoder.block.10.layer.0.SelfAttention.k,173,,tot
wsc,transformer.decoder.block.10.layer.0.SelfAttention.k,173,,$\delta_\text{gsc}$
wsc,transformer.decoder.block.10.layer.0.SelfAttention.k,173,,$\delta_\text{ssc}$
wsc,transformer.decoder.block.10.layer.0.SelfAttention.v,174,0.175599604845047,cross
wsc,transformer.decoder.block.10.layer.0.SelfAttention.v,174,0.2858913838863373,corr
wsc,transformer.decoder.block.10.layer.0.SelfAttention.v,174,0.355315625667572,drift
wsc,transformer.decoder.block.10.layer.0.SelfAttention.v,174,0.433390736579895,tot
wsc,transformer.decoder.block.10.layer.0.SelfAttention.v,174,-0.21013173460960388,$\delta_\text{gsc}$
wsc,transformer.decoder.block.10.layer.0.SelfAttention.v,174,-0.1732841432094574,$\delta_\text{ssc}$
wsc,transformer.decoder.block.10.layer.0.SelfAttention.o,175,0.16892588138580322,cross
wsc,transformer.decoder.block.10.layer.0.SelfAttention.o,175,0.18384945392608643,corr
wsc,transformer.decoder.block.10.layer.0.SelfAttention.o,175,0.32830119132995605,drift
wsc,transformer.decoder.block.10.layer.0.SelfAttention.o,175,0.3806111514568329,tot
wsc,transformer.decoder.block.10.layer.0.SelfAttention.o,175,-0.19532111287117004,$\delta_\text{gsc}$
wsc,transformer.decoder.block.10.layer.0.SelfAttention.o,175,-0.10514426231384277,$\delta_\text{ssc}$
wsc,transformer.decoder.block.10.layer.1.EncDecAttention.q,176,,cross
wsc,transformer.decoder.block.10.layer.1.EncDecAttention.q,176,,corr
wsc,transformer.decoder.block.10.layer.1.EncDecAttention.q,176,,drift
wsc,transformer.decoder.block.10.layer.1.EncDecAttention.q,176,,tot
wsc,transformer.decoder.block.10.layer.1.EncDecAttention.q,176,,$\delta_\text{gsc}$
wsc,transformer.decoder.block.10.layer.1.EncDecAttention.q,176,,$\delta_\text{ssc}$
wsc,transformer.decoder.block.10.layer.1.EncDecAttention.k,177,,cross
wsc,transformer.decoder.block.10.layer.1.EncDecAttention.k,177,,corr
wsc,transformer.decoder.block.10.layer.1.EncDecAttention.k,177,,drift
wsc,transformer.decoder.block.10.layer.1.EncDecAttention.k,177,,tot
wsc,transformer.decoder.block.10.layer.1.EncDecAttention.k,177,,$\delta_\text{gsc}$
wsc,transformer.decoder.block.10.layer.1.EncDecAttention.k,177,,$\delta_\text{ssc}$
wsc,transformer.decoder.block.10.layer.1.EncDecAttention.v,178,0.23318184912204742,cross
wsc,transformer.decoder.block.10.layer.1.EncDecAttention.v,178,0.3255675733089447,corr
wsc,transformer.decoder.block.10.layer.1.EncDecAttention.v,178,0.3291884660720825,drift
wsc,transformer.decoder.block.10.layer.1.EncDecAttention.v,178,0.3594384789466858,tot
wsc,transformer.decoder.block.10.layer.1.EncDecAttention.v,178,-0.29740190505981445,$\delta_\text{gsc}$
wsc,transformer.decoder.block.10.layer.1.EncDecAttention.v,178,-0.2310974895954132,$\delta_\text{ssc}$
wsc,transformer.decoder.block.10.layer.1.EncDecAttention.o,179,0.16409969329833984,cross
wsc,transformer.decoder.block.10.layer.1.EncDecAttention.o,179,0.19130930304527283,corr
wsc,transformer.decoder.block.10.layer.1.EncDecAttention.o,179,0.3238725960254669,drift
wsc,transformer.decoder.block.10.layer.1.EncDecAttention.o,179,0.34275996685028076,tot
wsc,transformer.decoder.block.10.layer.1.EncDecAttention.o,179,-0.1976321041584015,$\delta_\text{gsc}$
wsc,transformer.decoder.block.10.layer.1.EncDecAttention.o,179,-0.13888952136039734,$\delta_\text{ssc}$
wsc,transformer.decoder.block.10.layer.2.DenseReluDense.wi,180,0.07641544193029404,cross
wsc,transformer.decoder.block.10.layer.2.DenseReluDense.wi,180,0.2999054789543152,corr
wsc,transformer.decoder.block.10.layer.2.DenseReluDense.wi,180,0.33050262928009033,drift
wsc,transformer.decoder.block.10.layer.2.DenseReluDense.wi,180,0.42272207140922546,tot
wsc,transformer.decoder.block.10.layer.2.DenseReluDense.wi,180,-0.10623309016227722,$\delta_\text{gsc}$
wsc,transformer.decoder.block.10.layer.2.DenseReluDense.wi,180,-0.17786839604377747,$\delta_\text{ssc}$
wsc,transformer.decoder.block.10.layer.2.DenseReluDense.wo,181,0.17216548323631287,cross
wsc,transformer.decoder.block.10.layer.2.DenseReluDense.wo,181,0.3184327781200409,corr
wsc,transformer.decoder.block.10.layer.2.DenseReluDense.wo,181,0.443873792886734,drift
wsc,transformer.decoder.block.10.layer.2.DenseReluDense.wo,181,0.47401151061058044,tot
wsc,transformer.decoder.block.10.layer.2.DenseReluDense.wo,181,-0.18794503808021545,$\delta_\text{gsc}$
wsc,transformer.decoder.block.10.layer.2.DenseReluDense.wo,181,-0.27251550555229187,$\delta_\text{ssc}$
wsc,transformer.decoder.block.11.layer.0.SelfAttention.q,182,,cross
wsc,transformer.decoder.block.11.layer.0.SelfAttention.q,182,,corr
wsc,transformer.decoder.block.11.layer.0.SelfAttention.q,182,,drift
wsc,transformer.decoder.block.11.layer.0.SelfAttention.q,182,,tot
wsc,transformer.decoder.block.11.layer.0.SelfAttention.q,182,,$\delta_\text{gsc}$
wsc,transformer.decoder.block.11.layer.0.SelfAttention.q,182,,$\delta_\text{ssc}$
wsc,transformer.decoder.block.11.layer.0.SelfAttention.k,183,,cross
wsc,transformer.decoder.block.11.layer.0.SelfAttention.k,183,,corr
wsc,transformer.decoder.block.11.layer.0.SelfAttention.k,183,,drift
wsc,transformer.decoder.block.11.layer.0.SelfAttention.k,183,,tot
wsc,transformer.decoder.block.11.layer.0.SelfAttention.k,183,,$\delta_\text{gsc}$
wsc,transformer.decoder.block.11.layer.0.SelfAttention.k,183,,$\delta_\text{ssc}$
wsc,transformer.decoder.block.11.layer.0.SelfAttention.v,184,0.17244352400302887,cross
wsc,transformer.decoder.block.11.layer.0.SelfAttention.v,184,0.26220837235450745,corr
wsc,transformer.decoder.block.11.layer.0.SelfAttention.v,184,0.35429152846336365,drift
wsc,transformer.decoder.block.11.layer.0.SelfAttention.v,184,0.39748960733413696,tot
wsc,transformer.decoder.block.11.layer.0.SelfAttention.v,184,-0.22107841074466705,$\delta_\text{gsc}$
wsc,transformer.decoder.block.11.layer.0.SelfAttention.v,184,-0.17037540674209595,$\delta_\text{ssc}$
wsc,transformer.decoder.block.11.layer.0.SelfAttention.o,185,0.19340677559375763,cross
wsc,transformer.decoder.block.11.layer.0.SelfAttention.o,185,0.21041859686374664,corr
wsc,transformer.decoder.block.11.layer.0.SelfAttention.o,185,0.374540239572525,drift
wsc,transformer.decoder.block.11.layer.0.SelfAttention.o,185,0.3965799808502197,tot
wsc,transformer.decoder.block.11.layer.0.SelfAttention.o,185,-0.22525598108768463,$\delta_\text{gsc}$
wsc,transformer.decoder.block.11.layer.0.SelfAttention.o,185,-0.15652965009212494,$\delta_\text{ssc}$
wsc,transformer.decoder.block.11.layer.1.EncDecAttention.q,186,,cross
wsc,transformer.decoder.block.11.layer.1.EncDecAttention.q,186,,corr
wsc,transformer.decoder.block.11.layer.1.EncDecAttention.q,186,,drift
wsc,transformer.decoder.block.11.layer.1.EncDecAttention.q,186,,tot
wsc,transformer.decoder.block.11.layer.1.EncDecAttention.q,186,,$\delta_\text{gsc}$
wsc,transformer.decoder.block.11.layer.1.EncDecAttention.q,186,,$\delta_\text{ssc}$
wsc,transformer.decoder.block.11.layer.1.EncDecAttention.k,187,,cross
wsc,transformer.decoder.block.11.layer.1.EncDecAttention.k,187,,corr
wsc,transformer.decoder.block.11.layer.1.EncDecAttention.k,187,,drift
wsc,transformer.decoder.block.11.layer.1.EncDecAttention.k,187,,tot
wsc,transformer.decoder.block.11.layer.1.EncDecAttention.k,187,,$\delta_\text{gsc}$
wsc,transformer.decoder.block.11.layer.1.EncDecAttention.k,187,,$\delta_\text{ssc}$
wsc,transformer.decoder.block.11.layer.1.EncDecAttention.v,188,0.1921202838420868,cross
wsc,transformer.decoder.block.11.layer.1.EncDecAttention.v,188,0.21295326948165894,corr
wsc,transformer.decoder.block.11.layer.1.EncDecAttention.v,188,0.32758644223213196,drift
wsc,transformer.decoder.block.11.layer.1.EncDecAttention.v,188,0.3423095643520355,tot
wsc,transformer.decoder.block.11.layer.1.EncDecAttention.v,188,-0.23259040713310242,$\delta_\text{gsc}$
wsc,transformer.decoder.block.11.layer.1.EncDecAttention.v,188,-0.15776002407073975,$\delta_\text{ssc}$
wsc,transformer.decoder.block.11.layer.1.EncDecAttention.o,189,0.17188942432403564,cross
wsc,transformer.decoder.block.11.layer.1.EncDecAttention.o,189,0.17594516277313232,corr
wsc,transformer.decoder.block.11.layer.1.EncDecAttention.o,189,0.2996656894683838,drift
wsc,transformer.decoder.block.11.layer.1.EncDecAttention.o,189,0.3100906312465668,tot
wsc,transformer.decoder.block.11.layer.1.EncDecAttention.o,189,-0.21536651253700256,$\delta_\text{gsc}$
wsc,transformer.decoder.block.11.layer.1.EncDecAttention.o,189,-0.12204313278198242,$\delta_\text{ssc}$
wsc,transformer.decoder.block.11.layer.2.DenseReluDense.wi,190,0.1036493331193924,cross
wsc,transformer.decoder.block.11.layer.2.DenseReluDense.wi,190,0.23732858896255493,corr
wsc,transformer.decoder.block.11.layer.2.DenseReluDense.wi,190,0.33979105949401855,drift
wsc,transformer.decoder.block.11.layer.2.DenseReluDense.wi,190,0.4078015983104706,tot
wsc,transformer.decoder.block.11.layer.2.DenseReluDense.wi,190,-0.13525816798210144,$\delta_\text{gsc}$
wsc,transformer.decoder.block.11.layer.2.DenseReluDense.wi,190,-0.13770923018455505,$\delta_\text{ssc}$
wsc,transformer.decoder.block.11.layer.2.DenseReluDense.wo,191,0.2002030909061432,cross
wsc,transformer.decoder.block.11.layer.2.DenseReluDense.wo,191,0.23188498616218567,corr
wsc,transformer.decoder.block.11.layer.2.DenseReluDense.wo,191,0.3999583423137665,drift
wsc,transformer.decoder.block.11.layer.2.DenseReluDense.wo,191,0.4617778956890106,tot
wsc,transformer.decoder.block.11.layer.2.DenseReluDense.wo,191,-0.22420606017112732,$\delta_\text{gsc}$
wsc,transformer.decoder.block.11.layer.2.DenseReluDense.wo,191,-0.1460624635219574,$\delta_\text{ssc}$
wsc,transformer.lm_head,192,0.04368872195482254,cross
wsc,transformer.lm_head,192,0.03177103027701378,corr
wsc,transformer.lm_head,192,0.21496178209781647,drift
wsc,transformer.lm_head,192,0.2371579110622406,tot
wsc,transformer.lm_head,192,-0.03659030795097351,$\delta_\text{gsc}$
wsc,transformer.lm_head,192,-0.016673311591148376,$\delta_\text{ssc}$
story_cloze,transformer.encoder.block.0.layer.0.SelfAttention.q,0,,cross
story_cloze,transformer.encoder.block.0.layer.0.SelfAttention.q,0,,corr
story_cloze,transformer.encoder.block.0.layer.0.SelfAttention.q,0,,drift
story_cloze,transformer.encoder.block.0.layer.0.SelfAttention.q,0,,tot
story_cloze,transformer.encoder.block.0.layer.0.SelfAttention.q,0,,$\delta_\text{gsc}$
story_cloze,transformer.encoder.block.0.layer.0.SelfAttention.q,0,,$\delta_\text{ssc}$
story_cloze,transformer.encoder.block.0.layer.0.SelfAttention.k,1,,cross
story_cloze,transformer.encoder.block.0.layer.0.SelfAttention.k,1,,corr
story_cloze,transformer.encoder.block.0.layer.0.SelfAttention.k,1,,drift
story_cloze,transformer.encoder.block.0.layer.0.SelfAttention.k,1,,tot
story_cloze,transformer.encoder.block.0.layer.0.SelfAttention.k,1,,$\delta_\text{gsc}$
story_cloze,transformer.encoder.block.0.layer.0.SelfAttention.k,1,,$\delta_\text{ssc}$
story_cloze,transformer.encoder.block.0.layer.0.SelfAttention.v,2,0.04553075507283211,cross
story_cloze,transformer.encoder.block.0.layer.0.SelfAttention.v,2,0.05768132209777832,corr
story_cloze,transformer.encoder.block.0.layer.0.SelfAttention.v,2,0.006530728656798601,drift
story_cloze,transformer.encoder.block.0.layer.0.SelfAttention.v,2,0.018789201974868774,tot
story_cloze,transformer.encoder.block.0.layer.0.SelfAttention.v,2,-0.08500883728265762,$\delta_\text{gsc}$
story_cloze,transformer.encoder.block.0.layer.0.SelfAttention.v,2,-0.005944766569882631,$\delta_\text{ssc}$
story_cloze,transformer.encoder.block.0.layer.0.SelfAttention.o,3,0.09386220574378967,cross
story_cloze,transformer.encoder.block.0.layer.0.SelfAttention.o,3,0.13616091012954712,corr
story_cloze,transformer.encoder.block.0.layer.0.SelfAttention.o,3,0.031046699732542038,drift
story_cloze,transformer.encoder.block.0.layer.0.SelfAttention.o,3,0.09144172817468643,tot
story_cloze,transformer.encoder.block.0.layer.0.SelfAttention.o,3,-0.14420494437217712,$\delta_\text{gsc}$
story_cloze,transformer.encoder.block.0.layer.0.SelfAttention.o,3,-0.025423135608434677,$\delta_\text{ssc}$
story_cloze,transformer.encoder.block.0.layer.1.DenseReluDense.wi,4,0.060450658202171326,cross
story_cloze,transformer.encoder.block.0.layer.1.DenseReluDense.wi,4,0.09410800039768219,corr
story_cloze,transformer.encoder.block.0.layer.1.DenseReluDense.wi,4,0.06090915948152542,drift
story_cloze,transformer.encoder.block.0.layer.1.DenseReluDense.wi,4,0.10831069946289062,tot
story_cloze,transformer.encoder.block.0.layer.1.DenseReluDense.wi,4,-0.07455049455165863,$\delta_\text{gsc}$
story_cloze,transformer.encoder.block.0.layer.1.DenseReluDense.wi,4,-0.03260662406682968,$\delta_\text{ssc}$
story_cloze,transformer.encoder.block.0.layer.1.DenseReluDense.wo,5,0.12715724110603333,cross
story_cloze,transformer.encoder.block.0.layer.1.DenseReluDense.wo,5,0.14388233423233032,corr
story_cloze,transformer.encoder.block.0.layer.1.DenseReluDense.wo,5,0.15423732995986938,drift
story_cloze,transformer.encoder.block.0.layer.1.DenseReluDense.wo,5,0.1595931202173233,tot
story_cloze,transformer.encoder.block.0.layer.1.DenseReluDense.wo,5,-0.1974737048149109,$\delta_\text{gsc}$
story_cloze,transformer.encoder.block.0.layer.1.DenseReluDense.wo,5,-0.06821008026599884,$\delta_\text{ssc}$
story_cloze,transformer.encoder.block.1.layer.0.SelfAttention.q,6,,cross
story_cloze,transformer.encoder.block.1.layer.0.SelfAttention.q,6,,corr
story_cloze,transformer.encoder.block.1.layer.0.SelfAttention.q,6,,drift
story_cloze,transformer.encoder.block.1.layer.0.SelfAttention.q,6,,tot
story_cloze,transformer.encoder.block.1.layer.0.SelfAttention.q,6,,$\delta_\text{gsc}$
story_cloze,transformer.encoder.block.1.layer.0.SelfAttention.q,6,,$\delta_\text{ssc}$
story_cloze,transformer.encoder.block.1.layer.0.SelfAttention.k,7,,cross
story_cloze,transformer.encoder.block.1.layer.0.SelfAttention.k,7,,corr
story_cloze,transformer.encoder.block.1.layer.0.SelfAttention.k,7,,drift
story_cloze,transformer.encoder.block.1.layer.0.SelfAttention.k,7,,tot
story_cloze,transformer.encoder.block.1.layer.0.SelfAttention.k,7,,$\delta_\text{gsc}$
story_cloze,transformer.encoder.block.1.layer.0.SelfAttention.k,7,,$\delta_\text{ssc}$
story_cloze,transformer.encoder.block.1.layer.0.SelfAttention.v,8,0.07048256695270538,cross
story_cloze,transformer.encoder.block.1.layer.0.SelfAttention.v,8,0.09100028872489929,corr
story_cloze,transformer.encoder.block.1.layer.0.SelfAttention.v,8,0.06825942546129227,drift
story_cloze,transformer.encoder.block.1.layer.0.SelfAttention.v,8,0.08251544833183289,tot
story_cloze,transformer.encoder.block.1.layer.0.SelfAttention.v,8,-0.10816960036754608,$\delta_\text{gsc}$
story_cloze,transformer.encoder.block.1.layer.0.SelfAttention.v,8,-0.039057232439517975,$\delta_\text{ssc}$
story_cloze,transformer.encoder.block.1.layer.0.SelfAttention.o,9,0.12850001454353333,cross
story_cloze,transformer.encoder.block.1.layer.0.SelfAttention.o,9,0.14825674891471863,corr
story_cloze,transformer.encoder.block.1.layer.0.SelfAttention.o,9,0.09344098716974258,drift
story_cloze,transformer.encoder.block.1.layer.0.SelfAttention.o,9,0.10171960294246674,tot
story_cloze,transformer.encoder.block.1.layer.0.SelfAttention.o,9,-0.20799477398395538,$\delta_\text{gsc}$
story_cloze,transformer.encoder.block.1.layer.0.SelfAttention.o,9,-0.06048337370157242,$\delta_\text{ssc}$
story_cloze,transformer.encoder.block.1.layer.1.DenseReluDense.wi,10,0.06803224235773087,cross
story_cloze,transformer.encoder.block.1.layer.1.DenseReluDense.wi,10,0.10068882256746292,corr
story_cloze,transformer.encoder.block.1.layer.1.DenseReluDense.wi,10,0.07536964118480682,drift
story_cloze,transformer.encoder.block.1.layer.1.DenseReluDense.wi,10,0.09929568320512772,tot
story_cloze,transformer.encoder.block.1.layer.1.DenseReluDense.wi,10,-0.10360263288021088,$\delta_\text{gsc}$
story_cloze,transformer.encoder.block.1.layer.1.DenseReluDense.wi,10,-0.04119239002466202,$\delta_\text{ssc}$
story_cloze,transformer.encoder.block.1.layer.1.DenseReluDense.wo,11,0.06526494771242142,cross
story_cloze,transformer.encoder.block.1.layer.1.DenseReluDense.wo,11,0.08566407114267349,corr
story_cloze,transformer.encoder.block.1.layer.1.DenseReluDense.wo,11,0.18585574626922607,drift
story_cloze,transformer.encoder.block.1.layer.1.DenseReluDense.wo,11,0.16775605082511902,tot
story_cloze,transformer.encoder.block.1.layer.1.DenseReluDense.wo,11,-0.06782982498407364,$\delta_\text{gsc}$
story_cloze,transformer.encoder.block.1.layer.1.DenseReluDense.wo,11,-0.10119888931512833,$\delta_\text{ssc}$
story_cloze,transformer.encoder.block.2.layer.0.SelfAttention.q,12,,cross
story_cloze,transformer.encoder.block.2.layer.0.SelfAttention.q,12,,corr
story_cloze,transformer.encoder.block.2.layer.0.SelfAttention.q,12,,drift
story_cloze,transformer.encoder.block.2.layer.0.SelfAttention.q,12,,tot
story_cloze,transformer.encoder.block.2.layer.0.SelfAttention.q,12,,$\delta_\text{gsc}$
story_cloze,transformer.encoder.block.2.layer.0.SelfAttention.q,12,,$\delta_\text{ssc}$
story_cloze,transformer.encoder.block.2.layer.0.SelfAttention.k,13,,cross
story_cloze,transformer.encoder.block.2.layer.0.SelfAttention.k,13,,corr
story_cloze,transformer.encoder.block.2.layer.0.SelfAttention.k,13,,drift
story_cloze,transformer.encoder.block.2.layer.0.SelfAttention.k,13,,tot
story_cloze,transformer.encoder.block.2.layer.0.SelfAttention.k,13,,$\delta_\text{gsc}$
story_cloze,transformer.encoder.block.2.layer.0.SelfAttention.k,13,,$\delta_\text{ssc}$
story_cloze,transformer.encoder.block.2.layer.0.SelfAttention.v,14,0.07980009913444519,cross
story_cloze,transformer.encoder.block.2.layer.0.SelfAttention.v,14,0.09618949145078659,corr
story_cloze,transformer.encoder.block.2.layer.0.SelfAttention.v,14,0.08978727459907532,drift
story_cloze,transformer.encoder.block.2.layer.0.SelfAttention.v,14,0.08429083973169327,tot
story_cloze,transformer.encoder.block.2.layer.0.SelfAttention.v,14,-0.12201323360204697,$\delta_\text{gsc}$
story_cloze,transformer.encoder.block.2.layer.0.SelfAttention.v,14,-0.059472791850566864,$\delta_\text{ssc}$
story_cloze,transformer.encoder.block.2.layer.0.SelfAttention.o,15,0.10924804955720901,cross
story_cloze,transformer.encoder.block.2.layer.0.SelfAttention.o,15,0.12550662457942963,corr
story_cloze,transformer.encoder.block.2.layer.0.SelfAttention.o,15,0.1270546019077301,drift
story_cloze,transformer.encoder.block.2.layer.0.SelfAttention.o,15,0.11470579355955124,tot
story_cloze,transformer.encoder.block.2.layer.0.SelfAttention.o,15,-0.16386444866657257,$\delta_\text{gsc}$
story_cloze,transformer.encoder.block.2.layer.0.SelfAttention.o,15,-0.08323903381824493,$\delta_\text{ssc}$
story_cloze,transformer.encoder.block.2.layer.1.DenseReluDense.wi,16,0.0593409538269043,cross
story_cloze,transformer.encoder.block.2.layer.1.DenseReluDense.wi,16,0.07688933610916138,corr
story_cloze,transformer.encoder.block.2.layer.1.DenseReluDense.wi,16,0.0924583300948143,drift
story_cloze,transformer.encoder.block.2.layer.1.DenseReluDense.wi,16,0.10141241550445557,tot
story_cloze,transformer.encoder.block.2.layer.1.DenseReluDense.wi,16,-0.07846801728010178,$\delta_\text{gsc}$
story_cloze,transformer.encoder.block.2.layer.1.DenseReluDense.wi,16,-0.04880818724632263,$\delta_\text{ssc}$
story_cloze,transformer.encoder.block.2.layer.1.DenseReluDense.wo,17,0.23230041563510895,cross
story_cloze,transformer.encoder.block.2.layer.1.DenseReluDense.wo,17,0.43684127926826477,corr
story_cloze,transformer.encoder.block.2.layer.1.DenseReluDense.wo,17,0.4480724632740021,drift
story_cloze,transformer.encoder.block.2.layer.1.DenseReluDense.wo,17,0.2417723387479782,tot
story_cloze,transformer.encoder.block.2.layer.1.DenseReluDense.wo,17,-0.3286324441432953,$\delta_\text{gsc}$
story_cloze,transformer.encoder.block.2.layer.1.DenseReluDense.wo,17,-0.5468093752861023,$\delta_\text{ssc}$
story_cloze,transformer.encoder.block.3.layer.0.SelfAttention.q,18,,cross
story_cloze,transformer.encoder.block.3.layer.0.SelfAttention.q,18,,corr
story_cloze,transformer.encoder.block.3.layer.0.SelfAttention.q,18,,drift
story_cloze,transformer.encoder.block.3.layer.0.SelfAttention.q,18,,tot
story_cloze,transformer.encoder.block.3.layer.0.SelfAttention.q,18,,$\delta_\text{gsc}$
story_cloze,transformer.encoder.block.3.layer.0.SelfAttention.q,18,,$\delta_\text{ssc}$
story_cloze,transformer.encoder.block.3.layer.0.SelfAttention.k,19,,cross
story_cloze,transformer.encoder.block.3.layer.0.SelfAttention.k,19,,corr
story_cloze,transformer.encoder.block.3.layer.0.SelfAttention.k,19,,drift
story_cloze,transformer.encoder.block.3.layer.0.SelfAttention.k,19,,tot
story_cloze,transformer.encoder.block.3.layer.0.SelfAttention.k,19,,$\delta_\text{gsc}$
story_cloze,transformer.encoder.block.3.layer.0.SelfAttention.k,19,,$\delta_\text{ssc}$
story_cloze,transformer.encoder.block.3.layer.0.SelfAttention.v,20,0.08294489234685898,cross
story_cloze,transformer.encoder.block.3.layer.0.SelfAttention.v,20,0.10247106105089188,corr
story_cloze,transformer.encoder.block.3.layer.0.SelfAttention.v,20,0.12843677401542664,drift
story_cloze,transformer.encoder.block.3.layer.0.SelfAttention.v,20,0.11997164040803909,tot
story_cloze,transformer.encoder.block.3.layer.0.SelfAttention.v,20,-0.12364710867404938,$\delta_\text{gsc}$
story_cloze,transformer.encoder.block.3.layer.0.SelfAttention.v,20,-0.07023397833108902,$\delta_\text{ssc}$
story_cloze,transformer.encoder.block.3.layer.0.SelfAttention.o,21,0.08720239996910095,cross
story_cloze,transformer.encoder.block.3.layer.0.SelfAttention.o,21,0.10166474431753159,corr
story_cloze,transformer.encoder.block.3.layer.0.SelfAttention.o,21,0.16938504576683044,drift
story_cloze,transformer.encoder.block.3.layer.0.SelfAttention.o,21,0.15222474932670593,tot
story_cloze,transformer.encoder.block.3.layer.0.SelfAttention.o,21,-0.12292918562889099,$\delta_\text{gsc}$
story_cloze,transformer.encoder.block.3.layer.0.SelfAttention.o,21,-0.08309825509786606,$\delta_\text{ssc}$
story_cloze,transformer.encoder.block.3.layer.1.DenseReluDense.wi,22,0.0612291544675827,cross
story_cloze,transformer.encoder.block.3.layer.1.DenseReluDense.wi,22,0.07737734913825989,corr
story_cloze,transformer.encoder.block.3.layer.1.DenseReluDense.wi,22,0.10291837155818939,drift
story_cloze,transformer.encoder.block.3.layer.1.DenseReluDense.wi,22,0.09526025503873825,tot
story_cloze,transformer.encoder.block.3.layer.1.DenseReluDense.wi,22,-0.09249179810285568,$\delta_\text{gsc}$
story_cloze,transformer.encoder.block.3.layer.1.DenseReluDense.wi,22,-0.05377282202243805,$\delta_\text{ssc}$
story_cloze,transformer.encoder.block.3.layer.1.DenseReluDense.wo,23,0.11033539474010468,cross
story_cloze,transformer.encoder.block.3.layer.1.DenseReluDense.wo,23,0.3861368000507355,corr
story_cloze,transformer.encoder.block.3.layer.1.DenseReluDense.wo,23,0.4398399889469147,drift
story_cloze,transformer.encoder.block.3.layer.1.DenseReluDense.wo,23,0.2766355574131012,tot
story_cloze,transformer.encoder.block.3.layer.1.DenseReluDense.wo,23,-0.13193847239017487,$\delta_\text{gsc}$
story_cloze,transformer.encoder.block.3.layer.1.DenseReluDense.wo,23,-0.5277381539344788,$\delta_\text{ssc}$
story_cloze,transformer.encoder.block.4.layer.0.SelfAttention.q,24,,cross
story_cloze,transformer.encoder.block.4.layer.0.SelfAttention.q,24,,corr
story_cloze,transformer.encoder.block.4.layer.0.SelfAttention.q,24,,drift
story_cloze,transformer.encoder.block.4.layer.0.SelfAttention.q,24,,tot
story_cloze,transformer.encoder.block.4.layer.0.SelfAttention.q,24,,$\delta_\text{gsc}$
story_cloze,transformer.encoder.block.4.layer.0.SelfAttention.q,24,,$\delta_\text{ssc}$
story_cloze,transformer.encoder.block.4.layer.0.SelfAttention.k,25,,cross
story_cloze,transformer.encoder.block.4.layer.0.SelfAttention.k,25,,corr
story_cloze,transformer.encoder.block.4.layer.0.SelfAttention.k,25,,drift
story_cloze,transformer.encoder.block.4.layer.0.SelfAttention.k,25,,tot
story_cloze,transformer.encoder.block.4.layer.0.SelfAttention.k,25,,$\delta_\text{gsc}$
story_cloze,transformer.encoder.block.4.layer.0.SelfAttention.k,25,,$\delta_\text{ssc}$
story_cloze,transformer.encoder.block.4.layer.0.SelfAttention.v,26,0.06903987377882004,cross
story_cloze,transformer.encoder.block.4.layer.0.SelfAttention.v,26,0.08103254437446594,corr
story_cloze,transformer.encoder.block.4.layer.0.SelfAttention.v,26,0.17316363751888275,drift
story_cloze,transformer.encoder.block.4.layer.0.SelfAttention.v,26,0.16140252351760864,tot
story_cloze,transformer.encoder.block.4.layer.0.SelfAttention.v,26,-0.09710044413805008,$\delta_\text{gsc}$
story_cloze,transformer.encoder.block.4.layer.0.SelfAttention.v,26,-0.06473308801651001,$\delta_\text{ssc}$
story_cloze,transformer.encoder.block.4.layer.0.SelfAttention.o,27,0.12950679659843445,cross
story_cloze,transformer.encoder.block.4.layer.0.SelfAttention.o,27,0.12940703332424164,corr
story_cloze,transformer.encoder.block.4.layer.0.SelfAttention.o,27,0.23042865097522736,drift
story_cloze,transformer.encoder.block.4.layer.0.SelfAttention.o,27,0.21489883959293365,tot
story_cloze,transformer.encoder.block.4.layer.0.SelfAttention.o,27,-0.18792469799518585,$\delta_\text{gsc}$
story_cloze,transformer.encoder.block.4.layer.0.SelfAttention.o,27,-0.08651894330978394,$\delta_\text{ssc}$
story_cloze,transformer.encoder.block.4.layer.1.DenseReluDense.wi,28,0.050860147923231125,cross
story_cloze,transformer.encoder.block.4.layer.1.DenseReluDense.wi,28,0.0673331469297409,corr
story_cloze,transformer.encoder.block.4.layer.1.DenseReluDense.wi,28,0.1417735517024994,drift
story_cloze,transformer.encoder.block.4.layer.1.DenseReluDense.wi,28,0.12780684232711792,tot
story_cloze,transformer.encoder.block.4.layer.1.DenseReluDense.wi,28,-0.07618248462677002,$\delta_\text{gsc}$
story_cloze,transformer.encoder.block.4.layer.1.DenseReluDense.wi,28,-0.05597752332687378,$\delta_\text{ssc}$
story_cloze,transformer.encoder.block.4.layer.1.DenseReluDense.wo,29,0.22717821598052979,cross
story_cloze,transformer.encoder.block.4.layer.1.DenseReluDense.wo,29,0.4142612814903259,corr
story_cloze,transformer.encoder.block.4.layer.1.DenseReluDense.wo,29,0.49102938175201416,drift
story_cloze,transformer.encoder.block.4.layer.1.DenseReluDense.wo,29,0.34585127234458923,tot
story_cloze,transformer.encoder.block.4.layer.1.DenseReluDense.wo,29,-0.2868930995464325,$\delta_\text{gsc}$
story_cloze,transformer.encoder.block.4.layer.1.DenseReluDense.wo,29,-0.49972450733184814,$\delta_\text{ssc}$
story_cloze,transformer.encoder.block.5.layer.0.SelfAttention.q,30,,cross
story_cloze,transformer.encoder.block.5.layer.0.SelfAttention.q,30,,corr
story_cloze,transformer.encoder.block.5.layer.0.SelfAttention.q,30,,drift
story_cloze,transformer.encoder.block.5.layer.0.SelfAttention.q,30,,tot
story_cloze,transformer.encoder.block.5.layer.0.SelfAttention.q,30,,$\delta_\text{gsc}$
story_cloze,transformer.encoder.block.5.layer.0.SelfAttention.q,30,,$\delta_\text{ssc}$
story_cloze,transformer.encoder.block.5.layer.0.SelfAttention.k,31,,cross
story_cloze,transformer.encoder.block.5.layer.0.SelfAttention.k,31,,corr
story_cloze,transformer.encoder.block.5.layer.0.SelfAttention.k,31,,drift
story_cloze,transformer.encoder.block.5.layer.0.SelfAttention.k,31,,tot
story_cloze,transformer.encoder.block.5.layer.0.SelfAttention.k,31,,$\delta_\text{gsc}$
story_cloze,transformer.encoder.block.5.layer.0.SelfAttention.k,31,,$\delta_\text{ssc}$
story_cloze,transformer.encoder.block.5.layer.0.SelfAttention.v,32,0.11342122405767441,cross
story_cloze,transformer.encoder.block.5.layer.0.SelfAttention.v,32,0.11638741940259933,corr
story_cloze,transformer.encoder.block.5.layer.0.SelfAttention.v,32,0.1959480345249176,drift
story_cloze,transformer.encoder.block.5.layer.0.SelfAttention.v,32,0.1789127141237259,tot
story_cloze,transformer.encoder.block.5.layer.0.SelfAttention.v,32,-0.17059320211410522,$\delta_\text{gsc}$
story_cloze,transformer.encoder.block.5.layer.0.SelfAttention.v,32,-0.07625075429677963,$\delta_\text{ssc}$
story_cloze,transformer.encoder.block.5.layer.0.SelfAttention.o,33,0.18026083707809448,cross
story_cloze,transformer.encoder.block.5.layer.0.SelfAttention.o,33,0.17462821304798126,corr
story_cloze,transformer.encoder.block.5.layer.0.SelfAttention.o,33,0.24372100830078125,drift
story_cloze,transformer.encoder.block.5.layer.0.SelfAttention.o,33,0.2172570675611496,tot
story_cloze,transformer.encoder.block.5.layer.0.SelfAttention.o,33,-0.26328516006469727,$\delta_\text{gsc}$
story_cloze,transformer.encoder.block.5.layer.0.SelfAttention.o,33,-0.11806784570217133,$\delta_\text{ssc}$
story_cloze,transformer.encoder.block.5.layer.1.DenseReluDense.wi,34,0.06159290298819542,cross
story_cloze,transformer.encoder.block.5.layer.1.DenseReluDense.wi,34,0.08212834596633911,corr
story_cloze,transformer.encoder.block.5.layer.1.DenseReluDense.wi,34,0.17371830344200134,drift
story_cloze,transformer.encoder.block.5.layer.1.DenseReluDense.wi,34,0.1501086950302124,tot
story_cloze,transformer.encoder.block.5.layer.1.DenseReluDense.wi,34,-0.09083525836467743,$\delta_\text{gsc}$
story_cloze,transformer.encoder.block.5.layer.1.DenseReluDense.wi,34,-0.07649560272693634,$\delta_\text{ssc}$
story_cloze,transformer.encoder.block.5.layer.1.DenseReluDense.wo,35,0.19370441138744354,cross
story_cloze,transformer.encoder.block.5.layer.1.DenseReluDense.wo,35,0.36599206924438477,corr
story_cloze,transformer.encoder.block.5.layer.1.DenseReluDense.wo,35,0.4464305341243744,drift
story_cloze,transformer.encoder.block.5.layer.1.DenseReluDense.wo,35,0.2851135730743408,tot
story_cloze,transformer.encoder.block.5.layer.1.DenseReluDense.wo,35,-0.2859410047531128,$\delta_\text{gsc}$
story_cloze,transformer.encoder.block.5.layer.1.DenseReluDense.wo,35,-0.4350724220275879,$\delta_\text{ssc}$
story_cloze,transformer.encoder.block.6.layer.0.SelfAttention.q,36,,cross
story_cloze,transformer.encoder.block.6.layer.0.SelfAttention.q,36,,corr
story_cloze,transformer.encoder.block.6.layer.0.SelfAttention.q,36,,drift
story_cloze,transformer.encoder.block.6.layer.0.SelfAttention.q,36,,tot
story_cloze,transformer.encoder.block.6.layer.0.SelfAttention.q,36,,$\delta_\text{gsc}$
story_cloze,transformer.encoder.block.6.layer.0.SelfAttention.q,36,,$\delta_\text{ssc}$
story_cloze,transformer.encoder.block.6.layer.0.SelfAttention.k,37,,cross
story_cloze,transformer.encoder.block.6.layer.0.SelfAttention.k,37,,corr
story_cloze,transformer.encoder.block.6.layer.0.SelfAttention.k,37,,drift
story_cloze,transformer.encoder.block.6.layer.0.SelfAttention.k,37,,tot
story_cloze,transformer.encoder.block.6.layer.0.SelfAttention.k,37,,$\delta_\text{gsc}$
story_cloze,transformer.encoder.block.6.layer.0.SelfAttention.k,37,,$\delta_\text{ssc}$
story_cloze,transformer.encoder.block.6.layer.0.SelfAttention.v,38,0.08872416615486145,cross
story_cloze,transformer.encoder.block.6.layer.0.SelfAttention.v,38,0.08382665365934372,corr
story_cloze,transformer.encoder.block.6.layer.0.SelfAttention.v,38,0.24372103810310364,drift
story_cloze,transformer.encoder.block.6.layer.0.SelfAttention.v,38,0.22530516982078552,tot
story_cloze,transformer.encoder.block.6.layer.0.SelfAttention.v,38,-0.13034993410110474,$\delta_\text{gsc}$
story_cloze,transformer.encoder.block.6.layer.0.SelfAttention.v,38,-0.060616761445999146,$\delta_\text{ssc}$
story_cloze,transformer.encoder.block.6.layer.0.SelfAttention.o,39,0.10490620881319046,cross
story_cloze,transformer.encoder.block.6.layer.0.SelfAttention.o,39,0.10351883620023727,corr
story_cloze,transformer.encoder.block.6.layer.0.SelfAttention.o,39,0.2713528275489807,drift
story_cloze,transformer.encoder.block.6.layer.0.SelfAttention.o,39,0.2542112171649933,tot
story_cloze,transformer.encoder.block.6.layer.0.SelfAttention.o,39,-0.14395856857299805,$\delta_\text{gsc}$
story_cloze,transformer.encoder.block.6.layer.0.SelfAttention.o,39,-0.08160808682441711,$\delta_\text{ssc}$
story_cloze,transformer.encoder.block.6.layer.1.DenseReluDense.wi,40,0.06589090079069138,cross
story_cloze,transformer.encoder.block.6.layer.1.DenseReluDense.wi,40,0.07988493889570236,corr
story_cloze,transformer.encoder.block.6.layer.1.DenseReluDense.wi,40,0.21169398725032806,drift
story_cloze,transformer.encoder.block.6.layer.1.DenseReluDense.wi,40,0.18971821665763855,tot
story_cloze,transformer.encoder.block.6.layer.1.DenseReluDense.wi,40,-0.10041876882314682,$\delta_\text{gsc}$
story_cloze,transformer.encoder.block.6.layer.1.DenseReluDense.wi,40,-0.06733284890651703,$\delta_\text{ssc}$
story_cloze,transformer.encoder.block.6.layer.1.DenseReluDense.wo,41,0.11146918684244156,cross
story_cloze,transformer.encoder.block.6.layer.1.DenseReluDense.wo,41,0.24899719655513763,corr
story_cloze,transformer.encoder.block.6.layer.1.DenseReluDense.wo,41,0.4388408958911896,drift
story_cloze,transformer.encoder.block.6.layer.1.DenseReluDense.wo,41,0.345904678106308,tot
story_cloze,transformer.encoder.block.6.layer.1.DenseReluDense.wo,41,-0.13132059574127197,$\delta_\text{gsc}$
story_cloze,transformer.encoder.block.6.layer.1.DenseReluDense.wo,41,-0.322081983089447,$\delta_\text{ssc}$
story_cloze,transformer.encoder.block.7.layer.0.SelfAttention.q,42,,cross
story_cloze,transformer.encoder.block.7.layer.0.SelfAttention.q,42,,corr
story_cloze,transformer.encoder.block.7.layer.0.SelfAttention.q,42,,drift
story_cloze,transformer.encoder.block.7.layer.0.SelfAttention.q,42,,tot
story_cloze,transformer.encoder.block.7.layer.0.SelfAttention.q,42,,$\delta_\text{gsc}$
story_cloze,transformer.encoder.block.7.layer.0.SelfAttention.q,42,,$\delta_\text{ssc}$
story_cloze,transformer.encoder.block.7.layer.0.SelfAttention.k,43,,cross
story_cloze,transformer.encoder.block.7.layer.0.SelfAttention.k,43,,corr
story_cloze,transformer.encoder.block.7.layer.0.SelfAttention.k,43,,drift
story_cloze,transformer.encoder.block.7.layer.0.SelfAttention.k,43,,tot
story_cloze,transformer.encoder.block.7.layer.0.SelfAttention.k,43,,$\delta_\text{gsc}$
story_cloze,transformer.encoder.block.7.layer.0.SelfAttention.k,43,,$\delta_\text{ssc}$
story_cloze,transformer.encoder.block.7.layer.0.SelfAttention.v,44,0.05315173789858818,cross
story_cloze,transformer.encoder.block.7.layer.0.SelfAttention.v,44,0.04989359527826309,corr
story_cloze,transformer.encoder.block.7.layer.0.SelfAttention.v,44,0.2782299816608429,drift
story_cloze,transformer.encoder.block.7.layer.0.SelfAttention.v,44,0.27303990721702576,tot
story_cloze,transformer.encoder.block.7.layer.0.SelfAttention.v,44,-0.07042859494686127,$\delta_\text{gsc}$
story_cloze,transformer.encoder.block.7.layer.0.SelfAttention.v,44,-0.037806808948516846,$\delta_\text{ssc}$
story_cloze,transformer.encoder.block.7.layer.0.SelfAttention.o,45,0.06041989475488663,cross
story_cloze,transformer.encoder.block.7.layer.0.SelfAttention.o,45,0.05450060963630676,corr
story_cloze,transformer.encoder.block.7.layer.0.SelfAttention.o,45,0.3190493583679199,drift
story_cloze,transformer.encoder.block.7.layer.0.SelfAttention.o,45,0.31605392694473267,tot
story_cloze,transformer.encoder.block.7.layer.0.SelfAttention.o,45,-0.07745420932769775,$\delta_\text{gsc}$
story_cloze,transformer.encoder.block.7.layer.0.SelfAttention.o,45,-0.040461719036102295,$\delta_\text{ssc}$
story_cloze,transformer.encoder.block.7.layer.1.DenseReluDense.wi,46,0.044885095208883286,cross
story_cloze,transformer.encoder.block.7.layer.1.DenseReluDense.wi,46,0.05162984877824783,corr
story_cloze,transformer.encoder.block.7.layer.1.DenseReluDense.wi,46,0.25656044483184814,drift
story_cloze,transformer.encoder.block.7.layer.1.DenseReluDense.wi,46,0.2502477467060089,tot
story_cloze,transformer.encoder.block.7.layer.1.DenseReluDense.wi,46,-0.06311246752738953,$\delta_\text{gsc}$
story_cloze,transformer.encoder.block.7.layer.1.DenseReluDense.wi,46,-0.03971517086029053,$\delta_\text{ssc}$
story_cloze,transformer.encoder.block.7.layer.1.DenseReluDense.wo,47,0.12947691977024078,cross
story_cloze,transformer.encoder.block.7.layer.1.DenseReluDense.wo,47,0.16601578891277313,corr
story_cloze,transformer.encoder.block.7.layer.1.DenseReluDense.wo,47,0.44844144582748413,drift
story_cloze,transformer.encoder.block.7.layer.1.DenseReluDense.wo,47,0.4227084815502167,tot
story_cloze,transformer.encoder.block.7.layer.1.DenseReluDense.wo,47,-0.13646703958511353,$\delta_\text{gsc}$
story_cloze,transformer.encoder.block.7.layer.1.DenseReluDense.wo,47,-0.18475866317749023,$\delta_\text{ssc}$
story_cloze,transformer.encoder.block.8.layer.0.SelfAttention.q,48,,cross
story_cloze,transformer.encoder.block.8.layer.0.SelfAttention.q,48,,corr
story_cloze,transformer.encoder.block.8.layer.0.SelfAttention.q,48,,drift
story_cloze,transformer.encoder.block.8.layer.0.SelfAttention.q,48,,tot
story_cloze,transformer.encoder.block.8.layer.0.SelfAttention.q,48,,$\delta_\text{gsc}$
story_cloze,transformer.encoder.block.8.layer.0.SelfAttention.q,48,,$\delta_\text{ssc}$
story_cloze,transformer.encoder.block.8.layer.0.SelfAttention.k,49,,cross
story_cloze,transformer.encoder.block.8.layer.0.SelfAttention.k,49,,corr
story_cloze,transformer.encoder.block.8.layer.0.SelfAttention.k,49,,drift
story_cloze,transformer.encoder.block.8.layer.0.SelfAttention.k,49,,tot
story_cloze,transformer.encoder.block.8.layer.0.SelfAttention.k,49,,$\delta_\text{gsc}$
story_cloze,transformer.encoder.block.8.layer.0.SelfAttention.k,49,,$\delta_\text{ssc}$
story_cloze,transformer.encoder.block.8.layer.0.SelfAttention.v,50,0.034734226763248444,cross
story_cloze,transformer.encoder.block.8.layer.0.SelfAttention.v,50,0.035294704139232635,corr
story_cloze,transformer.encoder.block.8.layer.0.SelfAttention.v,50,0.2925891578197479,drift
story_cloze,transformer.encoder.block.8.layer.0.SelfAttention.v,50,0.2945157289505005,tot
story_cloze,transformer.encoder.block.8.layer.0.SelfAttention.v,50,-0.040214359760284424,$\delta_\text{gsc}$
story_cloze,transformer.encoder.block.8.layer.0.SelfAttention.v,50,-0.027888000011444092,$\delta_\text{ssc}$
story_cloze,transformer.encoder.block.8.layer.0.SelfAttention.o,51,0.046447522938251495,cross
story_cloze,transformer.encoder.block.8.layer.0.SelfAttention.o,51,0.03891054913401604,corr
story_cloze,transformer.encoder.block.8.layer.0.SelfAttention.o,51,0.3090830147266388,drift
story_cloze,transformer.encoder.block.8.layer.0.SelfAttention.o,51,0.3122424781322479,tot
story_cloze,transformer.encoder.block.8.layer.0.SelfAttention.o,51,-0.0505615770816803,$\delta_\text{gsc}$
story_cloze,transformer.encoder.block.8.layer.0.SelfAttention.o,51,-0.03163701295852661,$\delta_\text{ssc}$
story_cloze,transformer.encoder.block.8.layer.1.DenseReluDense.wi,52,0.04250307008624077,cross
story_cloze,transformer.encoder.block.8.layer.1.DenseReluDense.wi,52,0.037805937230587006,corr
story_cloze,transformer.encoder.block.8.layer.1.DenseReluDense.wi,52,0.26271340250968933,drift
story_cloze,transformer.encoder.block.8.layer.1.DenseReluDense.wi,52,0.25665482878685,tot
story_cloze,transformer.encoder.block.8.layer.1.DenseReluDense.wi,52,-0.05506731569766998,$\delta_\text{gsc}$
story_cloze,transformer.encoder.block.8.layer.1.DenseReluDense.wi,52,-0.03130027651786804,$\delta_\text{ssc}$
story_cloze,transformer.encoder.block.8.layer.1.DenseReluDense.wo,53,0.10159958899021149,cross
story_cloze,transformer.encoder.block.8.layer.1.DenseReluDense.wo,53,0.072746142745018,corr
story_cloze,transformer.encoder.block.8.layer.1.DenseReluDense.wo,53,0.3965701758861542,drift
story_cloze,transformer.encoder.block.8.layer.1.DenseReluDense.wo,53,0.4016960859298706,tot
story_cloze,transformer.encoder.block.8.layer.1.DenseReluDense.wo,53,-0.10459813475608826,$\delta_\text{gsc}$
story_cloze,transformer.encoder.block.8.layer.1.DenseReluDense.wo,53,-0.06462165713310242,$\delta_\text{ssc}$
story_cloze,transformer.encoder.block.9.layer.0.SelfAttention.q,54,,cross
story_cloze,transformer.encoder.block.9.layer.0.SelfAttention.q,54,,corr
story_cloze,transformer.encoder.block.9.layer.0.SelfAttention.q,54,,drift
story_cloze,transformer.encoder.block.9.layer.0.SelfAttention.q,54,,tot
story_cloze,transformer.encoder.block.9.layer.0.SelfAttention.q,54,,$\delta_\text{gsc}$
story_cloze,transformer.encoder.block.9.layer.0.SelfAttention.q,54,,$\delta_\text{ssc}$
story_cloze,transformer.encoder.block.9.layer.0.SelfAttention.k,55,,cross
story_cloze,transformer.encoder.block.9.layer.0.SelfAttention.k,55,,corr
story_cloze,transformer.encoder.block.9.layer.0.SelfAttention.k,55,,drift
story_cloze,transformer.encoder.block.9.layer.0.SelfAttention.k,55,,tot
story_cloze,transformer.encoder.block.9.layer.0.SelfAttention.k,55,,$\delta_\text{gsc}$
story_cloze,transformer.encoder.block.9.layer.0.SelfAttention.k,55,,$\delta_\text{ssc}$
story_cloze,transformer.encoder.block.9.layer.0.SelfAttention.v,56,0.03946029022336006,cross
story_cloze,transformer.encoder.block.9.layer.0.SelfAttention.v,56,0.036922045052051544,corr
story_cloze,transformer.encoder.block.9.layer.0.SelfAttention.v,56,0.2996063828468323,drift
story_cloze,transformer.encoder.block.9.layer.0.SelfAttention.v,56,0.30211833119392395,tot
story_cloze,transformer.encoder.block.9.layer.0.SelfAttention.v,56,-0.045892298221588135,$\delta_\text{gsc}$
story_cloze,transformer.encoder.block.9.layer.0.SelfAttention.v,56,-0.027978092432022095,$\delta_\text{ssc}$
story_cloze,transformer.encoder.block.9.layer.0.SelfAttention.o,57,0.08173759281635284,cross
story_cloze,transformer.encoder.block.9.layer.0.SelfAttention.o,57,0.06181352213025093,corr
story_cloze,transformer.encoder.block.9.layer.0.SelfAttention.o,57,0.30470556020736694,drift
story_cloze,transformer.encoder.block.9.layer.0.SelfAttention.o,57,0.3089679479598999,tot
story_cloze,transformer.encoder.block.9.layer.0.SelfAttention.o,57,-0.09441976249217987,$\delta_\text{gsc}$
story_cloze,transformer.encoder.block.9.layer.0.SelfAttention.o,57,-0.04486897587776184,$\delta_\text{ssc}$
story_cloze,transformer.encoder.block.9.layer.1.DenseReluDense.wi,58,0.0890849232673645,cross
story_cloze,transformer.encoder.block.9.layer.1.DenseReluDense.wi,58,0.07301797717809677,corr
story_cloze,transformer.encoder.block.9.layer.1.DenseReluDense.wi,58,0.2763875722885132,drift
story_cloze,transformer.encoder.block.9.layer.1.DenseReluDense.wi,58,0.2741027772426605,tot
story_cloze,transformer.encoder.block.9.layer.1.DenseReluDense.wi,58,-0.12374815344810486,$\delta_\text{gsc}$
story_cloze,transformer.encoder.block.9.layer.1.DenseReluDense.wi,58,-0.04063954949378967,$\delta_\text{ssc}$
story_cloze,transformer.encoder.block.9.layer.1.DenseReluDense.wo,59,0.15068188309669495,cross
story_cloze,transformer.encoder.block.9.layer.1.DenseReluDense.wo,59,0.047857437282800674,corr
story_cloze,transformer.encoder.block.9.layer.1.DenseReluDense.wo,59,0.4185091257095337,drift
story_cloze,transformer.encoder.block.9.layer.1.DenseReluDense.wo,59,0.4281514585018158,tot
story_cloze,transformer.encoder.block.9.layer.1.DenseReluDense.wo,59,-0.15530827641487122,$\delta_\text{gsc}$
story_cloze,transformer.encoder.block.9.layer.1.DenseReluDense.wo,59,-0.033588707447052,$\delta_\text{ssc}$
story_cloze,transformer.encoder.block.10.layer.0.SelfAttention.q,60,,cross
story_cloze,transformer.encoder.block.10.layer.0.SelfAttention.q,60,,corr
story_cloze,transformer.encoder.block.10.layer.0.SelfAttention.q,60,,drift
story_cloze,transformer.encoder.block.10.layer.0.SelfAttention.q,60,,tot
story_cloze,transformer.encoder.block.10.layer.0.SelfAttention.q,60,,$\delta_\text{gsc}$
story_cloze,transformer.encoder.block.10.layer.0.SelfAttention.q,60,,$\delta_\text{ssc}$
story_cloze,transformer.encoder.block.10.layer.0.SelfAttention.k,61,,cross
story_cloze,transformer.encoder.block.10.layer.0.SelfAttention.k,61,,corr
story_cloze,transformer.encoder.block.10.layer.0.SelfAttention.k,61,,drift
story_cloze,transformer.encoder.block.10.layer.0.SelfAttention.k,61,,tot
story_cloze,transformer.encoder.block.10.layer.0.SelfAttention.k,61,,$\delta_\text{gsc}$
story_cloze,transformer.encoder.block.10.layer.0.SelfAttention.k,61,,$\delta_\text{ssc}$
story_cloze,transformer.encoder.block.10.layer.0.SelfAttention.v,62,0.033921096473932266,cross
story_cloze,transformer.encoder.block.10.layer.0.SelfAttention.v,62,0.0290449820458889,corr
story_cloze,transformer.encoder.block.10.layer.0.SelfAttention.v,62,0.3121620714664459,drift
story_cloze,transformer.encoder.block.10.layer.0.SelfAttention.v,62,0.3201260566711426,tot
story_cloze,transformer.encoder.block.10.layer.0.SelfAttention.v,62,-0.03623047471046448,$\delta_\text{gsc}$
story_cloze,transformer.encoder.block.10.layer.0.SelfAttention.v,62,-0.018771618604660034,$\delta_\text{ssc}$
story_cloze,transformer.encoder.block.10.layer.0.SelfAttention.o,63,0.05594181269407272,cross
story_cloze,transformer.encoder.block.10.layer.0.SelfAttention.o,63,0.03254308924078941,corr
story_cloze,transformer.encoder.block.10.layer.0.SelfAttention.o,63,0.3190173804759979,drift
story_cloze,transformer.encoder.block.10.layer.0.SelfAttention.o,63,0.3268764615058899,tot
story_cloze,transformer.encoder.block.10.layer.0.SelfAttention.o,63,-0.06068158149719238,$\delta_\text{gsc}$
story_cloze,transformer.encoder.block.10.layer.0.SelfAttention.o,63,-0.01994425058364868,$\delta_\text{ssc}$
story_cloze,transformer.encoder.block.10.layer.1.DenseReluDense.wi,64,0.1369188278913498,cross
story_cloze,transformer.encoder.block.10.layer.1.DenseReluDense.wi,64,0.13310843706130981,corr
story_cloze,transformer.encoder.block.10.layer.1.DenseReluDense.wi,64,0.2972853481769562,drift
story_cloze,transformer.encoder.block.10.layer.1.DenseReluDense.wi,64,0.30273836851119995,tot
story_cloze,transformer.encoder.block.10.layer.1.DenseReluDense.wi,64,-0.1843746453523636,$\delta_\text{gsc}$
story_cloze,transformer.encoder.block.10.layer.1.DenseReluDense.wi,64,-0.08019959926605225,$\delta_\text{ssc}$
story_cloze,transformer.encoder.block.10.layer.1.DenseReluDense.wo,65,0.14883644878864288,cross
story_cloze,transformer.encoder.block.10.layer.1.DenseReluDense.wo,65,0.05548650026321411,corr
story_cloze,transformer.encoder.block.10.layer.1.DenseReluDense.wo,65,0.3816051483154297,drift
story_cloze,transformer.encoder.block.10.layer.1.DenseReluDense.wo,65,0.37148383259773254,tot
story_cloze,transformer.encoder.block.10.layer.1.DenseReluDense.wo,65,-0.16398294270038605,$\delta_\text{gsc}$
story_cloze,transformer.encoder.block.10.layer.1.DenseReluDense.wo,65,-0.05046132206916809,$\delta_\text{ssc}$
story_cloze,transformer.encoder.block.11.layer.0.SelfAttention.q,66,,cross
story_cloze,transformer.encoder.block.11.layer.0.SelfAttention.q,66,,corr
story_cloze,transformer.encoder.block.11.layer.0.SelfAttention.q,66,,drift
story_cloze,transformer.encoder.block.11.layer.0.SelfAttention.q,66,,tot
story_cloze,transformer.encoder.block.11.layer.0.SelfAttention.q,66,,$\delta_\text{gsc}$
story_cloze,transformer.encoder.block.11.layer.0.SelfAttention.q,66,,$\delta_\text{ssc}$
story_cloze,transformer.encoder.block.11.layer.0.SelfAttention.k,67,,cross
story_cloze,transformer.encoder.block.11.layer.0.SelfAttention.k,67,,corr
story_cloze,transformer.encoder.block.11.layer.0.SelfAttention.k,67,,drift
story_cloze,transformer.encoder.block.11.layer.0.SelfAttention.k,67,,tot
story_cloze,transformer.encoder.block.11.layer.0.SelfAttention.k,67,,$\delta_\text{gsc}$
story_cloze,transformer.encoder.block.11.layer.0.SelfAttention.k,67,,$\delta_\text{ssc}$
story_cloze,transformer.encoder.block.11.layer.0.SelfAttention.v,68,0.03835265338420868,cross
story_cloze,transformer.encoder.block.11.layer.0.SelfAttention.v,68,0.029443278908729553,corr
story_cloze,transformer.encoder.block.11.layer.0.SelfAttention.v,68,0.3157127797603607,drift
story_cloze,transformer.encoder.block.11.layer.0.SelfAttention.v,68,0.32423004508018494,tot
story_cloze,transformer.encoder.block.11.layer.0.SelfAttention.v,68,-0.04130014777183533,$\delta_\text{gsc}$
story_cloze,transformer.encoder.block.11.layer.0.SelfAttention.v,68,-0.017978519201278687,$\delta_\text{ssc}$
story_cloze,transformer.encoder.block.11.layer.0.SelfAttention.o,69,0.04891170561313629,cross
story_cloze,transformer.encoder.block.11.layer.0.SelfAttention.o,69,0.03508610650897026,corr
story_cloze,transformer.encoder.block.11.layer.0.SelfAttention.o,69,0.30726107954978943,drift
story_cloze,transformer.encoder.block.11.layer.0.SelfAttention.o,69,0.3172781467437744,tot
story_cloze,transformer.encoder.block.11.layer.0.SelfAttention.o,69,-0.052161335945129395,$\delta_\text{gsc}$
story_cloze,transformer.encoder.block.11.layer.0.SelfAttention.o,69,-0.021819382905960083,$\delta_\text{ssc}$
story_cloze,transformer.encoder.block.11.layer.1.DenseReluDense.wi,70,0.16079536080360413,cross
story_cloze,transformer.encoder.block.11.layer.1.DenseReluDense.wi,70,0.15414045751094818,corr
story_cloze,transformer.encoder.block.11.layer.1.DenseReluDense.wi,70,0.3160441219806671,drift
story_cloze,transformer.encoder.block.11.layer.1.DenseReluDense.wi,70,0.3222266733646393,tot
story_cloze,transformer.encoder.block.11.layer.1.DenseReluDense.wi,70,-0.20557734370231628,$\delta_\text{gsc}$
story_cloze,transformer.encoder.block.11.layer.1.DenseReluDense.wi,70,-0.10317592322826385,$\delta_\text{ssc}$
story_cloze,transformer.encoder.block.11.layer.1.DenseReluDense.wo,71,0.13691282272338867,cross
story_cloze,transformer.encoder.block.11.layer.1.DenseReluDense.wo,71,0.05102432891726494,corr
story_cloze,transformer.encoder.block.11.layer.1.DenseReluDense.wo,71,0.4945712387561798,drift
story_cloze,transformer.encoder.block.11.layer.1.DenseReluDense.wo,71,0.47020795941352844,tot
story_cloze,transformer.encoder.block.11.layer.1.DenseReluDense.wo,71,-0.1614806354045868,$\delta_\text{gsc}$
story_cloze,transformer.encoder.block.11.layer.1.DenseReluDense.wo,71,-0.05081978440284729,$\delta_\text{ssc}$
story_cloze,transformer.decoder.block.0.layer.0.SelfAttention.q,72,,cross
story_cloze,transformer.decoder.block.0.layer.0.SelfAttention.q,72,,corr
story_cloze,transformer.decoder.block.0.layer.0.SelfAttention.q,72,,drift
story_cloze,transformer.decoder.block.0.layer.0.SelfAttention.q,72,,tot
story_cloze,transformer.decoder.block.0.layer.0.SelfAttention.q,72,,$\delta_\text{gsc}$
story_cloze,transformer.decoder.block.0.layer.0.SelfAttention.q,72,,$\delta_\text{ssc}$
story_cloze,transformer.decoder.block.0.layer.0.SelfAttention.k,73,,cross
story_cloze,transformer.decoder.block.0.layer.0.SelfAttention.k,73,,corr
story_cloze,transformer.decoder.block.0.layer.0.SelfAttention.k,73,,drift
story_cloze,transformer.decoder.block.0.layer.0.SelfAttention.k,73,,tot
story_cloze,transformer.decoder.block.0.layer.0.SelfAttention.k,73,,$\delta_\text{gsc}$
story_cloze,transformer.decoder.block.0.layer.0.SelfAttention.k,73,,$\delta_\text{ssc}$
story_cloze,transformer.decoder.block.0.layer.0.SelfAttention.v,74,0.06312260031700134,cross
story_cloze,transformer.decoder.block.0.layer.0.SelfAttention.v,74,0.05955665186047554,corr
story_cloze,transformer.decoder.block.0.layer.0.SelfAttention.v,74,0.022968165576457977,drift
story_cloze,transformer.decoder.block.0.layer.0.SelfAttention.v,74,0.02223297394812107,tot
story_cloze,transformer.decoder.block.0.layer.0.SelfAttention.v,74,-0.11259546875953674,$\delta_\text{gsc}$
story_cloze,transformer.decoder.block.0.layer.0.SelfAttention.v,74,-0.010818976908922195,$\delta_\text{ssc}$
story_cloze,transformer.decoder.block.0.layer.0.SelfAttention.o,75,0.03473788499832153,cross
story_cloze,transformer.decoder.block.0.layer.0.SelfAttention.o,75,0.03963100537657738,corr
story_cloze,transformer.decoder.block.0.layer.0.SelfAttention.o,75,0.03064233809709549,drift
story_cloze,transformer.decoder.block.0.layer.0.SelfAttention.o,75,0.029427871108055115,tot
story_cloze,transformer.decoder.block.0.layer.0.SelfAttention.o,75,-0.05804944783449173,$\delta_\text{gsc}$
story_cloze,transformer.decoder.block.0.layer.0.SelfAttention.o,75,-0.017533909529447556,$\delta_\text{ssc}$
story_cloze,transformer.decoder.block.0.layer.1.EncDecAttention.q,76,,cross
story_cloze,transformer.decoder.block.0.layer.1.EncDecAttention.q,76,,corr
story_cloze,transformer.decoder.block.0.layer.1.EncDecAttention.q,76,,drift
story_cloze,transformer.decoder.block.0.layer.1.EncDecAttention.q,76,,tot
story_cloze,transformer.decoder.block.0.layer.1.EncDecAttention.q,76,,$\delta_\text{gsc}$
story_cloze,transformer.decoder.block.0.layer.1.EncDecAttention.q,76,,$\delta_\text{ssc}$
story_cloze,transformer.decoder.block.0.layer.1.EncDecAttention.k,77,,cross
story_cloze,transformer.decoder.block.0.layer.1.EncDecAttention.k,77,,corr
story_cloze,transformer.decoder.block.0.layer.1.EncDecAttention.k,77,,drift
story_cloze,transformer.decoder.block.0.layer.1.EncDecAttention.k,77,,tot
story_cloze,transformer.decoder.block.0.layer.1.EncDecAttention.k,77,,$\delta_\text{gsc}$
story_cloze,transformer.decoder.block.0.layer.1.EncDecAttention.k,77,,$\delta_\text{ssc}$
story_cloze,transformer.decoder.block.0.layer.1.EncDecAttention.v,78,0.2979801893234253,cross
story_cloze,transformer.decoder.block.0.layer.1.EncDecAttention.v,78,0.43097907304763794,corr
story_cloze,transformer.decoder.block.0.layer.1.EncDecAttention.v,78,0.31334981322288513,drift
story_cloze,transformer.decoder.block.0.layer.1.EncDecAttention.v,78,0.37141767144203186,tot
story_cloze,transformer.decoder.block.0.layer.1.EncDecAttention.v,78,-0.39673852920532227,$\delta_\text{gsc}$
story_cloze,transformer.decoder.block.0.layer.1.EncDecAttention.v,78,-0.27415287494659424,$\delta_\text{ssc}$
story_cloze,transformer.decoder.block.0.layer.1.EncDecAttention.o,79,0.2989949882030487,cross
story_cloze,transformer.decoder.block.0.layer.1.EncDecAttention.o,79,0.35730019211769104,corr
story_cloze,transformer.decoder.block.0.layer.1.EncDecAttention.o,79,0.3009098172187805,drift
story_cloze,transformer.decoder.block.0.layer.1.EncDecAttention.o,79,0.3324771225452423,tot
story_cloze,transformer.decoder.block.0.layer.1.EncDecAttention.o,79,-0.39436954259872437,$\delta_\text{gsc}$
story_cloze,transformer.decoder.block.0.layer.1.EncDecAttention.o,79,-0.2303583323955536,$\delta_\text{ssc}$
story_cloze,transformer.decoder.block.0.layer.2.DenseReluDense.wi,80,0.031391970813274384,cross
story_cloze,transformer.decoder.block.0.layer.2.DenseReluDense.wi,80,0.15355563163757324,corr
story_cloze,transformer.decoder.block.0.layer.2.DenseReluDense.wi,80,0.18779483437538147,drift
story_cloze,transformer.decoder.block.0.layer.2.DenseReluDense.wi,80,0.2646746337413788,tot
story_cloze,transformer.decoder.block.0.layer.2.DenseReluDense.wi,80,-0.04403993487358093,$\delta_\text{gsc}$
story_cloze,transformer.decoder.block.0.layer.2.DenseReluDense.wi,80,-0.06402787566184998,$\delta_\text{ssc}$
story_cloze,transformer.decoder.block.0.layer.2.DenseReluDense.wo,81,0.05123216658830643,cross
story_cloze,transformer.decoder.block.0.layer.2.DenseReluDense.wo,81,0.0978679433465004,corr
story_cloze,transformer.decoder.block.0.layer.2.DenseReluDense.wo,81,0.3873744308948517,drift
story_cloze,transformer.decoder.block.0.layer.2.DenseReluDense.wo,81,0.42442643642425537,tot
story_cloze,transformer.decoder.block.0.layer.2.DenseReluDense.wo,81,-0.056043267250061035,$\delta_\text{gsc}$
story_cloze,transformer.decoder.block.0.layer.2.DenseReluDense.wo,81,-0.05600482225418091,$\delta_\text{ssc}$
story_cloze,transformer.decoder.block.1.layer.0.SelfAttention.q,82,,cross
story_cloze,transformer.decoder.block.1.layer.0.SelfAttention.q,82,,corr
story_cloze,transformer.decoder.block.1.layer.0.SelfAttention.q,82,,drift
story_cloze,transformer.decoder.block.1.layer.0.SelfAttention.q,82,,tot
story_cloze,transformer.decoder.block.1.layer.0.SelfAttention.q,82,,$\delta_\text{gsc}$
story_cloze,transformer.decoder.block.1.layer.0.SelfAttention.q,82,,$\delta_\text{ssc}$
story_cloze,transformer.decoder.block.1.layer.0.SelfAttention.k,83,,cross
story_cloze,transformer.decoder.block.1.layer.0.SelfAttention.k,83,,corr
story_cloze,transformer.decoder.block.1.layer.0.SelfAttention.k,83,,drift
story_cloze,transformer.decoder.block.1.layer.0.SelfAttention.k,83,,tot
story_cloze,transformer.decoder.block.1.layer.0.SelfAttention.k,83,,$\delta_\text{gsc}$
story_cloze,transformer.decoder.block.1.layer.0.SelfAttention.k,83,,$\delta_\text{ssc}$
story_cloze,transformer.decoder.block.1.layer.0.SelfAttention.v,84,0.07960062474012375,cross
story_cloze,transformer.decoder.block.1.layer.0.SelfAttention.v,84,0.18287557363510132,corr
story_cloze,transformer.decoder.block.1.layer.0.SelfAttention.v,84,0.32275697588920593,drift
story_cloze,transformer.decoder.block.1.layer.0.SelfAttention.v,84,0.4006199538707733,tot
story_cloze,transformer.decoder.block.1.layer.0.SelfAttention.v,84,-0.11679285764694214,$\delta_\text{gsc}$
story_cloze,transformer.decoder.block.1.layer.0.SelfAttention.v,84,-0.06782037019729614,$\delta_\text{ssc}$
story_cloze,transformer.decoder.block.1.layer.0.SelfAttention.o,85,0.12440039217472076,cross
story_cloze,transformer.decoder.block.1.layer.0.SelfAttention.o,85,0.25602278113365173,corr
story_cloze,transformer.decoder.block.1.layer.0.SelfAttention.o,85,0.2869567573070526,drift
story_cloze,transformer.decoder.block.1.layer.0.SelfAttention.o,85,0.38512423634529114,tot
story_cloze,transformer.decoder.block.1.layer.0.SelfAttention.o,85,-0.18122461438179016,$\delta_\text{gsc}$
story_cloze,transformer.decoder.block.1.layer.0.SelfAttention.o,85,-0.101031094789505,$\delta_\text{ssc}$
story_cloze,transformer.decoder.block.1.layer.1.EncDecAttention.q,86,,cross
story_cloze,transformer.decoder.block.1.layer.1.EncDecAttention.q,86,,corr
story_cloze,transformer.decoder.block.1.layer.1.EncDecAttention.q,86,,drift
story_cloze,transformer.decoder.block.1.layer.1.EncDecAttention.q,86,,tot
story_cloze,transformer.decoder.block.1.layer.1.EncDecAttention.q,86,,$\delta_\text{gsc}$
story_cloze,transformer.decoder.block.1.layer.1.EncDecAttention.q,86,,$\delta_\text{ssc}$
story_cloze,transformer.decoder.block.1.layer.1.EncDecAttention.k,87,,cross
story_cloze,transformer.decoder.block.1.layer.1.EncDecAttention.k,87,,corr
story_cloze,transformer.decoder.block.1.layer.1.EncDecAttention.k,87,,drift
story_cloze,transformer.decoder.block.1.layer.1.EncDecAttention.k,87,,tot
story_cloze,transformer.decoder.block.1.layer.1.EncDecAttention.k,87,,$\delta_\text{gsc}$
story_cloze,transformer.decoder.block.1.layer.1.EncDecAttention.k,87,,$\delta_\text{ssc}$
story_cloze,transformer.decoder.block.1.layer.1.EncDecAttention.v,88,0.30287274718284607,cross
story_cloze,transformer.decoder.block.1.layer.1.EncDecAttention.v,88,0.3872908055782318,corr
story_cloze,transformer.decoder.block.1.layer.1.EncDecAttention.v,88,0.3154190480709076,drift
story_cloze,transformer.decoder.block.1.layer.1.EncDecAttention.v,88,0.34981366991996765,tot
story_cloze,transformer.decoder.block.1.layer.1.EncDecAttention.v,88,-0.40291914343833923,$\delta_\text{gsc}$
story_cloze,transformer.decoder.block.1.layer.1.EncDecAttention.v,88,-0.2528497874736786,$\delta_\text{ssc}$
story_cloze,transformer.decoder.block.1.layer.1.EncDecAttention.o,89,0.19411255419254303,cross
story_cloze,transformer.decoder.block.1.layer.1.EncDecAttention.o,89,0.20578914880752563,corr
story_cloze,transformer.decoder.block.1.layer.1.EncDecAttention.o,89,0.29724735021591187,drift
story_cloze,transformer.decoder.block.1.layer.1.EncDecAttention.o,89,0.3160172402858734,tot
story_cloze,transformer.decoder.block.1.layer.1.EncDecAttention.o,89,-0.2392321079969406,$\delta_\text{gsc}$
story_cloze,transformer.decoder.block.1.layer.1.EncDecAttention.o,89,-0.1418997049331665,$\delta_\text{ssc}$
story_cloze,transformer.decoder.block.1.layer.2.DenseReluDense.wi,90,0.04103020206093788,cross
story_cloze,transformer.decoder.block.1.layer.2.DenseReluDense.wi,90,0.14525288343429565,corr
story_cloze,transformer.decoder.block.1.layer.2.DenseReluDense.wi,90,0.3186265230178833,drift
story_cloze,transformer.decoder.block.1.layer.2.DenseReluDense.wi,90,0.39614740014076233,tot
story_cloze,transformer.decoder.block.1.layer.2.DenseReluDense.wi,90,-0.055772751569747925,$\delta_\text{gsc}$
story_cloze,transformer.decoder.block.1.layer.2.DenseReluDense.wi,90,-0.052989453077316284,$\delta_\text{ssc}$
story_cloze,transformer.decoder.block.1.layer.2.DenseReluDense.wo,91,0.06979124248027802,cross
story_cloze,transformer.decoder.block.1.layer.2.DenseReluDense.wo,91,0.09907351434230804,corr
story_cloze,transformer.decoder.block.1.layer.2.DenseReluDense.wo,91,0.4287053048610687,drift
story_cloze,transformer.decoder.block.1.layer.2.DenseReluDense.wo,91,0.43691200017929077,tot
story_cloze,transformer.decoder.block.1.layer.2.DenseReluDense.wo,91,-0.06892266869544983,$\delta_\text{gsc}$
story_cloze,transformer.decoder.block.1.layer.2.DenseReluDense.wo,91,-0.09173539280891418,$\delta_\text{ssc}$
story_cloze,transformer.decoder.block.2.layer.0.SelfAttention.q,92,,cross
story_cloze,transformer.decoder.block.2.layer.0.SelfAttention.q,92,,corr
story_cloze,transformer.decoder.block.2.layer.0.SelfAttention.q,92,,drift
story_cloze,transformer.decoder.block.2.layer.0.SelfAttention.q,92,,tot
story_cloze,transformer.decoder.block.2.layer.0.SelfAttention.q,92,,$\delta_\text{gsc}$
story_cloze,transformer.decoder.block.2.layer.0.SelfAttention.q,92,,$\delta_\text{ssc}$
story_cloze,transformer.decoder.block.2.layer.0.SelfAttention.k,93,,cross
story_cloze,transformer.decoder.block.2.layer.0.SelfAttention.k,93,,corr
story_cloze,transformer.decoder.block.2.layer.0.SelfAttention.k,93,,drift
story_cloze,transformer.decoder.block.2.layer.0.SelfAttention.k,93,,tot
story_cloze,transformer.decoder.block.2.layer.0.SelfAttention.k,93,,$\delta_\text{gsc}$
story_cloze,transformer.decoder.block.2.layer.0.SelfAttention.k,93,,$\delta_\text{ssc}$
story_cloze,transformer.decoder.block.2.layer.0.SelfAttention.v,94,0.04200868681073189,cross
story_cloze,transformer.decoder.block.2.layer.0.SelfAttention.v,94,0.10708583146333694,corr
story_cloze,transformer.decoder.block.2.layer.0.SelfAttention.v,94,0.40361469984054565,drift
story_cloze,transformer.decoder.block.2.layer.0.SelfAttention.v,94,0.44142910838127136,tot
story_cloze,transformer.decoder.block.2.layer.0.SelfAttention.v,94,-0.057799458503723145,$\delta_\text{gsc}$
story_cloze,transformer.decoder.block.2.layer.0.SelfAttention.v,94,-0.05348065495491028,$\delta_\text{ssc}$
story_cloze,transformer.decoder.block.2.layer.0.SelfAttention.o,95,0.14335379004478455,cross
story_cloze,transformer.decoder.block.2.layer.0.SelfAttention.o,95,0.3148467242717743,corr
story_cloze,transformer.decoder.block.2.layer.0.SelfAttention.o,95,0.32809069752693176,drift
story_cloze,transformer.decoder.block.2.layer.0.SelfAttention.o,95,0.44710734486579895,tot
story_cloze,transformer.decoder.block.2.layer.0.SelfAttention.o,95,-0.1753741204738617,$\delta_\text{gsc}$
story_cloze,transformer.decoder.block.2.layer.0.SelfAttention.o,95,-0.16380974650382996,$\delta_\text{ssc}$
story_cloze,transformer.decoder.block.2.layer.1.EncDecAttention.q,96,,cross
story_cloze,transformer.decoder.block.2.layer.1.EncDecAttention.q,96,,corr
story_cloze,transformer.decoder.block.2.layer.1.EncDecAttention.q,96,,drift
story_cloze,transformer.decoder.block.2.layer.1.EncDecAttention.q,96,,tot
story_cloze,transformer.decoder.block.2.layer.1.EncDecAttention.q,96,,$\delta_\text{gsc}$
story_cloze,transformer.decoder.block.2.layer.1.EncDecAttention.q,96,,$\delta_\text{ssc}$
story_cloze,transformer.decoder.block.2.layer.1.EncDecAttention.k,97,,cross
story_cloze,transformer.decoder.block.2.layer.1.EncDecAttention.k,97,,corr
story_cloze,transformer.decoder.block.2.layer.1.EncDecAttention.k,97,,drift
story_cloze,transformer.decoder.block.2.layer.1.EncDecAttention.k,97,,tot
story_cloze,transformer.decoder.block.2.layer.1.EncDecAttention.k,97,,$\delta_\text{gsc}$
story_cloze,transformer.decoder.block.2.layer.1.EncDecAttention.k,97,,$\delta_\text{ssc}$
story_cloze,transformer.decoder.block.2.layer.1.EncDecAttention.v,98,0.2895025312900543,cross
story_cloze,transformer.decoder.block.2.layer.1.EncDecAttention.v,98,0.4026225507259369,corr
story_cloze,transformer.decoder.block.2.layer.1.EncDecAttention.v,98,0.31263473629951477,drift
story_cloze,transformer.decoder.block.2.layer.1.EncDecAttention.v,98,0.35253238677978516,tot
story_cloze,transformer.decoder.block.2.layer.1.EncDecAttention.v,98,-0.393915057182312,$\delta_\text{gsc}$
story_cloze,transformer.decoder.block.2.layer.1.EncDecAttention.v,98,-0.2583123743534088,$\delta_\text{ssc}$
story_cloze,transformer.decoder.block.2.layer.1.EncDecAttention.o,99,0.2135198414325714,cross
story_cloze,transformer.decoder.block.2.layer.1.EncDecAttention.o,99,0.25429579615592957,corr
story_cloze,transformer.decoder.block.2.layer.1.EncDecAttention.o,99,0.3098546862602234,drift
story_cloze,transformer.decoder.block.2.layer.1.EncDecAttention.o,99,0.33696693181991577,tot
story_cloze,transformer.decoder.block.2.layer.1.EncDecAttention.o,99,-0.26437118649482727,$\delta_\text{gsc}$
story_cloze,transformer.decoder.block.2.layer.1.EncDecAttention.o,99,-0.17633220553398132,$\delta_\text{ssc}$
story_cloze,transformer.decoder.block.2.layer.2.DenseReluDense.wi,100,0.015724100172519684,cross
story_cloze,transformer.decoder.block.2.layer.2.DenseReluDense.wi,100,0.08353564888238907,corr
story_cloze,transformer.decoder.block.2.layer.2.DenseReluDense.wi,100,0.3747568428516388,drift
story_cloze,transformer.decoder.block.2.layer.2.DenseReluDense.wi,100,0.4138720631599426,tot
story_cloze,transformer.decoder.block.2.layer.2.DenseReluDense.wi,100,-0.021478623151779175,$\delta_\text{gsc}$
story_cloze,transformer.decoder.block.2.layer.2.DenseReluDense.wi,100,-0.03866589069366455,$\delta_\text{ssc}$
story_cloze,transformer.decoder.block.2.layer.2.DenseReluDense.wo,101,0.07109691947698593,cross
story_cloze,transformer.decoder.block.2.layer.2.DenseReluDense.wo,101,0.11518549174070358,corr
story_cloze,transformer.decoder.block.2.layer.2.DenseReluDense.wo,101,0.4999940097332001,drift
story_cloze,transformer.decoder.block.2.layer.2.DenseReluDense.wo,101,0.4999994933605194,tot
story_cloze,transformer.decoder.block.2.layer.2.DenseReluDense.wo,101,-0.07109683752059937,$\delta_\text{gsc}$
story_cloze,transformer.decoder.block.2.layer.2.DenseReluDense.wo,101,-0.115180104970932,$\delta_\text{ssc}$
story_cloze,transformer.decoder.block.3.layer.0.SelfAttention.q,102,,cross
story_cloze,transformer.decoder.block.3.layer.0.SelfAttention.q,102,,corr
story_cloze,transformer.decoder.block.3.layer.0.SelfAttention.q,102,,drift
story_cloze,transformer.decoder.block.3.layer.0.SelfAttention.q,102,,tot
story_cloze,transformer.decoder.block.3.layer.0.SelfAttention.q,102,,$\delta_\text{gsc}$
story_cloze,transformer.decoder.block.3.layer.0.SelfAttention.q,102,,$\delta_\text{ssc}$
story_cloze,transformer.decoder.block.3.layer.0.SelfAttention.k,103,,cross
story_cloze,transformer.decoder.block.3.layer.0.SelfAttention.k,103,,corr
story_cloze,transformer.decoder.block.3.layer.0.SelfAttention.k,103,,drift
story_cloze,transformer.decoder.block.3.layer.0.SelfAttention.k,103,,tot
story_cloze,transformer.decoder.block.3.layer.0.SelfAttention.k,103,,$\delta_\text{gsc}$
story_cloze,transformer.decoder.block.3.layer.0.SelfAttention.k,103,,$\delta_\text{ssc}$
story_cloze,transformer.decoder.block.3.layer.0.SelfAttention.v,104,0.040120866149663925,cross
story_cloze,transformer.decoder.block.3.layer.0.SelfAttention.v,104,0.09860943257808685,corr
story_cloze,transformer.decoder.block.3.layer.0.SelfAttention.v,104,0.4433440864086151,drift
story_cloze,transformer.decoder.block.3.layer.0.SelfAttention.v,104,0.4700899124145508,tot
story_cloze,transformer.decoder.block.3.layer.0.SelfAttention.v,104,-0.050161659717559814,$\delta_\text{gsc}$
story_cloze,transformer.decoder.block.3.layer.0.SelfAttention.v,104,-0.0618228018283844,$\delta_\text{ssc}$
story_cloze,transformer.decoder.block.3.layer.0.SelfAttention.o,105,0.11520563811063766,cross
story_cloze,transformer.decoder.block.3.layer.0.SelfAttention.o,105,0.2606198489665985,corr
story_cloze,transformer.decoder.block.3.layer.0.SelfAttention.o,105,0.3758496046066284,drift
story_cloze,transformer.decoder.block.3.layer.0.SelfAttention.o,105,0.4680003821849823,tot
story_cloze,transformer.decoder.block.3.layer.0.SelfAttention.o,105,-0.1338023841381073,$\delta_\text{gsc}$
story_cloze,transformer.decoder.block.3.layer.0.SelfAttention.o,105,-0.1498723328113556,$\delta_\text{ssc}$
story_cloze,transformer.decoder.block.3.layer.1.EncDecAttention.q,106,,cross
story_cloze,transformer.decoder.block.3.layer.1.EncDecAttention.q,106,,corr
story_cloze,transformer.decoder.block.3.layer.1.EncDecAttention.q,106,,drift
story_cloze,transformer.decoder.block.3.layer.1.EncDecAttention.q,106,,tot
story_cloze,transformer.decoder.block.3.layer.1.EncDecAttention.q,106,,$\delta_\text{gsc}$
story_cloze,transformer.decoder.block.3.layer.1.EncDecAttention.q,106,,$\delta_\text{ssc}$
story_cloze,transformer.decoder.block.3.layer.1.EncDecAttention.k,107,,cross
story_cloze,transformer.decoder.block.3.layer.1.EncDecAttention.k,107,,corr
story_cloze,transformer.decoder.block.3.layer.1.EncDecAttention.k,107,,drift
story_cloze,transformer.decoder.block.3.layer.1.EncDecAttention.k,107,,tot
story_cloze,transformer.decoder.block.3.layer.1.EncDecAttention.k,107,,$\delta_\text{gsc}$
story_cloze,transformer.decoder.block.3.layer.1.EncDecAttention.k,107,,$\delta_\text{ssc}$
story_cloze,transformer.decoder.block.3.layer.1.EncDecAttention.v,108,0.2837925851345062,cross
story_cloze,transformer.decoder.block.3.layer.1.EncDecAttention.v,108,0.3981200158596039,corr
story_cloze,transformer.decoder.block.3.layer.1.EncDecAttention.v,108,0.313608855009079,drift
story_cloze,transformer.decoder.block.3.layer.1.EncDecAttention.v,108,0.3536696135997772,tot
story_cloze,transformer.decoder.block.3.layer.1.EncDecAttention.v,108,-0.3850875496864319,$\delta_\text{gsc}$
story_cloze,transformer.decoder.block.3.layer.1.EncDecAttention.v,108,-0.25676429271698,$\delta_\text{ssc}$
story_cloze,transformer.decoder.block.3.layer.1.EncDecAttention.o,109,0.20826460421085358,cross
story_cloze,transformer.decoder.block.3.layer.1.EncDecAttention.o,109,0.23579654097557068,corr
story_cloze,transformer.decoder.block.3.layer.1.EncDecAttention.o,109,0.28048133850097656,drift
story_cloze,transformer.decoder.block.3.layer.1.EncDecAttention.o,109,0.30413663387298584,tot
story_cloze,transformer.decoder.block.3.layer.1.EncDecAttention.o,109,-0.2623571753501892,$\delta_\text{gsc}$
story_cloze,transformer.decoder.block.3.layer.1.EncDecAttention.o,109,-0.15804868936538696,$\delta_\text{ssc}$
story_cloze,transformer.decoder.block.3.layer.2.DenseReluDense.wi,110,0.015636250376701355,cross
story_cloze,transformer.decoder.block.3.layer.2.DenseReluDense.wi,110,0.08617734163999557,corr
story_cloze,transformer.decoder.block.3.layer.2.DenseReluDense.wi,110,0.4130187928676605,drift
story_cloze,transformer.decoder.block.3.layer.2.DenseReluDense.wi,110,0.4471094310283661,tot
story_cloze,transformer.decoder.block.3.layer.2.DenseReluDense.wi,110,-0.019586533308029175,$\delta_\text{gsc}$
story_cloze,transformer.decoder.block.3.layer.2.DenseReluDense.wi,110,-0.04813641309738159,$\delta_\text{ssc}$
story_cloze,transformer.decoder.block.3.layer.2.DenseReluDense.wo,111,0.2416093647480011,cross
story_cloze,transformer.decoder.block.3.layer.2.DenseReluDense.wo,111,0.08383721858263016,corr
story_cloze,transformer.decoder.block.3.layer.2.DenseReluDense.wo,111,0.4977315068244934,drift
story_cloze,transformer.decoder.block.3.layer.2.DenseReluDense.wo,111,0.4984906315803528,tot
story_cloze,transformer.decoder.block.3.layer.2.DenseReluDense.wo,111,-0.24256795644760132,$\delta_\text{gsc}$
story_cloze,transformer.decoder.block.3.layer.2.DenseReluDense.wo,111,-0.08211949467658997,$\delta_\text{ssc}$
story_cloze,transformer.decoder.block.4.layer.0.SelfAttention.q,112,,cross
story_cloze,transformer.decoder.block.4.layer.0.SelfAttention.q,112,,corr
story_cloze,transformer.decoder.block.4.layer.0.SelfAttention.q,112,,drift
story_cloze,transformer.decoder.block.4.layer.0.SelfAttention.q,112,,tot
story_cloze,transformer.decoder.block.4.layer.0.SelfAttention.q,112,,$\delta_\text{gsc}$
story_cloze,transformer.decoder.block.4.layer.0.SelfAttention.q,112,,$\delta_\text{ssc}$
story_cloze,transformer.decoder.block.4.layer.0.SelfAttention.k,113,,cross
story_cloze,transformer.decoder.block.4.layer.0.SelfAttention.k,113,,corr
story_cloze,transformer.decoder.block.4.layer.0.SelfAttention.k,113,,drift
story_cloze,transformer.decoder.block.4.layer.0.SelfAttention.k,113,,tot
story_cloze,transformer.decoder.block.4.layer.0.SelfAttention.k,113,,$\delta_\text{gsc}$
story_cloze,transformer.decoder.block.4.layer.0.SelfAttention.k,113,,$\delta_\text{ssc}$
story_cloze,transformer.decoder.block.4.layer.0.SelfAttention.v,114,0.04442661628127098,cross
story_cloze,transformer.decoder.block.4.layer.0.SelfAttention.v,114,0.11480024456977844,corr
story_cloze,transformer.decoder.block.4.layer.0.SelfAttention.v,114,0.4567541778087616,drift
story_cloze,transformer.decoder.block.4.layer.0.SelfAttention.v,114,0.4837484061717987,tot
story_cloze,transformer.decoder.block.4.layer.0.SelfAttention.v,114,-0.05226978659629822,$\delta_\text{gsc}$
story_cloze,transformer.decoder.block.4.layer.0.SelfAttention.v,114,-0.0799628496170044,$\delta_\text{ssc}$
story_cloze,transformer.decoder.block.4.layer.0.SelfAttention.o,115,0.14743761718273163,cross
story_cloze,transformer.decoder.block.4.layer.0.SelfAttention.o,115,0.29256418347358704,corr
story_cloze,transformer.decoder.block.4.layer.0.SelfAttention.o,115,0.362748384475708,drift
story_cloze,transformer.decoder.block.4.layer.0.SelfAttention.o,115,0.45383623242378235,tot
story_cloze,transformer.decoder.block.4.layer.0.SelfAttention.o,115,-0.17267566919326782,$\delta_\text{gsc}$
story_cloze,transformer.decoder.block.4.layer.0.SelfAttention.o,115,-0.1762382686138153,$\delta_\text{ssc}$
story_cloze,transformer.decoder.block.4.layer.1.EncDecAttention.q,116,,cross
story_cloze,transformer.decoder.block.4.layer.1.EncDecAttention.q,116,,corr
story_cloze,transformer.decoder.block.4.layer.1.EncDecAttention.q,116,,drift
story_cloze,transformer.decoder.block.4.layer.1.EncDecAttention.q,116,,tot
story_cloze,transformer.decoder.block.4.layer.1.EncDecAttention.q,116,,$\delta_\text{gsc}$
story_cloze,transformer.decoder.block.4.layer.1.EncDecAttention.q,116,,$\delta_\text{ssc}$
story_cloze,transformer.decoder.block.4.layer.1.EncDecAttention.k,117,,cross
story_cloze,transformer.decoder.block.4.layer.1.EncDecAttention.k,117,,corr
story_cloze,transformer.decoder.block.4.layer.1.EncDecAttention.k,117,,drift
story_cloze,transformer.decoder.block.4.layer.1.EncDecAttention.k,117,,tot
story_cloze,transformer.decoder.block.4.layer.1.EncDecAttention.k,117,,$\delta_\text{gsc}$
story_cloze,transformer.decoder.block.4.layer.1.EncDecAttention.k,117,,$\delta_\text{ssc}$
story_cloze,transformer.decoder.block.4.layer.1.EncDecAttention.v,118,0.27850058674812317,cross
story_cloze,transformer.decoder.block.4.layer.1.EncDecAttention.v,118,0.40371912717819214,corr
story_cloze,transformer.decoder.block.4.layer.1.EncDecAttention.v,118,0.31394025683403015,drift
story_cloze,transformer.decoder.block.4.layer.1.EncDecAttention.v,118,0.3593313992023468,tot
story_cloze,transformer.decoder.block.4.layer.1.EncDecAttention.v,118,-0.37658074498176575,$\delta_\text{gsc}$
story_cloze,transformer.decoder.block.4.layer.1.EncDecAttention.v,118,-0.2602478265762329,$\delta_\text{ssc}$
story_cloze,transformer.decoder.block.4.layer.1.EncDecAttention.o,119,0.252093642950058,cross
story_cloze,transformer.decoder.block.4.layer.1.EncDecAttention.o,119,0.29982590675354004,corr
story_cloze,transformer.decoder.block.4.layer.1.EncDecAttention.o,119,0.28134897351264954,drift
story_cloze,transformer.decoder.block.4.layer.1.EncDecAttention.o,119,0.3130697011947632,tot
story_cloze,transformer.decoder.block.4.layer.1.EncDecAttention.o,119,-0.3299449384212494,$\delta_\text{gsc}$
story_cloze,transformer.decoder.block.4.layer.1.EncDecAttention.o,119,-0.19025388360023499,$\delta_\text{ssc}$
story_cloze,transformer.decoder.block.4.layer.2.DenseReluDense.wi,120,0.015856487676501274,cross
story_cloze,transformer.decoder.block.4.layer.2.DenseReluDense.wi,120,0.1541869044303894,corr
story_cloze,transformer.decoder.block.4.layer.2.DenseReluDense.wi,120,0.4150465130805969,drift
story_cloze,transformer.decoder.block.4.layer.2.DenseReluDense.wi,120,0.4740428924560547,tot
story_cloze,transformer.decoder.block.4.layer.2.DenseReluDense.wi,120,-0.020337998867034912,$\delta_\text{gsc}$
story_cloze,transformer.decoder.block.4.layer.2.DenseReluDense.wi,120,-0.09070900082588196,$\delta_\text{ssc}$
story_cloze,transformer.decoder.block.4.layer.2.DenseReluDense.wo,121,0.07740768790245056,cross
story_cloze,transformer.decoder.block.4.layer.2.DenseReluDense.wo,121,0.2043127566576004,corr
story_cloze,transformer.decoder.block.4.layer.2.DenseReluDense.wo,121,0.49509888887405396,drift
story_cloze,transformer.decoder.block.4.layer.2.DenseReluDense.wo,121,0.4999358355998993,tot
story_cloze,transformer.decoder.block.4.layer.2.DenseReluDense.wo,121,-0.07743450999259949,$\delta_\text{gsc}$
story_cloze,transformer.decoder.block.4.layer.2.DenseReluDense.wo,121,-0.19944900274276733,$\delta_\text{ssc}$
story_cloze,transformer.decoder.block.5.layer.0.SelfAttention.q,122,,cross
story_cloze,transformer.decoder.block.5.layer.0.SelfAttention.q,122,,corr
story_cloze,transformer.decoder.block.5.layer.0.SelfAttention.q,122,,drift
story_cloze,transformer.decoder.block.5.layer.0.SelfAttention.q,122,,tot
story_cloze,transformer.decoder.block.5.layer.0.SelfAttention.q,122,,$\delta_\text{gsc}$
story_cloze,transformer.decoder.block.5.layer.0.SelfAttention.q,122,,$\delta_\text{ssc}$
story_cloze,transformer.decoder.block.5.layer.0.SelfAttention.k,123,,cross
story_cloze,transformer.decoder.block.5.layer.0.SelfAttention.k,123,,corr
story_cloze,transformer.decoder.block.5.layer.0.SelfAttention.k,123,,drift
story_cloze,transformer.decoder.block.5.layer.0.SelfAttention.k,123,,tot
story_cloze,transformer.decoder.block.5.layer.0.SelfAttention.k,123,,$\delta_\text{gsc}$
story_cloze,transformer.decoder.block.5.layer.0.SelfAttention.k,123,,$\delta_\text{ssc}$
story_cloze,transformer.decoder.block.5.layer.0.SelfAttention.v,124,0.07961519062519073,cross
story_cloze,transformer.decoder.block.5.layer.0.SelfAttention.v,124,0.19522356986999512,corr
story_cloze,transformer.decoder.block.5.layer.0.SelfAttention.v,124,0.4355579614639282,drift
story_cloze,transformer.decoder.block.5.layer.0.SelfAttention.v,124,0.48298409581184387,tot
story_cloze,transformer.decoder.block.5.layer.0.SelfAttention.v,124,-0.09117549657821655,$\delta_\text{gsc}$
story_cloze,transformer.decoder.block.5.layer.0.SelfAttention.v,124,-0.13623714447021484,$\delta_\text{ssc}$
story_cloze,transformer.decoder.block.5.layer.0.SelfAttention.o,125,0.22069667279720306,cross
story_cloze,transformer.decoder.block.5.layer.0.SelfAttention.o,125,0.334879606962204,corr
story_cloze,transformer.decoder.block.5.layer.0.SelfAttention.o,125,0.3286951780319214,drift
story_cloze,transformer.decoder.block.5.layer.0.SelfAttention.o,125,0.4238571524620056,tot
story_cloze,transformer.decoder.block.5.layer.0.SelfAttention.o,125,-0.25112247467041016,$\delta_\text{gsc}$
story_cloze,transformer.decoder.block.5.layer.0.SelfAttention.o,125,-0.20929184556007385,$\delta_\text{ssc}$
story_cloze,transformer.decoder.block.5.layer.1.EncDecAttention.q,126,,cross
story_cloze,transformer.decoder.block.5.layer.1.EncDecAttention.q,126,,corr
story_cloze,transformer.decoder.block.5.layer.1.EncDecAttention.q,126,,drift
story_cloze,transformer.decoder.block.5.layer.1.EncDecAttention.q,126,,tot
story_cloze,transformer.decoder.block.5.layer.1.EncDecAttention.q,126,,$\delta_\text{gsc}$
story_cloze,transformer.decoder.block.5.layer.1.EncDecAttention.q,126,,$\delta_\text{ssc}$
story_cloze,transformer.decoder.block.5.layer.1.EncDecAttention.k,127,,cross
story_cloze,transformer.decoder.block.5.layer.1.EncDecAttention.k,127,,corr
story_cloze,transformer.decoder.block.5.layer.1.EncDecAttention.k,127,,drift
story_cloze,transformer.decoder.block.5.layer.1.EncDecAttention.k,127,,tot
story_cloze,transformer.decoder.block.5.layer.1.EncDecAttention.k,127,,$\delta_\text{gsc}$
story_cloze,transformer.decoder.block.5.layer.1.EncDecAttention.k,127,,$\delta_\text{ssc}$
story_cloze,transformer.decoder.block.5.layer.1.EncDecAttention.v,128,0.299388587474823,cross
story_cloze,transformer.decoder.block.5.layer.1.EncDecAttention.v,128,0.3907030522823334,corr
story_cloze,transformer.decoder.block.5.layer.1.EncDecAttention.v,128,0.3133646845817566,drift
story_cloze,transformer.decoder.block.5.layer.1.EncDecAttention.v,128,0.35036638379096985,tot
story_cloze,transformer.decoder.block.5.layer.1.EncDecAttention.v,128,-0.40040498971939087,$\delta_\text{gsc}$
story_cloze,transformer.decoder.block.5.layer.1.EncDecAttention.v,128,-0.25268495082855225,$\delta_\text{ssc}$
story_cloze,transformer.decoder.block.5.layer.1.EncDecAttention.o,129,0.26585695147514343,cross
story_cloze,transformer.decoder.block.5.layer.1.EncDecAttention.o,129,0.3333843946456909,corr
story_cloze,transformer.decoder.block.5.layer.1.EncDecAttention.o,129,0.2990362346172333,drift
story_cloze,transformer.decoder.block.5.layer.1.EncDecAttention.o,129,0.3361707925796509,tot
story_cloze,transformer.decoder.block.5.layer.1.EncDecAttention.o,129,-0.34803441166877747,$\delta_\text{gsc}$
story_cloze,transformer.decoder.block.5.layer.1.EncDecAttention.o,129,-0.21407237648963928,$\delta_\text{ssc}$
story_cloze,transformer.decoder.block.5.layer.2.DenseReluDense.wi,130,0.021105889230966568,cross
story_cloze,transformer.decoder.block.5.layer.2.DenseReluDense.wi,130,0.21481133997440338,corr
story_cloze,transformer.decoder.block.5.layer.2.DenseReluDense.wi,130,0.4106074869632721,drift
story_cloze,transformer.decoder.block.5.layer.2.DenseReluDense.wi,130,0.4880135953426361,tot
story_cloze,transformer.decoder.block.5.layer.2.DenseReluDense.wi,130,-0.024910300970077515,$\delta_\text{gsc}$
story_cloze,transformer.decoder.block.5.layer.2.DenseReluDense.wi,130,-0.13360080122947693,$\delta_\text{ssc}$
story_cloze,transformer.decoder.block.5.layer.2.DenseReluDense.wo,131,0.14001236855983734,cross
story_cloze,transformer.decoder.block.5.layer.2.DenseReluDense.wo,131,0.34386298060417175,corr
story_cloze,transformer.decoder.block.5.layer.2.DenseReluDense.wo,131,0.40600335597991943,drift
story_cloze,transformer.decoder.block.5.layer.2.DenseReluDense.wo,131,0.4800167977809906,tot
story_cloze,transformer.decoder.block.5.layer.2.DenseReluDense.wo,131,-0.1494879126548767,$\delta_\text{gsc}$
story_cloze,transformer.decoder.block.5.layer.2.DenseReluDense.wo,131,-0.2603739798069,$\delta_\text{ssc}$
story_cloze,transformer.decoder.block.6.layer.0.SelfAttention.q,132,,cross
story_cloze,transformer.decoder.block.6.layer.0.SelfAttention.q,132,,corr
story_cloze,transformer.decoder.block.6.layer.0.SelfAttention.q,132,,drift
story_cloze,transformer.decoder.block.6.layer.0.SelfAttention.q,132,,tot
story_cloze,transformer.decoder.block.6.layer.0.SelfAttention.q,132,,$\delta_\text{gsc}$
story_cloze,transformer.decoder.block.6.layer.0.SelfAttention.q,132,,$\delta_\text{ssc}$
story_cloze,transformer.decoder.block.6.layer.0.SelfAttention.k,133,,cross
story_cloze,transformer.decoder.block.6.layer.0.SelfAttention.k,133,,corr
story_cloze,transformer.decoder.block.6.layer.0.SelfAttention.k,133,,drift
story_cloze,transformer.decoder.block.6.layer.0.SelfAttention.k,133,,tot
story_cloze,transformer.decoder.block.6.layer.0.SelfAttention.k,133,,$\delta_\text{gsc}$
story_cloze,transformer.decoder.block.6.layer.0.SelfAttention.k,133,,$\delta_\text{ssc}$
story_cloze,transformer.decoder.block.6.layer.0.SelfAttention.v,134,0.11137718707323074,cross
story_cloze,transformer.decoder.block.6.layer.0.SelfAttention.v,134,0.2556387186050415,corr
story_cloze,transformer.decoder.block.6.layer.0.SelfAttention.v,134,0.4125383794307709,drift
story_cloze,transformer.decoder.block.6.layer.0.SelfAttention.v,134,0.48185214400291443,tot
story_cloze,transformer.decoder.block.6.layer.0.SelfAttention.v,134,-0.12365227937698364,$\delta_\text{gsc}$
story_cloze,transformer.decoder.block.6.layer.0.SelfAttention.v,134,-0.17404985427856445,$\delta_\text{ssc}$
story_cloze,transformer.decoder.block.6.layer.0.SelfAttention.o,135,0.2445223033428192,cross
story_cloze,transformer.decoder.block.6.layer.0.SelfAttention.o,135,0.32830554246902466,corr
story_cloze,transformer.decoder.block.6.layer.0.SelfAttention.o,135,0.3194524645805359,drift
story_cloze,transformer.decoder.block.6.layer.0.SelfAttention.o,135,0.40705084800720215,tot
story_cloze,transformer.decoder.block.6.layer.0.SelfAttention.o,135,-0.27974259853363037,$\delta_\text{gsc}$
story_cloze,transformer.decoder.block.6.layer.0.SelfAttention.o,135,-0.20548686385154724,$\delta_\text{ssc}$
story_cloze,transformer.decoder.block.6.layer.1.EncDecAttention.q,136,,cross
story_cloze,transformer.decoder.block.6.layer.1.EncDecAttention.q,136,,corr
story_cloze,transformer.decoder.block.6.layer.1.EncDecAttention.q,136,,drift
story_cloze,transformer.decoder.block.6.layer.1.EncDecAttention.q,136,,tot
story_cloze,transformer.decoder.block.6.layer.1.EncDecAttention.q,136,,$\delta_\text{gsc}$
story_cloze,transformer.decoder.block.6.layer.1.EncDecAttention.q,136,,$\delta_\text{ssc}$
story_cloze,transformer.decoder.block.6.layer.1.EncDecAttention.k,137,,cross
story_cloze,transformer.decoder.block.6.layer.1.EncDecAttention.k,137,,corr
story_cloze,transformer.decoder.block.6.layer.1.EncDecAttention.k,137,,drift
story_cloze,transformer.decoder.block.6.layer.1.EncDecAttention.k,137,,tot
story_cloze,transformer.decoder.block.6.layer.1.EncDecAttention.k,137,,$\delta_\text{gsc}$
story_cloze,transformer.decoder.block.6.layer.1.EncDecAttention.k,137,,$\delta_\text{ssc}$
story_cloze,transformer.decoder.block.6.layer.1.EncDecAttention.v,138,0.29232820868492126,cross
story_cloze,transformer.decoder.block.6.layer.1.EncDecAttention.v,138,0.40310758352279663,corr
story_cloze,transformer.decoder.block.6.layer.1.EncDecAttention.v,138,0.31263330578804016,drift
story_cloze,transformer.decoder.block.6.layer.1.EncDecAttention.v,138,0.35582271218299866,tot
story_cloze,transformer.decoder.block.6.layer.1.EncDecAttention.v,138,-0.3937074840068817,$\delta_\text{gsc}$
story_cloze,transformer.decoder.block.6.layer.1.EncDecAttention.v,138,-0.2585389018058777,$\delta_\text{ssc}$
story_cloze,transformer.decoder.block.6.layer.1.EncDecAttention.o,139,0.2691236138343811,cross
story_cloze,transformer.decoder.block.6.layer.1.EncDecAttention.o,139,0.3150915801525116,corr
story_cloze,transformer.decoder.block.6.layer.1.EncDecAttention.o,139,0.2937605679035187,drift
story_cloze,transformer.decoder.block.6.layer.1.EncDecAttention.o,139,0.32729658484458923,tot
story_cloze,transformer.decoder.block.6.layer.1.EncDecAttention.o,139,-0.3499363362789154,$\delta_\text{gsc}$
story_cloze,transformer.decoder.block.6.layer.1.EncDecAttention.o,139,-0.20074284076690674,$\delta_\text{ssc}$
story_cloze,transformer.decoder.block.6.layer.2.DenseReluDense.wi,140,0.017492838203907013,cross
story_cloze,transformer.decoder.block.6.layer.2.DenseReluDense.wi,140,0.269363135099411,corr
story_cloze,transformer.decoder.block.6.layer.2.DenseReluDense.wi,140,0.38864701986312866,drift
story_cloze,transformer.decoder.block.6.layer.2.DenseReluDense.wi,140,0.4909574091434479,tot
story_cloze,transformer.decoder.block.6.layer.2.DenseReluDense.wi,140,-0.02057892084121704,$\delta_\text{gsc}$
story_cloze,transformer.decoder.block.6.layer.2.DenseReluDense.wi,140,-0.16396665573120117,$\delta_\text{ssc}$
story_cloze,transformer.decoder.block.6.layer.2.DenseReluDense.wo,141,0.14617060124874115,cross
story_cloze,transformer.decoder.block.6.layer.2.DenseReluDense.wo,141,0.37311869859695435,corr
story_cloze,transformer.decoder.block.6.layer.2.DenseReluDense.wo,141,0.4404139518737793,drift
story_cloze,transformer.decoder.block.6.layer.2.DenseReluDense.wo,141,0.4850105941295624,tot
story_cloze,transformer.decoder.block.6.layer.2.DenseReluDense.wo,141,-0.1558343470096588,$\delta_\text{gsc}$
story_cloze,transformer.decoder.block.6.layer.2.DenseReluDense.wo,141,-0.3188582956790924,$\delta_\text{ssc}$
story_cloze,transformer.decoder.block.7.layer.0.SelfAttention.q,142,,cross
story_cloze,transformer.decoder.block.7.layer.0.SelfAttention.q,142,,corr
story_cloze,transformer.decoder.block.7.layer.0.SelfAttention.q,142,,drift
story_cloze,transformer.decoder.block.7.layer.0.SelfAttention.q,142,,tot
story_cloze,transformer.decoder.block.7.layer.0.SelfAttention.q,142,,$\delta_\text{gsc}$
story_cloze,transformer.decoder.block.7.layer.0.SelfAttention.q,142,,$\delta_\text{ssc}$
story_cloze,transformer.decoder.block.7.layer.0.SelfAttention.k,143,,cross
story_cloze,transformer.decoder.block.7.layer.0.SelfAttention.k,143,,corr
story_cloze,transformer.decoder.block.7.layer.0.SelfAttention.k,143,,drift
story_cloze,transformer.decoder.block.7.layer.0.SelfAttention.k,143,,tot
story_cloze,transformer.decoder.block.7.layer.0.SelfAttention.k,143,,$\delta_\text{gsc}$
story_cloze,transformer.decoder.block.7.layer.0.SelfAttention.k,143,,$\delta_\text{ssc}$
story_cloze,transformer.decoder.block.7.layer.0.SelfAttention.v,144,0.14394283294677734,cross
story_cloze,transformer.decoder.block.7.layer.0.SelfAttention.v,144,0.30686506628990173,corr
story_cloze,transformer.decoder.block.7.layer.0.SelfAttention.v,144,0.3878895044326782,drift
story_cloze,transformer.decoder.block.7.layer.0.SelfAttention.v,144,0.47318172454833984,tot
story_cloze,transformer.decoder.block.7.layer.0.SelfAttention.v,144,-0.16101714968681335,$\delta_\text{gsc}$
story_cloze,transformer.decoder.block.7.layer.0.SelfAttention.v,144,-0.2044985294342041,$\delta_\text{ssc}$
story_cloze,transformer.decoder.block.7.layer.0.SelfAttention.o,145,0.2324705421924591,cross
story_cloze,transformer.decoder.block.7.layer.0.SelfAttention.o,145,0.3340360224246979,corr
story_cloze,transformer.decoder.block.7.layer.0.SelfAttention.o,145,0.3271639943122864,drift
story_cloze,transformer.decoder.block.7.layer.0.SelfAttention.o,145,0.41706645488739014,tot
story_cloze,transformer.decoder.block.7.layer.0.SelfAttention.o,145,-0.2677987217903137,$\delta_\text{gsc}$
story_cloze,transformer.decoder.block.7.layer.0.SelfAttention.o,145,-0.2088053822517395,$\delta_\text{ssc}$
story_cloze,transformer.decoder.block.7.layer.1.EncDecAttention.q,146,,cross
story_cloze,transformer.decoder.block.7.layer.1.EncDecAttention.q,146,,corr
story_cloze,transformer.decoder.block.7.layer.1.EncDecAttention.q,146,,drift
story_cloze,transformer.decoder.block.7.layer.1.EncDecAttention.q,146,,tot
story_cloze,transformer.decoder.block.7.layer.1.EncDecAttention.q,146,,$\delta_\text{gsc}$
story_cloze,transformer.decoder.block.7.layer.1.EncDecAttention.q,146,,$\delta_\text{ssc}$
story_cloze,transformer.decoder.block.7.layer.1.EncDecAttention.k,147,,cross
story_cloze,transformer.decoder.block.7.layer.1.EncDecAttention.k,147,,corr
story_cloze,transformer.decoder.block.7.layer.1.EncDecAttention.k,147,,drift
story_cloze,transformer.decoder.block.7.layer.1.EncDecAttention.k,147,,tot
story_cloze,transformer.decoder.block.7.layer.1.EncDecAttention.k,147,,$\delta_\text{gsc}$
story_cloze,transformer.decoder.block.7.layer.1.EncDecAttention.k,147,,$\delta_\text{ssc}$
story_cloze,transformer.decoder.block.7.layer.1.EncDecAttention.v,148,0.29607123136520386,cross
story_cloze,transformer.decoder.block.7.layer.1.EncDecAttention.v,148,0.38834425806999207,corr
story_cloze,transformer.decoder.block.7.layer.1.EncDecAttention.v,148,0.31269028782844543,drift
story_cloze,transformer.decoder.block.7.layer.1.EncDecAttention.v,148,0.3503369987010956,tot
story_cloze,transformer.decoder.block.7.layer.1.EncDecAttention.v,148,-0.39625686407089233,$\delta_\text{gsc}$
story_cloze,transformer.decoder.block.7.layer.1.EncDecAttention.v,148,-0.25051191449165344,$\delta_\text{ssc}$
story_cloze,transformer.decoder.block.7.layer.1.EncDecAttention.o,149,0.2518071234226227,cross
story_cloze,transformer.decoder.block.7.layer.1.EncDecAttention.o,149,0.29944008588790894,corr
story_cloze,transformer.decoder.block.7.layer.1.EncDecAttention.o,149,0.2930746376514435,drift
story_cloze,transformer.decoder.block.7.layer.1.EncDecAttention.o,149,0.32798078656196594,tot
story_cloze,transformer.decoder.block.7.layer.1.EncDecAttention.o,149,-0.3223785161972046,$\delta_\text{gsc}$
story_cloze,transformer.decoder.block.7.layer.1.EncDecAttention.o,149,-0.19396254420280457,$\delta_\text{ssc}$
story_cloze,transformer.decoder.block.7.layer.2.DenseReluDense.wi,150,0.05527277663350105,cross
story_cloze,transformer.decoder.block.7.layer.2.DenseReluDense.wi,150,0.3285525143146515,corr
story_cloze,transformer.decoder.block.7.layer.2.DenseReluDense.wi,150,0.3582932651042938,drift
story_cloze,transformer.decoder.block.7.layer.2.DenseReluDense.wi,150,0.47635042667388916,tot
story_cloze,transformer.decoder.block.7.layer.2.DenseReluDense.wi,150,-0.06991532444953918,$\delta_\text{gsc}$
story_cloze,transformer.decoder.block.7.layer.2.DenseReluDense.wi,150,-0.19585281610488892,$\delta_\text{ssc}$
story_cloze,transformer.decoder.block.7.layer.2.DenseReluDense.wo,151,0.17252515256404877,cross
story_cloze,transformer.decoder.block.7.layer.2.DenseReluDense.wo,151,0.3807066082954407,corr
story_cloze,transformer.decoder.block.7.layer.2.DenseReluDense.wo,151,0.40954312682151794,drift
story_cloze,transformer.decoder.block.7.layer.2.DenseReluDense.wo,151,0.4724206328392029,tot
story_cloze,transformer.decoder.block.7.layer.2.DenseReluDense.wo,151,-0.18615937232971191,$\delta_\text{gsc}$
story_cloze,transformer.decoder.block.7.layer.2.DenseReluDense.wo,151,-0.3041948974132538,$\delta_\text{ssc}$
story_cloze,transformer.decoder.block.8.layer.0.SelfAttention.q,152,,cross
story_cloze,transformer.decoder.block.8.layer.0.SelfAttention.q,152,,corr
story_cloze,transformer.decoder.block.8.layer.0.SelfAttention.q,152,,drift
story_cloze,transformer.decoder.block.8.layer.0.SelfAttention.q,152,,tot
story_cloze,transformer.decoder.block.8.layer.0.SelfAttention.q,152,,$\delta_\text{gsc}$
story_cloze,transformer.decoder.block.8.layer.0.SelfAttention.q,152,,$\delta_\text{ssc}$
story_cloze,transformer.decoder.block.8.layer.0.SelfAttention.k,153,,cross
story_cloze,transformer.decoder.block.8.layer.0.SelfAttention.k,153,,corr
story_cloze,transformer.decoder.block.8.layer.0.SelfAttention.k,153,,drift
story_cloze,transformer.decoder.block.8.layer.0.SelfAttention.k,153,,tot
story_cloze,transformer.decoder.block.8.layer.0.SelfAttention.k,153,,$\delta_\text{gsc}$
story_cloze,transformer.decoder.block.8.layer.0.SelfAttention.k,153,,$\delta_\text{ssc}$
story_cloze,transformer.decoder.block.8.layer.0.SelfAttention.v,154,0.1282140165567398,cross
story_cloze,transformer.decoder.block.8.layer.0.SelfAttention.v,154,0.2856329083442688,corr
story_cloze,transformer.decoder.block.8.layer.0.SelfAttention.v,154,0.4012378454208374,drift
story_cloze,transformer.decoder.block.8.layer.0.SelfAttention.v,154,0.47553470730781555,tot
story_cloze,transformer.decoder.block.8.layer.0.SelfAttention.v,154,-0.1440446376800537,$\delta_\text{gsc}$
story_cloze,transformer.decoder.block.8.layer.0.SelfAttention.v,154,-0.19550544023513794,$\delta_\text{ssc}$
story_cloze,transformer.decoder.block.8.layer.0.SelfAttention.o,155,0.2509225308895111,cross
story_cloze,transformer.decoder.block.8.layer.0.SelfAttention.o,155,0.33041611313819885,corr
story_cloze,transformer.decoder.block.8.layer.0.SelfAttention.o,155,0.32923150062561035,drift
story_cloze,transformer.decoder.block.8.layer.0.SelfAttention.o,155,0.4081478714942932,tot
story_cloze,transformer.decoder.block.8.layer.0.SelfAttention.o,155,-0.28849735856056213,$\delta_\text{gsc}$
story_cloze,transformer.decoder.block.8.layer.0.SelfAttention.o,155,-0.21392491459846497,$\delta_\text{ssc}$
story_cloze,transformer.decoder.block.8.layer.1.EncDecAttention.q,156,,cross
story_cloze,transformer.decoder.block.8.layer.1.EncDecAttention.q,156,,corr
story_cloze,transformer.decoder.block.8.layer.1.EncDecAttention.q,156,,drift
story_cloze,transformer.decoder.block.8.layer.1.EncDecAttention.q,156,,tot
story_cloze,transformer.decoder.block.8.layer.1.EncDecAttention.q,156,,$\delta_\text{gsc}$
story_cloze,transformer.decoder.block.8.layer.1.EncDecAttention.q,156,,$\delta_\text{ssc}$
story_cloze,transformer.decoder.block.8.layer.1.EncDecAttention.k,157,,cross
story_cloze,transformer.decoder.block.8.layer.1.EncDecAttention.k,157,,corr
story_cloze,transformer.decoder.block.8.layer.1.EncDecAttention.k,157,,drift
story_cloze,transformer.decoder.block.8.layer.1.EncDecAttention.k,157,,tot
story_cloze,transformer.decoder.block.8.layer.1.EncDecAttention.k,157,,$\delta_\text{gsc}$
story_cloze,transformer.decoder.block.8.layer.1.EncDecAttention.k,157,,$\delta_\text{ssc}$
story_cloze,transformer.decoder.block.8.layer.1.EncDecAttention.v,158,0.2939475476741791,cross
story_cloze,transformer.decoder.block.8.layer.1.EncDecAttention.v,158,0.38452962040901184,corr
story_cloze,transformer.decoder.block.8.layer.1.EncDecAttention.v,158,0.3134029507637024,drift
story_cloze,transformer.decoder.block.8.layer.1.EncDecAttention.v,158,0.3527073264122009,tot
story_cloze,transformer.decoder.block.8.layer.1.EncDecAttention.v,158,-0.390413761138916,$\delta_\text{gsc}$
story_cloze,transformer.decoder.block.8.layer.1.EncDecAttention.v,158,-0.24875903129577637,$\delta_\text{ssc}$
story_cloze,transformer.decoder.block.8.layer.1.EncDecAttention.o,159,0.21577666699886322,cross
story_cloze,transformer.decoder.block.8.layer.1.EncDecAttention.o,159,0.25053587555885315,corr
story_cloze,transformer.decoder.block.8.layer.1.EncDecAttention.o,159,0.2862027883529663,drift
story_cloze,transformer.decoder.block.8.layer.1.EncDecAttention.o,159,0.3168179988861084,tot
story_cloze,transformer.decoder.block.8.layer.1.EncDecAttention.o,159,-0.27177178859710693,$\delta_\text{gsc}$
story_cloze,transformer.decoder.block.8.layer.1.EncDecAttention.o,159,-0.16392555832862854,$\delta_\text{ssc}$
story_cloze,transformer.decoder.block.8.layer.2.DenseReluDense.wi,160,0.06546425819396973,cross
story_cloze,transformer.decoder.block.8.layer.2.DenseReluDense.wi,160,0.3496536910533905,corr
story_cloze,transformer.decoder.block.8.layer.2.DenseReluDense.wi,160,0.34954747557640076,drift
story_cloze,transformer.decoder.block.8.layer.2.DenseReluDense.wi,160,0.46586596965789795,tot
story_cloze,transformer.decoder.block.8.layer.2.DenseReluDense.wi,160,-0.0872231125831604,$\delta_\text{gsc}$
story_cloze,transformer.decoder.block.8.layer.2.DenseReluDense.wi,160,-0.21157634258270264,$\delta_\text{ssc}$
story_cloze,transformer.decoder.block.8.layer.2.DenseReluDense.wo,161,0.18408526480197906,cross
story_cloze,transformer.decoder.block.8.layer.2.DenseReluDense.wo,161,0.39679011702537537,corr
story_cloze,transformer.decoder.block.8.layer.2.DenseReluDense.wo,161,0.3911823034286499,drift
story_cloze,transformer.decoder.block.8.layer.2.DenseReluDense.wo,161,0.471839964389801,tot
story_cloze,transformer.decoder.block.8.layer.2.DenseReluDense.wo,161,-0.20446813106536865,$\delta_\text{gsc}$
story_cloze,transformer.decoder.block.8.layer.2.DenseReluDense.wo,161,-0.29574957489967346,$\delta_\text{ssc}$
story_cloze,transformer.decoder.block.9.layer.0.SelfAttention.q,162,,cross
story_cloze,transformer.decoder.block.9.layer.0.SelfAttention.q,162,,corr
story_cloze,transformer.decoder.block.9.layer.0.SelfAttention.q,162,,drift
story_cloze,transformer.decoder.block.9.layer.0.SelfAttention.q,162,,tot
story_cloze,transformer.decoder.block.9.layer.0.SelfAttention.q,162,,$\delta_\text{gsc}$
story_cloze,transformer.decoder.block.9.layer.0.SelfAttention.q,162,,$\delta_\text{ssc}$
story_cloze,transformer.decoder.block.9.layer.0.SelfAttention.k,163,,cross
story_cloze,transformer.decoder.block.9.layer.0.SelfAttention.k,163,,corr
story_cloze,transformer.decoder.block.9.layer.0.SelfAttention.k,163,,drift
story_cloze,transformer.decoder.block.9.layer.0.SelfAttention.k,163,,tot
story_cloze,transformer.decoder.block.9.layer.0.SelfAttention.k,163,,$\delta_\text{gsc}$
story_cloze,transformer.decoder.block.9.layer.0.SelfAttention.k,163,,$\delta_\text{ssc}$
story_cloze,transformer.decoder.block.9.layer.0.SelfAttention.v,164,0.18765908479690552,cross
story_cloze,transformer.decoder.block.9.layer.0.SelfAttention.v,164,0.32933366298675537,corr
story_cloze,transformer.decoder.block.9.layer.0.SelfAttention.v,164,0.3753841519355774,drift
story_cloze,transformer.decoder.block.9.layer.0.SelfAttention.v,164,0.45927098393440247,tot
story_cloze,transformer.decoder.block.9.layer.0.SelfAttention.v,164,-0.21245741844177246,$\delta_\text{gsc}$
story_cloze,transformer.decoder.block.9.layer.0.SelfAttention.v,164,-0.22064849734306335,$\delta_\text{ssc}$
story_cloze,transformer.decoder.block.9.layer.0.SelfAttention.o,165,0.23921166360378265,cross
story_cloze,transformer.decoder.block.9.layer.0.SelfAttention.o,165,0.3206546902656555,corr
story_cloze,transformer.decoder.block.9.layer.0.SelfAttention.o,165,0.3365463316440582,drift
story_cloze,transformer.decoder.block.9.layer.0.SelfAttention.o,165,0.4076068103313446,tot
story_cloze,transformer.decoder.block.9.layer.0.SelfAttention.o,165,-0.27392828464508057,$\delta_\text{gsc}$
story_cloze,transformer.decoder.block.9.layer.0.SelfAttention.o,165,-0.21487757563591003,$\delta_\text{ssc}$
story_cloze,transformer.decoder.block.9.layer.1.EncDecAttention.q,166,,cross
story_cloze,transformer.decoder.block.9.layer.1.EncDecAttention.q,166,,corr
story_cloze,transformer.decoder.block.9.layer.1.EncDecAttention.q,166,,drift
story_cloze,transformer.decoder.block.9.layer.1.EncDecAttention.q,166,,tot
story_cloze,transformer.decoder.block.9.layer.1.EncDecAttention.q,166,,$\delta_\text{gsc}$
story_cloze,transformer.decoder.block.9.layer.1.EncDecAttention.q,166,,$\delta_\text{ssc}$
story_cloze,transformer.decoder.block.9.layer.1.EncDecAttention.k,167,,cross
story_cloze,transformer.decoder.block.9.layer.1.EncDecAttention.k,167,,corr
story_cloze,transformer.decoder.block.9.layer.1.EncDecAttention.k,167,,drift
story_cloze,transformer.decoder.block.9.layer.1.EncDecAttention.k,167,,tot
story_cloze,transformer.decoder.block.9.layer.1.EncDecAttention.k,167,,$\delta_\text{gsc}$
story_cloze,transformer.decoder.block.9.layer.1.EncDecAttention.k,167,,$\delta_\text{ssc}$
story_cloze,transformer.decoder.block.9.layer.1.EncDecAttention.v,168,0.28692933917045593,cross
story_cloze,transformer.decoder.block.9.layer.1.EncDecAttention.v,168,0.36464640498161316,corr
story_cloze,transformer.decoder.block.9.layer.1.EncDecAttention.v,168,0.3143644630908966,drift
story_cloze,transformer.decoder.block.9.layer.1.EncDecAttention.v,168,0.3537498712539673,tot
story_cloze,transformer.decoder.block.9.layer.1.EncDecAttention.v,168,-0.37408509850502014,$\delta_\text{gsc}$
story_cloze,transformer.decoder.block.9.layer.1.EncDecAttention.v,168,-0.23810523748397827,$\delta_\text{ssc}$
story_cloze,transformer.decoder.block.9.layer.1.EncDecAttention.o,169,0.1994764506816864,cross
story_cloze,transformer.decoder.block.9.layer.1.EncDecAttention.o,169,0.23502887785434723,corr
story_cloze,transformer.decoder.block.9.layer.1.EncDecAttention.o,169,0.3031851649284363,drift
story_cloze,transformer.decoder.block.9.layer.1.EncDecAttention.o,169,0.3381426930427551,tot
story_cloze,transformer.decoder.block.9.layer.1.EncDecAttention.o,169,-0.23900005221366882,$\delta_\text{gsc}$
story_cloze,transformer.decoder.block.9.layer.1.EncDecAttention.o,169,-0.16054774820804596,$\delta_\text{ssc}$
story_cloze,transformer.decoder.block.9.layer.2.DenseReluDense.wi,170,0.045971307903528214,cross
story_cloze,transformer.decoder.block.9.layer.2.DenseReluDense.wi,170,0.3383183777332306,corr
story_cloze,transformer.decoder.block.9.layer.2.DenseReluDense.wi,170,0.35058480501174927,drift
story_cloze,transformer.decoder.block.9.layer.2.DenseReluDense.wi,170,0.4694948196411133,tot
story_cloze,transformer.decoder.block.9.layer.2.DenseReluDense.wi,170,-0.06026202440261841,$\delta_\text{gsc}$
story_cloze,transformer.decoder.block.9.layer.2.DenseReluDense.wi,170,-0.20511764287948608,$\delta_\text{ssc}$
story_cloze,transformer.decoder.block.9.layer.2.DenseReluDense.wo,171,0.16683506965637207,cross
story_cloze,transformer.decoder.block.9.layer.2.DenseReluDense.wo,171,0.3989919126033783,corr
story_cloze,transformer.decoder.block.9.layer.2.DenseReluDense.wo,171,0.3940878212451935,drift
story_cloze,transformer.decoder.block.9.layer.2.DenseReluDense.wo,171,0.46214890480041504,tot
story_cloze,transformer.decoder.block.9.layer.2.DenseReluDense.wo,171,-0.1928691864013672,$\delta_\text{gsc}$
story_cloze,transformer.decoder.block.9.layer.2.DenseReluDense.wo,171,-0.3048967123031616,$\delta_\text{ssc}$
story_cloze,transformer.decoder.block.10.layer.0.SelfAttention.q,172,,cross
story_cloze,transformer.decoder.block.10.layer.0.SelfAttention.q,172,,corr
story_cloze,transformer.decoder.block.10.layer.0.SelfAttention.q,172,,drift
story_cloze,transformer.decoder.block.10.layer.0.SelfAttention.q,172,,tot
story_cloze,transformer.decoder.block.10.layer.0.SelfAttention.q,172,,$\delta_\text{gsc}$
story_cloze,transformer.decoder.block.10.layer.0.SelfAttention.q,172,,$\delta_\text{ssc}$
story_cloze,transformer.decoder.block.10.layer.0.SelfAttention.k,173,,cross
story_cloze,transformer.decoder.block.10.layer.0.SelfAttention.k,173,,corr
story_cloze,transformer.decoder.block.10.layer.0.SelfAttention.k,173,,drift
story_cloze,transformer.decoder.block.10.layer.0.SelfAttention.k,173,,tot
story_cloze,transformer.decoder.block.10.layer.0.SelfAttention.k,173,,$\delta_\text{gsc}$
story_cloze,transformer.decoder.block.10.layer.0.SelfAttention.k,173,,$\delta_\text{ssc}$
story_cloze,transformer.decoder.block.10.layer.0.SelfAttention.v,174,0.174800306558609,cross
story_cloze,transformer.decoder.block.10.layer.0.SelfAttention.v,174,0.3560361862182617,corr
story_cloze,transformer.decoder.block.10.layer.0.SelfAttention.v,174,0.3541942238807678,drift
story_cloze,transformer.decoder.block.10.layer.0.SelfAttention.v,174,0.4459719657897949,tot
story_cloze,transformer.decoder.block.10.layer.0.SelfAttention.v,174,-0.21006888151168823,$\delta_\text{gsc}$
story_cloze,transformer.decoder.block.10.layer.0.SelfAttention.v,174,-0.2289898693561554,$\delta_\text{ssc}$
story_cloze,transformer.decoder.block.10.layer.0.SelfAttention.o,175,0.20491783320903778,cross
story_cloze,transformer.decoder.block.10.layer.0.SelfAttention.o,175,0.24806807935237885,corr
story_cloze,transformer.decoder.block.10.layer.0.SelfAttention.o,175,0.3359905183315277,drift
story_cloze,transformer.decoder.block.10.layer.0.SelfAttention.o,175,0.382373183965683,tot
story_cloze,transformer.decoder.block.10.layer.0.SelfAttention.o,175,-0.23646371066570282,$\delta_\text{gsc}$
story_cloze,transformer.decoder.block.10.layer.0.SelfAttention.o,175,-0.17013953626155853,$\delta_\text{ssc}$
story_cloze,transformer.decoder.block.10.layer.1.EncDecAttention.q,176,,cross
story_cloze,transformer.decoder.block.10.layer.1.EncDecAttention.q,176,,corr
story_cloze,transformer.decoder.block.10.layer.1.EncDecAttention.q,176,,drift
story_cloze,transformer.decoder.block.10.layer.1.EncDecAttention.q,176,,tot
story_cloze,transformer.decoder.block.10.layer.1.EncDecAttention.q,176,,$\delta_\text{gsc}$
story_cloze,transformer.decoder.block.10.layer.1.EncDecAttention.q,176,,$\delta_\text{ssc}$
story_cloze,transformer.decoder.block.10.layer.1.EncDecAttention.k,177,,cross
story_cloze,transformer.decoder.block.10.layer.1.EncDecAttention.k,177,,corr
story_cloze,transformer.decoder.block.10.layer.1.EncDecAttention.k,177,,drift
story_cloze,transformer.decoder.block.10.layer.1.EncDecAttention.k,177,,tot
story_cloze,transformer.decoder.block.10.layer.1.EncDecAttention.k,177,,$\delta_\text{gsc}$
story_cloze,transformer.decoder.block.10.layer.1.EncDecAttention.k,177,,$\delta_\text{ssc}$
story_cloze,transformer.decoder.block.10.layer.1.EncDecAttention.v,178,0.22881686687469482,cross
story_cloze,transformer.decoder.block.10.layer.1.EncDecAttention.v,178,0.41161617636680603,corr
story_cloze,transformer.decoder.block.10.layer.1.EncDecAttention.v,178,0.3144852817058563,drift
story_cloze,transformer.decoder.block.10.layer.1.EncDecAttention.v,178,0.3848559558391571,tot
story_cloze,transformer.decoder.block.10.layer.1.EncDecAttention.v,178,-0.3057976961135864,$\delta_\text{gsc}$
story_cloze,transformer.decoder.block.10.layer.1.EncDecAttention.v,178,-0.26426467299461365,$\delta_\text{ssc}$
story_cloze,transformer.decoder.block.10.layer.1.EncDecAttention.o,179,0.2081739753484726,cross
story_cloze,transformer.decoder.block.10.layer.1.EncDecAttention.o,179,0.2649894654750824,corr
story_cloze,transformer.decoder.block.10.layer.1.EncDecAttention.o,179,0.3122774064540863,drift
story_cloze,transformer.decoder.block.10.layer.1.EncDecAttention.o,179,0.3468824625015259,tot
story_cloze,transformer.decoder.block.10.layer.1.EncDecAttention.o,179,-0.2562193274497986,$\delta_\text{gsc}$
story_cloze,transformer.decoder.block.10.layer.1.EncDecAttention.o,179,-0.18233907222747803,$\delta_\text{ssc}$
story_cloze,transformer.decoder.block.10.layer.2.DenseReluDense.wi,180,0.051665786653757095,cross
story_cloze,transformer.decoder.block.10.layer.2.DenseReluDense.wi,180,0.3517070710659027,corr
story_cloze,transformer.decoder.block.10.layer.2.DenseReluDense.wi,180,0.3209649324417114,drift
story_cloze,transformer.decoder.block.10.layer.2.DenseReluDense.wi,180,0.44600990414619446,tot
story_cloze,transformer.decoder.block.10.layer.2.DenseReluDense.wi,180,-0.07212606072425842,$\delta_\text{gsc}$
story_cloze,transformer.decoder.block.10.layer.2.DenseReluDense.wi,180,-0.20620182156562805,$\delta_\text{ssc}$
story_cloze,transformer.decoder.block.10.layer.2.DenseReluDense.wo,181,0.15327225625514984,cross
story_cloze,transformer.decoder.block.10.layer.2.DenseReluDense.wo,181,0.34343722462654114,corr
story_cloze,transformer.decoder.block.10.layer.2.DenseReluDense.wo,181,0.43643835186958313,drift
story_cloze,transformer.decoder.block.10.layer.2.DenseReluDense.wo,181,0.4772404730319977,tot
story_cloze,transformer.decoder.block.10.layer.2.DenseReluDense.wo,181,-0.16488775610923767,$\delta_\text{gsc}$
story_cloze,transformer.decoder.block.10.layer.2.DenseReluDense.wo,181,-0.29101958870887756,$\delta_\text{ssc}$
story_cloze,transformer.decoder.block.11.layer.0.SelfAttention.q,182,,cross
story_cloze,transformer.decoder.block.11.layer.0.SelfAttention.q,182,,corr
story_cloze,transformer.decoder.block.11.layer.0.SelfAttention.q,182,,drift
story_cloze,transformer.decoder.block.11.layer.0.SelfAttention.q,182,,tot
story_cloze,transformer.decoder.block.11.layer.0.SelfAttention.q,182,,$\delta_\text{gsc}$
story_cloze,transformer.decoder.block.11.layer.0.SelfAttention.q,182,,$\delta_\text{ssc}$
story_cloze,transformer.decoder.block.11.layer.0.SelfAttention.k,183,,cross
story_cloze,transformer.decoder.block.11.layer.0.SelfAttention.k,183,,corr
story_cloze,transformer.decoder.block.11.layer.0.SelfAttention.k,183,,drift
story_cloze,transformer.decoder.block.11.layer.0.SelfAttention.k,183,,tot
story_cloze,transformer.decoder.block.11.layer.0.SelfAttention.k,183,,$\delta_\text{gsc}$
story_cloze,transformer.decoder.block.11.layer.0.SelfAttention.k,183,,$\delta_\text{ssc}$
story_cloze,transformer.decoder.block.11.layer.0.SelfAttention.v,184,0.19946373999118805,cross
story_cloze,transformer.decoder.block.11.layer.0.SelfAttention.v,184,0.3203926384449005,corr
story_cloze,transformer.decoder.block.11.layer.0.SelfAttention.v,184,0.337494432926178,drift
story_cloze,transformer.decoder.block.11.layer.0.SelfAttention.v,184,0.40109777450561523,tot
story_cloze,transformer.decoder.block.11.layer.0.SelfAttention.v,184,-0.25282251834869385,$\delta_\text{gsc}$
story_cloze,transformer.decoder.block.11.layer.0.SelfAttention.v,184,-0.20343050360679626,$\delta_\text{ssc}$
story_cloze,transformer.decoder.block.11.layer.0.SelfAttention.o,185,0.19025206565856934,cross
story_cloze,transformer.decoder.block.11.layer.0.SelfAttention.o,185,0.22008293867111206,corr
story_cloze,transformer.decoder.block.11.layer.0.SelfAttention.o,185,0.36071327328681946,drift
story_cloze,transformer.decoder.block.11.layer.0.SelfAttention.o,185,0.3934742510318756,tot
story_cloze,transformer.decoder.block.11.layer.0.SelfAttention.o,185,-0.2147434949874878,$\delta_\text{gsc}$
story_cloze,transformer.decoder.block.11.layer.0.SelfAttention.o,185,-0.16283053159713745,$\delta_\text{ssc}$
story_cloze,transformer.decoder.block.11.layer.1.EncDecAttention.q,186,,cross
story_cloze,transformer.decoder.block.11.layer.1.EncDecAttention.q,186,,corr
story_cloze,transformer.decoder.block.11.layer.1.EncDecAttention.q,186,,drift
story_cloze,transformer.decoder.block.11.layer.1.EncDecAttention.q,186,,tot
story_cloze,transformer.decoder.block.11.layer.1.EncDecAttention.q,186,,$\delta_\text{gsc}$
story_cloze,transformer.decoder.block.11.layer.1.EncDecAttention.q,186,,$\delta_\text{ssc}$
story_cloze,transformer.decoder.block.11.layer.1.EncDecAttention.k,187,,cross
story_cloze,transformer.decoder.block.11.layer.1.EncDecAttention.k,187,,corr
story_cloze,transformer.decoder.block.11.layer.1.EncDecAttention.k,187,,drift
story_cloze,transformer.decoder.block.11.layer.1.EncDecAttention.k,187,,tot
story_cloze,transformer.decoder.block.11.layer.1.EncDecAttention.k,187,,$\delta_\text{gsc}$
story_cloze,transformer.decoder.block.11.layer.1.EncDecAttention.k,187,,$\delta_\text{ssc}$
story_cloze,transformer.decoder.block.11.layer.1.EncDecAttention.v,188,0.26343631744384766,cross
story_cloze,transformer.decoder.block.11.layer.1.EncDecAttention.v,188,0.3103890120983124,corr
story_cloze,transformer.decoder.block.11.layer.1.EncDecAttention.v,188,0.31446996331214905,drift
story_cloze,transformer.decoder.block.11.layer.1.EncDecAttention.v,188,0.3473356366157532,tot
story_cloze,transformer.decoder.block.11.layer.1.EncDecAttention.v,188,-0.3340042233467102,$\delta_\text{gsc}$
story_cloze,transformer.decoder.block.11.layer.1.EncDecAttention.v,188,-0.2069554328918457,$\delta_\text{ssc}$
story_cloze,transformer.decoder.block.11.layer.1.EncDecAttention.o,189,0.14260587096214294,cross
story_cloze,transformer.decoder.block.11.layer.1.EncDecAttention.o,189,0.1642492115497589,corr
story_cloze,transformer.decoder.block.11.layer.1.EncDecAttention.o,189,0.28146252036094666,drift
story_cloze,transformer.decoder.block.11.layer.1.EncDecAttention.o,189,0.31272563338279724,tot
story_cloze,transformer.decoder.block.11.layer.1.EncDecAttention.o,189,-0.1673453152179718,$\delta_\text{gsc}$
story_cloze,transformer.decoder.block.11.layer.1.EncDecAttention.o,189,-0.10824665427207947,$\delta_\text{ssc}$
story_cloze,transformer.decoder.block.11.layer.2.DenseReluDense.wi,190,0.12608100473880768,cross
story_cloze,transformer.decoder.block.11.layer.2.DenseReluDense.wi,190,0.3008110523223877,corr
story_cloze,transformer.decoder.block.11.layer.2.DenseReluDense.wi,190,0.3262588083744049,drift
story_cloze,transformer.decoder.block.11.layer.2.DenseReluDense.wi,190,0.4130300283432007,tot
story_cloze,transformer.decoder.block.11.layer.2.DenseReluDense.wi,190,-0.1644144058227539,$\delta_\text{gsc}$
story_cloze,transformer.decoder.block.11.layer.2.DenseReluDense.wi,190,-0.1757064163684845,$\delta_\text{ssc}$
story_cloze,transformer.decoder.block.11.layer.2.DenseReluDense.wo,191,0.1923709660768509,cross
story_cloze,transformer.decoder.block.11.layer.2.DenseReluDense.wo,191,0.22690361738204956,corr
story_cloze,transformer.decoder.block.11.layer.2.DenseReluDense.wo,191,0.4192546010017395,drift
story_cloze,transformer.decoder.block.11.layer.2.DenseReluDense.wo,191,0.464440256357193,tot
story_cloze,transformer.decoder.block.11.layer.2.DenseReluDense.wo,191,-0.2153688371181488,$\delta_\text{gsc}$
story_cloze,transformer.decoder.block.11.layer.2.DenseReluDense.wo,191,-0.15872010588645935,$\delta_\text{ssc}$
story_cloze,transformer.lm_head,192,0.06679581105709076,cross
story_cloze,transformer.lm_head,192,0.044563472270965576,corr
story_cloze,transformer.lm_head,192,0.20724773406982422,drift
story_cloze,transformer.lm_head,192,0.2304348349571228,tot
story_cloze,transformer.lm_head,192,-0.04908782243728638,$\delta_\text{gsc}$
story_cloze,transformer.lm_head,192,-0.039084360003471375,$\delta_\text{ssc}$
winogrande,transformer.encoder.block.0.layer.0.SelfAttention.q,0,,cross
winogrande,transformer.encoder.block.0.layer.0.SelfAttention.q,0,,corr
winogrande,transformer.encoder.block.0.layer.0.SelfAttention.q,0,,drift
winogrande,transformer.encoder.block.0.layer.0.SelfAttention.q,0,,tot
winogrande,transformer.encoder.block.0.layer.0.SelfAttention.q,0,,$\delta_\text{gsc}$
winogrande,transformer.encoder.block.0.layer.0.SelfAttention.q,0,,$\delta_\text{ssc}$
winogrande,transformer.encoder.block.0.layer.0.SelfAttention.k,1,,cross
winogrande,transformer.encoder.block.0.layer.0.SelfAttention.k,1,,corr
winogrande,transformer.encoder.block.0.layer.0.SelfAttention.k,1,,drift
winogrande,transformer.encoder.block.0.layer.0.SelfAttention.k,1,,tot
winogrande,transformer.encoder.block.0.layer.0.SelfAttention.k,1,,$\delta_\text{gsc}$
winogrande,transformer.encoder.block.0.layer.0.SelfAttention.k,1,,$\delta_\text{ssc}$
winogrande,transformer.encoder.block.0.layer.0.SelfAttention.v,2,0.04206574335694313,cross
winogrande,transformer.encoder.block.0.layer.0.SelfAttention.v,2,0.055773038417100906,corr
winogrande,transformer.encoder.block.0.layer.0.SelfAttention.v,2,0.007047589402645826,drift
winogrande,transformer.encoder.block.0.layer.0.SelfAttention.v,2,0.021296026185154915,tot
winogrande,transformer.encoder.block.0.layer.0.SelfAttention.v,2,-0.07759465277194977,$\delta_\text{gsc}$
winogrande,transformer.encoder.block.0.layer.0.SelfAttention.v,2,-0.005995690356940031,$\delta_\text{ssc}$
winogrande,transformer.encoder.block.0.layer.0.SelfAttention.o,3,0.07705794274806976,cross
winogrande,transformer.encoder.block.0.layer.0.SelfAttention.o,3,0.1089404821395874,corr
winogrande,transformer.encoder.block.0.layer.0.SelfAttention.o,3,0.03523687273263931,drift
winogrande,transformer.encoder.block.0.layer.0.SelfAttention.o,3,0.09521893411874771,tot
winogrande,transformer.encoder.block.0.layer.0.SelfAttention.o,3,-0.09955978393554688,$\delta_\text{gsc}$
winogrande,transformer.encoder.block.0.layer.0.SelfAttention.o,3,-0.026456579566001892,$\delta_\text{ssc}$
winogrande,transformer.encoder.block.0.layer.1.DenseReluDense.wi,4,0.05374986678361893,cross
winogrande,transformer.encoder.block.0.layer.1.DenseReluDense.wi,4,0.06413152068853378,corr
winogrande,transformer.encoder.block.0.layer.1.DenseReluDense.wi,4,0.06462681293487549,drift
winogrande,transformer.encoder.block.0.layer.1.DenseReluDense.wi,4,0.10030056536197662,tot
winogrande,transformer.encoder.block.0.layer.1.DenseReluDense.wi,4,-0.05241496115922928,$\delta_\text{gsc}$
winogrande,transformer.encoder.block.0.layer.1.DenseReluDense.wi,4,-0.029792673885822296,$\delta_\text{ssc}$
winogrande,transformer.encoder.block.0.layer.1.DenseReluDense.wo,5,0.1245364397764206,cross
winogrande,transformer.encoder.block.0.layer.1.DenseReluDense.wo,5,0.13860495388507843,corr
winogrande,transformer.encoder.block.0.layer.1.DenseReluDense.wo,5,0.1552186757326126,drift
winogrande,transformer.encoder.block.0.layer.1.DenseReluDense.wo,5,0.16426847875118256,tot
winogrande,transformer.encoder.block.0.layer.1.DenseReluDense.wo,5,-0.1742604821920395,$\delta_\text{gsc}$
winogrande,transformer.encoder.block.0.layer.1.DenseReluDense.wo,5,-0.07983110845088959,$\delta_\text{ssc}$
winogrande,transformer.encoder.block.1.layer.0.SelfAttention.q,6,,cross
winogrande,transformer.encoder.block.1.layer.0.SelfAttention.q,6,,corr
winogrande,transformer.encoder.block.1.layer.0.SelfAttention.q,6,,drift
winogrande,transformer.encoder.block.1.layer.0.SelfAttention.q,6,,tot
winogrande,transformer.encoder.block.1.layer.0.SelfAttention.q,6,,$\delta_\text{gsc}$
winogrande,transformer.encoder.block.1.layer.0.SelfAttention.q,6,,$\delta_\text{ssc}$
winogrande,transformer.encoder.block.1.layer.0.SelfAttention.k,7,,cross
winogrande,transformer.encoder.block.1.layer.0.SelfAttention.k,7,,corr
winogrande,transformer.encoder.block.1.layer.0.SelfAttention.k,7,,drift
winogrande,transformer.encoder.block.1.layer.0.SelfAttention.k,7,,tot
winogrande,transformer.encoder.block.1.layer.0.SelfAttention.k,7,,$\delta_\text{gsc}$
winogrande,transformer.encoder.block.1.layer.0.SelfAttention.k,7,,$\delta_\text{ssc}$
winogrande,transformer.encoder.block.1.layer.0.SelfAttention.v,8,0.07031668722629547,cross
winogrande,transformer.encoder.block.1.layer.0.SelfAttention.v,8,0.08628106862306595,corr
winogrande,transformer.encoder.block.1.layer.0.SelfAttention.v,8,0.07089483737945557,drift
winogrande,transformer.encoder.block.1.layer.0.SelfAttention.v,8,0.08248917013406754,tot
winogrande,transformer.encoder.block.1.layer.0.SelfAttention.v,8,-0.10305212438106537,$\delta_\text{gsc}$
winogrande,transformer.encoder.block.1.layer.0.SelfAttention.v,8,-0.04195129871368408,$\delta_\text{ssc}$
winogrande,transformer.encoder.block.1.layer.0.SelfAttention.o,9,0.1262097805738449,cross
winogrande,transformer.encoder.block.1.layer.0.SelfAttention.o,9,0.1458282470703125,corr
winogrande,transformer.encoder.block.1.layer.0.SelfAttention.o,9,0.09700103849172592,drift
winogrande,transformer.encoder.block.1.layer.0.SelfAttention.o,9,0.10134291648864746,tot
winogrande,transformer.encoder.block.1.layer.0.SelfAttention.o,9,-0.20211412012577057,$\delta_\text{gsc}$
winogrande,transformer.encoder.block.1.layer.0.SelfAttention.o,9,-0.0655820295214653,$\delta_\text{ssc}$
winogrande,transformer.encoder.block.1.layer.1.DenseReluDense.wi,10,0.06246522441506386,cross
winogrande,transformer.encoder.block.1.layer.1.DenseReluDense.wi,10,0.08604948222637177,corr
winogrande,transformer.encoder.block.1.layer.1.DenseReluDense.wi,10,0.07870669662952423,drift
winogrande,transformer.encoder.block.1.layer.1.DenseReluDense.wi,10,0.09664630144834518,tot
winogrande,transformer.encoder.block.1.layer.1.DenseReluDense.wi,10,-0.0873231291770935,$\delta_\text{gsc}$
winogrande,transformer.encoder.block.1.layer.1.DenseReluDense.wi,10,-0.04325197637081146,$\delta_\text{ssc}$
winogrande,transformer.encoder.block.1.layer.1.DenseReluDense.wo,11,0.07292455434799194,cross
winogrande,transformer.encoder.block.1.layer.1.DenseReluDense.wo,11,0.08729737251996994,corr
winogrande,transformer.encoder.block.1.layer.1.DenseReluDense.wo,11,0.19033677875995636,drift
winogrande,transformer.encoder.block.1.layer.1.DenseReluDense.wo,11,0.18300852179527283,tot
winogrande,transformer.encoder.block.1.layer.1.DenseReluDense.wo,11,-0.06452307105064392,$\delta_\text{gsc}$
winogrande,transformer.encoder.block.1.layer.1.DenseReluDense.wo,11,-0.1030271127820015,$\delta_\text{ssc}$
winogrande,transformer.encoder.block.2.layer.0.SelfAttention.q,12,,cross
winogrande,transformer.encoder.block.2.layer.0.SelfAttention.q,12,,corr
winogrande,transformer.encoder.block.2.layer.0.SelfAttention.q,12,,drift
winogrande,transformer.encoder.block.2.layer.0.SelfAttention.q,12,,tot
winogrande,transformer.encoder.block.2.layer.0.SelfAttention.q,12,,$\delta_\text{gsc}$
winogrande,transformer.encoder.block.2.layer.0.SelfAttention.q,12,,$\delta_\text{ssc}$
winogrande,transformer.encoder.block.2.layer.0.SelfAttention.k,13,,cross
winogrande,transformer.encoder.block.2.layer.0.SelfAttention.k,13,,corr
winogrande,transformer.encoder.block.2.layer.0.SelfAttention.k,13,,drift
winogrande,transformer.encoder.block.2.layer.0.SelfAttention.k,13,,tot
winogrande,transformer.encoder.block.2.layer.0.SelfAttention.k,13,,$\delta_\text{gsc}$
winogrande,transformer.encoder.block.2.layer.0.SelfAttention.k,13,,$\delta_\text{ssc}$
winogrande,transformer.encoder.block.2.layer.0.SelfAttention.v,14,0.08052569627761841,cross
winogrande,transformer.encoder.block.2.layer.0.SelfAttention.v,14,0.10021132975816727,corr
winogrande,transformer.encoder.block.2.layer.0.SelfAttention.v,14,0.08986209332942963,drift
winogrande,transformer.encoder.block.2.layer.0.SelfAttention.v,14,0.08575143665075302,tot
winogrande,transformer.encoder.block.2.layer.0.SelfAttention.v,14,-0.12368742376565933,$\delta_\text{gsc}$
winogrande,transformer.encoder.block.2.layer.0.SelfAttention.v,14,-0.06116025894880295,$\delta_\text{ssc}$
winogrande,transformer.encoder.block.2.layer.0.SelfAttention.o,15,0.11331359297037125,cross
winogrande,transformer.encoder.block.2.layer.0.SelfAttention.o,15,0.1329585611820221,corr
winogrande,transformer.encoder.block.2.layer.0.SelfAttention.o,15,0.12709248065948486,drift
winogrande,transformer.encoder.block.2.layer.0.SelfAttention.o,15,0.1138562560081482,tot
winogrande,transformer.encoder.block.2.layer.0.SelfAttention.o,15,-0.17284390330314636,$\delta_\text{gsc}$
winogrande,transformer.encoder.block.2.layer.0.SelfAttention.o,15,-0.08666446805000305,$\delta_\text{ssc}$
winogrande,transformer.encoder.block.2.layer.1.DenseReluDense.wi,16,0.061382196843624115,cross
winogrande,transformer.encoder.block.2.layer.1.DenseReluDense.wi,16,0.07792891561985016,corr
winogrande,transformer.encoder.block.2.layer.1.DenseReluDense.wi,16,0.09300113469362259,drift
winogrande,transformer.encoder.block.2.layer.1.DenseReluDense.wi,16,0.10435981303453445,tot
winogrande,transformer.encoder.block.2.layer.1.DenseReluDense.wi,16,-0.07649537920951843,$\delta_\text{gsc}$
winogrande,transformer.encoder.block.2.layer.1.DenseReluDense.wi,16,-0.051457054913043976,$\delta_\text{ssc}$
winogrande,transformer.encoder.block.2.layer.1.DenseReluDense.wo,17,0.23569810390472412,cross
winogrande,transformer.encoder.block.2.layer.1.DenseReluDense.wo,17,0.4505617320537567,corr
winogrande,transformer.encoder.block.2.layer.1.DenseReluDense.wo,17,0.4522525370121002,drift
winogrande,transformer.encoder.block.2.layer.1.DenseReluDense.wo,17,0.246843621134758,tot
winogrande,transformer.encoder.block.2.layer.1.DenseReluDense.wo,17,-0.3308860659599304,$\delta_\text{gsc}$
winogrande,transformer.encoder.block.2.layer.1.DenseReluDense.wo,17,-0.5607826709747314,$\delta_\text{ssc}$
winogrande,transformer.encoder.block.3.layer.0.SelfAttention.q,18,,cross
winogrande,transformer.encoder.block.3.layer.0.SelfAttention.q,18,,corr
winogrande,transformer.encoder.block.3.layer.0.SelfAttention.q,18,,drift
winogrande,transformer.encoder.block.3.layer.0.SelfAttention.q,18,,tot
winogrande,transformer.encoder.block.3.layer.0.SelfAttention.q,18,,$\delta_\text{gsc}$
winogrande,transformer.encoder.block.3.layer.0.SelfAttention.q,18,,$\delta_\text{ssc}$
winogrande,transformer.encoder.block.3.layer.0.SelfAttention.k,19,,cross
winogrande,transformer.encoder.block.3.layer.0.SelfAttention.k,19,,corr
winogrande,transformer.encoder.block.3.layer.0.SelfAttention.k,19,,drift
winogrande,transformer.encoder.block.3.layer.0.SelfAttention.k,19,,tot
winogrande,transformer.encoder.block.3.layer.0.SelfAttention.k,19,,$\delta_\text{gsc}$
winogrande,transformer.encoder.block.3.layer.0.SelfAttention.k,19,,$\delta_\text{ssc}$
winogrande,transformer.encoder.block.3.layer.0.SelfAttention.v,20,0.0830998420715332,cross
winogrande,transformer.encoder.block.3.layer.0.SelfAttention.v,20,0.10669154673814774,corr
winogrande,transformer.encoder.block.3.layer.0.SelfAttention.v,20,0.12755922973155975,drift
winogrande,transformer.encoder.block.3.layer.0.SelfAttention.v,20,0.1203915923833847,tot
winogrande,transformer.encoder.block.3.layer.0.SelfAttention.v,20,-0.12475110590457916,$\delta_\text{gsc}$
winogrande,transformer.encoder.block.3.layer.0.SelfAttention.v,20,-0.07220792025327682,$\delta_\text{ssc}$
winogrande,transformer.encoder.block.3.layer.0.SelfAttention.o,21,0.08814133703708649,cross
winogrande,transformer.encoder.block.3.layer.0.SelfAttention.o,21,0.10555773228406906,corr
winogrande,transformer.encoder.block.3.layer.0.SelfAttention.o,21,0.16803471744060516,drift
winogrande,transformer.encoder.block.3.layer.0.SelfAttention.o,21,0.15166659653186798,tot
winogrande,transformer.encoder.block.3.layer.0.SelfAttention.o,21,-0.12507222592830658,$\delta_\text{gsc}$
winogrande,transformer.encoder.block.3.layer.0.SelfAttention.o,21,-0.08499496430158615,$\delta_\text{ssc}$
winogrande,transformer.encoder.block.3.layer.1.DenseReluDense.wi,22,0.06182807683944702,cross
winogrande,transformer.encoder.block.3.layer.1.DenseReluDense.wi,22,0.08026550710201263,corr
winogrande,transformer.encoder.block.3.layer.1.DenseReluDense.wi,22,0.10163435339927673,drift
winogrande,transformer.encoder.block.3.layer.1.DenseReluDense.wi,22,0.09752412885427475,tot
winogrande,transformer.encoder.block.3.layer.1.DenseReluDense.wi,22,-0.09154505282640457,$\delta_\text{gsc}$
winogrande,transformer.encoder.block.3.layer.1.DenseReluDense.wi,22,-0.05465875566005707,$\delta_\text{ssc}$
winogrande,transformer.encoder.block.3.layer.1.DenseReluDense.wo,23,0.11634740233421326,cross
winogrande,transformer.encoder.block.3.layer.1.DenseReluDense.wo,23,0.3907991349697113,corr
winogrande,transformer.encoder.block.3.layer.1.DenseReluDense.wo,23,0.44245144724845886,drift
winogrande,transformer.encoder.block.3.layer.1.DenseReluDense.wo,23,0.28118765354156494,tot
winogrande,transformer.encoder.block.3.layer.1.DenseReluDense.wo,23,-0.13372492790222168,$\delta_\text{gsc}$
winogrande,transformer.encoder.block.3.layer.1.DenseReluDense.wo,23,-0.5346853733062744,$\delta_\text{ssc}$
winogrande,transformer.encoder.block.4.layer.0.SelfAttention.q,24,,cross
winogrande,transformer.encoder.block.4.layer.0.SelfAttention.q,24,,corr
winogrande,transformer.encoder.block.4.layer.0.SelfAttention.q,24,,drift
winogrande,transformer.encoder.block.4.layer.0.SelfAttention.q,24,,tot
winogrande,transformer.encoder.block.4.layer.0.SelfAttention.q,24,,$\delta_\text{gsc}$
winogrande,transformer.encoder.block.4.layer.0.SelfAttention.q,24,,$\delta_\text{ssc}$
winogrande,transformer.encoder.block.4.layer.0.SelfAttention.k,25,,cross
winogrande,transformer.encoder.block.4.layer.0.SelfAttention.k,25,,corr
winogrande,transformer.encoder.block.4.layer.0.SelfAttention.k,25,,drift
winogrande,transformer.encoder.block.4.layer.0.SelfAttention.k,25,,tot
winogrande,transformer.encoder.block.4.layer.0.SelfAttention.k,25,,$\delta_\text{gsc}$
winogrande,transformer.encoder.block.4.layer.0.SelfAttention.k,25,,$\delta_\text{ssc}$
winogrande,transformer.encoder.block.4.layer.0.SelfAttention.v,26,0.06996000558137894,cross
winogrande,transformer.encoder.block.4.layer.0.SelfAttention.v,26,0.08543049544095993,corr
winogrande,transformer.encoder.block.4.layer.0.SelfAttention.v,26,0.17116433382034302,drift
winogrande,transformer.encoder.block.4.layer.0.SelfAttention.v,26,0.1602558195590973,tot
winogrande,transformer.encoder.block.4.layer.0.SelfAttention.v,26,-0.09898290783166885,$\delta_\text{gsc}$
winogrande,transformer.encoder.block.4.layer.0.SelfAttention.v,26,-0.06731610745191574,$\delta_\text{ssc}$
winogrande,transformer.encoder.block.4.layer.0.SelfAttention.o,27,0.13134385645389557,cross
winogrande,transformer.encoder.block.4.layer.0.SelfAttention.o,27,0.13579726219177246,corr
winogrande,transformer.encoder.block.4.layer.0.SelfAttention.o,27,0.22629722952842712,drift
winogrande,transformer.encoder.block.4.layer.0.SelfAttention.o,27,0.21139758825302124,tot
winogrande,transformer.encoder.block.4.layer.0.SelfAttention.o,27,-0.19384552538394928,$\delta_\text{gsc}$
winogrande,transformer.encoder.block.4.layer.0.SelfAttention.o,27,-0.08819523453712463,$\delta_\text{ssc}$
winogrande,transformer.encoder.block.4.layer.1.DenseReluDense.wi,28,0.04934403672814369,cross
winogrande,transformer.encoder.block.4.layer.1.DenseReluDense.wi,28,0.07054422795772552,corr
winogrande,transformer.encoder.block.4.layer.1.DenseReluDense.wi,28,0.14023610949516296,drift
winogrande,transformer.encoder.block.4.layer.1.DenseReluDense.wi,28,0.1286991387605667,tot
winogrande,transformer.encoder.block.4.layer.1.DenseReluDense.wi,28,-0.07348914444446564,$\delta_\text{gsc}$
winogrande,transformer.encoder.block.4.layer.1.DenseReluDense.wi,28,-0.057936087250709534,$\delta_\text{ssc}$
winogrande,transformer.encoder.block.4.layer.1.DenseReluDense.wo,29,0.23569783568382263,cross
winogrande,transformer.encoder.block.4.layer.1.DenseReluDense.wo,29,0.4453144967556,corr
winogrande,transformer.encoder.block.4.layer.1.DenseReluDense.wo,29,0.4916912615299225,drift
winogrande,transformer.encoder.block.4.layer.1.DenseReluDense.wo,29,0.3465447425842285,tot
winogrande,transformer.encoder.block.4.layer.1.DenseReluDense.wo,29,-0.2995034456253052,$\delta_\text{gsc}$
winogrande,transformer.encoder.block.4.layer.1.DenseReluDense.wo,29,-0.5266554355621338,$\delta_\text{ssc}$
winogrande,transformer.encoder.block.5.layer.0.SelfAttention.q,30,,cross
winogrande,transformer.encoder.block.5.layer.0.SelfAttention.q,30,,corr
winogrande,transformer.encoder.block.5.layer.0.SelfAttention.q,30,,drift
winogrande,transformer.encoder.block.5.layer.0.SelfAttention.q,30,,tot
winogrande,transformer.encoder.block.5.layer.0.SelfAttention.q,30,,$\delta_\text{gsc}$
winogrande,transformer.encoder.block.5.layer.0.SelfAttention.q,30,,$\delta_\text{ssc}$
winogrande,transformer.encoder.block.5.layer.0.SelfAttention.k,31,,cross
winogrande,transformer.encoder.block.5.layer.0.SelfAttention.k,31,,corr
winogrande,transformer.encoder.block.5.layer.0.SelfAttention.k,31,,drift
winogrande,transformer.encoder.block.5.layer.0.SelfAttention.k,31,,tot
winogrande,transformer.encoder.block.5.layer.0.SelfAttention.k,31,,$\delta_\text{gsc}$
winogrande,transformer.encoder.block.5.layer.0.SelfAttention.k,31,,$\delta_\text{ssc}$
winogrande,transformer.encoder.block.5.layer.0.SelfAttention.v,32,0.12075980752706528,cross
winogrande,transformer.encoder.block.5.layer.0.SelfAttention.v,32,0.1263553649187088,corr
winogrande,transformer.encoder.block.5.layer.0.SelfAttention.v,32,0.19652564823627472,drift
winogrande,transformer.encoder.block.5.layer.0.SelfAttention.v,32,0.1790429651737213,tot
winogrande,transformer.encoder.block.5.layer.0.SelfAttention.v,32,-0.18393221497535706,$\delta_\text{gsc}$
winogrande,transformer.encoder.block.5.layer.0.SelfAttention.v,32,-0.08066563308238983,$\delta_\text{ssc}$
winogrande,transformer.encoder.block.5.layer.0.SelfAttention.o,33,0.18687215447425842,cross
winogrande,transformer.encoder.block.5.layer.0.SelfAttention.o,33,0.18546345829963684,corr
winogrande,transformer.encoder.block.5.layer.0.SelfAttention.o,33,0.24607795476913452,drift
winogrande,transformer.encoder.block.5.layer.0.SelfAttention.o,33,0.21894530951976776,tot
winogrande,transformer.encoder.block.5.layer.0.SelfAttention.o,33,-0.27477508783340454,$\delta_\text{gsc}$
winogrande,transformer.encoder.block.5.layer.0.SelfAttention.o,33,-0.12469315528869629,$\delta_\text{ssc}$
winogrande,transformer.encoder.block.5.layer.1.DenseReluDense.wi,34,0.0639815554022789,cross
winogrande,transformer.encoder.block.5.layer.1.DenseReluDense.wi,34,0.08831058442592621,corr
winogrande,transformer.encoder.block.5.layer.1.DenseReluDense.wi,34,0.17478255927562714,drift
winogrande,transformer.encoder.block.5.layer.1.DenseReluDense.wi,34,0.15120649337768555,tot
winogrande,transformer.encoder.block.5.layer.1.DenseReluDense.wi,34,-0.09501492232084274,$\delta_\text{gsc}$
winogrande,transformer.encoder.block.5.layer.1.DenseReluDense.wi,34,-0.08085328340530396,$\delta_\text{ssc}$
winogrande,transformer.encoder.block.5.layer.1.DenseReluDense.wo,35,0.21109335124492645,cross
winogrande,transformer.encoder.block.5.layer.1.DenseReluDense.wo,35,0.40033191442489624,corr
winogrande,transformer.encoder.block.5.layer.1.DenseReluDense.wo,35,0.45523151755332947,drift
winogrande,transformer.encoder.block.5.layer.1.DenseReluDense.wo,35,0.29410648345947266,tot
winogrande,transformer.encoder.block.5.layer.1.DenseReluDense.wo,35,-0.31127041578292847,$\delta_\text{gsc}$
winogrande,transformer.encoder.block.5.layer.1.DenseReluDense.wo,35,-0.46127986907958984,$\delta_\text{ssc}$
winogrande,transformer.encoder.block.6.layer.0.SelfAttention.q,36,,cross
winogrande,transformer.encoder.block.6.layer.0.SelfAttention.q,36,,corr
winogrande,transformer.encoder.block.6.layer.0.SelfAttention.q,36,,drift
winogrande,transformer.encoder.block.6.layer.0.SelfAttention.q,36,,tot
winogrande,transformer.encoder.block.6.layer.0.SelfAttention.q,36,,$\delta_\text{gsc}$
winogrande,transformer.encoder.block.6.layer.0.SelfAttention.q,36,,$\delta_\text{ssc}$
winogrande,transformer.encoder.block.6.layer.0.SelfAttention.k,37,,cross
winogrande,transformer.encoder.block.6.layer.0.SelfAttention.k,37,,corr
winogrande,transformer.encoder.block.6.layer.0.SelfAttention.k,37,,drift
winogrande,transformer.encoder.block.6.layer.0.SelfAttention.k,37,,tot
winogrande,transformer.encoder.block.6.layer.0.SelfAttention.k,37,,$\delta_\text{gsc}$
winogrande,transformer.encoder.block.6.layer.0.SelfAttention.k,37,,$\delta_\text{ssc}$
winogrande,transformer.encoder.block.6.layer.0.SelfAttention.v,38,0.10155132412910461,cross
winogrande,transformer.encoder.block.6.layer.0.SelfAttention.v,38,0.09676065295934677,corr
winogrande,transformer.encoder.block.6.layer.0.SelfAttention.v,38,0.25210443139076233,drift
winogrande,transformer.encoder.block.6.layer.0.SelfAttention.v,38,0.23104706406593323,tot
winogrande,transformer.encoder.block.6.layer.0.SelfAttention.v,38,-0.15087097883224487,$\delta_\text{gsc}$
winogrande,transformer.encoder.block.6.layer.0.SelfAttention.v,38,-0.06849837303161621,$\delta_\text{ssc}$
winogrande,transformer.encoder.block.6.layer.0.SelfAttention.o,39,0.12210987508296967,cross
winogrande,transformer.encoder.block.6.layer.0.SelfAttention.o,39,0.12123898416757584,corr
winogrande,transformer.encoder.block.6.layer.0.SelfAttention.o,39,0.28193971514701843,drift
winogrande,transformer.encoder.block.6.layer.0.SelfAttention.o,39,0.260820209980011,tot
winogrande,transformer.encoder.block.6.layer.0.SelfAttention.o,39,-0.16978271305561066,$\delta_\text{gsc}$
winogrande,transformer.encoder.block.6.layer.0.SelfAttention.o,39,-0.0946856439113617,$\delta_\text{ssc}$
winogrande,transformer.encoder.block.6.layer.1.DenseReluDense.wi,40,0.07529827207326889,cross
winogrande,transformer.encoder.block.6.layer.1.DenseReluDense.wi,40,0.09136831015348434,corr
winogrande,transformer.encoder.block.6.layer.1.DenseReluDense.wi,40,0.21822287142276764,drift
winogrande,transformer.encoder.block.6.layer.1.DenseReluDense.wi,40,0.19289200007915497,tot
winogrande,transformer.encoder.block.6.layer.1.DenseReluDense.wi,40,-0.11540215462446213,$\delta_\text{gsc}$
winogrande,transformer.encoder.block.6.layer.1.DenseReluDense.wi,40,-0.07659529149532318,$\delta_\text{ssc}$
winogrande,transformer.encoder.block.6.layer.1.DenseReluDense.wo,41,0.12447508424520493,cross
winogrande,transformer.encoder.block.6.layer.1.DenseReluDense.wo,41,0.31541669368743896,corr
winogrande,transformer.encoder.block.6.layer.1.DenseReluDense.wo,41,0.45293477177619934,drift
winogrande,transformer.encoder.block.6.layer.1.DenseReluDense.wo,41,0.3509994149208069,tot
winogrande,transformer.encoder.block.6.layer.1.DenseReluDense.wo,41,-0.14865189790725708,$\delta_\text{gsc}$
winogrande,transformer.encoder.block.6.layer.1.DenseReluDense.wo,41,-0.39317524433135986,$\delta_\text{ssc}$
winogrande,transformer.encoder.block.7.layer.0.SelfAttention.q,42,,cross
winogrande,transformer.encoder.block.7.layer.0.SelfAttention.q,42,,corr
winogrande,transformer.encoder.block.7.layer.0.SelfAttention.q,42,,drift
winogrande,transformer.encoder.block.7.layer.0.SelfAttention.q,42,,tot
winogrande,transformer.encoder.block.7.layer.0.SelfAttention.q,42,,$\delta_\text{gsc}$
winogrande,transformer.encoder.block.7.layer.0.SelfAttention.q,42,,$\delta_\text{ssc}$
winogrande,transformer.encoder.block.7.layer.0.SelfAttention.k,43,,cross
winogrande,transformer.encoder.block.7.layer.0.SelfAttention.k,43,,corr
winogrande,transformer.encoder.block.7.layer.0.SelfAttention.k,43,,drift
winogrande,transformer.encoder.block.7.layer.0.SelfAttention.k,43,,tot
winogrande,transformer.encoder.block.7.layer.0.SelfAttention.k,43,,$\delta_\text{gsc}$
winogrande,transformer.encoder.block.7.layer.0.SelfAttention.k,43,,$\delta_\text{ssc}$
winogrande,transformer.encoder.block.7.layer.0.SelfAttention.v,44,0.06960948556661606,cross
winogrande,transformer.encoder.block.7.layer.0.SelfAttention.v,44,0.060907263308763504,corr
winogrande,transformer.encoder.block.7.layer.0.SelfAttention.v,44,0.2936288118362427,drift
winogrande,transformer.encoder.block.7.layer.0.SelfAttention.v,44,0.2799678444862366,tot
winogrande,transformer.encoder.block.7.layer.0.SelfAttention.v,44,-0.09845462441444397,$\delta_\text{gsc}$
winogrande,transformer.encoder.block.7.layer.0.SelfAttention.v,44,-0.045723095536231995,$\delta_\text{ssc}$
winogrande,transformer.encoder.block.7.layer.0.SelfAttention.o,45,0.07844783365726471,cross
winogrande,transformer.encoder.block.7.layer.0.SelfAttention.o,45,0.06913520395755768,corr
winogrande,transformer.encoder.block.7.layer.0.SelfAttention.o,45,0.3344511389732361,drift
winogrande,transformer.encoder.block.7.layer.0.SelfAttention.o,45,0.3230973482131958,tot
winogrande,transformer.encoder.block.7.layer.0.SelfAttention.o,45,-0.10554216802120209,$\delta_\text{gsc}$
winogrande,transformer.encoder.block.7.layer.0.SelfAttention.o,45,-0.05339467525482178,$\delta_\text{ssc}$
winogrande,transformer.encoder.block.7.layer.1.DenseReluDense.wi,46,0.052561406046152115,cross
winogrande,transformer.encoder.block.7.layer.1.DenseReluDense.wi,46,0.06542587280273438,corr
winogrande,transformer.encoder.block.7.layer.1.DenseReluDense.wi,46,0.2689312994480133,drift
winogrande,transformer.encoder.block.7.layer.1.DenseReluDense.wi,46,0.25299468636512756,tot
winogrande,transformer.encoder.block.7.layer.1.DenseReluDense.wi,46,-0.07841572165489197,$\delta_\text{gsc}$
winogrande,transformer.encoder.block.7.layer.1.DenseReluDense.wi,46,-0.055508166551589966,$\delta_\text{ssc}$
winogrande,transformer.encoder.block.7.layer.1.DenseReluDense.wo,47,0.13588935136795044,cross
winogrande,transformer.encoder.block.7.layer.1.DenseReluDense.wo,47,0.2516933083534241,corr
winogrande,transformer.encoder.block.7.layer.1.DenseReluDense.wo,47,0.4594826102256775,drift
winogrande,transformer.encoder.block.7.layer.1.DenseReluDense.wo,47,0.42322617769241333,tot
winogrande,transformer.encoder.block.7.layer.1.DenseReluDense.wo,47,-0.14488080143928528,$\delta_\text{gsc}$
winogrande,transformer.encoder.block.7.layer.1.DenseReluDense.wo,47,-0.2789582908153534,$\delta_\text{ssc}$
winogrande,transformer.encoder.block.8.layer.0.SelfAttention.q,48,,cross
winogrande,transformer.encoder.block.8.layer.0.SelfAttention.q,48,,corr
winogrande,transformer.encoder.block.8.layer.0.SelfAttention.q,48,,drift
winogrande,transformer.encoder.block.8.layer.0.SelfAttention.q,48,,tot
winogrande,transformer.encoder.block.8.layer.0.SelfAttention.q,48,,$\delta_\text{gsc}$
winogrande,transformer.encoder.block.8.layer.0.SelfAttention.q,48,,$\delta_\text{ssc}$
winogrande,transformer.encoder.block.8.layer.0.SelfAttention.k,49,,cross
winogrande,transformer.encoder.block.8.layer.0.SelfAttention.k,49,,corr
winogrande,transformer.encoder.block.8.layer.0.SelfAttention.k,49,,drift
winogrande,transformer.encoder.block.8.layer.0.SelfAttention.k,49,,tot
winogrande,transformer.encoder.block.8.layer.0.SelfAttention.k,49,,$\delta_\text{gsc}$
winogrande,transformer.encoder.block.8.layer.0.SelfAttention.k,49,,$\delta_\text{ssc}$
winogrande,transformer.encoder.block.8.layer.0.SelfAttention.v,50,0.04473310336470604,cross
winogrande,transformer.encoder.block.8.layer.0.SelfAttention.v,50,0.04082956910133362,corr
winogrande,transformer.encoder.block.8.layer.0.SelfAttention.v,50,0.30793869495391846,drift
winogrande,transformer.encoder.block.8.layer.0.SelfAttention.v,50,0.3000819981098175,tot
winogrande,transformer.encoder.block.8.layer.0.SelfAttention.v,50,-0.05983930826187134,$\delta_\text{gsc}$
winogrande,transformer.encoder.block.8.layer.0.SelfAttention.v,50,-0.03358006477355957,$\delta_\text{ssc}$
winogrande,transformer.encoder.block.8.layer.0.SelfAttention.o,51,0.05793312191963196,cross
winogrande,transformer.encoder.block.8.layer.0.SelfAttention.o,51,0.04797711595892906,corr
winogrande,transformer.encoder.block.8.layer.0.SelfAttention.o,51,0.32334136962890625,drift
winogrande,transformer.encoder.block.8.layer.0.SelfAttention.o,51,0.3183441162109375,tot
winogrande,transformer.encoder.block.8.layer.0.SelfAttention.o,51,-0.0720648467540741,$\delta_\text{gsc}$
winogrande,transformer.encoder.block.8.layer.0.SelfAttention.o,51,-0.03884264826774597,$\delta_\text{ssc}$
winogrande,transformer.encoder.block.8.layer.1.DenseReluDense.wi,52,0.046616069972515106,cross
winogrande,transformer.encoder.block.8.layer.1.DenseReluDense.wi,52,0.0544009692966938,corr
winogrande,transformer.encoder.block.8.layer.1.DenseReluDense.wi,52,0.2747221291065216,drift
winogrande,transformer.encoder.block.8.layer.1.DenseReluDense.wi,52,0.2608563303947449,tot
winogrande,transformer.encoder.block.8.layer.1.DenseReluDense.wi,52,-0.06441497802734375,$\delta_\text{gsc}$
winogrande,transformer.encoder.block.8.layer.1.DenseReluDense.wi,52,-0.05046786367893219,$\delta_\text{ssc}$
winogrande,transformer.encoder.block.8.layer.1.DenseReluDense.wo,53,0.11941128224134445,cross
winogrande,transformer.encoder.block.8.layer.1.DenseReluDense.wo,53,0.10617898404598236,corr
winogrande,transformer.encoder.block.8.layer.1.DenseReluDense.wo,53,0.40881314873695374,drift
winogrande,transformer.encoder.block.8.layer.1.DenseReluDense.wo,53,0.40573787689208984,tot
winogrande,transformer.encoder.block.8.layer.1.DenseReluDense.wo,53,-0.1301659643650055,$\delta_\text{gsc}$
winogrande,transformer.encoder.block.8.layer.1.DenseReluDense.wo,53,-0.09849956631660461,$\delta_\text{ssc}$
winogrande,transformer.encoder.block.9.layer.0.SelfAttention.q,54,,cross
winogrande,transformer.encoder.block.9.layer.0.SelfAttention.q,54,,corr
winogrande,transformer.encoder.block.9.layer.0.SelfAttention.q,54,,drift
winogrande,transformer.encoder.block.9.layer.0.SelfAttention.q,54,,tot
winogrande,transformer.encoder.block.9.layer.0.SelfAttention.q,54,,$\delta_\text{gsc}$
winogrande,transformer.encoder.block.9.layer.0.SelfAttention.q,54,,$\delta_\text{ssc}$
winogrande,transformer.encoder.block.9.layer.0.SelfAttention.k,55,,cross
winogrande,transformer.encoder.block.9.layer.0.SelfAttention.k,55,,corr
winogrande,transformer.encoder.block.9.layer.0.SelfAttention.k,55,,drift
winogrande,transformer.encoder.block.9.layer.0.SelfAttention.k,55,,tot
winogrande,transformer.encoder.block.9.layer.0.SelfAttention.k,55,,$\delta_\text{gsc}$
winogrande,transformer.encoder.block.9.layer.0.SelfAttention.k,55,,$\delta_\text{ssc}$
winogrande,transformer.encoder.block.9.layer.0.SelfAttention.v,56,0.049387022852897644,cross
winogrande,transformer.encoder.block.9.layer.0.SelfAttention.v,56,0.0435711145401001,corr
winogrande,transformer.encoder.block.9.layer.0.SelfAttention.v,56,0.3139449954032898,drift
winogrande,transformer.encoder.block.9.layer.0.SelfAttention.v,56,0.30769458413124084,tot
winogrande,transformer.encoder.block.9.layer.0.SelfAttention.v,56,-0.06330704689025879,$\delta_\text{gsc}$
winogrande,transformer.encoder.block.9.layer.0.SelfAttention.v,56,-0.03590148687362671,$\delta_\text{ssc}$
winogrande,transformer.encoder.block.9.layer.0.SelfAttention.o,57,0.10221204906702042,cross
winogrande,transformer.encoder.block.9.layer.0.SelfAttention.o,57,0.07912035286426544,corr
winogrande,transformer.encoder.block.9.layer.0.SelfAttention.o,57,0.3220745623111725,drift
winogrande,transformer.encoder.block.9.layer.0.SelfAttention.o,57,0.3150273561477661,tot
winogrande,transformer.encoder.block.9.layer.0.SelfAttention.o,57,-0.12477573752403259,$\delta_\text{gsc}$
winogrande,transformer.encoder.block.9.layer.0.SelfAttention.o,57,-0.06360384821891785,$\delta_\text{ssc}$
winogrande,transformer.encoder.block.9.layer.1.DenseReluDense.wi,58,0.05808407813310623,cross
winogrande,transformer.encoder.block.9.layer.1.DenseReluDense.wi,58,0.04139931872487068,corr
winogrande,transformer.encoder.block.9.layer.1.DenseReluDense.wi,58,0.2906625270843506,drift
winogrande,transformer.encoder.block.9.layer.1.DenseReluDense.wi,58,0.2794014513492584,tot
winogrande,transformer.encoder.block.9.layer.1.DenseReluDense.wi,58,-0.08258301019668579,$\delta_\text{gsc}$
winogrande,transformer.encoder.block.9.layer.1.DenseReluDense.wi,58,-0.028161466121673584,$\delta_\text{ssc}$
winogrande,transformer.encoder.block.9.layer.1.DenseReluDense.wo,59,0.1225699931383133,cross
winogrande,transformer.encoder.block.9.layer.1.DenseReluDense.wo,59,0.08152823150157928,corr
winogrande,transformer.encoder.block.9.layer.1.DenseReluDense.wo,59,0.43600326776504517,drift
winogrande,transformer.encoder.block.9.layer.1.DenseReluDense.wo,59,0.43237683176994324,tot
winogrande,transformer.encoder.block.9.layer.1.DenseReluDense.wo,59,-0.12589988112449646,$\delta_\text{gsc}$
winogrande,transformer.encoder.block.9.layer.1.DenseReluDense.wo,59,-0.08182477951049805,$\delta_\text{ssc}$
winogrande,transformer.encoder.block.10.layer.0.SelfAttention.q,60,,cross
winogrande,transformer.encoder.block.10.layer.0.SelfAttention.q,60,,corr
winogrande,transformer.encoder.block.10.layer.0.SelfAttention.q,60,,drift
winogrande,transformer.encoder.block.10.layer.0.SelfAttention.q,60,,tot
winogrande,transformer.encoder.block.10.layer.0.SelfAttention.q,60,,$\delta_\text{gsc}$
winogrande,transformer.encoder.block.10.layer.0.SelfAttention.q,60,,$\delta_\text{ssc}$
winogrande,transformer.encoder.block.10.layer.0.SelfAttention.k,61,,cross
winogrande,transformer.encoder.block.10.layer.0.SelfAttention.k,61,,corr
winogrande,transformer.encoder.block.10.layer.0.SelfAttention.k,61,,drift
winogrande,transformer.encoder.block.10.layer.0.SelfAttention.k,61,,tot
winogrande,transformer.encoder.block.10.layer.0.SelfAttention.k,61,,$\delta_\text{gsc}$
winogrande,transformer.encoder.block.10.layer.0.SelfAttention.k,61,,$\delta_\text{ssc}$
winogrande,transformer.encoder.block.10.layer.0.SelfAttention.v,62,0.035338398069143295,cross
winogrande,transformer.encoder.block.10.layer.0.SelfAttention.v,62,0.024295208975672722,corr
winogrande,transformer.encoder.block.10.layer.0.SelfAttention.v,62,0.32896167039871216,drift
winogrande,transformer.encoder.block.10.layer.0.SelfAttention.v,62,0.3257638216018677,tot
winogrande,transformer.encoder.block.10.layer.0.SelfAttention.v,62,-0.04502299427986145,$\delta_\text{gsc}$
winogrande,transformer.encoder.block.10.layer.0.SelfAttention.v,62,-0.017808467149734497,$\delta_\text{ssc}$
winogrande,transformer.encoder.block.10.layer.0.SelfAttention.o,63,0.058855220675468445,cross
winogrande,transformer.encoder.block.10.layer.0.SelfAttention.o,63,0.02306533232331276,corr
winogrande,transformer.encoder.block.10.layer.0.SelfAttention.o,63,0.3365236520767212,drift
winogrande,transformer.encoder.block.10.layer.0.SelfAttention.o,63,0.3323725163936615,tot
winogrande,transformer.encoder.block.10.layer.0.SelfAttention.o,63,-0.06987226009368896,$\delta_\text{gsc}$
winogrande,transformer.encoder.block.10.layer.0.SelfAttention.o,63,-0.01619940996170044,$\delta_\text{ssc}$
winogrande,transformer.encoder.block.10.layer.1.DenseReluDense.wi,64,0.08006405085325241,cross
winogrande,transformer.encoder.block.10.layer.1.DenseReluDense.wi,64,0.04884149134159088,corr
winogrande,transformer.encoder.block.10.layer.1.DenseReluDense.wi,64,0.31284499168395996,drift
winogrande,transformer.encoder.block.10.layer.1.DenseReluDense.wi,64,0.3041027784347534,tot
winogrande,transformer.encoder.block.10.layer.1.DenseReluDense.wi,64,-0.10706603527069092,$\delta_\text{gsc}$
winogrande,transformer.encoder.block.10.layer.1.DenseReluDense.wi,64,-0.03058171272277832,$\delta_\text{ssc}$
winogrande,transformer.encoder.block.10.layer.1.DenseReluDense.wo,65,0.13239915668964386,cross
winogrande,transformer.encoder.block.10.layer.1.DenseReluDense.wo,65,0.07425976544618607,corr
winogrande,transformer.encoder.block.10.layer.1.DenseReluDense.wo,65,0.38972651958465576,drift
winogrande,transformer.encoder.block.10.layer.1.DenseReluDense.wo,65,0.3734913468360901,tot
winogrande,transformer.encoder.block.10.layer.1.DenseReluDense.wo,65,-0.14751847088336945,$\delta_\text{gsc}$
winogrande,transformer.encoder.block.10.layer.1.DenseReluDense.wo,65,-0.07537561655044556,$\delta_\text{ssc}$
winogrande,transformer.encoder.block.11.layer.0.SelfAttention.q,66,,cross
winogrande,transformer.encoder.block.11.layer.0.SelfAttention.q,66,,corr
winogrande,transformer.encoder.block.11.layer.0.SelfAttention.q,66,,drift
winogrande,transformer.encoder.block.11.layer.0.SelfAttention.q,66,,tot
winogrande,transformer.encoder.block.11.layer.0.SelfAttention.q,66,,$\delta_\text{gsc}$
winogrande,transformer.encoder.block.11.layer.0.SelfAttention.q,66,,$\delta_\text{ssc}$
winogrande,transformer.encoder.block.11.layer.0.SelfAttention.k,67,,cross
winogrande,transformer.encoder.block.11.layer.0.SelfAttention.k,67,,corr
winogrande,transformer.encoder.block.11.layer.0.SelfAttention.k,67,,drift
winogrande,transformer.encoder.block.11.layer.0.SelfAttention.k,67,,tot
winogrande,transformer.encoder.block.11.layer.0.SelfAttention.k,67,,$\delta_\text{gsc}$
winogrande,transformer.encoder.block.11.layer.0.SelfAttention.k,67,,$\delta_\text{ssc}$
winogrande,transformer.encoder.block.11.layer.0.SelfAttention.v,68,0.03946075215935707,cross
winogrande,transformer.encoder.block.11.layer.0.SelfAttention.v,68,0.023861639201641083,corr
winogrande,transformer.encoder.block.11.layer.0.SelfAttention.v,68,0.3338075876235962,drift
winogrande,transformer.encoder.block.11.layer.0.SelfAttention.v,68,0.32956746220588684,tot
winogrande,transformer.encoder.block.11.layer.0.SelfAttention.v,68,-0.05017247796058655,$\delta_\text{gsc}$
winogrande,transformer.encoder.block.11.layer.0.SelfAttention.v,68,-0.017390042543411255,$\delta_\text{ssc}$
winogrande,transformer.encoder.block.11.layer.0.SelfAttention.o,69,0.04766235500574112,cross
winogrande,transformer.encoder.block.11.layer.0.SelfAttention.o,69,0.021818343549966812,corr
winogrande,transformer.encoder.block.11.layer.0.SelfAttention.o,69,0.3249504566192627,drift
winogrande,transformer.encoder.block.11.layer.0.SelfAttention.o,69,0.323065847158432,tot
winogrande,transformer.encoder.block.11.layer.0.SelfAttention.o,69,-0.05692768096923828,$\delta_\text{gsc}$
winogrande,transformer.encoder.block.11.layer.0.SelfAttention.o,69,-0.014437615871429443,$\delta_\text{ssc}$
winogrande,transformer.encoder.block.11.layer.1.DenseReluDense.wi,70,0.09792980551719666,cross
winogrande,transformer.encoder.block.11.layer.1.DenseReluDense.wi,70,0.060369595885276794,corr
winogrande,transformer.encoder.block.11.layer.1.DenseReluDense.wi,70,0.33246052265167236,drift
winogrande,transformer.encoder.block.11.layer.1.DenseReluDense.wi,70,0.3249489963054657,tot
winogrande,transformer.encoder.block.11.layer.1.DenseReluDense.wi,70,-0.12319397926330566,$\delta_\text{gsc}$
winogrande,transformer.encoder.block.11.layer.1.DenseReluDense.wi,70,-0.042616963386535645,$\delta_\text{ssc}$
winogrande,transformer.encoder.block.11.layer.1.DenseReluDense.wo,71,0.15573269128799438,cross
winogrande,transformer.encoder.block.11.layer.1.DenseReluDense.wo,71,0.03544014319777489,corr
winogrande,transformer.encoder.block.11.layer.1.DenseReluDense.wo,71,0.49535343050956726,drift
winogrande,transformer.encoder.block.11.layer.1.DenseReluDense.wo,71,0.46543464064598083,tot
winogrande,transformer.encoder.block.11.layer.1.DenseReluDense.wo,71,-0.1817956268787384,$\delta_\text{gsc}$
winogrande,transformer.encoder.block.11.layer.1.DenseReluDense.wo,71,-0.03929600119590759,$\delta_\text{ssc}$
winogrande,transformer.decoder.block.0.layer.0.SelfAttention.q,72,,cross
winogrande,transformer.decoder.block.0.layer.0.SelfAttention.q,72,,corr
winogrande,transformer.decoder.block.0.layer.0.SelfAttention.q,72,,drift
winogrande,transformer.decoder.block.0.layer.0.SelfAttention.q,72,,tot
winogrande,transformer.decoder.block.0.layer.0.SelfAttention.q,72,,$\delta_\text{gsc}$
winogrande,transformer.decoder.block.0.layer.0.SelfAttention.q,72,,$\delta_\text{ssc}$
winogrande,transformer.decoder.block.0.layer.0.SelfAttention.k,73,,cross
winogrande,transformer.decoder.block.0.layer.0.SelfAttention.k,73,,corr
winogrande,transformer.decoder.block.0.layer.0.SelfAttention.k,73,,drift
winogrande,transformer.decoder.block.0.layer.0.SelfAttention.k,73,,tot
winogrande,transformer.decoder.block.0.layer.0.SelfAttention.k,73,,$\delta_\text{gsc}$
winogrande,transformer.decoder.block.0.layer.0.SelfAttention.k,73,,$\delta_\text{ssc}$
winogrande,transformer.decoder.block.0.layer.0.SelfAttention.v,74,0.035630375146865845,cross
winogrande,transformer.decoder.block.0.layer.0.SelfAttention.v,74,0.017390642315149307,corr
winogrande,transformer.decoder.block.0.layer.0.SelfAttention.v,74,0.023815996944904327,drift
winogrande,transformer.decoder.block.0.layer.0.SelfAttention.v,74,0.012225576676428318,tot
winogrande,transformer.decoder.block.0.layer.0.SelfAttention.v,74,-0.05913965031504631,$\delta_\text{gsc}$
winogrande,transformer.decoder.block.0.layer.0.SelfAttention.v,74,-0.0054717883467674255,$\delta_\text{ssc}$
winogrande,transformer.decoder.block.0.layer.0.SelfAttention.o,75,0.016730856150388718,cross
winogrande,transformer.decoder.block.0.layer.0.SelfAttention.o,75,0.015762094408273697,corr
winogrande,transformer.decoder.block.0.layer.0.SelfAttention.o,75,0.031198685988783836,drift
winogrande,transformer.decoder.block.0.layer.0.SelfAttention.o,75,0.027935074642300606,tot
winogrande,transformer.decoder.block.0.layer.0.SelfAttention.o,75,-0.024618925526738167,$\delta_\text{gsc}$
winogrande,transformer.decoder.block.0.layer.0.SelfAttention.o,75,-0.011137636378407478,$\delta_\text{ssc}$
winogrande,transformer.decoder.block.0.layer.1.EncDecAttention.q,76,,cross
winogrande,transformer.decoder.block.0.layer.1.EncDecAttention.q,76,,corr
winogrande,transformer.decoder.block.0.layer.1.EncDecAttention.q,76,,drift
winogrande,transformer.decoder.block.0.layer.1.EncDecAttention.q,76,,tot
winogrande,transformer.decoder.block.0.layer.1.EncDecAttention.q,76,,$\delta_\text{gsc}$
winogrande,transformer.decoder.block.0.layer.1.EncDecAttention.q,76,,$\delta_\text{ssc}$
winogrande,transformer.decoder.block.0.layer.1.EncDecAttention.k,77,,cross
winogrande,transformer.decoder.block.0.layer.1.EncDecAttention.k,77,,corr
winogrande,transformer.decoder.block.0.layer.1.EncDecAttention.k,77,,drift
winogrande,transformer.decoder.block.0.layer.1.EncDecAttention.k,77,,tot
winogrande,transformer.decoder.block.0.layer.1.EncDecAttention.k,77,,$\delta_\text{gsc}$
winogrande,transformer.decoder.block.0.layer.1.EncDecAttention.k,77,,$\delta_\text{ssc}$
winogrande,transformer.decoder.block.0.layer.1.EncDecAttention.v,78,0.2712268531322479,cross
winogrande,transformer.decoder.block.0.layer.1.EncDecAttention.v,78,0.3732241094112396,corr
winogrande,transformer.decoder.block.0.layer.1.EncDecAttention.v,78,0.3347398340702057,drift
winogrande,transformer.decoder.block.0.layer.1.EncDecAttention.v,78,0.3687248229980469,tot
winogrande,transformer.decoder.block.0.layer.1.EncDecAttention.v,78,-0.3510042726993561,$\delta_\text{gsc}$
winogrande,transformer.decoder.block.0.layer.1.EncDecAttention.v,78,-0.2594617009162903,$\delta_\text{ssc}$
winogrande,transformer.decoder.block.0.layer.1.EncDecAttention.o,79,0.21030834317207336,cross
winogrande,transformer.decoder.block.0.layer.1.EncDecAttention.o,79,0.2471892088651657,corr
winogrande,transformer.decoder.block.0.layer.1.EncDecAttention.o,79,0.32141655683517456,drift
winogrande,transformer.decoder.block.0.layer.1.EncDecAttention.o,79,0.33568835258483887,tot
winogrande,transformer.decoder.block.0.layer.1.EncDecAttention.o,79,-0.265205442905426,$\delta_\text{gsc}$
winogrande,transformer.decoder.block.0.layer.1.EncDecAttention.o,79,-0.17802031338214874,$\delta_\text{ssc}$
winogrande,transformer.decoder.block.0.layer.2.DenseReluDense.wi,80,0.027037737891077995,cross
winogrande,transformer.decoder.block.0.layer.2.DenseReluDense.wi,80,0.13924023509025574,corr
winogrande,transformer.decoder.block.0.layer.2.DenseReluDense.wi,80,0.19934824109077454,drift
winogrande,transformer.decoder.block.0.layer.2.DenseReluDense.wi,80,0.2618177533149719,tot
winogrande,transformer.decoder.block.0.layer.2.DenseReluDense.wi,80,-0.038826555013656616,$\delta_\text{gsc}$
winogrande,transformer.decoder.block.0.layer.2.DenseReluDense.wi,80,-0.06498190760612488,$\delta_\text{ssc}$
winogrande,transformer.decoder.block.0.layer.2.DenseReluDense.wo,81,0.04138541594147682,cross
winogrande,transformer.decoder.block.0.layer.2.DenseReluDense.wo,81,0.07843850553035736,corr
winogrande,transformer.decoder.block.0.layer.2.DenseReluDense.wo,81,0.398293673992157,drift
winogrande,transformer.decoder.block.0.layer.2.DenseReluDense.wo,81,0.4272008538246155,tot
winogrande,transformer.decoder.block.0.layer.2.DenseReluDense.wo,81,-0.048239320516586304,$\delta_\text{gsc}$
winogrande,transformer.decoder.block.0.layer.2.DenseReluDense.wo,81,-0.04267740249633789,$\delta_\text{ssc}$
winogrande,transformer.decoder.block.1.layer.0.SelfAttention.q,82,,cross
winogrande,transformer.decoder.block.1.layer.0.SelfAttention.q,82,,corr
winogrande,transformer.decoder.block.1.layer.0.SelfAttention.q,82,,drift
winogrande,transformer.decoder.block.1.layer.0.SelfAttention.q,82,,tot
winogrande,transformer.decoder.block.1.layer.0.SelfAttention.q,82,,$\delta_\text{gsc}$
winogrande,transformer.decoder.block.1.layer.0.SelfAttention.q,82,,$\delta_\text{ssc}$
winogrande,transformer.decoder.block.1.layer.0.SelfAttention.k,83,,cross
winogrande,transformer.decoder.block.1.layer.0.SelfAttention.k,83,,corr
winogrande,transformer.decoder.block.1.layer.0.SelfAttention.k,83,,drift
winogrande,transformer.decoder.block.1.layer.0.SelfAttention.k,83,,tot
winogrande,transformer.decoder.block.1.layer.0.SelfAttention.k,83,,$\delta_\text{gsc}$
winogrande,transformer.decoder.block.1.layer.0.SelfAttention.k,83,,$\delta_\text{ssc}$
winogrande,transformer.decoder.block.1.layer.0.SelfAttention.v,84,0.06783795356750488,cross
winogrande,transformer.decoder.block.1.layer.0.SelfAttention.v,84,0.1454518437385559,corr
winogrande,transformer.decoder.block.1.layer.0.SelfAttention.v,84,0.3390383720397949,drift
winogrande,transformer.decoder.block.1.layer.0.SelfAttention.v,84,0.39837655425071716,tot
winogrande,transformer.decoder.block.1.layer.0.SelfAttention.v,84,-0.10054227709770203,$\delta_\text{gsc}$
winogrande,transformer.decoder.block.1.layer.0.SelfAttention.v,84,-0.05340933799743652,$\delta_\text{ssc}$
winogrande,transformer.decoder.block.1.layer.0.SelfAttention.o,85,0.10524160414934158,cross
winogrande,transformer.decoder.block.1.layer.0.SelfAttention.o,85,0.21035471558570862,corr
winogrande,transformer.decoder.block.1.layer.0.SelfAttention.o,85,0.30223169922828674,drift
winogrande,transformer.decoder.block.1.layer.0.SelfAttention.o,85,0.38578763604164124,tot
winogrande,transformer.decoder.block.1.layer.0.SelfAttention.o,85,-0.15088284015655518,$\delta_\text{gsc}$
winogrande,transformer.decoder.block.1.layer.0.SelfAttention.o,85,-0.08115753531455994,$\delta_\text{ssc}$
winogrande,transformer.decoder.block.1.layer.1.EncDecAttention.q,86,,cross
winogrande,transformer.decoder.block.1.layer.1.EncDecAttention.q,86,,corr
winogrande,transformer.decoder.block.1.layer.1.EncDecAttention.q,86,,drift
winogrande,transformer.decoder.block.1.layer.1.EncDecAttention.q,86,,tot
winogrande,transformer.decoder.block.1.layer.1.EncDecAttention.q,86,,$\delta_\text{gsc}$
winogrande,transformer.decoder.block.1.layer.1.EncDecAttention.q,86,,$\delta_\text{ssc}$
winogrande,transformer.decoder.block.1.layer.1.EncDecAttention.k,87,,cross
winogrande,transformer.decoder.block.1.layer.1.EncDecAttention.k,87,,corr
winogrande,transformer.decoder.block.1.layer.1.EncDecAttention.k,87,,drift
winogrande,transformer.decoder.block.1.layer.1.EncDecAttention.k,87,,tot
winogrande,transformer.decoder.block.1.layer.1.EncDecAttention.k,87,,$\delta_\text{gsc}$
winogrande,transformer.decoder.block.1.layer.1.EncDecAttention.k,87,,$\delta_\text{ssc}$
winogrande,transformer.decoder.block.1.layer.1.EncDecAttention.v,88,0.25976285338401794,cross
winogrande,transformer.decoder.block.1.layer.1.EncDecAttention.v,88,0.31982824206352234,corr
winogrande,transformer.decoder.block.1.layer.1.EncDecAttention.v,88,0.336493581533432,drift
winogrande,transformer.decoder.block.1.layer.1.EncDecAttention.v,88,0.3530322313308716,tot
winogrande,transformer.decoder.block.1.layer.1.EncDecAttention.v,88,-0.3340045213699341,$\delta_\text{gsc}$
winogrande,transformer.decoder.block.1.layer.1.EncDecAttention.v,88,-0.22904792428016663,$\delta_\text{ssc}$
winogrande,transformer.decoder.block.1.layer.1.EncDecAttention.o,89,0.16167573630809784,cross
winogrande,transformer.decoder.block.1.layer.1.EncDecAttention.o,89,0.15556220710277557,corr
winogrande,transformer.decoder.block.1.layer.1.EncDecAttention.o,89,0.31836193799972534,drift
winogrande,transformer.decoder.block.1.layer.1.EncDecAttention.o,89,0.3234434723854065,tot
winogrande,transformer.decoder.block.1.layer.1.EncDecAttention.o,89,-0.19818125665187836,$\delta_\text{gsc}$
winogrande,transformer.decoder.block.1.layer.1.EncDecAttention.o,89,-0.1139751523733139,$\delta_\text{ssc}$
winogrande,transformer.decoder.block.1.layer.2.DenseReluDense.wi,90,0.032906729727983475,cross
winogrande,transformer.decoder.block.1.layer.2.DenseReluDense.wi,90,0.11707709729671478,corr
winogrande,transformer.decoder.block.1.layer.2.DenseReluDense.wi,90,0.3320804536342621,drift
winogrande,transformer.decoder.block.1.layer.2.DenseReluDense.wi,90,0.39207181334495544,tot
winogrande,transformer.decoder.block.1.layer.2.DenseReluDense.wi,90,-0.044728368520736694,$\delta_\text{gsc}$
winogrande,transformer.decoder.block.1.layer.2.DenseReluDense.wi,90,-0.045264095067977905,$\delta_\text{ssc}$
winogrande,transformer.decoder.block.1.layer.2.DenseReluDense.wo,91,0.07136725634336472,cross
winogrande,transformer.decoder.block.1.layer.2.DenseReluDense.wo,91,0.06319199502468109,corr
winogrande,transformer.decoder.block.1.layer.2.DenseReluDense.wo,91,0.43192023038864136,drift
winogrande,transformer.decoder.block.1.layer.2.DenseReluDense.wo,91,0.4372211992740631,tot
winogrande,transformer.decoder.block.1.layer.2.DenseReluDense.wo,91,-0.07121443748474121,$\delta_\text{gsc}$
winogrande,transformer.decoder.block.1.layer.2.DenseReluDense.wo,91,-0.058043837547302246,$\delta_\text{ssc}$
winogrande,transformer.decoder.block.2.layer.0.SelfAttention.q,92,,cross
winogrande,transformer.decoder.block.2.layer.0.SelfAttention.q,92,,corr
winogrande,transformer.decoder.block.2.layer.0.SelfAttention.q,92,,drift
winogrande,transformer.decoder.block.2.layer.0.SelfAttention.q,92,,tot
winogrande,transformer.decoder.block.2.layer.0.SelfAttention.q,92,,$\delta_\text{gsc}$
winogrande,transformer.decoder.block.2.layer.0.SelfAttention.q,92,,$\delta_\text{ssc}$
winogrande,transformer.decoder.block.2.layer.0.SelfAttention.k,93,,cross
winogrande,transformer.decoder.block.2.layer.0.SelfAttention.k,93,,corr
winogrande,transformer.decoder.block.2.layer.0.SelfAttention.k,93,,drift
winogrande,transformer.decoder.block.2.layer.0.SelfAttention.k,93,,tot
winogrande,transformer.decoder.block.2.layer.0.SelfAttention.k,93,,$\delta_\text{gsc}$
winogrande,transformer.decoder.block.2.layer.0.SelfAttention.k,93,,$\delta_\text{ssc}$
winogrande,transformer.decoder.block.2.layer.0.SelfAttention.v,94,0.037573374807834625,cross
winogrande,transformer.decoder.block.2.layer.0.SelfAttention.v,94,0.08867981284856796,corr
winogrande,transformer.decoder.block.2.layer.0.SelfAttention.v,94,0.4094116687774658,drift
winogrande,transformer.decoder.block.2.layer.0.SelfAttention.v,94,0.44115740060806274,tot
winogrande,transformer.decoder.block.2.layer.0.SelfAttention.v,94,-0.05185851454734802,$\delta_\text{gsc}$
winogrande,transformer.decoder.block.2.layer.0.SelfAttention.v,94,-0.04264894127845764,$\delta_\text{ssc}$
winogrande,transformer.decoder.block.2.layer.0.SelfAttention.o,95,0.12660536170005798,cross
winogrande,transformer.decoder.block.2.layer.0.SelfAttention.o,95,0.2792566120624542,corr
winogrande,transformer.decoder.block.2.layer.0.SelfAttention.o,95,0.32072553038597107,drift
winogrande,transformer.decoder.block.2.layer.0.SelfAttention.o,95,0.4496220350265503,tot
winogrande,transformer.decoder.block.2.layer.0.SelfAttention.o,95,-0.15087774395942688,$\delta_\text{gsc}$
winogrande,transformer.decoder.block.2.layer.0.SelfAttention.o,95,-0.1260877251625061,$\delta_\text{ssc}$
winogrande,transformer.decoder.block.2.layer.1.EncDecAttention.q,96,,cross
winogrande,transformer.decoder.block.2.layer.1.EncDecAttention.q,96,,corr
winogrande,transformer.decoder.block.2.layer.1.EncDecAttention.q,96,,drift
winogrande,transformer.decoder.block.2.layer.1.EncDecAttention.q,96,,tot
winogrande,transformer.decoder.block.2.layer.1.EncDecAttention.q,96,,$\delta_\text{gsc}$
winogrande,transformer.decoder.block.2.layer.1.EncDecAttention.q,96,,$\delta_\text{ssc}$
winogrande,transformer.decoder.block.2.layer.1.EncDecAttention.k,97,,cross
winogrande,transformer.decoder.block.2.layer.1.EncDecAttention.k,97,,corr
winogrande,transformer.decoder.block.2.layer.1.EncDecAttention.k,97,,drift
winogrande,transformer.decoder.block.2.layer.1.EncDecAttention.k,97,,tot
winogrande,transformer.decoder.block.2.layer.1.EncDecAttention.k,97,,$\delta_\text{gsc}$
winogrande,transformer.decoder.block.2.layer.1.EncDecAttention.k,97,,$\delta_\text{ssc}$
winogrande,transformer.decoder.block.2.layer.1.EncDecAttention.v,98,0.2644607722759247,cross
winogrande,transformer.decoder.block.2.layer.1.EncDecAttention.v,98,0.34756773710250854,corr
winogrande,transformer.decoder.block.2.layer.1.EncDecAttention.v,98,0.33284077048301697,drift
winogrande,transformer.decoder.block.2.layer.1.EncDecAttention.v,98,0.3533901572227478,tot
winogrande,transformer.decoder.block.2.layer.1.EncDecAttention.v,98,-0.3493402898311615,$\delta_\text{gsc}$
winogrande,transformer.decoder.block.2.layer.1.EncDecAttention.v,98,-0.2421388328075409,$\delta_\text{ssc}$
winogrande,transformer.decoder.block.2.layer.1.EncDecAttention.o,99,0.1600087434053421,cross
winogrande,transformer.decoder.block.2.layer.1.EncDecAttention.o,99,0.18953177332878113,corr
winogrande,transformer.decoder.block.2.layer.1.EncDecAttention.o,99,0.328702837228775,drift
winogrande,transformer.decoder.block.2.layer.1.EncDecAttention.o,99,0.3437640964984894,tot
winogrande,transformer.decoder.block.2.layer.1.EncDecAttention.o,99,-0.1955706924200058,$\delta_\text{gsc}$
winogrande,transformer.decoder.block.2.layer.1.EncDecAttention.o,99,-0.13890856504440308,$\delta_\text{ssc}$
winogrande,transformer.decoder.block.2.layer.2.DenseReluDense.wi,100,0.016863945871591568,cross
winogrande,transformer.decoder.block.2.layer.2.DenseReluDense.wi,100,0.06969068199396133,corr
winogrande,transformer.decoder.block.2.layer.2.DenseReluDense.wi,100,0.38117289543151855,drift
winogrande,transformer.decoder.block.2.layer.2.DenseReluDense.wi,100,0.4128682315349579,tot
winogrande,transformer.decoder.block.2.layer.2.DenseReluDense.wi,100,-0.022801697254180908,$\delta_\text{gsc}$
winogrande,transformer.decoder.block.2.layer.2.DenseReluDense.wi,100,-0.03205758333206177,$\delta_\text{ssc}$
winogrande,transformer.decoder.block.2.layer.2.DenseReluDense.wo,101,0.06611042469739914,cross
winogrande,transformer.decoder.block.2.layer.2.DenseReluDense.wo,101,0.08659441769123077,corr
winogrande,transformer.decoder.block.2.layer.2.DenseReluDense.wo,101,0.49999406933784485,drift
winogrande,transformer.decoder.block.2.layer.2.DenseReluDense.wo,101,0.4999995827674866,tot
winogrande,transformer.decoder.block.2.layer.2.DenseReluDense.wo,101,-0.06611013412475586,$\delta_\text{gsc}$
winogrande,transformer.decoder.block.2.layer.2.DenseReluDense.wo,101,-0.08658918738365173,$\delta_\text{ssc}$
winogrande,transformer.decoder.block.3.layer.0.SelfAttention.q,102,,cross
winogrande,transformer.decoder.block.3.layer.0.SelfAttention.q,102,,corr
winogrande,transformer.decoder.block.3.layer.0.SelfAttention.q,102,,drift
winogrande,transformer.decoder.block.3.layer.0.SelfAttention.q,102,,tot
winogrande,transformer.decoder.block.3.layer.0.SelfAttention.q,102,,$\delta_\text{gsc}$
winogrande,transformer.decoder.block.3.layer.0.SelfAttention.q,102,,$\delta_\text{ssc}$
winogrande,transformer.decoder.block.3.layer.0.SelfAttention.k,103,,cross
winogrande,transformer.decoder.block.3.layer.0.SelfAttention.k,103,,corr
winogrande,transformer.decoder.block.3.layer.0.SelfAttention.k,103,,drift
winogrande,transformer.decoder.block.3.layer.0.SelfAttention.k,103,,tot
winogrande,transformer.decoder.block.3.layer.0.SelfAttention.k,103,,$\delta_\text{gsc}$
winogrande,transformer.decoder.block.3.layer.0.SelfAttention.k,103,,$\delta_\text{ssc}$
winogrande,transformer.decoder.block.3.layer.0.SelfAttention.v,104,0.03552286699414253,cross
winogrande,transformer.decoder.block.3.layer.0.SelfAttention.v,104,0.08048384636640549,corr
winogrande,transformer.decoder.block.3.layer.0.SelfAttention.v,104,0.446781188249588,drift
winogrande,transformer.decoder.block.3.layer.0.SelfAttention.v,104,0.469601571559906,tot
winogrande,transformer.decoder.block.3.layer.0.SelfAttention.v,104,-0.04471781849861145,$\delta_\text{gsc}$
winogrande,transformer.decoder.block.3.layer.0.SelfAttention.v,104,-0.04846853017807007,$\delta_\text{ssc}$
winogrande,transformer.decoder.block.3.layer.0.SelfAttention.o,105,0.10851790010929108,cross
winogrande,transformer.decoder.block.3.layer.0.SelfAttention.o,105,0.23184794187545776,corr
winogrande,transformer.decoder.block.3.layer.0.SelfAttention.o,105,0.36251533031463623,drift
winogrande,transformer.decoder.block.3.layer.0.SelfAttention.o,105,0.46880337595939636,tot
winogrande,transformer.decoder.block.3.layer.0.SelfAttention.o,105,-0.12155553698539734,$\delta_\text{gsc}$
winogrande,transformer.decoder.block.3.layer.0.SelfAttention.o,105,-0.11252227425575256,$\delta_\text{ssc}$
winogrande,transformer.decoder.block.3.layer.1.EncDecAttention.q,106,,cross
winogrande,transformer.decoder.block.3.layer.1.EncDecAttention.q,106,,corr
winogrande,transformer.decoder.block.3.layer.1.EncDecAttention.q,106,,drift
winogrande,transformer.decoder.block.3.layer.1.EncDecAttention.q,106,,tot
winogrande,transformer.decoder.block.3.layer.1.EncDecAttention.q,106,,$\delta_\text{gsc}$
winogrande,transformer.decoder.block.3.layer.1.EncDecAttention.q,106,,$\delta_\text{ssc}$
winogrande,transformer.decoder.block.3.layer.1.EncDecAttention.k,107,,cross
winogrande,transformer.decoder.block.3.layer.1.EncDecAttention.k,107,,corr
winogrande,transformer.decoder.block.3.layer.1.EncDecAttention.k,107,,drift
winogrande,transformer.decoder.block.3.layer.1.EncDecAttention.k,107,,tot
winogrande,transformer.decoder.block.3.layer.1.EncDecAttention.k,107,,$\delta_\text{gsc}$
winogrande,transformer.decoder.block.3.layer.1.EncDecAttention.k,107,,$\delta_\text{ssc}$
winogrande,transformer.decoder.block.3.layer.1.EncDecAttention.v,108,0.26507481932640076,cross
winogrande,transformer.decoder.block.3.layer.1.EncDecAttention.v,108,0.3550882339477539,corr
winogrande,transformer.decoder.block.3.layer.1.EncDecAttention.v,108,0.3339448571205139,drift
winogrande,transformer.decoder.block.3.layer.1.EncDecAttention.v,108,0.3549203872680664,tot
winogrande,transformer.decoder.block.3.layer.1.EncDecAttention.v,108,-0.3515511155128479,$\delta_\text{gsc}$
winogrande,transformer.decoder.block.3.layer.1.EncDecAttention.v,108,-0.24763640761375427,$\delta_\text{ssc}$
winogrande,transformer.decoder.block.3.layer.1.EncDecAttention.o,109,0.16485565900802612,cross
winogrande,transformer.decoder.block.3.layer.1.EncDecAttention.o,109,0.1829850673675537,corr
winogrande,transformer.decoder.block.3.layer.1.EncDecAttention.o,109,0.29570356011390686,drift
winogrande,transformer.decoder.block.3.layer.1.EncDecAttention.o,109,0.30942630767822266,tot
winogrande,transformer.decoder.block.3.layer.1.EncDecAttention.o,109,-0.2028931975364685,$\delta_\text{gsc}$
winogrande,transformer.decoder.block.3.layer.1.EncDecAttention.o,109,-0.13122478127479553,$\delta_\text{ssc}$
winogrande,transformer.decoder.block.3.layer.2.DenseReluDense.wi,110,0.01355509553104639,cross
winogrande,transformer.decoder.block.3.layer.2.DenseReluDense.wi,110,0.07196402549743652,corr
winogrande,transformer.decoder.block.3.layer.2.DenseReluDense.wi,110,0.4180755019187927,drift
winogrande,transformer.decoder.block.3.layer.2.DenseReluDense.wi,110,0.44611838459968567,tot
winogrande,transformer.decoder.block.3.layer.2.DenseReluDense.wi,110,-0.017828375101089478,$\delta_\text{gsc}$
winogrande,transformer.decoder.block.3.layer.2.DenseReluDense.wi,110,-0.03964787721633911,$\delta_\text{ssc}$
winogrande,transformer.decoder.block.3.layer.2.DenseReluDense.wo,111,0.1554040014743805,cross
winogrande,transformer.decoder.block.3.layer.2.DenseReluDense.wo,111,0.13270597159862518,corr
winogrande,transformer.decoder.block.3.layer.2.DenseReluDense.wo,111,0.49760788679122925,drift
winogrande,transformer.decoder.block.3.layer.2.DenseReluDense.wo,111,0.49818024039268494,tot
winogrande,transformer.decoder.block.3.layer.2.DenseReluDense.wo,111,-0.15631160140037537,$\delta_\text{gsc}$
winogrande,transformer.decoder.block.3.layer.2.DenseReluDense.wo,111,-0.13122600317001343,$\delta_\text{ssc}$
winogrande,transformer.decoder.block.4.layer.0.SelfAttention.q,112,,cross
winogrande,transformer.decoder.block.4.layer.0.SelfAttention.q,112,,corr
winogrande,transformer.decoder.block.4.layer.0.SelfAttention.q,112,,drift
winogrande,transformer.decoder.block.4.layer.0.SelfAttention.q,112,,tot
winogrande,transformer.decoder.block.4.layer.0.SelfAttention.q,112,,$\delta_\text{gsc}$
winogrande,transformer.decoder.block.4.layer.0.SelfAttention.q,112,,$\delta_\text{ssc}$
winogrande,transformer.decoder.block.4.layer.0.SelfAttention.k,113,,cross
winogrande,transformer.decoder.block.4.layer.0.SelfAttention.k,113,,corr
winogrande,transformer.decoder.block.4.layer.0.SelfAttention.k,113,,drift
winogrande,transformer.decoder.block.4.layer.0.SelfAttention.k,113,,tot
winogrande,transformer.decoder.block.4.layer.0.SelfAttention.k,113,,$\delta_\text{gsc}$
winogrande,transformer.decoder.block.4.layer.0.SelfAttention.k,113,,$\delta_\text{ssc}$
winogrande,transformer.decoder.block.4.layer.0.SelfAttention.v,114,0.042221248149871826,cross
winogrande,transformer.decoder.block.4.layer.0.SelfAttention.v,114,0.09696074575185776,corr
winogrande,transformer.decoder.block.4.layer.0.SelfAttention.v,114,0.4590364098548889,drift
winogrande,transformer.decoder.block.4.layer.0.SelfAttention.v,114,0.48368728160858154,tot
winogrande,transformer.decoder.block.4.layer.0.SelfAttention.v,114,-0.049450695514678955,$\delta_\text{gsc}$
winogrande,transformer.decoder.block.4.layer.0.SelfAttention.v,114,-0.0650804340839386,$\delta_\text{ssc}$
winogrande,transformer.decoder.block.4.layer.0.SelfAttention.o,115,0.13590767979621887,cross
winogrande,transformer.decoder.block.4.layer.0.SelfAttention.o,115,0.2655103802680969,corr
winogrande,transformer.decoder.block.4.layer.0.SelfAttention.o,115,0.3454485237598419,drift
winogrande,transformer.decoder.block.4.layer.0.SelfAttention.o,115,0.45554620027542114,tot
winogrande,transformer.decoder.block.4.layer.0.SelfAttention.o,115,-0.15595749020576477,$\delta_\text{gsc}$
winogrande,transformer.decoder.block.4.layer.0.SelfAttention.o,115,-0.1353628933429718,$\delta_\text{ssc}$
winogrande,transformer.decoder.block.4.layer.1.EncDecAttention.q,116,,cross
winogrande,transformer.decoder.block.4.layer.1.EncDecAttention.q,116,,corr
winogrande,transformer.decoder.block.4.layer.1.EncDecAttention.q,116,,drift
winogrande,transformer.decoder.block.4.layer.1.EncDecAttention.q,116,,tot
winogrande,transformer.decoder.block.4.layer.1.EncDecAttention.q,116,,$\delta_\text{gsc}$
winogrande,transformer.decoder.block.4.layer.1.EncDecAttention.q,116,,$\delta_\text{ssc}$
winogrande,transformer.decoder.block.4.layer.1.EncDecAttention.k,117,,cross
winogrande,transformer.decoder.block.4.layer.1.EncDecAttention.k,117,,corr
winogrande,transformer.decoder.block.4.layer.1.EncDecAttention.k,117,,drift
winogrande,transformer.decoder.block.4.layer.1.EncDecAttention.k,117,,tot
winogrande,transformer.decoder.block.4.layer.1.EncDecAttention.k,117,,$\delta_\text{gsc}$
winogrande,transformer.decoder.block.4.layer.1.EncDecAttention.k,117,,$\delta_\text{ssc}$
winogrande,transformer.decoder.block.4.layer.1.EncDecAttention.v,118,0.26479774713516235,cross
winogrande,transformer.decoder.block.4.layer.1.EncDecAttention.v,118,0.3606824576854706,corr
winogrande,transformer.decoder.block.4.layer.1.EncDecAttention.v,118,0.33478692173957825,drift
winogrande,transformer.decoder.block.4.layer.1.EncDecAttention.v,118,0.3597632050514221,tot
winogrande,transformer.decoder.block.4.layer.1.EncDecAttention.v,118,-0.34860169887542725,$\delta_\text{gsc}$
winogrande,transformer.decoder.block.4.layer.1.EncDecAttention.v,118,-0.2519022226333618,$\delta_\text{ssc}$
winogrande,transformer.decoder.block.4.layer.1.EncDecAttention.o,119,0.20557072758674622,cross
winogrande,transformer.decoder.block.4.layer.1.EncDecAttention.o,119,0.24027711153030396,corr
winogrande,transformer.decoder.block.4.layer.1.EncDecAttention.o,119,0.3026365041732788,drift
winogrande,transformer.decoder.block.4.layer.1.EncDecAttention.o,119,0.3193449079990387,tot
winogrande,transformer.decoder.block.4.layer.1.EncDecAttention.o,119,-0.2603084444999695,$\delta_\text{gsc}$
winogrande,transformer.decoder.block.4.layer.1.EncDecAttention.o,119,-0.1688309907913208,$\delta_\text{ssc}$
winogrande,transformer.decoder.block.4.layer.2.DenseReluDense.wi,120,0.016338035464286804,cross
winogrande,transformer.decoder.block.4.layer.2.DenseReluDense.wi,120,0.1365099549293518,corr
winogrande,transformer.decoder.block.4.layer.2.DenseReluDense.wi,120,0.4180953800678253,drift
winogrande,transformer.decoder.block.4.layer.2.DenseReluDense.wi,120,0.47315481305122375,tot
winogrande,transformer.decoder.block.4.layer.2.DenseReluDense.wi,120,-0.020949333906173706,$\delta_\text{gsc}$
winogrande,transformer.decoder.block.4.layer.2.DenseReluDense.wi,120,-0.07683920860290527,$\delta_\text{ssc}$
winogrande,transformer.decoder.block.4.layer.2.DenseReluDense.wo,121,0.06359457969665527,cross
winogrande,transformer.decoder.block.4.layer.2.DenseReluDense.wo,121,0.1558958739042282,corr
winogrande,transformer.decoder.block.4.layer.2.DenseReluDense.wo,121,0.49317440390586853,drift
winogrande,transformer.decoder.block.4.layer.2.DenseReluDense.wo,121,0.4999406933784485,tot
winogrande,transformer.decoder.block.4.layer.2.DenseReluDense.wo,121,-0.06355556845664978,$\delta_\text{gsc}$
winogrande,transformer.decoder.block.4.layer.2.DenseReluDense.wo,121,-0.14916858077049255,$\delta_\text{ssc}$
winogrande,transformer.decoder.block.5.layer.0.SelfAttention.q,122,,cross
winogrande,transformer.decoder.block.5.layer.0.SelfAttention.q,122,,corr
winogrande,transformer.decoder.block.5.layer.0.SelfAttention.q,122,,drift
winogrande,transformer.decoder.block.5.layer.0.SelfAttention.q,122,,tot
winogrande,transformer.decoder.block.5.layer.0.SelfAttention.q,122,,$\delta_\text{gsc}$
winogrande,transformer.decoder.block.5.layer.0.SelfAttention.q,122,,$\delta_\text{ssc}$
winogrande,transformer.decoder.block.5.layer.0.SelfAttention.k,123,,cross
winogrande,transformer.decoder.block.5.layer.0.SelfAttention.k,123,,corr
winogrande,transformer.decoder.block.5.layer.0.SelfAttention.k,123,,drift
winogrande,transformer.decoder.block.5.layer.0.SelfAttention.k,123,,tot
winogrande,transformer.decoder.block.5.layer.0.SelfAttention.k,123,,$\delta_\text{gsc}$
winogrande,transformer.decoder.block.5.layer.0.SelfAttention.k,123,,$\delta_\text{ssc}$
winogrande,transformer.decoder.block.5.layer.0.SelfAttention.v,124,0.07692668586969376,cross
winogrande,transformer.decoder.block.5.layer.0.SelfAttention.v,124,0.16359959542751312,corr
winogrande,transformer.decoder.block.5.layer.0.SelfAttention.v,124,0.4349323809146881,drift
winogrande,transformer.decoder.block.5.layer.0.SelfAttention.v,124,0.48323485255241394,tot
winogrande,transformer.decoder.block.5.layer.0.SelfAttention.v,124,-0.08727714419364929,$\delta_\text{gsc}$
winogrande,transformer.decoder.block.5.layer.0.SelfAttention.v,124,-0.10494664311408997,$\delta_\text{ssc}$
winogrande,transformer.decoder.block.5.layer.0.SelfAttention.o,125,0.19412431120872498,cross
winogrande,transformer.decoder.block.5.layer.0.SelfAttention.o,125,0.30186527967453003,corr
winogrande,transformer.decoder.block.5.layer.0.SelfAttention.o,125,0.2996927797794342,drift
winogrande,transformer.decoder.block.5.layer.0.SelfAttention.o,125,0.4281143546104431,tot
winogrande,transformer.decoder.block.5.layer.0.SelfAttention.o,125,-0.2138812243938446,$\delta_\text{gsc}$
winogrande,transformer.decoder.block.5.layer.0.SelfAttention.o,125,-0.1536867916584015,$\delta_\text{ssc}$
winogrande,transformer.decoder.block.5.layer.1.EncDecAttention.q,126,,cross
winogrande,transformer.decoder.block.5.layer.1.EncDecAttention.q,126,,corr
winogrande,transformer.decoder.block.5.layer.1.EncDecAttention.q,126,,drift
winogrande,transformer.decoder.block.5.layer.1.EncDecAttention.q,126,,tot
winogrande,transformer.decoder.block.5.layer.1.EncDecAttention.q,126,,$\delta_\text{gsc}$
winogrande,transformer.decoder.block.5.layer.1.EncDecAttention.q,126,,$\delta_\text{ssc}$
winogrande,transformer.decoder.block.5.layer.1.EncDecAttention.k,127,,cross
winogrande,transformer.decoder.block.5.layer.1.EncDecAttention.k,127,,corr
winogrande,transformer.decoder.block.5.layer.1.EncDecAttention.k,127,,drift
winogrande,transformer.decoder.block.5.layer.1.EncDecAttention.k,127,,tot
winogrande,transformer.decoder.block.5.layer.1.EncDecAttention.k,127,,$\delta_\text{gsc}$
winogrande,transformer.decoder.block.5.layer.1.EncDecAttention.k,127,,$\delta_\text{ssc}$
winogrande,transformer.decoder.block.5.layer.1.EncDecAttention.v,128,0.2769949436187744,cross
winogrande,transformer.decoder.block.5.layer.1.EncDecAttention.v,128,0.34235528111457825,corr
winogrande,transformer.decoder.block.5.layer.1.EncDecAttention.v,128,0.33416548371315,drift
winogrande,transformer.decoder.block.5.layer.1.EncDecAttention.v,128,0.35221534967422485,tot
winogrande,transformer.decoder.block.5.layer.1.EncDecAttention.v,128,-0.3608928918838501,$\delta_\text{gsc}$
winogrande,transformer.decoder.block.5.layer.1.EncDecAttention.v,128,-0.24040746688842773,$\delta_\text{ssc}$
winogrande,transformer.decoder.block.5.layer.1.EncDecAttention.o,129,0.23279538750648499,cross
winogrande,transformer.decoder.block.5.layer.1.EncDecAttention.o,129,0.2884434461593628,corr
winogrande,transformer.decoder.block.5.layer.1.EncDecAttention.o,129,0.3182086944580078,drift
winogrande,transformer.decoder.block.5.layer.1.EncDecAttention.o,129,0.34147587418556213,tot
winogrande,transformer.decoder.block.5.layer.1.EncDecAttention.o,129,-0.2985379993915558,$\delta_\text{gsc}$
winogrande,transformer.decoder.block.5.layer.1.EncDecAttention.o,129,-0.19943365454673767,$\delta_\text{ssc}$
winogrande,transformer.decoder.block.5.layer.2.DenseReluDense.wi,130,0.02033025398850441,cross
winogrande,transformer.decoder.block.5.layer.2.DenseReluDense.wi,130,0.19100229442119598,corr
winogrande,transformer.decoder.block.5.layer.2.DenseReluDense.wi,130,0.4107758104801178,drift
winogrande,transformer.decoder.block.5.layer.2.DenseReluDense.wi,130,0.4875614047050476,tot
winogrande,transformer.decoder.block.5.layer.2.DenseReluDense.wi,130,-0.023954063653945923,$\delta_\text{gsc}$
winogrande,transformer.decoder.block.5.layer.2.DenseReluDense.wi,130,-0.11059287190437317,$\delta_\text{ssc}$
winogrande,transformer.decoder.block.5.layer.2.DenseReluDense.wo,131,0.13112600147724152,cross
winogrande,transformer.decoder.block.5.layer.2.DenseReluDense.wo,131,0.3061108887195587,corr
winogrande,transformer.decoder.block.5.layer.2.DenseReluDense.wo,131,0.39170360565185547,drift
winogrande,transformer.decoder.block.5.layer.2.DenseReluDense.wo,131,0.4808054566383362,tot
winogrande,transformer.decoder.block.5.layer.2.DenseReluDense.wo,131,-0.13934940099716187,$\delta_\text{gsc}$
winogrande,transformer.decoder.block.5.layer.2.DenseReluDense.wo,131,-0.20878562331199646,$\delta_\text{ssc}$
winogrande,transformer.decoder.block.6.layer.0.SelfAttention.q,132,,cross
winogrande,transformer.decoder.block.6.layer.0.SelfAttention.q,132,,corr
winogrande,transformer.decoder.block.6.layer.0.SelfAttention.q,132,,drift
winogrande,transformer.decoder.block.6.layer.0.SelfAttention.q,132,,tot
winogrande,transformer.decoder.block.6.layer.0.SelfAttention.q,132,,$\delta_\text{gsc}$
winogrande,transformer.decoder.block.6.layer.0.SelfAttention.q,132,,$\delta_\text{ssc}$
winogrande,transformer.decoder.block.6.layer.0.SelfAttention.k,133,,cross
winogrande,transformer.decoder.block.6.layer.0.SelfAttention.k,133,,corr
winogrande,transformer.decoder.block.6.layer.0.SelfAttention.k,133,,drift
winogrande,transformer.decoder.block.6.layer.0.SelfAttention.k,133,,tot
winogrande,transformer.decoder.block.6.layer.0.SelfAttention.k,133,,$\delta_\text{gsc}$
winogrande,transformer.decoder.block.6.layer.0.SelfAttention.k,133,,$\delta_\text{ssc}$
winogrande,transformer.decoder.block.6.layer.0.SelfAttention.v,134,0.10627143085002899,cross
winogrande,transformer.decoder.block.6.layer.0.SelfAttention.v,134,0.21863427758216858,corr
winogrande,transformer.decoder.block.6.layer.0.SelfAttention.v,134,0.41067513823509216,drift
winogrande,transformer.decoder.block.6.layer.0.SelfAttention.v,134,0.48238930106163025,tot
winogrande,transformer.decoder.block.6.layer.0.SelfAttention.v,134,-0.11700776219367981,$\delta_\text{gsc}$
winogrande,transformer.decoder.block.6.layer.0.SelfAttention.v,134,-0.13618376851081848,$\delta_\text{ssc}$
winogrande,transformer.decoder.block.6.layer.0.SelfAttention.o,135,0.22176231443881989,cross
winogrande,transformer.decoder.block.6.layer.0.SelfAttention.o,135,0.31078672409057617,corr
winogrande,transformer.decoder.block.6.layer.0.SelfAttention.o,135,0.28680694103240967,drift
winogrande,transformer.decoder.block.6.layer.0.SelfAttention.o,135,0.41344746947288513,tot
winogrande,transformer.decoder.block.6.layer.0.SelfAttention.o,135,-0.24943797290325165,$\delta_\text{gsc}$
winogrande,transformer.decoder.block.6.layer.0.SelfAttention.o,135,-0.15647053718566895,$\delta_\text{ssc}$
winogrande,transformer.decoder.block.6.layer.1.EncDecAttention.q,136,,cross
winogrande,transformer.decoder.block.6.layer.1.EncDecAttention.q,136,,corr
winogrande,transformer.decoder.block.6.layer.1.EncDecAttention.q,136,,drift
winogrande,transformer.decoder.block.6.layer.1.EncDecAttention.q,136,,tot
winogrande,transformer.decoder.block.6.layer.1.EncDecAttention.q,136,,$\delta_\text{gsc}$
winogrande,transformer.decoder.block.6.layer.1.EncDecAttention.q,136,,$\delta_\text{ssc}$
winogrande,transformer.decoder.block.6.layer.1.EncDecAttention.k,137,,cross
winogrande,transformer.decoder.block.6.layer.1.EncDecAttention.k,137,,corr
winogrande,transformer.decoder.block.6.layer.1.EncDecAttention.k,137,,drift
winogrande,transformer.decoder.block.6.layer.1.EncDecAttention.k,137,,tot
winogrande,transformer.decoder.block.6.layer.1.EncDecAttention.k,137,,$\delta_\text{gsc}$
winogrande,transformer.decoder.block.6.layer.1.EncDecAttention.k,137,,$\delta_\text{ssc}$
winogrande,transformer.decoder.block.6.layer.1.EncDecAttention.v,138,0.27463579177856445,cross
winogrande,transformer.decoder.block.6.layer.1.EncDecAttention.v,138,0.35631540417671204,corr
winogrande,transformer.decoder.block.6.layer.1.EncDecAttention.v,138,0.3331940472126007,drift
winogrande,transformer.decoder.block.6.layer.1.EncDecAttention.v,138,0.356503963470459,tot
winogrande,transformer.decoder.block.6.layer.1.EncDecAttention.v,138,-0.35991182923316956,$\delta_\text{gsc}$
winogrande,transformer.decoder.block.6.layer.1.EncDecAttention.v,138,-0.24772945046424866,$\delta_\text{ssc}$
winogrande,transformer.decoder.block.6.layer.1.EncDecAttention.o,139,0.2254081517457962,cross
winogrande,transformer.decoder.block.6.layer.1.EncDecAttention.o,139,0.2582891285419464,corr
winogrande,transformer.decoder.block.6.layer.1.EncDecAttention.o,139,0.31472572684288025,drift
winogrande,transformer.decoder.block.6.layer.1.EncDecAttention.o,139,0.33332931995391846,tot
winogrande,transformer.decoder.block.6.layer.1.EncDecAttention.o,139,-0.2850111722946167,$\delta_\text{gsc}$
winogrande,transformer.decoder.block.6.layer.1.EncDecAttention.o,139,-0.1800824999809265,$\delta_\text{ssc}$
winogrande,transformer.decoder.block.6.layer.2.DenseReluDense.wi,140,0.01644676737487316,cross
winogrande,transformer.decoder.block.6.layer.2.DenseReluDense.wi,140,0.24633468687534332,corr
winogrande,transformer.decoder.block.6.layer.2.DenseReluDense.wi,140,0.3893027901649475,drift
winogrande,transformer.decoder.block.6.layer.2.DenseReluDense.wi,140,0.49049949645996094,tot
winogrande,transformer.decoder.block.6.layer.2.DenseReluDense.wi,140,-0.01950785517692566,$\delta_\text{gsc}$
winogrande,transformer.decoder.block.6.layer.2.DenseReluDense.wi,140,-0.14207689464092255,$\delta_\text{ssc}$
winogrande,transformer.decoder.block.6.layer.2.DenseReluDense.wo,141,0.1435343474149704,cross
winogrande,transformer.decoder.block.6.layer.2.DenseReluDense.wo,141,0.33888518810272217,corr
winogrande,transformer.decoder.block.6.layer.2.DenseReluDense.wo,141,0.4316464960575104,drift
winogrande,transformer.decoder.block.6.layer.2.DenseReluDense.wo,141,0.48487943410873413,tot
winogrande,transformer.decoder.block.6.layer.2.DenseReluDense.wo,141,-0.15252381563186646,$\delta_\text{gsc}$
winogrande,transformer.decoder.block.6.layer.2.DenseReluDense.wo,141,-0.27666279673576355,$\delta_\text{ssc}$
winogrande,transformer.decoder.block.7.layer.0.SelfAttention.q,142,,cross
winogrande,transformer.decoder.block.7.layer.0.SelfAttention.q,142,,corr
winogrande,transformer.decoder.block.7.layer.0.SelfAttention.q,142,,drift
winogrande,transformer.decoder.block.7.layer.0.SelfAttention.q,142,,tot
winogrande,transformer.decoder.block.7.layer.0.SelfAttention.q,142,,$\delta_\text{gsc}$
winogrande,transformer.decoder.block.7.layer.0.SelfAttention.q,142,,$\delta_\text{ssc}$
winogrande,transformer.decoder.block.7.layer.0.SelfAttention.k,143,,cross
winogrande,transformer.decoder.block.7.layer.0.SelfAttention.k,143,,corr
winogrande,transformer.decoder.block.7.layer.0.SelfAttention.k,143,,drift
winogrande,transformer.decoder.block.7.layer.0.SelfAttention.k,143,,tot
winogrande,transformer.decoder.block.7.layer.0.SelfAttention.k,143,,$\delta_\text{gsc}$
winogrande,transformer.decoder.block.7.layer.0.SelfAttention.k,143,,$\delta_\text{ssc}$
winogrande,transformer.decoder.block.7.layer.0.SelfAttention.v,144,0.1367936134338379,cross
winogrande,transformer.decoder.block.7.layer.0.SelfAttention.v,144,0.26800209283828735,corr
winogrande,transformer.decoder.block.7.layer.0.SelfAttention.v,144,0.3858959674835205,drift
winogrande,transformer.decoder.block.7.layer.0.SelfAttention.v,144,0.4745129644870758,tot
winogrande,transformer.decoder.block.7.layer.0.SelfAttention.v,144,-0.15145191550254822,$\delta_\text{gsc}$
winogrande,transformer.decoder.block.7.layer.0.SelfAttention.v,144,-0.16472679376602173,$\delta_\text{ssc}$
winogrande,transformer.decoder.block.7.layer.0.SelfAttention.o,145,0.20636123418807983,cross
winogrande,transformer.decoder.block.7.layer.0.SelfAttention.o,145,0.30457979440689087,corr
winogrande,transformer.decoder.block.7.layer.0.SelfAttention.o,145,0.31018874049186707,drift
winogrande,transformer.decoder.block.7.layer.0.SelfAttention.o,145,0.4214880168437958,tot
winogrande,transformer.decoder.block.7.layer.0.SelfAttention.o,145,-0.23575323820114136,$\delta_\text{gsc}$
winogrande,transformer.decoder.block.7.layer.0.SelfAttention.o,145,-0.16388851404190063,$\delta_\text{ssc}$
winogrande,transformer.decoder.block.7.layer.1.EncDecAttention.q,146,,cross
winogrande,transformer.decoder.block.7.layer.1.EncDecAttention.q,146,,corr
winogrande,transformer.decoder.block.7.layer.1.EncDecAttention.q,146,,drift
winogrande,transformer.decoder.block.7.layer.1.EncDecAttention.q,146,,tot
winogrande,transformer.decoder.block.7.layer.1.EncDecAttention.q,146,,$\delta_\text{gsc}$
winogrande,transformer.decoder.block.7.layer.1.EncDecAttention.q,146,,$\delta_\text{ssc}$
winogrande,transformer.decoder.block.7.layer.1.EncDecAttention.k,147,,cross
winogrande,transformer.decoder.block.7.layer.1.EncDecAttention.k,147,,corr
winogrande,transformer.decoder.block.7.layer.1.EncDecAttention.k,147,,drift
winogrande,transformer.decoder.block.7.layer.1.EncDecAttention.k,147,,tot
winogrande,transformer.decoder.block.7.layer.1.EncDecAttention.k,147,,$\delta_\text{gsc}$
winogrande,transformer.decoder.block.7.layer.1.EncDecAttention.k,147,,$\delta_\text{ssc}$
winogrande,transformer.decoder.block.7.layer.1.EncDecAttention.v,148,0.2726794481277466,cross
winogrande,transformer.decoder.block.7.layer.1.EncDecAttention.v,148,0.34068968892097473,corr
winogrande,transformer.decoder.block.7.layer.1.EncDecAttention.v,148,0.3328530490398407,drift
winogrande,transformer.decoder.block.7.layer.1.EncDecAttention.v,148,0.3529938757419586,tot
winogrande,transformer.decoder.block.7.layer.1.EncDecAttention.v,148,-0.35553696751594543,$\delta_\text{gsc}$
winogrande,transformer.decoder.block.7.layer.1.EncDecAttention.v,148,-0.23769134283065796,$\delta_\text{ssc}$
winogrande,transformer.decoder.block.7.layer.1.EncDecAttention.o,149,0.21905523538589478,cross
winogrande,transformer.decoder.block.7.layer.1.EncDecAttention.o,149,0.2569921314716339,corr
winogrande,transformer.decoder.block.7.layer.1.EncDecAttention.o,149,0.3136172294616699,drift
winogrande,transformer.decoder.block.7.layer.1.EncDecAttention.o,149,0.3342853784561157,tot
winogrande,transformer.decoder.block.7.layer.1.EncDecAttention.o,149,-0.27588194608688354,$\delta_\text{gsc}$
winogrande,transformer.decoder.block.7.layer.1.EncDecAttention.o,149,-0.17949727177619934,$\delta_\text{ssc}$
winogrande,transformer.decoder.block.7.layer.2.DenseReluDense.wi,150,0.05714734271168709,cross
winogrande,transformer.decoder.block.7.layer.2.DenseReluDense.wi,150,0.3029478192329407,corr
winogrande,transformer.decoder.block.7.layer.2.DenseReluDense.wi,150,0.3647841215133667,drift
winogrande,transformer.decoder.block.7.layer.2.DenseReluDense.wi,150,0.4757675230503082,tot
winogrande,transformer.decoder.block.7.layer.2.DenseReluDense.wi,150,-0.07163387537002563,$\delta_\text{gsc}$
winogrande,transformer.decoder.block.7.layer.2.DenseReluDense.wi,150,-0.1774778962135315,$\delta_\text{ssc}$
winogrande,transformer.decoder.block.7.layer.2.DenseReluDense.wo,151,0.1650783121585846,cross
winogrande,transformer.decoder.block.7.layer.2.DenseReluDense.wo,151,0.34720802307128906,corr
winogrande,transformer.decoder.block.7.layer.2.DenseReluDense.wo,151,0.4025556743144989,drift
winogrande,transformer.decoder.block.7.layer.2.DenseReluDense.wo,151,0.47346848249435425,tot
winogrande,transformer.decoder.block.7.layer.2.DenseReluDense.wo,151,-0.1767374873161316,$\delta_\text{gsc}$
winogrande,transformer.decoder.block.7.layer.2.DenseReluDense.wo,151,-0.2646360397338867,$\delta_\text{ssc}$
winogrande,transformer.decoder.block.8.layer.0.SelfAttention.q,152,,cross
winogrande,transformer.decoder.block.8.layer.0.SelfAttention.q,152,,corr
winogrande,transformer.decoder.block.8.layer.0.SelfAttention.q,152,,drift
winogrande,transformer.decoder.block.8.layer.0.SelfAttention.q,152,,tot
winogrande,transformer.decoder.block.8.layer.0.SelfAttention.q,152,,$\delta_\text{gsc}$
winogrande,transformer.decoder.block.8.layer.0.SelfAttention.q,152,,$\delta_\text{ssc}$
winogrande,transformer.decoder.block.8.layer.0.SelfAttention.k,153,,cross
winogrande,transformer.decoder.block.8.layer.0.SelfAttention.k,153,,corr
winogrande,transformer.decoder.block.8.layer.0.SelfAttention.k,153,,drift
winogrande,transformer.decoder.block.8.layer.0.SelfAttention.k,153,,tot
winogrande,transformer.decoder.block.8.layer.0.SelfAttention.k,153,,$\delta_\text{gsc}$
winogrande,transformer.decoder.block.8.layer.0.SelfAttention.k,153,,$\delta_\text{ssc}$
winogrande,transformer.decoder.block.8.layer.0.SelfAttention.v,154,0.12407562136650085,cross
winogrande,transformer.decoder.block.8.layer.0.SelfAttention.v,154,0.24886733293533325,corr
winogrande,transformer.decoder.block.8.layer.0.SelfAttention.v,154,0.40692323446273804,drift
winogrande,transformer.decoder.block.8.layer.0.SelfAttention.v,154,0.4770442545413971,tot
winogrande,transformer.decoder.block.8.layer.0.SelfAttention.v,154,-0.13821673393249512,$\delta_\text{gsc}$
winogrande,transformer.decoder.block.8.layer.0.SelfAttention.v,154,-0.16460520029067993,$\delta_\text{ssc}$
winogrande,transformer.decoder.block.8.layer.0.SelfAttention.o,155,0.23137444257736206,cross
winogrande,transformer.decoder.block.8.layer.0.SelfAttention.o,155,0.30736222863197327,corr
winogrande,transformer.decoder.block.8.layer.0.SelfAttention.o,155,0.32330799102783203,drift
winogrande,transformer.decoder.block.8.layer.0.SelfAttention.o,155,0.41471901535987854,tot
winogrande,transformer.decoder.block.8.layer.0.SelfAttention.o,155,-0.26485303044319153,$\delta_\text{gsc}$
winogrande,transformer.decoder.block.8.layer.0.SelfAttention.o,155,-0.1824726164340973,$\delta_\text{ssc}$
winogrande,transformer.decoder.block.8.layer.1.EncDecAttention.q,156,,cross
winogrande,transformer.decoder.block.8.layer.1.EncDecAttention.q,156,,corr
winogrande,transformer.decoder.block.8.layer.1.EncDecAttention.q,156,,drift
winogrande,transformer.decoder.block.8.layer.1.EncDecAttention.q,156,,tot
winogrande,transformer.decoder.block.8.layer.1.EncDecAttention.q,156,,$\delta_\text{gsc}$
winogrande,transformer.decoder.block.8.layer.1.EncDecAttention.q,156,,$\delta_\text{ssc}$
winogrande,transformer.decoder.block.8.layer.1.EncDecAttention.k,157,,cross
winogrande,transformer.decoder.block.8.layer.1.EncDecAttention.k,157,,corr
winogrande,transformer.decoder.block.8.layer.1.EncDecAttention.k,157,,drift
winogrande,transformer.decoder.block.8.layer.1.EncDecAttention.k,157,,tot
winogrande,transformer.decoder.block.8.layer.1.EncDecAttention.k,157,,$\delta_\text{gsc}$
winogrande,transformer.decoder.block.8.layer.1.EncDecAttention.k,157,,$\delta_\text{ssc}$
winogrande,transformer.decoder.block.8.layer.1.EncDecAttention.v,158,0.2724899649620056,cross
winogrande,transformer.decoder.block.8.layer.1.EncDecAttention.v,158,0.33806315064430237,corr
winogrande,transformer.decoder.block.8.layer.1.EncDecAttention.v,158,0.33395686745643616,drift
winogrande,transformer.decoder.block.8.layer.1.EncDecAttention.v,158,0.3546646237373352,tot
winogrande,transformer.decoder.block.8.layer.1.EncDecAttention.v,158,-0.3529905080795288,$\delta_\text{gsc}$
winogrande,transformer.decoder.block.8.layer.1.EncDecAttention.v,158,-0.23685485124588013,$\delta_\text{ssc}$
winogrande,transformer.decoder.block.8.layer.1.EncDecAttention.o,159,0.18005096912384033,cross
winogrande,transformer.decoder.block.8.layer.1.EncDecAttention.o,159,0.2068208009004593,corr
winogrande,transformer.decoder.block.8.layer.1.EncDecAttention.o,159,0.3015994727611542,drift
winogrande,transformer.decoder.block.8.layer.1.EncDecAttention.o,159,0.32152125239372253,tot
winogrande,transformer.decoder.block.8.layer.1.EncDecAttention.o,159,-0.22233816981315613,$\delta_\text{gsc}$
winogrande,transformer.decoder.block.8.layer.1.EncDecAttention.o,159,-0.14461182057857513,$\delta_\text{ssc}$
winogrande,transformer.decoder.block.8.layer.2.DenseReluDense.wi,160,0.06898510456085205,cross
winogrande,transformer.decoder.block.8.layer.2.DenseReluDense.wi,160,0.32423484325408936,corr
winogrande,transformer.decoder.block.8.layer.2.DenseReluDense.wi,160,0.360186368227005,drift
winogrande,transformer.decoder.block.8.layer.2.DenseReluDense.wi,160,0.4645303785800934,tot
winogrande,transformer.decoder.block.8.layer.2.DenseReluDense.wi,160,-0.09092140197753906,$\delta_\text{gsc}$
winogrande,transformer.decoder.block.8.layer.2.DenseReluDense.wi,160,-0.19795453548431396,$\delta_\text{ssc}$
winogrande,transformer.decoder.block.8.layer.2.DenseReluDense.wo,161,0.18441085517406464,cross
winogrande,transformer.decoder.block.8.layer.2.DenseReluDense.wo,161,0.3645516335964203,corr
winogrande,transformer.decoder.block.8.layer.2.DenseReluDense.wo,161,0.3881874084472656,drift
winogrande,transformer.decoder.block.8.layer.2.DenseReluDense.wo,161,0.4727749526500702,tot
winogrande,transformer.decoder.block.8.layer.2.DenseReluDense.wo,161,-0.2025897204875946,$\delta_\text{gsc}$
winogrande,transformer.decoder.block.8.layer.2.DenseReluDense.wo,161,-0.26178520917892456,$\delta_\text{ssc}$
winogrande,transformer.decoder.block.9.layer.0.SelfAttention.q,162,,cross
winogrande,transformer.decoder.block.9.layer.0.SelfAttention.q,162,,corr
winogrande,transformer.decoder.block.9.layer.0.SelfAttention.q,162,,drift
winogrande,transformer.decoder.block.9.layer.0.SelfAttention.q,162,,tot
winogrande,transformer.decoder.block.9.layer.0.SelfAttention.q,162,,$\delta_\text{gsc}$
winogrande,transformer.decoder.block.9.layer.0.SelfAttention.q,162,,$\delta_\text{ssc}$
winogrande,transformer.decoder.block.9.layer.0.SelfAttention.k,163,,cross
winogrande,transformer.decoder.block.9.layer.0.SelfAttention.k,163,,corr
winogrande,transformer.decoder.block.9.layer.0.SelfAttention.k,163,,drift
winogrande,transformer.decoder.block.9.layer.0.SelfAttention.k,163,,tot
winogrande,transformer.decoder.block.9.layer.0.SelfAttention.k,163,,$\delta_\text{gsc}$
winogrande,transformer.decoder.block.9.layer.0.SelfAttention.k,163,,$\delta_\text{ssc}$
winogrande,transformer.decoder.block.9.layer.0.SelfAttention.v,164,0.17616139352321625,cross
winogrande,transformer.decoder.block.9.layer.0.SelfAttention.v,164,0.28832507133483887,corr
winogrande,transformer.decoder.block.9.layer.0.SelfAttention.v,164,0.3855203688144684,drift
winogrande,transformer.decoder.block.9.layer.0.SelfAttention.v,164,0.4618208408355713,tot
winogrande,transformer.decoder.block.9.layer.0.SelfAttention.v,164,-0.19729062914848328,$\delta_\text{gsc}$
winogrande,transformer.decoder.block.9.layer.0.SelfAttention.v,164,-0.19089537858963013,$\delta_\text{ssc}$
winogrande,transformer.decoder.block.9.layer.0.SelfAttention.o,165,0.20913353562355042,cross
winogrande,transformer.decoder.block.9.layer.0.SelfAttention.o,165,0.2803633511066437,corr
winogrande,transformer.decoder.block.9.layer.0.SelfAttention.o,165,0.33837348222732544,drift
winogrande,transformer.decoder.block.9.layer.0.SelfAttention.o,165,0.4128841161727905,tot
winogrande,transformer.decoder.block.9.layer.0.SelfAttention.o,165,-0.23655033111572266,$\delta_\text{gsc}$
winogrande,transformer.decoder.block.9.layer.0.SelfAttention.o,165,-0.17843592166900635,$\delta_\text{ssc}$
winogrande,transformer.decoder.block.9.layer.1.EncDecAttention.q,166,,cross
winogrande,transformer.decoder.block.9.layer.1.EncDecAttention.q,166,,corr
winogrande,transformer.decoder.block.9.layer.1.EncDecAttention.q,166,,drift
winogrande,transformer.decoder.block.9.layer.1.EncDecAttention.q,166,,tot
winogrande,transformer.decoder.block.9.layer.1.EncDecAttention.q,166,,$\delta_\text{gsc}$
winogrande,transformer.decoder.block.9.layer.1.EncDecAttention.q,166,,$\delta_\text{ssc}$
winogrande,transformer.decoder.block.9.layer.1.EncDecAttention.k,167,,cross
winogrande,transformer.decoder.block.9.layer.1.EncDecAttention.k,167,,corr
winogrande,transformer.decoder.block.9.layer.1.EncDecAttention.k,167,,drift
winogrande,transformer.decoder.block.9.layer.1.EncDecAttention.k,167,,tot
winogrande,transformer.decoder.block.9.layer.1.EncDecAttention.k,167,,$\delta_\text{gsc}$
winogrande,transformer.decoder.block.9.layer.1.EncDecAttention.k,167,,$\delta_\text{ssc}$
winogrande,transformer.decoder.block.9.layer.1.EncDecAttention.v,168,0.2618797719478607,cross
winogrande,transformer.decoder.block.9.layer.1.EncDecAttention.v,168,0.3219063878059387,corr
winogrande,transformer.decoder.block.9.layer.1.EncDecAttention.v,168,0.33484402298927307,drift
winogrande,transformer.decoder.block.9.layer.1.EncDecAttention.v,168,0.35728514194488525,tot
winogrande,transformer.decoder.block.9.layer.1.EncDecAttention.v,168,-0.3342272639274597,$\delta_\text{gsc}$
winogrande,transformer.decoder.block.9.layer.1.EncDecAttention.v,168,-0.22711777687072754,$\delta_\text{ssc}$
winogrande,transformer.decoder.block.9.layer.1.EncDecAttention.o,169,0.17183811962604523,cross
winogrande,transformer.decoder.block.9.layer.1.EncDecAttention.o,169,0.20176202058792114,corr
winogrande,transformer.decoder.block.9.layer.1.EncDecAttention.o,169,0.32276850938796997,drift
winogrande,transformer.decoder.block.9.layer.1.EncDecAttention.o,169,0.3450418710708618,tot
winogrande,transformer.decoder.block.9.layer.1.EncDecAttention.o,169,-0.20671333372592926,$\delta_\text{gsc}$
winogrande,transformer.decoder.block.9.layer.1.EncDecAttention.o,169,-0.14461344480514526,$\delta_\text{ssc}$
winogrande,transformer.decoder.block.9.layer.2.DenseReluDense.wi,170,0.044628825038671494,cross
winogrande,transformer.decoder.block.9.layer.2.DenseReluDense.wi,170,0.31007319688796997,corr
winogrande,transformer.decoder.block.9.layer.2.DenseReluDense.wi,170,0.36576345562934875,drift
winogrande,transformer.decoder.block.9.layer.2.DenseReluDense.wi,170,0.46856358647346497,tot
winogrande,transformer.decoder.block.9.layer.2.DenseReluDense.wi,170,-0.05818510055541992,$\delta_\text{gsc}$
winogrande,transformer.decoder.block.9.layer.2.DenseReluDense.wi,170,-0.19371679425239563,$\delta_\text{ssc}$
winogrande,transformer.decoder.block.9.layer.2.DenseReluDense.wo,171,0.16334396600723267,cross
winogrande,transformer.decoder.block.9.layer.2.DenseReluDense.wo,171,0.3698614835739136,corr
winogrande,transformer.decoder.block.9.layer.2.DenseReluDense.wo,171,0.3915433883666992,drift
winogrande,transformer.decoder.block.9.layer.2.DenseReluDense.wo,171,0.4626948833465576,tot
winogrande,transformer.decoder.block.9.layer.2.DenseReluDense.wo,171,-0.18837124109268188,$\delta_\text{gsc}$
winogrande,transformer.decoder.block.9.layer.2.DenseReluDense.wo,171,-0.27368271350860596,$\delta_\text{ssc}$
winogrande,transformer.decoder.block.10.layer.0.SelfAttention.q,172,,cross
winogrande,transformer.decoder.block.10.layer.0.SelfAttention.q,172,,corr
winogrande,transformer.decoder.block.10.layer.0.SelfAttention.q,172,,drift
winogrande,transformer.decoder.block.10.layer.0.SelfAttention.q,172,,tot
winogrande,transformer.decoder.block.10.layer.0.SelfAttention.q,172,,$\delta_\text{gsc}$
winogrande,transformer.decoder.block.10.layer.0.SelfAttention.q,172,,$\delta_\text{ssc}$
winogrande,transformer.decoder.block.10.layer.0.SelfAttention.k,173,,cross
winogrande,transformer.decoder.block.10.layer.0.SelfAttention.k,173,,corr
winogrande,transformer.decoder.block.10.layer.0.SelfAttention.k,173,,drift
winogrande,transformer.decoder.block.10.layer.0.SelfAttention.k,173,,tot
winogrande,transformer.decoder.block.10.layer.0.SelfAttention.k,173,,$\delta_\text{gsc}$
winogrande,transformer.decoder.block.10.layer.0.SelfAttention.k,173,,$\delta_\text{ssc}$
winogrande,transformer.decoder.block.10.layer.0.SelfAttention.v,174,0.1669560819864273,cross
winogrande,transformer.decoder.block.10.layer.0.SelfAttention.v,174,0.3184124529361725,corr
winogrande,transformer.decoder.block.10.layer.0.SelfAttention.v,174,0.37226539850234985,drift
winogrande,transformer.decoder.block.10.layer.0.SelfAttention.v,174,0.447269082069397,tot
winogrande,transformer.decoder.block.10.layer.0.SelfAttention.v,174,-0.1988254189491272,$\delta_\text{gsc}$
winogrande,transformer.decoder.block.10.layer.0.SelfAttention.v,174,-0.21153941750526428,$\delta_\text{ssc}$
winogrande,transformer.decoder.block.10.layer.0.SelfAttention.o,175,0.17999088764190674,cross
winogrande,transformer.decoder.block.10.layer.0.SelfAttention.o,175,0.21489930152893066,corr
winogrande,transformer.decoder.block.10.layer.0.SelfAttention.o,175,0.3447362184524536,drift
winogrande,transformer.decoder.block.10.layer.0.SelfAttention.o,175,0.3873036503791809,tot
winogrande,transformer.decoder.block.10.layer.0.SelfAttention.o,175,-0.20770364999771118,$\delta_\text{gsc}$
winogrande,transformer.decoder.block.10.layer.0.SelfAttention.o,175,-0.14461910724639893,$\delta_\text{ssc}$
winogrande,transformer.decoder.block.10.layer.1.EncDecAttention.q,176,,cross
winogrande,transformer.decoder.block.10.layer.1.EncDecAttention.q,176,,corr
winogrande,transformer.decoder.block.10.layer.1.EncDecAttention.q,176,,drift
winogrande,transformer.decoder.block.10.layer.1.EncDecAttention.q,176,,tot
winogrande,transformer.decoder.block.10.layer.1.EncDecAttention.q,176,,$\delta_\text{gsc}$
winogrande,transformer.decoder.block.10.layer.1.EncDecAttention.q,176,,$\delta_\text{ssc}$
winogrande,transformer.decoder.block.10.layer.1.EncDecAttention.k,177,,cross
winogrande,transformer.decoder.block.10.layer.1.EncDecAttention.k,177,,corr
winogrande,transformer.decoder.block.10.layer.1.EncDecAttention.k,177,,drift
winogrande,transformer.decoder.block.10.layer.1.EncDecAttention.k,177,,tot
winogrande,transformer.decoder.block.10.layer.1.EncDecAttention.k,177,,$\delta_\text{gsc}$
winogrande,transformer.decoder.block.10.layer.1.EncDecAttention.k,177,,$\delta_\text{ssc}$
winogrande,transformer.decoder.block.10.layer.1.EncDecAttention.v,178,0.22376589477062225,cross
winogrande,transformer.decoder.block.10.layer.1.EncDecAttention.v,178,0.37243279814720154,corr
winogrande,transformer.decoder.block.10.layer.1.EncDecAttention.v,178,0.33624571561813354,drift
winogrande,transformer.decoder.block.10.layer.1.EncDecAttention.v,178,0.3816515803337097,tot
winogrande,transformer.decoder.block.10.layer.1.EncDecAttention.v,178,-0.2918800711631775,$\delta_\text{gsc}$
winogrande,transformer.decoder.block.10.layer.1.EncDecAttention.v,178,-0.2589127719402313,$\delta_\text{ssc}$
winogrande,transformer.decoder.block.10.layer.1.EncDecAttention.o,179,0.16804902255535126,cross
winogrande,transformer.decoder.block.10.layer.1.EncDecAttention.o,179,0.21530716121196747,corr
winogrande,transformer.decoder.block.10.layer.1.EncDecAttention.o,179,0.32893189787864685,drift
winogrande,transformer.decoder.block.10.layer.1.EncDecAttention.o,179,0.3508855998516083,tot
winogrande,transformer.decoder.block.10.layer.1.EncDecAttention.o,179,-0.20457349717617035,$\delta_\text{gsc}$
winogrande,transformer.decoder.block.10.layer.1.EncDecAttention.o,179,-0.15682898461818695,$\delta_\text{ssc}$
winogrande,transformer.decoder.block.10.layer.2.DenseReluDense.wi,180,0.04891616106033325,cross
winogrande,transformer.decoder.block.10.layer.2.DenseReluDense.wi,180,0.32500800490379333,corr
winogrande,transformer.decoder.block.10.layer.2.DenseReluDense.wi,180,0.3379456102848053,drift
winogrande,transformer.decoder.block.10.layer.2.DenseReluDense.wi,180,0.44348621368408203,tot
winogrande,transformer.decoder.block.10.layer.2.DenseReluDense.wi,180,-0.06864410638809204,$\delta_\text{gsc}$
winogrande,transformer.decoder.block.10.layer.2.DenseReluDense.wi,180,-0.1997394561767578,$\delta_\text{ssc}$
winogrande,transformer.decoder.block.10.layer.2.DenseReluDense.wo,181,0.1387297660112381,cross
winogrande,transformer.decoder.block.10.layer.2.DenseReluDense.wo,181,0.2940114736557007,corr
winogrande,transformer.decoder.block.10.layer.2.DenseReluDense.wo,181,0.44781243801116943,drift
winogrande,transformer.decoder.block.10.layer.2.DenseReluDense.wo,181,0.4786575138568878,tot
winogrande,transformer.decoder.block.10.layer.2.DenseReluDense.wo,181,-0.15057134628295898,$\delta_\text{gsc}$
winogrande,transformer.decoder.block.10.layer.2.DenseReluDense.wo,181,-0.2513248324394226,$\delta_\text{ssc}$
winogrande,transformer.decoder.block.11.layer.0.SelfAttention.q,182,,cross
winogrande,transformer.decoder.block.11.layer.0.SelfAttention.q,182,,corr
winogrande,transformer.decoder.block.11.layer.0.SelfAttention.q,182,,drift
winogrande,transformer.decoder.block.11.layer.0.SelfAttention.q,182,,tot
winogrande,transformer.decoder.block.11.layer.0.SelfAttention.q,182,,$\delta_\text{gsc}$
winogrande,transformer.decoder.block.11.layer.0.SelfAttention.q,182,,$\delta_\text{ssc}$
winogrande,transformer.decoder.block.11.layer.0.SelfAttention.k,183,,cross
winogrande,transformer.decoder.block.11.layer.0.SelfAttention.k,183,,corr
winogrande,transformer.decoder.block.11.layer.0.SelfAttention.k,183,,drift
winogrande,transformer.decoder.block.11.layer.0.SelfAttention.k,183,,tot
winogrande,transformer.decoder.block.11.layer.0.SelfAttention.k,183,,$\delta_\text{gsc}$
winogrande,transformer.decoder.block.11.layer.0.SelfAttention.k,183,,$\delta_\text{ssc}$
winogrande,transformer.decoder.block.11.layer.0.SelfAttention.v,184,0.17618975043296814,cross
winogrande,transformer.decoder.block.11.layer.0.SelfAttention.v,184,0.27686890959739685,corr
winogrande,transformer.decoder.block.11.layer.0.SelfAttention.v,184,0.3560318052768707,drift
winogrande,transformer.decoder.block.11.layer.0.SelfAttention.v,184,0.40378981828689575,tot
winogrande,transformer.decoder.block.11.layer.0.SelfAttention.v,184,-0.22158128023147583,$\delta_\text{gsc}$
winogrande,transformer.decoder.block.11.layer.0.SelfAttention.v,184,-0.18371936678886414,$\delta_\text{ssc}$
winogrande,transformer.decoder.block.11.layer.0.SelfAttention.o,185,0.14841614663600922,cross
winogrande,transformer.decoder.block.11.layer.0.SelfAttention.o,185,0.16652731597423553,corr
winogrande,transformer.decoder.block.11.layer.0.SelfAttention.o,185,0.3757961392402649,drift
winogrande,transformer.decoder.block.11.layer.0.SelfAttention.o,185,0.39874985814094543,tot
winogrande,transformer.decoder.block.11.layer.0.SelfAttention.o,185,-0.16802257299423218,$\delta_\text{gsc}$
winogrande,transformer.decoder.block.11.layer.0.SelfAttention.o,185,-0.12396717071533203,$\delta_\text{ssc}$
winogrande,transformer.decoder.block.11.layer.1.EncDecAttention.q,186,,cross
winogrande,transformer.decoder.block.11.layer.1.EncDecAttention.q,186,,corr
winogrande,transformer.decoder.block.11.layer.1.EncDecAttention.q,186,,drift
winogrande,transformer.decoder.block.11.layer.1.EncDecAttention.q,186,,tot
winogrande,transformer.decoder.block.11.layer.1.EncDecAttention.q,186,,$\delta_\text{gsc}$
winogrande,transformer.decoder.block.11.layer.1.EncDecAttention.q,186,,$\delta_\text{ssc}$
winogrande,transformer.decoder.block.11.layer.1.EncDecAttention.k,187,,cross
winogrande,transformer.decoder.block.11.layer.1.EncDecAttention.k,187,,corr
winogrande,transformer.decoder.block.11.layer.1.EncDecAttention.k,187,,drift
winogrande,transformer.decoder.block.11.layer.1.EncDecAttention.k,187,,tot
winogrande,transformer.decoder.block.11.layer.1.EncDecAttention.k,187,,$\delta_\text{gsc}$
winogrande,transformer.decoder.block.11.layer.1.EncDecAttention.k,187,,$\delta_\text{ssc}$
winogrande,transformer.decoder.block.11.layer.1.EncDecAttention.v,188,0.22375644743442535,cross
winogrande,transformer.decoder.block.11.layer.1.EncDecAttention.v,188,0.25179323554039,corr
winogrande,transformer.decoder.block.11.layer.1.EncDecAttention.v,188,0.33559685945510864,drift
winogrande,transformer.decoder.block.11.layer.1.EncDecAttention.v,188,0.3517444431781769,tot
winogrande,transformer.decoder.block.11.layer.1.EncDecAttention.v,188,-0.27654051780700684,$\delta_\text{gsc}$
winogrande,transformer.decoder.block.11.layer.1.EncDecAttention.v,188,-0.1828615963459015,$\delta_\text{ssc}$
winogrande,transformer.decoder.block.11.layer.1.EncDecAttention.o,189,0.09887842833995819,cross
winogrande,transformer.decoder.block.11.layer.1.EncDecAttention.o,189,0.10859362035989761,corr
winogrande,transformer.decoder.block.11.layer.1.EncDecAttention.o,189,0.2999839186668396,drift
winogrande,transformer.decoder.block.11.layer.1.EncDecAttention.o,189,0.31756848096847534,tot
winogrande,transformer.decoder.block.11.layer.1.EncDecAttention.o,189,-0.11586622893810272,$\delta_\text{gsc}$
winogrande,transformer.decoder.block.11.layer.1.EncDecAttention.o,189,-0.07402125000953674,$\delta_\text{ssc}$
winogrande,transformer.decoder.block.11.layer.2.DenseReluDense.wi,190,0.10986330360174179,cross
winogrande,transformer.decoder.block.11.layer.2.DenseReluDense.wi,190,0.2708550989627838,corr
winogrande,transformer.decoder.block.11.layer.2.DenseReluDense.wi,190,0.3451019823551178,drift
winogrande,transformer.decoder.block.11.layer.2.DenseReluDense.wi,190,0.4175989031791687,tot
winogrande,transformer.decoder.block.11.layer.2.DenseReluDense.wi,190,-0.1436009407043457,$\delta_\text{gsc}$
winogrande,transformer.decoder.block.11.layer.2.DenseReluDense.wi,190,-0.1646205484867096,$\delta_\text{ssc}$
winogrande,transformer.decoder.block.11.layer.2.DenseReluDense.wo,191,0.1852748692035675,cross
winogrande,transformer.decoder.block.11.layer.2.DenseReluDense.wo,191,0.18850810825824738,corr
winogrande,transformer.decoder.block.11.layer.2.DenseReluDense.wo,191,0.43169939517974854,drift
winogrande,transformer.decoder.block.11.layer.2.DenseReluDense.wo,191,0.46746310591697693,tot
winogrande,transformer.decoder.block.11.layer.2.DenseReluDense.wo,191,-0.2062026560306549,$\delta_\text{gsc}$
winogrande,transformer.decoder.block.11.layer.2.DenseReluDense.wo,191,-0.13181662559509277,$\delta_\text{ssc}$
winogrande,transformer.lm_head,192,0.062397073954343796,cross
winogrande,transformer.lm_head,192,0.03437083959579468,corr
winogrande,transformer.lm_head,192,0.21000133454799652,drift
winogrande,transformer.lm_head,192,0.2351647913455963,tot
winogrande,transformer.lm_head,192,-0.04469764232635498,$\delta_\text{gsc}$
winogrande,transformer.lm_head,192,-0.026906818151474,$\delta_\text{ssc}$
