model,method,layer,layer_idx,metric_type,metric,Di,Do
t5-base,actmat,transformer.encoder.block.0.layer.0.SelfAttention.q.weight,0,rm_loss,134.18882751464844,768,768
t5-base,actmat,transformer.encoder.block.0.layer.0.SelfAttention.q.weight,0,cosine_similarity,0.4960065484046936,768,768
t5-base,actmat-identity-inv,transformer.encoder.block.0.layer.0.SelfAttention.q.weight,0,rm_loss,76.74736022949219,768,768
t5-base,regmean,transformer.encoder.block.0.layer.0.SelfAttention.q.weight,0,rm_loss,46.92101287841797,768,768
t5-base,identity,transformer.encoder.block.0.layer.0.SelfAttention.q.weight,0,rm_loss,58.02363967895508,768,768
t5-base,identity,transformer.encoder.block.0.layer.0.SelfAttention.q.weight,0,cosine_similarity,0.21497084200382233,768,768
t5-base,actmat,transformer.encoder.block.0.layer.0.SelfAttention.k.weight,1,rm_loss,112.19181823730469,768,768
t5-base,actmat,transformer.encoder.block.0.layer.0.SelfAttention.k.weight,1,cosine_similarity,0.6792265176773071,768,768
t5-base,actmat-identity-inv,transformer.encoder.block.0.layer.0.SelfAttention.k.weight,1,rm_loss,85.9957046508789,768,768
t5-base,regmean,transformer.encoder.block.0.layer.0.SelfAttention.k.weight,1,rm_loss,53.46943664550781,768,768
t5-base,identity,transformer.encoder.block.0.layer.0.SelfAttention.k.weight,1,rm_loss,65.36074829101562,768,768
t5-base,identity,transformer.encoder.block.0.layer.0.SelfAttention.k.weight,1,cosine_similarity,0.21497084200382233,768,768
t5-base,actmat,transformer.encoder.block.0.layer.0.SelfAttention.v.weight,2,rm_loss,105.81181335449219,768,768
t5-base,actmat,transformer.encoder.block.0.layer.0.SelfAttention.v.weight,2,cosine_similarity,0.595427393913269,768,768
t5-base,actmat-identity-inv,transformer.encoder.block.0.layer.0.SelfAttention.v.weight,2,rm_loss,90.74560546875,768,768
t5-base,regmean,transformer.encoder.block.0.layer.0.SelfAttention.v.weight,2,rm_loss,51.273292541503906,768,768
t5-base,identity,transformer.encoder.block.0.layer.0.SelfAttention.v.weight,2,rm_loss,64.84419250488281,768,768
t5-base,identity,transformer.encoder.block.0.layer.0.SelfAttention.v.weight,2,cosine_similarity,0.21497084200382233,768,768
t5-base,actmat,transformer.encoder.block.0.layer.0.SelfAttention.o.weight,3,rm_loss,2000.55517578125,768,768
t5-base,actmat,transformer.encoder.block.0.layer.0.SelfAttention.o.weight,3,cosine_similarity,0.43010884523391724,768,768
t5-base,actmat-identity-inv,transformer.encoder.block.0.layer.0.SelfAttention.o.weight,3,rm_loss,3656.11865234375,768,768
t5-base,regmean,transformer.encoder.block.0.layer.0.SelfAttention.o.weight,3,rm_loss,540.86669921875,768,768
t5-base,identity,transformer.encoder.block.0.layer.0.SelfAttention.o.weight,3,rm_loss,2467.77197265625,768,768
t5-base,identity,transformer.encoder.block.0.layer.0.SelfAttention.o.weight,3,cosine_similarity,0.13950377702713013,768,768
t5-base,actmat,transformer.encoder.block.0.layer.1.DenseReluDense.wi.weight,4,rm_loss,1269.499755859375,768,3072
t5-base,actmat,transformer.encoder.block.0.layer.1.DenseReluDense.wi.weight,4,cosine_similarity,0.4365326464176178,768,3072
t5-base,actmat-identity-inv,transformer.encoder.block.0.layer.1.DenseReluDense.wi.weight,4,rm_loss,1739.4638671875,768,3072
t5-base,regmean,transformer.encoder.block.0.layer.1.DenseReluDense.wi.weight,4,rm_loss,631.62939453125,768,3072
t5-base,identity,transformer.encoder.block.0.layer.1.DenseReluDense.wi.weight,4,rm_loss,1487.2939453125,768,3072
t5-base,identity,transformer.encoder.block.0.layer.1.DenseReluDense.wi.weight,4,cosine_similarity,0.14038480818271637,768,3072
t5-base,actmat,transformer.encoder.block.0.layer.1.DenseReluDense.wo.weight,5,rm_loss,48599.609375,3072,768
t5-base,actmat,transformer.encoder.block.0.layer.1.DenseReluDense.wo.weight,5,cosine_similarity,0.2849160134792328,3072,768
t5-base,actmat-identity-inv,transformer.encoder.block.0.layer.1.DenseReluDense.wo.weight,5,rm_loss,17818.84375,3072,768
t5-base,regmean,transformer.encoder.block.0.layer.1.DenseReluDense.wo.weight,5,rm_loss,6051.66796875,3072,768
t5-base,identity,transformer.encoder.block.0.layer.1.DenseReluDense.wo.weight,5,rm_loss,16076.498046875,3072,768
t5-base,identity,transformer.encoder.block.0.layer.1.DenseReluDense.wo.weight,5,cosine_similarity,0.12751762568950653,3072,768
t5-base,actmat,transformer.encoder.block.1.layer.0.SelfAttention.q.weight,6,rm_loss,52.216217041015625,768,768
t5-base,actmat,transformer.encoder.block.1.layer.0.SelfAttention.q.weight,6,cosine_similarity,0.44159042835235596,768,768
t5-base,actmat-identity-inv,transformer.encoder.block.1.layer.0.SelfAttention.q.weight,6,rm_loss,49.525733947753906,768,768
t5-base,regmean,transformer.encoder.block.1.layer.0.SelfAttention.q.weight,6,rm_loss,15.856536865234375,768,768
t5-base,identity,transformer.encoder.block.1.layer.0.SelfAttention.q.weight,6,rm_loss,36.89280700683594,768,768
t5-base,identity,transformer.encoder.block.1.layer.0.SelfAttention.q.weight,6,cosine_similarity,0.2432604283094406,768,768
t5-base,actmat,transformer.encoder.block.1.layer.0.SelfAttention.k.weight,7,rm_loss,50.173606872558594,768,768
t5-base,actmat,transformer.encoder.block.1.layer.0.SelfAttention.k.weight,7,cosine_similarity,0.4795612394809723,768,768
t5-base,actmat-identity-inv,transformer.encoder.block.1.layer.0.SelfAttention.k.weight,7,rm_loss,46.25218200683594,768,768
t5-base,regmean,transformer.encoder.block.1.layer.0.SelfAttention.k.weight,7,rm_loss,15.5953369140625,768,768
t5-base,identity,transformer.encoder.block.1.layer.0.SelfAttention.k.weight,7,rm_loss,33.447715759277344,768,768
t5-base,identity,transformer.encoder.block.1.layer.0.SelfAttention.k.weight,7,cosine_similarity,0.2432604283094406,768,768
t5-base,actmat,transformer.encoder.block.1.layer.0.SelfAttention.v.weight,8,rm_loss,60.515838623046875,768,768
t5-base,actmat,transformer.encoder.block.1.layer.0.SelfAttention.v.weight,8,cosine_similarity,0.4855094254016876,768,768
t5-base,actmat-identity-inv,transformer.encoder.block.1.layer.0.SelfAttention.v.weight,8,rm_loss,66.3492202758789,768,768
t5-base,regmean,transformer.encoder.block.1.layer.0.SelfAttention.v.weight,8,rm_loss,16.884170532226562,768,768
t5-base,identity,transformer.encoder.block.1.layer.0.SelfAttention.v.weight,8,rm_loss,46.63324737548828,768,768
t5-base,identity,transformer.encoder.block.1.layer.0.SelfAttention.v.weight,8,cosine_similarity,0.2432604283094406,768,768
t5-base,actmat,transformer.encoder.block.1.layer.0.SelfAttention.o.weight,9,rm_loss,1491.7392578125,768,768
t5-base,actmat,transformer.encoder.block.1.layer.0.SelfAttention.o.weight,9,cosine_similarity,0.5958870649337769,768,768
t5-base,actmat-identity-inv,transformer.encoder.block.1.layer.0.SelfAttention.o.weight,9,rm_loss,4317.3876953125,768,768
t5-base,regmean,transformer.encoder.block.1.layer.0.SelfAttention.o.weight,9,rm_loss,357.59375,768,768
t5-base,identity,transformer.encoder.block.1.layer.0.SelfAttention.o.weight,9,rm_loss,3037.449951171875,768,768
t5-base,identity,transformer.encoder.block.1.layer.0.SelfAttention.o.weight,9,cosine_similarity,0.1510794758796692,768,768
t5-base,actmat,transformer.encoder.block.1.layer.1.DenseReluDense.wi.weight,10,rm_loss,3233.6591796875,768,3072
t5-base,actmat,transformer.encoder.block.1.layer.1.DenseReluDense.wi.weight,10,cosine_similarity,0.4579959213733673,768,3072
t5-base,actmat-identity-inv,transformer.encoder.block.1.layer.1.DenseReluDense.wi.weight,10,rm_loss,4873.3486328125,768,3072
t5-base,regmean,transformer.encoder.block.1.layer.1.DenseReluDense.wi.weight,10,rm_loss,1305.728515625,768,3072
t5-base,identity,transformer.encoder.block.1.layer.1.DenseReluDense.wi.weight,10,rm_loss,4237.7763671875,768,3072
t5-base,identity,transformer.encoder.block.1.layer.1.DenseReluDense.wi.weight,10,cosine_similarity,0.12312251329421997,768,3072
t5-base,actmat,transformer.encoder.block.1.layer.1.DenseReluDense.wo.weight,11,rm_loss,48748.07421875,3072,768
t5-base,actmat,transformer.encoder.block.1.layer.1.DenseReluDense.wo.weight,11,cosine_similarity,0.2341577708721161,3072,768
t5-base,actmat-identity-inv,transformer.encoder.block.1.layer.1.DenseReluDense.wo.weight,11,rm_loss,20711.37109375,3072,768
t5-base,regmean,transformer.encoder.block.1.layer.1.DenseReluDense.wo.weight,11,rm_loss,5682.9140625,3072,768
t5-base,identity,transformer.encoder.block.1.layer.1.DenseReluDense.wo.weight,11,rm_loss,17834.107421875,3072,768
t5-base,identity,transformer.encoder.block.1.layer.1.DenseReluDense.wo.weight,11,cosine_similarity,0.11962506175041199,3072,768
t5-base,actmat,transformer.encoder.block.2.layer.0.SelfAttention.q.weight,12,rm_loss,51.641815185546875,768,768
t5-base,actmat,transformer.encoder.block.2.layer.0.SelfAttention.q.weight,12,cosine_similarity,0.4773619771003723,768,768
t5-base,actmat-identity-inv,transformer.encoder.block.2.layer.0.SelfAttention.q.weight,12,rm_loss,51.16032028198242,768,768
t5-base,regmean,transformer.encoder.block.2.layer.0.SelfAttention.q.weight,12,rm_loss,13.903450012207031,768,768
t5-base,identity,transformer.encoder.block.2.layer.0.SelfAttention.q.weight,12,rm_loss,38.23820495605469,768,768
t5-base,identity,transformer.encoder.block.2.layer.0.SelfAttention.q.weight,12,cosine_similarity,0.26046204566955566,768,768
t5-base,actmat,transformer.encoder.block.2.layer.0.SelfAttention.k.weight,13,rm_loss,46.97535705566406,768,768
t5-base,actmat,transformer.encoder.block.2.layer.0.SelfAttention.k.weight,13,cosine_similarity,0.4668954610824585,768,768
t5-base,actmat-identity-inv,transformer.encoder.block.2.layer.0.SelfAttention.k.weight,13,rm_loss,44.53763198852539,768,768
t5-base,regmean,transformer.encoder.block.2.layer.0.SelfAttention.k.weight,13,rm_loss,14.151924133300781,768,768
t5-base,identity,transformer.encoder.block.2.layer.0.SelfAttention.k.weight,13,rm_loss,33.65637969970703,768,768
t5-base,identity,transformer.encoder.block.2.layer.0.SelfAttention.k.weight,13,cosine_similarity,0.26046204566955566,768,768
t5-base,actmat,transformer.encoder.block.2.layer.0.SelfAttention.v.weight,14,rm_loss,61.424827575683594,768,768
t5-base,actmat,transformer.encoder.block.2.layer.0.SelfAttention.v.weight,14,cosine_similarity,0.525313675403595,768,768
t5-base,actmat-identity-inv,transformer.encoder.block.2.layer.0.SelfAttention.v.weight,14,rm_loss,71.88063049316406,768,768
t5-base,regmean,transformer.encoder.block.2.layer.0.SelfAttention.v.weight,14,rm_loss,15.105461120605469,768,768
t5-base,identity,transformer.encoder.block.2.layer.0.SelfAttention.v.weight,14,rm_loss,50.45576095581055,768,768
t5-base,identity,transformer.encoder.block.2.layer.0.SelfAttention.v.weight,14,cosine_similarity,0.26046204566955566,768,768
t5-base,actmat,transformer.encoder.block.2.layer.0.SelfAttention.o.weight,15,rm_loss,1818.4384765625,768,768
t5-base,actmat,transformer.encoder.block.2.layer.0.SelfAttention.o.weight,15,cosine_similarity,0.5946456789970398,768,768
t5-base,actmat-identity-inv,transformer.encoder.block.2.layer.0.SelfAttention.o.weight,15,rm_loss,6096.677734375,768,768
t5-base,regmean,transformer.encoder.block.2.layer.0.SelfAttention.o.weight,15,rm_loss,412.17578125,768,768
t5-base,identity,transformer.encoder.block.2.layer.0.SelfAttention.o.weight,15,rm_loss,4237.27880859375,768,768
t5-base,identity,transformer.encoder.block.2.layer.0.SelfAttention.o.weight,15,cosine_similarity,0.13965867459774017,768,768
t5-base,actmat,transformer.encoder.block.2.layer.1.DenseReluDense.wi.weight,16,rm_loss,14573.1171875,768,3072
t5-base,actmat,transformer.encoder.block.2.layer.1.DenseReluDense.wi.weight,16,cosine_similarity,0.4293266832828522,768,3072
t5-base,actmat-identity-inv,transformer.encoder.block.2.layer.1.DenseReluDense.wi.weight,16,rm_loss,15342.4619140625,768,3072
t5-base,regmean,transformer.encoder.block.2.layer.1.DenseReluDense.wi.weight,16,rm_loss,3424.31640625,768,3072
t5-base,identity,transformer.encoder.block.2.layer.1.DenseReluDense.wi.weight,16,rm_loss,14008.66796875,768,3072
t5-base,identity,transformer.encoder.block.2.layer.1.DenseReluDense.wi.weight,16,cosine_similarity,0.10237767547369003,768,3072
t5-base,actmat,transformer.encoder.block.2.layer.1.DenseReluDense.wo.weight,17,rm_loss,46184.28515625,3072,768
t5-base,actmat,transformer.encoder.block.2.layer.1.DenseReluDense.wo.weight,17,cosine_similarity,0.09128595143556595,3072,768
t5-base,actmat-identity-inv,transformer.encoder.block.2.layer.1.DenseReluDense.wo.weight,17,rm_loss,15434.822265625,3072,768
t5-base,regmean,transformer.encoder.block.2.layer.1.DenseReluDense.wo.weight,17,rm_loss,4476.615234375,3072,768
t5-base,identity,transformer.encoder.block.2.layer.1.DenseReluDense.wo.weight,17,rm_loss,12798.921875,3072,768
t5-base,identity,transformer.encoder.block.2.layer.1.DenseReluDense.wo.weight,17,cosine_similarity,0.08119288831949234,3072,768
t5-base,actmat,transformer.encoder.block.3.layer.0.SelfAttention.q.weight,18,rm_loss,58.47175598144531,768,768
t5-base,actmat,transformer.encoder.block.3.layer.0.SelfAttention.q.weight,18,cosine_similarity,0.5300444960594177,768,768
t5-base,actmat-identity-inv,transformer.encoder.block.3.layer.0.SelfAttention.q.weight,18,rm_loss,79.22594451904297,768,768
t5-base,regmean,transformer.encoder.block.3.layer.0.SelfAttention.q.weight,18,rm_loss,18.931671142578125,768,768
t5-base,identity,transformer.encoder.block.3.layer.0.SelfAttention.q.weight,18,rm_loss,60.00749206542969,768,768
t5-base,identity,transformer.encoder.block.3.layer.0.SelfAttention.q.weight,18,cosine_similarity,0.23834845423698425,768,768
t5-base,actmat,transformer.encoder.block.3.layer.0.SelfAttention.k.weight,19,rm_loss,65.83004760742188,768,768
t5-base,actmat,transformer.encoder.block.3.layer.0.SelfAttention.k.weight,19,cosine_similarity,0.49057260155677795,768,768
t5-base,actmat-identity-inv,transformer.encoder.block.3.layer.0.SelfAttention.k.weight,19,rm_loss,75.27088928222656,768,768
t5-base,regmean,transformer.encoder.block.3.layer.0.SelfAttention.k.weight,19,rm_loss,21.35247039794922,768,768
t5-base,identity,transformer.encoder.block.3.layer.0.SelfAttention.k.weight,19,rm_loss,57.61479949951172,768,768
t5-base,identity,transformer.encoder.block.3.layer.0.SelfAttention.k.weight,19,cosine_similarity,0.23834845423698425,768,768
t5-base,actmat,transformer.encoder.block.3.layer.0.SelfAttention.v.weight,20,rm_loss,82.99493408203125,768,768
t5-base,actmat,transformer.encoder.block.3.layer.0.SelfAttention.v.weight,20,cosine_similarity,0.5560771822929382,768,768
t5-base,actmat-identity-inv,transformer.encoder.block.3.layer.0.SelfAttention.v.weight,20,rm_loss,115.07183837890625,768,768
t5-base,regmean,transformer.encoder.block.3.layer.0.SelfAttention.v.weight,20,rm_loss,23.305465698242188,768,768
t5-base,identity,transformer.encoder.block.3.layer.0.SelfAttention.v.weight,20,rm_loss,85.33805847167969,768,768
t5-base,identity,transformer.encoder.block.3.layer.0.SelfAttention.v.weight,20,cosine_similarity,0.23834845423698425,768,768
t5-base,actmat,transformer.encoder.block.3.layer.0.SelfAttention.o.weight,21,rm_loss,3273.591796875,768,768
t5-base,actmat,transformer.encoder.block.3.layer.0.SelfAttention.o.weight,21,cosine_similarity,0.5199122428894043,768,768
t5-base,actmat-identity-inv,transformer.encoder.block.3.layer.0.SelfAttention.o.weight,21,rm_loss,10844.17578125,768,768
t5-base,regmean,transformer.encoder.block.3.layer.0.SelfAttention.o.weight,21,rm_loss,676.876953125,768,768
t5-base,identity,transformer.encoder.block.3.layer.0.SelfAttention.o.weight,21,rm_loss,7971.7666015625,768,768
t5-base,identity,transformer.encoder.block.3.layer.0.SelfAttention.o.weight,21,cosine_similarity,0.1121179610490799,768,768
t5-base,actmat,transformer.encoder.block.3.layer.1.DenseReluDense.wi.weight,22,rm_loss,42535.8203125,768,3072
t5-base,actmat,transformer.encoder.block.3.layer.1.DenseReluDense.wi.weight,22,cosine_similarity,0.4041408896446228,768,3072
t5-base,actmat-identity-inv,transformer.encoder.block.3.layer.1.DenseReluDense.wi.weight,22,rm_loss,35877.34375,768,3072
t5-base,regmean,transformer.encoder.block.3.layer.1.DenseReluDense.wi.weight,22,rm_loss,6773.015625,768,3072
t5-base,identity,transformer.encoder.block.3.layer.1.DenseReluDense.wi.weight,22,rm_loss,34192.29296875,768,3072
t5-base,identity,transformer.encoder.block.3.layer.1.DenseReluDense.wi.weight,22,cosine_similarity,0.09058769047260284,768,3072
t5-base,actmat,transformer.encoder.block.3.layer.1.DenseReluDense.wo.weight,23,rm_loss,63112.2578125,3072,768
t5-base,actmat,transformer.encoder.block.3.layer.1.DenseReluDense.wo.weight,23,cosine_similarity,0.029538817703723907,3072,768
t5-base,actmat-identity-inv,transformer.encoder.block.3.layer.1.DenseReluDense.wo.weight,23,rm_loss,20901.15625,3072,768
t5-base,regmean,transformer.encoder.block.3.layer.1.DenseReluDense.wo.weight,23,rm_loss,7525.38671875,3072,768
t5-base,identity,transformer.encoder.block.3.layer.1.DenseReluDense.wo.weight,23,rm_loss,16603.744140625,3072,768
t5-base,identity,transformer.encoder.block.3.layer.1.DenseReluDense.wo.weight,23,cosine_similarity,0.037867702543735504,3072,768
t5-base,actmat,transformer.encoder.block.4.layer.0.SelfAttention.q.weight,24,rm_loss,63.466758728027344,768,768
t5-base,actmat,transformer.encoder.block.4.layer.0.SelfAttention.q.weight,24,cosine_similarity,0.5336868762969971,768,768
t5-base,actmat-identity-inv,transformer.encoder.block.4.layer.0.SelfAttention.q.weight,24,rm_loss,77.4128646850586,768,768
t5-base,regmean,transformer.encoder.block.4.layer.0.SelfAttention.q.weight,24,rm_loss,17.303497314453125,768,768
t5-base,identity,transformer.encoder.block.4.layer.0.SelfAttention.q.weight,24,rm_loss,58.4725341796875,768,768
t5-base,identity,transformer.encoder.block.4.layer.0.SelfAttention.q.weight,24,cosine_similarity,0.2375197857618332,768,768
t5-base,actmat,transformer.encoder.block.4.layer.0.SelfAttention.k.weight,25,rm_loss,62.800750732421875,768,768
t5-base,actmat,transformer.encoder.block.4.layer.0.SelfAttention.k.weight,25,cosine_similarity,0.5043519139289856,768,768
t5-base,actmat-identity-inv,transformer.encoder.block.4.layer.0.SelfAttention.k.weight,25,rm_loss,77.73407745361328,768,768
t5-base,regmean,transformer.encoder.block.4.layer.0.SelfAttention.k.weight,25,rm_loss,21.554412841796875,768,768
t5-base,identity,transformer.encoder.block.4.layer.0.SelfAttention.k.weight,25,rm_loss,60.83916473388672,768,768
t5-base,identity,transformer.encoder.block.4.layer.0.SelfAttention.k.weight,25,cosine_similarity,0.2375197857618332,768,768
t5-base,actmat,transformer.encoder.block.4.layer.0.SelfAttention.v.weight,26,rm_loss,84.99624633789062,768,768
t5-base,actmat,transformer.encoder.block.4.layer.0.SelfAttention.v.weight,26,cosine_similarity,0.5804736614227295,768,768
t5-base,actmat-identity-inv,transformer.encoder.block.4.layer.0.SelfAttention.v.weight,26,rm_loss,126.56182861328125,768,768
t5-base,regmean,transformer.encoder.block.4.layer.0.SelfAttention.v.weight,26,rm_loss,23.867660522460938,768,768
t5-base,identity,transformer.encoder.block.4.layer.0.SelfAttention.v.weight,26,rm_loss,95.37521362304688,768,768
t5-base,identity,transformer.encoder.block.4.layer.0.SelfAttention.v.weight,26,cosine_similarity,0.2375197857618332,768,768
t5-base,actmat,transformer.encoder.block.4.layer.0.SelfAttention.o.weight,27,rm_loss,4507.35546875,768,768
t5-base,actmat,transformer.encoder.block.4.layer.0.SelfAttention.o.weight,27,cosine_similarity,0.519520103931427,768,768
t5-base,actmat-identity-inv,transformer.encoder.block.4.layer.0.SelfAttention.o.weight,27,rm_loss,13991.8095703125,768,768
t5-base,regmean,transformer.encoder.block.4.layer.0.SelfAttention.o.weight,27,rm_loss,922.634765625,768,768
t5-base,identity,transformer.encoder.block.4.layer.0.SelfAttention.o.weight,27,rm_loss,10221.0673828125,768,768
t5-base,identity,transformer.encoder.block.4.layer.0.SelfAttention.o.weight,27,cosine_similarity,0.11361116170883179,768,768
t5-base,actmat,transformer.encoder.block.4.layer.1.DenseReluDense.wi.weight,28,rm_loss,63726.75,768,3072
t5-base,actmat,transformer.encoder.block.4.layer.1.DenseReluDense.wi.weight,28,cosine_similarity,0.4330446720123291,768,3072
t5-base,actmat-identity-inv,transformer.encoder.block.4.layer.1.DenseReluDense.wi.weight,28,rm_loss,49015.51171875,768,3072
t5-base,regmean,transformer.encoder.block.4.layer.1.DenseReluDense.wi.weight,28,rm_loss,8571.1640625,768,3072
t5-base,identity,transformer.encoder.block.4.layer.1.DenseReluDense.wi.weight,28,rm_loss,47313.47265625,768,3072
t5-base,identity,transformer.encoder.block.4.layer.1.DenseReluDense.wi.weight,28,cosine_similarity,0.09112091362476349,768,3072
t5-base,actmat,transformer.encoder.block.4.layer.1.DenseReluDense.wo.weight,29,rm_loss,79645.953125,3072,768
t5-base,actmat,transformer.encoder.block.4.layer.1.DenseReluDense.wo.weight,29,cosine_similarity,0.020591655746102333,3072,768
t5-base,actmat-identity-inv,transformer.encoder.block.4.layer.1.DenseReluDense.wo.weight,29,rm_loss,24731.953125,3072,768
t5-base,regmean,transformer.encoder.block.4.layer.1.DenseReluDense.wo.weight,29,rm_loss,10136.15625,3072,768
t5-base,identity,transformer.encoder.block.4.layer.1.DenseReluDense.wo.weight,29,rm_loss,19661.87890625,3072,768
t5-base,identity,transformer.encoder.block.4.layer.1.DenseReluDense.wo.weight,29,cosine_similarity,0.030813928693532944,3072,768
t5-base,actmat,transformer.encoder.block.5.layer.0.SelfAttention.q.weight,30,rm_loss,66.84649658203125,768,768
t5-base,actmat,transformer.encoder.block.5.layer.0.SelfAttention.q.weight,30,cosine_similarity,0.5504297614097595,768,768
t5-base,actmat-identity-inv,transformer.encoder.block.5.layer.0.SelfAttention.q.weight,30,rm_loss,98.11380767822266,768,768
t5-base,regmean,transformer.encoder.block.5.layer.0.SelfAttention.q.weight,30,rm_loss,20.244155883789062,768,768
t5-base,identity,transformer.encoder.block.5.layer.0.SelfAttention.q.weight,30,rm_loss,76.08695983886719,768,768
t5-base,identity,transformer.encoder.block.5.layer.0.SelfAttention.q.weight,30,cosine_similarity,0.22032153606414795,768,768
t5-base,actmat,transformer.encoder.block.5.layer.0.SelfAttention.k.weight,31,rm_loss,99.75210571289062,768,768
t5-base,actmat,transformer.encoder.block.5.layer.0.SelfAttention.k.weight,31,cosine_similarity,0.5000519752502441,768,768
t5-base,actmat-identity-inv,transformer.encoder.block.5.layer.0.SelfAttention.k.weight,31,rm_loss,103.60865020751953,768,768
t5-base,regmean,transformer.encoder.block.5.layer.0.SelfAttention.k.weight,31,rm_loss,26.42071533203125,768,768
t5-base,identity,transformer.encoder.block.5.layer.0.SelfAttention.k.weight,31,rm_loss,82.04004669189453,768,768
t5-base,identity,transformer.encoder.block.5.layer.0.SelfAttention.k.weight,31,cosine_similarity,0.22032153606414795,768,768
t5-base,actmat,transformer.encoder.block.5.layer.0.SelfAttention.v.weight,32,rm_loss,94.76626586914062,768,768
t5-base,actmat,transformer.encoder.block.5.layer.0.SelfAttention.v.weight,32,cosine_similarity,0.6049904227256775,768,768
t5-base,actmat-identity-inv,transformer.encoder.block.5.layer.0.SelfAttention.v.weight,32,rm_loss,169.53021240234375,768,768
t5-base,regmean,transformer.encoder.block.5.layer.0.SelfAttention.v.weight,32,rm_loss,28.89471435546875,768,768
t5-base,identity,transformer.encoder.block.5.layer.0.SelfAttention.v.weight,32,rm_loss,127.23135375976562,768,768
t5-base,identity,transformer.encoder.block.5.layer.0.SelfAttention.v.weight,32,cosine_similarity,0.22032153606414795,768,768
t5-base,actmat,transformer.encoder.block.5.layer.0.SelfAttention.o.weight,33,rm_loss,4331.1953125,768,768
t5-base,actmat,transformer.encoder.block.5.layer.0.SelfAttention.o.weight,33,cosine_similarity,0.5757139921188354,768,768
t5-base,actmat-identity-inv,transformer.encoder.block.5.layer.0.SelfAttention.o.weight,33,rm_loss,17266.2734375,768,768
t5-base,regmean,transformer.encoder.block.5.layer.0.SelfAttention.o.weight,33,rm_loss,1030.38671875,768,768
t5-base,identity,transformer.encoder.block.5.layer.0.SelfAttention.o.weight,33,rm_loss,13194.46875,768,768
t5-base,identity,transformer.encoder.block.5.layer.0.SelfAttention.o.weight,33,cosine_similarity,0.127638578414917,768,768
t5-base,actmat,transformer.encoder.block.5.layer.1.DenseReluDense.wi.weight,34,rm_loss,36522.578125,768,3072
t5-base,actmat,transformer.encoder.block.5.layer.1.DenseReluDense.wi.weight,34,cosine_similarity,0.4525373578071594,768,3072
t5-base,actmat-identity-inv,transformer.encoder.block.5.layer.1.DenseReluDense.wi.weight,34,rm_loss,55185.8515625,768,3072
t5-base,regmean,transformer.encoder.block.5.layer.1.DenseReluDense.wi.weight,34,rm_loss,8570.453125,768,3072
t5-base,identity,transformer.encoder.block.5.layer.1.DenseReluDense.wi.weight,34,rm_loss,54392.89453125,768,3072
t5-base,identity,transformer.encoder.block.5.layer.1.DenseReluDense.wi.weight,34,cosine_similarity,0.09320386499166489,768,3072
t5-base,actmat,transformer.encoder.block.5.layer.1.DenseReluDense.wo.weight,35,rm_loss,85553.65625,3072,768
t5-base,actmat,transformer.encoder.block.5.layer.1.DenseReluDense.wo.weight,35,cosine_similarity,0.04995054379105568,3072,768
t5-base,actmat-identity-inv,transformer.encoder.block.5.layer.1.DenseReluDense.wo.weight,35,rm_loss,32666.24609375,3072,768
t5-base,regmean,transformer.encoder.block.5.layer.1.DenseReluDense.wo.weight,35,rm_loss,10817.0078125,3072,768
t5-base,identity,transformer.encoder.block.5.layer.1.DenseReluDense.wo.weight,35,rm_loss,25978.0390625,3072,768
t5-base,identity,transformer.encoder.block.5.layer.1.DenseReluDense.wo.weight,35,cosine_similarity,0.04592140391469002,3072,768
t5-base,actmat,transformer.encoder.block.6.layer.0.SelfAttention.q.weight,36,rm_loss,78.85493469238281,768,768
t5-base,actmat,transformer.encoder.block.6.layer.0.SelfAttention.q.weight,36,cosine_similarity,0.5595199465751648,768,768
t5-base,actmat-identity-inv,transformer.encoder.block.6.layer.0.SelfAttention.q.weight,36,rm_loss,117.75481414794922,768,768
t5-base,regmean,transformer.encoder.block.6.layer.0.SelfAttention.q.weight,36,rm_loss,21.7303466796875,768,768
t5-base,identity,transformer.encoder.block.6.layer.0.SelfAttention.q.weight,36,rm_loss,90.52195739746094,768,768
t5-base,identity,transformer.encoder.block.6.layer.0.SelfAttention.q.weight,36,cosine_similarity,0.2172001600265503,768,768
t5-base,actmat,transformer.encoder.block.6.layer.0.SelfAttention.k.weight,37,rm_loss,91.1138916015625,768,768
t5-base,actmat,transformer.encoder.block.6.layer.0.SelfAttention.k.weight,37,cosine_similarity,0.5194416046142578,768,768
t5-base,actmat-identity-inv,transformer.encoder.block.6.layer.0.SelfAttention.k.weight,37,rm_loss,115.88714599609375,768,768
t5-base,regmean,transformer.encoder.block.6.layer.0.SelfAttention.k.weight,37,rm_loss,27.469497680664062,768,768
t5-base,identity,transformer.encoder.block.6.layer.0.SelfAttention.k.weight,37,rm_loss,91.17935943603516,768,768
t5-base,identity,transformer.encoder.block.6.layer.0.SelfAttention.k.weight,37,cosine_similarity,0.2172001600265503,768,768
t5-base,actmat,transformer.encoder.block.6.layer.0.SelfAttention.v.weight,38,rm_loss,104.9149169921875,768,768
t5-base,actmat,transformer.encoder.block.6.layer.0.SelfAttention.v.weight,38,cosine_similarity,0.6152826547622681,768,768
t5-base,actmat-identity-inv,transformer.encoder.block.6.layer.0.SelfAttention.v.weight,38,rm_loss,198.6410675048828,768,768
t5-base,regmean,transformer.encoder.block.6.layer.0.SelfAttention.v.weight,38,rm_loss,29.783355712890625,768,768
t5-base,identity,transformer.encoder.block.6.layer.0.SelfAttention.v.weight,38,rm_loss,151.80645751953125,768,768
t5-base,identity,transformer.encoder.block.6.layer.0.SelfAttention.v.weight,38,cosine_similarity,0.2172001600265503,768,768
t5-base,actmat,transformer.encoder.block.6.layer.0.SelfAttention.o.weight,39,rm_loss,4684.6640625,768,768
t5-base,actmat,transformer.encoder.block.6.layer.0.SelfAttention.o.weight,39,cosine_similarity,0.5396382212638855,768,768
t5-base,actmat-identity-inv,transformer.encoder.block.6.layer.0.SelfAttention.o.weight,39,rm_loss,18484.369140625,768,768
t5-base,regmean,transformer.encoder.block.6.layer.0.SelfAttention.o.weight,39,rm_loss,997.89453125,768,768
t5-base,identity,transformer.encoder.block.6.layer.0.SelfAttention.o.weight,39,rm_loss,13582.439453125,768,768
t5-base,identity,transformer.encoder.block.6.layer.0.SelfAttention.o.weight,39,cosine_similarity,0.11527369171380997,768,768
t5-base,actmat,transformer.encoder.block.6.layer.1.DenseReluDense.wi.weight,40,rm_loss,39845.5625,768,3072
t5-base,actmat,transformer.encoder.block.6.layer.1.DenseReluDense.wi.weight,40,cosine_similarity,0.4578731060028076,768,3072
t5-base,actmat-identity-inv,transformer.encoder.block.6.layer.1.DenseReluDense.wi.weight,40,rm_loss,67822.125,768,3072
t5-base,regmean,transformer.encoder.block.6.layer.1.DenseReluDense.wi.weight,40,rm_loss,9276.09375,768,3072
t5-base,identity,transformer.encoder.block.6.layer.1.DenseReluDense.wi.weight,40,rm_loss,65882.6015625,768,3072
t5-base,identity,transformer.encoder.block.6.layer.1.DenseReluDense.wi.weight,40,cosine_similarity,0.09246864914894104,768,3072
t5-base,actmat,transformer.encoder.block.6.layer.1.DenseReluDense.wo.weight,41,rm_loss,81654.8125,3072,768
t5-base,actmat,transformer.encoder.block.6.layer.1.DenseReluDense.wo.weight,41,cosine_similarity,0.07543646544218063,3072,768
t5-base,actmat-identity-inv,transformer.encoder.block.6.layer.1.DenseReluDense.wo.weight,41,rm_loss,37276.39453125,3072,768
t5-base,regmean,transformer.encoder.block.6.layer.1.DenseReluDense.wo.weight,41,rm_loss,9770.515625,3072,768
t5-base,identity,transformer.encoder.block.6.layer.1.DenseReluDense.wo.weight,41,rm_loss,30006.40234375,3072,768
t5-base,identity,transformer.encoder.block.6.layer.1.DenseReluDense.wo.weight,41,cosine_similarity,0.061200208961963654,3072,768
t5-base,actmat,transformer.encoder.block.7.layer.0.SelfAttention.q.weight,42,rm_loss,87.1663818359375,768,768
t5-base,actmat,transformer.encoder.block.7.layer.0.SelfAttention.q.weight,42,cosine_similarity,0.5160068869590759,768,768
t5-base,actmat-identity-inv,transformer.encoder.block.7.layer.0.SelfAttention.q.weight,42,rm_loss,126.9407958984375,768,768
t5-base,regmean,transformer.encoder.block.7.layer.0.SelfAttention.q.weight,42,rm_loss,21.82073974609375,768,768
t5-base,identity,transformer.encoder.block.7.layer.0.SelfAttention.q.weight,42,rm_loss,97.85813903808594,768,768
t5-base,identity,transformer.encoder.block.7.layer.0.SelfAttention.q.weight,42,cosine_similarity,0.20366604626178741,768,768
t5-base,actmat,transformer.encoder.block.7.layer.0.SelfAttention.k.weight,43,rm_loss,114.06698608398438,768,768
t5-base,actmat,transformer.encoder.block.7.layer.0.SelfAttention.k.weight,43,cosine_similarity,0.4964791536331177,768,768
t5-base,actmat-identity-inv,transformer.encoder.block.7.layer.0.SelfAttention.k.weight,43,rm_loss,153.13124084472656,768,768
t5-base,regmean,transformer.encoder.block.7.layer.0.SelfAttention.k.weight,43,rm_loss,31.343353271484375,768,768
t5-base,identity,transformer.encoder.block.7.layer.0.SelfAttention.k.weight,43,rm_loss,121.64598083496094,768,768
t5-base,identity,transformer.encoder.block.7.layer.0.SelfAttention.k.weight,43,cosine_similarity,0.20366604626178741,768,768
t5-base,actmat,transformer.encoder.block.7.layer.0.SelfAttention.v.weight,44,rm_loss,129.34201049804688,768,768
t5-base,actmat,transformer.encoder.block.7.layer.0.SelfAttention.v.weight,44,cosine_similarity,0.5534480214118958,768,768
t5-base,actmat-identity-inv,transformer.encoder.block.7.layer.0.SelfAttention.v.weight,44,rm_loss,235.8756103515625,768,768
t5-base,regmean,transformer.encoder.block.7.layer.0.SelfAttention.v.weight,44,rm_loss,32.504058837890625,768,768
t5-base,identity,transformer.encoder.block.7.layer.0.SelfAttention.v.weight,44,rm_loss,180.45831298828125,768,768
t5-base,identity,transformer.encoder.block.7.layer.0.SelfAttention.v.weight,44,cosine_similarity,0.20366604626178741,768,768
t5-base,actmat,transformer.encoder.block.7.layer.0.SelfAttention.o.weight,45,rm_loss,7269.91796875,768,768
t5-base,actmat,transformer.encoder.block.7.layer.0.SelfAttention.o.weight,45,cosine_similarity,0.4920066297054291,768,768
t5-base,actmat-identity-inv,transformer.encoder.block.7.layer.0.SelfAttention.o.weight,45,rm_loss,29019.966796875,768,768
t5-base,regmean,transformer.encoder.block.7.layer.0.SelfAttention.o.weight,45,rm_loss,1104.515625,768,768
t5-base,identity,transformer.encoder.block.7.layer.0.SelfAttention.o.weight,45,rm_loss,22125.76953125,768,768
t5-base,identity,transformer.encoder.block.7.layer.0.SelfAttention.o.weight,45,cosine_similarity,0.09672542661428452,768,768
t5-base,actmat,transformer.encoder.block.7.layer.1.DenseReluDense.wi.weight,46,rm_loss,45649.015625,768,3072
t5-base,actmat,transformer.encoder.block.7.layer.1.DenseReluDense.wi.weight,46,cosine_similarity,0.43829572200775146,768,3072
t5-base,actmat-identity-inv,transformer.encoder.block.7.layer.1.DenseReluDense.wi.weight,46,rm_loss,83401.2578125,768,3072
t5-base,regmean,transformer.encoder.block.7.layer.1.DenseReluDense.wi.weight,46,rm_loss,9470.875,768,3072
t5-base,identity,transformer.encoder.block.7.layer.1.DenseReluDense.wi.weight,46,rm_loss,80888.7109375,768,3072
t5-base,identity,transformer.encoder.block.7.layer.1.DenseReluDense.wi.weight,46,cosine_similarity,0.08614541590213776,768,3072
t5-base,actmat,transformer.encoder.block.7.layer.1.DenseReluDense.wo.weight,47,rm_loss,91683.28125,3072,768
t5-base,actmat,transformer.encoder.block.7.layer.1.DenseReluDense.wo.weight,47,cosine_similarity,0.0843615010380745,3072,768
t5-base,actmat-identity-inv,transformer.encoder.block.7.layer.1.DenseReluDense.wo.weight,47,rm_loss,45776.05078125,3072,768
t5-base,regmean,transformer.encoder.block.7.layer.1.DenseReluDense.wo.weight,47,rm_loss,9778.7265625,3072,768
t5-base,identity,transformer.encoder.block.7.layer.1.DenseReluDense.wo.weight,47,rm_loss,36422.32421875,3072,768
t5-base,identity,transformer.encoder.block.7.layer.1.DenseReluDense.wo.weight,47,cosine_similarity,0.06724587827920914,3072,768
t5-base,actmat,transformer.encoder.block.8.layer.0.SelfAttention.q.weight,48,rm_loss,103.89251708984375,768,768
t5-base,actmat,transformer.encoder.block.8.layer.0.SelfAttention.q.weight,48,cosine_similarity,0.5117207169532776,768,768
t5-base,actmat-identity-inv,transformer.encoder.block.8.layer.0.SelfAttention.q.weight,48,rm_loss,183.51901245117188,768,768
t5-base,regmean,transformer.encoder.block.8.layer.0.SelfAttention.q.weight,48,rm_loss,26.776611328125,768,768
t5-base,identity,transformer.encoder.block.8.layer.0.SelfAttention.q.weight,48,rm_loss,145.90155029296875,768,768
t5-base,identity,transformer.encoder.block.8.layer.0.SelfAttention.q.weight,48,cosine_similarity,0.18299025297164917,768,768
t5-base,actmat,transformer.encoder.block.8.layer.0.SelfAttention.k.weight,49,rm_loss,154.25180053710938,768,768
t5-base,actmat,transformer.encoder.block.8.layer.0.SelfAttention.k.weight,49,cosine_similarity,0.4584234654903412,768,768
t5-base,actmat-identity-inv,transformer.encoder.block.8.layer.0.SelfAttention.k.weight,49,rm_loss,187.18418884277344,768,768
t5-base,regmean,transformer.encoder.block.8.layer.0.SelfAttention.k.weight,49,rm_loss,34.798828125,768,768
t5-base,identity,transformer.encoder.block.8.layer.0.SelfAttention.k.weight,49,rm_loss,150.0093994140625,768,768
t5-base,identity,transformer.encoder.block.8.layer.0.SelfAttention.k.weight,49,cosine_similarity,0.18299025297164917,768,768
t5-base,actmat,transformer.encoder.block.8.layer.0.SelfAttention.v.weight,50,rm_loss,142.0872802734375,768,768
t5-base,actmat,transformer.encoder.block.8.layer.0.SelfAttention.v.weight,50,cosine_similarity,0.5342239141464233,768,768
t5-base,actmat-identity-inv,transformer.encoder.block.8.layer.0.SelfAttention.v.weight,50,rm_loss,276.3585510253906,768,768
t5-base,regmean,transformer.encoder.block.8.layer.0.SelfAttention.v.weight,50,rm_loss,34.851806640625,768,768
t5-base,identity,transformer.encoder.block.8.layer.0.SelfAttention.v.weight,50,rm_loss,216.19081115722656,768,768
t5-base,identity,transformer.encoder.block.8.layer.0.SelfAttention.v.weight,50,cosine_similarity,0.18299025297164917,768,768
t5-base,actmat,transformer.encoder.block.8.layer.0.SelfAttention.o.weight,51,rm_loss,8359.25,768,768
t5-base,actmat,transformer.encoder.block.8.layer.0.SelfAttention.o.weight,51,cosine_similarity,0.4692494869232178,768,768
t5-base,actmat-identity-inv,transformer.encoder.block.8.layer.0.SelfAttention.o.weight,51,rm_loss,28741.96484375,768,768
t5-base,regmean,transformer.encoder.block.8.layer.0.SelfAttention.o.weight,51,rm_loss,1429.62109375,768,768
t5-base,identity,transformer.encoder.block.8.layer.0.SelfAttention.o.weight,51,rm_loss,22551.71484375,768,768
t5-base,identity,transformer.encoder.block.8.layer.0.SelfAttention.o.weight,51,cosine_similarity,0.11775454133749008,768,768
t5-base,actmat,transformer.encoder.block.8.layer.1.DenseReluDense.wi.weight,52,rm_loss,49414.65625,768,3072
t5-base,actmat,transformer.encoder.block.8.layer.1.DenseReluDense.wi.weight,52,cosine_similarity,0.39976903796195984,768,3072
t5-base,actmat-identity-inv,transformer.encoder.block.8.layer.1.DenseReluDense.wi.weight,52,rm_loss,87703.671875,768,3072
t5-base,regmean,transformer.encoder.block.8.layer.1.DenseReluDense.wi.weight,52,rm_loss,9983.28125,768,3072
t5-base,identity,transformer.encoder.block.8.layer.1.DenseReluDense.wi.weight,52,rm_loss,84643.609375,768,3072
t5-base,identity,transformer.encoder.block.8.layer.1.DenseReluDense.wi.weight,52,cosine_similarity,0.08410472422838211,768,3072
t5-base,actmat,transformer.encoder.block.8.layer.1.DenseReluDense.wo.weight,53,rm_loss,101961.46875,3072,768
t5-base,actmat,transformer.encoder.block.8.layer.1.DenseReluDense.wo.weight,53,cosine_similarity,0.11788773536682129,3072,768
t5-base,actmat-identity-inv,transformer.encoder.block.8.layer.1.DenseReluDense.wo.weight,53,rm_loss,53991.9765625,3072,768
t5-base,regmean,transformer.encoder.block.8.layer.1.DenseReluDense.wo.weight,53,rm_loss,13361.6171875,3072,768
t5-base,identity,transformer.encoder.block.8.layer.1.DenseReluDense.wo.weight,53,rm_loss,42909.99609375,3072,768
t5-base,identity,transformer.encoder.block.8.layer.1.DenseReluDense.wo.weight,53,cosine_similarity,0.08029495179653168,3072,768
t5-base,actmat,transformer.encoder.block.9.layer.0.SelfAttention.q.weight,54,rm_loss,130.38540649414062,768,768
t5-base,actmat,transformer.encoder.block.9.layer.0.SelfAttention.q.weight,54,cosine_similarity,0.44953805208206177,768,768
t5-base,actmat-identity-inv,transformer.encoder.block.9.layer.0.SelfAttention.q.weight,54,rm_loss,209.21170043945312,768,768
t5-base,regmean,transformer.encoder.block.9.layer.0.SelfAttention.q.weight,54,rm_loss,29.9033203125,768,768
t5-base,identity,transformer.encoder.block.9.layer.0.SelfAttention.q.weight,54,rm_loss,162.54248046875,768,768
t5-base,identity,transformer.encoder.block.9.layer.0.SelfAttention.q.weight,54,cosine_similarity,0.17168240249156952,768,768
t5-base,actmat,transformer.encoder.block.9.layer.0.SelfAttention.k.weight,55,rm_loss,195.78509521484375,768,768
t5-base,actmat,transformer.encoder.block.9.layer.0.SelfAttention.k.weight,55,cosine_similarity,0.41156575083732605,768,768
t5-base,actmat-identity-inv,transformer.encoder.block.9.layer.0.SelfAttention.k.weight,55,rm_loss,227.5662384033203,768,768
t5-base,regmean,transformer.encoder.block.9.layer.0.SelfAttention.k.weight,55,rm_loss,41.020538330078125,768,768
t5-base,identity,transformer.encoder.block.9.layer.0.SelfAttention.k.weight,55,rm_loss,179.91262817382812,768,768
t5-base,identity,transformer.encoder.block.9.layer.0.SelfAttention.k.weight,55,cosine_similarity,0.17168240249156952,768,768
t5-base,actmat,transformer.encoder.block.9.layer.0.SelfAttention.v.weight,56,rm_loss,181.5128173828125,768,768
t5-base,actmat,transformer.encoder.block.9.layer.0.SelfAttention.v.weight,56,cosine_similarity,0.4760100841522217,768,768
t5-base,actmat-identity-inv,transformer.encoder.block.9.layer.0.SelfAttention.v.weight,56,rm_loss,327.3509826660156,768,768
t5-base,regmean,transformer.encoder.block.9.layer.0.SelfAttention.v.weight,56,rm_loss,39.632080078125,768,768
t5-base,identity,transformer.encoder.block.9.layer.0.SelfAttention.v.weight,56,rm_loss,253.7095947265625,768,768
t5-base,identity,transformer.encoder.block.9.layer.0.SelfAttention.v.weight,56,cosine_similarity,0.17168240249156952,768,768
t5-base,actmat,transformer.encoder.block.9.layer.0.SelfAttention.o.weight,57,rm_loss,13698.6015625,768,768
t5-base,actmat,transformer.encoder.block.9.layer.0.SelfAttention.o.weight,57,cosine_similarity,0.41192907094955444,768,768
t5-base,actmat-identity-inv,transformer.encoder.block.9.layer.0.SelfAttention.o.weight,57,rm_loss,53231.2265625,768,768
t5-base,regmean,transformer.encoder.block.9.layer.0.SelfAttention.o.weight,57,rm_loss,2112.421875,768,768
t5-base,identity,transformer.encoder.block.9.layer.0.SelfAttention.o.weight,57,rm_loss,42318.8828125,768,768
t5-base,identity,transformer.encoder.block.9.layer.0.SelfAttention.o.weight,57,cosine_similarity,0.09635954350233078,768,768
t5-base,actmat,transformer.encoder.block.9.layer.1.DenseReluDense.wi.weight,58,rm_loss,62639.9375,768,3072
t5-base,actmat,transformer.encoder.block.9.layer.1.DenseReluDense.wi.weight,58,cosine_similarity,0.3660433888435364,768,3072
t5-base,actmat-identity-inv,transformer.encoder.block.9.layer.1.DenseReluDense.wi.weight,58,rm_loss,93448.53125,768,3072
t5-base,regmean,transformer.encoder.block.9.layer.1.DenseReluDense.wi.weight,58,rm_loss,10202.0625,768,3072
t5-base,identity,transformer.encoder.block.9.layer.1.DenseReluDense.wi.weight,58,rm_loss,90256.6640625,768,3072
t5-base,identity,transformer.encoder.block.9.layer.1.DenseReluDense.wi.weight,58,cosine_similarity,0.07906868308782578,768,3072
t5-base,actmat,transformer.encoder.block.9.layer.1.DenseReluDense.wo.weight,59,rm_loss,125742.96875,3072,768
t5-base,actmat,transformer.encoder.block.9.layer.1.DenseReluDense.wo.weight,59,cosine_similarity,0.08259990811347961,3072,768
t5-base,actmat-identity-inv,transformer.encoder.block.9.layer.1.DenseReluDense.wo.weight,59,rm_loss,82935.4140625,3072,768
t5-base,regmean,transformer.encoder.block.9.layer.1.DenseReluDense.wo.weight,59,rm_loss,26100.5,3072,768
t5-base,identity,transformer.encoder.block.9.layer.1.DenseReluDense.wo.weight,59,rm_loss,65572.2421875,3072,768
t5-base,identity,transformer.encoder.block.9.layer.1.DenseReluDense.wo.weight,59,cosine_similarity,0.0573410727083683,3072,768
t5-base,actmat,transformer.encoder.block.10.layer.0.SelfAttention.q.weight,60,rm_loss,143.28152465820312,768,768
t5-base,actmat,transformer.encoder.block.10.layer.0.SelfAttention.q.weight,60,cosine_similarity,0.4600001275539398,768,768
t5-base,actmat-identity-inv,transformer.encoder.block.10.layer.0.SelfAttention.q.weight,60,rm_loss,248.5067138671875,768,768
t5-base,regmean,transformer.encoder.block.10.layer.0.SelfAttention.q.weight,60,rm_loss,31.75390625,768,768
t5-base,identity,transformer.encoder.block.10.layer.0.SelfAttention.q.weight,60,rm_loss,199.24371337890625,768,768
t5-base,identity,transformer.encoder.block.10.layer.0.SelfAttention.q.weight,60,cosine_similarity,0.1743326336145401,768,768
t5-base,actmat,transformer.encoder.block.10.layer.0.SelfAttention.k.weight,61,rm_loss,161.57916259765625,768,768
t5-base,actmat,transformer.encoder.block.10.layer.0.SelfAttention.k.weight,61,cosine_similarity,0.3990769684314728,768,768
t5-base,actmat-identity-inv,transformer.encoder.block.10.layer.0.SelfAttention.k.weight,61,rm_loss,222.25680541992188,768,768
t5-base,regmean,transformer.encoder.block.10.layer.0.SelfAttention.k.weight,61,rm_loss,38.66717529296875,768,768
t5-base,identity,transformer.encoder.block.10.layer.0.SelfAttention.k.weight,61,rm_loss,173.60330200195312,768,768
t5-base,identity,transformer.encoder.block.10.layer.0.SelfAttention.k.weight,61,cosine_similarity,0.1743326336145401,768,768
t5-base,actmat,transformer.encoder.block.10.layer.0.SelfAttention.v.weight,62,rm_loss,154.5771484375,768,768
t5-base,actmat,transformer.encoder.block.10.layer.0.SelfAttention.v.weight,62,cosine_similarity,0.46019041538238525,768,768
t5-base,actmat-identity-inv,transformer.encoder.block.10.layer.0.SelfAttention.v.weight,62,rm_loss,308.9998779296875,768,768
t5-base,regmean,transformer.encoder.block.10.layer.0.SelfAttention.v.weight,62,rm_loss,33.70440673828125,768,768
t5-base,identity,transformer.encoder.block.10.layer.0.SelfAttention.v.weight,62,rm_loss,237.03607177734375,768,768
t5-base,identity,transformer.encoder.block.10.layer.0.SelfAttention.v.weight,62,cosine_similarity,0.1743326336145401,768,768
t5-base,actmat,transformer.encoder.block.10.layer.0.SelfAttention.o.weight,63,rm_loss,13388.90625,768,768
t5-base,actmat,transformer.encoder.block.10.layer.0.SelfAttention.o.weight,63,cosine_similarity,0.3679943382740021,768,768
t5-base,actmat-identity-inv,transformer.encoder.block.10.layer.0.SelfAttention.o.weight,63,rm_loss,56844.0390625,768,768
t5-base,regmean,transformer.encoder.block.10.layer.0.SelfAttention.o.weight,63,rm_loss,2124.390625,768,768
t5-base,identity,transformer.encoder.block.10.layer.0.SelfAttention.o.weight,63,rm_loss,44899.90625,768,768
t5-base,identity,transformer.encoder.block.10.layer.0.SelfAttention.o.weight,63,cosine_similarity,0.11120637506246567,768,768
t5-base,actmat,transformer.encoder.block.10.layer.1.DenseReluDense.wi.weight,64,rm_loss,73949.4375,768,3072
t5-base,actmat,transformer.encoder.block.10.layer.1.DenseReluDense.wi.weight,64,cosine_similarity,0.34055930376052856,768,3072
t5-base,actmat-identity-inv,transformer.encoder.block.10.layer.1.DenseReluDense.wi.weight,64,rm_loss,101354.046875,768,3072
t5-base,regmean,transformer.encoder.block.10.layer.1.DenseReluDense.wi.weight,64,rm_loss,10351.703125,768,3072
t5-base,identity,transformer.encoder.block.10.layer.1.DenseReluDense.wi.weight,64,rm_loss,97282.59375,768,3072
t5-base,identity,transformer.encoder.block.10.layer.1.DenseReluDense.wi.weight,64,cosine_similarity,0.078221395611763,768,3072
t5-base,actmat,transformer.encoder.block.10.layer.1.DenseReluDense.wo.weight,65,rm_loss,253467.046875,3072,768
t5-base,actmat,transformer.encoder.block.10.layer.1.DenseReluDense.wo.weight,65,cosine_similarity,0.04633660987019539,3072,768
t5-base,actmat-identity-inv,transformer.encoder.block.10.layer.1.DenseReluDense.wo.weight,65,rm_loss,134788.71875,3072,768
t5-base,regmean,transformer.encoder.block.10.layer.1.DenseReluDense.wo.weight,65,rm_loss,39051.125,3072,768
t5-base,identity,transformer.encoder.block.10.layer.1.DenseReluDense.wo.weight,65,rm_loss,117583.5234375,3072,768
t5-base,identity,transformer.encoder.block.10.layer.1.DenseReluDense.wo.weight,65,cosine_similarity,0.04288136586546898,3072,768
t5-base,actmat,transformer.encoder.block.11.layer.0.SelfAttention.q.weight,66,rm_loss,102.32839965820312,768,768
t5-base,actmat,transformer.encoder.block.11.layer.0.SelfAttention.q.weight,66,cosine_similarity,0.3677268326282501,768,768
t5-base,actmat-identity-inv,transformer.encoder.block.11.layer.0.SelfAttention.q.weight,66,rm_loss,171.81556701660156,768,768
t5-base,regmean,transformer.encoder.block.11.layer.0.SelfAttention.q.weight,66,rm_loss,20.348052978515625,768,768
t5-base,identity,transformer.encoder.block.11.layer.0.SelfAttention.q.weight,66,rm_loss,132.11578369140625,768,768
t5-base,identity,transformer.encoder.block.11.layer.0.SelfAttention.q.weight,66,cosine_similarity,0.1723545640707016,768,768
t5-base,actmat,transformer.encoder.block.11.layer.0.SelfAttention.k.weight,67,rm_loss,138.99285888671875,768,768
t5-base,actmat,transformer.encoder.block.11.layer.0.SelfAttention.k.weight,67,cosine_similarity,0.40265241265296936,768,768
t5-base,actmat-identity-inv,transformer.encoder.block.11.layer.0.SelfAttention.k.weight,67,rm_loss,204.0635528564453,768,768
t5-base,regmean,transformer.encoder.block.11.layer.0.SelfAttention.k.weight,67,rm_loss,29.057830810546875,768,768
t5-base,identity,transformer.encoder.block.11.layer.0.SelfAttention.k.weight,67,rm_loss,161.81675720214844,768,768
t5-base,identity,transformer.encoder.block.11.layer.0.SelfAttention.k.weight,67,cosine_similarity,0.1723545640707016,768,768
t5-base,actmat,transformer.encoder.block.11.layer.0.SelfAttention.v.weight,68,rm_loss,145.2244873046875,768,768
t5-base,actmat,transformer.encoder.block.11.layer.0.SelfAttention.v.weight,68,cosine_similarity,0.43336495757102966,768,768
t5-base,actmat-identity-inv,transformer.encoder.block.11.layer.0.SelfAttention.v.weight,68,rm_loss,260.78826904296875,768,768
t5-base,regmean,transformer.encoder.block.11.layer.0.SelfAttention.v.weight,68,rm_loss,25.053955078125,768,768
t5-base,identity,transformer.encoder.block.11.layer.0.SelfAttention.v.weight,68,rm_loss,198.88722229003906,768,768
t5-base,identity,transformer.encoder.block.11.layer.0.SelfAttention.v.weight,68,cosine_similarity,0.1723545640707016,768,768
t5-base,actmat,transformer.encoder.block.11.layer.0.SelfAttention.o.weight,69,rm_loss,15373.421875,768,768
t5-base,actmat,transformer.encoder.block.11.layer.0.SelfAttention.o.weight,69,cosine_similarity,0.3197355270385742,768,768
t5-base,actmat-identity-inv,transformer.encoder.block.11.layer.0.SelfAttention.o.weight,69,rm_loss,57205.66796875,768,768
t5-base,regmean,transformer.encoder.block.11.layer.0.SelfAttention.o.weight,69,rm_loss,1812.0,768,768
t5-base,identity,transformer.encoder.block.11.layer.0.SelfAttention.o.weight,69,rm_loss,45492.328125,768,768
t5-base,identity,transformer.encoder.block.11.layer.0.SelfAttention.o.weight,69,cosine_similarity,0.09221736341714859,768,768
t5-base,actmat,transformer.encoder.block.11.layer.1.DenseReluDense.wi.weight,70,rm_loss,29683.140625,768,3072
t5-base,actmat,transformer.encoder.block.11.layer.1.DenseReluDense.wi.weight,70,cosine_similarity,0.306918740272522,768,3072
t5-base,actmat-identity-inv,transformer.encoder.block.11.layer.1.DenseReluDense.wi.weight,70,rm_loss,38211.6484375,768,3072
t5-base,regmean,transformer.encoder.block.11.layer.1.DenseReluDense.wi.weight,70,rm_loss,4628.328125,768,3072
t5-base,identity,transformer.encoder.block.11.layer.1.DenseReluDense.wi.weight,70,rm_loss,34839.8359375,768,3072
t5-base,identity,transformer.encoder.block.11.layer.1.DenseReluDense.wi.weight,70,cosine_similarity,0.08801184594631195,768,3072
t5-base,actmat,transformer.encoder.block.11.layer.1.DenseReluDense.wo.weight,71,rm_loss,1122255.5,3072,768
t5-base,actmat,transformer.encoder.block.11.layer.1.DenseReluDense.wo.weight,71,cosine_similarity,0.04181230440735817,3072,768
t5-base,actmat-identity-inv,transformer.encoder.block.11.layer.1.DenseReluDense.wo.weight,71,rm_loss,675609.5625,3072,768
t5-base,regmean,transformer.encoder.block.11.layer.1.DenseReluDense.wo.weight,71,rm_loss,90253.5,3072,768
t5-base,identity,transformer.encoder.block.11.layer.1.DenseReluDense.wo.weight,71,rm_loss,480382.25,3072,768
t5-base,identity,transformer.encoder.block.11.layer.1.DenseReluDense.wo.weight,71,cosine_similarity,0.03773234039545059,3072,768
t5-base,actmat,transformer.decoder.block.0.layer.0.SelfAttention.q.weight,72,rm_loss,5.845001220703125,768,768
t5-base,actmat,transformer.decoder.block.0.layer.0.SelfAttention.q.weight,72,cosine_similarity,0.5806371569633484,768,768
t5-base,actmat-identity-inv,transformer.decoder.block.0.layer.0.SelfAttention.q.weight,72,rm_loss,7.846960067749023,768,768
t5-base,regmean,transformer.decoder.block.0.layer.0.SelfAttention.q.weight,72,rm_loss,1.7480888366699219,768,768
t5-base,identity,transformer.decoder.block.0.layer.0.SelfAttention.q.weight,72,rm_loss,5.818439960479736,768,768
t5-base,identity,transformer.decoder.block.0.layer.0.SelfAttention.q.weight,72,cosine_similarity,0.130038782954216,768,768
t5-base,actmat,transformer.decoder.block.0.layer.0.SelfAttention.k.weight,73,rm_loss,7.798770904541016,768,768
t5-base,actmat,transformer.decoder.block.0.layer.0.SelfAttention.k.weight,73,cosine_similarity,0.5713301301002502,768,768
t5-base,actmat-identity-inv,transformer.decoder.block.0.layer.0.SelfAttention.k.weight,73,rm_loss,6.249881267547607,768,768
t5-base,regmean,transformer.decoder.block.0.layer.0.SelfAttention.k.weight,73,rm_loss,1.4476003646850586,768,768
t5-base,identity,transformer.decoder.block.0.layer.0.SelfAttention.k.weight,73,rm_loss,4.359648704528809,768,768
t5-base,identity,transformer.decoder.block.0.layer.0.SelfAttention.k.weight,73,cosine_similarity,0.130038782954216,768,768
t5-base,actmat,transformer.decoder.block.0.layer.0.SelfAttention.v.weight,74,rm_loss,8.82225227355957,768,768
t5-base,actmat,transformer.decoder.block.0.layer.0.SelfAttention.v.weight,74,cosine_similarity,0.24216118454933167,768,768
t5-base,actmat-identity-inv,transformer.decoder.block.0.layer.0.SelfAttention.v.weight,74,rm_loss,3.619588851928711,768,768
t5-base,regmean,transformer.decoder.block.0.layer.0.SelfAttention.v.weight,74,rm_loss,1.0244441032409668,768,768
t5-base,identity,transformer.decoder.block.0.layer.0.SelfAttention.v.weight,74,rm_loss,2.4136922359466553,768,768
t5-base,identity,transformer.decoder.block.0.layer.0.SelfAttention.v.weight,74,cosine_similarity,0.130038782954216,768,768
t5-base,actmat,transformer.decoder.block.0.layer.0.SelfAttention.o.weight,75,rm_loss,785.59326171875,768,768
t5-base,actmat,transformer.decoder.block.0.layer.0.SelfAttention.o.weight,75,cosine_similarity,0.3636627495288849,768,768
t5-base,actmat-identity-inv,transformer.decoder.block.0.layer.0.SelfAttention.o.weight,75,rm_loss,144.18386840820312,768,768
t5-base,regmean,transformer.decoder.block.0.layer.0.SelfAttention.o.weight,75,rm_loss,56.966644287109375,768,768
t5-base,identity,transformer.decoder.block.0.layer.0.SelfAttention.o.weight,75,rm_loss,114.20747375488281,768,768
t5-base,identity,transformer.decoder.block.0.layer.0.SelfAttention.o.weight,75,cosine_similarity,0.11467356979846954,768,768
t5-base,actmat,transformer.decoder.block.0.layer.1.EncDecAttention.q.weight,76,rm_loss,5.592987537384033,768,768
t5-base,actmat,transformer.decoder.block.0.layer.1.EncDecAttention.q.weight,76,cosine_similarity,0.2881580889225006,768,768
t5-base,actmat-identity-inv,transformer.decoder.block.0.layer.1.EncDecAttention.q.weight,76,rm_loss,2.28889799118042,768,768
t5-base,regmean,transformer.decoder.block.0.layer.1.EncDecAttention.q.weight,76,rm_loss,0.6196589469909668,768,768
t5-base,identity,transformer.decoder.block.0.layer.1.EncDecAttention.q.weight,76,rm_loss,1.6954481601715088,768,768
t5-base,identity,transformer.decoder.block.0.layer.1.EncDecAttention.q.weight,76,cosine_similarity,0.0905497819185257,768,768
t5-base,actmat,transformer.decoder.block.0.layer.1.EncDecAttention.k.weight,77,rm_loss,388.7235107421875,768,768
t5-base,actmat,transformer.decoder.block.0.layer.1.EncDecAttention.k.weight,77,cosine_similarity,0.29702630639076233,768,768
t5-base,actmat-identity-inv,transformer.decoder.block.0.layer.1.EncDecAttention.k.weight,77,rm_loss,365.5637512207031,768,768
t5-base,regmean,transformer.decoder.block.0.layer.1.EncDecAttention.k.weight,77,rm_loss,45.1439208984375,768,768
t5-base,identity,transformer.decoder.block.0.layer.1.EncDecAttention.k.weight,77,rm_loss,241.7046356201172,768,768
t5-base,identity,transformer.decoder.block.0.layer.1.EncDecAttention.k.weight,77,cosine_similarity,0.16613732278347015,768,768
t5-base,actmat,transformer.decoder.block.0.layer.1.EncDecAttention.v.weight,78,rm_loss,552.8675537109375,768,768
t5-base,actmat,transformer.decoder.block.0.layer.1.EncDecAttention.v.weight,78,cosine_similarity,0.28869009017944336,768,768
t5-base,actmat-identity-inv,transformer.decoder.block.0.layer.1.EncDecAttention.v.weight,78,rm_loss,533.1524658203125,768,768
t5-base,regmean,transformer.decoder.block.0.layer.1.EncDecAttention.v.weight,78,rm_loss,53.465087890625,768,768
t5-base,identity,transformer.decoder.block.0.layer.1.EncDecAttention.v.weight,78,rm_loss,352.75823974609375,768,768
t5-base,identity,transformer.decoder.block.0.layer.1.EncDecAttention.v.weight,78,cosine_similarity,0.16613732278347015,768,768
t5-base,actmat,transformer.decoder.block.0.layer.1.EncDecAttention.o.weight,79,rm_loss,625.8095703125,768,768
t5-base,actmat,transformer.decoder.block.0.layer.1.EncDecAttention.o.weight,79,cosine_similarity,0.34023982286453247,768,768
t5-base,actmat-identity-inv,transformer.decoder.block.0.layer.1.EncDecAttention.o.weight,79,rm_loss,2600.3056640625,768,768
t5-base,regmean,transformer.decoder.block.0.layer.1.EncDecAttention.o.weight,79,rm_loss,20.70068359375,768,768
t5-base,identity,transformer.decoder.block.0.layer.1.EncDecAttention.o.weight,79,rm_loss,1981.05859375,768,768
t5-base,identity,transformer.decoder.block.0.layer.1.EncDecAttention.o.weight,79,cosine_similarity,0.06507483124732971,768,768
t5-base,actmat,transformer.decoder.block.0.layer.2.DenseReluDense.wi.weight,80,rm_loss,241.1024169921875,768,3072
t5-base,actmat,transformer.decoder.block.0.layer.2.DenseReluDense.wi.weight,80,cosine_similarity,0.40572589635849,768,3072
t5-base,actmat-identity-inv,transformer.decoder.block.0.layer.2.DenseReluDense.wi.weight,80,rm_loss,446.09686279296875,768,3072
t5-base,regmean,transformer.decoder.block.0.layer.2.DenseReluDense.wi.weight,80,rm_loss,32.643798828125,768,3072
t5-base,identity,transformer.decoder.block.0.layer.2.DenseReluDense.wi.weight,80,rm_loss,387.36517333984375,768,3072
t5-base,identity,transformer.decoder.block.0.layer.2.DenseReluDense.wi.weight,80,cosine_similarity,0.08062466979026794,768,3072
t5-base,actmat,transformer.decoder.block.0.layer.2.DenseReluDense.wo.weight,81,rm_loss,22544.38671875,3072,768
t5-base,actmat,transformer.decoder.block.0.layer.2.DenseReluDense.wo.weight,81,cosine_similarity,0.05833107978105545,3072,768
t5-base,actmat-identity-inv,transformer.decoder.block.0.layer.2.DenseReluDense.wo.weight,81,rm_loss,6088.0244140625,3072,768
t5-base,regmean,transformer.decoder.block.0.layer.2.DenseReluDense.wo.weight,81,rm_loss,629.701171875,3072,768
t5-base,identity,transformer.decoder.block.0.layer.2.DenseReluDense.wo.weight,81,rm_loss,4435.99951171875,3072,768
t5-base,identity,transformer.decoder.block.0.layer.2.DenseReluDense.wo.weight,81,cosine_similarity,0.029057089239358902,3072,768
t5-base,actmat,transformer.decoder.block.1.layer.0.SelfAttention.q.weight,82,rm_loss,5.03730583190918,768,768
t5-base,actmat,transformer.decoder.block.1.layer.0.SelfAttention.q.weight,82,cosine_similarity,0.5297399163246155,768,768
t5-base,actmat-identity-inv,transformer.decoder.block.1.layer.0.SelfAttention.q.weight,82,rm_loss,7.762537956237793,768,768
t5-base,regmean,transformer.decoder.block.1.layer.0.SelfAttention.q.weight,82,rm_loss,0.46688365936279297,768,768
t5-base,identity,transformer.decoder.block.1.layer.0.SelfAttention.q.weight,82,rm_loss,5.988886833190918,768,768
t5-base,identity,transformer.decoder.block.1.layer.0.SelfAttention.q.weight,82,cosine_similarity,0.09873871505260468,768,768
t5-base,actmat,transformer.decoder.block.1.layer.0.SelfAttention.k.weight,83,rm_loss,5.567493438720703,768,768
t5-base,actmat,transformer.decoder.block.1.layer.0.SelfAttention.k.weight,83,cosine_similarity,0.4975455403327942,768,768
t5-base,actmat-identity-inv,transformer.decoder.block.1.layer.0.SelfAttention.k.weight,83,rm_loss,6.77928352355957,768,768
t5-base,regmean,transformer.decoder.block.1.layer.0.SelfAttention.k.weight,83,rm_loss,0.47833919525146484,768,768
t5-base,identity,transformer.decoder.block.1.layer.0.SelfAttention.k.weight,83,rm_loss,5.18225622177124,768,768
t5-base,identity,transformer.decoder.block.1.layer.0.SelfAttention.k.weight,83,cosine_similarity,0.09873871505260468,768,768
t5-base,actmat,transformer.decoder.block.1.layer.0.SelfAttention.v.weight,84,rm_loss,6.671413898468018,768,768
t5-base,actmat,transformer.decoder.block.1.layer.0.SelfAttention.v.weight,84,cosine_similarity,0.19340096414089203,768,768
t5-base,actmat-identity-inv,transformer.decoder.block.1.layer.0.SelfAttention.v.weight,84,rm_loss,4.600985527038574,768,768
t5-base,regmean,transformer.decoder.block.1.layer.0.SelfAttention.v.weight,84,rm_loss,0.4022331237792969,768,768
t5-base,identity,transformer.decoder.block.1.layer.0.SelfAttention.v.weight,84,rm_loss,3.2581303119659424,768,768
t5-base,identity,transformer.decoder.block.1.layer.0.SelfAttention.v.weight,84,cosine_similarity,0.09873871505260468,768,768
t5-base,actmat,transformer.decoder.block.1.layer.0.SelfAttention.o.weight,85,rm_loss,324.588623046875,768,768
t5-base,actmat,transformer.decoder.block.1.layer.0.SelfAttention.o.weight,85,cosine_similarity,0.4812963306903839,768,768
t5-base,actmat-identity-inv,transformer.decoder.block.1.layer.0.SelfAttention.o.weight,85,rm_loss,515.48193359375,768,768
t5-base,regmean,transformer.decoder.block.1.layer.0.SelfAttention.o.weight,85,rm_loss,16.4339599609375,768,768
t5-base,identity,transformer.decoder.block.1.layer.0.SelfAttention.o.weight,85,rm_loss,418.0083312988281,768,768
t5-base,identity,transformer.decoder.block.1.layer.0.SelfAttention.o.weight,85,cosine_similarity,0.0672268494963646,768,768
t5-base,actmat,transformer.decoder.block.1.layer.1.EncDecAttention.q.weight,86,rm_loss,1.1833691596984863,768,768
t5-base,actmat,transformer.decoder.block.1.layer.1.EncDecAttention.q.weight,86,cosine_similarity,0.3538379967212677,768,768
t5-base,actmat-identity-inv,transformer.decoder.block.1.layer.1.EncDecAttention.q.weight,86,rm_loss,1.9563968181610107,768,768
t5-base,regmean,transformer.decoder.block.1.layer.1.EncDecAttention.q.weight,86,rm_loss,0.10880851745605469,768,768
t5-base,identity,transformer.decoder.block.1.layer.1.EncDecAttention.q.weight,86,rm_loss,1.407291054725647,768,768
t5-base,identity,transformer.decoder.block.1.layer.1.EncDecAttention.q.weight,86,cosine_similarity,0.08585850149393082,768,768
t5-base,actmat,transformer.decoder.block.1.layer.1.EncDecAttention.k.weight,87,rm_loss,393.66119384765625,768,768
t5-base,actmat,transformer.decoder.block.1.layer.1.EncDecAttention.k.weight,87,cosine_similarity,0.2795196771621704,768,768
t5-base,actmat-identity-inv,transformer.decoder.block.1.layer.1.EncDecAttention.k.weight,87,rm_loss,411.46356201171875,768,768
t5-base,regmean,transformer.decoder.block.1.layer.1.EncDecAttention.k.weight,87,rm_loss,52.116943359375,768,768
t5-base,identity,transformer.decoder.block.1.layer.1.EncDecAttention.k.weight,87,rm_loss,284.02410888671875,768,768
t5-base,identity,transformer.decoder.block.1.layer.1.EncDecAttention.k.weight,87,cosine_similarity,0.16613732278347015,768,768
t5-base,actmat,transformer.decoder.block.1.layer.1.EncDecAttention.v.weight,88,rm_loss,555.3238525390625,768,768
t5-base,actmat,transformer.decoder.block.1.layer.1.EncDecAttention.v.weight,88,cosine_similarity,0.293932169675827,768,768
t5-base,actmat-identity-inv,transformer.decoder.block.1.layer.1.EncDecAttention.v.weight,88,rm_loss,591.5895385742188,768,768
t5-base,regmean,transformer.decoder.block.1.layer.1.EncDecAttention.v.weight,88,rm_loss,63.3685302734375,768,768
t5-base,identity,transformer.decoder.block.1.layer.1.EncDecAttention.v.weight,88,rm_loss,413.5682678222656,768,768
t5-base,identity,transformer.decoder.block.1.layer.1.EncDecAttention.v.weight,88,cosine_similarity,0.16613732278347015,768,768
t5-base,actmat,transformer.decoder.block.1.layer.1.EncDecAttention.o.weight,89,rm_loss,1283.3154296875,768,768
t5-base,actmat,transformer.decoder.block.1.layer.1.EncDecAttention.o.weight,89,cosine_similarity,0.23796269297599792,768,768
t5-base,actmat-identity-inv,transformer.decoder.block.1.layer.1.EncDecAttention.o.weight,89,rm_loss,3225.0703125,768,768
t5-base,regmean,transformer.decoder.block.1.layer.1.EncDecAttention.o.weight,89,rm_loss,67.23388671875,768,768
t5-base,identity,transformer.decoder.block.1.layer.1.EncDecAttention.o.weight,89,rm_loss,2293.76904296875,768,768
t5-base,identity,transformer.decoder.block.1.layer.1.EncDecAttention.o.weight,89,cosine_similarity,0.067864790558815,768,768
t5-base,actmat,transformer.decoder.block.1.layer.2.DenseReluDense.wi.weight,90,rm_loss,428.84912109375,768,3072
t5-base,actmat,transformer.decoder.block.1.layer.2.DenseReluDense.wi.weight,90,cosine_similarity,0.4564479887485504,768,3072
t5-base,actmat-identity-inv,transformer.decoder.block.1.layer.2.DenseReluDense.wi.weight,90,rm_loss,1192.60498046875,768,3072
t5-base,regmean,transformer.decoder.block.1.layer.2.DenseReluDense.wi.weight,90,rm_loss,55.732666015625,768,3072
t5-base,identity,transformer.decoder.block.1.layer.2.DenseReluDense.wi.weight,90,rm_loss,1034.9930419921875,768,3072
t5-base,identity,transformer.decoder.block.1.layer.2.DenseReluDense.wi.weight,90,cosine_similarity,0.06939210742712021,768,3072
t5-base,actmat,transformer.decoder.block.1.layer.2.DenseReluDense.wo.weight,91,rm_loss,18432.33203125,3072,768
t5-base,actmat,transformer.decoder.block.1.layer.2.DenseReluDense.wo.weight,91,cosine_similarity,0.032636333256959915,3072,768
t5-base,actmat-identity-inv,transformer.decoder.block.1.layer.2.DenseReluDense.wo.weight,91,rm_loss,4274.56640625,3072,768
t5-base,regmean,transformer.decoder.block.1.layer.2.DenseReluDense.wo.weight,91,rm_loss,501.21484375,3072,768
t5-base,identity,transformer.decoder.block.1.layer.2.DenseReluDense.wo.weight,91,rm_loss,3376.16064453125,3072,768
t5-base,identity,transformer.decoder.block.1.layer.2.DenseReluDense.wo.weight,91,cosine_similarity,0.026200810447335243,3072,768
t5-base,actmat,transformer.decoder.block.2.layer.0.SelfAttention.q.weight,92,rm_loss,4.253578186035156,768,768
t5-base,actmat,transformer.decoder.block.2.layer.0.SelfAttention.q.weight,92,cosine_similarity,0.5341740846633911,768,768
t5-base,actmat-identity-inv,transformer.decoder.block.2.layer.0.SelfAttention.q.weight,92,rm_loss,11.802669525146484,768,768
t5-base,regmean,transformer.decoder.block.2.layer.0.SelfAttention.q.weight,92,rm_loss,0.4446849822998047,768,768
t5-base,identity,transformer.decoder.block.2.layer.0.SelfAttention.q.weight,92,rm_loss,9.114665985107422,768,768
t5-base,identity,transformer.decoder.block.2.layer.0.SelfAttention.q.weight,92,cosine_similarity,0.07913772761821747,768,768
t5-base,actmat,transformer.decoder.block.2.layer.0.SelfAttention.k.weight,93,rm_loss,3.882213592529297,768,768
t5-base,actmat,transformer.decoder.block.2.layer.0.SelfAttention.k.weight,93,cosine_similarity,0.505535364151001,768,768
t5-base,actmat-identity-inv,transformer.decoder.block.2.layer.0.SelfAttention.k.weight,93,rm_loss,10.280646324157715,768,768
t5-base,regmean,transformer.decoder.block.2.layer.0.SelfAttention.k.weight,93,rm_loss,0.45915794372558594,768,768
t5-base,identity,transformer.decoder.block.2.layer.0.SelfAttention.k.weight,93,rm_loss,7.823901176452637,768,768
t5-base,identity,transformer.decoder.block.2.layer.0.SelfAttention.k.weight,93,cosine_similarity,0.07913772761821747,768,768
t5-base,actmat,transformer.decoder.block.2.layer.0.SelfAttention.v.weight,94,rm_loss,7.197196006774902,768,768
t5-base,actmat,transformer.decoder.block.2.layer.0.SelfAttention.v.weight,94,cosine_similarity,0.16842946410179138,768,768
t5-base,actmat-identity-inv,transformer.decoder.block.2.layer.0.SelfAttention.v.weight,94,rm_loss,6.811141014099121,768,768
t5-base,regmean,transformer.decoder.block.2.layer.0.SelfAttention.v.weight,94,rm_loss,0.4439363479614258,768,768
t5-base,identity,transformer.decoder.block.2.layer.0.SelfAttention.v.weight,94,rm_loss,4.768244743347168,768,768
t5-base,identity,transformer.decoder.block.2.layer.0.SelfAttention.v.weight,94,cosine_similarity,0.07913772761821747,768,768
t5-base,actmat,transformer.decoder.block.2.layer.0.SelfAttention.o.weight,95,rm_loss,334.0211181640625,768,768
t5-base,actmat,transformer.decoder.block.2.layer.0.SelfAttention.o.weight,95,cosine_similarity,0.30145329236984253,768,768
t5-base,actmat-identity-inv,transformer.decoder.block.2.layer.0.SelfAttention.o.weight,95,rm_loss,436.34320068359375,768,768
t5-base,regmean,transformer.decoder.block.2.layer.0.SelfAttention.o.weight,95,rm_loss,16.1435546875,768,768
t5-base,identity,transformer.decoder.block.2.layer.0.SelfAttention.o.weight,95,rm_loss,335.58087158203125,768,768
t5-base,identity,transformer.decoder.block.2.layer.0.SelfAttention.o.weight,95,cosine_similarity,0.07351931929588318,768,768
t5-base,actmat,transformer.decoder.block.2.layer.1.EncDecAttention.q.weight,96,rm_loss,1.2487573623657227,768,768
t5-base,actmat,transformer.decoder.block.2.layer.1.EncDecAttention.q.weight,96,cosine_similarity,0.34021297097206116,768,768
t5-base,actmat-identity-inv,transformer.decoder.block.2.layer.1.EncDecAttention.q.weight,96,rm_loss,2.420692205429077,768,768
t5-base,regmean,transformer.decoder.block.2.layer.1.EncDecAttention.q.weight,96,rm_loss,0.10226821899414062,768,768
t5-base,identity,transformer.decoder.block.2.layer.1.EncDecAttention.q.weight,96,rm_loss,1.8890539407730103,768,768
t5-base,identity,transformer.decoder.block.2.layer.1.EncDecAttention.q.weight,96,cosine_similarity,0.07731547206640244,768,768
t5-base,actmat,transformer.decoder.block.2.layer.1.EncDecAttention.k.weight,97,rm_loss,410.439208984375,768,768
t5-base,actmat,transformer.decoder.block.2.layer.1.EncDecAttention.k.weight,97,cosine_similarity,0.27739542722702026,768,768
t5-base,actmat-identity-inv,transformer.decoder.block.2.layer.1.EncDecAttention.k.weight,97,rm_loss,432.41473388671875,768,768
t5-base,regmean,transformer.decoder.block.2.layer.1.EncDecAttention.k.weight,97,rm_loss,59.472412109375,768,768
t5-base,identity,transformer.decoder.block.2.layer.1.EncDecAttention.k.weight,97,rm_loss,288.8780822753906,768,768
t5-base,identity,transformer.decoder.block.2.layer.1.EncDecAttention.k.weight,97,cosine_similarity,0.16613732278347015,768,768
t5-base,actmat,transformer.decoder.block.2.layer.1.EncDecAttention.v.weight,98,rm_loss,512.149169921875,768,768
t5-base,actmat,transformer.decoder.block.2.layer.1.EncDecAttention.v.weight,98,cosine_similarity,0.29104024171829224,768,768
t5-base,actmat-identity-inv,transformer.decoder.block.2.layer.1.EncDecAttention.v.weight,98,rm_loss,640.5325317382812,768,768
t5-base,regmean,transformer.decoder.block.2.layer.1.EncDecAttention.v.weight,98,rm_loss,70.49609375,768,768
t5-base,identity,transformer.decoder.block.2.layer.1.EncDecAttention.v.weight,98,rm_loss,456.8675842285156,768,768
t5-base,identity,transformer.decoder.block.2.layer.1.EncDecAttention.v.weight,98,cosine_similarity,0.16613732278347015,768,768
t5-base,actmat,transformer.decoder.block.2.layer.1.EncDecAttention.o.weight,99,rm_loss,1760.1494140625,768,768
t5-base,actmat,transformer.decoder.block.2.layer.1.EncDecAttention.o.weight,99,cosine_similarity,0.2711239755153656,768,768
t5-base,actmat-identity-inv,transformer.decoder.block.2.layer.1.EncDecAttention.o.weight,99,rm_loss,5056.376953125,768,768
t5-base,regmean,transformer.decoder.block.2.layer.1.EncDecAttention.o.weight,99,rm_loss,91.580078125,768,768
t5-base,identity,transformer.decoder.block.2.layer.1.EncDecAttention.o.weight,99,rm_loss,3644.5791015625,768,768
t5-base,identity,transformer.decoder.block.2.layer.1.EncDecAttention.o.weight,99,cosine_similarity,0.07013460993766785,768,768
t5-base,actmat,transformer.decoder.block.2.layer.2.DenseReluDense.wi.weight,100,rm_loss,817.62939453125,768,3072
t5-base,actmat,transformer.decoder.block.2.layer.2.DenseReluDense.wi.weight,100,cosine_similarity,0.4487849175930023,768,3072
t5-base,actmat-identity-inv,transformer.decoder.block.2.layer.2.DenseReluDense.wi.weight,100,rm_loss,2624.764404296875,768,3072
t5-base,regmean,transformer.decoder.block.2.layer.2.DenseReluDense.wi.weight,100,rm_loss,112.3720703125,768,3072
t5-base,identity,transformer.decoder.block.2.layer.2.DenseReluDense.wi.weight,100,rm_loss,2311.996826171875,768,3072
t5-base,identity,transformer.decoder.block.2.layer.2.DenseReluDense.wi.weight,100,cosine_similarity,0.06402437388896942,768,3072
t5-base,actmat,transformer.decoder.block.2.layer.2.DenseReluDense.wo.weight,101,rm_loss,7659.193359375,3072,768
t5-base,actmat,transformer.decoder.block.2.layer.2.DenseReluDense.wo.weight,101,cosine_similarity,0.022910598665475845,3072,768
t5-base,actmat-identity-inv,transformer.decoder.block.2.layer.2.DenseReluDense.wo.weight,101,rm_loss,2949.80029296875,3072,768
t5-base,regmean,transformer.decoder.block.2.layer.2.DenseReluDense.wo.weight,101,rm_loss,461.1318359375,3072,768
t5-base,identity,transformer.decoder.block.2.layer.2.DenseReluDense.wo.weight,101,rm_loss,2328.59375,3072,768
t5-base,identity,transformer.decoder.block.2.layer.2.DenseReluDense.wo.weight,101,cosine_similarity,0.026167193427681923,3072,768
t5-base,actmat,transformer.decoder.block.3.layer.0.SelfAttention.q.weight,102,rm_loss,4.400234222412109,768,768
t5-base,actmat,transformer.decoder.block.3.layer.0.SelfAttention.q.weight,102,cosine_similarity,0.5211846828460693,768,768
t5-base,actmat-identity-inv,transformer.decoder.block.3.layer.0.SelfAttention.q.weight,102,rm_loss,16.427995681762695,768,768
t5-base,regmean,transformer.decoder.block.3.layer.0.SelfAttention.q.weight,102,rm_loss,0.44278717041015625,768,768
t5-base,identity,transformer.decoder.block.3.layer.0.SelfAttention.q.weight,102,rm_loss,12.284036636352539,768,768
t5-base,identity,transformer.decoder.block.3.layer.0.SelfAttention.q.weight,102,cosine_similarity,0.07065718621015549,768,768
t5-base,actmat,transformer.decoder.block.3.layer.0.SelfAttention.k.weight,103,rm_loss,4.976963043212891,768,768
t5-base,actmat,transformer.decoder.block.3.layer.0.SelfAttention.k.weight,103,cosine_similarity,0.4987499713897705,768,768
t5-base,actmat-identity-inv,transformer.decoder.block.3.layer.0.SelfAttention.k.weight,103,rm_loss,15.196548461914062,768,768
t5-base,regmean,transformer.decoder.block.3.layer.0.SelfAttention.k.weight,103,rm_loss,0.47829437255859375,768,768
t5-base,identity,transformer.decoder.block.3.layer.0.SelfAttention.k.weight,103,rm_loss,11.291866302490234,768,768
t5-base,identity,transformer.decoder.block.3.layer.0.SelfAttention.k.weight,103,cosine_similarity,0.07065718621015549,768,768
t5-base,actmat,transformer.decoder.block.3.layer.0.SelfAttention.v.weight,104,rm_loss,12.880195617675781,768,768
t5-base,actmat,transformer.decoder.block.3.layer.0.SelfAttention.v.weight,104,cosine_similarity,0.1627688705921173,768,768
t5-base,actmat-identity-inv,transformer.decoder.block.3.layer.0.SelfAttention.v.weight,104,rm_loss,9.300338745117188,768,768
t5-base,regmean,transformer.decoder.block.3.layer.0.SelfAttention.v.weight,104,rm_loss,0.6089324951171875,768,768
t5-base,identity,transformer.decoder.block.3.layer.0.SelfAttention.v.weight,104,rm_loss,6.685127258300781,768,768
t5-base,identity,transformer.decoder.block.3.layer.0.SelfAttention.v.weight,104,cosine_similarity,0.07065718621015549,768,768
t5-base,actmat,transformer.decoder.block.3.layer.0.SelfAttention.o.weight,105,rm_loss,646.8394775390625,768,768
t5-base,actmat,transformer.decoder.block.3.layer.0.SelfAttention.o.weight,105,cosine_similarity,0.2810734808444977,768,768
t5-base,actmat-identity-inv,transformer.decoder.block.3.layer.0.SelfAttention.o.weight,105,rm_loss,732.461181640625,768,768
t5-base,regmean,transformer.decoder.block.3.layer.0.SelfAttention.o.weight,105,rm_loss,24.7716064453125,768,768
t5-base,identity,transformer.decoder.block.3.layer.0.SelfAttention.o.weight,105,rm_loss,580.763671875,768,768
t5-base,identity,transformer.decoder.block.3.layer.0.SelfAttention.o.weight,105,cosine_similarity,0.06453706324100494,768,768
t5-base,actmat,transformer.decoder.block.3.layer.1.EncDecAttention.q.weight,106,rm_loss,1.2085199356079102,768,768
t5-base,actmat,transformer.decoder.block.3.layer.1.EncDecAttention.q.weight,106,cosine_similarity,0.31523799896240234,768,768
t5-base,actmat-identity-inv,transformer.decoder.block.3.layer.1.EncDecAttention.q.weight,106,rm_loss,2.5343215465545654,768,768
t5-base,regmean,transformer.decoder.block.3.layer.1.EncDecAttention.q.weight,106,rm_loss,0.09204673767089844,768,768
t5-base,identity,transformer.decoder.block.3.layer.1.EncDecAttention.q.weight,106,rm_loss,1.9232709407806396,768,768
t5-base,identity,transformer.decoder.block.3.layer.1.EncDecAttention.q.weight,106,cosine_similarity,0.0712573379278183,768,768
t5-base,actmat,transformer.decoder.block.3.layer.1.EncDecAttention.k.weight,107,rm_loss,456.467529296875,768,768
t5-base,actmat,transformer.decoder.block.3.layer.1.EncDecAttention.k.weight,107,cosine_similarity,0.32363349199295044,768,768
t5-base,actmat-identity-inv,transformer.decoder.block.3.layer.1.EncDecAttention.k.weight,107,rm_loss,620.548828125,768,768
t5-base,regmean,transformer.decoder.block.3.layer.1.EncDecAttention.k.weight,107,rm_loss,70.94775390625,768,768
t5-base,identity,transformer.decoder.block.3.layer.1.EncDecAttention.k.weight,107,rm_loss,455.91180419921875,768,768
t5-base,identity,transformer.decoder.block.3.layer.1.EncDecAttention.k.weight,107,cosine_similarity,0.16613732278347015,768,768
t5-base,actmat,transformer.decoder.block.3.layer.1.EncDecAttention.v.weight,108,rm_loss,574.924560546875,768,768
t5-base,actmat,transformer.decoder.block.3.layer.1.EncDecAttention.v.weight,108,cosine_similarity,0.311413437128067,768,768
t5-base,actmat-identity-inv,transformer.decoder.block.3.layer.1.EncDecAttention.v.weight,108,rm_loss,685.4782104492188,768,768
t5-base,regmean,transformer.decoder.block.3.layer.1.EncDecAttention.v.weight,108,rm_loss,68.624267578125,768,768
t5-base,identity,transformer.decoder.block.3.layer.1.EncDecAttention.v.weight,108,rm_loss,499.2139892578125,768,768
t5-base,identity,transformer.decoder.block.3.layer.1.EncDecAttention.v.weight,108,cosine_similarity,0.16613732278347015,768,768
t5-base,actmat,transformer.decoder.block.3.layer.1.EncDecAttention.o.weight,109,rm_loss,1045.3291015625,768,768
t5-base,actmat,transformer.decoder.block.3.layer.1.EncDecAttention.o.weight,109,cosine_similarity,0.2288704365491867,768,768
t5-base,actmat-identity-inv,transformer.decoder.block.3.layer.1.EncDecAttention.o.weight,109,rm_loss,2614.215576171875,768,768
t5-base,regmean,transformer.decoder.block.3.layer.1.EncDecAttention.o.weight,109,rm_loss,46.32763671875,768,768
t5-base,identity,transformer.decoder.block.3.layer.1.EncDecAttention.o.weight,109,rm_loss,1853.5379638671875,768,768
t5-base,identity,transformer.decoder.block.3.layer.1.EncDecAttention.o.weight,109,cosine_similarity,0.07574265450239182,768,768
t5-base,actmat,transformer.decoder.block.3.layer.2.DenseReluDense.wi.weight,110,rm_loss,1774.3095703125,768,3072
t5-base,actmat,transformer.decoder.block.3.layer.2.DenseReluDense.wi.weight,110,cosine_similarity,0.43814828991889954,768,3072
t5-base,actmat-identity-inv,transformer.decoder.block.3.layer.2.DenseReluDense.wi.weight,110,rm_loss,6073.76904296875,768,3072
t5-base,regmean,transformer.decoder.block.3.layer.2.DenseReluDense.wi.weight,110,rm_loss,220.7880859375,768,3072
t5-base,identity,transformer.decoder.block.3.layer.2.DenseReluDense.wi.weight,110,rm_loss,5532.78515625,768,3072
t5-base,identity,transformer.decoder.block.3.layer.2.DenseReluDense.wi.weight,110,cosine_similarity,0.06038966774940491,768,3072
t5-base,actmat,transformer.decoder.block.3.layer.2.DenseReluDense.wo.weight,111,rm_loss,4296.2451171875,3072,768
t5-base,actmat,transformer.decoder.block.3.layer.2.DenseReluDense.wo.weight,111,cosine_similarity,0.06551124900579453,3072,768
t5-base,actmat-identity-inv,transformer.decoder.block.3.layer.2.DenseReluDense.wo.weight,111,rm_loss,3426.7763671875,3072,768
t5-base,regmean,transformer.decoder.block.3.layer.2.DenseReluDense.wo.weight,111,rm_loss,165.84765625,3072,768
t5-base,identity,transformer.decoder.block.3.layer.2.DenseReluDense.wo.weight,111,rm_loss,2638.1669921875,3072,768
t5-base,identity,transformer.decoder.block.3.layer.2.DenseReluDense.wo.weight,111,cosine_similarity,0.03676054626703262,3072,768
t5-base,actmat,transformer.decoder.block.4.layer.0.SelfAttention.q.weight,112,rm_loss,4.996883392333984,768,768
t5-base,actmat,transformer.decoder.block.4.layer.0.SelfAttention.q.weight,112,cosine_similarity,0.5630010366439819,768,768
t5-base,actmat-identity-inv,transformer.decoder.block.4.layer.0.SelfAttention.q.weight,112,rm_loss,22.853105545043945,768,768
t5-base,regmean,transformer.decoder.block.4.layer.0.SelfAttention.q.weight,112,rm_loss,0.4498748779296875,768,768
t5-base,identity,transformer.decoder.block.4.layer.0.SelfAttention.q.weight,112,rm_loss,16.65896987915039,768,768
t5-base,identity,transformer.decoder.block.4.layer.0.SelfAttention.q.weight,112,cosine_similarity,0.06547556072473526,768,768
t5-base,actmat,transformer.decoder.block.4.layer.0.SelfAttention.k.weight,113,rm_loss,5.724395751953125,768,768
t5-base,actmat,transformer.decoder.block.4.layer.0.SelfAttention.k.weight,113,cosine_similarity,0.5225817561149597,768,768
t5-base,actmat-identity-inv,transformer.decoder.block.4.layer.0.SelfAttention.k.weight,113,rm_loss,20.302690505981445,768,768
t5-base,regmean,transformer.decoder.block.4.layer.0.SelfAttention.k.weight,113,rm_loss,0.47388458251953125,768,768
t5-base,identity,transformer.decoder.block.4.layer.0.SelfAttention.k.weight,113,rm_loss,14.7579345703125,768,768
t5-base,identity,transformer.decoder.block.4.layer.0.SelfAttention.k.weight,113,cosine_similarity,0.06547556072473526,768,768
t5-base,actmat,transformer.decoder.block.4.layer.0.SelfAttention.v.weight,114,rm_loss,12.775838851928711,768,768
t5-base,actmat,transformer.decoder.block.4.layer.0.SelfAttention.v.weight,114,cosine_similarity,0.2063279002904892,768,768
t5-base,actmat-identity-inv,transformer.decoder.block.4.layer.0.SelfAttention.v.weight,114,rm_loss,14.193994522094727,768,768
t5-base,regmean,transformer.decoder.block.4.layer.0.SelfAttention.v.weight,114,rm_loss,0.5907249450683594,768,768
t5-base,identity,transformer.decoder.block.4.layer.0.SelfAttention.v.weight,114,rm_loss,9.881463050842285,768,768
t5-base,identity,transformer.decoder.block.4.layer.0.SelfAttention.v.weight,114,cosine_similarity,0.06547556072473526,768,768
t5-base,actmat,transformer.decoder.block.4.layer.0.SelfAttention.o.weight,115,rm_loss,590.471435546875,768,768
t5-base,actmat,transformer.decoder.block.4.layer.0.SelfAttention.o.weight,115,cosine_similarity,0.21876733005046844,768,768
t5-base,actmat-identity-inv,transformer.decoder.block.4.layer.0.SelfAttention.o.weight,115,rm_loss,889.4545288085938,768,768
t5-base,regmean,transformer.decoder.block.4.layer.0.SelfAttention.o.weight,115,rm_loss,21.21337890625,768,768
t5-base,identity,transformer.decoder.block.4.layer.0.SelfAttention.o.weight,115,rm_loss,669.3194580078125,768,768
t5-base,identity,transformer.decoder.block.4.layer.0.SelfAttention.o.weight,115,cosine_similarity,0.06308402121067047,768,768
t5-base,actmat,transformer.decoder.block.4.layer.1.EncDecAttention.q.weight,116,rm_loss,1.6063332557678223,768,768
t5-base,actmat,transformer.decoder.block.4.layer.1.EncDecAttention.q.weight,116,cosine_similarity,0.3593830168247223,768,768
t5-base,actmat-identity-inv,transformer.decoder.block.4.layer.1.EncDecAttention.q.weight,116,rm_loss,3.903625965118408,768,768
t5-base,regmean,transformer.decoder.block.4.layer.1.EncDecAttention.q.weight,116,rm_loss,0.1135416030883789,768,768
t5-base,identity,transformer.decoder.block.4.layer.1.EncDecAttention.q.weight,116,rm_loss,3.047499656677246,768,768
t5-base,identity,transformer.decoder.block.4.layer.1.EncDecAttention.q.weight,116,cosine_similarity,0.07094058394432068,768,768
t5-base,actmat,transformer.decoder.block.4.layer.1.EncDecAttention.k.weight,117,rm_loss,530.5026245117188,768,768
t5-base,actmat,transformer.decoder.block.4.layer.1.EncDecAttention.k.weight,117,cosine_similarity,0.2650824189186096,768,768
t5-base,actmat-identity-inv,transformer.decoder.block.4.layer.1.EncDecAttention.k.weight,117,rm_loss,529.1561279296875,768,768
t5-base,regmean,transformer.decoder.block.4.layer.1.EncDecAttention.k.weight,117,rm_loss,77.111083984375,768,768
t5-base,identity,transformer.decoder.block.4.layer.1.EncDecAttention.k.weight,117,rm_loss,382.734130859375,768,768
t5-base,identity,transformer.decoder.block.4.layer.1.EncDecAttention.k.weight,117,cosine_similarity,0.16613732278347015,768,768
t5-base,actmat,transformer.decoder.block.4.layer.1.EncDecAttention.v.weight,118,rm_loss,652.11572265625,768,768
t5-base,actmat,transformer.decoder.block.4.layer.1.EncDecAttention.v.weight,118,cosine_similarity,0.291653573513031,768,768
t5-base,actmat-identity-inv,transformer.decoder.block.4.layer.1.EncDecAttention.v.weight,118,rm_loss,812.7881469726562,768,768
t5-base,regmean,transformer.decoder.block.4.layer.1.EncDecAttention.v.weight,118,rm_loss,90.596923828125,768,768
t5-base,identity,transformer.decoder.block.4.layer.1.EncDecAttention.v.weight,118,rm_loss,607.8189697265625,768,768
t5-base,identity,transformer.decoder.block.4.layer.1.EncDecAttention.v.weight,118,cosine_similarity,0.16613732278347015,768,768
t5-base,actmat,transformer.decoder.block.4.layer.1.EncDecAttention.o.weight,119,rm_loss,1573.326171875,768,768
t5-base,actmat,transformer.decoder.block.4.layer.1.EncDecAttention.o.weight,119,cosine_similarity,0.28122204542160034,768,768
t5-base,actmat-identity-inv,transformer.decoder.block.4.layer.1.EncDecAttention.o.weight,119,rm_loss,4841.9697265625,768,768
t5-base,regmean,transformer.decoder.block.4.layer.1.EncDecAttention.o.weight,119,rm_loss,87.9873046875,768,768
t5-base,identity,transformer.decoder.block.4.layer.1.EncDecAttention.o.weight,119,rm_loss,3471.3408203125,768,768
t5-base,identity,transformer.decoder.block.4.layer.1.EncDecAttention.o.weight,119,cosine_similarity,0.077372707426548,768,768
t5-base,actmat,transformer.decoder.block.4.layer.2.DenseReluDense.wi.weight,120,rm_loss,2431.84375,768,3072
t5-base,actmat,transformer.decoder.block.4.layer.2.DenseReluDense.wi.weight,120,cosine_similarity,0.3783988058567047,768,3072
t5-base,actmat-identity-inv,transformer.decoder.block.4.layer.2.DenseReluDense.wi.weight,120,rm_loss,8744.779296875,768,3072
t5-base,regmean,transformer.decoder.block.4.layer.2.DenseReluDense.wi.weight,120,rm_loss,289.755859375,768,3072
t5-base,identity,transformer.decoder.block.4.layer.2.DenseReluDense.wi.weight,120,rm_loss,7934.611328125,768,3072
t5-base,identity,transformer.decoder.block.4.layer.2.DenseReluDense.wi.weight,120,cosine_similarity,0.058056749403476715,768,3072
t5-base,actmat,transformer.decoder.block.4.layer.2.DenseReluDense.wo.weight,121,rm_loss,5825.220703125,3072,768
t5-base,actmat,transformer.decoder.block.4.layer.2.DenseReluDense.wo.weight,121,cosine_similarity,0.06284186989068985,3072,768
t5-base,actmat-identity-inv,transformer.decoder.block.4.layer.2.DenseReluDense.wo.weight,121,rm_loss,4294.51123046875,3072,768
t5-base,regmean,transformer.decoder.block.4.layer.2.DenseReluDense.wo.weight,121,rm_loss,224.6171875,3072,768
t5-base,identity,transformer.decoder.block.4.layer.2.DenseReluDense.wo.weight,121,rm_loss,3503.9140625,3072,768
t5-base,identity,transformer.decoder.block.4.layer.2.DenseReluDense.wo.weight,121,cosine_similarity,0.036536335945129395,3072,768
t5-base,actmat,transformer.decoder.block.5.layer.0.SelfAttention.q.weight,122,rm_loss,5.902275085449219,768,768
t5-base,actmat,transformer.decoder.block.5.layer.0.SelfAttention.q.weight,122,cosine_similarity,0.4830961525440216,768,768
t5-base,actmat-identity-inv,transformer.decoder.block.5.layer.0.SelfAttention.q.weight,122,rm_loss,21.486562728881836,768,768
t5-base,regmean,transformer.decoder.block.5.layer.0.SelfAttention.q.weight,122,rm_loss,0.42658233642578125,768,768
t5-base,identity,transformer.decoder.block.5.layer.0.SelfAttention.q.weight,122,rm_loss,15.801544189453125,768,768
t5-base,identity,transformer.decoder.block.5.layer.0.SelfAttention.q.weight,122,cosine_similarity,0.06299695372581482,768,768
t5-base,actmat,transformer.decoder.block.5.layer.0.SelfAttention.k.weight,123,rm_loss,6.2989654541015625,768,768
t5-base,actmat,transformer.decoder.block.5.layer.0.SelfAttention.k.weight,123,cosine_similarity,0.4737831652164459,768,768
t5-base,actmat-identity-inv,transformer.decoder.block.5.layer.0.SelfAttention.k.weight,123,rm_loss,20.682859420776367,768,768
t5-base,regmean,transformer.decoder.block.5.layer.0.SelfAttention.k.weight,123,rm_loss,0.46482086181640625,768,768
t5-base,identity,transformer.decoder.block.5.layer.0.SelfAttention.k.weight,123,rm_loss,15.388164520263672,768,768
t5-base,identity,transformer.decoder.block.5.layer.0.SelfAttention.k.weight,123,cosine_similarity,0.06299695372581482,768,768
t5-base,actmat,transformer.decoder.block.5.layer.0.SelfAttention.v.weight,124,rm_loss,12.188024520874023,768,768
t5-base,actmat,transformer.decoder.block.5.layer.0.SelfAttention.v.weight,124,cosine_similarity,0.1511564701795578,768,768
t5-base,actmat-identity-inv,transformer.decoder.block.5.layer.0.SelfAttention.v.weight,124,rm_loss,13.283337593078613,768,768
t5-base,regmean,transformer.decoder.block.5.layer.0.SelfAttention.v.weight,124,rm_loss,0.47875022888183594,768,768
t5-base,identity,transformer.decoder.block.5.layer.0.SelfAttention.v.weight,124,rm_loss,9.324712753295898,768,768
t5-base,identity,transformer.decoder.block.5.layer.0.SelfAttention.v.weight,124,cosine_similarity,0.06299695372581482,768,768
t5-base,actmat,transformer.decoder.block.5.layer.0.SelfAttention.o.weight,125,rm_loss,630.982666015625,768,768
t5-base,actmat,transformer.decoder.block.5.layer.0.SelfAttention.o.weight,125,cosine_similarity,0.26277655363082886,768,768
t5-base,actmat-identity-inv,transformer.decoder.block.5.layer.0.SelfAttention.o.weight,125,rm_loss,1330.136962890625,768,768
t5-base,regmean,transformer.decoder.block.5.layer.0.SelfAttention.o.weight,125,rm_loss,28.020263671875,768,768
t5-base,identity,transformer.decoder.block.5.layer.0.SelfAttention.o.weight,125,rm_loss,1038.075927734375,768,768
t5-base,identity,transformer.decoder.block.5.layer.0.SelfAttention.o.weight,125,cosine_similarity,0.0604122057557106,768,768
t5-base,actmat,transformer.decoder.block.5.layer.1.EncDecAttention.q.weight,126,rm_loss,1.2320680618286133,768,768
t5-base,actmat,transformer.decoder.block.5.layer.1.EncDecAttention.q.weight,126,cosine_similarity,0.29059165716171265,768,768
t5-base,actmat-identity-inv,transformer.decoder.block.5.layer.1.EncDecAttention.q.weight,126,rm_loss,2.8275022506713867,768,768
t5-base,regmean,transformer.decoder.block.5.layer.1.EncDecAttention.q.weight,126,rm_loss,0.06654596328735352,768,768
t5-base,identity,transformer.decoder.block.5.layer.1.EncDecAttention.q.weight,126,rm_loss,2.3048176765441895,768,768
t5-base,identity,transformer.decoder.block.5.layer.1.EncDecAttention.q.weight,126,cosine_similarity,0.0673350840806961,768,768
t5-base,actmat,transformer.decoder.block.5.layer.1.EncDecAttention.k.weight,127,rm_loss,903.3798828125,768,768
t5-base,actmat,transformer.decoder.block.5.layer.1.EncDecAttention.k.weight,127,cosine_similarity,0.2789556086063385,768,768
t5-base,actmat-identity-inv,transformer.decoder.block.5.layer.1.EncDecAttention.k.weight,127,rm_loss,875.840576171875,768,768
t5-base,regmean,transformer.decoder.block.5.layer.1.EncDecAttention.k.weight,127,rm_loss,137.065673828125,768,768
t5-base,identity,transformer.decoder.block.5.layer.1.EncDecAttention.k.weight,127,rm_loss,694.1442260742188,768,768
t5-base,identity,transformer.decoder.block.5.layer.1.EncDecAttention.k.weight,127,cosine_similarity,0.16613732278347015,768,768
t5-base,actmat,transformer.decoder.block.5.layer.1.EncDecAttention.v.weight,128,rm_loss,785.98681640625,768,768
t5-base,actmat,transformer.decoder.block.5.layer.1.EncDecAttention.v.weight,128,cosine_similarity,0.2927076816558838,768,768
t5-base,actmat-identity-inv,transformer.decoder.block.5.layer.1.EncDecAttention.v.weight,128,rm_loss,1023.1533203125,768,768
t5-base,regmean,transformer.decoder.block.5.layer.1.EncDecAttention.v.weight,128,rm_loss,116.706298828125,768,768
t5-base,identity,transformer.decoder.block.5.layer.1.EncDecAttention.v.weight,128,rm_loss,785.853759765625,768,768
t5-base,identity,transformer.decoder.block.5.layer.1.EncDecAttention.v.weight,128,cosine_similarity,0.16613732278347015,768,768
t5-base,actmat,transformer.decoder.block.5.layer.1.EncDecAttention.o.weight,129,rm_loss,2570.625,768,768
t5-base,actmat,transformer.decoder.block.5.layer.1.EncDecAttention.o.weight,129,cosine_similarity,0.28188854455947876,768,768
t5-base,actmat-identity-inv,transformer.decoder.block.5.layer.1.EncDecAttention.o.weight,129,rm_loss,5817.203125,768,768
t5-base,regmean,transformer.decoder.block.5.layer.1.EncDecAttention.o.weight,129,rm_loss,120.564453125,768,768
t5-base,identity,transformer.decoder.block.5.layer.1.EncDecAttention.o.weight,129,rm_loss,4480.4638671875,768,768
t5-base,identity,transformer.decoder.block.5.layer.1.EncDecAttention.o.weight,129,cosine_similarity,0.08050684630870819,768,768
t5-base,actmat,transformer.decoder.block.5.layer.2.DenseReluDense.wi.weight,130,rm_loss,3560.267578125,768,3072
t5-base,actmat,transformer.decoder.block.5.layer.2.DenseReluDense.wi.weight,130,cosine_similarity,0.3144063651561737,768,3072
t5-base,actmat-identity-inv,transformer.decoder.block.5.layer.2.DenseReluDense.wi.weight,130,rm_loss,10600.0361328125,768,3072
t5-base,regmean,transformer.decoder.block.5.layer.2.DenseReluDense.wi.weight,130,rm_loss,376.19140625,768,3072
t5-base,identity,transformer.decoder.block.5.layer.2.DenseReluDense.wi.weight,130,rm_loss,9421.7412109375,768,3072
t5-base,identity,transformer.decoder.block.5.layer.2.DenseReluDense.wi.weight,130,cosine_similarity,0.05750425532460213,768,3072
t5-base,actmat,transformer.decoder.block.5.layer.2.DenseReluDense.wo.weight,131,rm_loss,13123.400390625,3072,768
t5-base,actmat,transformer.decoder.block.5.layer.2.DenseReluDense.wo.weight,131,cosine_similarity,0.07115121930837631,3072,768
t5-base,actmat-identity-inv,transformer.decoder.block.5.layer.2.DenseReluDense.wo.weight,131,rm_loss,7290.52001953125,3072,768
t5-base,regmean,transformer.decoder.block.5.layer.2.DenseReluDense.wo.weight,131,rm_loss,296.578125,3072,768
t5-base,identity,transformer.decoder.block.5.layer.2.DenseReluDense.wo.weight,131,rm_loss,5917.16796875,3072,768
t5-base,identity,transformer.decoder.block.5.layer.2.DenseReluDense.wo.weight,131,cosine_similarity,0.036723870784044266,3072,768
t5-base,actmat,transformer.decoder.block.6.layer.0.SelfAttention.q.weight,132,rm_loss,6.629673004150391,768,768
t5-base,actmat,transformer.decoder.block.6.layer.0.SelfAttention.q.weight,132,cosine_similarity,0.4490423798561096,768,768
t5-base,actmat-identity-inv,transformer.decoder.block.6.layer.0.SelfAttention.q.weight,132,rm_loss,27.419151306152344,768,768
t5-base,regmean,transformer.decoder.block.6.layer.0.SelfAttention.q.weight,132,rm_loss,0.48207855224609375,768,768
t5-base,identity,transformer.decoder.block.6.layer.0.SelfAttention.q.weight,132,rm_loss,20.914701461791992,768,768
t5-base,identity,transformer.decoder.block.6.layer.0.SelfAttention.q.weight,132,cosine_similarity,0.06197827309370041,768,768
t5-base,actmat,transformer.decoder.block.6.layer.0.SelfAttention.k.weight,133,rm_loss,10.185070037841797,768,768
t5-base,actmat,transformer.decoder.block.6.layer.0.SelfAttention.k.weight,133,cosine_similarity,0.4447071850299835,768,768
t5-base,actmat-identity-inv,transformer.decoder.block.6.layer.0.SelfAttention.k.weight,133,rm_loss,26.73114585876465,768,768
t5-base,regmean,transformer.decoder.block.6.layer.0.SelfAttention.k.weight,133,rm_loss,0.57666015625,768,768
t5-base,identity,transformer.decoder.block.6.layer.0.SelfAttention.k.weight,133,rm_loss,20.544445037841797,768,768
t5-base,identity,transformer.decoder.block.6.layer.0.SelfAttention.k.weight,133,cosine_similarity,0.06197827309370041,768,768
t5-base,actmat,transformer.decoder.block.6.layer.0.SelfAttention.v.weight,134,rm_loss,13.300254821777344,768,768
t5-base,actmat,transformer.decoder.block.6.layer.0.SelfAttention.v.weight,134,cosine_similarity,0.12069982290267944,768,768
t5-base,actmat-identity-inv,transformer.decoder.block.6.layer.0.SelfAttention.v.weight,134,rm_loss,15.225293159484863,768,768
t5-base,regmean,transformer.decoder.block.6.layer.0.SelfAttention.v.weight,134,rm_loss,0.569549560546875,768,768
t5-base,identity,transformer.decoder.block.6.layer.0.SelfAttention.v.weight,134,rm_loss,11.10483169555664,768,768
t5-base,identity,transformer.decoder.block.6.layer.0.SelfAttention.v.weight,134,cosine_similarity,0.06197827309370041,768,768
t5-base,actmat,transformer.decoder.block.6.layer.0.SelfAttention.o.weight,135,rm_loss,454.189697265625,768,768
t5-base,actmat,transformer.decoder.block.6.layer.0.SelfAttention.o.weight,135,cosine_similarity,0.3477546274662018,768,768
t5-base,actmat-identity-inv,transformer.decoder.block.6.layer.0.SelfAttention.o.weight,135,rm_loss,1265.980224609375,768,768
t5-base,regmean,transformer.decoder.block.6.layer.0.SelfAttention.o.weight,135,rm_loss,18.353515625,768,768
t5-base,identity,transformer.decoder.block.6.layer.0.SelfAttention.o.weight,135,rm_loss,1033.620849609375,768,768
t5-base,identity,transformer.decoder.block.6.layer.0.SelfAttention.o.weight,135,cosine_similarity,0.060914307832717896,768,768
t5-base,actmat,transformer.decoder.block.6.layer.1.EncDecAttention.q.weight,136,rm_loss,1.51859712600708,768,768
t5-base,actmat,transformer.decoder.block.6.layer.1.EncDecAttention.q.weight,136,cosine_similarity,0.2720288634300232,768,768
t5-base,actmat-identity-inv,transformer.decoder.block.6.layer.1.EncDecAttention.q.weight,136,rm_loss,2.8673505783081055,768,768
t5-base,regmean,transformer.decoder.block.6.layer.1.EncDecAttention.q.weight,136,rm_loss,0.06923675537109375,768,768
t5-base,identity,transformer.decoder.block.6.layer.1.EncDecAttention.q.weight,136,rm_loss,2.321082353591919,768,768
t5-base,identity,transformer.decoder.block.6.layer.1.EncDecAttention.q.weight,136,cosine_similarity,0.06540033221244812,768,768
t5-base,actmat,transformer.decoder.block.6.layer.1.EncDecAttention.k.weight,137,rm_loss,855.1083984375,768,768
t5-base,actmat,transformer.decoder.block.6.layer.1.EncDecAttention.k.weight,137,cosine_similarity,0.2542917728424072,768,768
t5-base,actmat-identity-inv,transformer.decoder.block.6.layer.1.EncDecAttention.k.weight,137,rm_loss,778.2693481445312,768,768
t5-base,regmean,transformer.decoder.block.6.layer.1.EncDecAttention.k.weight,137,rm_loss,130.419677734375,768,768
t5-base,identity,transformer.decoder.block.6.layer.1.EncDecAttention.k.weight,137,rm_loss,619.275634765625,768,768
t5-base,identity,transformer.decoder.block.6.layer.1.EncDecAttention.k.weight,137,cosine_similarity,0.16613732278347015,768,768
t5-base,actmat,transformer.decoder.block.6.layer.1.EncDecAttention.v.weight,138,rm_loss,784.94677734375,768,768
t5-base,actmat,transformer.decoder.block.6.layer.1.EncDecAttention.v.weight,138,cosine_similarity,0.328032910823822,768,768
t5-base,actmat-identity-inv,transformer.decoder.block.6.layer.1.EncDecAttention.v.weight,138,rm_loss,1293.63232421875,768,768
t5-base,regmean,transformer.decoder.block.6.layer.1.EncDecAttention.v.weight,138,rm_loss,136.4560546875,768,768
t5-base,identity,transformer.decoder.block.6.layer.1.EncDecAttention.v.weight,138,rm_loss,1046.152587890625,768,768
t5-base,identity,transformer.decoder.block.6.layer.1.EncDecAttention.v.weight,138,cosine_similarity,0.16613732278347015,768,768
t5-base,actmat,transformer.decoder.block.6.layer.1.EncDecAttention.o.weight,139,rm_loss,4013.6015625,768,768
t5-base,actmat,transformer.decoder.block.6.layer.1.EncDecAttention.o.weight,139,cosine_similarity,0.28955477476119995,768,768
t5-base,actmat-identity-inv,transformer.decoder.block.6.layer.1.EncDecAttention.o.weight,139,rm_loss,11706.484375,768,768
t5-base,regmean,transformer.decoder.block.6.layer.1.EncDecAttention.o.weight,139,rm_loss,296.552734375,768,768
t5-base,identity,transformer.decoder.block.6.layer.1.EncDecAttention.o.weight,139,rm_loss,9146.1650390625,768,768
t5-base,identity,transformer.decoder.block.6.layer.1.EncDecAttention.o.weight,139,cosine_similarity,0.07972177863121033,768,768
t5-base,actmat,transformer.decoder.block.6.layer.2.DenseReluDense.wi.weight,140,rm_loss,6555.86328125,768,3072
t5-base,actmat,transformer.decoder.block.6.layer.2.DenseReluDense.wi.weight,140,cosine_similarity,0.33698123693466187,768,3072
t5-base,actmat-identity-inv,transformer.decoder.block.6.layer.2.DenseReluDense.wi.weight,140,rm_loss,18048.91015625,768,3072
t5-base,regmean,transformer.decoder.block.6.layer.2.DenseReluDense.wi.weight,140,rm_loss,558.60546875,768,3072
t5-base,identity,transformer.decoder.block.6.layer.2.DenseReluDense.wi.weight,140,rm_loss,16502.9375,768,3072
t5-base,identity,transformer.decoder.block.6.layer.2.DenseReluDense.wi.weight,140,cosine_similarity,0.05593983829021454,768,3072
t5-base,actmat,transformer.decoder.block.6.layer.2.DenseReluDense.wo.weight,141,rm_loss,24913.8125,3072,768
t5-base,actmat,transformer.decoder.block.6.layer.2.DenseReluDense.wo.weight,141,cosine_similarity,0.07343544811010361,3072,768
t5-base,actmat-identity-inv,transformer.decoder.block.6.layer.2.DenseReluDense.wo.weight,141,rm_loss,19405.078125,3072,768
t5-base,regmean,transformer.decoder.block.6.layer.2.DenseReluDense.wo.weight,141,rm_loss,594.46484375,3072,768
t5-base,identity,transformer.decoder.block.6.layer.2.DenseReluDense.wo.weight,141,rm_loss,15610.52734375,3072,768
t5-base,identity,transformer.decoder.block.6.layer.2.DenseReluDense.wo.weight,141,cosine_similarity,0.03303221985697746,3072,768
t5-base,actmat,transformer.decoder.block.7.layer.0.SelfAttention.q.weight,142,rm_loss,7.683280944824219,768,768
t5-base,actmat,transformer.decoder.block.7.layer.0.SelfAttention.q.weight,142,cosine_similarity,0.3979651629924774,768,768
t5-base,actmat-identity-inv,transformer.decoder.block.7.layer.0.SelfAttention.q.weight,142,rm_loss,28.03089141845703,768,768
t5-base,regmean,transformer.decoder.block.7.layer.0.SelfAttention.q.weight,142,rm_loss,0.4977836608886719,768,768
t5-base,identity,transformer.decoder.block.7.layer.0.SelfAttention.q.weight,142,rm_loss,20.92637825012207,768,768
t5-base,identity,transformer.decoder.block.7.layer.0.SelfAttention.q.weight,142,cosine_similarity,0.0588083378970623,768,768
t5-base,actmat,transformer.decoder.block.7.layer.0.SelfAttention.k.weight,143,rm_loss,9.867782592773438,768,768
t5-base,actmat,transformer.decoder.block.7.layer.0.SelfAttention.k.weight,143,cosine_similarity,0.3931538164615631,768,768
t5-base,actmat-identity-inv,transformer.decoder.block.7.layer.0.SelfAttention.k.weight,143,rm_loss,28.7751407623291,768,768
t5-base,regmean,transformer.decoder.block.7.layer.0.SelfAttention.k.weight,143,rm_loss,0.5668525695800781,768,768
t5-base,identity,transformer.decoder.block.7.layer.0.SelfAttention.k.weight,143,rm_loss,21.474456787109375,768,768
t5-base,identity,transformer.decoder.block.7.layer.0.SelfAttention.k.weight,143,cosine_similarity,0.0588083378970623,768,768
t5-base,actmat,transformer.decoder.block.7.layer.0.SelfAttention.v.weight,144,rm_loss,12.204788208007812,768,768
t5-base,actmat,transformer.decoder.block.7.layer.0.SelfAttention.v.weight,144,cosine_similarity,0.14163893461227417,768,768
t5-base,actmat-identity-inv,transformer.decoder.block.7.layer.0.SelfAttention.v.weight,144,rm_loss,21.380693435668945,768,768
t5-base,regmean,transformer.decoder.block.7.layer.0.SelfAttention.v.weight,144,rm_loss,0.5731735229492188,768,768
t5-base,identity,transformer.decoder.block.7.layer.0.SelfAttention.v.weight,144,rm_loss,15.30057144165039,768,768
t5-base,identity,transformer.decoder.block.7.layer.0.SelfAttention.v.weight,144,cosine_similarity,0.0588083378970623,768,768
t5-base,actmat,transformer.decoder.block.7.layer.0.SelfAttention.o.weight,145,rm_loss,756.30908203125,768,768
t5-base,actmat,transformer.decoder.block.7.layer.0.SelfAttention.o.weight,145,cosine_similarity,0.29877769947052,768,768
t5-base,actmat-identity-inv,transformer.decoder.block.7.layer.0.SelfAttention.o.weight,145,rm_loss,2297.314697265625,768,768
t5-base,regmean,transformer.decoder.block.7.layer.0.SelfAttention.o.weight,145,rm_loss,35.1845703125,768,768
t5-base,identity,transformer.decoder.block.7.layer.0.SelfAttention.o.weight,145,rm_loss,1816.110595703125,768,768
t5-base,identity,transformer.decoder.block.7.layer.0.SelfAttention.o.weight,145,cosine_similarity,0.061302315443754196,768,768
t5-base,actmat,transformer.decoder.block.7.layer.1.EncDecAttention.q.weight,146,rm_loss,1.5703582763671875,768,768
t5-base,actmat,transformer.decoder.block.7.layer.1.EncDecAttention.q.weight,146,cosine_similarity,0.29285645484924316,768,768
t5-base,actmat-identity-inv,transformer.decoder.block.7.layer.1.EncDecAttention.q.weight,146,rm_loss,3.1119027137756348,768,768
t5-base,regmean,transformer.decoder.block.7.layer.1.EncDecAttention.q.weight,146,rm_loss,0.06326627731323242,768,768
t5-base,identity,transformer.decoder.block.7.layer.1.EncDecAttention.q.weight,146,rm_loss,2.5985260009765625,768,768
t5-base,identity,transformer.decoder.block.7.layer.1.EncDecAttention.q.weight,146,cosine_similarity,0.06217295676469803,768,768
t5-base,actmat,transformer.decoder.block.7.layer.1.EncDecAttention.k.weight,147,rm_loss,697.716796875,768,768
t5-base,actmat,transformer.decoder.block.7.layer.1.EncDecAttention.k.weight,147,cosine_similarity,0.28315994143486023,768,768
t5-base,actmat-identity-inv,transformer.decoder.block.7.layer.1.EncDecAttention.k.weight,147,rm_loss,682.466552734375,768,768
t5-base,regmean,transformer.decoder.block.7.layer.1.EncDecAttention.k.weight,147,rm_loss,109.126953125,768,768
t5-base,identity,transformer.decoder.block.7.layer.1.EncDecAttention.k.weight,147,rm_loss,489.56243896484375,768,768
t5-base,identity,transformer.decoder.block.7.layer.1.EncDecAttention.k.weight,147,cosine_similarity,0.16613732278347015,768,768
t5-base,actmat,transformer.decoder.block.7.layer.1.EncDecAttention.v.weight,148,rm_loss,663.384521484375,768,768
t5-base,actmat,transformer.decoder.block.7.layer.1.EncDecAttention.v.weight,148,cosine_similarity,0.3380328118801117,768,768
t5-base,actmat-identity-inv,transformer.decoder.block.7.layer.1.EncDecAttention.v.weight,148,rm_loss,1144.5992431640625,768,768
t5-base,regmean,transformer.decoder.block.7.layer.1.EncDecAttention.v.weight,148,rm_loss,110.4873046875,768,768
t5-base,identity,transformer.decoder.block.7.layer.1.EncDecAttention.v.weight,148,rm_loss,879.5701293945312,768,768
t5-base,identity,transformer.decoder.block.7.layer.1.EncDecAttention.v.weight,148,cosine_similarity,0.16613732278347015,768,768
t5-base,actmat,transformer.decoder.block.7.layer.1.EncDecAttention.o.weight,149,rm_loss,3838.8671875,768,768
t5-base,actmat,transformer.decoder.block.7.layer.1.EncDecAttention.o.weight,149,cosine_similarity,0.2734767496585846,768,768
t5-base,actmat-identity-inv,transformer.decoder.block.7.layer.1.EncDecAttention.o.weight,149,rm_loss,9178.78125,768,768
t5-base,regmean,transformer.decoder.block.7.layer.1.EncDecAttention.o.weight,149,rm_loss,262.759765625,768,768
t5-base,identity,transformer.decoder.block.7.layer.1.EncDecAttention.o.weight,149,rm_loss,7150.62890625,768,768
t5-base,identity,transformer.decoder.block.7.layer.1.EncDecAttention.o.weight,149,cosine_similarity,0.08439601957798004,768,768
t5-base,actmat,transformer.decoder.block.7.layer.2.DenseReluDense.wi.weight,150,rm_loss,11742.84765625,768,3072
t5-base,actmat,transformer.decoder.block.7.layer.2.DenseReluDense.wi.weight,150,cosine_similarity,0.2742411494255066,768,3072
t5-base,actmat-identity-inv,transformer.decoder.block.7.layer.2.DenseReluDense.wi.weight,150,rm_loss,29149.384765625,768,3072
t5-base,regmean,transformer.decoder.block.7.layer.2.DenseReluDense.wi.weight,150,rm_loss,940.5625,768,3072
t5-base,identity,transformer.decoder.block.7.layer.2.DenseReluDense.wi.weight,150,rm_loss,25278.974609375,768,3072
t5-base,identity,transformer.decoder.block.7.layer.2.DenseReluDense.wi.weight,150,cosine_similarity,0.054929137229919434,768,3072
t5-base,actmat,transformer.decoder.block.7.layer.2.DenseReluDense.wo.weight,151,rm_loss,42014.7890625,3072,768
t5-base,actmat,transformer.decoder.block.7.layer.2.DenseReluDense.wo.weight,151,cosine_similarity,0.07783989608287811,3072,768
t5-base,actmat-identity-inv,transformer.decoder.block.7.layer.2.DenseReluDense.wo.weight,151,rm_loss,31682.8984375,3072,768
t5-base,regmean,transformer.decoder.block.7.layer.2.DenseReluDense.wo.weight,151,rm_loss,1296.140625,3072,768
t5-base,identity,transformer.decoder.block.7.layer.2.DenseReluDense.wo.weight,151,rm_loss,31846.0625,3072,768
t5-base,identity,transformer.decoder.block.7.layer.2.DenseReluDense.wo.weight,151,cosine_similarity,0.03513693809509277,3072,768
t5-base,actmat,transformer.decoder.block.8.layer.0.SelfAttention.q.weight,152,rm_loss,14.943519592285156,768,768
t5-base,actmat,transformer.decoder.block.8.layer.0.SelfAttention.q.weight,152,cosine_similarity,0.4173656105995178,768,768
t5-base,actmat-identity-inv,transformer.decoder.block.8.layer.0.SelfAttention.q.weight,152,rm_loss,40.56413269042969,768,768
t5-base,regmean,transformer.decoder.block.8.layer.0.SelfAttention.q.weight,152,rm_loss,0.7417373657226562,768,768
t5-base,identity,transformer.decoder.block.8.layer.0.SelfAttention.q.weight,152,rm_loss,32.06412887573242,768,768
t5-base,identity,transformer.decoder.block.8.layer.0.SelfAttention.q.weight,152,cosine_similarity,0.05759523808956146,768,768
t5-base,actmat,transformer.decoder.block.8.layer.0.SelfAttention.k.weight,153,rm_loss,12.668876647949219,768,768
t5-base,actmat,transformer.decoder.block.8.layer.0.SelfAttention.k.weight,153,cosine_similarity,0.38885173201560974,768,768
t5-base,actmat-identity-inv,transformer.decoder.block.8.layer.0.SelfAttention.k.weight,153,rm_loss,40.24268341064453,768,768
t5-base,regmean,transformer.decoder.block.8.layer.0.SelfAttention.k.weight,153,rm_loss,0.7809906005859375,768,768
t5-base,identity,transformer.decoder.block.8.layer.0.SelfAttention.k.weight,153,rm_loss,31.71575164794922,768,768
t5-base,identity,transformer.decoder.block.8.layer.0.SelfAttention.k.weight,153,cosine_similarity,0.05759523808956146,768,768
t5-base,actmat,transformer.decoder.block.8.layer.0.SelfAttention.v.weight,154,rm_loss,15.2744140625,768,768
t5-base,actmat,transformer.decoder.block.8.layer.0.SelfAttention.v.weight,154,cosine_similarity,0.164094015955925,768,768
t5-base,actmat-identity-inv,transformer.decoder.block.8.layer.0.SelfAttention.v.weight,154,rm_loss,31.679779052734375,768,768
t5-base,regmean,transformer.decoder.block.8.layer.0.SelfAttention.v.weight,154,rm_loss,0.735626220703125,768,768
t5-base,identity,transformer.decoder.block.8.layer.0.SelfAttention.v.weight,154,rm_loss,24.218181610107422,768,768
t5-base,identity,transformer.decoder.block.8.layer.0.SelfAttention.v.weight,154,cosine_similarity,0.05759523808956146,768,768
t5-base,actmat,transformer.decoder.block.8.layer.0.SelfAttention.o.weight,155,rm_loss,1204.767578125,768,768
t5-base,actmat,transformer.decoder.block.8.layer.0.SelfAttention.o.weight,155,cosine_similarity,0.27724432945251465,768,768
t5-base,actmat-identity-inv,transformer.decoder.block.8.layer.0.SelfAttention.o.weight,155,rm_loss,3820.0185546875,768,768
t5-base,regmean,transformer.decoder.block.8.layer.0.SelfAttention.o.weight,155,rm_loss,73.2763671875,768,768
t5-base,identity,transformer.decoder.block.8.layer.0.SelfAttention.o.weight,155,rm_loss,3039.786865234375,768,768
t5-base,identity,transformer.decoder.block.8.layer.0.SelfAttention.o.weight,155,cosine_similarity,0.06732837855815887,768,768
t5-base,actmat,transformer.decoder.block.8.layer.1.EncDecAttention.q.weight,156,rm_loss,2.714702606201172,768,768
t5-base,actmat,transformer.decoder.block.8.layer.1.EncDecAttention.q.weight,156,cosine_similarity,0.269777774810791,768,768
t5-base,actmat-identity-inv,transformer.decoder.block.8.layer.1.EncDecAttention.q.weight,156,rm_loss,4.536219596862793,768,768
t5-base,regmean,transformer.decoder.block.8.layer.1.EncDecAttention.q.weight,156,rm_loss,0.10008907318115234,768,768
t5-base,identity,transformer.decoder.block.8.layer.1.EncDecAttention.q.weight,156,rm_loss,3.9175755977630615,768,768
t5-base,identity,transformer.decoder.block.8.layer.1.EncDecAttention.q.weight,156,cosine_similarity,0.06027061864733696,768,768
t5-base,actmat,transformer.decoder.block.8.layer.1.EncDecAttention.k.weight,157,rm_loss,828.6474609375,768,768
t5-base,actmat,transformer.decoder.block.8.layer.1.EncDecAttention.k.weight,157,cosine_similarity,0.2588046193122864,768,768
t5-base,actmat-identity-inv,transformer.decoder.block.8.layer.1.EncDecAttention.k.weight,157,rm_loss,784.564208984375,768,768
t5-base,regmean,transformer.decoder.block.8.layer.1.EncDecAttention.k.weight,157,rm_loss,135.911376953125,768,768
t5-base,identity,transformer.decoder.block.8.layer.1.EncDecAttention.k.weight,157,rm_loss,609.49169921875,768,768
t5-base,identity,transformer.decoder.block.8.layer.1.EncDecAttention.k.weight,157,cosine_similarity,0.16613732278347015,768,768
t5-base,actmat,transformer.decoder.block.8.layer.1.EncDecAttention.v.weight,158,rm_loss,1027.859619140625,768,768
t5-base,actmat,transformer.decoder.block.8.layer.1.EncDecAttention.v.weight,158,cosine_similarity,0.31547582149505615,768,768
t5-base,actmat-identity-inv,transformer.decoder.block.8.layer.1.EncDecAttention.v.weight,158,rm_loss,1271.3568115234375,768,768
t5-base,regmean,transformer.decoder.block.8.layer.1.EncDecAttention.v.weight,158,rm_loss,162.921142578125,768,768
t5-base,identity,transformer.decoder.block.8.layer.1.EncDecAttention.v.weight,158,rm_loss,1016.939453125,768,768
t5-base,identity,transformer.decoder.block.8.layer.1.EncDecAttention.v.weight,158,cosine_similarity,0.16613732278347015,768,768
t5-base,actmat,transformer.decoder.block.8.layer.1.EncDecAttention.o.weight,159,rm_loss,8430.0234375,768,768
t5-base,actmat,transformer.decoder.block.8.layer.1.EncDecAttention.o.weight,159,cosine_similarity,0.3397926986217499,768,768
t5-base,actmat-identity-inv,transformer.decoder.block.8.layer.1.EncDecAttention.o.weight,159,rm_loss,18588.43359375,768,768
t5-base,regmean,transformer.decoder.block.8.layer.1.EncDecAttention.o.weight,159,rm_loss,877.84375,768,768
t5-base,identity,transformer.decoder.block.8.layer.1.EncDecAttention.o.weight,159,rm_loss,15485.537109375,768,768
t5-base,identity,transformer.decoder.block.8.layer.1.EncDecAttention.o.weight,159,cosine_similarity,0.10725512355566025,768,768
t5-base,actmat,transformer.decoder.block.8.layer.2.DenseReluDense.wi.weight,160,rm_loss,25084.6953125,768,3072
t5-base,actmat,transformer.decoder.block.8.layer.2.DenseReluDense.wi.weight,160,cosine_similarity,0.2660768926143646,768,3072
t5-base,actmat-identity-inv,transformer.decoder.block.8.layer.2.DenseReluDense.wi.weight,160,rm_loss,50178.98046875,768,3072
t5-base,regmean,transformer.decoder.block.8.layer.2.DenseReluDense.wi.weight,160,rm_loss,2010.3671875,768,3072
t5-base,identity,transformer.decoder.block.8.layer.2.DenseReluDense.wi.weight,160,rm_loss,45058.83984375,768,3072
t5-base,identity,transformer.decoder.block.8.layer.2.DenseReluDense.wi.weight,160,cosine_similarity,0.05663514882326126,768,3072
t5-base,actmat,transformer.decoder.block.8.layer.2.DenseReluDense.wo.weight,161,rm_loss,82065.78125,3072,768
t5-base,actmat,transformer.decoder.block.8.layer.2.DenseReluDense.wo.weight,161,cosine_similarity,0.051441822201013565,3072,768
t5-base,actmat-identity-inv,transformer.decoder.block.8.layer.2.DenseReluDense.wo.weight,161,rm_loss,74925.2265625,3072,768
t5-base,regmean,transformer.decoder.block.8.layer.2.DenseReluDense.wo.weight,161,rm_loss,4135.921875,3072,768
t5-base,identity,transformer.decoder.block.8.layer.2.DenseReluDense.wo.weight,161,rm_loss,69418.90625,3072,768
t5-base,identity,transformer.decoder.block.8.layer.2.DenseReluDense.wo.weight,161,cosine_similarity,0.03065624088048935,3072,768
t5-base,actmat,transformer.decoder.block.9.layer.0.SelfAttention.q.weight,162,rm_loss,15.9727783203125,768,768
t5-base,actmat,transformer.decoder.block.9.layer.0.SelfAttention.q.weight,162,cosine_similarity,0.3600153625011444,768,768
t5-base,actmat-identity-inv,transformer.decoder.block.9.layer.0.SelfAttention.q.weight,162,rm_loss,45.63976287841797,768,768
t5-base,regmean,transformer.decoder.block.9.layer.0.SelfAttention.q.weight,162,rm_loss,0.9989395141601562,768,768
t5-base,identity,transformer.decoder.block.9.layer.0.SelfAttention.q.weight,162,rm_loss,36.42738342285156,768,768
t5-base,identity,transformer.decoder.block.9.layer.0.SelfAttention.q.weight,162,cosine_similarity,0.058547209948301315,768,768
t5-base,actmat,transformer.decoder.block.9.layer.0.SelfAttention.k.weight,163,rm_loss,26.528640747070312,768,768
t5-base,actmat,transformer.decoder.block.9.layer.0.SelfAttention.k.weight,163,cosine_similarity,0.3252701759338379,768,768
t5-base,actmat-identity-inv,transformer.decoder.block.9.layer.0.SelfAttention.k.weight,163,rm_loss,43.560890197753906,768,768
t5-base,regmean,transformer.decoder.block.9.layer.0.SelfAttention.k.weight,163,rm_loss,1.08575439453125,768,768
t5-base,identity,transformer.decoder.block.9.layer.0.SelfAttention.k.weight,163,rm_loss,35.04927062988281,768,768
t5-base,identity,transformer.decoder.block.9.layer.0.SelfAttention.k.weight,163,cosine_similarity,0.058547209948301315,768,768
t5-base,actmat,transformer.decoder.block.9.layer.0.SelfAttention.v.weight,164,rm_loss,17.802154541015625,768,768
t5-base,actmat,transformer.decoder.block.9.layer.0.SelfAttention.v.weight,164,cosine_similarity,0.2009718120098114,768,768
t5-base,actmat-identity-inv,transformer.decoder.block.9.layer.0.SelfAttention.v.weight,164,rm_loss,44.96083450317383,768,768
t5-base,regmean,transformer.decoder.block.9.layer.0.SelfAttention.v.weight,164,rm_loss,1.1052322387695312,768,768
t5-base,identity,transformer.decoder.block.9.layer.0.SelfAttention.v.weight,164,rm_loss,34.83408737182617,768,768
t5-base,identity,transformer.decoder.block.9.layer.0.SelfAttention.v.weight,164,cosine_similarity,0.058547209948301315,768,768
t5-base,actmat,transformer.decoder.block.9.layer.0.SelfAttention.o.weight,165,rm_loss,3733.65625,768,768
t5-base,actmat,transformer.decoder.block.9.layer.0.SelfAttention.o.weight,165,cosine_similarity,0.2769179344177246,768,768
t5-base,actmat-identity-inv,transformer.decoder.block.9.layer.0.SelfAttention.o.weight,165,rm_loss,9989.220703125,768,768
t5-base,regmean,transformer.decoder.block.9.layer.0.SelfAttention.o.weight,165,rm_loss,213.4765625,768,768
t5-base,identity,transformer.decoder.block.9.layer.0.SelfAttention.o.weight,165,rm_loss,8094.826171875,768,768
t5-base,identity,transformer.decoder.block.9.layer.0.SelfAttention.o.weight,165,cosine_similarity,0.06826914846897125,768,768
t5-base,actmat,transformer.decoder.block.9.layer.1.EncDecAttention.q.weight,166,rm_loss,1.4746952056884766,768,768
t5-base,actmat,transformer.decoder.block.9.layer.1.EncDecAttention.q.weight,166,cosine_similarity,0.27475619316101074,768,768
t5-base,actmat-identity-inv,transformer.decoder.block.9.layer.1.EncDecAttention.q.weight,166,rm_loss,2.5859832763671875,768,768
t5-base,regmean,transformer.decoder.block.9.layer.1.EncDecAttention.q.weight,166,rm_loss,0.0762324333190918,768,768
t5-base,identity,transformer.decoder.block.9.layer.1.EncDecAttention.q.weight,166,rm_loss,2.1566901206970215,768,768
t5-base,identity,transformer.decoder.block.9.layer.1.EncDecAttention.q.weight,166,cosine_similarity,0.061348807066679,768,768
t5-base,actmat,transformer.decoder.block.9.layer.1.EncDecAttention.k.weight,167,rm_loss,684.548828125,768,768
t5-base,actmat,transformer.decoder.block.9.layer.1.EncDecAttention.k.weight,167,cosine_similarity,0.25878143310546875,768,768
t5-base,actmat-identity-inv,transformer.decoder.block.9.layer.1.EncDecAttention.k.weight,167,rm_loss,661.38330078125,768,768
t5-base,regmean,transformer.decoder.block.9.layer.1.EncDecAttention.k.weight,167,rm_loss,110.7379150390625,768,768
t5-base,identity,transformer.decoder.block.9.layer.1.EncDecAttention.k.weight,167,rm_loss,517.4199829101562,768,768
t5-base,identity,transformer.decoder.block.9.layer.1.EncDecAttention.k.weight,167,cosine_similarity,0.16613732278347015,768,768
t5-base,actmat,transformer.decoder.block.9.layer.1.EncDecAttention.v.weight,168,rm_loss,814.2451171875,768,768
t5-base,actmat,transformer.decoder.block.9.layer.1.EncDecAttention.v.weight,168,cosine_similarity,0.28507766127586365,768,768
t5-base,actmat-identity-inv,transformer.decoder.block.9.layer.1.EncDecAttention.v.weight,168,rm_loss,924.2345581054688,768,768
t5-base,regmean,transformer.decoder.block.9.layer.1.EncDecAttention.v.weight,168,rm_loss,123.99169921875,768,768
t5-base,identity,transformer.decoder.block.9.layer.1.EncDecAttention.v.weight,168,rm_loss,709.12060546875,768,768
t5-base,identity,transformer.decoder.block.9.layer.1.EncDecAttention.v.weight,168,cosine_similarity,0.16613732278347015,768,768
t5-base,actmat,transformer.decoder.block.9.layer.1.EncDecAttention.o.weight,169,rm_loss,5297.751953125,768,768
t5-base,actmat,transformer.decoder.block.9.layer.1.EncDecAttention.o.weight,169,cosine_similarity,0.3317578434944153,768,768
t5-base,actmat-identity-inv,transformer.decoder.block.9.layer.1.EncDecAttention.o.weight,169,rm_loss,13271.2890625,768,768
t5-base,regmean,transformer.decoder.block.9.layer.1.EncDecAttention.o.weight,169,rm_loss,651.70703125,768,768
t5-base,identity,transformer.decoder.block.9.layer.1.EncDecAttention.o.weight,169,rm_loss,10599.34375,768,768
t5-base,identity,transformer.decoder.block.9.layer.1.EncDecAttention.o.weight,169,cosine_similarity,0.11954931914806366,768,768
t5-base,actmat,transformer.decoder.block.9.layer.2.DenseReluDense.wi.weight,170,rm_loss,30911.59375,768,3072
t5-base,actmat,transformer.decoder.block.9.layer.2.DenseReluDense.wi.weight,170,cosine_similarity,0.3115276098251343,768,3072
t5-base,actmat-identity-inv,transformer.decoder.block.9.layer.2.DenseReluDense.wi.weight,170,rm_loss,63116.33203125,768,3072
t5-base,regmean,transformer.decoder.block.9.layer.2.DenseReluDense.wi.weight,170,rm_loss,2447.53125,768,3072
t5-base,identity,transformer.decoder.block.9.layer.2.DenseReluDense.wi.weight,170,rm_loss,60955.0859375,768,3072
t5-base,identity,transformer.decoder.block.9.layer.2.DenseReluDense.wi.weight,170,cosine_similarity,0.056637801229953766,768,3072
t5-base,actmat,transformer.decoder.block.9.layer.2.DenseReluDense.wo.weight,171,rm_loss,106350.0625,3072,768
t5-base,actmat,transformer.decoder.block.9.layer.2.DenseReluDense.wo.weight,171,cosine_similarity,0.08520111441612244,3072,768
t5-base,actmat-identity-inv,transformer.decoder.block.9.layer.2.DenseReluDense.wo.weight,171,rm_loss,128388.125,3072,768
t5-base,regmean,transformer.decoder.block.9.layer.2.DenseReluDense.wo.weight,171,rm_loss,5041.9375,3072,768
t5-base,identity,transformer.decoder.block.9.layer.2.DenseReluDense.wo.weight,171,rm_loss,129577.03125,3072,768
t5-base,identity,transformer.decoder.block.9.layer.2.DenseReluDense.wo.weight,171,cosine_similarity,0.03308390825986862,3072,768
t5-base,actmat,transformer.decoder.block.10.layer.0.SelfAttention.q.weight,172,rm_loss,17.52728271484375,768,768
t5-base,actmat,transformer.decoder.block.10.layer.0.SelfAttention.q.weight,172,cosine_similarity,0.41230490803718567,768,768
t5-base,actmat-identity-inv,transformer.decoder.block.10.layer.0.SelfAttention.q.weight,172,rm_loss,55.946773529052734,768,768
t5-base,regmean,transformer.decoder.block.10.layer.0.SelfAttention.q.weight,172,rm_loss,1.4795074462890625,768,768
t5-base,identity,transformer.decoder.block.10.layer.0.SelfAttention.q.weight,172,rm_loss,43.469810485839844,768,768
t5-base,identity,transformer.decoder.block.10.layer.0.SelfAttention.q.weight,172,cosine_similarity,0.061883345246315,768,768
t5-base,actmat,transformer.decoder.block.10.layer.0.SelfAttention.k.weight,173,rm_loss,19.744720458984375,768,768
t5-base,actmat,transformer.decoder.block.10.layer.0.SelfAttention.k.weight,173,cosine_similarity,0.3290763795375824,768,768
t5-base,actmat-identity-inv,transformer.decoder.block.10.layer.0.SelfAttention.k.weight,173,rm_loss,43.394474029541016,768,768
t5-base,regmean,transformer.decoder.block.10.layer.0.SelfAttention.k.weight,173,rm_loss,1.3243255615234375,768,768
t5-base,identity,transformer.decoder.block.10.layer.0.SelfAttention.k.weight,173,rm_loss,32.238853454589844,768,768
t5-base,identity,transformer.decoder.block.10.layer.0.SelfAttention.k.weight,173,cosine_similarity,0.061883345246315,768,768
t5-base,actmat,transformer.decoder.block.10.layer.0.SelfAttention.v.weight,174,rm_loss,25.59093475341797,768,768
t5-base,actmat,transformer.decoder.block.10.layer.0.SelfAttention.v.weight,174,cosine_similarity,0.20076017081737518,768,768
t5-base,actmat-identity-inv,transformer.decoder.block.10.layer.0.SelfAttention.v.weight,174,rm_loss,46.063453674316406,768,768
t5-base,regmean,transformer.decoder.block.10.layer.0.SelfAttention.v.weight,174,rm_loss,1.4675674438476562,768,768
t5-base,identity,transformer.decoder.block.10.layer.0.SelfAttention.v.weight,174,rm_loss,38.337745666503906,768,768
t5-base,identity,transformer.decoder.block.10.layer.0.SelfAttention.v.weight,174,cosine_similarity,0.061883345246315,768,768
t5-base,actmat,transformer.decoder.block.10.layer.0.SelfAttention.o.weight,175,rm_loss,3660.869140625,768,768
t5-base,actmat,transformer.decoder.block.10.layer.0.SelfAttention.o.weight,175,cosine_similarity,0.34552058577537537,768,768
t5-base,actmat-identity-inv,transformer.decoder.block.10.layer.0.SelfAttention.o.weight,175,rm_loss,12609.681640625,768,768
t5-base,regmean,transformer.decoder.block.10.layer.0.SelfAttention.o.weight,175,rm_loss,371.78125,768,768
t5-base,identity,transformer.decoder.block.10.layer.0.SelfAttention.o.weight,175,rm_loss,10499.474609375,768,768
t5-base,identity,transformer.decoder.block.10.layer.0.SelfAttention.o.weight,175,cosine_similarity,0.08170239627361298,768,768
t5-base,actmat,transformer.decoder.block.10.layer.1.EncDecAttention.q.weight,176,rm_loss,1.656813144683838,768,768
t5-base,actmat,transformer.decoder.block.10.layer.1.EncDecAttention.q.weight,176,cosine_similarity,0.24880929291248322,768,768
t5-base,actmat-identity-inv,transformer.decoder.block.10.layer.1.EncDecAttention.q.weight,176,rm_loss,2.8040919303894043,768,768
t5-base,regmean,transformer.decoder.block.10.layer.1.EncDecAttention.q.weight,176,rm_loss,0.08805370330810547,768,768
t5-base,identity,transformer.decoder.block.10.layer.1.EncDecAttention.q.weight,176,rm_loss,2.310546875,768,768
t5-base,identity,transformer.decoder.block.10.layer.1.EncDecAttention.q.weight,176,cosine_similarity,0.05994219705462456,768,768
t5-base,actmat,transformer.decoder.block.10.layer.1.EncDecAttention.k.weight,177,rm_loss,555.7802734375,768,768
t5-base,actmat,transformer.decoder.block.10.layer.1.EncDecAttention.k.weight,177,cosine_similarity,0.2474772185087204,768,768
t5-base,actmat-identity-inv,transformer.decoder.block.10.layer.1.EncDecAttention.k.weight,177,rm_loss,594.6558837890625,768,768
t5-base,regmean,transformer.decoder.block.10.layer.1.EncDecAttention.k.weight,177,rm_loss,89.70849609375,768,768
t5-base,identity,transformer.decoder.block.10.layer.1.EncDecAttention.k.weight,177,rm_loss,413.38897705078125,768,768
t5-base,identity,transformer.decoder.block.10.layer.1.EncDecAttention.k.weight,177,cosine_similarity,0.16613732278347015,768,768
t5-base,actmat,transformer.decoder.block.10.layer.1.EncDecAttention.v.weight,178,rm_loss,728.0704345703125,768,768
t5-base,actmat,transformer.decoder.block.10.layer.1.EncDecAttention.v.weight,178,cosine_similarity,0.27392876148223877,768,768
t5-base,actmat-identity-inv,transformer.decoder.block.10.layer.1.EncDecAttention.v.weight,178,rm_loss,871.0030517578125,768,768
t5-base,regmean,transformer.decoder.block.10.layer.1.EncDecAttention.v.weight,178,rm_loss,109.4783935546875,768,768
t5-base,identity,transformer.decoder.block.10.layer.1.EncDecAttention.v.weight,178,rm_loss,673.0714721679688,768,768
t5-base,identity,transformer.decoder.block.10.layer.1.EncDecAttention.v.weight,178,cosine_similarity,0.16613732278347015,768,768
t5-base,actmat,transformer.decoder.block.10.layer.1.EncDecAttention.o.weight,179,rm_loss,7226.72265625,768,768
t5-base,actmat,transformer.decoder.block.10.layer.1.EncDecAttention.o.weight,179,cosine_similarity,0.2639243006706238,768,768
t5-base,actmat-identity-inv,transformer.decoder.block.10.layer.1.EncDecAttention.o.weight,179,rm_loss,15954.951171875,768,768
t5-base,regmean,transformer.decoder.block.10.layer.1.EncDecAttention.o.weight,179,rm_loss,687.8828125,768,768
t5-base,identity,transformer.decoder.block.10.layer.1.EncDecAttention.o.weight,179,rm_loss,12888.46875,768,768
t5-base,identity,transformer.decoder.block.10.layer.1.EncDecAttention.o.weight,179,cosine_similarity,0.08823274075984955,768,768
t5-base,actmat,transformer.decoder.block.10.layer.2.DenseReluDense.wi.weight,180,rm_loss,55306.109375,768,3072
t5-base,actmat,transformer.decoder.block.10.layer.2.DenseReluDense.wi.weight,180,cosine_similarity,0.31565800309181213,768,3072
t5-base,actmat-identity-inv,transformer.decoder.block.10.layer.2.DenseReluDense.wi.weight,180,rm_loss,66445.3125,768,3072
t5-base,regmean,transformer.decoder.block.10.layer.2.DenseReluDense.wi.weight,180,rm_loss,2612.75,768,3072
t5-base,identity,transformer.decoder.block.10.layer.2.DenseReluDense.wi.weight,180,rm_loss,68269.859375,768,3072
t5-base,identity,transformer.decoder.block.10.layer.2.DenseReluDense.wi.weight,180,cosine_similarity,0.05470792204141617,768,3072
t5-base,actmat,transformer.decoder.block.10.layer.2.DenseReluDense.wo.weight,181,rm_loss,102544.078125,3072,768
t5-base,actmat,transformer.decoder.block.10.layer.2.DenseReluDense.wo.weight,181,cosine_similarity,0.061352163553237915,3072,768
t5-base,actmat-identity-inv,transformer.decoder.block.10.layer.2.DenseReluDense.wo.weight,181,rm_loss,81792.015625,3072,768
t5-base,regmean,transformer.decoder.block.10.layer.2.DenseReluDense.wo.weight,181,rm_loss,5769.21875,3072,768
t5-base,identity,transformer.decoder.block.10.layer.2.DenseReluDense.wo.weight,181,rm_loss,73448.8515625,3072,768
t5-base,identity,transformer.decoder.block.10.layer.2.DenseReluDense.wo.weight,181,cosine_similarity,0.0323726087808609,3072,768
t5-base,actmat,transformer.decoder.block.11.layer.0.SelfAttention.q.weight,182,rm_loss,46.79656982421875,768,768
t5-base,actmat,transformer.decoder.block.11.layer.0.SelfAttention.q.weight,182,cosine_similarity,0.2759528160095215,768,768
t5-base,actmat-identity-inv,transformer.decoder.block.11.layer.0.SelfAttention.q.weight,182,rm_loss,100.5211410522461,768,768
t5-base,regmean,transformer.decoder.block.11.layer.0.SelfAttention.q.weight,182,rm_loss,2.6166229248046875,768,768
t5-base,identity,transformer.decoder.block.11.layer.0.SelfAttention.q.weight,182,rm_loss,82.58533477783203,768,768
t5-base,identity,transformer.decoder.block.11.layer.0.SelfAttention.q.weight,182,cosine_similarity,0.054657939821481705,768,768
t5-base,actmat,transformer.decoder.block.11.layer.0.SelfAttention.k.weight,183,rm_loss,41.44410705566406,768,768
t5-base,actmat,transformer.decoder.block.11.layer.0.SelfAttention.k.weight,183,cosine_similarity,0.169197216629982,768,768
t5-base,actmat-identity-inv,transformer.decoder.block.11.layer.0.SelfAttention.k.weight,183,rm_loss,54.20538330078125,768,768
t5-base,regmean,transformer.decoder.block.11.layer.0.SelfAttention.k.weight,183,rm_loss,1.9808273315429688,768,768
t5-base,identity,transformer.decoder.block.11.layer.0.SelfAttention.k.weight,183,rm_loss,42.696075439453125,768,768
t5-base,identity,transformer.decoder.block.11.layer.0.SelfAttention.k.weight,183,cosine_similarity,0.054657939821481705,768,768
t5-base,actmat,transformer.decoder.block.11.layer.0.SelfAttention.v.weight,184,rm_loss,56.85211181640625,768,768
t5-base,actmat,transformer.decoder.block.11.layer.0.SelfAttention.v.weight,184,cosine_similarity,0.19448576867580414,768,768
t5-base,actmat-identity-inv,transformer.decoder.block.11.layer.0.SelfAttention.v.weight,184,rm_loss,105.7037124633789,768,768
t5-base,regmean,transformer.decoder.block.11.layer.0.SelfAttention.v.weight,184,rm_loss,2.652587890625,768,768
t5-base,identity,transformer.decoder.block.11.layer.0.SelfAttention.v.weight,184,rm_loss,93.20770263671875,768,768
t5-base,identity,transformer.decoder.block.11.layer.0.SelfAttention.v.weight,184,cosine_similarity,0.054657939821481705,768,768
t5-base,actmat,transformer.decoder.block.11.layer.0.SelfAttention.o.weight,185,rm_loss,5059.3125,768,768
t5-base,actmat,transformer.decoder.block.11.layer.0.SelfAttention.o.weight,185,cosine_similarity,0.35903313755989075,768,768
t5-base,actmat-identity-inv,transformer.decoder.block.11.layer.0.SelfAttention.o.weight,185,rm_loss,17951.048828125,768,768
t5-base,regmean,transformer.decoder.block.11.layer.0.SelfAttention.o.weight,185,rm_loss,526.16015625,768,768
t5-base,identity,transformer.decoder.block.11.layer.0.SelfAttention.o.weight,185,rm_loss,15170.84375,768,768
t5-base,identity,transformer.decoder.block.11.layer.0.SelfAttention.o.weight,185,cosine_similarity,0.07747701555490494,768,768
t5-base,actmat,transformer.decoder.block.11.layer.1.EncDecAttention.q.weight,186,rm_loss,3.8158397674560547,768,768
t5-base,actmat,transformer.decoder.block.11.layer.1.EncDecAttention.q.weight,186,cosine_similarity,0.21439611911773682,768,768
t5-base,actmat-identity-inv,transformer.decoder.block.11.layer.1.EncDecAttention.q.weight,186,rm_loss,4.304247856140137,768,768
t5-base,regmean,transformer.decoder.block.11.layer.1.EncDecAttention.q.weight,186,rm_loss,0.16173839569091797,768,768
t5-base,identity,transformer.decoder.block.11.layer.1.EncDecAttention.q.weight,186,rm_loss,3.536991596221924,768,768
t5-base,identity,transformer.decoder.block.11.layer.1.EncDecAttention.q.weight,186,cosine_similarity,0.0630488246679306,768,768
t5-base,actmat,transformer.decoder.block.11.layer.1.EncDecAttention.k.weight,187,rm_loss,559.689453125,768,768
t5-base,actmat,transformer.decoder.block.11.layer.1.EncDecAttention.k.weight,187,cosine_similarity,0.2634887397289276,768,768
t5-base,actmat-identity-inv,transformer.decoder.block.11.layer.1.EncDecAttention.k.weight,187,rm_loss,582.6700439453125,768,768
t5-base,regmean,transformer.decoder.block.11.layer.1.EncDecAttention.k.weight,187,rm_loss,91.8262939453125,768,768
t5-base,identity,transformer.decoder.block.11.layer.1.EncDecAttention.k.weight,187,rm_loss,424.057861328125,768,768
t5-base,identity,transformer.decoder.block.11.layer.1.EncDecAttention.k.weight,187,cosine_similarity,0.16613732278347015,768,768
t5-base,actmat,transformer.decoder.block.11.layer.1.EncDecAttention.v.weight,188,rm_loss,744.241943359375,768,768
t5-base,actmat,transformer.decoder.block.11.layer.1.EncDecAttention.v.weight,188,cosine_similarity,0.29690271615982056,768,768
t5-base,actmat-identity-inv,transformer.decoder.block.11.layer.1.EncDecAttention.v.weight,188,rm_loss,981.71142578125,768,768
t5-base,regmean,transformer.decoder.block.11.layer.1.EncDecAttention.v.weight,188,rm_loss,107.48828125,768,768
t5-base,identity,transformer.decoder.block.11.layer.1.EncDecAttention.v.weight,188,rm_loss,764.07861328125,768,768
t5-base,identity,transformer.decoder.block.11.layer.1.EncDecAttention.v.weight,188,cosine_similarity,0.16613732278347015,768,768
t5-base,actmat,transformer.decoder.block.11.layer.1.EncDecAttention.o.weight,189,rm_loss,6485.4765625,768,768
t5-base,actmat,transformer.decoder.block.11.layer.1.EncDecAttention.o.weight,189,cosine_similarity,0.3069900870323181,768,768
t5-base,actmat-identity-inv,transformer.decoder.block.11.layer.1.EncDecAttention.o.weight,189,rm_loss,16177.984375,768,768
t5-base,regmean,transformer.decoder.block.11.layer.1.EncDecAttention.o.weight,189,rm_loss,639.12109375,768,768
t5-base,identity,transformer.decoder.block.11.layer.1.EncDecAttention.o.weight,189,rm_loss,13759.640625,768,768
t5-base,identity,transformer.decoder.block.11.layer.1.EncDecAttention.o.weight,189,cosine_similarity,0.0973350927233696,768,768
t5-base,actmat,transformer.decoder.block.11.layer.2.DenseReluDense.wi.weight,190,rm_loss,84325.640625,768,3072
t5-base,actmat,transformer.decoder.block.11.layer.2.DenseReluDense.wi.weight,190,cosine_similarity,0.3340352475643158,768,3072
t5-base,actmat-identity-inv,transformer.decoder.block.11.layer.2.DenseReluDense.wi.weight,190,rm_loss,106213.953125,768,3072
t5-base,regmean,transformer.decoder.block.11.layer.2.DenseReluDense.wi.weight,190,rm_loss,4149.875,768,3072
t5-base,identity,transformer.decoder.block.11.layer.2.DenseReluDense.wi.weight,190,rm_loss,112589.9765625,768,3072
t5-base,identity,transformer.decoder.block.11.layer.2.DenseReluDense.wi.weight,190,cosine_similarity,0.05248083546757698,768,3072
t5-base,actmat,transformer.decoder.block.11.layer.2.DenseReluDense.wo.weight,191,rm_loss,297015.9375,3072,768
t5-base,actmat,transformer.decoder.block.11.layer.2.DenseReluDense.wo.weight,191,cosine_similarity,0.05756310001015663,3072,768
t5-base,actmat-identity-inv,transformer.decoder.block.11.layer.2.DenseReluDense.wo.weight,191,rm_loss,155763.453125,3072,768
t5-base,regmean,transformer.decoder.block.11.layer.2.DenseReluDense.wo.weight,191,rm_loss,13711.8125,3072,768
t5-base,identity,transformer.decoder.block.11.layer.2.DenseReluDense.wo.weight,191,rm_loss,136498.3125,3072,768
t5-base,identity,transformer.decoder.block.11.layer.2.DenseReluDense.wo.weight,191,cosine_similarity,0.02774348482489586,3072,768
t5-base,actmat,transformer.lm_head.weight,192,rm_loss,39.98969268798828,768,32128
t5-base,actmat,transformer.lm_head.weight,192,cosine_similarity,0.3463301956653595,768,32128
t5-base,actmat-identity-inv,transformer.lm_head.weight,192,rm_loss,9704.7041015625,768,32128
t5-base,regmean,transformer.lm_head.weight,192,rm_loss,4.8056488037109375,768,32128
t5-base,identity,transformer.lm_head.weight,192,rm_loss,28.571308135986328,768,32128
t5-base,identity,transformer.lm_head.weight,192,cosine_similarity,0.03884299471974373,768,32128
t5-large,actmat,transformer.encoder.block.0.layer.0.SelfAttention.q.weight,0,rm_loss,855.6788330078125,1024,1024
t5-large,actmat,transformer.encoder.block.0.layer.0.SelfAttention.q.weight,0,cosine_similarity,0.6467565894126892,1024,1024
t5-large,actmat-identity-inv,transformer.encoder.block.0.layer.0.SelfAttention.q.weight,0,rm_loss,584.2545776367188,1024,1024
t5-large,regmean,transformer.encoder.block.0.layer.0.SelfAttention.q.weight,0,rm_loss,410.7271728515625,1024,1024
t5-large,identity,transformer.encoder.block.0.layer.0.SelfAttention.q.weight,0,rm_loss,493.56585693359375,1024,1024
t5-large,identity,transformer.encoder.block.0.layer.0.SelfAttention.q.weight,0,cosine_similarity,0.200429305434227,1024,1024
t5-large,actmat,transformer.encoder.block.0.layer.0.SelfAttention.k.weight,1,rm_loss,850.9674682617188,1024,1024
t5-large,actmat,transformer.encoder.block.0.layer.0.SelfAttention.k.weight,1,cosine_similarity,0.6988324522972107,1024,1024
t5-large,actmat-identity-inv,transformer.encoder.block.0.layer.0.SelfAttention.k.weight,1,rm_loss,551.8049926757812,1024,1024
t5-large,regmean,transformer.encoder.block.0.layer.0.SelfAttention.k.weight,1,rm_loss,374.90863037109375,1024,1024
t5-large,identity,transformer.encoder.block.0.layer.0.SelfAttention.k.weight,1,rm_loss,450.5492858886719,1024,1024
t5-large,identity,transformer.encoder.block.0.layer.0.SelfAttention.k.weight,1,cosine_similarity,0.200429305434227,1024,1024
t5-large,actmat,transformer.encoder.block.0.layer.0.SelfAttention.v.weight,2,rm_loss,802.6240844726562,1024,1024
t5-large,actmat,transformer.encoder.block.0.layer.0.SelfAttention.v.weight,2,cosine_similarity,0.5399726629257202,1024,1024
t5-large,actmat-identity-inv,transformer.encoder.block.0.layer.0.SelfAttention.v.weight,2,rm_loss,543.9003295898438,1024,1024
t5-large,regmean,transformer.encoder.block.0.layer.0.SelfAttention.v.weight,2,rm_loss,333.711181640625,1024,1024
t5-large,identity,transformer.encoder.block.0.layer.0.SelfAttention.v.weight,2,rm_loss,425.145263671875,1024,1024
t5-large,identity,transformer.encoder.block.0.layer.0.SelfAttention.v.weight,2,cosine_similarity,0.200429305434227,1024,1024
t5-large,actmat,transformer.encoder.block.0.layer.0.SelfAttention.o.weight,3,rm_loss,2751.470703125,1024,1024
t5-large,actmat,transformer.encoder.block.0.layer.0.SelfAttention.o.weight,3,cosine_similarity,0.6140714883804321,1024,1024
t5-large,actmat-identity-inv,transformer.encoder.block.0.layer.0.SelfAttention.o.weight,3,rm_loss,5561.26416015625,1024,1024
t5-large,regmean,transformer.encoder.block.0.layer.0.SelfAttention.o.weight,3,rm_loss,683.9033203125,1024,1024
t5-large,identity,transformer.encoder.block.0.layer.0.SelfAttention.o.weight,3,rm_loss,4154.369140625,1024,1024
t5-large,identity,transformer.encoder.block.0.layer.0.SelfAttention.o.weight,3,cosine_similarity,0.13234782218933105,1024,1024
t5-large,actmat,transformer.encoder.block.0.layer.1.DenseReluDense.wi.weight,4,rm_loss,3608.31982421875,1024,4096
t5-large,actmat,transformer.encoder.block.0.layer.1.DenseReluDense.wi.weight,4,cosine_similarity,0.35427454113960266,1024,4096
t5-large,actmat-identity-inv,transformer.encoder.block.0.layer.1.DenseReluDense.wi.weight,4,rm_loss,4063.928466796875,1024,4096
t5-large,regmean,transformer.encoder.block.0.layer.1.DenseReluDense.wi.weight,4,rm_loss,1623.84326171875,1024,4096
t5-large,identity,transformer.encoder.block.0.layer.1.DenseReluDense.wi.weight,4,rm_loss,3578.6796875,1024,4096
t5-large,identity,transformer.encoder.block.0.layer.1.DenseReluDense.wi.weight,4,cosine_similarity,0.1206776350736618,1024,4096
t5-large,actmat,transformer.encoder.block.0.layer.1.DenseReluDense.wo.weight,5,rm_loss,22497.158203125,4096,1024
t5-large,actmat,transformer.encoder.block.0.layer.1.DenseReluDense.wo.weight,5,cosine_similarity,0.4744075536727905,4096,1024
t5-large,actmat-identity-inv,transformer.encoder.block.0.layer.1.DenseReluDense.wo.weight,5,rm_loss,19148.693359375,4096,1024
t5-large,regmean,transformer.encoder.block.0.layer.1.DenseReluDense.wo.weight,5,rm_loss,5507.81640625,4096,1024
t5-large,identity,transformer.encoder.block.0.layer.1.DenseReluDense.wo.weight,5,rm_loss,17080.66796875,4096,1024
t5-large,identity,transformer.encoder.block.0.layer.1.DenseReluDense.wo.weight,5,cosine_similarity,0.11841107159852982,4096,1024
t5-large,actmat,transformer.encoder.block.1.layer.0.SelfAttention.q.weight,6,rm_loss,190.51708984375,1024,1024
t5-large,actmat,transformer.encoder.block.1.layer.0.SelfAttention.q.weight,6,cosine_similarity,0.5317091345787048,1024,1024
t5-large,actmat-identity-inv,transformer.encoder.block.1.layer.0.SelfAttention.q.weight,6,rm_loss,149.6157684326172,1024,1024
t5-large,regmean,transformer.encoder.block.1.layer.0.SelfAttention.q.weight,6,rm_loss,56.33392333984375,1024,1024
t5-large,identity,transformer.encoder.block.1.layer.0.SelfAttention.q.weight,6,rm_loss,117.86458587646484,1024,1024
t5-large,identity,transformer.encoder.block.1.layer.0.SelfAttention.q.weight,6,cosine_similarity,0.27544406056404114,1024,1024
t5-large,actmat,transformer.encoder.block.1.layer.0.SelfAttention.k.weight,7,rm_loss,196.9561767578125,1024,1024
t5-large,actmat,transformer.encoder.block.1.layer.0.SelfAttention.k.weight,7,cosine_similarity,0.5688008666038513,1024,1024
t5-large,actmat-identity-inv,transformer.encoder.block.1.layer.0.SelfAttention.k.weight,7,rm_loss,151.94949340820312,1024,1024
t5-large,regmean,transformer.encoder.block.1.layer.0.SelfAttention.k.weight,7,rm_loss,58.260467529296875,1024,1024
t5-large,identity,transformer.encoder.block.1.layer.0.SelfAttention.k.weight,7,rm_loss,119.94113159179688,1024,1024
t5-large,identity,transformer.encoder.block.1.layer.0.SelfAttention.k.weight,7,cosine_similarity,0.27544406056404114,1024,1024
t5-large,actmat,transformer.encoder.block.1.layer.0.SelfAttention.v.weight,8,rm_loss,286.2635803222656,1024,1024
t5-large,actmat,transformer.encoder.block.1.layer.0.SelfAttention.v.weight,8,cosine_similarity,0.5448035001754761,1024,1024
t5-large,actmat-identity-inv,transformer.encoder.block.1.layer.0.SelfAttention.v.weight,8,rm_loss,211.52378845214844,1024,1024
t5-large,regmean,transformer.encoder.block.1.layer.0.SelfAttention.v.weight,8,rm_loss,67.7955322265625,1024,1024
t5-large,identity,transformer.encoder.block.1.layer.0.SelfAttention.v.weight,8,rm_loss,160.97666931152344,1024,1024
t5-large,identity,transformer.encoder.block.1.layer.0.SelfAttention.v.weight,8,cosine_similarity,0.27544406056404114,1024,1024
t5-large,actmat,transformer.encoder.block.1.layer.0.SelfAttention.o.weight,9,rm_loss,1745.802734375,1024,1024
t5-large,actmat,transformer.encoder.block.1.layer.0.SelfAttention.o.weight,9,cosine_similarity,0.6285213828086853,1024,1024
t5-large,actmat-identity-inv,transformer.encoder.block.1.layer.0.SelfAttention.o.weight,9,rm_loss,4401.14697265625,1024,1024
t5-large,regmean,transformer.encoder.block.1.layer.0.SelfAttention.o.weight,9,rm_loss,371.5888671875,1024,1024
t5-large,identity,transformer.encoder.block.1.layer.0.SelfAttention.o.weight,9,rm_loss,3277.3759765625,1024,1024
t5-large,identity,transformer.encoder.block.1.layer.0.SelfAttention.o.weight,9,cosine_similarity,0.14531229436397552,1024,1024
t5-large,actmat,transformer.encoder.block.1.layer.1.DenseReluDense.wi.weight,10,rm_loss,4787.712890625,1024,4096
t5-large,actmat,transformer.encoder.block.1.layer.1.DenseReluDense.wi.weight,10,cosine_similarity,0.30522531270980835,1024,4096
t5-large,actmat-identity-inv,transformer.encoder.block.1.layer.1.DenseReluDense.wi.weight,10,rm_loss,5069.58203125,1024,4096
t5-large,regmean,transformer.encoder.block.1.layer.1.DenseReluDense.wi.weight,10,rm_loss,1547.841796875,1024,4096
t5-large,identity,transformer.encoder.block.1.layer.1.DenseReluDense.wi.weight,10,rm_loss,4477.2373046875,1024,4096
t5-large,identity,transformer.encoder.block.1.layer.1.DenseReluDense.wi.weight,10,cosine_similarity,0.0911073386669159,1024,4096
t5-large,actmat,transformer.encoder.block.1.layer.1.DenseReluDense.wo.weight,11,rm_loss,28590.359375,4096,1024
t5-large,actmat,transformer.encoder.block.1.layer.1.DenseReluDense.wo.weight,11,cosine_similarity,0.48522400856018066,4096,1024
t5-large,actmat-identity-inv,transformer.encoder.block.1.layer.1.DenseReluDense.wo.weight,11,rm_loss,28744.3515625,4096,1024
t5-large,regmean,transformer.encoder.block.1.layer.1.DenseReluDense.wo.weight,11,rm_loss,5522.99609375,4096,1024
t5-large,identity,transformer.encoder.block.1.layer.1.DenseReluDense.wo.weight,11,rm_loss,24814.224609375,4096,1024
t5-large,identity,transformer.encoder.block.1.layer.1.DenseReluDense.wo.weight,11,cosine_similarity,0.13131049275398254,4096,1024
t5-large,actmat,transformer.encoder.block.2.layer.0.SelfAttention.q.weight,12,rm_loss,153.85426330566406,1024,1024
t5-large,actmat,transformer.encoder.block.2.layer.0.SelfAttention.q.weight,12,cosine_similarity,0.48822882771492004,1024,1024
t5-large,actmat-identity-inv,transformer.encoder.block.2.layer.0.SelfAttention.q.weight,12,rm_loss,119.91957092285156,1024,1024
t5-large,regmean,transformer.encoder.block.2.layer.0.SelfAttention.q.weight,12,rm_loss,37.74205017089844,1024,1024
t5-large,identity,transformer.encoder.block.2.layer.0.SelfAttention.q.weight,12,rm_loss,96.0971908569336,1024,1024
t5-large,identity,transformer.encoder.block.2.layer.0.SelfAttention.q.weight,12,cosine_similarity,0.2771279513835907,1024,1024
t5-large,actmat,transformer.encoder.block.2.layer.0.SelfAttention.k.weight,13,rm_loss,148.70191955566406,1024,1024
t5-large,actmat,transformer.encoder.block.2.layer.0.SelfAttention.k.weight,13,cosine_similarity,0.5348345637321472,1024,1024
t5-large,actmat-identity-inv,transformer.encoder.block.2.layer.0.SelfAttention.k.weight,13,rm_loss,115.78306579589844,1024,1024
t5-large,regmean,transformer.encoder.block.2.layer.0.SelfAttention.k.weight,13,rm_loss,41.03240966796875,1024,1024
t5-large,identity,transformer.encoder.block.2.layer.0.SelfAttention.k.weight,13,rm_loss,92.02436828613281,1024,1024
t5-large,identity,transformer.encoder.block.2.layer.0.SelfAttention.k.weight,13,cosine_similarity,0.2771279513835907,1024,1024
t5-large,actmat,transformer.encoder.block.2.layer.0.SelfAttention.v.weight,14,rm_loss,161.89959716796875,1024,1024
t5-large,actmat,transformer.encoder.block.2.layer.0.SelfAttention.v.weight,14,cosine_similarity,0.5716201066970825,1024,1024
t5-large,actmat-identity-inv,transformer.encoder.block.2.layer.0.SelfAttention.v.weight,14,rm_loss,160.7310028076172,1024,1024
t5-large,regmean,transformer.encoder.block.2.layer.0.SelfAttention.v.weight,14,rm_loss,42.82183837890625,1024,1024
t5-large,identity,transformer.encoder.block.2.layer.0.SelfAttention.v.weight,14,rm_loss,121.76651763916016,1024,1024
t5-large,identity,transformer.encoder.block.2.layer.0.SelfAttention.v.weight,14,cosine_similarity,0.2771279513835907,1024,1024
t5-large,actmat,transformer.encoder.block.2.layer.0.SelfAttention.o.weight,15,rm_loss,1160.00390625,1024,1024
t5-large,actmat,transformer.encoder.block.2.layer.0.SelfAttention.o.weight,15,cosine_similarity,0.625420093536377,1024,1024
t5-large,actmat-identity-inv,transformer.encoder.block.2.layer.0.SelfAttention.o.weight,15,rm_loss,3334.227783203125,1024,1024
t5-large,regmean,transformer.encoder.block.2.layer.0.SelfAttention.o.weight,15,rm_loss,263.654296875,1024,1024
t5-large,identity,transformer.encoder.block.2.layer.0.SelfAttention.o.weight,15,rm_loss,2447.5517578125,1024,1024
t5-large,identity,transformer.encoder.block.2.layer.0.SelfAttention.o.weight,15,cosine_similarity,0.15174168348312378,1024,1024
t5-large,actmat,transformer.encoder.block.2.layer.1.DenseReluDense.wi.weight,16,rm_loss,9557.6826171875,1024,4096
t5-large,actmat,transformer.encoder.block.2.layer.1.DenseReluDense.wi.weight,16,cosine_similarity,0.33817610144615173,1024,4096
t5-large,actmat-identity-inv,transformer.encoder.block.2.layer.1.DenseReluDense.wi.weight,16,rm_loss,10065.841796875,1024,4096
t5-large,regmean,transformer.encoder.block.2.layer.1.DenseReluDense.wi.weight,16,rm_loss,2603.40625,1024,4096
t5-large,identity,transformer.encoder.block.2.layer.1.DenseReluDense.wi.weight,16,rm_loss,8958.0546875,1024,4096
t5-large,identity,transformer.encoder.block.2.layer.1.DenseReluDense.wi.weight,16,cosine_similarity,0.08114238828420639,1024,4096
t5-large,actmat,transformer.encoder.block.2.layer.1.DenseReluDense.wo.weight,17,rm_loss,20930.955078125,4096,1024
t5-large,actmat,transformer.encoder.block.2.layer.1.DenseReluDense.wo.weight,17,cosine_similarity,0.28494852781295776,4096,1024
t5-large,actmat-identity-inv,transformer.encoder.block.2.layer.1.DenseReluDense.wo.weight,17,rm_loss,12212.4541015625,4096,1024
t5-large,regmean,transformer.encoder.block.2.layer.1.DenseReluDense.wo.weight,17,rm_loss,3218.794921875,4096,1024
t5-large,identity,transformer.encoder.block.2.layer.1.DenseReluDense.wo.weight,17,rm_loss,9935.328125,4096,1024
t5-large,identity,transformer.encoder.block.2.layer.1.DenseReluDense.wo.weight,17,cosine_similarity,0.11666619777679443,4096,1024
t5-large,actmat,transformer.encoder.block.3.layer.0.SelfAttention.q.weight,18,rm_loss,145.22012329101562,1024,1024
t5-large,actmat,transformer.encoder.block.3.layer.0.SelfAttention.q.weight,18,cosine_similarity,0.4786806106567383,1024,1024
t5-large,actmat-identity-inv,transformer.encoder.block.3.layer.0.SelfAttention.q.weight,18,rm_loss,124.4241714477539,1024,1024
t5-large,regmean,transformer.encoder.block.3.layer.0.SelfAttention.q.weight,18,rm_loss,37.14955139160156,1024,1024
t5-large,identity,transformer.encoder.block.3.layer.0.SelfAttention.q.weight,18,rm_loss,98.90388488769531,1024,1024
t5-large,identity,transformer.encoder.block.3.layer.0.SelfAttention.q.weight,18,cosine_similarity,0.2744494080543518,1024,1024
t5-large,actmat,transformer.encoder.block.3.layer.0.SelfAttention.k.weight,19,rm_loss,144.80465698242188,1024,1024
t5-large,actmat,transformer.encoder.block.3.layer.0.SelfAttention.k.weight,19,cosine_similarity,0.5270929336547852,1024,1024
t5-large,actmat-identity-inv,transformer.encoder.block.3.layer.0.SelfAttention.k.weight,19,rm_loss,122.71575927734375,1024,1024
t5-large,regmean,transformer.encoder.block.3.layer.0.SelfAttention.k.weight,19,rm_loss,40.273101806640625,1024,1024
t5-large,identity,transformer.encoder.block.3.layer.0.SelfAttention.k.weight,19,rm_loss,96.52703094482422,1024,1024
t5-large,identity,transformer.encoder.block.3.layer.0.SelfAttention.k.weight,19,cosine_similarity,0.2744494080543518,1024,1024
t5-large,actmat,transformer.encoder.block.3.layer.0.SelfAttention.v.weight,20,rm_loss,178.832763671875,1024,1024
t5-large,actmat,transformer.encoder.block.3.layer.0.SelfAttention.v.weight,20,cosine_similarity,0.5737839937210083,1024,1024
t5-large,actmat-identity-inv,transformer.encoder.block.3.layer.0.SelfAttention.v.weight,20,rm_loss,192.99276733398438,1024,1024
t5-large,regmean,transformer.encoder.block.3.layer.0.SelfAttention.v.weight,20,rm_loss,44.17999267578125,1024,1024
t5-large,identity,transformer.encoder.block.3.layer.0.SelfAttention.v.weight,20,rm_loss,146.4661865234375,1024,1024
t5-large,identity,transformer.encoder.block.3.layer.0.SelfAttention.v.weight,20,cosine_similarity,0.2744494080543518,1024,1024
t5-large,actmat,transformer.encoder.block.3.layer.0.SelfAttention.o.weight,21,rm_loss,1286.728515625,1024,1024
t5-large,actmat,transformer.encoder.block.3.layer.0.SelfAttention.o.weight,21,cosine_similarity,0.6190142035484314,1024,1024
t5-large,actmat-identity-inv,transformer.encoder.block.3.layer.0.SelfAttention.o.weight,21,rm_loss,3994.792236328125,1024,1024
t5-large,regmean,transformer.encoder.block.3.layer.0.SelfAttention.o.weight,21,rm_loss,283.53076171875,1024,1024
t5-large,identity,transformer.encoder.block.3.layer.0.SelfAttention.o.weight,21,rm_loss,2951.93798828125,1024,1024
t5-large,identity,transformer.encoder.block.3.layer.0.SelfAttention.o.weight,21,cosine_similarity,0.1489609330892563,1024,1024
t5-large,actmat,transformer.encoder.block.3.layer.1.DenseReluDense.wi.weight,22,rm_loss,16366.11328125,1024,4096
t5-large,actmat,transformer.encoder.block.3.layer.1.DenseReluDense.wi.weight,22,cosine_similarity,0.332743763923645,1024,4096
t5-large,actmat-identity-inv,transformer.encoder.block.3.layer.1.DenseReluDense.wi.weight,22,rm_loss,19097.712890625,1024,4096
t5-large,regmean,transformer.encoder.block.3.layer.1.DenseReluDense.wi.weight,22,rm_loss,4551.80078125,1024,4096
t5-large,identity,transformer.encoder.block.3.layer.1.DenseReluDense.wi.weight,22,rm_loss,17289.2265625,1024,4096
t5-large,identity,transformer.encoder.block.3.layer.1.DenseReluDense.wi.weight,22,cosine_similarity,0.07328931987285614,1024,4096
t5-large,actmat,transformer.encoder.block.3.layer.1.DenseReluDense.wo.weight,23,rm_loss,20470.3984375,4096,1024
t5-large,actmat,transformer.encoder.block.3.layer.1.DenseReluDense.wo.weight,23,cosine_similarity,0.1993131935596466,4096,1024
t5-large,actmat-identity-inv,transformer.encoder.block.3.layer.1.DenseReluDense.wo.weight,23,rm_loss,9887.822265625,4096,1024
t5-large,regmean,transformer.encoder.block.3.layer.1.DenseReluDense.wo.weight,23,rm_loss,2663.10546875,4096,1024
t5-large,identity,transformer.encoder.block.3.layer.1.DenseReluDense.wo.weight,23,rm_loss,7957.46875,4096,1024
t5-large,identity,transformer.encoder.block.3.layer.1.DenseReluDense.wo.weight,23,cosine_similarity,0.10933682322502136,4096,1024
t5-large,actmat,transformer.encoder.block.4.layer.0.SelfAttention.q.weight,24,rm_loss,170.29849243164062,1024,1024
t5-large,actmat,transformer.encoder.block.4.layer.0.SelfAttention.q.weight,24,cosine_similarity,0.4959943890571594,1024,1024
t5-large,actmat-identity-inv,transformer.encoder.block.4.layer.0.SelfAttention.q.weight,24,rm_loss,164.16282653808594,1024,1024
t5-large,regmean,transformer.encoder.block.4.layer.0.SelfAttention.q.weight,24,rm_loss,44.336700439453125,1024,1024
t5-large,identity,transformer.encoder.block.4.layer.0.SelfAttention.q.weight,24,rm_loss,129.0242462158203,1024,1024
t5-large,identity,transformer.encoder.block.4.layer.0.SelfAttention.q.weight,24,cosine_similarity,0.26832979917526245,1024,1024
t5-large,actmat,transformer.encoder.block.4.layer.0.SelfAttention.k.weight,25,rm_loss,177.27072143554688,1024,1024
t5-large,actmat,transformer.encoder.block.4.layer.0.SelfAttention.k.weight,25,cosine_similarity,0.4943404495716095,1024,1024
t5-large,actmat-identity-inv,transformer.encoder.block.4.layer.0.SelfAttention.k.weight,25,rm_loss,154.97067260742188,1024,1024
t5-large,regmean,transformer.encoder.block.4.layer.0.SelfAttention.k.weight,25,rm_loss,49.06184387207031,1024,1024
t5-large,identity,transformer.encoder.block.4.layer.0.SelfAttention.k.weight,25,rm_loss,122.9407958984375,1024,1024
t5-large,identity,transformer.encoder.block.4.layer.0.SelfAttention.k.weight,25,cosine_similarity,0.26832979917526245,1024,1024
t5-large,actmat,transformer.encoder.block.4.layer.0.SelfAttention.v.weight,26,rm_loss,233.6165771484375,1024,1024
t5-large,actmat,transformer.encoder.block.4.layer.0.SelfAttention.v.weight,26,cosine_similarity,0.5411959290504456,1024,1024
t5-large,actmat-identity-inv,transformer.encoder.block.4.layer.0.SelfAttention.v.weight,26,rm_loss,239.7683563232422,1024,1024
t5-large,regmean,transformer.encoder.block.4.layer.0.SelfAttention.v.weight,26,rm_loss,51.012481689453125,1024,1024
t5-large,identity,transformer.encoder.block.4.layer.0.SelfAttention.v.weight,26,rm_loss,181.82411193847656,1024,1024
t5-large,identity,transformer.encoder.block.4.layer.0.SelfAttention.v.weight,26,cosine_similarity,0.26832979917526245,1024,1024
t5-large,actmat,transformer.encoder.block.4.layer.0.SelfAttention.o.weight,27,rm_loss,1835.009765625,1024,1024
t5-large,actmat,transformer.encoder.block.4.layer.0.SelfAttention.o.weight,27,cosine_similarity,0.577788770198822,1024,1024
t5-large,actmat-identity-inv,transformer.encoder.block.4.layer.0.SelfAttention.o.weight,27,rm_loss,5503.91845703125,1024,1024
t5-large,regmean,transformer.encoder.block.4.layer.0.SelfAttention.o.weight,27,rm_loss,350.3388671875,1024,1024
t5-large,identity,transformer.encoder.block.4.layer.0.SelfAttention.o.weight,27,rm_loss,4135.30078125,1024,1024
t5-large,identity,transformer.encoder.block.4.layer.0.SelfAttention.o.weight,27,cosine_similarity,0.13274532556533813,1024,1024
t5-large,actmat,transformer.encoder.block.4.layer.1.DenseReluDense.wi.weight,28,rm_loss,28266.84765625,1024,4096
t5-large,actmat,transformer.encoder.block.4.layer.1.DenseReluDense.wi.weight,28,cosine_similarity,0.3562171161174774,1024,4096
t5-large,actmat-identity-inv,transformer.encoder.block.4.layer.1.DenseReluDense.wi.weight,28,rm_loss,33096.73046875,1024,4096
t5-large,regmean,transformer.encoder.block.4.layer.1.DenseReluDense.wi.weight,28,rm_loss,7183.765625,1024,4096
t5-large,identity,transformer.encoder.block.4.layer.1.DenseReluDense.wi.weight,28,rm_loss,30093.853515625,1024,4096
t5-large,identity,transformer.encoder.block.4.layer.1.DenseReluDense.wi.weight,28,cosine_similarity,0.07061964273452759,1024,4096
t5-large,actmat,transformer.encoder.block.4.layer.1.DenseReluDense.wo.weight,29,rm_loss,25507.26953125,4096,1024
t5-large,actmat,transformer.encoder.block.4.layer.1.DenseReluDense.wo.weight,29,cosine_similarity,0.09247832000255585,4096,1024
t5-large,actmat-identity-inv,transformer.encoder.block.4.layer.1.DenseReluDense.wo.weight,29,rm_loss,8380.0302734375,4096,1024
t5-large,regmean,transformer.encoder.block.4.layer.1.DenseReluDense.wo.weight,29,rm_loss,2835.265625,4096,1024
t5-large,identity,transformer.encoder.block.4.layer.1.DenseReluDense.wo.weight,29,rm_loss,6614.146484375,4096,1024
t5-large,identity,transformer.encoder.block.4.layer.1.DenseReluDense.wo.weight,29,cosine_similarity,0.06768665462732315,4096,1024
t5-large,actmat,transformer.encoder.block.5.layer.0.SelfAttention.q.weight,30,rm_loss,227.029541015625,1024,1024
t5-large,actmat,transformer.encoder.block.5.layer.0.SelfAttention.q.weight,30,cosine_similarity,0.5140509009361267,1024,1024
t5-large,actmat-identity-inv,transformer.encoder.block.5.layer.0.SelfAttention.q.weight,30,rm_loss,191.92330932617188,1024,1024
t5-large,regmean,transformer.encoder.block.5.layer.0.SelfAttention.q.weight,30,rm_loss,48.300689697265625,1024,1024
t5-large,identity,transformer.encoder.block.5.layer.0.SelfAttention.q.weight,30,rm_loss,152.45028686523438,1024,1024
t5-large,identity,transformer.encoder.block.5.layer.0.SelfAttention.q.weight,30,cosine_similarity,0.2550158202648163,1024,1024
t5-large,actmat,transformer.encoder.block.5.layer.0.SelfAttention.k.weight,31,rm_loss,188.6319580078125,1024,1024
t5-large,actmat,transformer.encoder.block.5.layer.0.SelfAttention.k.weight,31,cosine_similarity,0.512775182723999,1024,1024
t5-large,actmat-identity-inv,transformer.encoder.block.5.layer.0.SelfAttention.k.weight,31,rm_loss,182.35845947265625,1024,1024
t5-large,regmean,transformer.encoder.block.5.layer.0.SelfAttention.k.weight,31,rm_loss,54.3424072265625,1024,1024
t5-large,identity,transformer.encoder.block.5.layer.0.SelfAttention.k.weight,31,rm_loss,144.11676025390625,1024,1024
t5-large,identity,transformer.encoder.block.5.layer.0.SelfAttention.k.weight,31,cosine_similarity,0.2550158202648163,1024,1024
t5-large,actmat,transformer.encoder.block.5.layer.0.SelfAttention.v.weight,32,rm_loss,248.71652221679688,1024,1024
t5-large,actmat,transformer.encoder.block.5.layer.0.SelfAttention.v.weight,32,cosine_similarity,0.5584571361541748,1024,1024
t5-large,actmat-identity-inv,transformer.encoder.block.5.layer.0.SelfAttention.v.weight,32,rm_loss,270.15570068359375,1024,1024
t5-large,regmean,transformer.encoder.block.5.layer.0.SelfAttention.v.weight,32,rm_loss,56.4212646484375,1024,1024
t5-large,identity,transformer.encoder.block.5.layer.0.SelfAttention.v.weight,32,rm_loss,207.33078002929688,1024,1024
t5-large,identity,transformer.encoder.block.5.layer.0.SelfAttention.v.weight,32,cosine_similarity,0.2550158202648163,1024,1024
t5-large,actmat,transformer.encoder.block.5.layer.0.SelfAttention.o.weight,33,rm_loss,1987.1982421875,1024,1024
t5-large,actmat,transformer.encoder.block.5.layer.0.SelfAttention.o.weight,33,cosine_similarity,0.5905112028121948,1024,1024
t5-large,actmat-identity-inv,transformer.encoder.block.5.layer.0.SelfAttention.o.weight,33,rm_loss,5746.44287109375,1024,1024
t5-large,regmean,transformer.encoder.block.5.layer.0.SelfAttention.o.weight,33,rm_loss,407.7890625,1024,1024
t5-large,identity,transformer.encoder.block.5.layer.0.SelfAttention.o.weight,33,rm_loss,4224.939453125,1024,1024
t5-large,identity,transformer.encoder.block.5.layer.0.SelfAttention.o.weight,33,cosine_similarity,0.14754760265350342,1024,1024
t5-large,actmat,transformer.encoder.block.5.layer.1.DenseReluDense.wi.weight,34,rm_loss,48105.88671875,1024,4096
t5-large,actmat,transformer.encoder.block.5.layer.1.DenseReluDense.wi.weight,34,cosine_similarity,0.37997686862945557,1024,4096
t5-large,actmat-identity-inv,transformer.encoder.block.5.layer.1.DenseReluDense.wi.weight,34,rm_loss,50829.26171875,1024,4096
t5-large,regmean,transformer.encoder.block.5.layer.1.DenseReluDense.wi.weight,34,rm_loss,10070.8828125,1024,4096
t5-large,identity,transformer.encoder.block.5.layer.1.DenseReluDense.wi.weight,34,rm_loss,46288.734375,1024,4096
t5-large,identity,transformer.encoder.block.5.layer.1.DenseReluDense.wi.weight,34,cosine_similarity,0.06997701525688171,1024,4096
t5-large,actmat,transformer.encoder.block.5.layer.1.DenseReluDense.wo.weight,35,rm_loss,35694.546875,4096,1024
t5-large,actmat,transformer.encoder.block.5.layer.1.DenseReluDense.wo.weight,35,cosine_similarity,0.043822742998600006,4096,1024
t5-large,actmat-identity-inv,transformer.encoder.block.5.layer.1.DenseReluDense.wo.weight,35,rm_loss,8211.6953125,4096,1024
t5-large,regmean,transformer.encoder.block.5.layer.1.DenseReluDense.wo.weight,35,rm_loss,3556.3515625,4096,1024
t5-large,identity,transformer.encoder.block.5.layer.1.DenseReluDense.wo.weight,35,rm_loss,6498.44580078125,4096,1024
t5-large,identity,transformer.encoder.block.5.layer.1.DenseReluDense.wo.weight,35,cosine_similarity,0.04104814678430557,4096,1024
t5-large,actmat,transformer.encoder.block.6.layer.0.SelfAttention.q.weight,36,rm_loss,181.75173950195312,1024,1024
t5-large,actmat,transformer.encoder.block.6.layer.0.SelfAttention.q.weight,36,cosine_similarity,0.5328661203384399,1024,1024
t5-large,actmat-identity-inv,transformer.encoder.block.6.layer.0.SelfAttention.q.weight,36,rm_loss,198.04052734375,1024,1024
t5-large,regmean,transformer.encoder.block.6.layer.0.SelfAttention.q.weight,36,rm_loss,45.812164306640625,1024,1024
t5-large,identity,transformer.encoder.block.6.layer.0.SelfAttention.q.weight,36,rm_loss,152.72544860839844,1024,1024
t5-large,identity,transformer.encoder.block.6.layer.0.SelfAttention.q.weight,36,cosine_similarity,0.24598917365074158,1024,1024
t5-large,actmat,transformer.encoder.block.6.layer.0.SelfAttention.k.weight,37,rm_loss,203.995849609375,1024,1024
t5-large,actmat,transformer.encoder.block.6.layer.0.SelfAttention.k.weight,37,cosine_similarity,0.5336534976959229,1024,1024
t5-large,actmat-identity-inv,transformer.encoder.block.6.layer.0.SelfAttention.k.weight,37,rm_loss,197.3179473876953,1024,1024
t5-large,regmean,transformer.encoder.block.6.layer.0.SelfAttention.k.weight,37,rm_loss,58.13250732421875,1024,1024
t5-large,identity,transformer.encoder.block.6.layer.0.SelfAttention.k.weight,37,rm_loss,156.4207763671875,1024,1024
t5-large,identity,transformer.encoder.block.6.layer.0.SelfAttention.k.weight,37,cosine_similarity,0.24598917365074158,1024,1024
t5-large,actmat,transformer.encoder.block.6.layer.0.SelfAttention.v.weight,38,rm_loss,222.63543701171875,1024,1024
t5-large,actmat,transformer.encoder.block.6.layer.0.SelfAttention.v.weight,38,cosine_similarity,0.628869891166687,1024,1024
t5-large,actmat-identity-inv,transformer.encoder.block.6.layer.0.SelfAttention.v.weight,38,rm_loss,310.1202392578125,1024,1024
t5-large,regmean,transformer.encoder.block.6.layer.0.SelfAttention.v.weight,38,rm_loss,57.93505859375,1024,1024
t5-large,identity,transformer.encoder.block.6.layer.0.SelfAttention.v.weight,38,rm_loss,236.1409912109375,1024,1024
t5-large,identity,transformer.encoder.block.6.layer.0.SelfAttention.v.weight,38,cosine_similarity,0.24598917365074158,1024,1024
t5-large,actmat,transformer.encoder.block.6.layer.0.SelfAttention.o.weight,39,rm_loss,2055.1123046875,1024,1024
t5-large,actmat,transformer.encoder.block.6.layer.0.SelfAttention.o.weight,39,cosine_similarity,0.5912006497383118,1024,1024
t5-large,actmat-identity-inv,transformer.encoder.block.6.layer.0.SelfAttention.o.weight,39,rm_loss,6729.0185546875,1024,1024
t5-large,regmean,transformer.encoder.block.6.layer.0.SelfAttention.o.weight,39,rm_loss,499.87890625,1024,1024
t5-large,identity,transformer.encoder.block.6.layer.0.SelfAttention.o.weight,39,rm_loss,4936.0517578125,1024,1024
t5-large,identity,transformer.encoder.block.6.layer.0.SelfAttention.o.weight,39,cosine_similarity,0.13975286483764648,1024,1024
t5-large,actmat,transformer.encoder.block.6.layer.1.DenseReluDense.wi.weight,40,rm_loss,52660.7421875,1024,4096
t5-large,actmat,transformer.encoder.block.6.layer.1.DenseReluDense.wi.weight,40,cosine_similarity,0.39211851358413696,1024,4096
t5-large,actmat-identity-inv,transformer.encoder.block.6.layer.1.DenseReluDense.wi.weight,40,rm_loss,64461.10546875,1024,4096
t5-large,regmean,transformer.encoder.block.6.layer.1.DenseReluDense.wi.weight,40,rm_loss,12121.734375,1024,4096
t5-large,identity,transformer.encoder.block.6.layer.1.DenseReluDense.wi.weight,40,rm_loss,58395.5625,1024,4096
t5-large,identity,transformer.encoder.block.6.layer.1.DenseReluDense.wi.weight,40,cosine_similarity,0.07140111178159714,1024,4096
t5-large,actmat,transformer.encoder.block.6.layer.1.DenseReluDense.wo.weight,41,rm_loss,38819.3046875,4096,1024
t5-large,actmat,transformer.encoder.block.6.layer.1.DenseReluDense.wo.weight,41,cosine_similarity,0.06003592908382416,4096,1024
t5-large,actmat-identity-inv,transformer.encoder.block.6.layer.1.DenseReluDense.wo.weight,41,rm_loss,11484.2451171875,4096,1024
t5-large,regmean,transformer.encoder.block.6.layer.1.DenseReluDense.wo.weight,41,rm_loss,4742.40234375,4096,1024
t5-large,identity,transformer.encoder.block.6.layer.1.DenseReluDense.wo.weight,41,rm_loss,9019.4853515625,4096,1024
t5-large,identity,transformer.encoder.block.6.layer.1.DenseReluDense.wo.weight,41,cosine_similarity,0.04388200119137764,4096,1024
t5-large,actmat,transformer.encoder.block.7.layer.0.SelfAttention.q.weight,42,rm_loss,205.03598022460938,1024,1024
t5-large,actmat,transformer.encoder.block.7.layer.0.SelfAttention.q.weight,42,cosine_similarity,0.5229363441467285,1024,1024
t5-large,actmat-identity-inv,transformer.encoder.block.7.layer.0.SelfAttention.q.weight,42,rm_loss,210.31649780273438,1024,1024
t5-large,regmean,transformer.encoder.block.7.layer.0.SelfAttention.q.weight,42,rm_loss,48.91339111328125,1024,1024
t5-large,identity,transformer.encoder.block.7.layer.0.SelfAttention.q.weight,42,rm_loss,168.273681640625,1024,1024
t5-large,identity,transformer.encoder.block.7.layer.0.SelfAttention.q.weight,42,cosine_similarity,0.23921231925487518,1024,1024
t5-large,actmat,transformer.encoder.block.7.layer.0.SelfAttention.k.weight,43,rm_loss,183.14657592773438,1024,1024
t5-large,actmat,transformer.encoder.block.7.layer.0.SelfAttention.k.weight,43,cosine_similarity,0.523777425289154,1024,1024
t5-large,actmat-identity-inv,transformer.encoder.block.7.layer.0.SelfAttention.k.weight,43,rm_loss,181.8846435546875,1024,1024
t5-large,regmean,transformer.encoder.block.7.layer.0.SelfAttention.k.weight,43,rm_loss,52.970306396484375,1024,1024
t5-large,identity,transformer.encoder.block.7.layer.0.SelfAttention.k.weight,43,rm_loss,145.662841796875,1024,1024
t5-large,identity,transformer.encoder.block.7.layer.0.SelfAttention.k.weight,43,cosine_similarity,0.23921231925487518,1024,1024
t5-large,actmat,transformer.encoder.block.7.layer.0.SelfAttention.v.weight,44,rm_loss,220.3848876953125,1024,1024
t5-large,actmat,transformer.encoder.block.7.layer.0.SelfAttention.v.weight,44,cosine_similarity,0.6233668327331543,1024,1024
t5-large,actmat-identity-inv,transformer.encoder.block.7.layer.0.SelfAttention.v.weight,44,rm_loss,312.3250427246094,1024,1024
t5-large,regmean,transformer.encoder.block.7.layer.0.SelfAttention.v.weight,44,rm_loss,56.03857421875,1024,1024
t5-large,identity,transformer.encoder.block.7.layer.0.SelfAttention.v.weight,44,rm_loss,235.46029663085938,1024,1024
t5-large,identity,transformer.encoder.block.7.layer.0.SelfAttention.v.weight,44,cosine_similarity,0.23921231925487518,1024,1024
t5-large,actmat,transformer.encoder.block.7.layer.0.SelfAttention.o.weight,45,rm_loss,2457.6669921875,1024,1024
t5-large,actmat,transformer.encoder.block.7.layer.0.SelfAttention.o.weight,45,cosine_similarity,0.5558070540428162,1024,1024
t5-large,actmat-identity-inv,transformer.encoder.block.7.layer.0.SelfAttention.o.weight,45,rm_loss,6966.67236328125,1024,1024
t5-large,regmean,transformer.encoder.block.7.layer.0.SelfAttention.o.weight,45,rm_loss,542.7900390625,1024,1024
t5-large,identity,transformer.encoder.block.7.layer.0.SelfAttention.o.weight,45,rm_loss,5061.42041015625,1024,1024
t5-large,identity,transformer.encoder.block.7.layer.0.SelfAttention.o.weight,45,cosine_similarity,0.13885457813739777,1024,1024
t5-large,actmat,transformer.encoder.block.7.layer.1.DenseReluDense.wi.weight,46,rm_loss,58235.9296875,1024,4096
t5-large,actmat,transformer.encoder.block.7.layer.1.DenseReluDense.wi.weight,46,cosine_similarity,0.40946391224861145,1024,4096
t5-large,actmat-identity-inv,transformer.encoder.block.7.layer.1.DenseReluDense.wi.weight,46,rm_loss,70065.6171875,1024,4096
t5-large,regmean,transformer.encoder.block.7.layer.1.DenseReluDense.wi.weight,46,rm_loss,12556.515625,1024,4096
t5-large,identity,transformer.encoder.block.7.layer.1.DenseReluDense.wi.weight,46,rm_loss,63354.69140625,1024,4096
t5-large,identity,transformer.encoder.block.7.layer.1.DenseReluDense.wi.weight,46,cosine_similarity,0.07450347393751144,1024,4096
t5-large,actmat,transformer.encoder.block.7.layer.1.DenseReluDense.wo.weight,47,rm_loss,51100.7109375,4096,1024
t5-large,actmat,transformer.encoder.block.7.layer.1.DenseReluDense.wo.weight,47,cosine_similarity,0.06664157658815384,4096,1024
t5-large,actmat-identity-inv,transformer.encoder.block.7.layer.1.DenseReluDense.wo.weight,47,rm_loss,11675.3603515625,4096,1024
t5-large,regmean,transformer.encoder.block.7.layer.1.DenseReluDense.wo.weight,47,rm_loss,4909.087890625,4096,1024
t5-large,identity,transformer.encoder.block.7.layer.1.DenseReluDense.wo.weight,47,rm_loss,9235.779296875,4096,1024
t5-large,identity,transformer.encoder.block.7.layer.1.DenseReluDense.wo.weight,47,cosine_similarity,0.051980387419462204,4096,1024
t5-large,actmat,transformer.encoder.block.8.layer.0.SelfAttention.q.weight,48,rm_loss,319.49896240234375,1024,1024
t5-large,actmat,transformer.encoder.block.8.layer.0.SelfAttention.q.weight,48,cosine_similarity,0.5635366439819336,1024,1024
t5-large,actmat-identity-inv,transformer.encoder.block.8.layer.0.SelfAttention.q.weight,48,rm_loss,308.4013977050781,1024,1024
t5-large,regmean,transformer.encoder.block.8.layer.0.SelfAttention.q.weight,48,rm_loss,67.26943969726562,1024,1024
t5-large,identity,transformer.encoder.block.8.layer.0.SelfAttention.q.weight,48,rm_loss,248.7698974609375,1024,1024
t5-large,identity,transformer.encoder.block.8.layer.0.SelfAttention.q.weight,48,cosine_similarity,0.21927326917648315,1024,1024
t5-large,actmat,transformer.encoder.block.8.layer.0.SelfAttention.k.weight,49,rm_loss,327.00738525390625,1024,1024
t5-large,actmat,transformer.encoder.block.8.layer.0.SelfAttention.k.weight,49,cosine_similarity,0.4990744888782501,1024,1024
t5-large,actmat-identity-inv,transformer.encoder.block.8.layer.0.SelfAttention.k.weight,49,rm_loss,314.3171691894531,1024,1024
t5-large,regmean,transformer.encoder.block.8.layer.0.SelfAttention.k.weight,49,rm_loss,84.13497924804688,1024,1024
t5-large,identity,transformer.encoder.block.8.layer.0.SelfAttention.k.weight,49,rm_loss,257.0309143066406,1024,1024
t5-large,identity,transformer.encoder.block.8.layer.0.SelfAttention.k.weight,49,cosine_similarity,0.21927326917648315,1024,1024
t5-large,actmat,transformer.encoder.block.8.layer.0.SelfAttention.v.weight,50,rm_loss,358.0888671875,1024,1024
t5-large,actmat,transformer.encoder.block.8.layer.0.SelfAttention.v.weight,50,cosine_similarity,0.6157225370407104,1024,1024
t5-large,actmat-identity-inv,transformer.encoder.block.8.layer.0.SelfAttention.v.weight,50,rm_loss,437.5372314453125,1024,1024
t5-large,regmean,transformer.encoder.block.8.layer.0.SelfAttention.v.weight,50,rm_loss,80.9451904296875,1024,1024
t5-large,identity,transformer.encoder.block.8.layer.0.SelfAttention.v.weight,50,rm_loss,337.649169921875,1024,1024
t5-large,identity,transformer.encoder.block.8.layer.0.SelfAttention.v.weight,50,cosine_similarity,0.21927326917648315,1024,1024
t5-large,actmat,transformer.encoder.block.8.layer.0.SelfAttention.o.weight,51,rm_loss,3655.23828125,1024,1024
t5-large,actmat,transformer.encoder.block.8.layer.0.SelfAttention.o.weight,51,cosine_similarity,0.6039432883262634,1024,1024
t5-large,actmat-identity-inv,transformer.encoder.block.8.layer.0.SelfAttention.o.weight,51,rm_loss,11077.349609375,1024,1024
t5-large,regmean,transformer.encoder.block.8.layer.0.SelfAttention.o.weight,51,rm_loss,851.5234375,1024,1024
t5-large,identity,transformer.encoder.block.8.layer.0.SelfAttention.o.weight,51,rm_loss,8131.7001953125,1024,1024
t5-large,identity,transformer.encoder.block.8.layer.0.SelfAttention.o.weight,51,cosine_similarity,0.1457853615283966,1024,1024
t5-large,actmat,transformer.encoder.block.8.layer.1.DenseReluDense.wi.weight,52,rm_loss,138119.46875,1024,4096
t5-large,actmat,transformer.encoder.block.8.layer.1.DenseReluDense.wi.weight,52,cosine_similarity,0.4179087281227112,1024,4096
t5-large,actmat-identity-inv,transformer.encoder.block.8.layer.1.DenseReluDense.wi.weight,52,rm_loss,105080.328125,1024,4096
t5-large,regmean,transformer.encoder.block.8.layer.1.DenseReluDense.wi.weight,52,rm_loss,17289.1875,1024,4096
t5-large,identity,transformer.encoder.block.8.layer.1.DenseReluDense.wi.weight,52,rm_loss,95511.03125,1024,4096
t5-large,identity,transformer.encoder.block.8.layer.1.DenseReluDense.wi.weight,52,cosine_similarity,0.07315676659345627,1024,4096
t5-large,actmat,transformer.encoder.block.8.layer.1.DenseReluDense.wo.weight,53,rm_loss,50907.6015625,4096,1024
t5-large,actmat,transformer.encoder.block.8.layer.1.DenseReluDense.wo.weight,53,cosine_similarity,0.05615277215838432,4096,1024
t5-large,actmat-identity-inv,transformer.encoder.block.8.layer.1.DenseReluDense.wo.weight,53,rm_loss,11892.509765625,4096,1024
t5-large,regmean,transformer.encoder.block.8.layer.1.DenseReluDense.wo.weight,53,rm_loss,5162.251953125,4096,1024
t5-large,identity,transformer.encoder.block.8.layer.1.DenseReluDense.wo.weight,53,rm_loss,9402.0341796875,4096,1024
t5-large,identity,transformer.encoder.block.8.layer.1.DenseReluDense.wo.weight,53,cosine_similarity,0.05174863710999489,4096,1024
t5-large,actmat,transformer.encoder.block.9.layer.0.SelfAttention.q.weight,54,rm_loss,259.38922119140625,1024,1024
t5-large,actmat,transformer.encoder.block.9.layer.0.SelfAttention.q.weight,54,cosine_similarity,0.5316789150238037,1024,1024
t5-large,actmat-identity-inv,transformer.encoder.block.9.layer.0.SelfAttention.q.weight,54,rm_loss,269.6588439941406,1024,1024
t5-large,regmean,transformer.encoder.block.9.layer.0.SelfAttention.q.weight,54,rm_loss,57.5877685546875,1024,1024
t5-large,identity,transformer.encoder.block.9.layer.0.SelfAttention.q.weight,54,rm_loss,214.75369262695312,1024,1024
t5-large,identity,transformer.encoder.block.9.layer.0.SelfAttention.q.weight,54,cosine_similarity,0.2239919900894165,1024,1024
t5-large,actmat,transformer.encoder.block.9.layer.0.SelfAttention.k.weight,55,rm_loss,249.177490234375,1024,1024
t5-large,actmat,transformer.encoder.block.9.layer.0.SelfAttention.k.weight,55,cosine_similarity,0.5163647532463074,1024,1024
t5-large,actmat-identity-inv,transformer.encoder.block.9.layer.0.SelfAttention.k.weight,55,rm_loss,254.2089385986328,1024,1024
t5-large,regmean,transformer.encoder.block.9.layer.0.SelfAttention.k.weight,55,rm_loss,67.8955078125,1024,1024
t5-large,identity,transformer.encoder.block.9.layer.0.SelfAttention.k.weight,55,rm_loss,202.89923095703125,1024,1024
t5-large,identity,transformer.encoder.block.9.layer.0.SelfAttention.k.weight,55,cosine_similarity,0.2239919900894165,1024,1024
t5-large,actmat,transformer.encoder.block.9.layer.0.SelfAttention.v.weight,56,rm_loss,278.92633056640625,1024,1024
t5-large,actmat,transformer.encoder.block.9.layer.0.SelfAttention.v.weight,56,cosine_similarity,0.6219146251678467,1024,1024
t5-large,actmat-identity-inv,transformer.encoder.block.9.layer.0.SelfAttention.v.weight,56,rm_loss,414.453857421875,1024,1024
t5-large,regmean,transformer.encoder.block.9.layer.0.SelfAttention.v.weight,56,rm_loss,70.39862060546875,1024,1024
t5-large,identity,transformer.encoder.block.9.layer.0.SelfAttention.v.weight,56,rm_loss,313.19268798828125,1024,1024
t5-large,identity,transformer.encoder.block.9.layer.0.SelfAttention.v.weight,56,cosine_similarity,0.2239919900894165,1024,1024
t5-large,actmat,transformer.encoder.block.9.layer.0.SelfAttention.o.weight,57,rm_loss,3874.814453125,1024,1024
t5-large,actmat,transformer.encoder.block.9.layer.0.SelfAttention.o.weight,57,cosine_similarity,0.5818068981170654,1024,1024
t5-large,actmat-identity-inv,transformer.encoder.block.9.layer.0.SelfAttention.o.weight,57,rm_loss,12289.087890625,1024,1024
t5-large,regmean,transformer.encoder.block.9.layer.0.SelfAttention.o.weight,57,rm_loss,841.560546875,1024,1024
t5-large,identity,transformer.encoder.block.9.layer.0.SelfAttention.o.weight,57,rm_loss,9031.41015625,1024,1024
t5-large,identity,transformer.encoder.block.9.layer.0.SelfAttention.o.weight,57,cosine_similarity,0.1321607530117035,1024,1024
t5-large,actmat,transformer.encoder.block.9.layer.1.DenseReluDense.wi.weight,58,rm_loss,101746.46875,1024,4096
t5-large,actmat,transformer.encoder.block.9.layer.1.DenseReluDense.wi.weight,58,cosine_similarity,0.4294997751712799,1024,4096
t5-large,actmat-identity-inv,transformer.encoder.block.9.layer.1.DenseReluDense.wi.weight,58,rm_loss,130414.0,1024,4096
t5-large,regmean,transformer.encoder.block.9.layer.1.DenseReluDense.wi.weight,58,rm_loss,19572.125,1024,4096
t5-large,identity,transformer.encoder.block.9.layer.1.DenseReluDense.wi.weight,58,rm_loss,117717.46875,1024,4096
t5-large,identity,transformer.encoder.block.9.layer.1.DenseReluDense.wi.weight,58,cosine_similarity,0.07469842582941055,1024,4096
t5-large,actmat,transformer.encoder.block.9.layer.1.DenseReluDense.wo.weight,59,rm_loss,60430.59375,4096,1024
t5-large,actmat,transformer.encoder.block.9.layer.1.DenseReluDense.wo.weight,59,cosine_similarity,0.05580607429146767,4096,1024
t5-large,actmat-identity-inv,transformer.encoder.block.9.layer.1.DenseReluDense.wo.weight,59,rm_loss,14843.4013671875,4096,1024
t5-large,regmean,transformer.encoder.block.9.layer.1.DenseReluDense.wo.weight,59,rm_loss,6171.94921875,4096,1024
t5-large,identity,transformer.encoder.block.9.layer.1.DenseReluDense.wo.weight,59,rm_loss,11489.26953125,4096,1024
t5-large,identity,transformer.encoder.block.9.layer.1.DenseReluDense.wo.weight,59,cosine_similarity,0.04882245883345604,4096,1024
t5-large,actmat,transformer.encoder.block.10.layer.0.SelfAttention.q.weight,60,rm_loss,258.563232421875,1024,1024
t5-large,actmat,transformer.encoder.block.10.layer.0.SelfAttention.q.weight,60,cosine_similarity,0.5258306860923767,1024,1024
t5-large,actmat-identity-inv,transformer.encoder.block.10.layer.0.SelfAttention.q.weight,60,rm_loss,275.6762390136719,1024,1024
t5-large,regmean,transformer.encoder.block.10.layer.0.SelfAttention.q.weight,60,rm_loss,53.29443359375,1024,1024
t5-large,identity,transformer.encoder.block.10.layer.0.SelfAttention.q.weight,60,rm_loss,215.9008331298828,1024,1024
t5-large,identity,transformer.encoder.block.10.layer.0.SelfAttention.q.weight,60,cosine_similarity,0.2152288258075714,1024,1024
t5-large,actmat,transformer.encoder.block.10.layer.0.SelfAttention.k.weight,61,rm_loss,252.5418701171875,1024,1024
t5-large,actmat,transformer.encoder.block.10.layer.0.SelfAttention.k.weight,61,cosine_similarity,0.5191693305969238,1024,1024
t5-large,actmat-identity-inv,transformer.encoder.block.10.layer.0.SelfAttention.k.weight,61,rm_loss,274.6623840332031,1024,1024
t5-large,regmean,transformer.encoder.block.10.layer.0.SelfAttention.k.weight,61,rm_loss,65.58078002929688,1024,1024
t5-large,identity,transformer.encoder.block.10.layer.0.SelfAttention.k.weight,61,rm_loss,217.50831604003906,1024,1024
t5-large,identity,transformer.encoder.block.10.layer.0.SelfAttention.k.weight,61,cosine_similarity,0.2152288258075714,1024,1024
t5-large,actmat,transformer.encoder.block.10.layer.0.SelfAttention.v.weight,62,rm_loss,258.07891845703125,1024,1024
t5-large,actmat,transformer.encoder.block.10.layer.0.SelfAttention.v.weight,62,cosine_similarity,0.6159822940826416,1024,1024
t5-large,actmat-identity-inv,transformer.encoder.block.10.layer.0.SelfAttention.v.weight,62,rm_loss,430.201904296875,1024,1024
t5-large,regmean,transformer.encoder.block.10.layer.0.SelfAttention.v.weight,62,rm_loss,62.28094482421875,1024,1024
t5-large,identity,transformer.encoder.block.10.layer.0.SelfAttention.v.weight,62,rm_loss,322.6636657714844,1024,1024
t5-large,identity,transformer.encoder.block.10.layer.0.SelfAttention.v.weight,62,cosine_similarity,0.2152288258075714,1024,1024
t5-large,actmat,transformer.encoder.block.10.layer.0.SelfAttention.o.weight,63,rm_loss,4999.71484375,1024,1024
t5-large,actmat,transformer.encoder.block.10.layer.0.SelfAttention.o.weight,63,cosine_similarity,0.5570171475410461,1024,1024
t5-large,actmat-identity-inv,transformer.encoder.block.10.layer.0.SelfAttention.o.weight,63,rm_loss,17361.2109375,1024,1024
t5-large,regmean,transformer.encoder.block.10.layer.0.SelfAttention.o.weight,63,rm_loss,745.28515625,1024,1024
t5-large,identity,transformer.encoder.block.10.layer.0.SelfAttention.o.weight,63,rm_loss,12776.7734375,1024,1024
t5-large,identity,transformer.encoder.block.10.layer.0.SelfAttention.o.weight,63,cosine_similarity,0.10815469175577164,1024,1024
t5-large,actmat,transformer.encoder.block.10.layer.1.DenseReluDense.wi.weight,64,rm_loss,116156.09375,1024,4096
t5-large,actmat,transformer.encoder.block.10.layer.1.DenseReluDense.wi.weight,64,cosine_similarity,0.4175020754337311,1024,4096
t5-large,actmat-identity-inv,transformer.encoder.block.10.layer.1.DenseReluDense.wi.weight,64,rm_loss,160001.40625,1024,4096
t5-large,regmean,transformer.encoder.block.10.layer.1.DenseReluDense.wi.weight,64,rm_loss,22226.875,1024,4096
t5-large,identity,transformer.encoder.block.10.layer.1.DenseReluDense.wi.weight,64,rm_loss,146538.96875,1024,4096
t5-large,identity,transformer.encoder.block.10.layer.1.DenseReluDense.wi.weight,64,cosine_similarity,0.07330918312072754,1024,4096
t5-large,actmat,transformer.encoder.block.10.layer.1.DenseReluDense.wo.weight,65,rm_loss,72303.28125,4096,1024
t5-large,actmat,transformer.encoder.block.10.layer.1.DenseReluDense.wo.weight,65,cosine_similarity,0.07017415016889572,4096,1024
t5-large,actmat-identity-inv,transformer.encoder.block.10.layer.1.DenseReluDense.wo.weight,65,rm_loss,18659.560546875,4096,1024
t5-large,regmean,transformer.encoder.block.10.layer.1.DenseReluDense.wo.weight,65,rm_loss,7146.00390625,4096,1024
t5-large,identity,transformer.encoder.block.10.layer.1.DenseReluDense.wo.weight,65,rm_loss,14617.8779296875,4096,1024
t5-large,identity,transformer.encoder.block.10.layer.1.DenseReluDense.wo.weight,65,cosine_similarity,0.05795023962855339,4096,1024
t5-large,actmat,transformer.encoder.block.11.layer.0.SelfAttention.q.weight,66,rm_loss,291.04986572265625,1024,1024
t5-large,actmat,transformer.encoder.block.11.layer.0.SelfAttention.q.weight,66,cosine_similarity,0.5375176072120667,1024,1024
t5-large,actmat-identity-inv,transformer.encoder.block.11.layer.0.SelfAttention.q.weight,66,rm_loss,336.9333190917969,1024,1024
t5-large,regmean,transformer.encoder.block.11.layer.0.SelfAttention.q.weight,66,rm_loss,61.42169189453125,1024,1024
t5-large,identity,transformer.encoder.block.11.layer.0.SelfAttention.q.weight,66,rm_loss,265.1641540527344,1024,1024
t5-large,identity,transformer.encoder.block.11.layer.0.SelfAttention.q.weight,66,cosine_similarity,0.20513634383678436,1024,1024
t5-large,actmat,transformer.encoder.block.11.layer.0.SelfAttention.k.weight,67,rm_loss,338.1146240234375,1024,1024
t5-large,actmat,transformer.encoder.block.11.layer.0.SelfAttention.k.weight,67,cosine_similarity,0.5455555319786072,1024,1024
t5-large,actmat-identity-inv,transformer.encoder.block.11.layer.0.SelfAttention.k.weight,67,rm_loss,362.3619384765625,1024,1024
t5-large,regmean,transformer.encoder.block.11.layer.0.SelfAttention.k.weight,67,rm_loss,76.5955810546875,1024,1024
t5-large,identity,transformer.encoder.block.11.layer.0.SelfAttention.k.weight,67,rm_loss,289.3167419433594,1024,1024
t5-large,identity,transformer.encoder.block.11.layer.0.SelfAttention.k.weight,67,cosine_similarity,0.20513634383678436,1024,1024
t5-large,actmat,transformer.encoder.block.11.layer.0.SelfAttention.v.weight,68,rm_loss,324.6654052734375,1024,1024
t5-large,actmat,transformer.encoder.block.11.layer.0.SelfAttention.v.weight,68,cosine_similarity,0.6331813335418701,1024,1024
t5-large,actmat-identity-inv,transformer.encoder.block.11.layer.0.SelfAttention.v.weight,68,rm_loss,548.06396484375,1024,1024
t5-large,regmean,transformer.encoder.block.11.layer.0.SelfAttention.v.weight,68,rm_loss,76.442138671875,1024,1024
t5-large,identity,transformer.encoder.block.11.layer.0.SelfAttention.v.weight,68,rm_loss,420.2878112792969,1024,1024
t5-large,identity,transformer.encoder.block.11.layer.0.SelfAttention.v.weight,68,cosine_similarity,0.20513634383678436,1024,1024
t5-large,actmat,transformer.encoder.block.11.layer.0.SelfAttention.o.weight,69,rm_loss,6807.4140625,1024,1024
t5-large,actmat,transformer.encoder.block.11.layer.0.SelfAttention.o.weight,69,cosine_similarity,0.5307852625846863,1024,1024
t5-large,actmat-identity-inv,transformer.encoder.block.11.layer.0.SelfAttention.o.weight,69,rm_loss,22058.79296875,1024,1024
t5-large,regmean,transformer.encoder.block.11.layer.0.SelfAttention.o.weight,69,rm_loss,1109.46484375,1024,1024
t5-large,identity,transformer.encoder.block.11.layer.0.SelfAttention.o.weight,69,rm_loss,16515.91015625,1024,1024
t5-large,identity,transformer.encoder.block.11.layer.0.SelfAttention.o.weight,69,cosine_similarity,0.11244112253189087,1024,1024
t5-large,actmat,transformer.encoder.block.11.layer.1.DenseReluDense.wi.weight,70,rm_loss,194263.078125,1024,4096
t5-large,actmat,transformer.encoder.block.11.layer.1.DenseReluDense.wi.weight,70,cosine_similarity,0.45633068680763245,1024,4096
t5-large,actmat-identity-inv,transformer.encoder.block.11.layer.1.DenseReluDense.wi.weight,70,rm_loss,184941.484375,1024,4096
t5-large,regmean,transformer.encoder.block.11.layer.1.DenseReluDense.wi.weight,70,rm_loss,23447.0,1024,4096
t5-large,identity,transformer.encoder.block.11.layer.1.DenseReluDense.wi.weight,70,rm_loss,167843.265625,1024,4096
t5-large,identity,transformer.encoder.block.11.layer.1.DenseReluDense.wi.weight,70,cosine_similarity,0.0775887668132782,1024,4096
t5-large,actmat,transformer.encoder.block.11.layer.1.DenseReluDense.wo.weight,71,rm_loss,76395.0703125,4096,1024
t5-large,actmat,transformer.encoder.block.11.layer.1.DenseReluDense.wo.weight,71,cosine_similarity,0.0745219960808754,4096,1024
t5-large,actmat-identity-inv,transformer.encoder.block.11.layer.1.DenseReluDense.wo.weight,71,rm_loss,25380.708984375,4096,1024
t5-large,regmean,transformer.encoder.block.11.layer.1.DenseReluDense.wo.weight,71,rm_loss,8497.48046875,4096,1024
t5-large,identity,transformer.encoder.block.11.layer.1.DenseReluDense.wo.weight,71,rm_loss,19609.662109375,4096,1024
t5-large,identity,transformer.encoder.block.11.layer.1.DenseReluDense.wo.weight,71,cosine_similarity,0.05613024905323982,4096,1024
t5-large,actmat,transformer.encoder.block.12.layer.0.SelfAttention.q.weight,72,rm_loss,282.005615234375,1024,1024
t5-large,actmat,transformer.encoder.block.12.layer.0.SelfAttention.q.weight,72,cosine_similarity,0.5498881340026855,1024,1024
t5-large,actmat-identity-inv,transformer.encoder.block.12.layer.0.SelfAttention.q.weight,72,rm_loss,370.0108947753906,1024,1024
t5-large,regmean,transformer.encoder.block.12.layer.0.SelfAttention.q.weight,72,rm_loss,62.62359619140625,1024,1024
t5-large,identity,transformer.encoder.block.12.layer.0.SelfAttention.q.weight,72,rm_loss,293.98114013671875,1024,1024
t5-large,identity,transformer.encoder.block.12.layer.0.SelfAttention.q.weight,72,cosine_similarity,0.19976694881916046,1024,1024
t5-large,actmat,transformer.encoder.block.12.layer.0.SelfAttention.k.weight,73,rm_loss,301.0450439453125,1024,1024
t5-large,actmat,transformer.encoder.block.12.layer.0.SelfAttention.k.weight,73,cosine_similarity,0.5479979515075684,1024,1024
t5-large,actmat-identity-inv,transformer.encoder.block.12.layer.0.SelfAttention.k.weight,73,rm_loss,372.30914306640625,1024,1024
t5-large,regmean,transformer.encoder.block.12.layer.0.SelfAttention.k.weight,73,rm_loss,74.700927734375,1024,1024
t5-large,identity,transformer.encoder.block.12.layer.0.SelfAttention.k.weight,73,rm_loss,295.13818359375,1024,1024
t5-large,identity,transformer.encoder.block.12.layer.0.SelfAttention.k.weight,73,cosine_similarity,0.19976694881916046,1024,1024
t5-large,actmat,transformer.encoder.block.12.layer.0.SelfAttention.v.weight,74,rm_loss,313.73150634765625,1024,1024
t5-large,actmat,transformer.encoder.block.12.layer.0.SelfAttention.v.weight,74,cosine_similarity,0.6369523406028748,1024,1024
t5-large,actmat-identity-inv,transformer.encoder.block.12.layer.0.SelfAttention.v.weight,74,rm_loss,572.037109375,1024,1024
t5-large,regmean,transformer.encoder.block.12.layer.0.SelfAttention.v.weight,74,rm_loss,75.915283203125,1024,1024
t5-large,identity,transformer.encoder.block.12.layer.0.SelfAttention.v.weight,74,rm_loss,438.1112365722656,1024,1024
t5-large,identity,transformer.encoder.block.12.layer.0.SelfAttention.v.weight,74,cosine_similarity,0.19976694881916046,1024,1024
t5-large,actmat,transformer.encoder.block.12.layer.0.SelfAttention.o.weight,75,rm_loss,9608.81640625,1024,1024
t5-large,actmat,transformer.encoder.block.12.layer.0.SelfAttention.o.weight,75,cosine_similarity,0.5134377479553223,1024,1024
t5-large,actmat-identity-inv,transformer.encoder.block.12.layer.0.SelfAttention.o.weight,75,rm_loss,31839.640625,1024,1024
t5-large,regmean,transformer.encoder.block.12.layer.0.SelfAttention.o.weight,75,rm_loss,1541.203125,1024,1024
t5-large,identity,transformer.encoder.block.12.layer.0.SelfAttention.o.weight,75,rm_loss,23767.25390625,1024,1024
t5-large,identity,transformer.encoder.block.12.layer.0.SelfAttention.o.weight,75,cosine_similarity,0.11524195224046707,1024,1024
t5-large,actmat,transformer.encoder.block.12.layer.1.DenseReluDense.wi.weight,76,rm_loss,94126.6875,1024,4096
t5-large,actmat,transformer.encoder.block.12.layer.1.DenseReluDense.wi.weight,76,cosine_similarity,0.4894776940345764,1024,4096
t5-large,actmat-identity-inv,transformer.encoder.block.12.layer.1.DenseReluDense.wi.weight,76,rm_loss,172155.21875,1024,4096
t5-large,regmean,transformer.encoder.block.12.layer.1.DenseReluDense.wi.weight,76,rm_loss,19904.46875,1024,4096
t5-large,identity,transformer.encoder.block.12.layer.1.DenseReluDense.wi.weight,76,rm_loss,153030.90625,1024,4096
t5-large,identity,transformer.encoder.block.12.layer.1.DenseReluDense.wi.weight,76,cosine_similarity,0.08141937106847763,1024,4096
t5-large,actmat,transformer.encoder.block.12.layer.1.DenseReluDense.wo.weight,77,rm_loss,105776.2421875,4096,1024
t5-large,actmat,transformer.encoder.block.12.layer.1.DenseReluDense.wo.weight,77,cosine_similarity,0.0902617871761322,4096,1024
t5-large,actmat-identity-inv,transformer.encoder.block.12.layer.1.DenseReluDense.wo.weight,77,rm_loss,56887.25,4096,1024
t5-large,regmean,transformer.encoder.block.12.layer.1.DenseReluDense.wo.weight,77,rm_loss,11162.75,4096,1024
t5-large,identity,transformer.encoder.block.12.layer.1.DenseReluDense.wo.weight,77,rm_loss,42118.5078125,4096,1024
t5-large,identity,transformer.encoder.block.12.layer.1.DenseReluDense.wo.weight,77,cosine_similarity,0.05493688955903053,4096,1024
t5-large,actmat,transformer.encoder.block.13.layer.0.SelfAttention.q.weight,78,rm_loss,236.92010498046875,1024,1024
t5-large,actmat,transformer.encoder.block.13.layer.0.SelfAttention.q.weight,78,cosine_similarity,0.5218062400817871,1024,1024
t5-large,actmat-identity-inv,transformer.encoder.block.13.layer.0.SelfAttention.q.weight,78,rm_loss,357.5765686035156,1024,1024
t5-large,regmean,transformer.encoder.block.13.layer.0.SelfAttention.q.weight,78,rm_loss,54.36822509765625,1024,1024
t5-large,identity,transformer.encoder.block.13.layer.0.SelfAttention.q.weight,78,rm_loss,280.4986877441406,1024,1024
t5-large,identity,transformer.encoder.block.13.layer.0.SelfAttention.q.weight,78,cosine_similarity,0.18845555186271667,1024,1024
t5-large,actmat,transformer.encoder.block.13.layer.0.SelfAttention.k.weight,79,rm_loss,301.57867431640625,1024,1024
t5-large,actmat,transformer.encoder.block.13.layer.0.SelfAttention.k.weight,79,cosine_similarity,0.540673553943634,1024,1024
t5-large,actmat-identity-inv,transformer.encoder.block.13.layer.0.SelfAttention.k.weight,79,rm_loss,390.9142761230469,1024,1024
t5-large,regmean,transformer.encoder.block.13.layer.0.SelfAttention.k.weight,79,rm_loss,71.34783935546875,1024,1024
t5-large,identity,transformer.encoder.block.13.layer.0.SelfAttention.k.weight,79,rm_loss,309.34600830078125,1024,1024
t5-large,identity,transformer.encoder.block.13.layer.0.SelfAttention.k.weight,79,cosine_similarity,0.18845555186271667,1024,1024
t5-large,actmat,transformer.encoder.block.13.layer.0.SelfAttention.v.weight,80,rm_loss,352.7877197265625,1024,1024
t5-large,actmat,transformer.encoder.block.13.layer.0.SelfAttention.v.weight,80,cosine_similarity,0.6147111058235168,1024,1024
t5-large,actmat-identity-inv,transformer.encoder.block.13.layer.0.SelfAttention.v.weight,80,rm_loss,635.0476684570312,1024,1024
t5-large,regmean,transformer.encoder.block.13.layer.0.SelfAttention.v.weight,80,rm_loss,75.612060546875,1024,1024
t5-large,identity,transformer.encoder.block.13.layer.0.SelfAttention.v.weight,80,rm_loss,497.09259033203125,1024,1024
t5-large,identity,transformer.encoder.block.13.layer.0.SelfAttention.v.weight,80,cosine_similarity,0.18845555186271667,1024,1024
t5-large,actmat,transformer.encoder.block.13.layer.0.SelfAttention.o.weight,81,rm_loss,10967.953125,1024,1024
t5-large,actmat,transformer.encoder.block.13.layer.0.SelfAttention.o.weight,81,cosine_similarity,0.50825434923172,1024,1024
t5-large,actmat-identity-inv,transformer.encoder.block.13.layer.0.SelfAttention.o.weight,81,rm_loss,39753.99609375,1024,1024
t5-large,regmean,transformer.encoder.block.13.layer.0.SelfAttention.o.weight,81,rm_loss,1639.078125,1024,1024
t5-large,identity,transformer.encoder.block.13.layer.0.SelfAttention.o.weight,81,rm_loss,30512.31640625,1024,1024
t5-large,identity,transformer.encoder.block.13.layer.0.SelfAttention.o.weight,81,cosine_similarity,0.1009894385933876,1024,1024
t5-large,actmat,transformer.encoder.block.13.layer.1.DenseReluDense.wi.weight,82,rm_loss,105019.0,1024,4096
t5-large,actmat,transformer.encoder.block.13.layer.1.DenseReluDense.wi.weight,82,cosine_similarity,0.47575822472572327,1024,4096
t5-large,actmat-identity-inv,transformer.encoder.block.13.layer.1.DenseReluDense.wi.weight,82,rm_loss,213277.671875,1024,4096
t5-large,regmean,transformer.encoder.block.13.layer.1.DenseReluDense.wi.weight,82,rm_loss,22975.4375,1024,4096
t5-large,identity,transformer.encoder.block.13.layer.1.DenseReluDense.wi.weight,82,rm_loss,198744.546875,1024,4096
t5-large,identity,transformer.encoder.block.13.layer.1.DenseReluDense.wi.weight,82,cosine_similarity,0.08013872802257538,1024,4096
t5-large,actmat,transformer.encoder.block.13.layer.1.DenseReluDense.wo.weight,83,rm_loss,171668.78125,4096,1024
t5-large,actmat,transformer.encoder.block.13.layer.1.DenseReluDense.wo.weight,83,cosine_similarity,0.12487543374300003,4096,1024
t5-large,actmat-identity-inv,transformer.encoder.block.13.layer.1.DenseReluDense.wo.weight,83,rm_loss,130676.03125,4096,1024
t5-large,regmean,transformer.encoder.block.13.layer.1.DenseReluDense.wo.weight,83,rm_loss,45960.109375,4096,1024
t5-large,identity,transformer.encoder.block.13.layer.1.DenseReluDense.wo.weight,83,rm_loss,81634.5625,4096,1024
t5-large,identity,transformer.encoder.block.13.layer.1.DenseReluDense.wo.weight,83,cosine_similarity,0.04214448109269142,4096,1024
t5-large,actmat,transformer.encoder.block.14.layer.0.SelfAttention.q.weight,84,rm_loss,279.442626953125,1024,1024
t5-large,actmat,transformer.encoder.block.14.layer.0.SelfAttention.q.weight,84,cosine_similarity,0.5110934376716614,1024,1024
t5-large,actmat-identity-inv,transformer.encoder.block.14.layer.0.SelfAttention.q.weight,84,rm_loss,334.4365539550781,1024,1024
t5-large,regmean,transformer.encoder.block.14.layer.0.SelfAttention.q.weight,84,rm_loss,46.78411865234375,1024,1024
t5-large,identity,transformer.encoder.block.14.layer.0.SelfAttention.q.weight,84,rm_loss,264.1258850097656,1024,1024
t5-large,identity,transformer.encoder.block.14.layer.0.SelfAttention.q.weight,84,cosine_similarity,0.1767643541097641,1024,1024
t5-large,actmat,transformer.encoder.block.14.layer.0.SelfAttention.k.weight,85,rm_loss,267.64154052734375,1024,1024
t5-large,actmat,transformer.encoder.block.14.layer.0.SelfAttention.k.weight,85,cosine_similarity,0.4982258677482605,1024,1024
t5-large,actmat-identity-inv,transformer.encoder.block.14.layer.0.SelfAttention.k.weight,85,rm_loss,338.0953369140625,1024,1024
t5-large,regmean,transformer.encoder.block.14.layer.0.SelfAttention.k.weight,85,rm_loss,63.27978515625,1024,1024
t5-large,identity,transformer.encoder.block.14.layer.0.SelfAttention.k.weight,85,rm_loss,266.96771240234375,1024,1024
t5-large,identity,transformer.encoder.block.14.layer.0.SelfAttention.k.weight,85,cosine_similarity,0.1767643541097641,1024,1024
t5-large,actmat,transformer.encoder.block.14.layer.0.SelfAttention.v.weight,86,rm_loss,288.64794921875,1024,1024
t5-large,actmat,transformer.encoder.block.14.layer.0.SelfAttention.v.weight,86,cosine_similarity,0.5791596174240112,1024,1024
t5-large,actmat-identity-inv,transformer.encoder.block.14.layer.0.SelfAttention.v.weight,86,rm_loss,554.2478637695312,1024,1024
t5-large,regmean,transformer.encoder.block.14.layer.0.SelfAttention.v.weight,86,rm_loss,64.22509765625,1024,1024
t5-large,identity,transformer.encoder.block.14.layer.0.SelfAttention.v.weight,86,rm_loss,436.26702880859375,1024,1024
t5-large,identity,transformer.encoder.block.14.layer.0.SelfAttention.v.weight,86,cosine_similarity,0.1767643541097641,1024,1024
t5-large,actmat,transformer.encoder.block.14.layer.0.SelfAttention.o.weight,87,rm_loss,9522.5234375,1024,1024
t5-large,actmat,transformer.encoder.block.14.layer.0.SelfAttention.o.weight,87,cosine_similarity,0.4992838501930237,1024,1024
t5-large,actmat-identity-inv,transformer.encoder.block.14.layer.0.SelfAttention.o.weight,87,rm_loss,39756.390625,1024,1024
t5-large,regmean,transformer.encoder.block.14.layer.0.SelfAttention.o.weight,87,rm_loss,1729.78125,1024,1024
t5-large,identity,transformer.encoder.block.14.layer.0.SelfAttention.o.weight,87,rm_loss,30736.80078125,1024,1024
t5-large,identity,transformer.encoder.block.14.layer.0.SelfAttention.o.weight,87,cosine_similarity,0.10555500537157059,1024,1024
t5-large,actmat,transformer.encoder.block.14.layer.1.DenseReluDense.wi.weight,88,rm_loss,112421.78125,1024,4096
t5-large,actmat,transformer.encoder.block.14.layer.1.DenseReluDense.wi.weight,88,cosine_similarity,0.4680232107639313,1024,4096
t5-large,actmat-identity-inv,transformer.encoder.block.14.layer.1.DenseReluDense.wi.weight,88,rm_loss,223287.828125,1024,4096
t5-large,regmean,transformer.encoder.block.14.layer.1.DenseReluDense.wi.weight,88,rm_loss,22702.59375,1024,4096
t5-large,identity,transformer.encoder.block.14.layer.1.DenseReluDense.wi.weight,88,rm_loss,209570.46875,1024,4096
t5-large,identity,transformer.encoder.block.14.layer.1.DenseReluDense.wi.weight,88,cosine_similarity,0.08129443973302841,1024,4096
t5-large,actmat,transformer.encoder.block.14.layer.1.DenseReluDense.wo.weight,89,rm_loss,681713.5,4096,1024
t5-large,actmat,transformer.encoder.block.14.layer.1.DenseReluDense.wo.weight,89,cosine_similarity,0.19513553380966187,4096,1024
t5-large,actmat-identity-inv,transformer.encoder.block.14.layer.1.DenseReluDense.wo.weight,89,rm_loss,856706.625,4096,1024
t5-large,regmean,transformer.encoder.block.14.layer.1.DenseReluDense.wo.weight,89,rm_loss,501936.875,4096,1024
t5-large,identity,transformer.encoder.block.14.layer.1.DenseReluDense.wo.weight,89,rm_loss,564685.75,4096,1024
t5-large,identity,transformer.encoder.block.14.layer.1.DenseReluDense.wo.weight,89,cosine_similarity,0.026111016049981117,4096,1024
t5-large,actmat,transformer.encoder.block.15.layer.0.SelfAttention.q.weight,90,rm_loss,214.6922607421875,1024,1024
t5-large,actmat,transformer.encoder.block.15.layer.0.SelfAttention.q.weight,90,cosine_similarity,0.508385419845581,1024,1024
t5-large,actmat-identity-inv,transformer.encoder.block.15.layer.0.SelfAttention.q.weight,90,rm_loss,336.4855041503906,1024,1024
t5-large,regmean,transformer.encoder.block.15.layer.0.SelfAttention.q.weight,90,rm_loss,44.0032958984375,1024,1024
t5-large,identity,transformer.encoder.block.15.layer.0.SelfAttention.q.weight,90,rm_loss,264.8858642578125,1024,1024
t5-large,identity,transformer.encoder.block.15.layer.0.SelfAttention.q.weight,90,cosine_similarity,0.17002269625663757,1024,1024
t5-large,actmat,transformer.encoder.block.15.layer.0.SelfAttention.k.weight,91,rm_loss,281.7294921875,1024,1024
t5-large,actmat,transformer.encoder.block.15.layer.0.SelfAttention.k.weight,91,cosine_similarity,0.5106856226921082,1024,1024
t5-large,actmat-identity-inv,transformer.encoder.block.15.layer.0.SelfAttention.k.weight,91,rm_loss,404.6267395019531,1024,1024
t5-large,regmean,transformer.encoder.block.15.layer.0.SelfAttention.k.weight,91,rm_loss,65.9677734375,1024,1024
t5-large,identity,transformer.encoder.block.15.layer.0.SelfAttention.k.weight,91,rm_loss,324.42816162109375,1024,1024
t5-large,identity,transformer.encoder.block.15.layer.0.SelfAttention.k.weight,91,cosine_similarity,0.17002269625663757,1024,1024
t5-large,actmat,transformer.encoder.block.15.layer.0.SelfAttention.v.weight,92,rm_loss,384.6961669921875,1024,1024
t5-large,actmat,transformer.encoder.block.15.layer.0.SelfAttention.v.weight,92,cosine_similarity,0.5684469938278198,1024,1024
t5-large,actmat-identity-inv,transformer.encoder.block.15.layer.0.SelfAttention.v.weight,92,rm_loss,604.0951538085938,1024,1024
t5-large,regmean,transformer.encoder.block.15.layer.0.SelfAttention.v.weight,92,rm_loss,69.8599853515625,1024,1024
t5-large,identity,transformer.encoder.block.15.layer.0.SelfAttention.v.weight,92,rm_loss,477.2223815917969,1024,1024
t5-large,identity,transformer.encoder.block.15.layer.0.SelfAttention.v.weight,92,cosine_similarity,0.17002269625663757,1024,1024
t5-large,actmat,transformer.encoder.block.15.layer.0.SelfAttention.o.weight,93,rm_loss,12629.4765625,1024,1024
t5-large,actmat,transformer.encoder.block.15.layer.0.SelfAttention.o.weight,93,cosine_similarity,0.4442065954208374,1024,1024
t5-large,actmat-identity-inv,transformer.encoder.block.15.layer.0.SelfAttention.o.weight,93,rm_loss,45176.7578125,1024,1024
t5-large,regmean,transformer.encoder.block.15.layer.0.SelfAttention.o.weight,93,rm_loss,1749.203125,1024,1024
t5-large,identity,transformer.encoder.block.15.layer.0.SelfAttention.o.weight,93,rm_loss,34626.6015625,1024,1024
t5-large,identity,transformer.encoder.block.15.layer.0.SelfAttention.o.weight,93,cosine_similarity,0.10114376991987228,1024,1024
t5-large,actmat,transformer.encoder.block.15.layer.1.DenseReluDense.wi.weight,94,rm_loss,91251.21875,1024,4096
t5-large,actmat,transformer.encoder.block.15.layer.1.DenseReluDense.wi.weight,94,cosine_similarity,0.48670437932014465,1024,4096
t5-large,actmat-identity-inv,transformer.encoder.block.15.layer.1.DenseReluDense.wi.weight,94,rm_loss,195802.15625,1024,4096
t5-large,regmean,transformer.encoder.block.15.layer.1.DenseReluDense.wi.weight,94,rm_loss,17589.375,1024,4096
t5-large,identity,transformer.encoder.block.15.layer.1.DenseReluDense.wi.weight,94,rm_loss,184427.328125,1024,4096
t5-large,identity,transformer.encoder.block.15.layer.1.DenseReluDense.wi.weight,94,cosine_similarity,0.08112060278654099,1024,4096
t5-large,actmat,transformer.encoder.block.15.layer.1.DenseReluDense.wo.weight,95,rm_loss,641553.375,4096,1024
t5-large,actmat,transformer.encoder.block.15.layer.1.DenseReluDense.wo.weight,95,cosine_similarity,0.19977034628391266,4096,1024
t5-large,actmat-identity-inv,transformer.encoder.block.15.layer.1.DenseReluDense.wo.weight,95,rm_loss,725020.3125,4096,1024
t5-large,regmean,transformer.encoder.block.15.layer.1.DenseReluDense.wo.weight,95,rm_loss,466535.875,4096,1024
t5-large,identity,transformer.encoder.block.15.layer.1.DenseReluDense.wo.weight,95,rm_loss,535383.25,4096,1024
t5-large,identity,transformer.encoder.block.15.layer.1.DenseReluDense.wo.weight,95,cosine_similarity,0.027874726802110672,4096,1024
t5-large,actmat,transformer.encoder.block.16.layer.0.SelfAttention.q.weight,96,rm_loss,233.6324462890625,1024,1024
t5-large,actmat,transformer.encoder.block.16.layer.0.SelfAttention.q.weight,96,cosine_similarity,0.5032676458358765,1024,1024
t5-large,actmat-identity-inv,transformer.encoder.block.16.layer.0.SelfAttention.q.weight,96,rm_loss,414.91497802734375,1024,1024
t5-large,regmean,transformer.encoder.block.16.layer.0.SelfAttention.q.weight,96,rm_loss,46.27679443359375,1024,1024
t5-large,identity,transformer.encoder.block.16.layer.0.SelfAttention.q.weight,96,rm_loss,331.2928161621094,1024,1024
t5-large,identity,transformer.encoder.block.16.layer.0.SelfAttention.q.weight,96,cosine_similarity,0.15603137016296387,1024,1024
t5-large,actmat,transformer.encoder.block.16.layer.0.SelfAttention.k.weight,97,rm_loss,382.22747802734375,1024,1024
t5-large,actmat,transformer.encoder.block.16.layer.0.SelfAttention.k.weight,97,cosine_similarity,0.4788843095302582,1024,1024
t5-large,actmat-identity-inv,transformer.encoder.block.16.layer.0.SelfAttention.k.weight,97,rm_loss,449.7886047363281,1024,1024
t5-large,regmean,transformer.encoder.block.16.layer.0.SelfAttention.k.weight,97,rm_loss,64.8770751953125,1024,1024
t5-large,identity,transformer.encoder.block.16.layer.0.SelfAttention.k.weight,97,rm_loss,358.9178771972656,1024,1024
t5-large,identity,transformer.encoder.block.16.layer.0.SelfAttention.k.weight,97,cosine_similarity,0.15603137016296387,1024,1024
t5-large,actmat,transformer.encoder.block.16.layer.0.SelfAttention.v.weight,98,rm_loss,348.1094970703125,1024,1024
t5-large,actmat,transformer.encoder.block.16.layer.0.SelfAttention.v.weight,98,cosine_similarity,0.5236980319023132,1024,1024
t5-large,actmat-identity-inv,transformer.encoder.block.16.layer.0.SelfAttention.v.weight,98,rm_loss,715.497314453125,1024,1024
t5-large,regmean,transformer.encoder.block.16.layer.0.SelfAttention.v.weight,98,rm_loss,70.8897705078125,1024,1024
t5-large,identity,transformer.encoder.block.16.layer.0.SelfAttention.v.weight,98,rm_loss,566.8970336914062,1024,1024
t5-large,identity,transformer.encoder.block.16.layer.0.SelfAttention.v.weight,98,cosine_similarity,0.15603137016296387,1024,1024
t5-large,actmat,transformer.encoder.block.16.layer.0.SelfAttention.o.weight,99,rm_loss,15844.1328125,1024,1024
t5-large,actmat,transformer.encoder.block.16.layer.0.SelfAttention.o.weight,99,cosine_similarity,0.46169808506965637,1024,1024
t5-large,actmat-identity-inv,transformer.encoder.block.16.layer.0.SelfAttention.o.weight,99,rm_loss,63730.5703125,1024,1024
t5-large,regmean,transformer.encoder.block.16.layer.0.SelfAttention.o.weight,99,rm_loss,2350.65625,1024,1024
t5-large,identity,transformer.encoder.block.16.layer.0.SelfAttention.o.weight,99,rm_loss,50617.92578125,1024,1024
t5-large,identity,transformer.encoder.block.16.layer.0.SelfAttention.o.weight,99,cosine_similarity,0.09834069758653641,1024,1024
t5-large,actmat,transformer.encoder.block.16.layer.1.DenseReluDense.wi.weight,100,rm_loss,100371.5,1024,4096
t5-large,actmat,transformer.encoder.block.16.layer.1.DenseReluDense.wi.weight,100,cosine_similarity,0.4879988431930542,1024,4096
t5-large,actmat-identity-inv,transformer.encoder.block.16.layer.1.DenseReluDense.wi.weight,100,rm_loss,234515.78125,1024,4096
t5-large,regmean,transformer.encoder.block.16.layer.1.DenseReluDense.wi.weight,100,rm_loss,19348.125,1024,4096
t5-large,identity,transformer.encoder.block.16.layer.1.DenseReluDense.wi.weight,100,rm_loss,224793.8125,1024,4096
t5-large,identity,transformer.encoder.block.16.layer.1.DenseReluDense.wi.weight,100,cosine_similarity,0.07917174696922302,1024,4096
t5-large,actmat,transformer.encoder.block.16.layer.1.DenseReluDense.wo.weight,101,rm_loss,599586.625,4096,1024
t5-large,actmat,transformer.encoder.block.16.layer.1.DenseReluDense.wo.weight,101,cosine_similarity,0.1780976504087448,4096,1024
t5-large,actmat-identity-inv,transformer.encoder.block.16.layer.1.DenseReluDense.wo.weight,101,rm_loss,663990.75,4096,1024
t5-large,regmean,transformer.encoder.block.16.layer.1.DenseReluDense.wo.weight,101,rm_loss,410191.125,4096,1024
t5-large,identity,transformer.encoder.block.16.layer.1.DenseReluDense.wo.weight,101,rm_loss,484100.9375,4096,1024
t5-large,identity,transformer.encoder.block.16.layer.1.DenseReluDense.wo.weight,101,cosine_similarity,0.03051336109638214,4096,1024
t5-large,actmat,transformer.encoder.block.17.layer.0.SelfAttention.q.weight,102,rm_loss,195.4490966796875,1024,1024
t5-large,actmat,transformer.encoder.block.17.layer.0.SelfAttention.q.weight,102,cosine_similarity,0.48365843296051025,1024,1024
t5-large,actmat-identity-inv,transformer.encoder.block.17.layer.0.SelfAttention.q.weight,102,rm_loss,402.5808410644531,1024,1024
t5-large,regmean,transformer.encoder.block.17.layer.0.SelfAttention.q.weight,102,rm_loss,38.5947265625,1024,1024
t5-large,identity,transformer.encoder.block.17.layer.0.SelfAttention.q.weight,102,rm_loss,319.318359375,1024,1024
t5-large,identity,transformer.encoder.block.17.layer.0.SelfAttention.q.weight,102,cosine_similarity,0.1508520096540451,1024,1024
t5-large,actmat,transformer.encoder.block.17.layer.0.SelfAttention.k.weight,103,rm_loss,248.020751953125,1024,1024
t5-large,actmat,transformer.encoder.block.17.layer.0.SelfAttention.k.weight,103,cosine_similarity,0.4668024778366089,1024,1024
t5-large,actmat-identity-inv,transformer.encoder.block.17.layer.0.SelfAttention.k.weight,103,rm_loss,407.2995300292969,1024,1024
t5-large,regmean,transformer.encoder.block.17.layer.0.SelfAttention.k.weight,103,rm_loss,52.695068359375,1024,1024
t5-large,identity,transformer.encoder.block.17.layer.0.SelfAttention.k.weight,103,rm_loss,322.3381042480469,1024,1024
t5-large,identity,transformer.encoder.block.17.layer.0.SelfAttention.k.weight,103,cosine_similarity,0.1508520096540451,1024,1024
t5-large,actmat,transformer.encoder.block.17.layer.0.SelfAttention.v.weight,104,rm_loss,268.7021484375,1024,1024
t5-large,actmat,transformer.encoder.block.17.layer.0.SelfAttention.v.weight,104,cosine_similarity,0.5193570256233215,1024,1024
t5-large,actmat-identity-inv,transformer.encoder.block.17.layer.0.SelfAttention.v.weight,104,rm_loss,681.4070434570312,1024,1024
t5-large,regmean,transformer.encoder.block.17.layer.0.SelfAttention.v.weight,104,rm_loss,51.37451171875,1024,1024
t5-large,identity,transformer.encoder.block.17.layer.0.SelfAttention.v.weight,104,rm_loss,540.60888671875,1024,1024
t5-large,identity,transformer.encoder.block.17.layer.0.SelfAttention.v.weight,104,cosine_similarity,0.1508520096540451,1024,1024
t5-large,actmat,transformer.encoder.block.17.layer.0.SelfAttention.o.weight,105,rm_loss,14309.546875,1024,1024
t5-large,actmat,transformer.encoder.block.17.layer.0.SelfAttention.o.weight,105,cosine_similarity,0.4191974401473999,1024,1024
t5-large,actmat-identity-inv,transformer.encoder.block.17.layer.0.SelfAttention.o.weight,105,rm_loss,60783.265625,1024,1024
t5-large,regmean,transformer.encoder.block.17.layer.0.SelfAttention.o.weight,105,rm_loss,2033.328125,1024,1024
t5-large,identity,transformer.encoder.block.17.layer.0.SelfAttention.o.weight,105,rm_loss,49885.18359375,1024,1024
t5-large,identity,transformer.encoder.block.17.layer.0.SelfAttention.o.weight,105,cosine_similarity,0.1019684299826622,1024,1024
t5-large,actmat,transformer.encoder.block.17.layer.1.DenseReluDense.wi.weight,106,rm_loss,85721.15625,1024,4096
t5-large,actmat,transformer.encoder.block.17.layer.1.DenseReluDense.wi.weight,106,cosine_similarity,0.4828341007232666,1024,4096
t5-large,actmat-identity-inv,transformer.encoder.block.17.layer.1.DenseReluDense.wi.weight,106,rm_loss,205707.8125,1024,4096
t5-large,regmean,transformer.encoder.block.17.layer.1.DenseReluDense.wi.weight,106,rm_loss,15943.0625,1024,4096
t5-large,identity,transformer.encoder.block.17.layer.1.DenseReluDense.wi.weight,106,rm_loss,189916.875,1024,4096
t5-large,identity,transformer.encoder.block.17.layer.1.DenseReluDense.wi.weight,106,cosine_similarity,0.08082177489995956,1024,4096
t5-large,actmat,transformer.encoder.block.17.layer.1.DenseReluDense.wo.weight,107,rm_loss,480209.75,4096,1024
t5-large,actmat,transformer.encoder.block.17.layer.1.DenseReluDense.wo.weight,107,cosine_similarity,0.11667004972696304,4096,1024
t5-large,actmat-identity-inv,transformer.encoder.block.17.layer.1.DenseReluDense.wo.weight,107,rm_loss,524935.375,4096,1024
t5-large,regmean,transformer.encoder.block.17.layer.1.DenseReluDense.wo.weight,107,rm_loss,279805.75,4096,1024
t5-large,identity,transformer.encoder.block.17.layer.1.DenseReluDense.wo.weight,107,rm_loss,376889.625,4096,1024
t5-large,identity,transformer.encoder.block.17.layer.1.DenseReluDense.wo.weight,107,cosine_similarity,0.03124728426337242,4096,1024
t5-large,actmat,transformer.encoder.block.18.layer.0.SelfAttention.q.weight,108,rm_loss,232.32537841796875,1024,1024
t5-large,actmat,transformer.encoder.block.18.layer.0.SelfAttention.q.weight,108,cosine_similarity,0.5120874047279358,1024,1024
t5-large,actmat-identity-inv,transformer.encoder.block.18.layer.0.SelfAttention.q.weight,108,rm_loss,524.251953125,1024,1024
t5-large,regmean,transformer.encoder.block.18.layer.0.SelfAttention.q.weight,108,rm_loss,45.652099609375,1024,1024
t5-large,identity,transformer.encoder.block.18.layer.0.SelfAttention.q.weight,108,rm_loss,422.30059814453125,1024,1024
t5-large,identity,transformer.encoder.block.18.layer.0.SelfAttention.q.weight,108,cosine_similarity,0.14520227909088135,1024,1024
t5-large,actmat,transformer.encoder.block.18.layer.0.SelfAttention.k.weight,109,rm_loss,264.22607421875,1024,1024
t5-large,actmat,transformer.encoder.block.18.layer.0.SelfAttention.k.weight,109,cosine_similarity,0.473213791847229,1024,1024
t5-large,actmat-identity-inv,transformer.encoder.block.18.layer.0.SelfAttention.k.weight,109,rm_loss,507.8791198730469,1024,1024
t5-large,regmean,transformer.encoder.block.18.layer.0.SelfAttention.k.weight,109,rm_loss,56.14404296875,1024,1024
t5-large,identity,transformer.encoder.block.18.layer.0.SelfAttention.k.weight,109,rm_loss,403.5025329589844,1024,1024
t5-large,identity,transformer.encoder.block.18.layer.0.SelfAttention.k.weight,109,cosine_similarity,0.14520227909088135,1024,1024
t5-large,actmat,transformer.encoder.block.18.layer.0.SelfAttention.v.weight,110,rm_loss,277.5694580078125,1024,1024
t5-large,actmat,transformer.encoder.block.18.layer.0.SelfAttention.v.weight,110,cosine_similarity,0.49780210852622986,1024,1024
t5-large,actmat-identity-inv,transformer.encoder.block.18.layer.0.SelfAttention.v.weight,110,rm_loss,704.2159423828125,1024,1024
t5-large,regmean,transformer.encoder.block.18.layer.0.SelfAttention.v.weight,110,rm_loss,53.921875,1024,1024
t5-large,identity,transformer.encoder.block.18.layer.0.SelfAttention.v.weight,110,rm_loss,560.6011962890625,1024,1024
t5-large,identity,transformer.encoder.block.18.layer.0.SelfAttention.v.weight,110,cosine_similarity,0.14520227909088135,1024,1024
t5-large,actmat,transformer.encoder.block.18.layer.0.SelfAttention.o.weight,111,rm_loss,25662.75,1024,1024
t5-large,actmat,transformer.encoder.block.18.layer.0.SelfAttention.o.weight,111,cosine_similarity,0.3974238932132721,1024,1024
t5-large,actmat-identity-inv,transformer.encoder.block.18.layer.0.SelfAttention.o.weight,111,rm_loss,104375.90625,1024,1024
t5-large,regmean,transformer.encoder.block.18.layer.0.SelfAttention.o.weight,111,rm_loss,3359.6875,1024,1024
t5-large,identity,transformer.encoder.block.18.layer.0.SelfAttention.o.weight,111,rm_loss,87171.515625,1024,1024
t5-large,identity,transformer.encoder.block.18.layer.0.SelfAttention.o.weight,111,cosine_similarity,0.09336977452039719,1024,1024
t5-large,actmat,transformer.encoder.block.18.layer.1.DenseReluDense.wi.weight,112,rm_loss,104312.75,1024,4096
t5-large,actmat,transformer.encoder.block.18.layer.1.DenseReluDense.wi.weight,112,cosine_similarity,0.4737465977668762,1024,4096
t5-large,actmat-identity-inv,transformer.encoder.block.18.layer.1.DenseReluDense.wi.weight,112,rm_loss,235976.53125,1024,4096
t5-large,regmean,transformer.encoder.block.18.layer.1.DenseReluDense.wi.weight,112,rm_loss,16957.4375,1024,4096
t5-large,identity,transformer.encoder.block.18.layer.1.DenseReluDense.wi.weight,112,rm_loss,222382.9375,1024,4096
t5-large,identity,transformer.encoder.block.18.layer.1.DenseReluDense.wi.weight,112,cosine_similarity,0.07945913076400757,1024,4096
t5-large,actmat,transformer.encoder.block.18.layer.1.DenseReluDense.wo.weight,113,rm_loss,491823.5,4096,1024
t5-large,actmat,transformer.encoder.block.18.layer.1.DenseReluDense.wo.weight,113,cosine_similarity,0.12042602151632309,4096,1024
t5-large,actmat-identity-inv,transformer.encoder.block.18.layer.1.DenseReluDense.wo.weight,113,rm_loss,438676.46875,4096,1024
t5-large,regmean,transformer.encoder.block.18.layer.1.DenseReluDense.wo.weight,113,rm_loss,213341.6875,4096,1024
t5-large,identity,transformer.encoder.block.18.layer.1.DenseReluDense.wo.weight,113,rm_loss,418065.71875,4096,1024
t5-large,identity,transformer.encoder.block.18.layer.1.DenseReluDense.wo.weight,113,cosine_similarity,0.04033815115690231,4096,1024
t5-large,actmat,transformer.encoder.block.19.layer.0.SelfAttention.q.weight,114,rm_loss,179.178955078125,1024,1024
t5-large,actmat,transformer.encoder.block.19.layer.0.SelfAttention.q.weight,114,cosine_similarity,0.46935728192329407,1024,1024
t5-large,actmat-identity-inv,transformer.encoder.block.19.layer.0.SelfAttention.q.weight,114,rm_loss,435.25006103515625,1024,1024
t5-large,regmean,transformer.encoder.block.19.layer.0.SelfAttention.q.weight,114,rm_loss,33.62054443359375,1024,1024
t5-large,identity,transformer.encoder.block.19.layer.0.SelfAttention.q.weight,114,rm_loss,350.0667419433594,1024,1024
t5-large,identity,transformer.encoder.block.19.layer.0.SelfAttention.q.weight,114,cosine_similarity,0.13724371790885925,1024,1024
t5-large,actmat,transformer.encoder.block.19.layer.0.SelfAttention.k.weight,115,rm_loss,266.1004638671875,1024,1024
t5-large,actmat,transformer.encoder.block.19.layer.0.SelfAttention.k.weight,115,cosine_similarity,0.442473828792572,1024,1024
t5-large,actmat-identity-inv,transformer.encoder.block.19.layer.0.SelfAttention.k.weight,115,rm_loss,468.5152893066406,1024,1024
t5-large,regmean,transformer.encoder.block.19.layer.0.SelfAttention.k.weight,115,rm_loss,46.107177734375,1024,1024
t5-large,identity,transformer.encoder.block.19.layer.0.SelfAttention.k.weight,115,rm_loss,374.9408874511719,1024,1024
t5-large,identity,transformer.encoder.block.19.layer.0.SelfAttention.k.weight,115,cosine_similarity,0.13724371790885925,1024,1024
t5-large,actmat,transformer.encoder.block.19.layer.0.SelfAttention.v.weight,116,rm_loss,224.74658203125,1024,1024
t5-large,actmat,transformer.encoder.block.19.layer.0.SelfAttention.v.weight,116,cosine_similarity,0.4528781771659851,1024,1024
t5-large,actmat-identity-inv,transformer.encoder.block.19.layer.0.SelfAttention.v.weight,116,rm_loss,622.8370971679688,1024,1024
t5-large,regmean,transformer.encoder.block.19.layer.0.SelfAttention.v.weight,116,rm_loss,40.941650390625,1024,1024
t5-large,identity,transformer.encoder.block.19.layer.0.SelfAttention.v.weight,116,rm_loss,527.3350830078125,1024,1024
t5-large,identity,transformer.encoder.block.19.layer.0.SelfAttention.v.weight,116,cosine_similarity,0.13724371790885925,1024,1024
t5-large,actmat,transformer.encoder.block.19.layer.0.SelfAttention.o.weight,117,rm_loss,24246.0,1024,1024
t5-large,actmat,transformer.encoder.block.19.layer.0.SelfAttention.o.weight,117,cosine_similarity,0.3879682123661041,1024,1024
t5-large,actmat-identity-inv,transformer.encoder.block.19.layer.0.SelfAttention.o.weight,117,rm_loss,89031.0546875,1024,1024
t5-large,regmean,transformer.encoder.block.19.layer.0.SelfAttention.o.weight,117,rm_loss,3175.40625,1024,1024
t5-large,identity,transformer.encoder.block.19.layer.0.SelfAttention.o.weight,117,rm_loss,75625.2421875,1024,1024
t5-large,identity,transformer.encoder.block.19.layer.0.SelfAttention.o.weight,117,cosine_similarity,0.09576704353094101,1024,1024
t5-large,actmat,transformer.encoder.block.19.layer.1.DenseReluDense.wi.weight,118,rm_loss,100981.25,1024,4096
t5-large,actmat,transformer.encoder.block.19.layer.1.DenseReluDense.wi.weight,118,cosine_similarity,0.4681784212589264,1024,4096
t5-large,actmat-identity-inv,transformer.encoder.block.19.layer.1.DenseReluDense.wi.weight,118,rm_loss,297119.0625,1024,4096
t5-large,regmean,transformer.encoder.block.19.layer.1.DenseReluDense.wi.weight,118,rm_loss,18525.75,1024,4096
t5-large,identity,transformer.encoder.block.19.layer.1.DenseReluDense.wi.weight,118,rm_loss,245082.90625,1024,4096
t5-large,identity,transformer.encoder.block.19.layer.1.DenseReluDense.wi.weight,118,cosine_similarity,0.08133941143751144,1024,4096
t5-large,actmat,transformer.encoder.block.19.layer.1.DenseReluDense.wo.weight,119,rm_loss,779522.0,4096,1024
t5-large,actmat,transformer.encoder.block.19.layer.1.DenseReluDense.wo.weight,119,cosine_similarity,0.054643820971250534,4096,1024
t5-large,actmat-identity-inv,transformer.encoder.block.19.layer.1.DenseReluDense.wo.weight,119,rm_loss,632216.25,4096,1024
t5-large,regmean,transformer.encoder.block.19.layer.1.DenseReluDense.wo.weight,119,rm_loss,340745.75,4096,1024
t5-large,identity,transformer.encoder.block.19.layer.1.DenseReluDense.wo.weight,119,rm_loss,537242.4375,4096,1024
t5-large,identity,transformer.encoder.block.19.layer.1.DenseReluDense.wo.weight,119,cosine_similarity,0.025034910067915916,4096,1024
t5-large,actmat,transformer.encoder.block.20.layer.0.SelfAttention.q.weight,120,rm_loss,181.950439453125,1024,1024
t5-large,actmat,transformer.encoder.block.20.layer.0.SelfAttention.q.weight,120,cosine_similarity,0.4537423551082611,1024,1024
t5-large,actmat-identity-inv,transformer.encoder.block.20.layer.0.SelfAttention.q.weight,120,rm_loss,437.2685852050781,1024,1024
t5-large,regmean,transformer.encoder.block.20.layer.0.SelfAttention.q.weight,120,rm_loss,30.6270751953125,1024,1024
t5-large,identity,transformer.encoder.block.20.layer.0.SelfAttention.q.weight,120,rm_loss,355.20989990234375,1024,1024
t5-large,identity,transformer.encoder.block.20.layer.0.SelfAttention.q.weight,120,cosine_similarity,0.1344154328107834,1024,1024
t5-large,actmat,transformer.encoder.block.20.layer.0.SelfAttention.k.weight,121,rm_loss,254.180908203125,1024,1024
t5-large,actmat,transformer.encoder.block.20.layer.0.SelfAttention.k.weight,121,cosine_similarity,0.42939868569374084,1024,1024
t5-large,actmat-identity-inv,transformer.encoder.block.20.layer.0.SelfAttention.k.weight,121,rm_loss,421.2044372558594,1024,1024
t5-large,regmean,transformer.encoder.block.20.layer.0.SelfAttention.k.weight,121,rm_loss,39.05218505859375,1024,1024
t5-large,identity,transformer.encoder.block.20.layer.0.SelfAttention.k.weight,121,rm_loss,337.8784484863281,1024,1024
t5-large,identity,transformer.encoder.block.20.layer.0.SelfAttention.k.weight,121,cosine_similarity,0.1344154328107834,1024,1024
t5-large,actmat,transformer.encoder.block.20.layer.0.SelfAttention.v.weight,122,rm_loss,190.141357421875,1024,1024
t5-large,actmat,transformer.encoder.block.20.layer.0.SelfAttention.v.weight,122,cosine_similarity,0.43499237298965454,1024,1024
t5-large,actmat-identity-inv,transformer.encoder.block.20.layer.0.SelfAttention.v.weight,122,rm_loss,520.0452880859375,1024,1024
t5-large,regmean,transformer.encoder.block.20.layer.0.SelfAttention.v.weight,122,rm_loss,30.904052734375,1024,1024
t5-large,identity,transformer.encoder.block.20.layer.0.SelfAttention.v.weight,122,rm_loss,468.64990234375,1024,1024
t5-large,identity,transformer.encoder.block.20.layer.0.SelfAttention.v.weight,122,cosine_similarity,0.1344154328107834,1024,1024
t5-large,actmat,transformer.encoder.block.20.layer.0.SelfAttention.o.weight,123,rm_loss,26647.375,1024,1024
t5-large,actmat,transformer.encoder.block.20.layer.0.SelfAttention.o.weight,123,cosine_similarity,0.3949125409126282,1024,1024
t5-large,actmat-identity-inv,transformer.encoder.block.20.layer.0.SelfAttention.o.weight,123,rm_loss,113570.5078125,1024,1024
t5-large,regmean,transformer.encoder.block.20.layer.0.SelfAttention.o.weight,123,rm_loss,3357.59375,1024,1024
t5-large,identity,transformer.encoder.block.20.layer.0.SelfAttention.o.weight,123,rm_loss,107797.21875,1024,1024
t5-large,identity,transformer.encoder.block.20.layer.0.SelfAttention.o.weight,123,cosine_similarity,0.08771154284477234,1024,1024
t5-large,actmat,transformer.encoder.block.20.layer.1.DenseReluDense.wi.weight,124,rm_loss,130357.125,1024,4096
t5-large,actmat,transformer.encoder.block.20.layer.1.DenseReluDense.wi.weight,124,cosine_similarity,0.44309619069099426,1024,4096
t5-large,actmat-identity-inv,transformer.encoder.block.20.layer.1.DenseReluDense.wi.weight,124,rm_loss,447720.65625,1024,4096
t5-large,regmean,transformer.encoder.block.20.layer.1.DenseReluDense.wi.weight,124,rm_loss,23401.4375,1024,4096
t5-large,identity,transformer.encoder.block.20.layer.1.DenseReluDense.wi.weight,124,rm_loss,285750.3125,1024,4096
t5-large,identity,transformer.encoder.block.20.layer.1.DenseReluDense.wi.weight,124,cosine_similarity,0.08322140574455261,1024,4096
t5-large,actmat,transformer.encoder.block.20.layer.1.DenseReluDense.wo.weight,125,rm_loss,1249755.125,4096,1024
t5-large,actmat,transformer.encoder.block.20.layer.1.DenseReluDense.wo.weight,125,cosine_similarity,0.029116304591298103,4096,1024
t5-large,actmat-identity-inv,transformer.encoder.block.20.layer.1.DenseReluDense.wo.weight,125,rm_loss,844104.625,4096,1024
t5-large,regmean,transformer.encoder.block.20.layer.1.DenseReluDense.wo.weight,125,rm_loss,496741.625,4096,1024
t5-large,identity,transformer.encoder.block.20.layer.1.DenseReluDense.wo.weight,125,rm_loss,717462.875,4096,1024
t5-large,identity,transformer.encoder.block.20.layer.1.DenseReluDense.wo.weight,125,cosine_similarity,0.023015407845377922,4096,1024
t5-large,actmat,transformer.encoder.block.21.layer.0.SelfAttention.q.weight,126,rm_loss,211.8519287109375,1024,1024
t5-large,actmat,transformer.encoder.block.21.layer.0.SelfAttention.q.weight,126,cosine_similarity,0.4206213355064392,1024,1024
t5-large,actmat-identity-inv,transformer.encoder.block.21.layer.0.SelfAttention.q.weight,126,rm_loss,457.4620361328125,1024,1024
t5-large,regmean,transformer.encoder.block.21.layer.0.SelfAttention.q.weight,126,rm_loss,34.9573974609375,1024,1024
t5-large,identity,transformer.encoder.block.21.layer.0.SelfAttention.q.weight,126,rm_loss,375.9329528808594,1024,1024
t5-large,identity,transformer.encoder.block.21.layer.0.SelfAttention.q.weight,126,cosine_similarity,0.1397470384836197,1024,1024
t5-large,actmat,transformer.encoder.block.21.layer.0.SelfAttention.k.weight,127,rm_loss,248.2508544921875,1024,1024
t5-large,actmat,transformer.encoder.block.21.layer.0.SelfAttention.k.weight,127,cosine_similarity,0.4325793385505676,1024,1024
t5-large,actmat-identity-inv,transformer.encoder.block.21.layer.0.SelfAttention.k.weight,127,rm_loss,478.2830810546875,1024,1024
t5-large,regmean,transformer.encoder.block.21.layer.0.SelfAttention.k.weight,127,rm_loss,41.21661376953125,1024,1024
t5-large,identity,transformer.encoder.block.21.layer.0.SelfAttention.k.weight,127,rm_loss,388.31439208984375,1024,1024
t5-large,identity,transformer.encoder.block.21.layer.0.SelfAttention.k.weight,127,cosine_similarity,0.1397470384836197,1024,1024
t5-large,actmat,transformer.encoder.block.21.layer.0.SelfAttention.v.weight,128,rm_loss,202.958984375,1024,1024
t5-large,actmat,transformer.encoder.block.21.layer.0.SelfAttention.v.weight,128,cosine_similarity,0.4208887219429016,1024,1024
t5-large,actmat-identity-inv,transformer.encoder.block.21.layer.0.SelfAttention.v.weight,128,rm_loss,554.580810546875,1024,1024
t5-large,regmean,transformer.encoder.block.21.layer.0.SelfAttention.v.weight,128,rm_loss,32.754150390625,1024,1024
t5-large,identity,transformer.encoder.block.21.layer.0.SelfAttention.v.weight,128,rm_loss,508.11627197265625,1024,1024
t5-large,identity,transformer.encoder.block.21.layer.0.SelfAttention.v.weight,128,cosine_similarity,0.1397470384836197,1024,1024
t5-large,actmat,transformer.encoder.block.21.layer.0.SelfAttention.o.weight,129,rm_loss,23938.375,1024,1024
t5-large,actmat,transformer.encoder.block.21.layer.0.SelfAttention.o.weight,129,cosine_similarity,0.3242601454257965,1024,1024
t5-large,actmat-identity-inv,transformer.encoder.block.21.layer.0.SelfAttention.o.weight,129,rm_loss,111027.609375,1024,1024
t5-large,regmean,transformer.encoder.block.21.layer.0.SelfAttention.o.weight,129,rm_loss,2723.78125,1024,1024
t5-large,identity,transformer.encoder.block.21.layer.0.SelfAttention.o.weight,129,rm_loss,103593.40625,1024,1024
t5-large,identity,transformer.encoder.block.21.layer.0.SelfAttention.o.weight,129,cosine_similarity,0.09632899612188339,1024,1024
t5-large,actmat,transformer.encoder.block.21.layer.1.DenseReluDense.wi.weight,130,rm_loss,175611.75,1024,4096
t5-large,actmat,transformer.encoder.block.21.layer.1.DenseReluDense.wi.weight,130,cosine_similarity,0.40649810433387756,1024,4096
t5-large,actmat-identity-inv,transformer.encoder.block.21.layer.1.DenseReluDense.wi.weight,130,rm_loss,545765.125,1024,4096
t5-large,regmean,transformer.encoder.block.21.layer.1.DenseReluDense.wi.weight,130,rm_loss,28878.625,1024,4096
t5-large,identity,transformer.encoder.block.21.layer.1.DenseReluDense.wi.weight,130,rm_loss,347109.3125,1024,4096
t5-large,identity,transformer.encoder.block.21.layer.1.DenseReluDense.wi.weight,130,cosine_similarity,0.08041346073150635,1024,4096
t5-large,actmat,transformer.encoder.block.21.layer.1.DenseReluDense.wo.weight,131,rm_loss,2036719.625,4096,1024
t5-large,actmat,transformer.encoder.block.21.layer.1.DenseReluDense.wo.weight,131,cosine_similarity,0.015464337542653084,4096,1024
t5-large,actmat-identity-inv,transformer.encoder.block.21.layer.1.DenseReluDense.wo.weight,131,rm_loss,1221005.0,4096,1024
t5-large,regmean,transformer.encoder.block.21.layer.1.DenseReluDense.wo.weight,131,rm_loss,758686.5,4096,1024
t5-large,identity,transformer.encoder.block.21.layer.1.DenseReluDense.wo.weight,131,rm_loss,1024422.5,4096,1024
t5-large,identity,transformer.encoder.block.21.layer.1.DenseReluDense.wo.weight,131,cosine_similarity,0.02299225889146328,4096,1024
t5-large,actmat,transformer.encoder.block.22.layer.0.SelfAttention.q.weight,132,rm_loss,200.508056640625,1024,1024
t5-large,actmat,transformer.encoder.block.22.layer.0.SelfAttention.q.weight,132,cosine_similarity,0.39516565203666687,1024,1024
t5-large,actmat-identity-inv,transformer.encoder.block.22.layer.0.SelfAttention.q.weight,132,rm_loss,431.95172119140625,1024,1024
t5-large,regmean,transformer.encoder.block.22.layer.0.SelfAttention.q.weight,132,rm_loss,32.48834228515625,1024,1024
t5-large,identity,transformer.encoder.block.22.layer.0.SelfAttention.q.weight,132,rm_loss,352.3552551269531,1024,1024
t5-large,identity,transformer.encoder.block.22.layer.0.SelfAttention.q.weight,132,cosine_similarity,0.14472666382789612,1024,1024
t5-large,actmat,transformer.encoder.block.22.layer.0.SelfAttention.k.weight,133,rm_loss,243.09649658203125,1024,1024
t5-large,actmat,transformer.encoder.block.22.layer.0.SelfAttention.k.weight,133,cosine_similarity,0.4152878522872925,1024,1024
t5-large,actmat-identity-inv,transformer.encoder.block.22.layer.0.SelfAttention.k.weight,133,rm_loss,461.62054443359375,1024,1024
t5-large,regmean,transformer.encoder.block.22.layer.0.SelfAttention.k.weight,133,rm_loss,38.70062255859375,1024,1024
t5-large,identity,transformer.encoder.block.22.layer.0.SelfAttention.k.weight,133,rm_loss,373.65277099609375,1024,1024
t5-large,identity,transformer.encoder.block.22.layer.0.SelfAttention.k.weight,133,cosine_similarity,0.14472666382789612,1024,1024
t5-large,actmat,transformer.encoder.block.22.layer.0.SelfAttention.v.weight,134,rm_loss,193.2940673828125,1024,1024
t5-large,actmat,transformer.encoder.block.22.layer.0.SelfAttention.v.weight,134,cosine_similarity,0.392661988735199,1024,1024
t5-large,actmat-identity-inv,transformer.encoder.block.22.layer.0.SelfAttention.v.weight,134,rm_loss,474.2784118652344,1024,1024
t5-large,regmean,transformer.encoder.block.22.layer.0.SelfAttention.v.weight,134,rm_loss,28.16015625,1024,1024
t5-large,identity,transformer.encoder.block.22.layer.0.SelfAttention.v.weight,134,rm_loss,431.39422607421875,1024,1024
t5-large,identity,transformer.encoder.block.22.layer.0.SelfAttention.v.weight,134,cosine_similarity,0.14472666382789612,1024,1024
t5-large,actmat,transformer.encoder.block.22.layer.0.SelfAttention.o.weight,135,rm_loss,30790.5625,1024,1024
t5-large,actmat,transformer.encoder.block.22.layer.0.SelfAttention.o.weight,135,cosine_similarity,0.32907694578170776,1024,1024
t5-large,actmat-identity-inv,transformer.encoder.block.22.layer.0.SelfAttention.o.weight,135,rm_loss,124729.296875,1024,1024
t5-large,regmean,transformer.encoder.block.22.layer.0.SelfAttention.o.weight,135,rm_loss,3173.25,1024,1024
t5-large,identity,transformer.encoder.block.22.layer.0.SelfAttention.o.weight,135,rm_loss,112884.8125,1024,1024
t5-large,identity,transformer.encoder.block.22.layer.0.SelfAttention.o.weight,135,cosine_similarity,0.09705264866352081,1024,1024
t5-large,actmat,transformer.encoder.block.22.layer.1.DenseReluDense.wi.weight,136,rm_loss,149420.9375,1024,4096
t5-large,actmat,transformer.encoder.block.22.layer.1.DenseReluDense.wi.weight,136,cosine_similarity,0.3522363007068634,1024,4096
t5-large,actmat-identity-inv,transformer.encoder.block.22.layer.1.DenseReluDense.wi.weight,136,rm_loss,528552.0,1024,4096
t5-large,regmean,transformer.encoder.block.22.layer.1.DenseReluDense.wi.weight,136,rm_loss,23581.75,1024,4096
t5-large,identity,transformer.encoder.block.22.layer.1.DenseReluDense.wi.weight,136,rm_loss,276286.40625,1024,4096
t5-large,identity,transformer.encoder.block.22.layer.1.DenseReluDense.wi.weight,136,cosine_similarity,0.08192934840917587,1024,4096
t5-large,actmat,transformer.encoder.block.22.layer.1.DenseReluDense.wo.weight,137,rm_loss,2197553.0,4096,1024
t5-large,actmat,transformer.encoder.block.22.layer.1.DenseReluDense.wo.weight,137,cosine_similarity,0.016561176627874374,4096,1024
t5-large,actmat-identity-inv,transformer.encoder.block.22.layer.1.DenseReluDense.wo.weight,137,rm_loss,2089396.0,4096,1024
t5-large,regmean,transformer.encoder.block.22.layer.1.DenseReluDense.wo.weight,137,rm_loss,887790.5,4096,1024
t5-large,identity,transformer.encoder.block.22.layer.1.DenseReluDense.wo.weight,137,rm_loss,1348626.875,4096,1024
t5-large,identity,transformer.encoder.block.22.layer.1.DenseReluDense.wo.weight,137,cosine_similarity,0.02581171505153179,4096,1024
t5-large,actmat,transformer.encoder.block.23.layer.0.SelfAttention.q.weight,138,rm_loss,196.66217041015625,1024,1024
t5-large,actmat,transformer.encoder.block.23.layer.0.SelfAttention.q.weight,138,cosine_similarity,0.3178893029689789,1024,1024
t5-large,actmat-identity-inv,transformer.encoder.block.23.layer.0.SelfAttention.q.weight,138,rm_loss,373.52947998046875,1024,1024
t5-large,regmean,transformer.encoder.block.23.layer.0.SelfAttention.q.weight,138,rm_loss,29.65496826171875,1024,1024
t5-large,identity,transformer.encoder.block.23.layer.0.SelfAttention.q.weight,138,rm_loss,300.61187744140625,1024,1024
t5-large,identity,transformer.encoder.block.23.layer.0.SelfAttention.q.weight,138,cosine_similarity,0.1440672129392624,1024,1024
t5-large,actmat,transformer.encoder.block.23.layer.0.SelfAttention.k.weight,139,rm_loss,227.1190185546875,1024,1024
t5-large,actmat,transformer.encoder.block.23.layer.0.SelfAttention.k.weight,139,cosine_similarity,0.3653215169906616,1024,1024
t5-large,actmat-identity-inv,transformer.encoder.block.23.layer.0.SelfAttention.k.weight,139,rm_loss,455.4875183105469,1024,1024
t5-large,regmean,transformer.encoder.block.23.layer.0.SelfAttention.k.weight,139,rm_loss,35.598876953125,1024,1024
t5-large,identity,transformer.encoder.block.23.layer.0.SelfAttention.k.weight,139,rm_loss,378.9698486328125,1024,1024
t5-large,identity,transformer.encoder.block.23.layer.0.SelfAttention.k.weight,139,cosine_similarity,0.1440672129392624,1024,1024
t5-large,actmat,transformer.encoder.block.23.layer.0.SelfAttention.v.weight,140,rm_loss,202.801025390625,1024,1024
t5-large,actmat,transformer.encoder.block.23.layer.0.SelfAttention.v.weight,140,cosine_similarity,0.3576544523239136,1024,1024
t5-large,actmat-identity-inv,transformer.encoder.block.23.layer.0.SelfAttention.v.weight,140,rm_loss,444.19940185546875,1024,1024
t5-large,regmean,transformer.encoder.block.23.layer.0.SelfAttention.v.weight,140,rm_loss,27.1822509765625,1024,1024
t5-large,identity,transformer.encoder.block.23.layer.0.SelfAttention.v.weight,140,rm_loss,402.7265319824219,1024,1024
t5-large,identity,transformer.encoder.block.23.layer.0.SelfAttention.v.weight,140,cosine_similarity,0.1440672129392624,1024,1024
t5-large,actmat,transformer.encoder.block.23.layer.0.SelfAttention.o.weight,141,rm_loss,33778.9375,1024,1024
t5-large,actmat,transformer.encoder.block.23.layer.0.SelfAttention.o.weight,141,cosine_similarity,0.2889932692050934,1024,1024
t5-large,actmat-identity-inv,transformer.encoder.block.23.layer.0.SelfAttention.o.weight,141,rm_loss,147759.25,1024,1024
t5-large,regmean,transformer.encoder.block.23.layer.0.SelfAttention.o.weight,141,rm_loss,3133.28125,1024,1024
t5-large,identity,transformer.encoder.block.23.layer.0.SelfAttention.o.weight,141,rm_loss,135304.125,1024,1024
t5-large,identity,transformer.encoder.block.23.layer.0.SelfAttention.o.weight,141,cosine_similarity,0.08563246577978134,1024,1024
t5-large,actmat,transformer.encoder.block.23.layer.1.DenseReluDense.wi.weight,142,rm_loss,41130.09375,1024,4096
t5-large,actmat,transformer.encoder.block.23.layer.1.DenseReluDense.wi.weight,142,cosine_similarity,0.3016992211341858,1024,4096
t5-large,actmat-identity-inv,transformer.encoder.block.23.layer.1.DenseReluDense.wi.weight,142,rm_loss,89518.53125,1024,4096
t5-large,regmean,transformer.encoder.block.23.layer.1.DenseReluDense.wi.weight,142,rm_loss,6450.34375,1024,4096
t5-large,identity,transformer.encoder.block.23.layer.1.DenseReluDense.wi.weight,142,rm_loss,69265.953125,1024,4096
t5-large,identity,transformer.encoder.block.23.layer.1.DenseReluDense.wi.weight,142,cosine_similarity,0.09106133878231049,1024,4096
t5-large,actmat,transformer.encoder.block.23.layer.1.DenseReluDense.wo.weight,143,rm_loss,6144140.0,4096,1024
t5-large,actmat,transformer.encoder.block.23.layer.1.DenseReluDense.wo.weight,143,cosine_similarity,0.042951807379722595,4096,1024
t5-large,actmat-identity-inv,transformer.encoder.block.23.layer.1.DenseReluDense.wo.weight,143,rm_loss,9061706.0,4096,1024
t5-large,regmean,transformer.encoder.block.23.layer.1.DenseReluDense.wo.weight,143,rm_loss,875697.0,4096,1024
t5-large,identity,transformer.encoder.block.23.layer.1.DenseReluDense.wo.weight,143,rm_loss,2882116.0,4096,1024
t5-large,identity,transformer.encoder.block.23.layer.1.DenseReluDense.wo.weight,143,cosine_similarity,0.03184821084141731,4096,1024
t5-large,actmat,transformer.decoder.block.0.layer.0.SelfAttention.q.weight,144,rm_loss,61.91907501220703,1024,1024
t5-large,actmat,transformer.decoder.block.0.layer.0.SelfAttention.q.weight,144,cosine_similarity,0.6711532473564148,1024,1024
t5-large,actmat-identity-inv,transformer.decoder.block.0.layer.0.SelfAttention.q.weight,144,rm_loss,28.877437591552734,1024,1024
t5-large,regmean,transformer.decoder.block.0.layer.0.SelfAttention.q.weight,144,rm_loss,11.600448608398438,1024,1024
t5-large,identity,transformer.decoder.block.0.layer.0.SelfAttention.q.weight,144,rm_loss,23.24078369140625,1024,1024
t5-large,identity,transformer.decoder.block.0.layer.0.SelfAttention.q.weight,144,cosine_similarity,0.12176536023616791,1024,1024
t5-large,actmat,transformer.decoder.block.0.layer.0.SelfAttention.k.weight,145,rm_loss,25.169145584106445,1024,1024
t5-large,actmat,transformer.decoder.block.0.layer.0.SelfAttention.k.weight,145,cosine_similarity,0.6391858458518982,1024,1024
t5-large,actmat-identity-inv,transformer.decoder.block.0.layer.0.SelfAttention.k.weight,145,rm_loss,21.478076934814453,1024,1024
t5-large,regmean,transformer.decoder.block.0.layer.0.SelfAttention.k.weight,145,rm_loss,8.859771728515625,1024,1024
t5-large,identity,transformer.decoder.block.0.layer.0.SelfAttention.k.weight,145,rm_loss,16.697227478027344,1024,1024
t5-large,identity,transformer.decoder.block.0.layer.0.SelfAttention.k.weight,145,cosine_similarity,0.12176536023616791,1024,1024
t5-large,actmat,transformer.decoder.block.0.layer.0.SelfAttention.v.weight,146,rm_loss,66.23367309570312,1024,1024
t5-large,actmat,transformer.decoder.block.0.layer.0.SelfAttention.v.weight,146,cosine_similarity,0.27215665578842163,1024,1024
t5-large,actmat-identity-inv,transformer.decoder.block.0.layer.0.SelfAttention.v.weight,146,rm_loss,14.896087646484375,1024,1024
t5-large,regmean,transformer.decoder.block.0.layer.0.SelfAttention.v.weight,146,rm_loss,5.111576080322266,1024,1024
t5-large,identity,transformer.decoder.block.0.layer.0.SelfAttention.v.weight,146,rm_loss,10.897418975830078,1024,1024
t5-large,identity,transformer.decoder.block.0.layer.0.SelfAttention.v.weight,146,cosine_similarity,0.12176536023616791,1024,1024
t5-large,actmat,transformer.decoder.block.0.layer.0.SelfAttention.o.weight,147,rm_loss,1008.3197631835938,1024,1024
t5-large,actmat,transformer.decoder.block.0.layer.0.SelfAttention.o.weight,147,cosine_similarity,0.3326484262943268,1024,1024
t5-large,actmat-identity-inv,transformer.decoder.block.0.layer.0.SelfAttention.o.weight,147,rm_loss,238.7210235595703,1024,1024
t5-large,regmean,transformer.decoder.block.0.layer.0.SelfAttention.o.weight,147,rm_loss,68.19940185546875,1024,1024
t5-large,identity,transformer.decoder.block.0.layer.0.SelfAttention.o.weight,147,rm_loss,201.6131134033203,1024,1024
t5-large,identity,transformer.decoder.block.0.layer.0.SelfAttention.o.weight,147,cosine_similarity,0.10711623728275299,1024,1024
t5-large,actmat,transformer.decoder.block.0.layer.1.EncDecAttention.q.weight,148,rm_loss,27.02237319946289,1024,1024
t5-large,actmat,transformer.decoder.block.0.layer.1.EncDecAttention.q.weight,148,cosine_similarity,0.327112078666687,1024,1024
t5-large,actmat-identity-inv,transformer.decoder.block.0.layer.1.EncDecAttention.q.weight,148,rm_loss,8.865272521972656,1024,1024
t5-large,regmean,transformer.decoder.block.0.layer.1.EncDecAttention.q.weight,148,rm_loss,2.614823341369629,1024,1024
t5-large,identity,transformer.decoder.block.0.layer.1.EncDecAttention.q.weight,148,rm_loss,7.293056488037109,1024,1024
t5-large,identity,transformer.decoder.block.0.layer.1.EncDecAttention.q.weight,148,cosine_similarity,0.0973038524389267,1024,1024
t5-large,actmat,transformer.decoder.block.0.layer.1.EncDecAttention.k.weight,149,rm_loss,516.1767578125,1024,1024
t5-large,actmat,transformer.decoder.block.0.layer.1.EncDecAttention.k.weight,149,cosine_similarity,0.3533763587474823,1024,1024
t5-large,actmat-identity-inv,transformer.decoder.block.0.layer.1.EncDecAttention.k.weight,149,rm_loss,944.3389892578125,1024,1024
t5-large,regmean,transformer.decoder.block.0.layer.1.EncDecAttention.k.weight,149,rm_loss,56.9990234375,1024,1024
t5-large,identity,transformer.decoder.block.0.layer.1.EncDecAttention.k.weight,149,rm_loss,741.0706176757812,1024,1024
t5-large,identity,transformer.decoder.block.0.layer.1.EncDecAttention.k.weight,149,cosine_similarity,0.15614911913871765,1024,1024
t5-large,actmat,transformer.decoder.block.0.layer.1.EncDecAttention.v.weight,150,rm_loss,639.7109375,1024,1024
t5-large,actmat,transformer.decoder.block.0.layer.1.EncDecAttention.v.weight,150,cosine_similarity,0.3597095310688019,1024,1024
t5-large,actmat-identity-inv,transformer.decoder.block.0.layer.1.EncDecAttention.v.weight,150,rm_loss,903.5411987304688,1024,1024
t5-large,regmean,transformer.decoder.block.0.layer.1.EncDecAttention.v.weight,150,rm_loss,58.61376953125,1024,1024
t5-large,identity,transformer.decoder.block.0.layer.1.EncDecAttention.v.weight,150,rm_loss,670.4573974609375,1024,1024
t5-large,identity,transformer.decoder.block.0.layer.1.EncDecAttention.v.weight,150,cosine_similarity,0.15614911913871765,1024,1024
t5-large,actmat,transformer.decoder.block.0.layer.1.EncDecAttention.o.weight,151,rm_loss,466.30029296875,1024,1024
t5-large,actmat,transformer.decoder.block.0.layer.1.EncDecAttention.o.weight,151,cosine_similarity,0.3017996549606323,1024,1024
t5-large,actmat-identity-inv,transformer.decoder.block.0.layer.1.EncDecAttention.o.weight,151,rm_loss,1487.8131103515625,1024,1024
t5-large,regmean,transformer.decoder.block.0.layer.1.EncDecAttention.o.weight,151,rm_loss,11.8115234375,1024,1024
t5-large,identity,transformer.decoder.block.0.layer.1.EncDecAttention.o.weight,151,rm_loss,1236.072509765625,1024,1024
t5-large,identity,transformer.decoder.block.0.layer.1.EncDecAttention.o.weight,151,cosine_similarity,0.05597053840756416,1024,1024
t5-large,actmat,transformer.decoder.block.0.layer.2.DenseReluDense.wi.weight,152,rm_loss,157.3953857421875,1024,4096
t5-large,actmat,transformer.decoder.block.0.layer.2.DenseReluDense.wi.weight,152,cosine_similarity,0.42780646681785583,1024,4096
t5-large,actmat-identity-inv,transformer.decoder.block.0.layer.2.DenseReluDense.wi.weight,152,rm_loss,933.98193359375,1024,4096
t5-large,regmean,transformer.decoder.block.0.layer.2.DenseReluDense.wi.weight,152,rm_loss,20.00732421875,1024,4096
t5-large,identity,transformer.decoder.block.0.layer.2.DenseReluDense.wi.weight,152,rm_loss,333.34307861328125,1024,4096
t5-large,identity,transformer.decoder.block.0.layer.2.DenseReluDense.wi.weight,152,cosine_similarity,0.08534126728773117,1024,4096
t5-large,actmat,transformer.decoder.block.0.layer.2.DenseReluDense.wo.weight,153,rm_loss,9150.8798828125,4096,1024
t5-large,actmat,transformer.decoder.block.0.layer.2.DenseReluDense.wo.weight,153,cosine_similarity,0.05958570912480354,4096,1024
t5-large,actmat-identity-inv,transformer.decoder.block.0.layer.2.DenseReluDense.wo.weight,153,rm_loss,68893.703125,4096,1024
t5-large,regmean,transformer.decoder.block.0.layer.2.DenseReluDense.wo.weight,153,rm_loss,256.93359375,4096,1024
t5-large,identity,transformer.decoder.block.0.layer.2.DenseReluDense.wo.weight,153,rm_loss,5581.6904296875,4096,1024
t5-large,identity,transformer.decoder.block.0.layer.2.DenseReluDense.wo.weight,153,cosine_similarity,0.02616412565112114,4096,1024
t5-large,actmat,transformer.decoder.block.1.layer.0.SelfAttention.q.weight,154,rm_loss,28.448585510253906,1024,1024
t5-large,actmat,transformer.decoder.block.1.layer.0.SelfAttention.q.weight,154,cosine_similarity,0.534247636795044,1024,1024
t5-large,actmat-identity-inv,transformer.decoder.block.1.layer.0.SelfAttention.q.weight,154,rm_loss,48.52520751953125,1024,1024
t5-large,regmean,transformer.decoder.block.1.layer.0.SelfAttention.q.weight,154,rm_loss,1.9069976806640625,1024,1024
t5-large,identity,transformer.decoder.block.1.layer.0.SelfAttention.q.weight,154,rm_loss,40.567108154296875,1024,1024
t5-large,identity,transformer.decoder.block.1.layer.0.SelfAttention.q.weight,154,cosine_similarity,0.09330634027719498,1024,1024
t5-large,actmat,transformer.decoder.block.1.layer.0.SelfAttention.k.weight,155,rm_loss,24.08734130859375,1024,1024
t5-large,actmat,transformer.decoder.block.1.layer.0.SelfAttention.k.weight,155,cosine_similarity,0.5274810194969177,1024,1024
t5-large,actmat-identity-inv,transformer.decoder.block.1.layer.0.SelfAttention.k.weight,155,rm_loss,40.948463439941406,1024,1024
t5-large,regmean,transformer.decoder.block.1.layer.0.SelfAttention.k.weight,155,rm_loss,1.7535018920898438,1024,1024
t5-large,identity,transformer.decoder.block.1.layer.0.SelfAttention.k.weight,155,rm_loss,33.04681396484375,1024,1024
t5-large,identity,transformer.decoder.block.1.layer.0.SelfAttention.k.weight,155,cosine_similarity,0.09330634027719498,1024,1024
t5-large,actmat,transformer.decoder.block.1.layer.0.SelfAttention.v.weight,156,rm_loss,29.313671112060547,1024,1024
t5-large,actmat,transformer.decoder.block.1.layer.0.SelfAttention.v.weight,156,cosine_similarity,0.21347755193710327,1024,1024
t5-large,actmat-identity-inv,transformer.decoder.block.1.layer.0.SelfAttention.v.weight,156,rm_loss,28.79376792907715,1024,1024
t5-large,regmean,transformer.decoder.block.1.layer.0.SelfAttention.v.weight,156,rm_loss,1.7512664794921875,1024,1024
t5-large,identity,transformer.decoder.block.1.layer.0.SelfAttention.v.weight,156,rm_loss,20.60857582092285,1024,1024
t5-large,identity,transformer.decoder.block.1.layer.0.SelfAttention.v.weight,156,cosine_similarity,0.09330634027719498,1024,1024
t5-large,actmat,transformer.decoder.block.1.layer.0.SelfAttention.o.weight,157,rm_loss,418.77587890625,1024,1024
t5-large,actmat,transformer.decoder.block.1.layer.0.SelfAttention.o.weight,157,cosine_similarity,0.37976592779159546,1024,1024
t5-large,actmat-identity-inv,transformer.decoder.block.1.layer.0.SelfAttention.o.weight,157,rm_loss,599.38671875,1024,1024
t5-large,regmean,transformer.decoder.block.1.layer.0.SelfAttention.o.weight,157,rm_loss,15.412841796875,1024,1024
t5-large,identity,transformer.decoder.block.1.layer.0.SelfAttention.o.weight,157,rm_loss,488.5430908203125,1024,1024
t5-large,identity,transformer.decoder.block.1.layer.0.SelfAttention.o.weight,157,cosine_similarity,0.06405666470527649,1024,1024
t5-large,actmat,transformer.decoder.block.1.layer.1.EncDecAttention.q.weight,158,rm_loss,3.1830363273620605,1024,1024
t5-large,actmat,transformer.decoder.block.1.layer.1.EncDecAttention.q.weight,158,cosine_similarity,0.3669045865535736,1024,1024
t5-large,actmat-identity-inv,transformer.decoder.block.1.layer.1.EncDecAttention.q.weight,158,rm_loss,4.340794563293457,1024,1024
t5-large,regmean,transformer.decoder.block.1.layer.1.EncDecAttention.q.weight,158,rm_loss,0.20039749145507812,1024,1024
t5-large,identity,transformer.decoder.block.1.layer.1.EncDecAttention.q.weight,158,rm_loss,3.4311342239379883,1024,1024
t5-large,identity,transformer.decoder.block.1.layer.1.EncDecAttention.q.weight,158,cosine_similarity,0.08649285137653351,1024,1024
t5-large,actmat,transformer.decoder.block.1.layer.1.EncDecAttention.k.weight,159,rm_loss,523.838623046875,1024,1024
t5-large,actmat,transformer.decoder.block.1.layer.1.EncDecAttention.k.weight,159,cosine_similarity,0.3555252254009247,1024,1024
t5-large,actmat-identity-inv,transformer.decoder.block.1.layer.1.EncDecAttention.k.weight,159,rm_loss,1087.349365234375,1024,1024
t5-large,regmean,transformer.decoder.block.1.layer.1.EncDecAttention.k.weight,159,rm_loss,64.122314453125,1024,1024
t5-large,identity,transformer.decoder.block.1.layer.1.EncDecAttention.k.weight,159,rm_loss,926.4488525390625,1024,1024
t5-large,identity,transformer.decoder.block.1.layer.1.EncDecAttention.k.weight,159,cosine_similarity,0.15614911913871765,1024,1024
t5-large,actmat,transformer.decoder.block.1.layer.1.EncDecAttention.v.weight,160,rm_loss,540.547607421875,1024,1024
t5-large,actmat,transformer.decoder.block.1.layer.1.EncDecAttention.v.weight,160,cosine_similarity,0.36373159289360046,1024,1024
t5-large,actmat-identity-inv,transformer.decoder.block.1.layer.1.EncDecAttention.v.weight,160,rm_loss,1050.97216796875,1024,1024
t5-large,regmean,transformer.decoder.block.1.layer.1.EncDecAttention.v.weight,160,rm_loss,62.946044921875,1024,1024
t5-large,identity,transformer.decoder.block.1.layer.1.EncDecAttention.v.weight,160,rm_loss,820.749755859375,1024,1024
t5-large,identity,transformer.decoder.block.1.layer.1.EncDecAttention.v.weight,160,cosine_similarity,0.15614911913871765,1024,1024
t5-large,actmat,transformer.decoder.block.1.layer.1.EncDecAttention.o.weight,161,rm_loss,580.7548828125,1024,1024
t5-large,actmat,transformer.decoder.block.1.layer.1.EncDecAttention.o.weight,161,cosine_similarity,0.27786776423454285,1024,1024
t5-large,actmat-identity-inv,transformer.decoder.block.1.layer.1.EncDecAttention.o.weight,161,rm_loss,2895.45703125,1024,1024
t5-large,regmean,transformer.decoder.block.1.layer.1.EncDecAttention.o.weight,161,rm_loss,19.1943359375,1024,1024
t5-large,identity,transformer.decoder.block.1.layer.1.EncDecAttention.o.weight,161,rm_loss,2519.89892578125,1024,1024
t5-large,identity,transformer.decoder.block.1.layer.1.EncDecAttention.o.weight,161,cosine_similarity,0.05699179694056511,1024,1024
t5-large,actmat,transformer.decoder.block.1.layer.2.DenseReluDense.wi.weight,162,rm_loss,88.43942260742188,1024,4096
t5-large,actmat,transformer.decoder.block.1.layer.2.DenseReluDense.wi.weight,162,cosine_similarity,0.40917399525642395,1024,4096
t5-large,actmat-identity-inv,transformer.decoder.block.1.layer.2.DenseReluDense.wi.weight,162,rm_loss,278.00067138671875,1024,4096
t5-large,regmean,transformer.decoder.block.1.layer.2.DenseReluDense.wi.weight,162,rm_loss,11.2974853515625,1024,4096
t5-large,identity,transformer.decoder.block.1.layer.2.DenseReluDense.wi.weight,162,rm_loss,251.896484375,1024,4096
t5-large,identity,transformer.decoder.block.1.layer.2.DenseReluDense.wi.weight,162,cosine_similarity,0.0633765310049057,1024,4096
t5-large,actmat,transformer.decoder.block.1.layer.2.DenseReluDense.wo.weight,163,rm_loss,2238.0712890625,4096,1024
t5-large,actmat,transformer.decoder.block.1.layer.2.DenseReluDense.wo.weight,163,cosine_similarity,0.061248451471328735,4096,1024
t5-large,actmat-identity-inv,transformer.decoder.block.1.layer.2.DenseReluDense.wo.weight,163,rm_loss,1340.26171875,4096,1024
t5-large,regmean,transformer.decoder.block.1.layer.2.DenseReluDense.wo.weight,163,rm_loss,60.939697265625,4096,1024
t5-large,identity,transformer.decoder.block.1.layer.2.DenseReluDense.wo.weight,163,rm_loss,1026.868896484375,4096,1024
t5-large,identity,transformer.decoder.block.1.layer.2.DenseReluDense.wo.weight,163,cosine_similarity,0.03136485069990158,4096,1024
t5-large,actmat,transformer.decoder.block.2.layer.0.SelfAttention.q.weight,164,rm_loss,19.372955322265625,1024,1024
t5-large,actmat,transformer.decoder.block.2.layer.0.SelfAttention.q.weight,164,cosine_similarity,0.4216836094856262,1024,1024
t5-large,actmat-identity-inv,transformer.decoder.block.2.layer.0.SelfAttention.q.weight,164,rm_loss,44.1545524597168,1024,1024
t5-large,regmean,transformer.decoder.block.2.layer.0.SelfAttention.q.weight,164,rm_loss,1.0514297485351562,1024,1024
t5-large,identity,transformer.decoder.block.2.layer.0.SelfAttention.q.weight,164,rm_loss,34.44055938720703,1024,1024
t5-large,identity,transformer.decoder.block.2.layer.0.SelfAttention.q.weight,164,cosine_similarity,0.0774325504899025,1024,1024
t5-large,actmat,transformer.decoder.block.2.layer.0.SelfAttention.k.weight,165,rm_loss,18.62890625,1024,1024
t5-large,actmat,transformer.decoder.block.2.layer.0.SelfAttention.k.weight,165,cosine_similarity,0.40553900599479675,1024,1024
t5-large,actmat-identity-inv,transformer.decoder.block.2.layer.0.SelfAttention.k.weight,165,rm_loss,38.973472595214844,1024,1024
t5-large,regmean,transformer.decoder.block.2.layer.0.SelfAttention.k.weight,165,rm_loss,1.2125396728515625,1024,1024
t5-large,identity,transformer.decoder.block.2.layer.0.SelfAttention.k.weight,165,rm_loss,29.92340850830078,1024,1024
t5-large,identity,transformer.decoder.block.2.layer.0.SelfAttention.k.weight,165,cosine_similarity,0.0774325504899025,1024,1024
t5-large,actmat,transformer.decoder.block.2.layer.0.SelfAttention.v.weight,166,rm_loss,27.305557250976562,1024,1024
t5-large,actmat,transformer.decoder.block.2.layer.0.SelfAttention.v.weight,166,cosine_similarity,0.21436184644699097,1024,1024
t5-large,actmat-identity-inv,transformer.decoder.block.2.layer.0.SelfAttention.v.weight,166,rm_loss,38.3861083984375,1024,1024
t5-large,regmean,transformer.decoder.block.2.layer.0.SelfAttention.v.weight,166,rm_loss,1.7234115600585938,1024,1024
t5-large,identity,transformer.decoder.block.2.layer.0.SelfAttention.v.weight,166,rm_loss,29.540571212768555,1024,1024
t5-large,identity,transformer.decoder.block.2.layer.0.SelfAttention.v.weight,166,cosine_similarity,0.0774325504899025,1024,1024
t5-large,actmat,transformer.decoder.block.2.layer.0.SelfAttention.o.weight,167,rm_loss,436.4251708984375,1024,1024
t5-large,actmat,transformer.decoder.block.2.layer.0.SelfAttention.o.weight,167,cosine_similarity,0.2751816511154175,1024,1024
t5-large,actmat-identity-inv,transformer.decoder.block.2.layer.0.SelfAttention.o.weight,167,rm_loss,810.6659545898438,1024,1024
t5-large,regmean,transformer.decoder.block.2.layer.0.SelfAttention.o.weight,167,rm_loss,13.744140625,1024,1024
t5-large,identity,transformer.decoder.block.2.layer.0.SelfAttention.o.weight,167,rm_loss,660.4644775390625,1024,1024
t5-large,identity,transformer.decoder.block.2.layer.0.SelfAttention.o.weight,167,cosine_similarity,0.059885505586862564,1024,1024
t5-large,actmat,transformer.decoder.block.2.layer.1.EncDecAttention.q.weight,168,rm_loss,2.1166648864746094,1024,1024
t5-large,actmat,transformer.decoder.block.2.layer.1.EncDecAttention.q.weight,168,cosine_similarity,0.3154539465904236,1024,1024
t5-large,actmat-identity-inv,transformer.decoder.block.2.layer.1.EncDecAttention.q.weight,168,rm_loss,3.927604913711548,1024,1024
t5-large,regmean,transformer.decoder.block.2.layer.1.EncDecAttention.q.weight,168,rm_loss,0.1324787139892578,1024,1024
t5-large,identity,transformer.decoder.block.2.layer.1.EncDecAttention.q.weight,168,rm_loss,3.1183743476867676,1024,1024
t5-large,identity,transformer.decoder.block.2.layer.1.EncDecAttention.q.weight,168,cosine_similarity,0.07161352783441544,1024,1024
t5-large,actmat,transformer.decoder.block.2.layer.1.EncDecAttention.k.weight,169,rm_loss,603.4737548828125,1024,1024
t5-large,actmat,transformer.decoder.block.2.layer.1.EncDecAttention.k.weight,169,cosine_similarity,0.3286839723587036,1024,1024
t5-large,actmat-identity-inv,transformer.decoder.block.2.layer.1.EncDecAttention.k.weight,169,rm_loss,914.899169921875,1024,1024
t5-large,regmean,transformer.decoder.block.2.layer.1.EncDecAttention.k.weight,169,rm_loss,62.103271484375,1024,1024
t5-large,identity,transformer.decoder.block.2.layer.1.EncDecAttention.k.weight,169,rm_loss,680.1165771484375,1024,1024
t5-large,identity,transformer.decoder.block.2.layer.1.EncDecAttention.k.weight,169,cosine_similarity,0.15614911913871765,1024,1024
t5-large,actmat,transformer.decoder.block.2.layer.1.EncDecAttention.v.weight,170,rm_loss,650.781005859375,1024,1024
t5-large,actmat,transformer.decoder.block.2.layer.1.EncDecAttention.v.weight,170,cosine_similarity,0.34636157751083374,1024,1024
t5-large,actmat-identity-inv,transformer.decoder.block.2.layer.1.EncDecAttention.v.weight,170,rm_loss,989.9488525390625,1024,1024
t5-large,regmean,transformer.decoder.block.2.layer.1.EncDecAttention.v.weight,170,rm_loss,61.8349609375,1024,1024
t5-large,identity,transformer.decoder.block.2.layer.1.EncDecAttention.v.weight,170,rm_loss,721.1927490234375,1024,1024
t5-large,identity,transformer.decoder.block.2.layer.1.EncDecAttention.v.weight,170,cosine_similarity,0.15614911913871765,1024,1024
t5-large,actmat,transformer.decoder.block.2.layer.1.EncDecAttention.o.weight,171,rm_loss,839.4248046875,1024,1024
t5-large,actmat,transformer.decoder.block.2.layer.1.EncDecAttention.o.weight,171,cosine_similarity,0.2272561937570572,1024,1024
t5-large,actmat-identity-inv,transformer.decoder.block.2.layer.1.EncDecAttention.o.weight,171,rm_loss,2906.74609375,1024,1024
t5-large,regmean,transformer.decoder.block.2.layer.1.EncDecAttention.o.weight,171,rm_loss,24.2607421875,1024,1024
t5-large,identity,transformer.decoder.block.2.layer.1.EncDecAttention.o.weight,171,rm_loss,2430.339111328125,1024,1024
t5-large,identity,transformer.decoder.block.2.layer.1.EncDecAttention.o.weight,171,cosine_similarity,0.056573741137981415,1024,1024
t5-large,actmat,transformer.decoder.block.2.layer.2.DenseReluDense.wi.weight,172,rm_loss,237.1939697265625,1024,4096
t5-large,actmat,transformer.decoder.block.2.layer.2.DenseReluDense.wi.weight,172,cosine_similarity,0.3859993517398834,1024,4096
t5-large,actmat-identity-inv,transformer.decoder.block.2.layer.2.DenseReluDense.wi.weight,172,rm_loss,906.5662841796875,1024,4096
t5-large,regmean,transformer.decoder.block.2.layer.2.DenseReluDense.wi.weight,172,rm_loss,20.4739990234375,1024,4096
t5-large,identity,transformer.decoder.block.2.layer.2.DenseReluDense.wi.weight,172,rm_loss,618.26611328125,1024,4096
t5-large,identity,transformer.decoder.block.2.layer.2.DenseReluDense.wi.weight,172,cosine_similarity,0.05541669577360153,1024,4096
t5-large,actmat,transformer.decoder.block.2.layer.2.DenseReluDense.wo.weight,173,rm_loss,1815.119384765625,4096,1024
t5-large,actmat,transformer.decoder.block.2.layer.2.DenseReluDense.wo.weight,173,cosine_similarity,0.026078809052705765,4096,1024
t5-large,actmat-identity-inv,transformer.decoder.block.2.layer.2.DenseReluDense.wo.weight,173,rm_loss,1095.197021484375,4096,1024
t5-large,regmean,transformer.decoder.block.2.layer.2.DenseReluDense.wo.weight,173,rm_loss,65.3984375,4096,1024
t5-large,identity,transformer.decoder.block.2.layer.2.DenseReluDense.wo.weight,173,rm_loss,927.748046875,4096,1024
t5-large,identity,transformer.decoder.block.2.layer.2.DenseReluDense.wo.weight,173,cosine_similarity,0.02340688556432724,4096,1024
t5-large,actmat,transformer.decoder.block.3.layer.0.SelfAttention.q.weight,174,rm_loss,16.54052734375,1024,1024
t5-large,actmat,transformer.decoder.block.3.layer.0.SelfAttention.q.weight,174,cosine_similarity,0.3699949383735657,1024,1024
t5-large,actmat-identity-inv,transformer.decoder.block.3.layer.0.SelfAttention.q.weight,174,rm_loss,41.31636047363281,1024,1024
t5-large,regmean,transformer.decoder.block.3.layer.0.SelfAttention.q.weight,174,rm_loss,0.709259033203125,1024,1024
t5-large,identity,transformer.decoder.block.3.layer.0.SelfAttention.q.weight,174,rm_loss,31.865184783935547,1024,1024
t5-large,identity,transformer.decoder.block.3.layer.0.SelfAttention.q.weight,174,cosine_similarity,0.0724177360534668,1024,1024
t5-large,actmat,transformer.decoder.block.3.layer.0.SelfAttention.k.weight,175,rm_loss,18.501018524169922,1024,1024
t5-large,actmat,transformer.decoder.block.3.layer.0.SelfAttention.k.weight,175,cosine_similarity,0.35418540239334106,1024,1024
t5-large,actmat-identity-inv,transformer.decoder.block.3.layer.0.SelfAttention.k.weight,175,rm_loss,37.64899826049805,1024,1024
t5-large,regmean,transformer.decoder.block.3.layer.0.SelfAttention.k.weight,175,rm_loss,0.90283203125,1024,1024
t5-large,identity,transformer.decoder.block.3.layer.0.SelfAttention.k.weight,175,rm_loss,29.01782989501953,1024,1024
t5-large,identity,transformer.decoder.block.3.layer.0.SelfAttention.k.weight,175,cosine_similarity,0.0724177360534668,1024,1024
t5-large,actmat,transformer.decoder.block.3.layer.0.SelfAttention.v.weight,176,rm_loss,29.458091735839844,1024,1024
t5-large,actmat,transformer.decoder.block.3.layer.0.SelfAttention.v.weight,176,cosine_similarity,0.21017876267433167,1024,1024
t5-large,actmat-identity-inv,transformer.decoder.block.3.layer.0.SelfAttention.v.weight,176,rm_loss,40.72093200683594,1024,1024
t5-large,regmean,transformer.decoder.block.3.layer.0.SelfAttention.v.weight,176,rm_loss,1.5579452514648438,1024,1024
t5-large,identity,transformer.decoder.block.3.layer.0.SelfAttention.v.weight,176,rm_loss,31.75591278076172,1024,1024
t5-large,identity,transformer.decoder.block.3.layer.0.SelfAttention.v.weight,176,cosine_similarity,0.0724177360534668,1024,1024
t5-large,actmat,transformer.decoder.block.3.layer.0.SelfAttention.o.weight,177,rm_loss,660.199462890625,1024,1024
t5-large,actmat,transformer.decoder.block.3.layer.0.SelfAttention.o.weight,177,cosine_similarity,0.27118420600891113,1024,1024
t5-large,actmat-identity-inv,transformer.decoder.block.3.layer.0.SelfAttention.o.weight,177,rm_loss,1084.5096435546875,1024,1024
t5-large,regmean,transformer.decoder.block.3.layer.0.SelfAttention.o.weight,177,rm_loss,20.0615234375,1024,1024
t5-large,identity,transformer.decoder.block.3.layer.0.SelfAttention.o.weight,177,rm_loss,894.91259765625,1024,1024
t5-large,identity,transformer.decoder.block.3.layer.0.SelfAttention.o.weight,177,cosine_similarity,0.05705847218632698,1024,1024
t5-large,actmat,transformer.decoder.block.3.layer.1.EncDecAttention.q.weight,178,rm_loss,2.1232776641845703,1024,1024
t5-large,actmat,transformer.decoder.block.3.layer.1.EncDecAttention.q.weight,178,cosine_similarity,0.2729590833187103,1024,1024
t5-large,actmat-identity-inv,transformer.decoder.block.3.layer.1.EncDecAttention.q.weight,178,rm_loss,4.0718841552734375,1024,1024
t5-large,regmean,transformer.decoder.block.3.layer.1.EncDecAttention.q.weight,178,rm_loss,0.10892963409423828,1024,1024
t5-large,identity,transformer.decoder.block.3.layer.1.EncDecAttention.q.weight,178,rm_loss,3.2280073165893555,1024,1024
t5-large,identity,transformer.decoder.block.3.layer.1.EncDecAttention.q.weight,178,cosine_similarity,0.06489823758602142,1024,1024
t5-large,actmat,transformer.decoder.block.3.layer.1.EncDecAttention.k.weight,179,rm_loss,505.34716796875,1024,1024
t5-large,actmat,transformer.decoder.block.3.layer.1.EncDecAttention.k.weight,179,cosine_similarity,0.3285329043865204,1024,1024
t5-large,actmat-identity-inv,transformer.decoder.block.3.layer.1.EncDecAttention.k.weight,179,rm_loss,851.2216796875,1024,1024
t5-large,regmean,transformer.decoder.block.3.layer.1.EncDecAttention.k.weight,179,rm_loss,59.5452880859375,1024,1024
t5-large,identity,transformer.decoder.block.3.layer.1.EncDecAttention.k.weight,179,rm_loss,609.7315673828125,1024,1024
t5-large,identity,transformer.decoder.block.3.layer.1.EncDecAttention.k.weight,179,cosine_similarity,0.15614911913871765,1024,1024
t5-large,actmat,transformer.decoder.block.3.layer.1.EncDecAttention.v.weight,180,rm_loss,537.827880859375,1024,1024
t5-large,actmat,transformer.decoder.block.3.layer.1.EncDecAttention.v.weight,180,cosine_similarity,0.3111688792705536,1024,1024
t5-large,actmat-identity-inv,transformer.decoder.block.3.layer.1.EncDecAttention.v.weight,180,rm_loss,979.25244140625,1024,1024
t5-large,regmean,transformer.decoder.block.3.layer.1.EncDecAttention.v.weight,180,rm_loss,60.11865234375,1024,1024
t5-large,identity,transformer.decoder.block.3.layer.1.EncDecAttention.v.weight,180,rm_loss,728.5560913085938,1024,1024
t5-large,identity,transformer.decoder.block.3.layer.1.EncDecAttention.v.weight,180,cosine_similarity,0.15614911913871765,1024,1024
t5-large,actmat,transformer.decoder.block.3.layer.1.EncDecAttention.o.weight,181,rm_loss,958.4326171875,1024,1024
t5-large,actmat,transformer.decoder.block.3.layer.1.EncDecAttention.o.weight,181,cosine_similarity,0.1984138935804367,1024,1024
t5-large,actmat-identity-inv,transformer.decoder.block.3.layer.1.EncDecAttention.o.weight,181,rm_loss,3495.78369140625,1024,1024
t5-large,regmean,transformer.decoder.block.3.layer.1.EncDecAttention.o.weight,181,rm_loss,27.8916015625,1024,1024
t5-large,identity,transformer.decoder.block.3.layer.1.EncDecAttention.o.weight,181,rm_loss,2791.37890625,1024,1024
t5-large,identity,transformer.decoder.block.3.layer.1.EncDecAttention.o.weight,181,cosine_similarity,0.05868052691221237,1024,1024
t5-large,actmat,transformer.decoder.block.3.layer.2.DenseReluDense.wi.weight,182,rm_loss,272.1529541015625,1024,4096
t5-large,actmat,transformer.decoder.block.3.layer.2.DenseReluDense.wi.weight,182,cosine_similarity,0.36851003766059875,1024,4096
t5-large,actmat-identity-inv,transformer.decoder.block.3.layer.2.DenseReluDense.wi.weight,182,rm_loss,1515.562255859375,1024,4096
t5-large,regmean,transformer.decoder.block.3.layer.2.DenseReluDense.wi.weight,182,rm_loss,28.443359375,1024,4096
t5-large,identity,transformer.decoder.block.3.layer.2.DenseReluDense.wi.weight,182,rm_loss,933.9996337890625,1024,4096
t5-large,identity,transformer.decoder.block.3.layer.2.DenseReluDense.wi.weight,182,cosine_similarity,0.05280626192688942,1024,4096
t5-large,actmat,transformer.decoder.block.3.layer.2.DenseReluDense.wo.weight,183,rm_loss,3072.53076171875,4096,1024
t5-large,actmat,transformer.decoder.block.3.layer.2.DenseReluDense.wo.weight,183,cosine_similarity,0.03620153293013573,4096,1024
t5-large,actmat-identity-inv,transformer.decoder.block.3.layer.2.DenseReluDense.wo.weight,183,rm_loss,2289.9052734375,4096,1024
t5-large,regmean,transformer.decoder.block.3.layer.2.DenseReluDense.wo.weight,183,rm_loss,104.8515625,4096,1024
t5-large,identity,transformer.decoder.block.3.layer.2.DenseReluDense.wo.weight,183,rm_loss,1834.44140625,4096,1024
t5-large,identity,transformer.decoder.block.3.layer.2.DenseReluDense.wo.weight,183,cosine_similarity,0.02218765765428543,4096,1024
t5-large,actmat,transformer.decoder.block.4.layer.0.SelfAttention.q.weight,184,rm_loss,13.439384460449219,1024,1024
t5-large,actmat,transformer.decoder.block.4.layer.0.SelfAttention.q.weight,184,cosine_similarity,0.40801116824150085,1024,1024
t5-large,actmat-identity-inv,transformer.decoder.block.4.layer.0.SelfAttention.q.weight,184,rm_loss,40.40045928955078,1024,1024
t5-large,regmean,transformer.decoder.block.4.layer.0.SelfAttention.q.weight,184,rm_loss,0.5272064208984375,1024,1024
t5-large,identity,transformer.decoder.block.4.layer.0.SelfAttention.q.weight,184,rm_loss,32.523414611816406,1024,1024
t5-large,identity,transformer.decoder.block.4.layer.0.SelfAttention.q.weight,184,cosine_similarity,0.06169690191745758,1024,1024
t5-large,actmat,transformer.decoder.block.4.layer.0.SelfAttention.k.weight,185,rm_loss,11.233173370361328,1024,1024
t5-large,actmat,transformer.decoder.block.4.layer.0.SelfAttention.k.weight,185,cosine_similarity,0.37008097767829895,1024,1024
t5-large,actmat-identity-inv,transformer.decoder.block.4.layer.0.SelfAttention.k.weight,185,rm_loss,35.87517547607422,1024,1024
t5-large,regmean,transformer.decoder.block.4.layer.0.SelfAttention.k.weight,185,rm_loss,0.6027679443359375,1024,1024
t5-large,identity,transformer.decoder.block.4.layer.0.SelfAttention.k.weight,185,rm_loss,28.82712173461914,1024,1024
t5-large,identity,transformer.decoder.block.4.layer.0.SelfAttention.k.weight,185,cosine_similarity,0.06169690191745758,1024,1024
t5-large,actmat,transformer.decoder.block.4.layer.0.SelfAttention.v.weight,186,rm_loss,19.406349182128906,1024,1024
t5-large,actmat,transformer.decoder.block.4.layer.0.SelfAttention.v.weight,186,cosine_similarity,0.1677207052707672,1024,1024
t5-large,actmat-identity-inv,transformer.decoder.block.4.layer.0.SelfAttention.v.weight,186,rm_loss,28.101207733154297,1024,1024
t5-large,regmean,transformer.decoder.block.4.layer.0.SelfAttention.v.weight,186,rm_loss,1.024749755859375,1024,1024
t5-large,identity,transformer.decoder.block.4.layer.0.SelfAttention.v.weight,186,rm_loss,21.726858139038086,1024,1024
t5-large,identity,transformer.decoder.block.4.layer.0.SelfAttention.v.weight,186,cosine_similarity,0.06169690191745758,1024,1024
t5-large,actmat,transformer.decoder.block.4.layer.0.SelfAttention.o.weight,187,rm_loss,482.66650390625,1024,1024
t5-large,actmat,transformer.decoder.block.4.layer.0.SelfAttention.o.weight,187,cosine_similarity,0.2709025740623474,1024,1024
t5-large,actmat-identity-inv,transformer.decoder.block.4.layer.0.SelfAttention.o.weight,187,rm_loss,1013.2044677734375,1024,1024
t5-large,regmean,transformer.decoder.block.4.layer.0.SelfAttention.o.weight,187,rm_loss,16.00439453125,1024,1024
t5-large,identity,transformer.decoder.block.4.layer.0.SelfAttention.o.weight,187,rm_loss,851.6617431640625,1024,1024
t5-large,identity,transformer.decoder.block.4.layer.0.SelfAttention.o.weight,187,cosine_similarity,0.058611515909433365,1024,1024
t5-large,actmat,transformer.decoder.block.4.layer.1.EncDecAttention.q.weight,188,rm_loss,1.5760207176208496,1024,1024
t5-large,actmat,transformer.decoder.block.4.layer.1.EncDecAttention.q.weight,188,cosine_similarity,0.28153494000434875,1024,1024
t5-large,actmat-identity-inv,transformer.decoder.block.4.layer.1.EncDecAttention.q.weight,188,rm_loss,2.9572527408599854,1024,1024
t5-large,regmean,transformer.decoder.block.4.layer.1.EncDecAttention.q.weight,188,rm_loss,0.08345842361450195,1024,1024
t5-large,identity,transformer.decoder.block.4.layer.1.EncDecAttention.q.weight,188,rm_loss,2.3622190952301025,1024,1024
t5-large,identity,transformer.decoder.block.4.layer.1.EncDecAttention.q.weight,188,cosine_similarity,0.06442464888095856,1024,1024
t5-large,actmat,transformer.decoder.block.4.layer.1.EncDecAttention.k.weight,189,rm_loss,505.198486328125,1024,1024
t5-large,actmat,transformer.decoder.block.4.layer.1.EncDecAttention.k.weight,189,cosine_similarity,0.3425329923629761,1024,1024
t5-large,actmat-identity-inv,transformer.decoder.block.4.layer.1.EncDecAttention.k.weight,189,rm_loss,930.351806640625,1024,1024
t5-large,regmean,transformer.decoder.block.4.layer.1.EncDecAttention.k.weight,189,rm_loss,64.226318359375,1024,1024
t5-large,identity,transformer.decoder.block.4.layer.1.EncDecAttention.k.weight,189,rm_loss,700.5970458984375,1024,1024
t5-large,identity,transformer.decoder.block.4.layer.1.EncDecAttention.k.weight,189,cosine_similarity,0.15614911913871765,1024,1024
t5-large,actmat,transformer.decoder.block.4.layer.1.EncDecAttention.v.weight,190,rm_loss,541.04736328125,1024,1024
t5-large,actmat,transformer.decoder.block.4.layer.1.EncDecAttention.v.weight,190,cosine_similarity,0.28900453448295593,1024,1024
t5-large,actmat-identity-inv,transformer.decoder.block.4.layer.1.EncDecAttention.v.weight,190,rm_loss,894.8589477539062,1024,1024
t5-large,regmean,transformer.decoder.block.4.layer.1.EncDecAttention.v.weight,190,rm_loss,61.16015625,1024,1024
t5-large,identity,transformer.decoder.block.4.layer.1.EncDecAttention.v.weight,190,rm_loss,668.3948974609375,1024,1024
t5-large,identity,transformer.decoder.block.4.layer.1.EncDecAttention.v.weight,190,cosine_similarity,0.15614911913871765,1024,1024
t5-large,actmat,transformer.decoder.block.4.layer.1.EncDecAttention.o.weight,191,rm_loss,720.6826171875,1024,1024
t5-large,actmat,transformer.decoder.block.4.layer.1.EncDecAttention.o.weight,191,cosine_similarity,0.1665465086698532,1024,1024
t5-large,actmat-identity-inv,transformer.decoder.block.4.layer.1.EncDecAttention.o.weight,191,rm_loss,2034.7802734375,1024,1024
t5-large,regmean,transformer.decoder.block.4.layer.1.EncDecAttention.o.weight,191,rm_loss,26.2578125,1024,1024
t5-large,identity,transformer.decoder.block.4.layer.1.EncDecAttention.o.weight,191,rm_loss,1606.297119140625,1024,1024
t5-large,identity,transformer.decoder.block.4.layer.1.EncDecAttention.o.weight,191,cosine_similarity,0.05939166620373726,1024,1024
t5-large,actmat,transformer.decoder.block.4.layer.2.DenseReluDense.wi.weight,192,rm_loss,358.29638671875,1024,4096
t5-large,actmat,transformer.decoder.block.4.layer.2.DenseReluDense.wi.weight,192,cosine_similarity,0.3543916642665863,1024,4096
t5-large,actmat-identity-inv,transformer.decoder.block.4.layer.2.DenseReluDense.wi.weight,192,rm_loss,1740.8583984375,1024,4096
t5-large,regmean,transformer.decoder.block.4.layer.2.DenseReluDense.wi.weight,192,rm_loss,36.857177734375,1024,4096
t5-large,identity,transformer.decoder.block.4.layer.2.DenseReluDense.wi.weight,192,rm_loss,1258.28759765625,1024,4096
t5-large,identity,transformer.decoder.block.4.layer.2.DenseReluDense.wi.weight,192,cosine_similarity,0.05242648348212242,1024,4096
t5-large,actmat,transformer.decoder.block.4.layer.2.DenseReluDense.wo.weight,193,rm_loss,2604.673828125,4096,1024
t5-large,actmat,transformer.decoder.block.4.layer.2.DenseReluDense.wo.weight,193,cosine_similarity,0.023964393883943558,4096,1024
t5-large,actmat-identity-inv,transformer.decoder.block.4.layer.2.DenseReluDense.wo.weight,193,rm_loss,1479.262451171875,4096,1024
t5-large,regmean,transformer.decoder.block.4.layer.2.DenseReluDense.wo.weight,193,rm_loss,103.97802734375,4096,1024
t5-large,identity,transformer.decoder.block.4.layer.2.DenseReluDense.wo.weight,193,rm_loss,1159.2099609375,4096,1024
t5-large,identity,transformer.decoder.block.4.layer.2.DenseReluDense.wo.weight,193,cosine_similarity,0.022512162104249,4096,1024
t5-large,actmat,transformer.decoder.block.5.layer.0.SelfAttention.q.weight,194,rm_loss,8.493766784667969,1024,1024
t5-large,actmat,transformer.decoder.block.5.layer.0.SelfAttention.q.weight,194,cosine_similarity,0.393841952085495,1024,1024
t5-large,actmat-identity-inv,transformer.decoder.block.5.layer.0.SelfAttention.q.weight,194,rm_loss,30.083810806274414,1024,1024
t5-large,regmean,transformer.decoder.block.5.layer.0.SelfAttention.q.weight,194,rm_loss,0.37155914306640625,1024,1024
t5-large,identity,transformer.decoder.block.5.layer.0.SelfAttention.q.weight,194,rm_loss,23.362621307373047,1024,1024
t5-large,identity,transformer.decoder.block.5.layer.0.SelfAttention.q.weight,194,cosine_similarity,0.058494314551353455,1024,1024
t5-large,actmat,transformer.decoder.block.5.layer.0.SelfAttention.k.weight,195,rm_loss,7.405876159667969,1024,1024
t5-large,actmat,transformer.decoder.block.5.layer.0.SelfAttention.k.weight,195,cosine_similarity,0.3686891794204712,1024,1024
t5-large,actmat-identity-inv,transformer.decoder.block.5.layer.0.SelfAttention.k.weight,195,rm_loss,26.475013732910156,1024,1024
t5-large,regmean,transformer.decoder.block.5.layer.0.SelfAttention.k.weight,195,rm_loss,0.40720367431640625,1024,1024
t5-large,identity,transformer.decoder.block.5.layer.0.SelfAttention.k.weight,195,rm_loss,20.329254150390625,1024,1024
t5-large,identity,transformer.decoder.block.5.layer.0.SelfAttention.k.weight,195,cosine_similarity,0.058494314551353455,1024,1024
t5-large,actmat,transformer.decoder.block.5.layer.0.SelfAttention.v.weight,196,rm_loss,13.176166534423828,1024,1024
t5-large,actmat,transformer.decoder.block.5.layer.0.SelfAttention.v.weight,196,cosine_similarity,0.15405315160751343,1024,1024
t5-large,actmat-identity-inv,transformer.decoder.block.5.layer.0.SelfAttention.v.weight,196,rm_loss,22.239540100097656,1024,1024
t5-large,regmean,transformer.decoder.block.5.layer.0.SelfAttention.v.weight,196,rm_loss,0.6667098999023438,1024,1024
t5-large,identity,transformer.decoder.block.5.layer.0.SelfAttention.v.weight,196,rm_loss,16.319021224975586,1024,1024
t5-large,identity,transformer.decoder.block.5.layer.0.SelfAttention.v.weight,196,cosine_similarity,0.058494314551353455,1024,1024
t5-large,actmat,transformer.decoder.block.5.layer.0.SelfAttention.o.weight,197,rm_loss,633.091064453125,1024,1024
t5-large,actmat,transformer.decoder.block.5.layer.0.SelfAttention.o.weight,197,cosine_similarity,0.2082386463880539,1024,1024
t5-large,actmat-identity-inv,transformer.decoder.block.5.layer.0.SelfAttention.o.weight,197,rm_loss,1098.989501953125,1024,1024
t5-large,regmean,transformer.decoder.block.5.layer.0.SelfAttention.o.weight,197,rm_loss,22.9853515625,1024,1024
t5-large,identity,transformer.decoder.block.5.layer.0.SelfAttention.o.weight,197,rm_loss,906.5352783203125,1024,1024
t5-large,identity,transformer.decoder.block.5.layer.0.SelfAttention.o.weight,197,cosine_similarity,0.0601305216550827,1024,1024
t5-large,actmat,transformer.decoder.block.5.layer.1.EncDecAttention.q.weight,198,rm_loss,2.3875961303710938,1024,1024
t5-large,actmat,transformer.decoder.block.5.layer.1.EncDecAttention.q.weight,198,cosine_similarity,0.2704448401927948,1024,1024
t5-large,actmat-identity-inv,transformer.decoder.block.5.layer.1.EncDecAttention.q.weight,198,rm_loss,5.092926502227783,1024,1024
t5-large,regmean,transformer.decoder.block.5.layer.1.EncDecAttention.q.weight,198,rm_loss,0.1300678253173828,1024,1024
t5-large,identity,transformer.decoder.block.5.layer.1.EncDecAttention.q.weight,198,rm_loss,4.015522003173828,1024,1024
t5-large,identity,transformer.decoder.block.5.layer.1.EncDecAttention.q.weight,198,cosine_similarity,0.06183392181992531,1024,1024
t5-large,actmat,transformer.decoder.block.5.layer.1.EncDecAttention.k.weight,199,rm_loss,674.1181640625,1024,1024
t5-large,actmat,transformer.decoder.block.5.layer.1.EncDecAttention.k.weight,199,cosine_similarity,0.28440314531326294,1024,1024
t5-large,actmat-identity-inv,transformer.decoder.block.5.layer.1.EncDecAttention.k.weight,199,rm_loss,878.203857421875,1024,1024
t5-large,regmean,transformer.decoder.block.5.layer.1.EncDecAttention.k.weight,199,rm_loss,74.6689453125,1024,1024
t5-large,identity,transformer.decoder.block.5.layer.1.EncDecAttention.k.weight,199,rm_loss,676.325439453125,1024,1024
t5-large,identity,transformer.decoder.block.5.layer.1.EncDecAttention.k.weight,199,cosine_similarity,0.15614911913871765,1024,1024
t5-large,actmat,transformer.decoder.block.5.layer.1.EncDecAttention.v.weight,200,rm_loss,661.380859375,1024,1024
t5-large,actmat,transformer.decoder.block.5.layer.1.EncDecAttention.v.weight,200,cosine_similarity,0.3022359609603882,1024,1024
t5-large,actmat-identity-inv,transformer.decoder.block.5.layer.1.EncDecAttention.v.weight,200,rm_loss,1025.953125,1024,1024
t5-large,regmean,transformer.decoder.block.5.layer.1.EncDecAttention.v.weight,200,rm_loss,72.322021484375,1024,1024
t5-large,identity,transformer.decoder.block.5.layer.1.EncDecAttention.v.weight,200,rm_loss,766.5296630859375,1024,1024
t5-large,identity,transformer.decoder.block.5.layer.1.EncDecAttention.v.weight,200,cosine_similarity,0.15614911913871765,1024,1024
t5-large,actmat,transformer.decoder.block.5.layer.1.EncDecAttention.o.weight,201,rm_loss,984.12109375,1024,1024
t5-large,actmat,transformer.decoder.block.5.layer.1.EncDecAttention.o.weight,201,cosine_similarity,0.1849483847618103,1024,1024
t5-large,actmat-identity-inv,transformer.decoder.block.5.layer.1.EncDecAttention.o.weight,201,rm_loss,2690.205322265625,1024,1024
t5-large,regmean,transformer.decoder.block.5.layer.1.EncDecAttention.o.weight,201,rm_loss,26.513671875,1024,1024
t5-large,identity,transformer.decoder.block.5.layer.1.EncDecAttention.o.weight,201,rm_loss,2201.05517578125,1024,1024
t5-large,identity,transformer.decoder.block.5.layer.1.EncDecAttention.o.weight,201,cosine_similarity,0.059291910380125046,1024,1024
t5-large,actmat,transformer.decoder.block.5.layer.2.DenseReluDense.wi.weight,202,rm_loss,459.192626953125,1024,4096
t5-large,actmat,transformer.decoder.block.5.layer.2.DenseReluDense.wi.weight,202,cosine_similarity,0.34951886534690857,1024,4096
t5-large,actmat-identity-inv,transformer.decoder.block.5.layer.2.DenseReluDense.wi.weight,202,rm_loss,1962.21044921875,1024,4096
t5-large,regmean,transformer.decoder.block.5.layer.2.DenseReluDense.wi.weight,202,rm_loss,44.14111328125,1024,4096
t5-large,identity,transformer.decoder.block.5.layer.2.DenseReluDense.wi.weight,202,rm_loss,1646.279541015625,1024,4096
t5-large,identity,transformer.decoder.block.5.layer.2.DenseReluDense.wi.weight,202,cosine_similarity,0.05083690956234932,1024,4096
t5-large,actmat,transformer.decoder.block.5.layer.2.DenseReluDense.wo.weight,203,rm_loss,1997.74853515625,4096,1024
t5-large,actmat,transformer.decoder.block.5.layer.2.DenseReluDense.wo.weight,203,cosine_similarity,0.03036673739552498,4096,1024
t5-large,actmat-identity-inv,transformer.decoder.block.5.layer.2.DenseReluDense.wo.weight,203,rm_loss,1091.9329833984375,4096,1024
t5-large,regmean,transformer.decoder.block.5.layer.2.DenseReluDense.wo.weight,203,rm_loss,75.70361328125,4096,1024
t5-large,identity,transformer.decoder.block.5.layer.2.DenseReluDense.wo.weight,203,rm_loss,866.0069580078125,4096,1024
t5-large,identity,transformer.decoder.block.5.layer.2.DenseReluDense.wo.weight,203,cosine_similarity,0.027219198644161224,4096,1024
t5-large,actmat,transformer.decoder.block.6.layer.0.SelfAttention.q.weight,204,rm_loss,13.916572570800781,1024,1024
t5-large,actmat,transformer.decoder.block.6.layer.0.SelfAttention.q.weight,204,cosine_similarity,0.43450671434402466,1024,1024
t5-large,actmat-identity-inv,transformer.decoder.block.6.layer.0.SelfAttention.q.weight,204,rm_loss,35.844215393066406,1024,1024
t5-large,regmean,transformer.decoder.block.6.layer.0.SelfAttention.q.weight,204,rm_loss,0.410003662109375,1024,1024
t5-large,identity,transformer.decoder.block.6.layer.0.SelfAttention.q.weight,204,rm_loss,29.176300048828125,1024,1024
t5-large,identity,transformer.decoder.block.6.layer.0.SelfAttention.q.weight,204,cosine_similarity,0.05543980002403259,1024,1024
t5-large,actmat,transformer.decoder.block.6.layer.0.SelfAttention.k.weight,205,rm_loss,9.185630798339844,1024,1024
t5-large,actmat,transformer.decoder.block.6.layer.0.SelfAttention.k.weight,205,cosine_similarity,0.40463006496429443,1024,1024
t5-large,actmat-identity-inv,transformer.decoder.block.6.layer.0.SelfAttention.k.weight,205,rm_loss,28.734947204589844,1024,1024
t5-large,regmean,transformer.decoder.block.6.layer.0.SelfAttention.k.weight,205,rm_loss,0.3849525451660156,1024,1024
t5-large,identity,transformer.decoder.block.6.layer.0.SelfAttention.k.weight,205,rm_loss,22.393840789794922,1024,1024
t5-large,identity,transformer.decoder.block.6.layer.0.SelfAttention.k.weight,205,cosine_similarity,0.05543980002403259,1024,1024
t5-large,actmat,transformer.decoder.block.6.layer.0.SelfAttention.v.weight,206,rm_loss,11.86749267578125,1024,1024
t5-large,actmat,transformer.decoder.block.6.layer.0.SelfAttention.v.weight,206,cosine_similarity,0.15133161842823029,1024,1024
t5-large,actmat-identity-inv,transformer.decoder.block.6.layer.0.SelfAttention.v.weight,206,rm_loss,19.873559951782227,1024,1024
t5-large,regmean,transformer.decoder.block.6.layer.0.SelfAttention.v.weight,206,rm_loss,0.4685935974121094,1024,1024
t5-large,identity,transformer.decoder.block.6.layer.0.SelfAttention.v.weight,206,rm_loss,14.556764602661133,1024,1024
t5-large,identity,transformer.decoder.block.6.layer.0.SelfAttention.v.weight,206,cosine_similarity,0.05543980002403259,1024,1024
t5-large,actmat,transformer.decoder.block.6.layer.0.SelfAttention.o.weight,207,rm_loss,516.79248046875,1024,1024
t5-large,actmat,transformer.decoder.block.6.layer.0.SelfAttention.o.weight,207,cosine_similarity,0.17882661521434784,1024,1024
t5-large,actmat-identity-inv,transformer.decoder.block.6.layer.0.SelfAttention.o.weight,207,rm_loss,874.1362915039062,1024,1024
t5-large,regmean,transformer.decoder.block.6.layer.0.SelfAttention.o.weight,207,rm_loss,18.22705078125,1024,1024
t5-large,identity,transformer.decoder.block.6.layer.0.SelfAttention.o.weight,207,rm_loss,725.16943359375,1024,1024
t5-large,identity,transformer.decoder.block.6.layer.0.SelfAttention.o.weight,207,cosine_similarity,0.057560812681913376,1024,1024
t5-large,actmat,transformer.decoder.block.6.layer.1.EncDecAttention.q.weight,208,rm_loss,1.1690258979797363,1024,1024
t5-large,actmat,transformer.decoder.block.6.layer.1.EncDecAttention.q.weight,208,cosine_similarity,0.2771734297275543,1024,1024
t5-large,actmat-identity-inv,transformer.decoder.block.6.layer.1.EncDecAttention.q.weight,208,rm_loss,2.6840248107910156,1024,1024
t5-large,regmean,transformer.decoder.block.6.layer.1.EncDecAttention.q.weight,208,rm_loss,0.0541844367980957,1024,1024
t5-large,identity,transformer.decoder.block.6.layer.1.EncDecAttention.q.weight,208,rm_loss,2.1044652462005615,1024,1024
t5-large,identity,transformer.decoder.block.6.layer.1.EncDecAttention.q.weight,208,cosine_similarity,0.06096139922738075,1024,1024
t5-large,actmat,transformer.decoder.block.6.layer.1.EncDecAttention.k.weight,209,rm_loss,613.6357421875,1024,1024
t5-large,actmat,transformer.decoder.block.6.layer.1.EncDecAttention.k.weight,209,cosine_similarity,0.3043106198310852,1024,1024
t5-large,actmat-identity-inv,transformer.decoder.block.6.layer.1.EncDecAttention.k.weight,209,rm_loss,860.7198486328125,1024,1024
t5-large,regmean,transformer.decoder.block.6.layer.1.EncDecAttention.k.weight,209,rm_loss,75.6396484375,1024,1024
t5-large,identity,transformer.decoder.block.6.layer.1.EncDecAttention.k.weight,209,rm_loss,680.6143798828125,1024,1024
t5-large,identity,transformer.decoder.block.6.layer.1.EncDecAttention.k.weight,209,cosine_similarity,0.15614911913871765,1024,1024
t5-large,actmat,transformer.decoder.block.6.layer.1.EncDecAttention.v.weight,210,rm_loss,613.7708740234375,1024,1024
t5-large,actmat,transformer.decoder.block.6.layer.1.EncDecAttention.v.weight,210,cosine_similarity,0.27369916439056396,1024,1024
t5-large,actmat-identity-inv,transformer.decoder.block.6.layer.1.EncDecAttention.v.weight,210,rm_loss,841.881103515625,1024,1024
t5-large,regmean,transformer.decoder.block.6.layer.1.EncDecAttention.v.weight,210,rm_loss,60.200927734375,1024,1024
t5-large,identity,transformer.decoder.block.6.layer.1.EncDecAttention.v.weight,210,rm_loss,625.9791259765625,1024,1024
t5-large,identity,transformer.decoder.block.6.layer.1.EncDecAttention.v.weight,210,cosine_similarity,0.15614911913871765,1024,1024
t5-large,actmat,transformer.decoder.block.6.layer.1.EncDecAttention.o.weight,211,rm_loss,745.325439453125,1024,1024
t5-large,actmat,transformer.decoder.block.6.layer.1.EncDecAttention.o.weight,211,cosine_similarity,0.18167367577552795,1024,1024
t5-large,actmat-identity-inv,transformer.decoder.block.6.layer.1.EncDecAttention.o.weight,211,rm_loss,1503.8602294921875,1024,1024
t5-large,regmean,transformer.decoder.block.6.layer.1.EncDecAttention.o.weight,211,rm_loss,25.680908203125,1024,1024
t5-large,identity,transformer.decoder.block.6.layer.1.EncDecAttention.o.weight,211,rm_loss,1179.7425537109375,1024,1024
t5-large,identity,transformer.decoder.block.6.layer.1.EncDecAttention.o.weight,211,cosine_similarity,0.06915175169706345,1024,1024
t5-large,actmat,transformer.decoder.block.6.layer.2.DenseReluDense.wi.weight,212,rm_loss,891.6611328125,1024,4096
t5-large,actmat,transformer.decoder.block.6.layer.2.DenseReluDense.wi.weight,212,cosine_similarity,0.2955080270767212,1024,4096
t5-large,actmat-identity-inv,transformer.decoder.block.6.layer.2.DenseReluDense.wi.weight,212,rm_loss,4468.66552734375,1024,4096
t5-large,regmean,transformer.decoder.block.6.layer.2.DenseReluDense.wi.weight,212,rm_loss,84.0419921875,1024,4096
t5-large,identity,transformer.decoder.block.6.layer.2.DenseReluDense.wi.weight,212,rm_loss,2762.362060546875,1024,4096
t5-large,identity,transformer.decoder.block.6.layer.2.DenseReluDense.wi.weight,212,cosine_similarity,0.05131709203124046,1024,4096
t5-large,actmat,transformer.decoder.block.6.layer.2.DenseReluDense.wo.weight,213,rm_loss,1807.8857421875,4096,1024
t5-large,actmat,transformer.decoder.block.6.layer.2.DenseReluDense.wo.weight,213,cosine_similarity,0.03122052177786827,4096,1024
t5-large,actmat-identity-inv,transformer.decoder.block.6.layer.2.DenseReluDense.wo.weight,213,rm_loss,1394.158935546875,4096,1024
t5-large,regmean,transformer.decoder.block.6.layer.2.DenseReluDense.wo.weight,213,rm_loss,82.8134765625,4096,1024
t5-large,identity,transformer.decoder.block.6.layer.2.DenseReluDense.wo.weight,213,rm_loss,1011.6746826171875,4096,1024
t5-large,identity,transformer.decoder.block.6.layer.2.DenseReluDense.wo.weight,213,cosine_similarity,0.02671075239777565,4096,1024
t5-large,actmat,transformer.decoder.block.7.layer.0.SelfAttention.q.weight,214,rm_loss,7.5016937255859375,1024,1024
t5-large,actmat,transformer.decoder.block.7.layer.0.SelfAttention.q.weight,214,cosine_similarity,0.44470325112342834,1024,1024
t5-large,actmat-identity-inv,transformer.decoder.block.7.layer.0.SelfAttention.q.weight,214,rm_loss,27.726167678833008,1024,1024
t5-large,regmean,transformer.decoder.block.7.layer.0.SelfAttention.q.weight,214,rm_loss,0.282470703125,1024,1024
t5-large,identity,transformer.decoder.block.7.layer.0.SelfAttention.q.weight,214,rm_loss,21.853504180908203,1024,1024
t5-large,identity,transformer.decoder.block.7.layer.0.SelfAttention.q.weight,214,cosine_similarity,0.05876818299293518,1024,1024
t5-large,actmat,transformer.decoder.block.7.layer.0.SelfAttention.k.weight,215,rm_loss,4.811817169189453,1024,1024
t5-large,actmat,transformer.decoder.block.7.layer.0.SelfAttention.k.weight,215,cosine_similarity,0.39273446798324585,1024,1024
t5-large,actmat-identity-inv,transformer.decoder.block.7.layer.0.SelfAttention.k.weight,215,rm_loss,20.311683654785156,1024,1024
t5-large,regmean,transformer.decoder.block.7.layer.0.SelfAttention.k.weight,215,rm_loss,0.2386016845703125,1024,1024
t5-large,identity,transformer.decoder.block.7.layer.0.SelfAttention.k.weight,215,rm_loss,14.937262535095215,1024,1024
t5-large,identity,transformer.decoder.block.7.layer.0.SelfAttention.k.weight,215,cosine_similarity,0.05876818299293518,1024,1024
t5-large,actmat,transformer.decoder.block.7.layer.0.SelfAttention.v.weight,216,rm_loss,9.472209930419922,1024,1024
t5-large,actmat,transformer.decoder.block.7.layer.0.SelfAttention.v.weight,216,cosine_similarity,0.1281183958053589,1024,1024
t5-large,actmat-identity-inv,transformer.decoder.block.7.layer.0.SelfAttention.v.weight,216,rm_loss,14.690874099731445,1024,1024
t5-large,regmean,transformer.decoder.block.7.layer.0.SelfAttention.v.weight,216,rm_loss,0.36429595947265625,1024,1024
t5-large,identity,transformer.decoder.block.7.layer.0.SelfAttention.v.weight,216,rm_loss,11.407476425170898,1024,1024
t5-large,identity,transformer.decoder.block.7.layer.0.SelfAttention.v.weight,216,cosine_similarity,0.05876818299293518,1024,1024
t5-large,actmat,transformer.decoder.block.7.layer.0.SelfAttention.o.weight,217,rm_loss,340.453369140625,1024,1024
t5-large,actmat,transformer.decoder.block.7.layer.0.SelfAttention.o.weight,217,cosine_similarity,0.23355920612812042,1024,1024
t5-large,actmat-identity-inv,transformer.decoder.block.7.layer.0.SelfAttention.o.weight,217,rm_loss,644.90478515625,1024,1024
t5-large,regmean,transformer.decoder.block.7.layer.0.SelfAttention.o.weight,217,rm_loss,8.324462890625,1024,1024
t5-large,identity,transformer.decoder.block.7.layer.0.SelfAttention.o.weight,217,rm_loss,561.9320068359375,1024,1024
t5-large,identity,transformer.decoder.block.7.layer.0.SelfAttention.o.weight,217,cosine_similarity,0.057614851742982864,1024,1024
t5-large,actmat,transformer.decoder.block.7.layer.1.EncDecAttention.q.weight,218,rm_loss,0.8045098781585693,1024,1024
t5-large,actmat,transformer.decoder.block.7.layer.1.EncDecAttention.q.weight,218,cosine_similarity,0.28531211614608765,1024,1024
t5-large,actmat-identity-inv,transformer.decoder.block.7.layer.1.EncDecAttention.q.weight,218,rm_loss,1.9104783535003662,1024,1024
t5-large,regmean,transformer.decoder.block.7.layer.1.EncDecAttention.q.weight,218,rm_loss,0.040160179138183594,1024,1024
t5-large,identity,transformer.decoder.block.7.layer.1.EncDecAttention.q.weight,218,rm_loss,1.534645915031433,1024,1024
t5-large,identity,transformer.decoder.block.7.layer.1.EncDecAttention.q.weight,218,cosine_similarity,0.06161559000611305,1024,1024
t5-large,actmat,transformer.decoder.block.7.layer.1.EncDecAttention.k.weight,219,rm_loss,656.482421875,1024,1024
t5-large,actmat,transformer.decoder.block.7.layer.1.EncDecAttention.k.weight,219,cosine_similarity,0.27693700790405273,1024,1024
t5-large,actmat-identity-inv,transformer.decoder.block.7.layer.1.EncDecAttention.k.weight,219,rm_loss,963.6546630859375,1024,1024
t5-large,regmean,transformer.decoder.block.7.layer.1.EncDecAttention.k.weight,219,rm_loss,68.800048828125,1024,1024
t5-large,identity,transformer.decoder.block.7.layer.1.EncDecAttention.k.weight,219,rm_loss,736.644287109375,1024,1024
t5-large,identity,transformer.decoder.block.7.layer.1.EncDecAttention.k.weight,219,cosine_similarity,0.15614911913871765,1024,1024
t5-large,actmat,transformer.decoder.block.7.layer.1.EncDecAttention.v.weight,220,rm_loss,573.66015625,1024,1024
t5-large,actmat,transformer.decoder.block.7.layer.1.EncDecAttention.v.weight,220,cosine_similarity,0.26290664076805115,1024,1024
t5-large,actmat-identity-inv,transformer.decoder.block.7.layer.1.EncDecAttention.v.weight,220,rm_loss,992.741943359375,1024,1024
t5-large,regmean,transformer.decoder.block.7.layer.1.EncDecAttention.v.weight,220,rm_loss,65.58056640625,1024,1024
t5-large,identity,transformer.decoder.block.7.layer.1.EncDecAttention.v.weight,220,rm_loss,755.6898803710938,1024,1024
t5-large,identity,transformer.decoder.block.7.layer.1.EncDecAttention.v.weight,220,cosine_similarity,0.15614911913871765,1024,1024
t5-large,actmat,transformer.decoder.block.7.layer.1.EncDecAttention.o.weight,221,rm_loss,829.9736328125,1024,1024
t5-large,actmat,transformer.decoder.block.7.layer.1.EncDecAttention.o.weight,221,cosine_similarity,0.19610954821109772,1024,1024
t5-large,actmat-identity-inv,transformer.decoder.block.7.layer.1.EncDecAttention.o.weight,221,rm_loss,1882.28125,1024,1024
t5-large,regmean,transformer.decoder.block.7.layer.1.EncDecAttention.o.weight,221,rm_loss,26.54833984375,1024,1024
t5-large,identity,transformer.decoder.block.7.layer.1.EncDecAttention.o.weight,221,rm_loss,1543.986328125,1024,1024
t5-large,identity,transformer.decoder.block.7.layer.1.EncDecAttention.o.weight,221,cosine_similarity,0.06569407880306244,1024,1024
t5-large,actmat,transformer.decoder.block.7.layer.2.DenseReluDense.wi.weight,222,rm_loss,1276.7041015625,1024,4096
t5-large,actmat,transformer.decoder.block.7.layer.2.DenseReluDense.wi.weight,222,cosine_similarity,0.2627963721752167,1024,4096
t5-large,actmat-identity-inv,transformer.decoder.block.7.layer.2.DenseReluDense.wi.weight,222,rm_loss,7420.49462890625,1024,4096
t5-large,regmean,transformer.decoder.block.7.layer.2.DenseReluDense.wi.weight,222,rm_loss,123.6259765625,1024,4096
t5-large,identity,transformer.decoder.block.7.layer.2.DenseReluDense.wi.weight,222,rm_loss,4101.271484375,1024,4096
t5-large,identity,transformer.decoder.block.7.layer.2.DenseReluDense.wi.weight,222,cosine_similarity,0.05194036662578583,1024,4096
t5-large,actmat,transformer.decoder.block.7.layer.2.DenseReluDense.wo.weight,223,rm_loss,2274.18701171875,4096,1024
t5-large,actmat,transformer.decoder.block.7.layer.2.DenseReluDense.wo.weight,223,cosine_similarity,0.025787044316530228,4096,1024
t5-large,actmat-identity-inv,transformer.decoder.block.7.layer.2.DenseReluDense.wo.weight,223,rm_loss,2371.36181640625,4096,1024
t5-large,regmean,transformer.decoder.block.7.layer.2.DenseReluDense.wo.weight,223,rm_loss,68.8388671875,4096,1024
t5-large,identity,transformer.decoder.block.7.layer.2.DenseReluDense.wo.weight,223,rm_loss,1338.617919921875,4096,1024
t5-large,identity,transformer.decoder.block.7.layer.2.DenseReluDense.wo.weight,223,cosine_similarity,0.029125243425369263,4096,1024
t5-large,actmat,transformer.decoder.block.8.layer.0.SelfAttention.q.weight,224,rm_loss,5.208839416503906,1024,1024
t5-large,actmat,transformer.decoder.block.8.layer.0.SelfAttention.q.weight,224,cosine_similarity,0.4135209619998932,1024,1024
t5-large,actmat-identity-inv,transformer.decoder.block.8.layer.0.SelfAttention.q.weight,224,rm_loss,23.048160552978516,1024,1024
t5-large,regmean,transformer.decoder.block.8.layer.0.SelfAttention.q.weight,224,rm_loss,0.232391357421875,1024,1024
t5-large,identity,transformer.decoder.block.8.layer.0.SelfAttention.q.weight,224,rm_loss,17.65690040588379,1024,1024
t5-large,identity,transformer.decoder.block.8.layer.0.SelfAttention.q.weight,224,cosine_similarity,0.05521690845489502,1024,1024
t5-large,actmat,transformer.decoder.block.8.layer.0.SelfAttention.k.weight,225,rm_loss,4.804172515869141,1024,1024
t5-large,actmat,transformer.decoder.block.8.layer.0.SelfAttention.k.weight,225,cosine_similarity,0.3910234570503235,1024,1024
t5-large,actmat-identity-inv,transformer.decoder.block.8.layer.0.SelfAttention.k.weight,225,rm_loss,21.0828800201416,1024,1024
t5-large,regmean,transformer.decoder.block.8.layer.0.SelfAttention.k.weight,225,rm_loss,0.24001312255859375,1024,1024
t5-large,identity,transformer.decoder.block.8.layer.0.SelfAttention.k.weight,225,rm_loss,16.11072540283203,1024,1024
t5-large,identity,transformer.decoder.block.8.layer.0.SelfAttention.k.weight,225,cosine_similarity,0.05521690845489502,1024,1024
t5-large,actmat,transformer.decoder.block.8.layer.0.SelfAttention.v.weight,226,rm_loss,9.176910400390625,1024,1024
t5-large,actmat,transformer.decoder.block.8.layer.0.SelfAttention.v.weight,226,cosine_similarity,0.12104888260364532,1024,1024
t5-large,actmat-identity-inv,transformer.decoder.block.8.layer.0.SelfAttention.v.weight,226,rm_loss,15.136363983154297,1024,1024
t5-large,regmean,transformer.decoder.block.8.layer.0.SelfAttention.v.weight,226,rm_loss,0.3595085144042969,1024,1024
t5-large,identity,transformer.decoder.block.8.layer.0.SelfAttention.v.weight,226,rm_loss,11.79079532623291,1024,1024
t5-large,identity,transformer.decoder.block.8.layer.0.SelfAttention.v.weight,226,cosine_similarity,0.05521690845489502,1024,1024
t5-large,actmat,transformer.decoder.block.8.layer.0.SelfAttention.o.weight,227,rm_loss,290.3828125,1024,1024
t5-large,actmat,transformer.decoder.block.8.layer.0.SelfAttention.o.weight,227,cosine_similarity,0.23500144481658936,1024,1024
t5-large,actmat-identity-inv,transformer.decoder.block.8.layer.0.SelfAttention.o.weight,227,rm_loss,705.3527221679688,1024,1024
t5-large,regmean,transformer.decoder.block.8.layer.0.SelfAttention.o.weight,227,rm_loss,6.638427734375,1024,1024
t5-large,identity,transformer.decoder.block.8.layer.0.SelfAttention.o.weight,227,rm_loss,616.8065185546875,1024,1024
t5-large,identity,transformer.decoder.block.8.layer.0.SelfAttention.o.weight,227,cosine_similarity,0.05557004734873772,1024,1024
t5-large,actmat,transformer.decoder.block.8.layer.1.EncDecAttention.q.weight,228,rm_loss,0.8967509269714355,1024,1024
t5-large,actmat,transformer.decoder.block.8.layer.1.EncDecAttention.q.weight,228,cosine_similarity,0.27234670519828796,1024,1024
t5-large,actmat-identity-inv,transformer.decoder.block.8.layer.1.EncDecAttention.q.weight,228,rm_loss,2.134857177734375,1024,1024
t5-large,regmean,transformer.decoder.block.8.layer.1.EncDecAttention.q.weight,228,rm_loss,0.04671001434326172,1024,1024
t5-large,identity,transformer.decoder.block.8.layer.1.EncDecAttention.q.weight,228,rm_loss,1.7068986892700195,1024,1024
t5-large,identity,transformer.decoder.block.8.layer.1.EncDecAttention.q.weight,228,cosine_similarity,0.06041790544986725,1024,1024
t5-large,actmat,transformer.decoder.block.8.layer.1.EncDecAttention.k.weight,229,rm_loss,609.010986328125,1024,1024
t5-large,actmat,transformer.decoder.block.8.layer.1.EncDecAttention.k.weight,229,cosine_similarity,0.242902934551239,1024,1024
t5-large,actmat-identity-inv,transformer.decoder.block.8.layer.1.EncDecAttention.k.weight,229,rm_loss,818.1669921875,1024,1024
t5-large,regmean,transformer.decoder.block.8.layer.1.EncDecAttention.k.weight,229,rm_loss,74.752197265625,1024,1024
t5-large,identity,transformer.decoder.block.8.layer.1.EncDecAttention.k.weight,229,rm_loss,612.8002319335938,1024,1024
t5-large,identity,transformer.decoder.block.8.layer.1.EncDecAttention.k.weight,229,cosine_similarity,0.15614911913871765,1024,1024
t5-large,actmat,transformer.decoder.block.8.layer.1.EncDecAttention.v.weight,230,rm_loss,533.759521484375,1024,1024
t5-large,actmat,transformer.decoder.block.8.layer.1.EncDecAttention.v.weight,230,cosine_similarity,0.26000091433525085,1024,1024
t5-large,actmat-identity-inv,transformer.decoder.block.8.layer.1.EncDecAttention.v.weight,230,rm_loss,989.5543212890625,1024,1024
t5-large,regmean,transformer.decoder.block.8.layer.1.EncDecAttention.v.weight,230,rm_loss,64.439208984375,1024,1024
t5-large,identity,transformer.decoder.block.8.layer.1.EncDecAttention.v.weight,230,rm_loss,751.7294921875,1024,1024
t5-large,identity,transformer.decoder.block.8.layer.1.EncDecAttention.v.weight,230,cosine_similarity,0.15614911913871765,1024,1024
t5-large,actmat,transformer.decoder.block.8.layer.1.EncDecAttention.o.weight,231,rm_loss,1294.6953125,1024,1024
t5-large,actmat,transformer.decoder.block.8.layer.1.EncDecAttention.o.weight,231,cosine_similarity,0.19247332215309143,1024,1024
t5-large,actmat-identity-inv,transformer.decoder.block.8.layer.1.EncDecAttention.o.weight,231,rm_loss,2799.5498046875,1024,1024
t5-large,regmean,transformer.decoder.block.8.layer.1.EncDecAttention.o.weight,231,rm_loss,49.4970703125,1024,1024
t5-large,identity,transformer.decoder.block.8.layer.1.EncDecAttention.o.weight,231,rm_loss,2186.65625,1024,1024
t5-large,identity,transformer.decoder.block.8.layer.1.EncDecAttention.o.weight,231,cosine_similarity,0.06809469312429428,1024,1024
t5-large,actmat,transformer.decoder.block.8.layer.2.DenseReluDense.wi.weight,232,rm_loss,1449.6279296875,1024,4096
t5-large,actmat,transformer.decoder.block.8.layer.2.DenseReluDense.wi.weight,232,cosine_similarity,0.29912295937538147,1024,4096
t5-large,actmat-identity-inv,transformer.decoder.block.8.layer.2.DenseReluDense.wi.weight,232,rm_loss,8222.189453125,1024,4096
t5-large,regmean,transformer.decoder.block.8.layer.2.DenseReluDense.wi.weight,232,rm_loss,154.021484375,1024,4096
t5-large,identity,transformer.decoder.block.8.layer.2.DenseReluDense.wi.weight,232,rm_loss,5209.11572265625,1024,4096
t5-large,identity,transformer.decoder.block.8.layer.2.DenseReluDense.wi.weight,232,cosine_similarity,0.05053847283124924,1024,4096
t5-large,actmat,transformer.decoder.block.8.layer.2.DenseReluDense.wo.weight,233,rm_loss,1283.0771484375,4096,1024
t5-large,actmat,transformer.decoder.block.8.layer.2.DenseReluDense.wo.weight,233,cosine_similarity,0.03127576410770416,4096,1024
t5-large,actmat-identity-inv,transformer.decoder.block.8.layer.2.DenseReluDense.wo.weight,233,rm_loss,811.41943359375,4096,1024
t5-large,regmean,transformer.decoder.block.8.layer.2.DenseReluDense.wo.weight,233,rm_loss,43.41455078125,4096,1024
t5-large,identity,transformer.decoder.block.8.layer.2.DenseReluDense.wo.weight,233,rm_loss,749.350341796875,4096,1024
t5-large,identity,transformer.decoder.block.8.layer.2.DenseReluDense.wo.weight,233,cosine_similarity,0.03768530488014221,4096,1024
t5-large,actmat,transformer.decoder.block.9.layer.0.SelfAttention.q.weight,234,rm_loss,7.418205261230469,1024,1024
t5-large,actmat,transformer.decoder.block.9.layer.0.SelfAttention.q.weight,234,cosine_similarity,0.45427998900413513,1024,1024
t5-large,actmat-identity-inv,transformer.decoder.block.9.layer.0.SelfAttention.q.weight,234,rm_loss,31.597747802734375,1024,1024
t5-large,regmean,transformer.decoder.block.9.layer.0.SelfAttention.q.weight,234,rm_loss,0.2834625244140625,1024,1024
t5-large,identity,transformer.decoder.block.9.layer.0.SelfAttention.q.weight,234,rm_loss,25.026569366455078,1024,1024
t5-large,identity,transformer.decoder.block.9.layer.0.SelfAttention.q.weight,234,cosine_similarity,0.054332565516233444,1024,1024
t5-large,actmat,transformer.decoder.block.9.layer.0.SelfAttention.k.weight,235,rm_loss,5.065559387207031,1024,1024
t5-large,actmat,transformer.decoder.block.9.layer.0.SelfAttention.k.weight,235,cosine_similarity,0.3933551013469696,1024,1024
t5-large,actmat-identity-inv,transformer.decoder.block.9.layer.0.SelfAttention.k.weight,235,rm_loss,22.96030616760254,1024,1024
t5-large,regmean,transformer.decoder.block.9.layer.0.SelfAttention.k.weight,235,rm_loss,0.2611885070800781,1024,1024
t5-large,identity,transformer.decoder.block.9.layer.0.SelfAttention.k.weight,235,rm_loss,17.761255264282227,1024,1024
t5-large,identity,transformer.decoder.block.9.layer.0.SelfAttention.k.weight,235,cosine_similarity,0.054332565516233444,1024,1024
t5-large,actmat,transformer.decoder.block.9.layer.0.SelfAttention.v.weight,236,rm_loss,8.740196228027344,1024,1024
t5-large,actmat,transformer.decoder.block.9.layer.0.SelfAttention.v.weight,236,cosine_similarity,0.14158447086811066,1024,1024
t5-large,actmat-identity-inv,transformer.decoder.block.9.layer.0.SelfAttention.v.weight,236,rm_loss,18.519128799438477,1024,1024
t5-large,regmean,transformer.decoder.block.9.layer.0.SelfAttention.v.weight,236,rm_loss,0.3642921447753906,1024,1024
t5-large,identity,transformer.decoder.block.9.layer.0.SelfAttention.v.weight,236,rm_loss,13.744834899902344,1024,1024
t5-large,identity,transformer.decoder.block.9.layer.0.SelfAttention.v.weight,236,cosine_similarity,0.054332565516233444,1024,1024
t5-large,actmat,transformer.decoder.block.9.layer.0.SelfAttention.o.weight,237,rm_loss,591.09423828125,1024,1024
t5-large,actmat,transformer.decoder.block.9.layer.0.SelfAttention.o.weight,237,cosine_similarity,0.2144162803888321,1024,1024
t5-large,actmat-identity-inv,transformer.decoder.block.9.layer.0.SelfAttention.o.weight,237,rm_loss,1082.323486328125,1024,1024
t5-large,regmean,transformer.decoder.block.9.layer.0.SelfAttention.o.weight,237,rm_loss,13.56494140625,1024,1024
t5-large,identity,transformer.decoder.block.9.layer.0.SelfAttention.o.weight,237,rm_loss,903.5238037109375,1024,1024
t5-large,identity,transformer.decoder.block.9.layer.0.SelfAttention.o.weight,237,cosine_similarity,0.05779323726892471,1024,1024
t5-large,actmat,transformer.decoder.block.9.layer.1.EncDecAttention.q.weight,238,rm_loss,0.9853949546813965,1024,1024
t5-large,actmat,transformer.decoder.block.9.layer.1.EncDecAttention.q.weight,238,cosine_similarity,0.2632383108139038,1024,1024
t5-large,actmat-identity-inv,transformer.decoder.block.9.layer.1.EncDecAttention.q.weight,238,rm_loss,2.6685259342193604,1024,1024
t5-large,regmean,transformer.decoder.block.9.layer.1.EncDecAttention.q.weight,238,rm_loss,0.052849769592285156,1024,1024
t5-large,identity,transformer.decoder.block.9.layer.1.EncDecAttention.q.weight,238,rm_loss,2.1234288215637207,1024,1024
t5-large,identity,transformer.decoder.block.9.layer.1.EncDecAttention.q.weight,238,cosine_similarity,0.059474244713783264,1024,1024
t5-large,actmat,transformer.decoder.block.9.layer.1.EncDecAttention.k.weight,239,rm_loss,596.138671875,1024,1024
t5-large,actmat,transformer.decoder.block.9.layer.1.EncDecAttention.k.weight,239,cosine_similarity,0.3020551800727844,1024,1024
t5-large,actmat-identity-inv,transformer.decoder.block.9.layer.1.EncDecAttention.k.weight,239,rm_loss,910.37353515625,1024,1024
t5-large,regmean,transformer.decoder.block.9.layer.1.EncDecAttention.k.weight,239,rm_loss,75.0040283203125,1024,1024
t5-large,identity,transformer.decoder.block.9.layer.1.EncDecAttention.k.weight,239,rm_loss,682.474853515625,1024,1024
t5-large,identity,transformer.decoder.block.9.layer.1.EncDecAttention.k.weight,239,cosine_similarity,0.15614911913871765,1024,1024
t5-large,actmat,transformer.decoder.block.9.layer.1.EncDecAttention.v.weight,240,rm_loss,552.37255859375,1024,1024
t5-large,actmat,transformer.decoder.block.9.layer.1.EncDecAttention.v.weight,240,cosine_similarity,0.28292837738990784,1024,1024
t5-large,actmat-identity-inv,transformer.decoder.block.9.layer.1.EncDecAttention.v.weight,240,rm_loss,1062.268310546875,1024,1024
t5-large,regmean,transformer.decoder.block.9.layer.1.EncDecAttention.v.weight,240,rm_loss,66.806640625,1024,1024
t5-large,identity,transformer.decoder.block.9.layer.1.EncDecAttention.v.weight,240,rm_loss,820.5159301757812,1024,1024
t5-large,identity,transformer.decoder.block.9.layer.1.EncDecAttention.v.weight,240,cosine_similarity,0.15614911913871765,1024,1024
t5-large,actmat,transformer.decoder.block.9.layer.1.EncDecAttention.o.weight,241,rm_loss,1631.9873046875,1024,1024
t5-large,actmat,transformer.decoder.block.9.layer.1.EncDecAttention.o.weight,241,cosine_similarity,0.2128041833639145,1024,1024
t5-large,actmat-identity-inv,transformer.decoder.block.9.layer.1.EncDecAttention.o.weight,241,rm_loss,3685.07861328125,1024,1024
t5-large,regmean,transformer.decoder.block.9.layer.1.EncDecAttention.o.weight,241,rm_loss,48.4091796875,1024,1024
t5-large,identity,transformer.decoder.block.9.layer.1.EncDecAttention.o.weight,241,rm_loss,2962.578125,1024,1024
t5-large,identity,transformer.decoder.block.9.layer.1.EncDecAttention.o.weight,241,cosine_similarity,0.06373874098062515,1024,1024
t5-large,actmat,transformer.decoder.block.9.layer.2.DenseReluDense.wi.weight,242,rm_loss,2012.015625,1024,4096
t5-large,actmat,transformer.decoder.block.9.layer.2.DenseReluDense.wi.weight,242,cosine_similarity,0.2942972183227539,1024,4096
t5-large,actmat-identity-inv,transformer.decoder.block.9.layer.2.DenseReluDense.wi.weight,242,rm_loss,17646.787109375,1024,4096
t5-large,regmean,transformer.decoder.block.9.layer.2.DenseReluDense.wi.weight,242,rm_loss,237.4609375,1024,4096
t5-large,identity,transformer.decoder.block.9.layer.2.DenseReluDense.wi.weight,242,rm_loss,8363.90234375,1024,4096
t5-large,identity,transformer.decoder.block.9.layer.2.DenseReluDense.wi.weight,242,cosine_similarity,0.05070841684937477,1024,4096
t5-large,actmat,transformer.decoder.block.9.layer.2.DenseReluDense.wo.weight,243,rm_loss,3745.994140625,4096,1024
t5-large,actmat,transformer.decoder.block.9.layer.2.DenseReluDense.wo.weight,243,cosine_similarity,0.05748318135738373,4096,1024
t5-large,actmat-identity-inv,transformer.decoder.block.9.layer.2.DenseReluDense.wo.weight,243,rm_loss,3209.8369140625,4096,1024
t5-large,regmean,transformer.decoder.block.9.layer.2.DenseReluDense.wo.weight,243,rm_loss,93.333984375,4096,1024
t5-large,identity,transformer.decoder.block.9.layer.2.DenseReluDense.wo.weight,243,rm_loss,3136.57080078125,4096,1024
t5-large,identity,transformer.decoder.block.9.layer.2.DenseReluDense.wo.weight,243,cosine_similarity,0.03449856862425804,4096,1024
t5-large,actmat,transformer.decoder.block.10.layer.0.SelfAttention.q.weight,244,rm_loss,6.115253448486328,1024,1024
t5-large,actmat,transformer.decoder.block.10.layer.0.SelfAttention.q.weight,244,cosine_similarity,0.38346827030181885,1024,1024
t5-large,actmat-identity-inv,transformer.decoder.block.10.layer.0.SelfAttention.q.weight,244,rm_loss,26.999954223632812,1024,1024
t5-large,regmean,transformer.decoder.block.10.layer.0.SelfAttention.q.weight,244,rm_loss,0.26297760009765625,1024,1024
t5-large,identity,transformer.decoder.block.10.layer.0.SelfAttention.q.weight,244,rm_loss,21.09935188293457,1024,1024
t5-large,identity,transformer.decoder.block.10.layer.0.SelfAttention.q.weight,244,cosine_similarity,0.054448701441287994,1024,1024
t5-large,actmat,transformer.decoder.block.10.layer.0.SelfAttention.k.weight,245,rm_loss,5.663311004638672,1024,1024
t5-large,actmat,transformer.decoder.block.10.layer.0.SelfAttention.k.weight,245,cosine_similarity,0.37628570199012756,1024,1024
t5-large,actmat-identity-inv,transformer.decoder.block.10.layer.0.SelfAttention.k.weight,245,rm_loss,26.067228317260742,1024,1024
t5-large,regmean,transformer.decoder.block.10.layer.0.SelfAttention.k.weight,245,rm_loss,0.28366851806640625,1024,1024
t5-large,identity,transformer.decoder.block.10.layer.0.SelfAttention.k.weight,245,rm_loss,20.36870574951172,1024,1024
t5-large,identity,transformer.decoder.block.10.layer.0.SelfAttention.k.weight,245,cosine_similarity,0.054448701441287994,1024,1024
t5-large,actmat,transformer.decoder.block.10.layer.0.SelfAttention.v.weight,246,rm_loss,11.657649993896484,1024,1024
t5-large,actmat,transformer.decoder.block.10.layer.0.SelfAttention.v.weight,246,cosine_similarity,0.12965667247772217,1024,1024
t5-large,actmat-identity-inv,transformer.decoder.block.10.layer.0.SelfAttention.v.weight,246,rm_loss,21.017141342163086,1024,1024
t5-large,regmean,transformer.decoder.block.10.layer.0.SelfAttention.v.weight,246,rm_loss,0.4002494812011719,1024,1024
t5-large,identity,transformer.decoder.block.10.layer.0.SelfAttention.v.weight,246,rm_loss,16.313817977905273,1024,1024
t5-large,identity,transformer.decoder.block.10.layer.0.SelfAttention.v.weight,246,cosine_similarity,0.054448701441287994,1024,1024
t5-large,actmat,transformer.decoder.block.10.layer.0.SelfAttention.o.weight,247,rm_loss,642.5068359375,1024,1024
t5-large,actmat,transformer.decoder.block.10.layer.0.SelfAttention.o.weight,247,cosine_similarity,0.2243894636631012,1024,1024
t5-large,actmat-identity-inv,transformer.decoder.block.10.layer.0.SelfAttention.o.weight,247,rm_loss,1424.0374755859375,1024,1024
t5-large,regmean,transformer.decoder.block.10.layer.0.SelfAttention.o.weight,247,rm_loss,16.919189453125,1024,1024
t5-large,identity,transformer.decoder.block.10.layer.0.SelfAttention.o.weight,247,rm_loss,1203.0155029296875,1024,1024
t5-large,identity,transformer.decoder.block.10.layer.0.SelfAttention.o.weight,247,cosine_similarity,0.05558576434850693,1024,1024
t5-large,actmat,transformer.decoder.block.10.layer.1.EncDecAttention.q.weight,248,rm_loss,0.9734678268432617,1024,1024
t5-large,actmat,transformer.decoder.block.10.layer.1.EncDecAttention.q.weight,248,cosine_similarity,0.2879001796245575,1024,1024
t5-large,actmat-identity-inv,transformer.decoder.block.10.layer.1.EncDecAttention.q.weight,248,rm_loss,2.652006149291992,1024,1024
t5-large,regmean,transformer.decoder.block.10.layer.1.EncDecAttention.q.weight,248,rm_loss,0.050466060638427734,1024,1024
t5-large,identity,transformer.decoder.block.10.layer.1.EncDecAttention.q.weight,248,rm_loss,2.1651597023010254,1024,1024
t5-large,identity,transformer.decoder.block.10.layer.1.EncDecAttention.q.weight,248,cosine_similarity,0.058261532336473465,1024,1024
t5-large,actmat,transformer.decoder.block.10.layer.1.EncDecAttention.k.weight,249,rm_loss,622.46240234375,1024,1024
t5-large,actmat,transformer.decoder.block.10.layer.1.EncDecAttention.k.weight,249,cosine_similarity,0.2664605379104614,1024,1024
t5-large,actmat-identity-inv,transformer.decoder.block.10.layer.1.EncDecAttention.k.weight,249,rm_loss,815.265869140625,1024,1024
t5-large,regmean,transformer.decoder.block.10.layer.1.EncDecAttention.k.weight,249,rm_loss,77.5023193359375,1024,1024
t5-large,identity,transformer.decoder.block.10.layer.1.EncDecAttention.k.weight,249,rm_loss,608.337158203125,1024,1024
t5-large,identity,transformer.decoder.block.10.layer.1.EncDecAttention.k.weight,249,cosine_similarity,0.15614911913871765,1024,1024
t5-large,actmat,transformer.decoder.block.10.layer.1.EncDecAttention.v.weight,250,rm_loss,570.02734375,1024,1024
t5-large,actmat,transformer.decoder.block.10.layer.1.EncDecAttention.v.weight,250,cosine_similarity,0.2704116404056549,1024,1024
t5-large,actmat-identity-inv,transformer.decoder.block.10.layer.1.EncDecAttention.v.weight,250,rm_loss,989.2876586914062,1024,1024
t5-large,regmean,transformer.decoder.block.10.layer.1.EncDecAttention.v.weight,250,rm_loss,70.381591796875,1024,1024
t5-large,identity,transformer.decoder.block.10.layer.1.EncDecAttention.v.weight,250,rm_loss,765.5755615234375,1024,1024
t5-large,identity,transformer.decoder.block.10.layer.1.EncDecAttention.v.weight,250,cosine_similarity,0.15614911913871765,1024,1024
t5-large,actmat,transformer.decoder.block.10.layer.1.EncDecAttention.o.weight,251,rm_loss,2219.697265625,1024,1024
t5-large,actmat,transformer.decoder.block.10.layer.1.EncDecAttention.o.weight,251,cosine_similarity,0.23229606449604034,1024,1024
t5-large,actmat-identity-inv,transformer.decoder.block.10.layer.1.EncDecAttention.o.weight,251,rm_loss,4700.806640625,1024,1024
t5-large,regmean,transformer.decoder.block.10.layer.1.EncDecAttention.o.weight,251,rm_loss,75.09765625,1024,1024
t5-large,identity,transformer.decoder.block.10.layer.1.EncDecAttention.o.weight,251,rm_loss,3791.13623046875,1024,1024
t5-large,identity,transformer.decoder.block.10.layer.1.EncDecAttention.o.weight,251,cosine_similarity,0.07253306359052658,1024,1024
t5-large,actmat,transformer.decoder.block.10.layer.2.DenseReluDense.wi.weight,252,rm_loss,1916.705078125,1024,4096
t5-large,actmat,transformer.decoder.block.10.layer.2.DenseReluDense.wi.weight,252,cosine_similarity,0.335371196269989,1024,4096
t5-large,actmat-identity-inv,transformer.decoder.block.10.layer.2.DenseReluDense.wi.weight,252,rm_loss,16938.78515625,1024,4096
t5-large,regmean,transformer.decoder.block.10.layer.2.DenseReluDense.wi.weight,252,rm_loss,253.640625,1024,4096
t5-large,identity,transformer.decoder.block.10.layer.2.DenseReluDense.wi.weight,252,rm_loss,10337.1171875,1024,4096
t5-large,identity,transformer.decoder.block.10.layer.2.DenseReluDense.wi.weight,252,cosine_similarity,0.05066819116473198,1024,4096
t5-large,actmat,transformer.decoder.block.10.layer.2.DenseReluDense.wo.weight,253,rm_loss,4936.15234375,4096,1024
t5-large,actmat,transformer.decoder.block.10.layer.2.DenseReluDense.wo.weight,253,cosine_similarity,0.053855616599321365,4096,1024
t5-large,actmat-identity-inv,transformer.decoder.block.10.layer.2.DenseReluDense.wo.weight,253,rm_loss,4779.43310546875,4096,1024
t5-large,regmean,transformer.decoder.block.10.layer.2.DenseReluDense.wo.weight,253,rm_loss,154.919921875,4096,1024
t5-large,identity,transformer.decoder.block.10.layer.2.DenseReluDense.wo.weight,253,rm_loss,3721.6455078125,4096,1024
t5-large,identity,transformer.decoder.block.10.layer.2.DenseReluDense.wo.weight,253,cosine_similarity,0.03144556283950806,4096,1024
t5-large,actmat,transformer.decoder.block.11.layer.0.SelfAttention.q.weight,254,rm_loss,6.61883544921875,1024,1024
t5-large,actmat,transformer.decoder.block.11.layer.0.SelfAttention.q.weight,254,cosine_similarity,0.3984903395175934,1024,1024
t5-large,actmat-identity-inv,transformer.decoder.block.11.layer.0.SelfAttention.q.weight,254,rm_loss,32.546478271484375,1024,1024
t5-large,regmean,transformer.decoder.block.11.layer.0.SelfAttention.q.weight,254,rm_loss,0.2962493896484375,1024,1024
t5-large,identity,transformer.decoder.block.11.layer.0.SelfAttention.q.weight,254,rm_loss,25.243330001831055,1024,1024
t5-large,identity,transformer.decoder.block.11.layer.0.SelfAttention.q.weight,254,cosine_similarity,0.053568605333566666,1024,1024
t5-large,actmat,transformer.decoder.block.11.layer.0.SelfAttention.k.weight,255,rm_loss,5.546287536621094,1024,1024
t5-large,actmat,transformer.decoder.block.11.layer.0.SelfAttention.k.weight,255,cosine_similarity,0.370207279920578,1024,1024
t5-large,actmat-identity-inv,transformer.decoder.block.11.layer.0.SelfAttention.k.weight,255,rm_loss,30.71843910217285,1024,1024
t5-large,regmean,transformer.decoder.block.11.layer.0.SelfAttention.k.weight,255,rm_loss,0.30413818359375,1024,1024
t5-large,identity,transformer.decoder.block.11.layer.0.SelfAttention.k.weight,255,rm_loss,23.53780746459961,1024,1024
t5-large,identity,transformer.decoder.block.11.layer.0.SelfAttention.k.weight,255,cosine_similarity,0.053568605333566666,1024,1024
t5-large,actmat,transformer.decoder.block.11.layer.0.SelfAttention.v.weight,256,rm_loss,12.594318389892578,1024,1024
t5-large,actmat,transformer.decoder.block.11.layer.0.SelfAttention.v.weight,256,cosine_similarity,0.11764824390411377,1024,1024
t5-large,actmat-identity-inv,transformer.decoder.block.11.layer.0.SelfAttention.v.weight,256,rm_loss,24.691850662231445,1024,1024
t5-large,regmean,transformer.decoder.block.11.layer.0.SelfAttention.v.weight,256,rm_loss,0.4275245666503906,1024,1024
t5-large,identity,transformer.decoder.block.11.layer.0.SelfAttention.v.weight,256,rm_loss,19.517343521118164,1024,1024
t5-large,identity,transformer.decoder.block.11.layer.0.SelfAttention.v.weight,256,cosine_similarity,0.053568605333566666,1024,1024
t5-large,actmat,transformer.decoder.block.11.layer.0.SelfAttention.o.weight,257,rm_loss,690.13623046875,1024,1024
t5-large,actmat,transformer.decoder.block.11.layer.0.SelfAttention.o.weight,257,cosine_similarity,0.17336712777614594,1024,1024
t5-large,actmat-identity-inv,transformer.decoder.block.11.layer.0.SelfAttention.o.weight,257,rm_loss,2141.66748046875,1024,1024
t5-large,regmean,transformer.decoder.block.11.layer.0.SelfAttention.o.weight,257,rm_loss,19.8193359375,1024,1024
t5-large,identity,transformer.decoder.block.11.layer.0.SelfAttention.o.weight,257,rm_loss,1827.1328125,1024,1024
t5-large,identity,transformer.decoder.block.11.layer.0.SelfAttention.o.weight,257,cosine_similarity,0.05425000563263893,1024,1024
t5-large,actmat,transformer.decoder.block.11.layer.1.EncDecAttention.q.weight,258,rm_loss,0.9558568000793457,1024,1024
t5-large,actmat,transformer.decoder.block.11.layer.1.EncDecAttention.q.weight,258,cosine_similarity,0.27479952573776245,1024,1024
t5-large,actmat-identity-inv,transformer.decoder.block.11.layer.1.EncDecAttention.q.weight,258,rm_loss,2.9382052421569824,1024,1024
t5-large,regmean,transformer.decoder.block.11.layer.1.EncDecAttention.q.weight,258,rm_loss,0.04892873764038086,1024,1024
t5-large,identity,transformer.decoder.block.11.layer.1.EncDecAttention.q.weight,258,rm_loss,2.359119176864624,1024,1024
t5-large,identity,transformer.decoder.block.11.layer.1.EncDecAttention.q.weight,258,cosine_similarity,0.05716197192668915,1024,1024
t5-large,actmat,transformer.decoder.block.11.layer.1.EncDecAttention.k.weight,259,rm_loss,758.447265625,1024,1024
t5-large,actmat,transformer.decoder.block.11.layer.1.EncDecAttention.k.weight,259,cosine_similarity,0.27001866698265076,1024,1024
t5-large,actmat-identity-inv,transformer.decoder.block.11.layer.1.EncDecAttention.k.weight,259,rm_loss,946.0556030273438,1024,1024
t5-large,regmean,transformer.decoder.block.11.layer.1.EncDecAttention.k.weight,259,rm_loss,85.2762451171875,1024,1024
t5-large,identity,transformer.decoder.block.11.layer.1.EncDecAttention.k.weight,259,rm_loss,738.563232421875,1024,1024
t5-large,identity,transformer.decoder.block.11.layer.1.EncDecAttention.k.weight,259,cosine_similarity,0.15614911913871765,1024,1024
t5-large,actmat,transformer.decoder.block.11.layer.1.EncDecAttention.v.weight,260,rm_loss,674.423095703125,1024,1024
t5-large,actmat,transformer.decoder.block.11.layer.1.EncDecAttention.v.weight,260,cosine_similarity,0.3058958649635315,1024,1024
t5-large,actmat-identity-inv,transformer.decoder.block.11.layer.1.EncDecAttention.v.weight,260,rm_loss,1232.1982421875,1024,1024
t5-large,regmean,transformer.decoder.block.11.layer.1.EncDecAttention.v.weight,260,rm_loss,84.569091796875,1024,1024
t5-large,identity,transformer.decoder.block.11.layer.1.EncDecAttention.v.weight,260,rm_loss,995.978515625,1024,1024
t5-large,identity,transformer.decoder.block.11.layer.1.EncDecAttention.v.weight,260,cosine_similarity,0.15614911913871765,1024,1024
t5-large,actmat,transformer.decoder.block.11.layer.1.EncDecAttention.o.weight,261,rm_loss,2232.880859375,1024,1024
t5-large,actmat,transformer.decoder.block.11.layer.1.EncDecAttention.o.weight,261,cosine_similarity,0.22339454293251038,1024,1024
t5-large,actmat-identity-inv,transformer.decoder.block.11.layer.1.EncDecAttention.o.weight,261,rm_loss,5165.47119140625,1024,1024
t5-large,regmean,transformer.decoder.block.11.layer.1.EncDecAttention.o.weight,261,rm_loss,75.623046875,1024,1024
t5-large,identity,transformer.decoder.block.11.layer.1.EncDecAttention.o.weight,261,rm_loss,4484.8408203125,1024,1024
t5-large,identity,transformer.decoder.block.11.layer.1.EncDecAttention.o.weight,261,cosine_similarity,0.06822338700294495,1024,1024
t5-large,actmat,transformer.decoder.block.11.layer.2.DenseReluDense.wi.weight,262,rm_loss,2590.3984375,1024,4096
t5-large,actmat,transformer.decoder.block.11.layer.2.DenseReluDense.wi.weight,262,cosine_similarity,0.24635948240756989,1024,4096
t5-large,actmat-identity-inv,transformer.decoder.block.11.layer.2.DenseReluDense.wi.weight,262,rm_loss,27549.31640625,1024,4096
t5-large,regmean,transformer.decoder.block.11.layer.2.DenseReluDense.wi.weight,262,rm_loss,253.634765625,1024,4096
t5-large,identity,transformer.decoder.block.11.layer.2.DenseReluDense.wi.weight,262,rm_loss,10075.044921875,1024,4096
t5-large,identity,transformer.decoder.block.11.layer.2.DenseReluDense.wi.weight,262,cosine_similarity,0.050560977309942245,1024,4096
t5-large,actmat,transformer.decoder.block.11.layer.2.DenseReluDense.wo.weight,263,rm_loss,21306.49609375,4096,1024
t5-large,actmat,transformer.decoder.block.11.layer.2.DenseReluDense.wo.weight,263,cosine_similarity,0.0706709548830986,4096,1024
t5-large,actmat-identity-inv,transformer.decoder.block.11.layer.2.DenseReluDense.wo.weight,263,rm_loss,79887.03125,4096,1024
t5-large,regmean,transformer.decoder.block.11.layer.2.DenseReluDense.wo.weight,263,rm_loss,389.36328125,4096,1024
t5-large,identity,transformer.decoder.block.11.layer.2.DenseReluDense.wo.weight,263,rm_loss,16277.8984375,4096,1024
t5-large,identity,transformer.decoder.block.11.layer.2.DenseReluDense.wo.weight,263,cosine_similarity,0.028897861018776894,4096,1024
t5-large,actmat,transformer.decoder.block.12.layer.0.SelfAttention.q.weight,264,rm_loss,6.989715576171875,1024,1024
t5-large,actmat,transformer.decoder.block.12.layer.0.SelfAttention.q.weight,264,cosine_similarity,0.43055757880210876,1024,1024
t5-large,actmat-identity-inv,transformer.decoder.block.12.layer.0.SelfAttention.q.weight,264,rm_loss,39.41797637939453,1024,1024
t5-large,regmean,transformer.decoder.block.12.layer.0.SelfAttention.q.weight,264,rm_loss,0.3523712158203125,1024,1024
t5-large,identity,transformer.decoder.block.12.layer.0.SelfAttention.q.weight,264,rm_loss,30.46100425720215,1024,1024
t5-large,identity,transformer.decoder.block.12.layer.0.SelfAttention.q.weight,264,cosine_similarity,0.052663881331682205,1024,1024
t5-large,actmat,transformer.decoder.block.12.layer.0.SelfAttention.k.weight,265,rm_loss,6.7906951904296875,1024,1024
t5-large,actmat,transformer.decoder.block.12.layer.0.SelfAttention.k.weight,265,cosine_similarity,0.40719789266586304,1024,1024
t5-large,actmat-identity-inv,transformer.decoder.block.12.layer.0.SelfAttention.k.weight,265,rm_loss,35.71044921875,1024,1024
t5-large,regmean,transformer.decoder.block.12.layer.0.SelfAttention.k.weight,265,rm_loss,0.3551025390625,1024,1024
t5-large,identity,transformer.decoder.block.12.layer.0.SelfAttention.k.weight,265,rm_loss,27.28675079345703,1024,1024
t5-large,identity,transformer.decoder.block.12.layer.0.SelfAttention.k.weight,265,cosine_similarity,0.052663881331682205,1024,1024
t5-large,actmat,transformer.decoder.block.12.layer.0.SelfAttention.v.weight,266,rm_loss,14.678627014160156,1024,1024
t5-large,actmat,transformer.decoder.block.12.layer.0.SelfAttention.v.weight,266,cosine_similarity,0.11919600516557693,1024,1024
t5-large,actmat-identity-inv,transformer.decoder.block.12.layer.0.SelfAttention.v.weight,266,rm_loss,27.716014862060547,1024,1024
t5-large,regmean,transformer.decoder.block.12.layer.0.SelfAttention.v.weight,266,rm_loss,0.4466705322265625,1024,1024
t5-large,identity,transformer.decoder.block.12.layer.0.SelfAttention.v.weight,266,rm_loss,21.570724487304688,1024,1024
t5-large,identity,transformer.decoder.block.12.layer.0.SelfAttention.v.weight,266,cosine_similarity,0.052663881331682205,1024,1024
t5-large,actmat,transformer.decoder.block.12.layer.0.SelfAttention.o.weight,267,rm_loss,1038.740234375,1024,1024
t5-large,actmat,transformer.decoder.block.12.layer.0.SelfAttention.o.weight,267,cosine_similarity,0.20886872708797455,1024,1024
t5-large,actmat-identity-inv,transformer.decoder.block.12.layer.0.SelfAttention.o.weight,267,rm_loss,2734.17431640625,1024,1024
t5-large,regmean,transformer.decoder.block.12.layer.0.SelfAttention.o.weight,267,rm_loss,23.43310546875,1024,1024
t5-large,identity,transformer.decoder.block.12.layer.0.SelfAttention.o.weight,267,rm_loss,2307.068359375,1024,1024
t5-large,identity,transformer.decoder.block.12.layer.0.SelfAttention.o.weight,267,cosine_similarity,0.05260211601853371,1024,1024
t5-large,actmat,transformer.decoder.block.12.layer.1.EncDecAttention.q.weight,268,rm_loss,0.7663593292236328,1024,1024
t5-large,actmat,transformer.decoder.block.12.layer.1.EncDecAttention.q.weight,268,cosine_similarity,0.2559742331504822,1024,1024
t5-large,actmat-identity-inv,transformer.decoder.block.12.layer.1.EncDecAttention.q.weight,268,rm_loss,2.2438302040100098,1024,1024
t5-large,regmean,transformer.decoder.block.12.layer.1.EncDecAttention.q.weight,268,rm_loss,0.036753177642822266,1024,1024
t5-large,identity,transformer.decoder.block.12.layer.1.EncDecAttention.q.weight,268,rm_loss,1.8688371181488037,1024,1024
t5-large,identity,transformer.decoder.block.12.layer.1.EncDecAttention.q.weight,268,cosine_similarity,0.05567876249551773,1024,1024
t5-large,actmat,transformer.decoder.block.12.layer.1.EncDecAttention.k.weight,269,rm_loss,774.851806640625,1024,1024
t5-large,actmat,transformer.decoder.block.12.layer.1.EncDecAttention.k.weight,269,cosine_similarity,0.2668203115463257,1024,1024
t5-large,actmat-identity-inv,transformer.decoder.block.12.layer.1.EncDecAttention.k.weight,269,rm_loss,1040.295654296875,1024,1024
t5-large,regmean,transformer.decoder.block.12.layer.1.EncDecAttention.k.weight,269,rm_loss,96.919677734375,1024,1024
t5-large,identity,transformer.decoder.block.12.layer.1.EncDecAttention.k.weight,269,rm_loss,820.177001953125,1024,1024
t5-large,identity,transformer.decoder.block.12.layer.1.EncDecAttention.k.weight,269,cosine_similarity,0.15614911913871765,1024,1024
t5-large,actmat,transformer.decoder.block.12.layer.1.EncDecAttention.v.weight,270,rm_loss,687.18603515625,1024,1024
t5-large,actmat,transformer.decoder.block.12.layer.1.EncDecAttention.v.weight,270,cosine_similarity,0.28081420063972473,1024,1024
t5-large,actmat-identity-inv,transformer.decoder.block.12.layer.1.EncDecAttention.v.weight,270,rm_loss,1290.98486328125,1024,1024
t5-large,regmean,transformer.decoder.block.12.layer.1.EncDecAttention.v.weight,270,rm_loss,84.3896484375,1024,1024
t5-large,identity,transformer.decoder.block.12.layer.1.EncDecAttention.v.weight,270,rm_loss,1062.7584228515625,1024,1024
t5-large,identity,transformer.decoder.block.12.layer.1.EncDecAttention.v.weight,270,cosine_similarity,0.15614911913871765,1024,1024
t5-large,actmat,transformer.decoder.block.12.layer.1.EncDecAttention.o.weight,271,rm_loss,3642.935546875,1024,1024
t5-large,actmat,transformer.decoder.block.12.layer.1.EncDecAttention.o.weight,271,cosine_similarity,0.22182948887348175,1024,1024
t5-large,actmat-identity-inv,transformer.decoder.block.12.layer.1.EncDecAttention.o.weight,271,rm_loss,5120.01611328125,1024,1024
t5-large,regmean,transformer.decoder.block.12.layer.1.EncDecAttention.o.weight,271,rm_loss,83.41796875,1024,1024
t5-large,identity,transformer.decoder.block.12.layer.1.EncDecAttention.o.weight,271,rm_loss,4411.61376953125,1024,1024
t5-large,identity,transformer.decoder.block.12.layer.1.EncDecAttention.o.weight,271,cosine_similarity,0.06956513226032257,1024,1024
t5-large,actmat,transformer.decoder.block.12.layer.2.DenseReluDense.wi.weight,272,rm_loss,3317.02734375,1024,4096
t5-large,actmat,transformer.decoder.block.12.layer.2.DenseReluDense.wi.weight,272,cosine_similarity,0.24719686806201935,1024,4096
t5-large,actmat-identity-inv,transformer.decoder.block.12.layer.2.DenseReluDense.wi.weight,272,rm_loss,30992.80078125,1024,4096
t5-large,regmean,transformer.decoder.block.12.layer.2.DenseReluDense.wi.weight,272,rm_loss,281.5625,1024,4096
t5-large,identity,transformer.decoder.block.12.layer.2.DenseReluDense.wi.weight,272,rm_loss,12373.63671875,1024,4096
t5-large,identity,transformer.decoder.block.12.layer.2.DenseReluDense.wi.weight,272,cosine_similarity,0.049173928797245026,1024,4096
t5-large,actmat,transformer.decoder.block.12.layer.2.DenseReluDense.wo.weight,273,rm_loss,12011.3515625,4096,1024
t5-large,actmat,transformer.decoder.block.12.layer.2.DenseReluDense.wo.weight,273,cosine_similarity,0.07364598661661148,4096,1024
t5-large,actmat-identity-inv,transformer.decoder.block.12.layer.2.DenseReluDense.wo.weight,273,rm_loss,54879.4453125,4096,1024
t5-large,regmean,transformer.decoder.block.12.layer.2.DenseReluDense.wo.weight,273,rm_loss,290.453125,4096,1024
t5-large,identity,transformer.decoder.block.12.layer.2.DenseReluDense.wo.weight,273,rm_loss,15394.546875,4096,1024
t5-large,identity,transformer.decoder.block.12.layer.2.DenseReluDense.wo.weight,273,cosine_similarity,0.03278573602437973,4096,1024
t5-large,actmat,transformer.decoder.block.13.layer.0.SelfAttention.q.weight,274,rm_loss,7.409305572509766,1024,1024
t5-large,actmat,transformer.decoder.block.13.layer.0.SelfAttention.q.weight,274,cosine_similarity,0.3669742941856384,1024,1024
t5-large,actmat-identity-inv,transformer.decoder.block.13.layer.0.SelfAttention.q.weight,274,rm_loss,35.93584442138672,1024,1024
t5-large,regmean,transformer.decoder.block.13.layer.0.SelfAttention.q.weight,274,rm_loss,0.32012939453125,1024,1024
t5-large,identity,transformer.decoder.block.13.layer.0.SelfAttention.q.weight,274,rm_loss,28.348424911499023,1024,1024
t5-large,identity,transformer.decoder.block.13.layer.0.SelfAttention.q.weight,274,cosine_similarity,0.051058463752269745,1024,1024
t5-large,actmat,transformer.decoder.block.13.layer.0.SelfAttention.k.weight,275,rm_loss,7.160377502441406,1024,1024
t5-large,actmat,transformer.decoder.block.13.layer.0.SelfAttention.k.weight,275,cosine_similarity,0.3661627173423767,1024,1024
t5-large,actmat-identity-inv,transformer.decoder.block.13.layer.0.SelfAttention.k.weight,275,rm_loss,37.22172927856445,1024,1024
t5-large,regmean,transformer.decoder.block.13.layer.0.SelfAttention.k.weight,275,rm_loss,0.34279632568359375,1024,1024
t5-large,identity,transformer.decoder.block.13.layer.0.SelfAttention.k.weight,275,rm_loss,29.166860580444336,1024,1024
t5-large,identity,transformer.decoder.block.13.layer.0.SelfAttention.k.weight,275,cosine_similarity,0.051058463752269745,1024,1024
t5-large,actmat,transformer.decoder.block.13.layer.0.SelfAttention.v.weight,276,rm_loss,16.320213317871094,1024,1024
t5-large,actmat,transformer.decoder.block.13.layer.0.SelfAttention.v.weight,276,cosine_similarity,0.11574095487594604,1024,1024
t5-large,actmat-identity-inv,transformer.decoder.block.13.layer.0.SelfAttention.v.weight,276,rm_loss,34.009700775146484,1024,1024
t5-large,regmean,transformer.decoder.block.13.layer.0.SelfAttention.v.weight,276,rm_loss,0.5170745849609375,1024,1024
t5-large,identity,transformer.decoder.block.13.layer.0.SelfAttention.v.weight,276,rm_loss,27.58247947692871,1024,1024
t5-large,identity,transformer.decoder.block.13.layer.0.SelfAttention.v.weight,276,cosine_similarity,0.051058463752269745,1024,1024
t5-large,actmat,transformer.decoder.block.13.layer.0.SelfAttention.o.weight,277,rm_loss,1026.4072265625,1024,1024
t5-large,actmat,transformer.decoder.block.13.layer.0.SelfAttention.o.weight,277,cosine_similarity,0.2075485736131668,1024,1024
t5-large,actmat-identity-inv,transformer.decoder.block.13.layer.0.SelfAttention.o.weight,277,rm_loss,3418.30078125,1024,1024
t5-large,regmean,transformer.decoder.block.13.layer.0.SelfAttention.o.weight,277,rm_loss,25.453125,1024,1024
t5-large,identity,transformer.decoder.block.13.layer.0.SelfAttention.o.weight,277,rm_loss,3069.9228515625,1024,1024
t5-large,identity,transformer.decoder.block.13.layer.0.SelfAttention.o.weight,277,cosine_similarity,0.052016858011484146,1024,1024
t5-large,actmat,transformer.decoder.block.13.layer.1.EncDecAttention.q.weight,278,rm_loss,1.0307502746582031,1024,1024
t5-large,actmat,transformer.decoder.block.13.layer.1.EncDecAttention.q.weight,278,cosine_similarity,0.26199012994766235,1024,1024
t5-large,actmat-identity-inv,transformer.decoder.block.13.layer.1.EncDecAttention.q.weight,278,rm_loss,2.9229440689086914,1024,1024
t5-large,regmean,transformer.decoder.block.13.layer.1.EncDecAttention.q.weight,278,rm_loss,0.04229927062988281,1024,1024
t5-large,identity,transformer.decoder.block.13.layer.1.EncDecAttention.q.weight,278,rm_loss,2.5039079189300537,1024,1024
t5-large,identity,transformer.decoder.block.13.layer.1.EncDecAttention.q.weight,278,cosine_similarity,0.05411077290773392,1024,1024
t5-large,actmat,transformer.decoder.block.13.layer.1.EncDecAttention.k.weight,279,rm_loss,765.81689453125,1024,1024
t5-large,actmat,transformer.decoder.block.13.layer.1.EncDecAttention.k.weight,279,cosine_similarity,0.2959263026714325,1024,1024
t5-large,actmat-identity-inv,transformer.decoder.block.13.layer.1.EncDecAttention.k.weight,279,rm_loss,1090.13232421875,1024,1024
t5-large,regmean,transformer.decoder.block.13.layer.1.EncDecAttention.k.weight,279,rm_loss,97.4189453125,1024,1024
t5-large,identity,transformer.decoder.block.13.layer.1.EncDecAttention.k.weight,279,rm_loss,851.4603271484375,1024,1024
t5-large,identity,transformer.decoder.block.13.layer.1.EncDecAttention.k.weight,279,cosine_similarity,0.15614911913871765,1024,1024
t5-large,actmat,transformer.decoder.block.13.layer.1.EncDecAttention.v.weight,280,rm_loss,672.285400390625,1024,1024
t5-large,actmat,transformer.decoder.block.13.layer.1.EncDecAttention.v.weight,280,cosine_similarity,0.27717453241348267,1024,1024
t5-large,actmat-identity-inv,transformer.decoder.block.13.layer.1.EncDecAttention.v.weight,280,rm_loss,1208.988037109375,1024,1024
t5-large,regmean,transformer.decoder.block.13.layer.1.EncDecAttention.v.weight,280,rm_loss,89.1123046875,1024,1024
t5-large,identity,transformer.decoder.block.13.layer.1.EncDecAttention.v.weight,280,rm_loss,1006.8406372070312,1024,1024
t5-large,identity,transformer.decoder.block.13.layer.1.EncDecAttention.v.weight,280,cosine_similarity,0.15614911913871765,1024,1024
t5-large,actmat,transformer.decoder.block.13.layer.1.EncDecAttention.o.weight,281,rm_loss,4352.173828125,1024,1024
t5-large,actmat,transformer.decoder.block.13.layer.1.EncDecAttention.o.weight,281,cosine_similarity,0.20147040486335754,1024,1024
t5-large,actmat-identity-inv,transformer.decoder.block.13.layer.1.EncDecAttention.o.weight,281,rm_loss,6966.853515625,1024,1024
t5-large,regmean,transformer.decoder.block.13.layer.1.EncDecAttention.o.weight,281,rm_loss,160.162109375,1024,1024
t5-large,identity,transformer.decoder.block.13.layer.1.EncDecAttention.o.weight,281,rm_loss,5941.111328125,1024,1024
t5-large,identity,transformer.decoder.block.13.layer.1.EncDecAttention.o.weight,281,cosine_similarity,0.07093144953250885,1024,1024
t5-large,actmat,transformer.decoder.block.13.layer.2.DenseReluDense.wi.weight,282,rm_loss,5737.58984375,1024,4096
t5-large,actmat,transformer.decoder.block.13.layer.2.DenseReluDense.wi.weight,282,cosine_similarity,0.2529336214065552,1024,4096
t5-large,actmat-identity-inv,transformer.decoder.block.13.layer.2.DenseReluDense.wi.weight,282,rm_loss,60748.27734375,1024,4096
t5-large,regmean,transformer.decoder.block.13.layer.2.DenseReluDense.wi.weight,282,rm_loss,477.24609375,1024,4096
t5-large,identity,transformer.decoder.block.13.layer.2.DenseReluDense.wi.weight,282,rm_loss,21120.197265625,1024,4096
t5-large,identity,transformer.decoder.block.13.layer.2.DenseReluDense.wi.weight,282,cosine_similarity,0.04900604113936424,1024,4096
t5-large,actmat,transformer.decoder.block.13.layer.2.DenseReluDense.wo.weight,283,rm_loss,26547.5,4096,1024
t5-large,actmat,transformer.decoder.block.13.layer.2.DenseReluDense.wo.weight,283,cosine_similarity,0.06893537938594818,4096,1024
t5-large,actmat-identity-inv,transformer.decoder.block.13.layer.2.DenseReluDense.wo.weight,283,rm_loss,147719.125,4096,1024
t5-large,regmean,transformer.decoder.block.13.layer.2.DenseReluDense.wo.weight,283,rm_loss,649.9609375,4096,1024
t5-large,identity,transformer.decoder.block.13.layer.2.DenseReluDense.wo.weight,283,rm_loss,32040.73828125,4096,1024
t5-large,identity,transformer.decoder.block.13.layer.2.DenseReluDense.wo.weight,283,cosine_similarity,0.03142520785331726,4096,1024
t5-large,actmat,transformer.decoder.block.14.layer.0.SelfAttention.q.weight,284,rm_loss,6.232215881347656,1024,1024
t5-large,actmat,transformer.decoder.block.14.layer.0.SelfAttention.q.weight,284,cosine_similarity,0.3693888485431671,1024,1024
t5-large,actmat-identity-inv,transformer.decoder.block.14.layer.0.SelfAttention.q.weight,284,rm_loss,37.15751647949219,1024,1024
t5-large,regmean,transformer.decoder.block.14.layer.0.SelfAttention.q.weight,284,rm_loss,0.28107452392578125,1024,1024
t5-large,identity,transformer.decoder.block.14.layer.0.SelfAttention.q.weight,284,rm_loss,28.380126953125,1024,1024
t5-large,identity,transformer.decoder.block.14.layer.0.SelfAttention.q.weight,284,cosine_similarity,0.05029278248548508,1024,1024
t5-large,actmat,transformer.decoder.block.14.layer.0.SelfAttention.k.weight,285,rm_loss,6.168251037597656,1024,1024
t5-large,actmat,transformer.decoder.block.14.layer.0.SelfAttention.k.weight,285,cosine_similarity,0.33093276619911194,1024,1024
t5-large,actmat-identity-inv,transformer.decoder.block.14.layer.0.SelfAttention.k.weight,285,rm_loss,32.77029037475586,1024,1024
t5-large,regmean,transformer.decoder.block.14.layer.0.SelfAttention.k.weight,285,rm_loss,0.276153564453125,1024,1024
t5-large,identity,transformer.decoder.block.14.layer.0.SelfAttention.k.weight,285,rm_loss,25.124404907226562,1024,1024
t5-large,identity,transformer.decoder.block.14.layer.0.SelfAttention.k.weight,285,cosine_similarity,0.05029278248548508,1024,1024
t5-large,actmat,transformer.decoder.block.14.layer.0.SelfAttention.v.weight,286,rm_loss,12.638687133789062,1024,1024
t5-large,actmat,transformer.decoder.block.14.layer.0.SelfAttention.v.weight,286,cosine_similarity,0.13545484840869904,1024,1024
t5-large,actmat-identity-inv,transformer.decoder.block.14.layer.0.SelfAttention.v.weight,286,rm_loss,34.2317008972168,1024,1024
t5-large,regmean,transformer.decoder.block.14.layer.0.SelfAttention.v.weight,286,rm_loss,0.46990966796875,1024,1024
t5-large,identity,transformer.decoder.block.14.layer.0.SelfAttention.v.weight,286,rm_loss,27.236125946044922,1024,1024
t5-large,identity,transformer.decoder.block.14.layer.0.SelfAttention.v.weight,286,cosine_similarity,0.05029278248548508,1024,1024
t5-large,actmat,transformer.decoder.block.14.layer.0.SelfAttention.o.weight,287,rm_loss,1455.328125,1024,1024
t5-large,actmat,transformer.decoder.block.14.layer.0.SelfAttention.o.weight,287,cosine_similarity,0.23116591572761536,1024,1024
t5-large,actmat-identity-inv,transformer.decoder.block.14.layer.0.SelfAttention.o.weight,287,rm_loss,4489.95654296875,1024,1024
t5-large,regmean,transformer.decoder.block.14.layer.0.SelfAttention.o.weight,287,rm_loss,41.3046875,1024,1024
t5-large,identity,transformer.decoder.block.14.layer.0.SelfAttention.o.weight,287,rm_loss,4005.56005859375,1024,1024
t5-large,identity,transformer.decoder.block.14.layer.0.SelfAttention.o.weight,287,cosine_similarity,0.05209602043032646,1024,1024
t5-large,actmat,transformer.decoder.block.14.layer.1.EncDecAttention.q.weight,288,rm_loss,0.946685791015625,1024,1024
t5-large,actmat,transformer.decoder.block.14.layer.1.EncDecAttention.q.weight,288,cosine_similarity,0.2903183102607727,1024,1024
t5-large,actmat-identity-inv,transformer.decoder.block.14.layer.1.EncDecAttention.q.weight,288,rm_loss,3.0924079418182373,1024,1024
t5-large,regmean,transformer.decoder.block.14.layer.1.EncDecAttention.q.weight,288,rm_loss,0.04209470748901367,1024,1024
t5-large,identity,transformer.decoder.block.14.layer.1.EncDecAttention.q.weight,288,rm_loss,2.5864713191986084,1024,1024
t5-large,identity,transformer.decoder.block.14.layer.1.EncDecAttention.q.weight,288,cosine_similarity,0.05344373360276222,1024,1024
t5-large,actmat,transformer.decoder.block.14.layer.1.EncDecAttention.k.weight,289,rm_loss,765.141845703125,1024,1024
t5-large,actmat,transformer.decoder.block.14.layer.1.EncDecAttention.k.weight,289,cosine_similarity,0.27148541808128357,1024,1024
t5-large,actmat-identity-inv,transformer.decoder.block.14.layer.1.EncDecAttention.k.weight,289,rm_loss,1051.339111328125,1024,1024
t5-large,regmean,transformer.decoder.block.14.layer.1.EncDecAttention.k.weight,289,rm_loss,95.219970703125,1024,1024
t5-large,identity,transformer.decoder.block.14.layer.1.EncDecAttention.k.weight,289,rm_loss,860.295166015625,1024,1024
t5-large,identity,transformer.decoder.block.14.layer.1.EncDecAttention.k.weight,289,cosine_similarity,0.15614911913871765,1024,1024
t5-large,actmat,transformer.decoder.block.14.layer.1.EncDecAttention.v.weight,290,rm_loss,771.128662109375,1024,1024
t5-large,actmat,transformer.decoder.block.14.layer.1.EncDecAttention.v.weight,290,cosine_similarity,0.2611035704612732,1024,1024
t5-large,actmat-identity-inv,transformer.decoder.block.14.layer.1.EncDecAttention.v.weight,290,rm_loss,1308.4427490234375,1024,1024
t5-large,regmean,transformer.decoder.block.14.layer.1.EncDecAttention.v.weight,290,rm_loss,96.587158203125,1024,1024
t5-large,identity,transformer.decoder.block.14.layer.1.EncDecAttention.v.weight,290,rm_loss,1099.3955078125,1024,1024
t5-large,identity,transformer.decoder.block.14.layer.1.EncDecAttention.v.weight,290,cosine_similarity,0.15614911913871765,1024,1024
t5-large,actmat,transformer.decoder.block.14.layer.1.EncDecAttention.o.weight,291,rm_loss,3360.416015625,1024,1024
t5-large,actmat,transformer.decoder.block.14.layer.1.EncDecAttention.o.weight,291,cosine_similarity,0.26817673444747925,1024,1024
t5-large,actmat-identity-inv,transformer.decoder.block.14.layer.1.EncDecAttention.o.weight,291,rm_loss,7785.14453125,1024,1024
t5-large,regmean,transformer.decoder.block.14.layer.1.EncDecAttention.o.weight,291,rm_loss,157.50390625,1024,1024
t5-large,identity,transformer.decoder.block.14.layer.1.EncDecAttention.o.weight,291,rm_loss,6860.63671875,1024,1024
t5-large,identity,transformer.decoder.block.14.layer.1.EncDecAttention.o.weight,291,cosine_similarity,0.06988108158111572,1024,1024
t5-large,actmat,transformer.decoder.block.14.layer.2.DenseReluDense.wi.weight,292,rm_loss,7803.53125,1024,4096
t5-large,actmat,transformer.decoder.block.14.layer.2.DenseReluDense.wi.weight,292,cosine_similarity,0.2602706551551819,1024,4096
t5-large,actmat-identity-inv,transformer.decoder.block.14.layer.2.DenseReluDense.wi.weight,292,rm_loss,92483.4921875,1024,4096
t5-large,regmean,transformer.decoder.block.14.layer.2.DenseReluDense.wi.weight,292,rm_loss,671.4453125,1024,4096
t5-large,identity,transformer.decoder.block.14.layer.2.DenseReluDense.wi.weight,292,rm_loss,30356.98046875,1024,4096
t5-large,identity,transformer.decoder.block.14.layer.2.DenseReluDense.wi.weight,292,cosine_similarity,0.048310536891222,1024,4096
t5-large,actmat,transformer.decoder.block.14.layer.2.DenseReluDense.wo.weight,293,rm_loss,23164.5,4096,1024
t5-large,actmat,transformer.decoder.block.14.layer.2.DenseReluDense.wo.weight,293,cosine_similarity,0.08258886635303497,4096,1024
t5-large,actmat-identity-inv,transformer.decoder.block.14.layer.2.DenseReluDense.wo.weight,293,rm_loss,113187.96875,4096,1024
t5-large,regmean,transformer.decoder.block.14.layer.2.DenseReluDense.wo.weight,293,rm_loss,643.140625,4096,1024
t5-large,identity,transformer.decoder.block.14.layer.2.DenseReluDense.wo.weight,293,rm_loss,45428.65625,4096,1024
t5-large,identity,transformer.decoder.block.14.layer.2.DenseReluDense.wo.weight,293,cosine_similarity,0.033253803849220276,4096,1024
t5-large,actmat,transformer.decoder.block.15.layer.0.SelfAttention.q.weight,294,rm_loss,7.702735900878906,1024,1024
t5-large,actmat,transformer.decoder.block.15.layer.0.SelfAttention.q.weight,294,cosine_similarity,0.36643144488334656,1024,1024
t5-large,actmat-identity-inv,transformer.decoder.block.15.layer.0.SelfAttention.q.weight,294,rm_loss,39.39598083496094,1024,1024
t5-large,regmean,transformer.decoder.block.15.layer.0.SelfAttention.q.weight,294,rm_loss,0.3482208251953125,1024,1024
t5-large,identity,transformer.decoder.block.15.layer.0.SelfAttention.q.weight,294,rm_loss,30.65921401977539,1024,1024
t5-large,identity,transformer.decoder.block.15.layer.0.SelfAttention.q.weight,294,cosine_similarity,0.05089839920401573,1024,1024
t5-large,actmat,transformer.decoder.block.15.layer.0.SelfAttention.k.weight,295,rm_loss,6.7740478515625,1024,1024
t5-large,actmat,transformer.decoder.block.15.layer.0.SelfAttention.k.weight,295,cosine_similarity,0.34611865878105164,1024,1024
t5-large,actmat-identity-inv,transformer.decoder.block.15.layer.0.SelfAttention.k.weight,295,rm_loss,38.8461799621582,1024,1024
t5-large,regmean,transformer.decoder.block.15.layer.0.SelfAttention.k.weight,295,rm_loss,0.345916748046875,1024,1024
t5-large,identity,transformer.decoder.block.15.layer.0.SelfAttention.k.weight,295,rm_loss,29.919355392456055,1024,1024
t5-large,identity,transformer.decoder.block.15.layer.0.SelfAttention.k.weight,295,cosine_similarity,0.05089839920401573,1024,1024
t5-large,actmat,transformer.decoder.block.15.layer.0.SelfAttention.v.weight,296,rm_loss,13.750358581542969,1024,1024
t5-large,actmat,transformer.decoder.block.15.layer.0.SelfAttention.v.weight,296,cosine_similarity,0.15382573008537292,1024,1024
t5-large,actmat-identity-inv,transformer.decoder.block.15.layer.0.SelfAttention.v.weight,296,rm_loss,38.63247299194336,1024,1024
t5-large,regmean,transformer.decoder.block.15.layer.0.SelfAttention.v.weight,296,rm_loss,0.560150146484375,1024,1024
t5-large,identity,transformer.decoder.block.15.layer.0.SelfAttention.v.weight,296,rm_loss,31.628528594970703,1024,1024
t5-large,identity,transformer.decoder.block.15.layer.0.SelfAttention.v.weight,296,cosine_similarity,0.05089839920401573,1024,1024
t5-large,actmat,transformer.decoder.block.15.layer.0.SelfAttention.o.weight,297,rm_loss,2069.0009765625,1024,1024
t5-large,actmat,transformer.decoder.block.15.layer.0.SelfAttention.o.weight,297,cosine_similarity,0.23195257782936096,1024,1024
t5-large,actmat-identity-inv,transformer.decoder.block.15.layer.0.SelfAttention.o.weight,297,rm_loss,5924.4228515625,1024,1024
t5-large,regmean,transformer.decoder.block.15.layer.0.SelfAttention.o.weight,297,rm_loss,73.18359375,1024,1024
t5-large,identity,transformer.decoder.block.15.layer.0.SelfAttention.o.weight,297,rm_loss,5170.7119140625,1024,1024
t5-large,identity,transformer.decoder.block.15.layer.0.SelfAttention.o.weight,297,cosine_similarity,0.0552823580801487,1024,1024
t5-large,actmat,transformer.decoder.block.15.layer.1.EncDecAttention.q.weight,298,rm_loss,1.169234275817871,1024,1024
t5-large,actmat,transformer.decoder.block.15.layer.1.EncDecAttention.q.weight,298,cosine_similarity,0.274503618478775,1024,1024
t5-large,actmat-identity-inv,transformer.decoder.block.15.layer.1.EncDecAttention.q.weight,298,rm_loss,3.367867946624756,1024,1024
t5-large,regmean,transformer.decoder.block.15.layer.1.EncDecAttention.q.weight,298,rm_loss,0.06004142761230469,1024,1024
t5-large,identity,transformer.decoder.block.15.layer.1.EncDecAttention.q.weight,298,rm_loss,2.9305219650268555,1024,1024
t5-large,identity,transformer.decoder.block.15.layer.1.EncDecAttention.q.weight,298,cosine_similarity,0.053979139775037766,1024,1024
t5-large,actmat,transformer.decoder.block.15.layer.1.EncDecAttention.k.weight,299,rm_loss,829.06103515625,1024,1024
t5-large,actmat,transformer.decoder.block.15.layer.1.EncDecAttention.k.weight,299,cosine_similarity,0.2756462097167969,1024,1024
t5-large,actmat-identity-inv,transformer.decoder.block.15.layer.1.EncDecAttention.k.weight,299,rm_loss,1136.9072265625,1024,1024
t5-large,regmean,transformer.decoder.block.15.layer.1.EncDecAttention.k.weight,299,rm_loss,108.022705078125,1024,1024
t5-large,identity,transformer.decoder.block.15.layer.1.EncDecAttention.k.weight,299,rm_loss,899.8025512695312,1024,1024
t5-large,identity,transformer.decoder.block.15.layer.1.EncDecAttention.k.weight,299,cosine_similarity,0.15614911913871765,1024,1024
t5-large,actmat,transformer.decoder.block.15.layer.1.EncDecAttention.v.weight,300,rm_loss,779.80517578125,1024,1024
t5-large,actmat,transformer.decoder.block.15.layer.1.EncDecAttention.v.weight,300,cosine_similarity,0.24682816863059998,1024,1024
t5-large,actmat-identity-inv,transformer.decoder.block.15.layer.1.EncDecAttention.v.weight,300,rm_loss,1194.89794921875,1024,1024
t5-large,regmean,transformer.decoder.block.15.layer.1.EncDecAttention.v.weight,300,rm_loss,98.2392578125,1024,1024
t5-large,identity,transformer.decoder.block.15.layer.1.EncDecAttention.v.weight,300,rm_loss,981.8156127929688,1024,1024
t5-large,identity,transformer.decoder.block.15.layer.1.EncDecAttention.v.weight,300,cosine_similarity,0.15614911913871765,1024,1024
t5-large,actmat,transformer.decoder.block.15.layer.1.EncDecAttention.o.weight,301,rm_loss,3618.076171875,1024,1024
t5-large,actmat,transformer.decoder.block.15.layer.1.EncDecAttention.o.weight,301,cosine_similarity,0.21320703625679016,1024,1024
t5-large,actmat-identity-inv,transformer.decoder.block.15.layer.1.EncDecAttention.o.weight,301,rm_loss,7610.2421875,1024,1024
t5-large,regmean,transformer.decoder.block.15.layer.1.EncDecAttention.o.weight,301,rm_loss,152.6875,1024,1024
t5-large,identity,transformer.decoder.block.15.layer.1.EncDecAttention.o.weight,301,rm_loss,6556.1298828125,1024,1024
t5-large,identity,transformer.decoder.block.15.layer.1.EncDecAttention.o.weight,301,cosine_similarity,0.0756290853023529,1024,1024
t5-large,actmat,transformer.decoder.block.15.layer.2.DenseReluDense.wi.weight,302,rm_loss,11017.3984375,1024,4096
t5-large,actmat,transformer.decoder.block.15.layer.2.DenseReluDense.wi.weight,302,cosine_similarity,0.2800597846508026,1024,4096
t5-large,actmat-identity-inv,transformer.decoder.block.15.layer.2.DenseReluDense.wi.weight,302,rm_loss,134196.59375,1024,4096
t5-large,regmean,transformer.decoder.block.15.layer.2.DenseReluDense.wi.weight,302,rm_loss,953.2578125,1024,4096
t5-large,identity,transformer.decoder.block.15.layer.2.DenseReluDense.wi.weight,302,rm_loss,39606.390625,1024,4096
t5-large,identity,transformer.decoder.block.15.layer.2.DenseReluDense.wi.weight,302,cosine_similarity,0.04908115789294243,1024,4096
t5-large,actmat,transformer.decoder.block.15.layer.2.DenseReluDense.wo.weight,303,rm_loss,24910.125,4096,1024
t5-large,actmat,transformer.decoder.block.15.layer.2.DenseReluDense.wo.weight,303,cosine_similarity,0.09215623885393143,4096,1024
t5-large,actmat-identity-inv,transformer.decoder.block.15.layer.2.DenseReluDense.wo.weight,303,rm_loss,110102.09375,4096,1024
t5-large,regmean,transformer.decoder.block.15.layer.2.DenseReluDense.wo.weight,303,rm_loss,1025.6875,4096,1024
t5-large,identity,transformer.decoder.block.15.layer.2.DenseReluDense.wo.weight,303,rm_loss,78377.4765625,4096,1024
t5-large,identity,transformer.decoder.block.15.layer.2.DenseReluDense.wo.weight,303,cosine_similarity,0.032745301723480225,4096,1024
t5-large,actmat,transformer.decoder.block.16.layer.0.SelfAttention.q.weight,304,rm_loss,8.891921997070312,1024,1024
t5-large,actmat,transformer.decoder.block.16.layer.0.SelfAttention.q.weight,304,cosine_similarity,0.4175959527492523,1024,1024
t5-large,actmat-identity-inv,transformer.decoder.block.16.layer.0.SelfAttention.q.weight,304,rm_loss,48.00387191772461,1024,1024
t5-large,regmean,transformer.decoder.block.16.layer.0.SelfAttention.q.weight,304,rm_loss,0.44940948486328125,1024,1024
t5-large,identity,transformer.decoder.block.16.layer.0.SelfAttention.q.weight,304,rm_loss,38.95832824707031,1024,1024
t5-large,identity,transformer.decoder.block.16.layer.0.SelfAttention.q.weight,304,cosine_similarity,0.051019567996263504,1024,1024
t5-large,actmat,transformer.decoder.block.16.layer.0.SelfAttention.k.weight,305,rm_loss,9.221054077148438,1024,1024
t5-large,actmat,transformer.decoder.block.16.layer.0.SelfAttention.k.weight,305,cosine_similarity,0.34812837839126587,1024,1024
t5-large,actmat-identity-inv,transformer.decoder.block.16.layer.0.SelfAttention.k.weight,305,rm_loss,39.859500885009766,1024,1024
t5-large,regmean,transformer.decoder.block.16.layer.0.SelfAttention.k.weight,305,rm_loss,0.39984130859375,1024,1024
t5-large,identity,transformer.decoder.block.16.layer.0.SelfAttention.k.weight,305,rm_loss,31.20682144165039,1024,1024
t5-large,identity,transformer.decoder.block.16.layer.0.SelfAttention.k.weight,305,cosine_similarity,0.051019567996263504,1024,1024
t5-large,actmat,transformer.decoder.block.16.layer.0.SelfAttention.v.weight,306,rm_loss,17.4066162109375,1024,1024
t5-large,actmat,transformer.decoder.block.16.layer.0.SelfAttention.v.weight,306,cosine_similarity,0.12747417390346527,1024,1024
t5-large,actmat-identity-inv,transformer.decoder.block.16.layer.0.SelfAttention.v.weight,306,rm_loss,35.76002883911133,1024,1024
t5-large,regmean,transformer.decoder.block.16.layer.0.SelfAttention.v.weight,306,rm_loss,0.6906280517578125,1024,1024
t5-large,identity,transformer.decoder.block.16.layer.0.SelfAttention.v.weight,306,rm_loss,31.06940269470215,1024,1024
t5-large,identity,transformer.decoder.block.16.layer.0.SelfAttention.v.weight,306,cosine_similarity,0.051019567996263504,1024,1024
t5-large,actmat,transformer.decoder.block.16.layer.0.SelfAttention.o.weight,307,rm_loss,2513.52734375,1024,1024
t5-large,actmat,transformer.decoder.block.16.layer.0.SelfAttention.o.weight,307,cosine_similarity,0.21285969018936157,1024,1024
t5-large,actmat-identity-inv,transformer.decoder.block.16.layer.0.SelfAttention.o.weight,307,rm_loss,6771.37158203125,1024,1024
t5-large,regmean,transformer.decoder.block.16.layer.0.SelfAttention.o.weight,307,rm_loss,70.220703125,1024,1024
t5-large,identity,transformer.decoder.block.16.layer.0.SelfAttention.o.weight,307,rm_loss,6421.60888671875,1024,1024
t5-large,identity,transformer.decoder.block.16.layer.0.SelfAttention.o.weight,307,cosine_similarity,0.056336794048547745,1024,1024
t5-large,actmat,transformer.decoder.block.16.layer.1.EncDecAttention.q.weight,308,rm_loss,1.2340950965881348,1024,1024
t5-large,actmat,transformer.decoder.block.16.layer.1.EncDecAttention.q.weight,308,cosine_similarity,0.2640041708946228,1024,1024
t5-large,actmat-identity-inv,transformer.decoder.block.16.layer.1.EncDecAttention.q.weight,308,rm_loss,3.090796947479248,1024,1024
t5-large,regmean,transformer.decoder.block.16.layer.1.EncDecAttention.q.weight,308,rm_loss,0.05774974822998047,1024,1024
t5-large,identity,transformer.decoder.block.16.layer.1.EncDecAttention.q.weight,308,rm_loss,2.692708969116211,1024,1024
t5-large,identity,transformer.decoder.block.16.layer.1.EncDecAttention.q.weight,308,cosine_similarity,0.05329412594437599,1024,1024
t5-large,actmat,transformer.decoder.block.16.layer.1.EncDecAttention.k.weight,309,rm_loss,883.537109375,1024,1024
t5-large,actmat,transformer.decoder.block.16.layer.1.EncDecAttention.k.weight,309,cosine_similarity,0.24465657770633698,1024,1024
t5-large,actmat-identity-inv,transformer.decoder.block.16.layer.1.EncDecAttention.k.weight,309,rm_loss,1050.914306640625,1024,1024
t5-large,regmean,transformer.decoder.block.16.layer.1.EncDecAttention.k.weight,309,rm_loss,118.21240234375,1024,1024
t5-large,identity,transformer.decoder.block.16.layer.1.EncDecAttention.k.weight,309,rm_loss,850.7220458984375,1024,1024
t5-large,identity,transformer.decoder.block.16.layer.1.EncDecAttention.k.weight,309,cosine_similarity,0.15614911913871765,1024,1024
t5-large,actmat,transformer.decoder.block.16.layer.1.EncDecAttention.v.weight,310,rm_loss,853.883056640625,1024,1024
t5-large,actmat,transformer.decoder.block.16.layer.1.EncDecAttention.v.weight,310,cosine_similarity,0.23795433342456818,1024,1024
t5-large,actmat-identity-inv,transformer.decoder.block.16.layer.1.EncDecAttention.v.weight,310,rm_loss,1227.142578125,1024,1024
t5-large,regmean,transformer.decoder.block.16.layer.1.EncDecAttention.v.weight,310,rm_loss,107.83203125,1024,1024
t5-large,identity,transformer.decoder.block.16.layer.1.EncDecAttention.v.weight,310,rm_loss,1037.920654296875,1024,1024
t5-large,identity,transformer.decoder.block.16.layer.1.EncDecAttention.v.weight,310,cosine_similarity,0.15614911913871765,1024,1024
t5-large,actmat,transformer.decoder.block.16.layer.1.EncDecAttention.o.weight,311,rm_loss,7758.875,1024,1024
t5-large,actmat,transformer.decoder.block.16.layer.1.EncDecAttention.o.weight,311,cosine_similarity,0.23694100975990295,1024,1024
t5-large,actmat-identity-inv,transformer.decoder.block.16.layer.1.EncDecAttention.o.weight,311,rm_loss,9999.8388671875,1024,1024
t5-large,regmean,transformer.decoder.block.16.layer.1.EncDecAttention.o.weight,311,rm_loss,371.498046875,1024,1024
t5-large,identity,transformer.decoder.block.16.layer.1.EncDecAttention.o.weight,311,rm_loss,8582.75,1024,1024
t5-large,identity,transformer.decoder.block.16.layer.1.EncDecAttention.o.weight,311,cosine_similarity,0.08813074231147766,1024,1024
t5-large,actmat,transformer.decoder.block.16.layer.2.DenseReluDense.wi.weight,312,rm_loss,17399.9375,1024,4096
t5-large,actmat,transformer.decoder.block.16.layer.2.DenseReluDense.wi.weight,312,cosine_similarity,0.2473500519990921,1024,4096
t5-large,actmat-identity-inv,transformer.decoder.block.16.layer.2.DenseReluDense.wi.weight,312,rm_loss,238933.625,1024,4096
t5-large,regmean,transformer.decoder.block.16.layer.2.DenseReluDense.wi.weight,312,rm_loss,1652.65625,1024,4096
t5-large,identity,transformer.decoder.block.16.layer.2.DenseReluDense.wi.weight,312,rm_loss,61345.9453125,1024,4096
t5-large,identity,transformer.decoder.block.16.layer.2.DenseReluDense.wi.weight,312,cosine_similarity,0.04894722253084183,1024,4096
t5-large,actmat,transformer.decoder.block.16.layer.2.DenseReluDense.wo.weight,313,rm_loss,47411.59375,4096,1024
t5-large,actmat,transformer.decoder.block.16.layer.2.DenseReluDense.wo.weight,313,cosine_similarity,0.07368327677249908,4096,1024
t5-large,actmat-identity-inv,transformer.decoder.block.16.layer.2.DenseReluDense.wo.weight,313,rm_loss,409685.4375,4096,1024
t5-large,regmean,transformer.decoder.block.16.layer.2.DenseReluDense.wo.weight,313,rm_loss,2094.5625,4096,1024
t5-large,identity,transformer.decoder.block.16.layer.2.DenseReluDense.wo.weight,313,rm_loss,178978.375,4096,1024
t5-large,identity,transformer.decoder.block.16.layer.2.DenseReluDense.wo.weight,313,cosine_similarity,0.03351197391748428,4096,1024
t5-large,actmat,transformer.decoder.block.17.layer.0.SelfAttention.q.weight,314,rm_loss,12.721748352050781,1024,1024
t5-large,actmat,transformer.decoder.block.17.layer.0.SelfAttention.q.weight,314,cosine_similarity,0.36383774876594543,1024,1024
t5-large,actmat-identity-inv,transformer.decoder.block.17.layer.0.SelfAttention.q.weight,314,rm_loss,55.19310760498047,1024,1024
t5-large,regmean,transformer.decoder.block.17.layer.0.SelfAttention.q.weight,314,rm_loss,0.6147689819335938,1024,1024
t5-large,identity,transformer.decoder.block.17.layer.0.SelfAttention.q.weight,314,rm_loss,43.106781005859375,1024,1024
t5-large,identity,transformer.decoder.block.17.layer.0.SelfAttention.q.weight,314,cosine_similarity,0.05160686746239662,1024,1024
t5-large,actmat,transformer.decoder.block.17.layer.0.SelfAttention.k.weight,315,rm_loss,11.427711486816406,1024,1024
t5-large,actmat,transformer.decoder.block.17.layer.0.SelfAttention.k.weight,315,cosine_similarity,0.32034119963645935,1024,1024
t5-large,actmat-identity-inv,transformer.decoder.block.17.layer.0.SelfAttention.k.weight,315,rm_loss,48.51898193359375,1024,1024
t5-large,regmean,transformer.decoder.block.17.layer.0.SelfAttention.k.weight,315,rm_loss,0.5619735717773438,1024,1024
t5-large,identity,transformer.decoder.block.17.layer.0.SelfAttention.k.weight,315,rm_loss,36.27210235595703,1024,1024
t5-large,identity,transformer.decoder.block.17.layer.0.SelfAttention.k.weight,315,cosine_similarity,0.05160686746239662,1024,1024
t5-large,actmat,transformer.decoder.block.17.layer.0.SelfAttention.v.weight,316,rm_loss,26.54126739501953,1024,1024
t5-large,actmat,transformer.decoder.block.17.layer.0.SelfAttention.v.weight,316,cosine_similarity,0.135182723402977,1024,1024
t5-large,actmat-identity-inv,transformer.decoder.block.17.layer.0.SelfAttention.v.weight,316,rm_loss,49.31200408935547,1024,1024
t5-large,regmean,transformer.decoder.block.17.layer.0.SelfAttention.v.weight,316,rm_loss,1.101654052734375,1024,1024
t5-large,identity,transformer.decoder.block.17.layer.0.SelfAttention.v.weight,316,rm_loss,44.9293212890625,1024,1024
t5-large,identity,transformer.decoder.block.17.layer.0.SelfAttention.v.weight,316,cosine_similarity,0.05160686746239662,1024,1024
t5-large,actmat,transformer.decoder.block.17.layer.0.SelfAttention.o.weight,317,rm_loss,3390.47265625,1024,1024
t5-large,actmat,transformer.decoder.block.17.layer.0.SelfAttention.o.weight,317,cosine_similarity,0.25287920236587524,1024,1024
t5-large,actmat-identity-inv,transformer.decoder.block.17.layer.0.SelfAttention.o.weight,317,rm_loss,11194.8291015625,1024,1024
t5-large,regmean,transformer.decoder.block.17.layer.0.SelfAttention.o.weight,317,rm_loss,106.5234375,1024,1024
t5-large,identity,transformer.decoder.block.17.layer.0.SelfAttention.o.weight,317,rm_loss,12434.8701171875,1024,1024
t5-large,identity,transformer.decoder.block.17.layer.0.SelfAttention.o.weight,317,cosine_similarity,0.060354769229888916,1024,1024
t5-large,actmat,transformer.decoder.block.17.layer.1.EncDecAttention.q.weight,318,rm_loss,1.6529731750488281,1024,1024
t5-large,actmat,transformer.decoder.block.17.layer.1.EncDecAttention.q.weight,318,cosine_similarity,0.26598894596099854,1024,1024
t5-large,actmat-identity-inv,transformer.decoder.block.17.layer.1.EncDecAttention.q.weight,318,rm_loss,4.387587547302246,1024,1024
t5-large,regmean,transformer.decoder.block.17.layer.1.EncDecAttention.q.weight,318,rm_loss,0.08684444427490234,1024,1024
t5-large,identity,transformer.decoder.block.17.layer.1.EncDecAttention.q.weight,318,rm_loss,3.886702537536621,1024,1024
t5-large,identity,transformer.decoder.block.17.layer.1.EncDecAttention.q.weight,318,cosine_similarity,0.05455783009529114,1024,1024
t5-large,actmat,transformer.decoder.block.17.layer.1.EncDecAttention.k.weight,319,rm_loss,896.5745849609375,1024,1024
t5-large,actmat,transformer.decoder.block.17.layer.1.EncDecAttention.k.weight,319,cosine_similarity,0.22974300384521484,1024,1024
t5-large,actmat-identity-inv,transformer.decoder.block.17.layer.1.EncDecAttention.k.weight,319,rm_loss,922.5396728515625,1024,1024
t5-large,regmean,transformer.decoder.block.17.layer.1.EncDecAttention.k.weight,319,rm_loss,104.83935546875,1024,1024
t5-large,identity,transformer.decoder.block.17.layer.1.EncDecAttention.k.weight,319,rm_loss,739.5357055664062,1024,1024
t5-large,identity,transformer.decoder.block.17.layer.1.EncDecAttention.k.weight,319,cosine_similarity,0.15614911913871765,1024,1024
t5-large,actmat,transformer.decoder.block.17.layer.1.EncDecAttention.v.weight,320,rm_loss,791.378662109375,1024,1024
t5-large,actmat,transformer.decoder.block.17.layer.1.EncDecAttention.v.weight,320,cosine_similarity,0.22711165249347687,1024,1024
t5-large,actmat-identity-inv,transformer.decoder.block.17.layer.1.EncDecAttention.v.weight,320,rm_loss,1001.2349853515625,1024,1024
t5-large,regmean,transformer.decoder.block.17.layer.1.EncDecAttention.v.weight,320,rm_loss,98.948974609375,1024,1024
t5-large,identity,transformer.decoder.block.17.layer.1.EncDecAttention.v.weight,320,rm_loss,829.058349609375,1024,1024
t5-large,identity,transformer.decoder.block.17.layer.1.EncDecAttention.v.weight,320,cosine_similarity,0.15614911913871765,1024,1024
t5-large,actmat,transformer.decoder.block.17.layer.1.EncDecAttention.o.weight,321,rm_loss,8190.48046875,1024,1024
t5-large,actmat,transformer.decoder.block.17.layer.1.EncDecAttention.o.weight,321,cosine_similarity,0.22456009685993195,1024,1024
t5-large,actmat-identity-inv,transformer.decoder.block.17.layer.1.EncDecAttention.o.weight,321,rm_loss,8496.7177734375,1024,1024
t5-large,regmean,transformer.decoder.block.17.layer.1.EncDecAttention.o.weight,321,rm_loss,414.833984375,1024,1024
t5-large,identity,transformer.decoder.block.17.layer.1.EncDecAttention.o.weight,321,rm_loss,7223.2490234375,1024,1024
t5-large,identity,transformer.decoder.block.17.layer.1.EncDecAttention.o.weight,321,cosine_similarity,0.1025940477848053,1024,1024
t5-large,actmat,transformer.decoder.block.17.layer.2.DenseReluDense.wi.weight,322,rm_loss,24480.765625,1024,4096
t5-large,actmat,transformer.decoder.block.17.layer.2.DenseReluDense.wi.weight,322,cosine_similarity,0.2573360204696655,1024,4096
t5-large,actmat-identity-inv,transformer.decoder.block.17.layer.2.DenseReluDense.wi.weight,322,rm_loss,287952.9375,1024,4096
t5-large,regmean,transformer.decoder.block.17.layer.2.DenseReluDense.wi.weight,322,rm_loss,2209.9375,1024,4096
t5-large,identity,transformer.decoder.block.17.layer.2.DenseReluDense.wi.weight,322,rm_loss,78464.9375,1024,4096
t5-large,identity,transformer.decoder.block.17.layer.2.DenseReluDense.wi.weight,322,cosine_similarity,0.051666393876075745,1024,4096
t5-large,actmat,transformer.decoder.block.17.layer.2.DenseReluDense.wo.weight,323,rm_loss,63595.875,4096,1024
t5-large,actmat,transformer.decoder.block.17.layer.2.DenseReluDense.wo.weight,323,cosine_similarity,0.0936698243021965,4096,1024
t5-large,actmat-identity-inv,transformer.decoder.block.17.layer.2.DenseReluDense.wo.weight,323,rm_loss,345806.875,4096,1024
t5-large,regmean,transformer.decoder.block.17.layer.2.DenseReluDense.wo.weight,323,rm_loss,2959.125,4096,1024
t5-large,identity,transformer.decoder.block.17.layer.2.DenseReluDense.wo.weight,323,rm_loss,155286.75,4096,1024
t5-large,identity,transformer.decoder.block.17.layer.2.DenseReluDense.wo.weight,323,cosine_similarity,0.031312745064496994,4096,1024
t5-large,actmat,transformer.decoder.block.18.layer.0.SelfAttention.q.weight,324,rm_loss,10.663932800292969,1024,1024
t5-large,actmat,transformer.decoder.block.18.layer.0.SelfAttention.q.weight,324,cosine_similarity,0.2978008985519409,1024,1024
t5-large,actmat-identity-inv,transformer.decoder.block.18.layer.0.SelfAttention.q.weight,324,rm_loss,46.73166275024414,1024,1024
t5-large,regmean,transformer.decoder.block.18.layer.0.SelfAttention.q.weight,324,rm_loss,0.5446014404296875,1024,1024
t5-large,identity,transformer.decoder.block.18.layer.0.SelfAttention.q.weight,324,rm_loss,36.772491455078125,1024,1024
t5-large,identity,transformer.decoder.block.18.layer.0.SelfAttention.q.weight,324,cosine_similarity,0.053188782185316086,1024,1024
t5-large,actmat,transformer.decoder.block.18.layer.0.SelfAttention.k.weight,325,rm_loss,12.366249084472656,1024,1024
t5-large,actmat,transformer.decoder.block.18.layer.0.SelfAttention.k.weight,325,cosine_similarity,0.2763427197933197,1024,1024
t5-large,actmat-identity-inv,transformer.decoder.block.18.layer.0.SelfAttention.k.weight,325,rm_loss,44.40168380737305,1024,1024
t5-large,regmean,transformer.decoder.block.18.layer.0.SelfAttention.k.weight,325,rm_loss,0.5514602661132812,1024,1024
t5-large,identity,transformer.decoder.block.18.layer.0.SelfAttention.k.weight,325,rm_loss,34.7223014831543,1024,1024
t5-large,identity,transformer.decoder.block.18.layer.0.SelfAttention.k.weight,325,cosine_similarity,0.053188782185316086,1024,1024
t5-large,actmat,transformer.decoder.block.18.layer.0.SelfAttention.v.weight,326,rm_loss,21.293235778808594,1024,1024
t5-large,actmat,transformer.decoder.block.18.layer.0.SelfAttention.v.weight,326,cosine_similarity,0.1472742259502411,1024,1024
t5-large,actmat-identity-inv,transformer.decoder.block.18.layer.0.SelfAttention.v.weight,326,rm_loss,47.85165786743164,1024,1024
t5-large,regmean,transformer.decoder.block.18.layer.0.SelfAttention.v.weight,326,rm_loss,0.9739532470703125,1024,1024
t5-large,identity,transformer.decoder.block.18.layer.0.SelfAttention.v.weight,326,rm_loss,40.84497833251953,1024,1024
t5-large,identity,transformer.decoder.block.18.layer.0.SelfAttention.v.weight,326,cosine_similarity,0.053188782185316086,1024,1024
t5-large,actmat,transformer.decoder.block.18.layer.0.SelfAttention.o.weight,327,rm_loss,5389.109375,1024,1024
t5-large,actmat,transformer.decoder.block.18.layer.0.SelfAttention.o.weight,327,cosine_similarity,0.23794691264629364,1024,1024
t5-large,actmat-identity-inv,transformer.decoder.block.18.layer.0.SelfAttention.o.weight,327,rm_loss,13031.005859375,1024,1024
t5-large,regmean,transformer.decoder.block.18.layer.0.SelfAttention.o.weight,327,rm_loss,195.53515625,1024,1024
t5-large,identity,transformer.decoder.block.18.layer.0.SelfAttention.o.weight,327,rm_loss,13326.8515625,1024,1024
t5-large,identity,transformer.decoder.block.18.layer.0.SelfAttention.o.weight,327,cosine_similarity,0.06041803956031799,1024,1024
t5-large,actmat,transformer.decoder.block.18.layer.1.EncDecAttention.q.weight,328,rm_loss,1.7301898002624512,1024,1024
t5-large,actmat,transformer.decoder.block.18.layer.1.EncDecAttention.q.weight,328,cosine_similarity,0.2540481686592102,1024,1024
t5-large,actmat-identity-inv,transformer.decoder.block.18.layer.1.EncDecAttention.q.weight,328,rm_loss,3.568615436553955,1024,1024
t5-large,regmean,transformer.decoder.block.18.layer.1.EncDecAttention.q.weight,328,rm_loss,0.08135986328125,1024,1024
t5-large,identity,transformer.decoder.block.18.layer.1.EncDecAttention.q.weight,328,rm_loss,3.2736377716064453,1024,1024
t5-large,identity,transformer.decoder.block.18.layer.1.EncDecAttention.q.weight,328,cosine_similarity,0.05533210188150406,1024,1024
t5-large,actmat,transformer.decoder.block.18.layer.1.EncDecAttention.k.weight,329,rm_loss,868.684326171875,1024,1024
t5-large,actmat,transformer.decoder.block.18.layer.1.EncDecAttention.k.weight,329,cosine_similarity,0.22947770357131958,1024,1024
t5-large,actmat-identity-inv,transformer.decoder.block.18.layer.1.EncDecAttention.k.weight,329,rm_loss,1019.852783203125,1024,1024
t5-large,regmean,transformer.decoder.block.18.layer.1.EncDecAttention.k.weight,329,rm_loss,105.629150390625,1024,1024
t5-large,identity,transformer.decoder.block.18.layer.1.EncDecAttention.k.weight,329,rm_loss,830.2437744140625,1024,1024
t5-large,identity,transformer.decoder.block.18.layer.1.EncDecAttention.k.weight,329,cosine_similarity,0.15614911913871765,1024,1024
t5-large,actmat,transformer.decoder.block.18.layer.1.EncDecAttention.v.weight,330,rm_loss,889.90087890625,1024,1024
t5-large,actmat,transformer.decoder.block.18.layer.1.EncDecAttention.v.weight,330,cosine_similarity,0.22020289301872253,1024,1024
t5-large,actmat-identity-inv,transformer.decoder.block.18.layer.1.EncDecAttention.v.weight,330,rm_loss,1120.635498046875,1024,1024
t5-large,regmean,transformer.decoder.block.18.layer.1.EncDecAttention.v.weight,330,rm_loss,101.667724609375,1024,1024
t5-large,identity,transformer.decoder.block.18.layer.1.EncDecAttention.v.weight,330,rm_loss,952.932861328125,1024,1024
t5-large,identity,transformer.decoder.block.18.layer.1.EncDecAttention.v.weight,330,cosine_similarity,0.15614911913871765,1024,1024
t5-large,actmat,transformer.decoder.block.18.layer.1.EncDecAttention.o.weight,331,rm_loss,6520.1171875,1024,1024
t5-large,actmat,transformer.decoder.block.18.layer.1.EncDecAttention.o.weight,331,cosine_similarity,0.18466860055923462,1024,1024
t5-large,actmat-identity-inv,transformer.decoder.block.18.layer.1.EncDecAttention.o.weight,331,rm_loss,12483.3310546875,1024,1024
t5-large,regmean,transformer.decoder.block.18.layer.1.EncDecAttention.o.weight,331,rm_loss,435.60546875,1024,1024
t5-large,identity,transformer.decoder.block.18.layer.1.EncDecAttention.o.weight,331,rm_loss,10315.40625,1024,1024
t5-large,identity,transformer.decoder.block.18.layer.1.EncDecAttention.o.weight,331,cosine_similarity,0.09696698933839798,1024,1024
t5-large,actmat,transformer.decoder.block.18.layer.2.DenseReluDense.wi.weight,332,rm_loss,29542.609375,1024,4096
t5-large,actmat,transformer.decoder.block.18.layer.2.DenseReluDense.wi.weight,332,cosine_similarity,0.2163873314857483,1024,4096
t5-large,actmat-identity-inv,transformer.decoder.block.18.layer.2.DenseReluDense.wi.weight,332,rm_loss,237773.390625,1024,4096
t5-large,regmean,transformer.decoder.block.18.layer.2.DenseReluDense.wi.weight,332,rm_loss,2350.09375,1024,4096
t5-large,identity,transformer.decoder.block.18.layer.2.DenseReluDense.wi.weight,332,rm_loss,78123.4375,1024,4096
t5-large,identity,transformer.decoder.block.18.layer.2.DenseReluDense.wi.weight,332,cosine_similarity,0.05167286843061447,1024,4096
t5-large,actmat,transformer.decoder.block.18.layer.2.DenseReluDense.wo.weight,333,rm_loss,163425.0625,4096,1024
t5-large,actmat,transformer.decoder.block.18.layer.2.DenseReluDense.wo.weight,333,cosine_similarity,0.0729040652513504,4096,1024
t5-large,actmat-identity-inv,transformer.decoder.block.18.layer.2.DenseReluDense.wo.weight,333,rm_loss,1859854.75,4096,1024
t5-large,regmean,transformer.decoder.block.18.layer.2.DenseReluDense.wo.weight,333,rm_loss,4469.9375,4096,1024
t5-large,identity,transformer.decoder.block.18.layer.2.DenseReluDense.wo.weight,333,rm_loss,228795.28125,4096,1024
t5-large,identity,transformer.decoder.block.18.layer.2.DenseReluDense.wo.weight,333,cosine_similarity,0.031359221786260605,4096,1024
t5-large,actmat,transformer.decoder.block.19.layer.0.SelfAttention.q.weight,334,rm_loss,13.704742431640625,1024,1024
t5-large,actmat,transformer.decoder.block.19.layer.0.SelfAttention.q.weight,334,cosine_similarity,0.3318672180175781,1024,1024
t5-large,actmat-identity-inv,transformer.decoder.block.19.layer.0.SelfAttention.q.weight,334,rm_loss,57.516258239746094,1024,1024
t5-large,regmean,transformer.decoder.block.19.layer.0.SelfAttention.q.weight,334,rm_loss,0.764404296875,1024,1024
t5-large,identity,transformer.decoder.block.19.layer.0.SelfAttention.q.weight,334,rm_loss,45.31775665283203,1024,1024
t5-large,identity,transformer.decoder.block.19.layer.0.SelfAttention.q.weight,334,cosine_similarity,0.0548194944858551,1024,1024
t5-large,actmat,transformer.decoder.block.19.layer.0.SelfAttention.k.weight,335,rm_loss,16.05615997314453,1024,1024
t5-large,actmat,transformer.decoder.block.19.layer.0.SelfAttention.k.weight,335,cosine_similarity,0.2884334921836853,1024,1024
t5-large,actmat-identity-inv,transformer.decoder.block.19.layer.0.SelfAttention.k.weight,335,rm_loss,50.02778244018555,1024,1024
t5-large,regmean,transformer.decoder.block.19.layer.0.SelfAttention.k.weight,335,rm_loss,0.7213592529296875,1024,1024
t5-large,identity,transformer.decoder.block.19.layer.0.SelfAttention.k.weight,335,rm_loss,39.087276458740234,1024,1024
t5-large,identity,transformer.decoder.block.19.layer.0.SelfAttention.k.weight,335,cosine_similarity,0.0548194944858551,1024,1024
t5-large,actmat,transformer.decoder.block.19.layer.0.SelfAttention.v.weight,336,rm_loss,24.657867431640625,1024,1024
t5-large,actmat,transformer.decoder.block.19.layer.0.SelfAttention.v.weight,336,cosine_similarity,0.1365569680929184,1024,1024
t5-large,actmat-identity-inv,transformer.decoder.block.19.layer.0.SelfAttention.v.weight,336,rm_loss,51.4876708984375,1024,1024
t5-large,regmean,transformer.decoder.block.19.layer.0.SelfAttention.v.weight,336,rm_loss,1.206756591796875,1024,1024
t5-large,identity,transformer.decoder.block.19.layer.0.SelfAttention.v.weight,336,rm_loss,47.000091552734375,1024,1024
t5-large,identity,transformer.decoder.block.19.layer.0.SelfAttention.v.weight,336,cosine_similarity,0.0548194944858551,1024,1024
t5-large,actmat,transformer.decoder.block.19.layer.0.SelfAttention.o.weight,337,rm_loss,5448.59375,1024,1024
t5-large,actmat,transformer.decoder.block.19.layer.0.SelfAttention.o.weight,337,cosine_similarity,0.23160748183727264,1024,1024
t5-large,actmat-identity-inv,transformer.decoder.block.19.layer.0.SelfAttention.o.weight,337,rm_loss,13853.302734375,1024,1024
t5-large,regmean,transformer.decoder.block.19.layer.0.SelfAttention.o.weight,337,rm_loss,239.828125,1024,1024
t5-large,identity,transformer.decoder.block.19.layer.0.SelfAttention.o.weight,337,rm_loss,13325.3515625,1024,1024
t5-large,identity,transformer.decoder.block.19.layer.0.SelfAttention.o.weight,337,cosine_similarity,0.06335680186748505,1024,1024
t5-large,actmat,transformer.decoder.block.19.layer.1.EncDecAttention.q.weight,338,rm_loss,1.7341089248657227,1024,1024
t5-large,actmat,transformer.decoder.block.19.layer.1.EncDecAttention.q.weight,338,cosine_similarity,0.25085780024528503,1024,1024
t5-large,actmat-identity-inv,transformer.decoder.block.19.layer.1.EncDecAttention.q.weight,338,rm_loss,3.733302593231201,1024,1024
t5-large,regmean,transformer.decoder.block.19.layer.1.EncDecAttention.q.weight,338,rm_loss,0.09019947052001953,1024,1024
t5-large,identity,transformer.decoder.block.19.layer.1.EncDecAttention.q.weight,338,rm_loss,3.452730655670166,1024,1024
t5-large,identity,transformer.decoder.block.19.layer.1.EncDecAttention.q.weight,338,cosine_similarity,0.0570581890642643,1024,1024
t5-large,actmat,transformer.decoder.block.19.layer.1.EncDecAttention.k.weight,339,rm_loss,891.328857421875,1024,1024
t5-large,actmat,transformer.decoder.block.19.layer.1.EncDecAttention.k.weight,339,cosine_similarity,0.23165301978588104,1024,1024
t5-large,actmat-identity-inv,transformer.decoder.block.19.layer.1.EncDecAttention.k.weight,339,rm_loss,907.06005859375,1024,1024
t5-large,regmean,transformer.decoder.block.19.layer.1.EncDecAttention.k.weight,339,rm_loss,105.60791015625,1024,1024
t5-large,identity,transformer.decoder.block.19.layer.1.EncDecAttention.k.weight,339,rm_loss,730.2440795898438,1024,1024
t5-large,identity,transformer.decoder.block.19.layer.1.EncDecAttention.k.weight,339,cosine_similarity,0.15614911913871765,1024,1024
t5-large,actmat,transformer.decoder.block.19.layer.1.EncDecAttention.v.weight,340,rm_loss,900.59619140625,1024,1024
t5-large,actmat,transformer.decoder.block.19.layer.1.EncDecAttention.v.weight,340,cosine_similarity,0.21130086481571198,1024,1024
t5-large,actmat-identity-inv,transformer.decoder.block.19.layer.1.EncDecAttention.v.weight,340,rm_loss,1016.4239501953125,1024,1024
t5-large,regmean,transformer.decoder.block.19.layer.1.EncDecAttention.v.weight,340,rm_loss,117.119873046875,1024,1024
t5-large,identity,transformer.decoder.block.19.layer.1.EncDecAttention.v.weight,340,rm_loss,903.493408203125,1024,1024
t5-large,identity,transformer.decoder.block.19.layer.1.EncDecAttention.v.weight,340,cosine_similarity,0.15614911913871765,1024,1024
t5-large,actmat,transformer.decoder.block.19.layer.1.EncDecAttention.o.weight,341,rm_loss,7604.78515625,1024,1024
t5-large,actmat,transformer.decoder.block.19.layer.1.EncDecAttention.o.weight,341,cosine_similarity,0.21870650351047516,1024,1024
t5-large,actmat-identity-inv,transformer.decoder.block.19.layer.1.EncDecAttention.o.weight,341,rm_loss,14609.29296875,1024,1024
t5-large,regmean,transformer.decoder.block.19.layer.1.EncDecAttention.o.weight,341,rm_loss,480.73046875,1024,1024
t5-large,identity,transformer.decoder.block.19.layer.1.EncDecAttention.o.weight,341,rm_loss,15052.2470703125,1024,1024
t5-large,identity,transformer.decoder.block.19.layer.1.EncDecAttention.o.weight,341,cosine_similarity,0.09716800600290298,1024,1024
t5-large,actmat,transformer.decoder.block.19.layer.2.DenseReluDense.wi.weight,342,rm_loss,33858.046875,1024,4096
t5-large,actmat,transformer.decoder.block.19.layer.2.DenseReluDense.wi.weight,342,cosine_similarity,0.2445153445005417,1024,4096
t5-large,actmat-identity-inv,transformer.decoder.block.19.layer.2.DenseReluDense.wi.weight,342,rm_loss,315100.03125,1024,4096
t5-large,regmean,transformer.decoder.block.19.layer.2.DenseReluDense.wi.weight,342,rm_loss,2841.0,1024,4096
t5-large,identity,transformer.decoder.block.19.layer.2.DenseReluDense.wi.weight,342,rm_loss,98732.078125,1024,4096
t5-large,identity,transformer.decoder.block.19.layer.2.DenseReluDense.wi.weight,342,cosine_similarity,0.05237637460231781,1024,4096
t5-large,actmat,transformer.decoder.block.19.layer.2.DenseReluDense.wo.weight,343,rm_loss,187932.25,4096,1024
t5-large,actmat,transformer.decoder.block.19.layer.2.DenseReluDense.wo.weight,343,cosine_similarity,0.06767793744802475,4096,1024
t5-large,actmat-identity-inv,transformer.decoder.block.19.layer.2.DenseReluDense.wo.weight,343,rm_loss,1030006.625,4096,1024
t5-large,regmean,transformer.decoder.block.19.layer.2.DenseReluDense.wo.weight,343,rm_loss,5568.875,4096,1024
t5-large,identity,transformer.decoder.block.19.layer.2.DenseReluDense.wo.weight,343,rm_loss,246881.71875,4096,1024
t5-large,identity,transformer.decoder.block.19.layer.2.DenseReluDense.wo.weight,343,cosine_similarity,0.0316799134016037,4096,1024
t5-large,actmat,transformer.decoder.block.20.layer.0.SelfAttention.q.weight,344,rm_loss,14.753616333007812,1024,1024
t5-large,actmat,transformer.decoder.block.20.layer.0.SelfAttention.q.weight,344,cosine_similarity,0.32642871141433716,1024,1024
t5-large,actmat-identity-inv,transformer.decoder.block.20.layer.0.SelfAttention.q.weight,344,rm_loss,54.481109619140625,1024,1024
t5-large,regmean,transformer.decoder.block.20.layer.0.SelfAttention.q.weight,344,rm_loss,0.8793258666992188,1024,1024
t5-large,identity,transformer.decoder.block.20.layer.0.SelfAttention.q.weight,344,rm_loss,42.55403137207031,1024,1024
t5-large,identity,transformer.decoder.block.20.layer.0.SelfAttention.q.weight,344,cosine_similarity,0.05642694607377052,1024,1024
t5-large,actmat,transformer.decoder.block.20.layer.0.SelfAttention.k.weight,345,rm_loss,15.732421875,1024,1024
t5-large,actmat,transformer.decoder.block.20.layer.0.SelfAttention.k.weight,345,cosine_similarity,0.27226269245147705,1024,1024
t5-large,actmat-identity-inv,transformer.decoder.block.20.layer.0.SelfAttention.k.weight,345,rm_loss,43.67406463623047,1024,1024
t5-large,regmean,transformer.decoder.block.20.layer.0.SelfAttention.k.weight,345,rm_loss,0.7984161376953125,1024,1024
t5-large,identity,transformer.decoder.block.20.layer.0.SelfAttention.k.weight,345,rm_loss,32.47115707397461,1024,1024
t5-large,identity,transformer.decoder.block.20.layer.0.SelfAttention.k.weight,345,cosine_similarity,0.05642694607377052,1024,1024
t5-large,actmat,transformer.decoder.block.20.layer.0.SelfAttention.v.weight,346,rm_loss,26.949600219726562,1024,1024
t5-large,actmat,transformer.decoder.block.20.layer.0.SelfAttention.v.weight,346,cosine_similarity,0.15784035623073578,1024,1024
t5-large,actmat-identity-inv,transformer.decoder.block.20.layer.0.SelfAttention.v.weight,346,rm_loss,59.58050537109375,1024,1024
t5-large,regmean,transformer.decoder.block.20.layer.0.SelfAttention.v.weight,346,rm_loss,1.48272705078125,1024,1024
t5-large,identity,transformer.decoder.block.20.layer.0.SelfAttention.v.weight,346,rm_loss,58.824012756347656,1024,1024
t5-large,identity,transformer.decoder.block.20.layer.0.SelfAttention.v.weight,346,cosine_similarity,0.05642694607377052,1024,1024
t5-large,actmat,transformer.decoder.block.20.layer.0.SelfAttention.o.weight,347,rm_loss,8179.8125,1024,1024
t5-large,actmat,transformer.decoder.block.20.layer.0.SelfAttention.o.weight,347,cosine_similarity,0.25107264518737793,1024,1024
t5-large,actmat-identity-inv,transformer.decoder.block.20.layer.0.SelfAttention.o.weight,347,rm_loss,23577.60546875,1024,1024
t5-large,regmean,transformer.decoder.block.20.layer.0.SelfAttention.o.weight,347,rm_loss,512.75,1024,1024
t5-large,identity,transformer.decoder.block.20.layer.0.SelfAttention.o.weight,347,rm_loss,26417.177734375,1024,1024
t5-large,identity,transformer.decoder.block.20.layer.0.SelfAttention.o.weight,347,cosine_similarity,0.06427222490310669,1024,1024
t5-large,actmat,transformer.decoder.block.20.layer.1.EncDecAttention.q.weight,348,rm_loss,1.4371490478515625,1024,1024
t5-large,actmat,transformer.decoder.block.20.layer.1.EncDecAttention.q.weight,348,cosine_similarity,0.2510658800601959,1024,1024
t5-large,actmat-identity-inv,transformer.decoder.block.20.layer.1.EncDecAttention.q.weight,348,rm_loss,3.105999708175659,1024,1024
t5-large,regmean,transformer.decoder.block.20.layer.1.EncDecAttention.q.weight,348,rm_loss,0.07996463775634766,1024,1024
t5-large,identity,transformer.decoder.block.20.layer.1.EncDecAttention.q.weight,348,rm_loss,2.96252179145813,1024,1024
t5-large,identity,transformer.decoder.block.20.layer.1.EncDecAttention.q.weight,348,cosine_similarity,0.05670999735593796,1024,1024
t5-large,actmat,transformer.decoder.block.20.layer.1.EncDecAttention.k.weight,349,rm_loss,861.699462890625,1024,1024
t5-large,actmat,transformer.decoder.block.20.layer.1.EncDecAttention.k.weight,349,cosine_similarity,0.20799633860588074,1024,1024
t5-large,actmat-identity-inv,transformer.decoder.block.20.layer.1.EncDecAttention.k.weight,349,rm_loss,862.0435180664062,1024,1024
t5-large,regmean,transformer.decoder.block.20.layer.1.EncDecAttention.k.weight,349,rm_loss,107.2913818359375,1024,1024
t5-large,identity,transformer.decoder.block.20.layer.1.EncDecAttention.k.weight,349,rm_loss,712.6658935546875,1024,1024
t5-large,identity,transformer.decoder.block.20.layer.1.EncDecAttention.k.weight,349,cosine_similarity,0.15614911913871765,1024,1024
t5-large,actmat,transformer.decoder.block.20.layer.1.EncDecAttention.v.weight,350,rm_loss,875.7763671875,1024,1024
t5-large,actmat,transformer.decoder.block.20.layer.1.EncDecAttention.v.weight,350,cosine_similarity,0.20416352152824402,1024,1024
t5-large,actmat-identity-inv,transformer.decoder.block.20.layer.1.EncDecAttention.v.weight,350,rm_loss,927.796630859375,1024,1024
t5-large,regmean,transformer.decoder.block.20.layer.1.EncDecAttention.v.weight,350,rm_loss,115.416015625,1024,1024
t5-large,identity,transformer.decoder.block.20.layer.1.EncDecAttention.v.weight,350,rm_loss,872.165283203125,1024,1024
t5-large,identity,transformer.decoder.block.20.layer.1.EncDecAttention.v.weight,350,cosine_similarity,0.15614911913871765,1024,1024
t5-large,actmat,transformer.decoder.block.20.layer.1.EncDecAttention.o.weight,351,rm_loss,7223.48046875,1024,1024
t5-large,actmat,transformer.decoder.block.20.layer.1.EncDecAttention.o.weight,351,cosine_similarity,0.2571881413459778,1024,1024
t5-large,actmat-identity-inv,transformer.decoder.block.20.layer.1.EncDecAttention.o.weight,351,rm_loss,14584.28125,1024,1024
t5-large,regmean,transformer.decoder.block.20.layer.1.EncDecAttention.o.weight,351,rm_loss,740.8671875,1024,1024
t5-large,identity,transformer.decoder.block.20.layer.1.EncDecAttention.o.weight,351,rm_loss,14525.271484375,1024,1024
t5-large,identity,transformer.decoder.block.20.layer.1.EncDecAttention.o.weight,351,cosine_similarity,0.10545478761196136,1024,1024
t5-large,actmat,transformer.decoder.block.20.layer.2.DenseReluDense.wi.weight,352,rm_loss,33719.84375,1024,4096
t5-large,actmat,transformer.decoder.block.20.layer.2.DenseReluDense.wi.weight,352,cosine_similarity,0.2780972421169281,1024,4096
t5-large,actmat-identity-inv,transformer.decoder.block.20.layer.2.DenseReluDense.wi.weight,352,rm_loss,325502.0,1024,4096
t5-large,regmean,transformer.decoder.block.20.layer.2.DenseReluDense.wi.weight,352,rm_loss,2997.53125,1024,4096
t5-large,identity,transformer.decoder.block.20.layer.2.DenseReluDense.wi.weight,352,rm_loss,102251.3359375,1024,4096
t5-large,identity,transformer.decoder.block.20.layer.2.DenseReluDense.wi.weight,352,cosine_similarity,0.050862595438957214,1024,4096
t5-large,actmat,transformer.decoder.block.20.layer.2.DenseReluDense.wo.weight,353,rm_loss,142967.65625,4096,1024
t5-large,actmat,transformer.decoder.block.20.layer.2.DenseReluDense.wo.weight,353,cosine_similarity,0.043567173182964325,4096,1024
t5-large,actmat-identity-inv,transformer.decoder.block.20.layer.2.DenseReluDense.wo.weight,353,rm_loss,276701.375,4096,1024
t5-large,regmean,transformer.decoder.block.20.layer.2.DenseReluDense.wo.weight,353,rm_loss,6043.75,4096,1024
t5-large,identity,transformer.decoder.block.20.layer.2.DenseReluDense.wo.weight,353,rm_loss,119421.265625,4096,1024
t5-large,identity,transformer.decoder.block.20.layer.2.DenseReluDense.wo.weight,353,cosine_similarity,0.02738407626748085,4096,1024
t5-large,actmat,transformer.decoder.block.21.layer.0.SelfAttention.q.weight,354,rm_loss,17.453956604003906,1024,1024
t5-large,actmat,transformer.decoder.block.21.layer.0.SelfAttention.q.weight,354,cosine_similarity,0.2093486189842224,1024,1024
t5-large,actmat-identity-inv,transformer.decoder.block.21.layer.0.SelfAttention.q.weight,354,rm_loss,61.56975173950195,1024,1024
t5-large,regmean,transformer.decoder.block.21.layer.0.SelfAttention.q.weight,354,rm_loss,1.2752532958984375,1024,1024
t5-large,identity,transformer.decoder.block.21.layer.0.SelfAttention.q.weight,354,rm_loss,49.52360916137695,1024,1024
t5-large,identity,transformer.decoder.block.21.layer.0.SelfAttention.q.weight,354,cosine_similarity,0.045623764395713806,1024,1024
t5-large,actmat,transformer.decoder.block.21.layer.0.SelfAttention.k.weight,355,rm_loss,20.708099365234375,1024,1024
t5-large,actmat,transformer.decoder.block.21.layer.0.SelfAttention.k.weight,355,cosine_similarity,0.1721847802400589,1024,1024
t5-large,actmat-identity-inv,transformer.decoder.block.21.layer.0.SelfAttention.k.weight,355,rm_loss,50.58906555175781,1024,1024
t5-large,regmean,transformer.decoder.block.21.layer.0.SelfAttention.k.weight,355,rm_loss,1.1422576904296875,1024,1024
t5-large,identity,transformer.decoder.block.21.layer.0.SelfAttention.k.weight,355,rm_loss,39.58104705810547,1024,1024
t5-large,identity,transformer.decoder.block.21.layer.0.SelfAttention.k.weight,355,cosine_similarity,0.045623764395713806,1024,1024
t5-large,actmat,transformer.decoder.block.21.layer.0.SelfAttention.v.weight,356,rm_loss,43.190399169921875,1024,1024
t5-large,actmat,transformer.decoder.block.21.layer.0.SelfAttention.v.weight,356,cosine_similarity,0.11268643289804459,1024,1024
t5-large,actmat-identity-inv,transformer.decoder.block.21.layer.0.SelfAttention.v.weight,356,rm_loss,68.6571273803711,1024,1024
t5-large,regmean,transformer.decoder.block.21.layer.0.SelfAttention.v.weight,356,rm_loss,2.0780029296875,1024,1024
t5-large,identity,transformer.decoder.block.21.layer.0.SelfAttention.v.weight,356,rm_loss,65.78091430664062,1024,1024
t5-large,identity,transformer.decoder.block.21.layer.0.SelfAttention.v.weight,356,cosine_similarity,0.045623764395713806,1024,1024
t5-large,actmat,transformer.decoder.block.21.layer.0.SelfAttention.o.weight,357,rm_loss,10883.234375,1024,1024
t5-large,actmat,transformer.decoder.block.21.layer.0.SelfAttention.o.weight,357,cosine_similarity,0.22629691660404205,1024,1024
t5-large,actmat-identity-inv,transformer.decoder.block.21.layer.0.SelfAttention.o.weight,357,rm_loss,23387.609375,1024,1024
t5-large,regmean,transformer.decoder.block.21.layer.0.SelfAttention.o.weight,357,rm_loss,628.265625,1024,1024
t5-large,identity,transformer.decoder.block.21.layer.0.SelfAttention.o.weight,357,rm_loss,25907.046875,1024,1024
t5-large,identity,transformer.decoder.block.21.layer.0.SelfAttention.o.weight,357,cosine_similarity,0.06464606523513794,1024,1024
t5-large,actmat,transformer.decoder.block.21.layer.1.EncDecAttention.q.weight,358,rm_loss,1.9732389450073242,1024,1024
t5-large,actmat,transformer.decoder.block.21.layer.1.EncDecAttention.q.weight,358,cosine_similarity,0.24021092057228088,1024,1024
t5-large,actmat-identity-inv,transformer.decoder.block.21.layer.1.EncDecAttention.q.weight,358,rm_loss,2.9549190998077393,1024,1024
t5-large,regmean,transformer.decoder.block.21.layer.1.EncDecAttention.q.weight,358,rm_loss,0.09119987487792969,1024,1024
t5-large,identity,transformer.decoder.block.21.layer.1.EncDecAttention.q.weight,358,rm_loss,2.7971177101135254,1024,1024
t5-large,identity,transformer.decoder.block.21.layer.1.EncDecAttention.q.weight,358,cosine_similarity,0.05626474320888519,1024,1024
t5-large,actmat,transformer.decoder.block.21.layer.1.EncDecAttention.k.weight,359,rm_loss,899.562744140625,1024,1024
t5-large,actmat,transformer.decoder.block.21.layer.1.EncDecAttention.k.weight,359,cosine_similarity,0.21558798849582672,1024,1024
t5-large,actmat-identity-inv,transformer.decoder.block.21.layer.1.EncDecAttention.k.weight,359,rm_loss,952.3654174804688,1024,1024
t5-large,regmean,transformer.decoder.block.21.layer.1.EncDecAttention.k.weight,359,rm_loss,113.1484375,1024,1024
t5-large,identity,transformer.decoder.block.21.layer.1.EncDecAttention.k.weight,359,rm_loss,783.32373046875,1024,1024
t5-large,identity,transformer.decoder.block.21.layer.1.EncDecAttention.k.weight,359,cosine_similarity,0.15614911913871765,1024,1024
t5-large,actmat,transformer.decoder.block.21.layer.1.EncDecAttention.v.weight,360,rm_loss,889.405029296875,1024,1024
t5-large,actmat,transformer.decoder.block.21.layer.1.EncDecAttention.v.weight,360,cosine_similarity,0.19701606035232544,1024,1024
t5-large,actmat-identity-inv,transformer.decoder.block.21.layer.1.EncDecAttention.v.weight,360,rm_loss,989.6835327148438,1024,1024
t5-large,regmean,transformer.decoder.block.21.layer.1.EncDecAttention.v.weight,360,rm_loss,113.031982421875,1024,1024
t5-large,identity,transformer.decoder.block.21.layer.1.EncDecAttention.v.weight,360,rm_loss,962.6406860351562,1024,1024
t5-large,identity,transformer.decoder.block.21.layer.1.EncDecAttention.v.weight,360,cosine_similarity,0.15614911913871765,1024,1024
t5-large,actmat,transformer.decoder.block.21.layer.1.EncDecAttention.o.weight,361,rm_loss,8436.05859375,1024,1024
t5-large,actmat,transformer.decoder.block.21.layer.1.EncDecAttention.o.weight,361,cosine_similarity,0.2545275390148163,1024,1024
t5-large,actmat-identity-inv,transformer.decoder.block.21.layer.1.EncDecAttention.o.weight,361,rm_loss,17403.45703125,1024,1024
t5-large,regmean,transformer.decoder.block.21.layer.1.EncDecAttention.o.weight,361,rm_loss,790.40625,1024,1024
t5-large,identity,transformer.decoder.block.21.layer.1.EncDecAttention.o.weight,361,rm_loss,19526.38671875,1024,1024
t5-large,identity,transformer.decoder.block.21.layer.1.EncDecAttention.o.weight,361,cosine_similarity,0.10224991291761398,1024,1024
t5-large,actmat,transformer.decoder.block.21.layer.2.DenseReluDense.wi.weight,362,rm_loss,37720.25,1024,4096
t5-large,actmat,transformer.decoder.block.21.layer.2.DenseReluDense.wi.weight,362,cosine_similarity,0.22537590563297272,1024,4096
t5-large,actmat-identity-inv,transformer.decoder.block.21.layer.2.DenseReluDense.wi.weight,362,rm_loss,409955.15625,1024,4096
t5-large,regmean,transformer.decoder.block.21.layer.2.DenseReluDense.wi.weight,362,rm_loss,3085.0625,1024,4096
t5-large,identity,transformer.decoder.block.21.layer.2.DenseReluDense.wi.weight,362,rm_loss,93162.34375,1024,4096
t5-large,identity,transformer.decoder.block.21.layer.2.DenseReluDense.wi.weight,362,cosine_similarity,0.04617612436413765,1024,4096
t5-large,actmat,transformer.decoder.block.21.layer.2.DenseReluDense.wo.weight,363,rm_loss,212829.5,4096,1024
t5-large,actmat,transformer.decoder.block.21.layer.2.DenseReluDense.wo.weight,363,cosine_similarity,0.037022676318883896,4096,1024
t5-large,actmat-identity-inv,transformer.decoder.block.21.layer.2.DenseReluDense.wo.weight,363,rm_loss,620390.5,4096,1024
t5-large,regmean,transformer.decoder.block.21.layer.2.DenseReluDense.wo.weight,363,rm_loss,6141.6875,4096,1024
t5-large,identity,transformer.decoder.block.21.layer.2.DenseReluDense.wo.weight,363,rm_loss,116124.25,4096,1024
t5-large,identity,transformer.decoder.block.21.layer.2.DenseReluDense.wo.weight,363,cosine_similarity,0.02891349047422409,4096,1024
t5-large,actmat,transformer.decoder.block.22.layer.0.SelfAttention.q.weight,364,rm_loss,18.35704803466797,1024,1024
t5-large,actmat,transformer.decoder.block.22.layer.0.SelfAttention.q.weight,364,cosine_similarity,0.32469210028648376,1024,1024
t5-large,actmat-identity-inv,transformer.decoder.block.22.layer.0.SelfAttention.q.weight,364,rm_loss,63.244117736816406,1024,1024
t5-large,regmean,transformer.decoder.block.22.layer.0.SelfAttention.q.weight,364,rm_loss,1.296356201171875,1024,1024
t5-large,identity,transformer.decoder.block.22.layer.0.SelfAttention.q.weight,364,rm_loss,51.07740020751953,1024,1024
t5-large,identity,transformer.decoder.block.22.layer.0.SelfAttention.q.weight,364,cosine_similarity,0.05591393634676933,1024,1024
t5-large,actmat,transformer.decoder.block.22.layer.0.SelfAttention.k.weight,365,rm_loss,23.276107788085938,1024,1024
t5-large,actmat,transformer.decoder.block.22.layer.0.SelfAttention.k.weight,365,cosine_similarity,0.2446078360080719,1024,1024
t5-large,actmat-identity-inv,transformer.decoder.block.22.layer.0.SelfAttention.k.weight,365,rm_loss,46.618690490722656,1024,1024
t5-large,regmean,transformer.decoder.block.22.layer.0.SelfAttention.k.weight,365,rm_loss,1.1058807373046875,1024,1024
t5-large,identity,transformer.decoder.block.22.layer.0.SelfAttention.k.weight,365,rm_loss,36.62693786621094,1024,1024
t5-large,identity,transformer.decoder.block.22.layer.0.SelfAttention.k.weight,365,cosine_similarity,0.05591393634676933,1024,1024
t5-large,actmat,transformer.decoder.block.22.layer.0.SelfAttention.v.weight,366,rm_loss,35.63914489746094,1024,1024
t5-large,actmat,transformer.decoder.block.22.layer.0.SelfAttention.v.weight,366,cosine_similarity,0.1503497064113617,1024,1024
t5-large,actmat-identity-inv,transformer.decoder.block.22.layer.0.SelfAttention.v.weight,366,rm_loss,64.86158752441406,1024,1024
t5-large,regmean,transformer.decoder.block.22.layer.0.SelfAttention.v.weight,366,rm_loss,1.876922607421875,1024,1024
t5-large,identity,transformer.decoder.block.22.layer.0.SelfAttention.v.weight,366,rm_loss,62.77716064453125,1024,1024
t5-large,identity,transformer.decoder.block.22.layer.0.SelfAttention.v.weight,366,cosine_similarity,0.05591393634676933,1024,1024
t5-large,actmat,transformer.decoder.block.22.layer.0.SelfAttention.o.weight,367,rm_loss,6419.77734375,1024,1024
t5-large,actmat,transformer.decoder.block.22.layer.0.SelfAttention.o.weight,367,cosine_similarity,0.21354879438877106,1024,1024
t5-large,actmat-identity-inv,transformer.decoder.block.22.layer.0.SelfAttention.o.weight,367,rm_loss,15614.638671875,1024,1024
t5-large,regmean,transformer.decoder.block.22.layer.0.SelfAttention.o.weight,367,rm_loss,474.55859375,1024,1024
t5-large,identity,transformer.decoder.block.22.layer.0.SelfAttention.o.weight,367,rm_loss,17046.96875,1024,1024
t5-large,identity,transformer.decoder.block.22.layer.0.SelfAttention.o.weight,367,cosine_similarity,0.06811410188674927,1024,1024
t5-large,actmat,transformer.decoder.block.22.layer.1.EncDecAttention.q.weight,368,rm_loss,1.7154674530029297,1024,1024
t5-large,actmat,transformer.decoder.block.22.layer.1.EncDecAttention.q.weight,368,cosine_similarity,0.21005477011203766,1024,1024
t5-large,actmat-identity-inv,transformer.decoder.block.22.layer.1.EncDecAttention.q.weight,368,rm_loss,2.596327781677246,1024,1024
t5-large,regmean,transformer.decoder.block.22.layer.1.EncDecAttention.q.weight,368,rm_loss,0.08398723602294922,1024,1024
t5-large,identity,transformer.decoder.block.22.layer.1.EncDecAttention.q.weight,368,rm_loss,2.488111972808838,1024,1024
t5-large,identity,transformer.decoder.block.22.layer.1.EncDecAttention.q.weight,368,cosine_similarity,0.055680133402347565,1024,1024
t5-large,actmat,transformer.decoder.block.22.layer.1.EncDecAttention.k.weight,369,rm_loss,863.049072265625,1024,1024
t5-large,actmat,transformer.decoder.block.22.layer.1.EncDecAttention.k.weight,369,cosine_similarity,0.2072751224040985,1024,1024
t5-large,actmat-identity-inv,transformer.decoder.block.22.layer.1.EncDecAttention.k.weight,369,rm_loss,888.9044189453125,1024,1024
t5-large,regmean,transformer.decoder.block.22.layer.1.EncDecAttention.k.weight,369,rm_loss,108.920166015625,1024,1024
t5-large,identity,transformer.decoder.block.22.layer.1.EncDecAttention.k.weight,369,rm_loss,736.8095703125,1024,1024
t5-large,identity,transformer.decoder.block.22.layer.1.EncDecAttention.k.weight,369,cosine_similarity,0.15614911913871765,1024,1024
t5-large,actmat,transformer.decoder.block.22.layer.1.EncDecAttention.v.weight,370,rm_loss,979.216796875,1024,1024
t5-large,actmat,transformer.decoder.block.22.layer.1.EncDecAttention.v.weight,370,cosine_similarity,0.20571818947792053,1024,1024
t5-large,actmat-identity-inv,transformer.decoder.block.22.layer.1.EncDecAttention.v.weight,370,rm_loss,1083.7113037109375,1024,1024
t5-large,regmean,transformer.decoder.block.22.layer.1.EncDecAttention.v.weight,370,rm_loss,121.69189453125,1024,1024
t5-large,identity,transformer.decoder.block.22.layer.1.EncDecAttention.v.weight,370,rm_loss,1112.885498046875,1024,1024
t5-large,identity,transformer.decoder.block.22.layer.1.EncDecAttention.v.weight,370,cosine_similarity,0.15614911913871765,1024,1024
t5-large,actmat,transformer.decoder.block.22.layer.1.EncDecAttention.o.weight,371,rm_loss,9047.359375,1024,1024
t5-large,actmat,transformer.decoder.block.22.layer.1.EncDecAttention.o.weight,371,cosine_similarity,0.2750279903411865,1024,1024
t5-large,actmat-identity-inv,transformer.decoder.block.22.layer.1.EncDecAttention.o.weight,371,rm_loss,19463.03125,1024,1024
t5-large,regmean,transformer.decoder.block.22.layer.1.EncDecAttention.o.weight,371,rm_loss,828.46875,1024,1024
t5-large,identity,transformer.decoder.block.22.layer.1.EncDecAttention.o.weight,371,rm_loss,25007.93359375,1024,1024
t5-large,identity,transformer.decoder.block.22.layer.1.EncDecAttention.o.weight,371,cosine_similarity,0.10033266991376877,1024,1024
t5-large,actmat,transformer.decoder.block.22.layer.2.DenseReluDense.wi.weight,372,rm_loss,70991.3125,1024,4096
t5-large,actmat,transformer.decoder.block.22.layer.2.DenseReluDense.wi.weight,372,cosine_similarity,0.20651790499687195,1024,4096
t5-large,actmat-identity-inv,transformer.decoder.block.22.layer.2.DenseReluDense.wi.weight,372,rm_loss,318081.25,1024,4096
t5-large,regmean,transformer.decoder.block.22.layer.2.DenseReluDense.wi.weight,372,rm_loss,3354.015625,1024,4096
t5-large,identity,transformer.decoder.block.22.layer.2.DenseReluDense.wi.weight,372,rm_loss,91633.78125,1024,4096
t5-large,identity,transformer.decoder.block.22.layer.2.DenseReluDense.wi.weight,372,cosine_similarity,0.044583577662706375,1024,4096
t5-large,actmat,transformer.decoder.block.22.layer.2.DenseReluDense.wo.weight,373,rm_loss,121331.0,4096,1024
t5-large,actmat,transformer.decoder.block.22.layer.2.DenseReluDense.wo.weight,373,cosine_similarity,0.03963351994752884,4096,1024
t5-large,actmat-identity-inv,transformer.decoder.block.22.layer.2.DenseReluDense.wo.weight,373,rm_loss,515346.125,4096,1024
t5-large,regmean,transformer.decoder.block.22.layer.2.DenseReluDense.wo.weight,373,rm_loss,7157.5,4096,1024
t5-large,identity,transformer.decoder.block.22.layer.2.DenseReluDense.wo.weight,373,rm_loss,109974.21875,4096,1024
t5-large,identity,transformer.decoder.block.22.layer.2.DenseReluDense.wo.weight,373,cosine_similarity,0.02833237126469612,4096,1024
t5-large,actmat,transformer.decoder.block.23.layer.0.SelfAttention.q.weight,374,rm_loss,32.50318908691406,1024,1024
t5-large,actmat,transformer.decoder.block.23.layer.0.SelfAttention.q.weight,374,cosine_similarity,0.27794942259788513,1024,1024
t5-large,actmat-identity-inv,transformer.decoder.block.23.layer.0.SelfAttention.q.weight,374,rm_loss,98.47895812988281,1024,1024
t5-large,regmean,transformer.decoder.block.23.layer.0.SelfAttention.q.weight,374,rm_loss,2.158843994140625,1024,1024
t5-large,identity,transformer.decoder.block.23.layer.0.SelfAttention.q.weight,374,rm_loss,82.18492889404297,1024,1024
t5-large,identity,transformer.decoder.block.23.layer.0.SelfAttention.q.weight,374,cosine_similarity,0.049601711332798004,1024,1024
t5-large,actmat,transformer.decoder.block.23.layer.0.SelfAttention.k.weight,375,rm_loss,34.5186767578125,1024,1024
t5-large,actmat,transformer.decoder.block.23.layer.0.SelfAttention.k.weight,375,cosine_similarity,0.20070627331733704,1024,1024
t5-large,actmat-identity-inv,transformer.decoder.block.23.layer.0.SelfAttention.k.weight,375,rm_loss,66.11396026611328,1024,1024
t5-large,regmean,transformer.decoder.block.23.layer.0.SelfAttention.k.weight,375,rm_loss,1.806732177734375,1024,1024
t5-large,identity,transformer.decoder.block.23.layer.0.SelfAttention.k.weight,375,rm_loss,52.02050018310547,1024,1024
t5-large,identity,transformer.decoder.block.23.layer.0.SelfAttention.k.weight,375,cosine_similarity,0.049601711332798004,1024,1024
t5-large,actmat,transformer.decoder.block.23.layer.0.SelfAttention.v.weight,376,rm_loss,50.405731201171875,1024,1024
t5-large,actmat,transformer.decoder.block.23.layer.0.SelfAttention.v.weight,376,cosine_similarity,0.13403290510177612,1024,1024
t5-large,actmat-identity-inv,transformer.decoder.block.23.layer.0.SelfAttention.v.weight,376,rm_loss,108.03952026367188,1024,1024
t5-large,regmean,transformer.decoder.block.23.layer.0.SelfAttention.v.weight,376,rm_loss,2.977264404296875,1024,1024
t5-large,identity,transformer.decoder.block.23.layer.0.SelfAttention.v.weight,376,rm_loss,92.32115936279297,1024,1024
t5-large,identity,transformer.decoder.block.23.layer.0.SelfAttention.v.weight,376,cosine_similarity,0.049601711332798004,1024,1024
t5-large,actmat,transformer.decoder.block.23.layer.0.SelfAttention.o.weight,377,rm_loss,13978.390625,1024,1024
t5-large,actmat,transformer.decoder.block.23.layer.0.SelfAttention.o.weight,377,cosine_similarity,0.20593670010566711,1024,1024
t5-large,actmat-identity-inv,transformer.decoder.block.23.layer.0.SelfAttention.o.weight,377,rm_loss,39775.203125,1024,1024
t5-large,regmean,transformer.decoder.block.23.layer.0.SelfAttention.o.weight,377,rm_loss,1128.84375,1024,1024
t5-large,identity,transformer.decoder.block.23.layer.0.SelfAttention.o.weight,377,rm_loss,38199.55859375,1024,1024
t5-large,identity,transformer.decoder.block.23.layer.0.SelfAttention.o.weight,377,cosine_similarity,0.06315570324659348,1024,1024
t5-large,actmat,transformer.decoder.block.23.layer.1.EncDecAttention.q.weight,378,rm_loss,3.0082178115844727,1024,1024
t5-large,actmat,transformer.decoder.block.23.layer.1.EncDecAttention.q.weight,378,cosine_similarity,0.17432887852191925,1024,1024
t5-large,actmat-identity-inv,transformer.decoder.block.23.layer.1.EncDecAttention.q.weight,378,rm_loss,3.750035524368286,1024,1024
t5-large,regmean,transformer.decoder.block.23.layer.1.EncDecAttention.q.weight,378,rm_loss,0.15089893341064453,1024,1024
t5-large,identity,transformer.decoder.block.23.layer.1.EncDecAttention.q.weight,378,rm_loss,3.549142837524414,1024,1024
t5-large,identity,transformer.decoder.block.23.layer.1.EncDecAttention.q.weight,378,cosine_similarity,0.05253056436777115,1024,1024
t5-large,actmat,transformer.decoder.block.23.layer.1.EncDecAttention.k.weight,379,rm_loss,878.66455078125,1024,1024
t5-large,actmat,transformer.decoder.block.23.layer.1.EncDecAttention.k.weight,379,cosine_similarity,0.23514096438884735,1024,1024
t5-large,actmat-identity-inv,transformer.decoder.block.23.layer.1.EncDecAttention.k.weight,379,rm_loss,1026.312744140625,1024,1024
t5-large,regmean,transformer.decoder.block.23.layer.1.EncDecAttention.k.weight,379,rm_loss,117.0615234375,1024,1024
t5-large,identity,transformer.decoder.block.23.layer.1.EncDecAttention.k.weight,379,rm_loss,838.5511474609375,1024,1024
t5-large,identity,transformer.decoder.block.23.layer.1.EncDecAttention.k.weight,379,cosine_similarity,0.15614911913871765,1024,1024
t5-large,actmat,transformer.decoder.block.23.layer.1.EncDecAttention.v.weight,380,rm_loss,785.93115234375,1024,1024
t5-large,actmat,transformer.decoder.block.23.layer.1.EncDecAttention.v.weight,380,cosine_similarity,0.24091392755508423,1024,1024
t5-large,actmat-identity-inv,transformer.decoder.block.23.layer.1.EncDecAttention.v.weight,380,rm_loss,1181.42529296875,1024,1024
t5-large,regmean,transformer.decoder.block.23.layer.1.EncDecAttention.v.weight,380,rm_loss,102.1064453125,1024,1024
t5-large,identity,transformer.decoder.block.23.layer.1.EncDecAttention.v.weight,380,rm_loss,1319.152099609375,1024,1024
t5-large,identity,transformer.decoder.block.23.layer.1.EncDecAttention.v.weight,380,cosine_similarity,0.15614911913871765,1024,1024
t5-large,actmat,transformer.decoder.block.23.layer.1.EncDecAttention.o.weight,381,rm_loss,8931.6015625,1024,1024
t5-large,actmat,transformer.decoder.block.23.layer.1.EncDecAttention.o.weight,381,cosine_similarity,0.17347459495067596,1024,1024
t5-large,actmat-identity-inv,transformer.decoder.block.23.layer.1.EncDecAttention.o.weight,381,rm_loss,39088.90625,1024,1024
t5-large,regmean,transformer.decoder.block.23.layer.1.EncDecAttention.o.weight,381,rm_loss,519.875,1024,1024
t5-large,identity,transformer.decoder.block.23.layer.1.EncDecAttention.o.weight,381,rm_loss,26300.94140625,1024,1024
t5-large,identity,transformer.decoder.block.23.layer.1.EncDecAttention.o.weight,381,cosine_similarity,0.06684727966785431,1024,1024
t5-large,actmat,transformer.decoder.block.23.layer.2.DenseReluDense.wi.weight,382,rm_loss,57488.578125,1024,4096
t5-large,actmat,transformer.decoder.block.23.layer.2.DenseReluDense.wi.weight,382,cosine_similarity,0.1707262396812439,1024,4096
t5-large,actmat-identity-inv,transformer.decoder.block.23.layer.2.DenseReluDense.wi.weight,382,rm_loss,229308.03125,1024,4096
t5-large,regmean,transformer.decoder.block.23.layer.2.DenseReluDense.wi.weight,382,rm_loss,3243.03125,1024,4096
t5-large,identity,transformer.decoder.block.23.layer.2.DenseReluDense.wi.weight,382,rm_loss,77701.6953125,1024,4096
t5-large,identity,transformer.decoder.block.23.layer.2.DenseReluDense.wi.weight,382,cosine_similarity,0.04280553013086319,1024,4096
t5-large,actmat,transformer.decoder.block.23.layer.2.DenseReluDense.wo.weight,383,rm_loss,2865865.75,4096,1024
t5-large,actmat,transformer.decoder.block.23.layer.2.DenseReluDense.wo.weight,383,cosine_similarity,0.033902764320373535,4096,1024
t5-large,actmat-identity-inv,transformer.decoder.block.23.layer.2.DenseReluDense.wo.weight,383,rm_loss,1777927.75,4096,1024
t5-large,regmean,transformer.decoder.block.23.layer.2.DenseReluDense.wo.weight,383,rm_loss,27457.6875,4096,1024
t5-large,identity,transformer.decoder.block.23.layer.2.DenseReluDense.wo.weight,383,rm_loss,215774.34375,4096,1024
t5-large,identity,transformer.decoder.block.23.layer.2.DenseReluDense.wo.weight,383,cosine_similarity,0.022638695314526558,4096,1024
t5-large,actmat,transformer.lm_head.weight,384,rm_loss,10.242218017578125,1024,32128
t5-large,actmat,transformer.lm_head.weight,384,cosine_similarity,0.3319476246833801,1024,32128
t5-large,actmat-identity-inv,transformer.lm_head.weight,384,rm_loss,1597.8289794921875,1024,32128
t5-large,regmean,transformer.lm_head.weight,384,rm_loss,0.8010330200195312,1024,32128
t5-large,identity,transformer.lm_head.weight,384,rm_loss,8.104438781738281,1024,32128
t5-large,identity,transformer.lm_head.weight,384,cosine_similarity,0.03591610863804817,1024,32128
ViT-B-16,actmat,model.visual.transformer.resblocks.0.mlp.c_fc.weight,0,rm_loss,35468.55859375,768,3072
ViT-B-16,actmat,model.visual.transformer.resblocks.0.mlp.c_fc.weight,0,cosine_similarity,0.1550089716911316,768,3072
ViT-B-16,actmat-identity-inv,model.visual.transformer.resblocks.0.mlp.c_fc.weight,0,rm_loss,4835.58349609375,768,3072
ViT-B-16,regmean,model.visual.transformer.resblocks.0.mlp.c_fc.weight,0,rm_loss,1172.55419921875,768,3072
ViT-B-16,identity,model.visual.transformer.resblocks.0.mlp.c_fc.weight,0,rm_loss,3738.26123046875,768,3072
ViT-B-16,identity,model.visual.transformer.resblocks.0.mlp.c_fc.weight,0,cosine_similarity,0.07913768291473389,768,3072
ViT-B-16,actmat,model.visual.transformer.resblocks.0.mlp.c_proj.weight,1,rm_loss,221.01171875,3072,768
ViT-B-16,actmat,model.visual.transformer.resblocks.0.mlp.c_proj.weight,1,cosine_similarity,0.4835851490497589,3072,768
ViT-B-16,actmat-identity-inv,model.visual.transformer.resblocks.0.mlp.c_proj.weight,1,rm_loss,331.73779296875,3072,768
ViT-B-16,regmean,model.visual.transformer.resblocks.0.mlp.c_proj.weight,1,rm_loss,48.4061279296875,3072,768
ViT-B-16,identity,model.visual.transformer.resblocks.0.mlp.c_proj.weight,1,rm_loss,197.57522583007812,3072,768
ViT-B-16,identity,model.visual.transformer.resblocks.0.mlp.c_proj.weight,1,cosine_similarity,0.03634493425488472,3072,768
ViT-B-16,actmat,model.visual.transformer.resblocks.1.mlp.c_fc.weight,2,rm_loss,10164.275390625,768,3072
ViT-B-16,actmat,model.visual.transformer.resblocks.1.mlp.c_fc.weight,2,cosine_similarity,0.32948023080825806,768,3072
ViT-B-16,actmat-identity-inv,model.visual.transformer.resblocks.1.mlp.c_fc.weight,2,rm_loss,3107.5380859375,768,3072
ViT-B-16,regmean,model.visual.transformer.resblocks.1.mlp.c_fc.weight,2,rm_loss,554.916015625,768,3072
ViT-B-16,identity,model.visual.transformer.resblocks.1.mlp.c_fc.weight,2,rm_loss,2332.897705078125,768,3072
ViT-B-16,identity,model.visual.transformer.resblocks.1.mlp.c_fc.weight,2,cosine_similarity,0.15477289259433746,768,3072
ViT-B-16,actmat,model.visual.transformer.resblocks.1.mlp.c_proj.weight,3,rm_loss,130.69366455078125,3072,768
ViT-B-16,actmat,model.visual.transformer.resblocks.1.mlp.c_proj.weight,3,cosine_similarity,0.6365306377410889,3072,768
ViT-B-16,actmat-identity-inv,model.visual.transformer.resblocks.1.mlp.c_proj.weight,3,rm_loss,359.0115051269531,3072,768
ViT-B-16,regmean,model.visual.transformer.resblocks.1.mlp.c_proj.weight,3,rm_loss,34.6171875,3072,768
ViT-B-16,identity,model.visual.transformer.resblocks.1.mlp.c_proj.weight,3,rm_loss,221.3646240234375,3072,768
ViT-B-16,identity,model.visual.transformer.resblocks.1.mlp.c_proj.weight,3,cosine_similarity,0.05455552786588669,3072,768
ViT-B-16,actmat,model.visual.transformer.resblocks.2.mlp.c_fc.weight,4,rm_loss,6882.876953125,768,3072
ViT-B-16,actmat,model.visual.transformer.resblocks.2.mlp.c_fc.weight,4,cosine_similarity,0.3312682807445526,768,3072
ViT-B-16,actmat-identity-inv,model.visual.transformer.resblocks.2.mlp.c_fc.weight,4,rm_loss,4133.26904296875,768,3072
ViT-B-16,regmean,model.visual.transformer.resblocks.2.mlp.c_fc.weight,4,rm_loss,655.9443359375,768,3072
ViT-B-16,identity,model.visual.transformer.resblocks.2.mlp.c_fc.weight,4,rm_loss,3080.66064453125,768,3072
ViT-B-16,identity,model.visual.transformer.resblocks.2.mlp.c_fc.weight,4,cosine_similarity,0.11213700473308563,768,3072
ViT-B-16,actmat,model.visual.transformer.resblocks.2.mlp.c_proj.weight,5,rm_loss,134.62966918945312,3072,768
ViT-B-16,actmat,model.visual.transformer.resblocks.2.mlp.c_proj.weight,5,cosine_similarity,0.5723388195037842,3072,768
ViT-B-16,actmat-identity-inv,model.visual.transformer.resblocks.2.mlp.c_proj.weight,5,rm_loss,318.2765808105469,3072,768
ViT-B-16,regmean,model.visual.transformer.resblocks.2.mlp.c_proj.weight,5,rm_loss,28.65478515625,3072,768
ViT-B-16,identity,model.visual.transformer.resblocks.2.mlp.c_proj.weight,5,rm_loss,211.2013702392578,3072,768
ViT-B-16,identity,model.visual.transformer.resblocks.2.mlp.c_proj.weight,5,cosine_similarity,0.05034301429986954,3072,768
ViT-B-16,actmat,model.visual.transformer.resblocks.3.mlp.c_fc.weight,6,rm_loss,4209.0732421875,768,3072
ViT-B-16,actmat,model.visual.transformer.resblocks.3.mlp.c_fc.weight,6,cosine_similarity,0.3055347204208374,768,3072
ViT-B-16,actmat-identity-inv,model.visual.transformer.resblocks.3.mlp.c_fc.weight,6,rm_loss,2814.3740234375,768,3072
ViT-B-16,regmean,model.visual.transformer.resblocks.3.mlp.c_fc.weight,6,rm_loss,780.908447265625,768,3072
ViT-B-16,identity,model.visual.transformer.resblocks.3.mlp.c_fc.weight,6,rm_loss,2168.099609375,768,3072
ViT-B-16,identity,model.visual.transformer.resblocks.3.mlp.c_fc.weight,6,cosine_similarity,0.15914486348628998,768,3072
ViT-B-16,actmat,model.visual.transformer.resblocks.3.mlp.c_proj.weight,7,rm_loss,125.96908569335938,3072,768
ViT-B-16,actmat,model.visual.transformer.resblocks.3.mlp.c_proj.weight,7,cosine_similarity,0.561220645904541,3072,768
ViT-B-16,actmat-identity-inv,model.visual.transformer.resblocks.3.mlp.c_proj.weight,7,rm_loss,219.04759216308594,3072,768
ViT-B-16,regmean,model.visual.transformer.resblocks.3.mlp.c_proj.weight,7,rm_loss,30.5894775390625,3072,768
ViT-B-16,identity,model.visual.transformer.resblocks.3.mlp.c_proj.weight,7,rm_loss,151.42617797851562,3072,768
ViT-B-16,identity,model.visual.transformer.resblocks.3.mlp.c_proj.weight,7,cosine_similarity,0.09351831674575806,3072,768
ViT-B-16,actmat,model.visual.transformer.resblocks.4.mlp.c_fc.weight,8,rm_loss,7952.67724609375,768,3072
ViT-B-16,actmat,model.visual.transformer.resblocks.4.mlp.c_fc.weight,8,cosine_similarity,0.27220314741134644,768,3072
ViT-B-16,actmat-identity-inv,model.visual.transformer.resblocks.4.mlp.c_fc.weight,8,rm_loss,4493.30712890625,768,3072
ViT-B-16,regmean,model.visual.transformer.resblocks.4.mlp.c_fc.weight,8,rm_loss,1027.45263671875,768,3072
ViT-B-16,identity,model.visual.transformer.resblocks.4.mlp.c_fc.weight,8,rm_loss,3446.406005859375,768,3072
ViT-B-16,identity,model.visual.transformer.resblocks.4.mlp.c_fc.weight,8,cosine_similarity,0.12410476803779602,768,3072
ViT-B-16,actmat,model.visual.transformer.resblocks.4.mlp.c_proj.weight,9,rm_loss,106.86456298828125,3072,768
ViT-B-16,actmat,model.visual.transformer.resblocks.4.mlp.c_proj.weight,9,cosine_similarity,0.5319802761077881,3072,768
ViT-B-16,actmat-identity-inv,model.visual.transformer.resblocks.4.mlp.c_proj.weight,9,rm_loss,217.80899047851562,3072,768
ViT-B-16,regmean,model.visual.transformer.resblocks.4.mlp.c_proj.weight,9,rm_loss,24.656829833984375,3072,768
ViT-B-16,identity,model.visual.transformer.resblocks.4.mlp.c_proj.weight,9,rm_loss,150.21127319335938,3072,768
ViT-B-16,identity,model.visual.transformer.resblocks.4.mlp.c_proj.weight,9,cosine_similarity,0.08336269110441208,3072,768
ViT-B-16,actmat,model.visual.transformer.resblocks.5.mlp.c_fc.weight,10,rm_loss,11436.46875,768,3072
ViT-B-16,actmat,model.visual.transformer.resblocks.5.mlp.c_fc.weight,10,cosine_similarity,0.24052603542804718,768,3072
ViT-B-16,actmat-identity-inv,model.visual.transformer.resblocks.5.mlp.c_fc.weight,10,rm_loss,4531.0771484375,768,3072
ViT-B-16,regmean,model.visual.transformer.resblocks.5.mlp.c_fc.weight,10,rm_loss,1138.89501953125,768,3072
ViT-B-16,identity,model.visual.transformer.resblocks.5.mlp.c_fc.weight,10,rm_loss,3528.556884765625,768,3072
ViT-B-16,identity,model.visual.transformer.resblocks.5.mlp.c_fc.weight,10,cosine_similarity,0.11505857110023499,768,3072
ViT-B-16,actmat,model.visual.transformer.resblocks.5.mlp.c_proj.weight,11,rm_loss,105.74871826171875,3072,768
ViT-B-16,actmat,model.visual.transformer.resblocks.5.mlp.c_proj.weight,11,cosine_similarity,0.4688831567764282,3072,768
ViT-B-16,actmat-identity-inv,model.visual.transformer.resblocks.5.mlp.c_proj.weight,11,rm_loss,215.78451538085938,3072,768
ViT-B-16,regmean,model.visual.transformer.resblocks.5.mlp.c_proj.weight,11,rm_loss,24.192535400390625,3072,768
ViT-B-16,identity,model.visual.transformer.resblocks.5.mlp.c_proj.weight,11,rm_loss,150.8768768310547,3072,768
ViT-B-16,identity,model.visual.transformer.resblocks.5.mlp.c_proj.weight,11,cosine_similarity,0.07868686318397522,3072,768
ViT-B-16,actmat,model.visual.transformer.resblocks.6.mlp.c_fc.weight,12,rm_loss,9278.86328125,768,3072
ViT-B-16,actmat,model.visual.transformer.resblocks.6.mlp.c_fc.weight,12,cosine_similarity,0.2698292136192322,768,3072
ViT-B-16,actmat-identity-inv,model.visual.transformer.resblocks.6.mlp.c_fc.weight,12,rm_loss,7053.53759765625,768,3072
ViT-B-16,regmean,model.visual.transformer.resblocks.6.mlp.c_fc.weight,12,rm_loss,1423.3974609375,768,3072
ViT-B-16,identity,model.visual.transformer.resblocks.6.mlp.c_fc.weight,12,rm_loss,5505.18798828125,768,3072
ViT-B-16,identity,model.visual.transformer.resblocks.6.mlp.c_fc.weight,12,cosine_similarity,0.10918526351451874,768,3072
ViT-B-16,actmat,model.visual.transformer.resblocks.6.mlp.c_proj.weight,13,rm_loss,111.90142822265625,3072,768
ViT-B-16,actmat,model.visual.transformer.resblocks.6.mlp.c_proj.weight,13,cosine_similarity,0.2674444615840912,3072,768
ViT-B-16,actmat-identity-inv,model.visual.transformer.resblocks.6.mlp.c_proj.weight,13,rm_loss,222.86904907226562,3072,768
ViT-B-16,regmean,model.visual.transformer.resblocks.6.mlp.c_proj.weight,13,rm_loss,26.640777587890625,3072,768
ViT-B-16,identity,model.visual.transformer.resblocks.6.mlp.c_proj.weight,13,rm_loss,169.06712341308594,3072,768
ViT-B-16,identity,model.visual.transformer.resblocks.6.mlp.c_proj.weight,13,cosine_similarity,0.050235189497470856,3072,768
ViT-B-16,actmat,model.visual.transformer.resblocks.7.mlp.c_fc.weight,14,rm_loss,10008.876953125,768,3072
ViT-B-16,actmat,model.visual.transformer.resblocks.7.mlp.c_fc.weight,14,cosine_similarity,0.33253809809684753,768,3072
ViT-B-16,actmat-identity-inv,model.visual.transformer.resblocks.7.mlp.c_fc.weight,14,rm_loss,11059.7822265625,768,3072
ViT-B-16,regmean,model.visual.transformer.resblocks.7.mlp.c_fc.weight,14,rm_loss,1902.189453125,768,3072
ViT-B-16,identity,model.visual.transformer.resblocks.7.mlp.c_fc.weight,14,rm_loss,8676.7119140625,768,3072
ViT-B-16,identity,model.visual.transformer.resblocks.7.mlp.c_fc.weight,14,cosine_similarity,0.1139964908361435,768,3072
ViT-B-16,actmat,model.visual.transformer.resblocks.7.mlp.c_proj.weight,15,rm_loss,296.65618896484375,3072,768
ViT-B-16,actmat,model.visual.transformer.resblocks.7.mlp.c_proj.weight,15,cosine_similarity,0.07385124266147614,3072,768
ViT-B-16,actmat-identity-inv,model.visual.transformer.resblocks.7.mlp.c_proj.weight,15,rm_loss,265.72900390625,3072,768
ViT-B-16,regmean,model.visual.transformer.resblocks.7.mlp.c_proj.weight,15,rm_loss,63.17388916015625,3072,768
ViT-B-16,identity,model.visual.transformer.resblocks.7.mlp.c_proj.weight,15,rm_loss,206.42630004882812,3072,768
ViT-B-16,identity,model.visual.transformer.resblocks.7.mlp.c_proj.weight,15,cosine_similarity,0.02749694138765335,3072,768
ViT-B-16,actmat,model.visual.transformer.resblocks.8.mlp.c_fc.weight,16,rm_loss,13158.41796875,768,3072
ViT-B-16,actmat,model.visual.transformer.resblocks.8.mlp.c_fc.weight,16,cosine_similarity,0.4385490417480469,768,3072
ViT-B-16,actmat-identity-inv,model.visual.transformer.resblocks.8.mlp.c_fc.weight,16,rm_loss,26589.927734375,768,3072
ViT-B-16,regmean,model.visual.transformer.resblocks.8.mlp.c_fc.weight,16,rm_loss,4278.265625,768,3072
ViT-B-16,identity,model.visual.transformer.resblocks.8.mlp.c_fc.weight,16,rm_loss,21137.546875,768,3072
ViT-B-16,identity,model.visual.transformer.resblocks.8.mlp.c_fc.weight,16,cosine_similarity,0.12925316393375397,768,3072
ViT-B-16,actmat,model.visual.transformer.resblocks.8.mlp.c_proj.weight,17,rm_loss,168.39529418945312,3072,768
ViT-B-16,actmat,model.visual.transformer.resblocks.8.mlp.c_proj.weight,17,cosine_similarity,0.31042298674583435,3072,768
ViT-B-16,actmat-identity-inv,model.visual.transformer.resblocks.8.mlp.c_proj.weight,17,rm_loss,234.78648376464844,3072,768
ViT-B-16,regmean,model.visual.transformer.resblocks.8.mlp.c_proj.weight,17,rm_loss,50.00054931640625,3072,768
ViT-B-16,identity,model.visual.transformer.resblocks.8.mlp.c_proj.weight,17,rm_loss,176.72415161132812,3072,768
ViT-B-16,identity,model.visual.transformer.resblocks.8.mlp.c_proj.weight,17,cosine_similarity,0.0749831423163414,3072,768
ViT-B-16,actmat,model.visual.transformer.resblocks.9.mlp.c_fc.weight,18,rm_loss,29627.09375,768,3072
ViT-B-16,actmat,model.visual.transformer.resblocks.9.mlp.c_fc.weight,18,cosine_similarity,0.48688697814941406,768,3072
ViT-B-16,actmat-identity-inv,model.visual.transformer.resblocks.9.mlp.c_fc.weight,18,rm_loss,75282.484375,768,3072
ViT-B-16,regmean,model.visual.transformer.resblocks.9.mlp.c_fc.weight,18,rm_loss,12637.703125,768,3072
ViT-B-16,identity,model.visual.transformer.resblocks.9.mlp.c_fc.weight,18,rm_loss,60232.53125,768,3072
ViT-B-16,identity,model.visual.transformer.resblocks.9.mlp.c_fc.weight,18,cosine_similarity,0.15305231511592865,768,3072
ViT-B-16,actmat,model.visual.transformer.resblocks.9.mlp.c_proj.weight,19,rm_loss,236.23675537109375,3072,768
ViT-B-16,actmat,model.visual.transformer.resblocks.9.mlp.c_proj.weight,19,cosine_similarity,0.2020377814769745,3072,768
ViT-B-16,actmat-identity-inv,model.visual.transformer.resblocks.9.mlp.c_proj.weight,19,rm_loss,142.92633056640625,3072,768
ViT-B-16,regmean,model.visual.transformer.resblocks.9.mlp.c_proj.weight,19,rm_loss,44.02427673339844,3072,768
ViT-B-16,identity,model.visual.transformer.resblocks.9.mlp.c_proj.weight,19,rm_loss,103.34288024902344,3072,768
ViT-B-16,identity,model.visual.transformer.resblocks.9.mlp.c_proj.weight,19,cosine_similarity,0.16472464799880981,3072,768
ViT-B-16,actmat,model.visual.transformer.resblocks.10.mlp.c_fc.weight,20,rm_loss,78446.25,768,3072
ViT-B-16,actmat,model.visual.transformer.resblocks.10.mlp.c_fc.weight,20,cosine_similarity,0.3178640305995941,768,3072
ViT-B-16,actmat-identity-inv,model.visual.transformer.resblocks.10.mlp.c_fc.weight,20,rm_loss,87015.828125,768,3072
ViT-B-16,regmean,model.visual.transformer.resblocks.10.mlp.c_fc.weight,20,rm_loss,17219.5625,768,3072
ViT-B-16,identity,model.visual.transformer.resblocks.10.mlp.c_fc.weight,20,rm_loss,69681.4140625,768,3072
ViT-B-16,identity,model.visual.transformer.resblocks.10.mlp.c_fc.weight,20,cosine_similarity,0.121059849858284,768,3072
ViT-B-16,actmat,model.visual.transformer.resblocks.10.mlp.c_proj.weight,21,rm_loss,403.50146484375,3072,768
ViT-B-16,actmat,model.visual.transformer.resblocks.10.mlp.c_proj.weight,21,cosine_similarity,0.14776623249053955,3072,768
ViT-B-16,actmat-identity-inv,model.visual.transformer.resblocks.10.mlp.c_proj.weight,21,rm_loss,240.0318603515625,3072,768
ViT-B-16,regmean,model.visual.transformer.resblocks.10.mlp.c_proj.weight,21,rm_loss,69.10537719726562,3072,768
ViT-B-16,identity,model.visual.transformer.resblocks.10.mlp.c_proj.weight,21,rm_loss,161.38082885742188,3072,768
ViT-B-16,identity,model.visual.transformer.resblocks.10.mlp.c_proj.weight,21,cosine_similarity,0.1382705420255661,3072,768
ViT-B-16,actmat,model.visual.transformer.resblocks.11.mlp.c_fc.weight,22,rm_loss,198787.28125,768,3072
ViT-B-16,actmat,model.visual.transformer.resblocks.11.mlp.c_fc.weight,22,cosine_similarity,0.056983791291713715,768,3072
ViT-B-16,actmat-identity-inv,model.visual.transformer.resblocks.11.mlp.c_fc.weight,22,rm_loss,11377.83984375,768,3072
ViT-B-16,regmean,model.visual.transformer.resblocks.11.mlp.c_fc.weight,22,rm_loss,2173.412109375,768,3072
ViT-B-16,identity,model.visual.transformer.resblocks.11.mlp.c_fc.weight,22,rm_loss,8145.7294921875,768,3072
ViT-B-16,identity,model.visual.transformer.resblocks.11.mlp.c_fc.weight,22,cosine_similarity,0.07227138429880142,768,3072
ViT-B-16,actmat,model.visual.transformer.resblocks.11.mlp.c_proj.weight,23,rm_loss,1170.866943359375,3072,768
ViT-B-16,actmat,model.visual.transformer.resblocks.11.mlp.c_proj.weight,23,cosine_similarity,0.2633439004421234,3072,768
ViT-B-16,actmat-identity-inv,model.visual.transformer.resblocks.11.mlp.c_proj.weight,23,rm_loss,1396.7960205078125,3072,768
ViT-B-16,regmean,model.visual.transformer.resblocks.11.mlp.c_proj.weight,23,rm_loss,135.42041015625,3072,768
ViT-B-16,identity,model.visual.transformer.resblocks.11.mlp.c_proj.weight,23,rm_loss,788.9361572265625,3072,768
ViT-B-16,identity,model.visual.transformer.resblocks.11.mlp.c_proj.weight,23,cosine_similarity,0.03728656470775604,3072,768
ViT-B-16,actmat,model.visual.transformer.resblocks.8.attn.q.weight,24,rm_loss,1869.837646484375,768,768
ViT-B-16,actmat,model.visual.transformer.resblocks.8.attn.q.weight,24,cosine_similarity,0.39412468671798706,768,768
ViT-B-16,actmat-identity-inv,model.visual.transformer.resblocks.8.attn.q.weight,24,rm_loss,1992.7015380859375,768,768
ViT-B-16,regmean,model.visual.transformer.resblocks.8.attn.q.weight,24,rm_loss,401.97314453125,768,768
ViT-B-16,identity,model.visual.transformer.resblocks.8.attn.q.weight,24,rm_loss,1530.37548828125,768,768
ViT-B-16,identity,model.visual.transformer.resblocks.8.attn.q.weight,24,cosine_similarity,0.1862265169620514,768,768
ViT-B-16,actmat,model.visual.transformer.resblocks.8.attn.k.weight,25,rm_loss,1844.7255859375,768,768
ViT-B-16,actmat,model.visual.transformer.resblocks.8.attn.k.weight,25,cosine_similarity,0.37893441319465637,768,768
ViT-B-16,actmat-identity-inv,model.visual.transformer.resblocks.8.attn.k.weight,25,rm_loss,1718.615966796875,768,768
ViT-B-16,regmean,model.visual.transformer.resblocks.8.attn.k.weight,25,rm_loss,392.4677734375,768,768
ViT-B-16,identity,model.visual.transformer.resblocks.8.attn.k.weight,25,rm_loss,1326.8367919921875,768,768
ViT-B-16,identity,model.visual.transformer.resblocks.8.attn.k.weight,25,cosine_similarity,0.1862265169620514,768,768
ViT-B-16,actmat,model.visual.transformer.resblocks.8.attn.v.weight,26,rm_loss,980.55712890625,768,768
ViT-B-16,actmat,model.visual.transformer.resblocks.8.attn.v.weight,26,cosine_similarity,0.3426889181137085,768,768
ViT-B-16,actmat-identity-inv,model.visual.transformer.resblocks.8.attn.v.weight,26,rm_loss,917.7963256835938,768,768
ViT-B-16,regmean,model.visual.transformer.resblocks.8.attn.v.weight,26,rm_loss,227.26025390625,768,768
ViT-B-16,identity,model.visual.transformer.resblocks.8.attn.v.weight,26,rm_loss,712.7724609375,768,768
ViT-B-16,identity,model.visual.transformer.resblocks.8.attn.v.weight,26,cosine_similarity,0.1862265169620514,768,768
ViT-B-16,actmat,model.visual.transformer.resblocks.8.attn.o.weight,27,rm_loss,16.232772827148438,768,768
ViT-B-16,actmat,model.visual.transformer.resblocks.8.attn.o.weight,27,cosine_similarity,0.391431987285614,768,768
ViT-B-16,actmat-identity-inv,model.visual.transformer.resblocks.8.attn.o.weight,27,rm_loss,26.7150936126709,768,768
ViT-B-16,regmean,model.visual.transformer.resblocks.8.attn.o.weight,27,rm_loss,3.7566604614257812,768,768
ViT-B-16,identity,model.visual.transformer.resblocks.8.attn.o.weight,27,rm_loss,20.141983032226562,768,768
ViT-B-16,identity,model.visual.transformer.resblocks.8.attn.o.weight,27,cosine_similarity,0.1582678258419037,768,768
ViT-B-16,actmat,model.visual.transformer.resblocks.2.attn.q.weight,28,rm_loss,3136.537109375,768,768
ViT-B-16,actmat,model.visual.transformer.resblocks.2.attn.q.weight,28,cosine_similarity,0.22337980568408966,768,768
ViT-B-16,actmat-identity-inv,model.visual.transformer.resblocks.2.attn.q.weight,28,rm_loss,684.4392700195312,768,768
ViT-B-16,regmean,model.visual.transformer.resblocks.2.attn.q.weight,28,rm_loss,165.1026611328125,768,768
ViT-B-16,identity,model.visual.transformer.resblocks.2.attn.q.weight,28,rm_loss,497.1565856933594,768,768
ViT-B-16,identity,model.visual.transformer.resblocks.2.attn.q.weight,28,cosine_similarity,0.16575169563293457,768,768
ViT-B-16,actmat,model.visual.transformer.resblocks.2.attn.k.weight,29,rm_loss,3634.94482421875,768,768
ViT-B-16,actmat,model.visual.transformer.resblocks.2.attn.k.weight,29,cosine_similarity,0.21237623691558838,768,768
ViT-B-16,actmat-identity-inv,model.visual.transformer.resblocks.2.attn.k.weight,29,rm_loss,587.056640625,768,768
ViT-B-16,regmean,model.visual.transformer.resblocks.2.attn.k.weight,29,rm_loss,172.67266845703125,768,768
ViT-B-16,identity,model.visual.transformer.resblocks.2.attn.k.weight,29,rm_loss,431.9866943359375,768,768
ViT-B-16,identity,model.visual.transformer.resblocks.2.attn.k.weight,29,cosine_similarity,0.16575169563293457,768,768
ViT-B-16,actmat,model.visual.transformer.resblocks.2.attn.v.weight,30,rm_loss,803.8387451171875,768,768
ViT-B-16,actmat,model.visual.transformer.resblocks.2.attn.v.weight,30,cosine_similarity,0.2457675188779831,768,768
ViT-B-16,actmat-identity-inv,model.visual.transformer.resblocks.2.attn.v.weight,30,rm_loss,329.0646667480469,768,768
ViT-B-16,regmean,model.visual.transformer.resblocks.2.attn.v.weight,30,rm_loss,100.82589721679688,768,768
ViT-B-16,identity,model.visual.transformer.resblocks.2.attn.v.weight,30,rm_loss,250.88955688476562,768,768
ViT-B-16,identity,model.visual.transformer.resblocks.2.attn.v.weight,30,cosine_similarity,0.16575169563293457,768,768
ViT-B-16,actmat,model.visual.transformer.resblocks.2.attn.o.weight,31,rm_loss,30.184978485107422,768,768
ViT-B-16,actmat,model.visual.transformer.resblocks.2.attn.o.weight,31,cosine_similarity,0.2724371552467346,768,768
ViT-B-16,actmat-identity-inv,model.visual.transformer.resblocks.2.attn.o.weight,31,rm_loss,23.560869216918945,768,768
ViT-B-16,regmean,model.visual.transformer.resblocks.2.attn.o.weight,31,rm_loss,3.655914306640625,768,768
ViT-B-16,identity,model.visual.transformer.resblocks.2.attn.o.weight,31,rm_loss,17.705488204956055,768,768
ViT-B-16,identity,model.visual.transformer.resblocks.2.attn.o.weight,31,cosine_similarity,0.12095746397972107,768,768
ViT-B-16,actmat,model.visual.transformer.resblocks.9.attn.q.weight,32,rm_loss,2416.091552734375,768,768
ViT-B-16,actmat,model.visual.transformer.resblocks.9.attn.q.weight,32,cosine_similarity,0.3415519893169403,768,768
ViT-B-16,actmat-identity-inv,model.visual.transformer.resblocks.9.attn.q.weight,32,rm_loss,2424.93310546875,768,768
ViT-B-16,regmean,model.visual.transformer.resblocks.9.attn.q.weight,32,rm_loss,477.130859375,768,768
ViT-B-16,identity,model.visual.transformer.resblocks.9.attn.q.weight,32,rm_loss,1871.494873046875,768,768
ViT-B-16,identity,model.visual.transformer.resblocks.9.attn.q.weight,32,cosine_similarity,0.17464229464530945,768,768
ViT-B-16,actmat,model.visual.transformer.resblocks.9.attn.k.weight,33,rm_loss,3305.6845703125,768,768
ViT-B-16,actmat,model.visual.transformer.resblocks.9.attn.k.weight,33,cosine_similarity,0.35560327768325806,768,768
ViT-B-16,actmat-identity-inv,model.visual.transformer.resblocks.9.attn.k.weight,33,rm_loss,2371.3212890625,768,768
ViT-B-16,regmean,model.visual.transformer.resblocks.9.attn.k.weight,33,rm_loss,495.23828125,768,768
ViT-B-16,identity,model.visual.transformer.resblocks.9.attn.k.weight,33,rm_loss,1836.685791015625,768,768
ViT-B-16,identity,model.visual.transformer.resblocks.9.attn.k.weight,33,cosine_similarity,0.17464229464530945,768,768
ViT-B-16,actmat,model.visual.transformer.resblocks.9.attn.v.weight,34,rm_loss,1451.46826171875,768,768
ViT-B-16,actmat,model.visual.transformer.resblocks.9.attn.v.weight,34,cosine_similarity,0.319582998752594,768,768
ViT-B-16,actmat-identity-inv,model.visual.transformer.resblocks.9.attn.v.weight,34,rm_loss,1310.6370849609375,768,768
ViT-B-16,regmean,model.visual.transformer.resblocks.9.attn.v.weight,34,rm_loss,304.426025390625,768,768
ViT-B-16,identity,model.visual.transformer.resblocks.9.attn.v.weight,34,rm_loss,1012.3023681640625,768,768
ViT-B-16,identity,model.visual.transformer.resblocks.9.attn.v.weight,34,cosine_similarity,0.17464229464530945,768,768
ViT-B-16,actmat,model.visual.transformer.resblocks.9.attn.o.weight,35,rm_loss,24.876571655273438,768,768
ViT-B-16,actmat,model.visual.transformer.resblocks.9.attn.o.weight,35,cosine_similarity,0.4016905725002289,768,768
ViT-B-16,actmat-identity-inv,model.visual.transformer.resblocks.9.attn.o.weight,35,rm_loss,50.09714889526367,768,768
ViT-B-16,regmean,model.visual.transformer.resblocks.9.attn.o.weight,35,rm_loss,5.1009521484375,768,768
ViT-B-16,identity,model.visual.transformer.resblocks.9.attn.o.weight,35,rm_loss,37.59198760986328,768,768
ViT-B-16,identity,model.visual.transformer.resblocks.9.attn.o.weight,35,cosine_similarity,0.13363046944141388,768,768
ViT-B-16,actmat,model.visual.transformer.resblocks.1.attn.q.weight,36,rm_loss,3343.865234375,768,768
ViT-B-16,actmat,model.visual.transformer.resblocks.1.attn.q.weight,36,cosine_similarity,0.18970218300819397,768,768
ViT-B-16,actmat-identity-inv,model.visual.transformer.resblocks.1.attn.q.weight,36,rm_loss,412.0097351074219,768,768
ViT-B-16,regmean,model.visual.transformer.resblocks.1.attn.q.weight,36,rm_loss,76.7005615234375,768,768
ViT-B-16,identity,model.visual.transformer.resblocks.1.attn.q.weight,36,rm_loss,279.6834411621094,768,768
ViT-B-16,identity,model.visual.transformer.resblocks.1.attn.q.weight,36,cosine_similarity,0.15373921394348145,768,768
ViT-B-16,actmat,model.visual.transformer.resblocks.1.attn.k.weight,37,rm_loss,1946.1484375,768,768
ViT-B-16,actmat,model.visual.transformer.resblocks.1.attn.k.weight,37,cosine_similarity,0.16738241910934448,768,768
ViT-B-16,actmat-identity-inv,model.visual.transformer.resblocks.1.attn.k.weight,37,rm_loss,443.8063659667969,768,768
ViT-B-16,regmean,model.visual.transformer.resblocks.1.attn.k.weight,37,rm_loss,78.67681884765625,768,768
ViT-B-16,identity,model.visual.transformer.resblocks.1.attn.k.weight,37,rm_loss,311.0074157714844,768,768
ViT-B-16,identity,model.visual.transformer.resblocks.1.attn.k.weight,37,cosine_similarity,0.15373921394348145,768,768
ViT-B-16,actmat,model.visual.transformer.resblocks.1.attn.v.weight,38,rm_loss,994.3680419921875,768,768
ViT-B-16,actmat,model.visual.transformer.resblocks.1.attn.v.weight,38,cosine_similarity,0.21204498410224915,768,768
ViT-B-16,actmat-identity-inv,model.visual.transformer.resblocks.1.attn.v.weight,38,rm_loss,265.80303955078125,768,768
ViT-B-16,regmean,model.visual.transformer.resblocks.1.attn.v.weight,38,rm_loss,48.492279052734375,768,768
ViT-B-16,identity,model.visual.transformer.resblocks.1.attn.v.weight,38,rm_loss,196.45907592773438,768,768
ViT-B-16,identity,model.visual.transformer.resblocks.1.attn.v.weight,38,cosine_similarity,0.15373921394348145,768,768
ViT-B-16,actmat,model.visual.transformer.resblocks.1.attn.o.weight,39,rm_loss,8.784980773925781,768,768
ViT-B-16,actmat,model.visual.transformer.resblocks.1.attn.o.weight,39,cosine_similarity,0.24065080285072327,768,768
ViT-B-16,actmat-identity-inv,model.visual.transformer.resblocks.1.attn.o.weight,39,rm_loss,12.892645835876465,768,768
ViT-B-16,regmean,model.visual.transformer.resblocks.1.attn.o.weight,39,rm_loss,0.6162834167480469,768,768
ViT-B-16,identity,model.visual.transformer.resblocks.1.attn.o.weight,39,rm_loss,9.44640064239502,768,768
ViT-B-16,identity,model.visual.transformer.resblocks.1.attn.o.weight,39,cosine_similarity,0.0849388837814331,768,768
ViT-B-16,actmat,model.visual.transformer.resblocks.6.attn.q.weight,40,rm_loss,1784.881103515625,768,768
ViT-B-16,actmat,model.visual.transformer.resblocks.6.attn.q.weight,40,cosine_similarity,0.37162911891937256,768,768
ViT-B-16,actmat-identity-inv,model.visual.transformer.resblocks.6.attn.q.weight,40,rm_loss,1221.0755615234375,768,768
ViT-B-16,regmean,model.visual.transformer.resblocks.6.attn.q.weight,40,rm_loss,365.1905517578125,768,768
ViT-B-16,identity,model.visual.transformer.resblocks.6.attn.q.weight,40,rm_loss,934.458251953125,768,768
ViT-B-16,identity,model.visual.transformer.resblocks.6.attn.q.weight,40,cosine_similarity,0.23156440258026123,768,768
ViT-B-16,actmat,model.visual.transformer.resblocks.6.attn.k.weight,41,rm_loss,1572.2041015625,768,768
ViT-B-16,actmat,model.visual.transformer.resblocks.6.attn.k.weight,41,cosine_similarity,0.3478832542896271,768,768
ViT-B-16,actmat-identity-inv,model.visual.transformer.resblocks.6.attn.k.weight,41,rm_loss,975.2871704101562,768,768
ViT-B-16,regmean,model.visual.transformer.resblocks.6.attn.k.weight,41,rm_loss,365.5234375,768,768
ViT-B-16,identity,model.visual.transformer.resblocks.6.attn.k.weight,41,rm_loss,762.2830810546875,768,768
ViT-B-16,identity,model.visual.transformer.resblocks.6.attn.k.weight,41,cosine_similarity,0.23156440258026123,768,768
ViT-B-16,actmat,model.visual.transformer.resblocks.6.attn.v.weight,42,rm_loss,659.3846435546875,768,768
ViT-B-16,actmat,model.visual.transformer.resblocks.6.attn.v.weight,42,cosine_similarity,0.29899531602859497,768,768
ViT-B-16,actmat-identity-inv,model.visual.transformer.resblocks.6.attn.v.weight,42,rm_loss,410.36187744140625,768,768
ViT-B-16,regmean,model.visual.transformer.resblocks.6.attn.v.weight,42,rm_loss,151.921630859375,768,768
ViT-B-16,identity,model.visual.transformer.resblocks.6.attn.v.weight,42,rm_loss,322.4427490234375,768,768
ViT-B-16,identity,model.visual.transformer.resblocks.6.attn.v.weight,42,cosine_similarity,0.23156440258026123,768,768
ViT-B-16,actmat,model.visual.transformer.resblocks.6.attn.o.weight,43,rm_loss,21.446304321289062,768,768
ViT-B-16,actmat,model.visual.transformer.resblocks.6.attn.o.weight,43,cosine_similarity,0.33908677101135254,768,768
ViT-B-16,actmat-identity-inv,model.visual.transformer.resblocks.6.attn.o.weight,43,rm_loss,27.32195281982422,768,768
ViT-B-16,regmean,model.visual.transformer.resblocks.6.attn.o.weight,43,rm_loss,5.550655364990234,768,768
ViT-B-16,identity,model.visual.transformer.resblocks.6.attn.o.weight,43,rm_loss,20.773319244384766,768,768
ViT-B-16,identity,model.visual.transformer.resblocks.6.attn.o.weight,43,cosine_similarity,0.15844261646270752,768,768
ViT-B-16,actmat,model.visual.transformer.resblocks.7.attn.q.weight,44,rm_loss,1665.20947265625,768,768
ViT-B-16,actmat,model.visual.transformer.resblocks.7.attn.q.weight,44,cosine_similarity,0.37348270416259766,768,768
ViT-B-16,actmat-identity-inv,model.visual.transformer.resblocks.7.attn.q.weight,44,rm_loss,1501.46533203125,768,768
ViT-B-16,regmean,model.visual.transformer.resblocks.7.attn.q.weight,44,rm_loss,354.05908203125,768,768
ViT-B-16,identity,model.visual.transformer.resblocks.7.attn.q.weight,44,rm_loss,1138.034912109375,768,768
ViT-B-16,identity,model.visual.transformer.resblocks.7.attn.q.weight,44,cosine_similarity,0.1954471319913864,768,768
ViT-B-16,actmat,model.visual.transformer.resblocks.7.attn.k.weight,45,rm_loss,2679.115478515625,768,768
ViT-B-16,actmat,model.visual.transformer.resblocks.7.attn.k.weight,45,cosine_similarity,0.36612075567245483,768,768
ViT-B-16,actmat-identity-inv,model.visual.transformer.resblocks.7.attn.k.weight,45,rm_loss,1379.244873046875,768,768
ViT-B-16,regmean,model.visual.transformer.resblocks.7.attn.k.weight,45,rm_loss,360.052978515625,768,768
ViT-B-16,identity,model.visual.transformer.resblocks.7.attn.k.weight,45,rm_loss,1065.7513427734375,768,768
ViT-B-16,identity,model.visual.transformer.resblocks.7.attn.k.weight,45,cosine_similarity,0.1954471319913864,768,768
ViT-B-16,actmat,model.visual.transformer.resblocks.7.attn.v.weight,46,rm_loss,831.605712890625,768,768
ViT-B-16,actmat,model.visual.transformer.resblocks.7.attn.v.weight,46,cosine_similarity,0.29815682768821716,768,768
ViT-B-16,actmat-identity-inv,model.visual.transformer.resblocks.7.attn.v.weight,46,rm_loss,587.8895874023438,768,768
ViT-B-16,regmean,model.visual.transformer.resblocks.7.attn.v.weight,46,rm_loss,170.46356201171875,768,768
ViT-B-16,identity,model.visual.transformer.resblocks.7.attn.v.weight,46,rm_loss,455.96673583984375,768,768
ViT-B-16,identity,model.visual.transformer.resblocks.7.attn.v.weight,46,cosine_similarity,0.1954471319913864,768,768
ViT-B-16,actmat,model.visual.transformer.resblocks.7.attn.o.weight,47,rm_loss,15.033065795898438,768,768
ViT-B-16,actmat,model.visual.transformer.resblocks.7.attn.o.weight,47,cosine_similarity,0.36167341470718384,768,768
ViT-B-16,actmat-identity-inv,model.visual.transformer.resblocks.7.attn.o.weight,47,rm_loss,25.61484146118164,768,768
ViT-B-16,regmean,model.visual.transformer.resblocks.7.attn.o.weight,47,rm_loss,3.4159164428710938,768,768
ViT-B-16,identity,model.visual.transformer.resblocks.7.attn.o.weight,47,rm_loss,19.253944396972656,768,768
ViT-B-16,identity,model.visual.transformer.resblocks.7.attn.o.weight,47,cosine_similarity,0.135966956615448,768,768
ViT-B-16,actmat,model.visual.transformer.resblocks.11.attn.q.weight,48,rm_loss,10764.4814453125,768,768
ViT-B-16,actmat,model.visual.transformer.resblocks.11.attn.q.weight,48,cosine_similarity,0.016006041318178177,768,768
ViT-B-16,actmat-identity-inv,model.visual.transformer.resblocks.11.attn.q.weight,48,rm_loss,680.7565307617188,768,768
ViT-B-16,regmean,model.visual.transformer.resblocks.11.attn.q.weight,48,rm_loss,272.89471435546875,768,768
ViT-B-16,identity,model.visual.transformer.resblocks.11.attn.q.weight,48,rm_loss,540.1950073242188,768,768
ViT-B-16,identity,model.visual.transformer.resblocks.11.attn.q.weight,48,cosine_similarity,0.09578884392976761,768,768
ViT-B-16,actmat,model.visual.transformer.resblocks.11.attn.k.weight,49,rm_loss,7668.74462890625,768,768
ViT-B-16,actmat,model.visual.transformer.resblocks.11.attn.k.weight,49,cosine_similarity,0.08490116894245148,768,768
ViT-B-16,actmat-identity-inv,model.visual.transformer.resblocks.11.attn.k.weight,49,rm_loss,2135.869140625,768,768
ViT-B-16,regmean,model.visual.transformer.resblocks.11.attn.k.weight,49,rm_loss,608.81396484375,768,768
ViT-B-16,identity,model.visual.transformer.resblocks.11.attn.k.weight,49,rm_loss,1642.5712890625,768,768
ViT-B-16,identity,model.visual.transformer.resblocks.11.attn.k.weight,49,cosine_similarity,0.09578884392976761,768,768
ViT-B-16,actmat,model.visual.transformer.resblocks.11.attn.v.weight,50,rm_loss,5390.982421875,768,768
ViT-B-16,actmat,model.visual.transformer.resblocks.11.attn.v.weight,50,cosine_similarity,0.07973307371139526,768,768
ViT-B-16,actmat-identity-inv,model.visual.transformer.resblocks.11.attn.v.weight,50,rm_loss,2484.267822265625,768,768
ViT-B-16,regmean,model.visual.transformer.resblocks.11.attn.v.weight,50,rm_loss,558.163330078125,768,768
ViT-B-16,identity,model.visual.transformer.resblocks.11.attn.v.weight,50,rm_loss,1782.1673583984375,768,768
ViT-B-16,identity,model.visual.transformer.resblocks.11.attn.v.weight,50,cosine_similarity,0.09578884392976761,768,768
ViT-B-16,actmat,model.visual.transformer.resblocks.11.attn.o.weight,51,rm_loss,336.54888916015625,768,768
ViT-B-16,actmat,model.visual.transformer.resblocks.11.attn.o.weight,51,cosine_similarity,0.23101948201656342,768,768
ViT-B-16,actmat-identity-inv,model.visual.transformer.resblocks.11.attn.o.weight,51,rm_loss,452.7480163574219,768,768
ViT-B-16,regmean,model.visual.transformer.resblocks.11.attn.o.weight,51,rm_loss,29.45928955078125,768,768
ViT-B-16,identity,model.visual.transformer.resblocks.11.attn.o.weight,51,rm_loss,308.3682861328125,768,768
ViT-B-16,identity,model.visual.transformer.resblocks.11.attn.o.weight,51,cosine_similarity,0.12290575355291367,768,768
ViT-B-16,actmat,model.visual.transformer.resblocks.5.attn.q.weight,52,rm_loss,2053.06982421875,768,768
ViT-B-16,actmat,model.visual.transformer.resblocks.5.attn.q.weight,52,cosine_similarity,0.2962031364440918,768,768
ViT-B-16,actmat-identity-inv,model.visual.transformer.resblocks.5.attn.q.weight,52,rm_loss,968.98583984375,768,768
ViT-B-16,regmean,model.visual.transformer.resblocks.5.attn.q.weight,52,rm_loss,344.6597900390625,768,768
ViT-B-16,identity,model.visual.transformer.resblocks.5.attn.q.weight,52,rm_loss,753.0182495117188,768,768
ViT-B-16,identity,model.visual.transformer.resblocks.5.attn.q.weight,52,cosine_similarity,0.21146008372306824,768,768
ViT-B-16,actmat,model.visual.transformer.resblocks.5.attn.k.weight,53,rm_loss,1870.78271484375,768,768
ViT-B-16,actmat,model.visual.transformer.resblocks.5.attn.k.weight,53,cosine_similarity,0.29071521759033203,768,768
ViT-B-16,actmat-identity-inv,model.visual.transformer.resblocks.5.attn.k.weight,53,rm_loss,842.9341430664062,768,768
ViT-B-16,regmean,model.visual.transformer.resblocks.5.attn.k.weight,53,rm_loss,350.9471435546875,768,768
ViT-B-16,identity,model.visual.transformer.resblocks.5.attn.k.weight,53,rm_loss,672.6853637695312,768,768
ViT-B-16,identity,model.visual.transformer.resblocks.5.attn.k.weight,53,cosine_similarity,0.21146008372306824,768,768
ViT-B-16,actmat,model.visual.transformer.resblocks.5.attn.v.weight,54,rm_loss,769.7426147460938,768,768
ViT-B-16,actmat,model.visual.transformer.resblocks.5.attn.v.weight,54,cosine_similarity,0.2725967764854431,768,768
ViT-B-16,actmat-identity-inv,model.visual.transformer.resblocks.5.attn.v.weight,54,rm_loss,414.3325500488281,768,768
ViT-B-16,regmean,model.visual.transformer.resblocks.5.attn.v.weight,54,rm_loss,161.14111328125,768,768
ViT-B-16,identity,model.visual.transformer.resblocks.5.attn.v.weight,54,rm_loss,326.062744140625,768,768
ViT-B-16,identity,model.visual.transformer.resblocks.5.attn.v.weight,54,cosine_similarity,0.21146008372306824,768,768
ViT-B-16,actmat,model.visual.transformer.resblocks.5.attn.o.weight,55,rm_loss,19.993703842163086,768,768
ViT-B-16,actmat,model.visual.transformer.resblocks.5.attn.o.weight,55,cosine_similarity,0.35037073493003845,768,768
ViT-B-16,actmat-identity-inv,model.visual.transformer.resblocks.5.attn.o.weight,55,rm_loss,21.65232276916504,768,768
ViT-B-16,regmean,model.visual.transformer.resblocks.5.attn.o.weight,55,rm_loss,5.7908477783203125,768,768
ViT-B-16,identity,model.visual.transformer.resblocks.5.attn.o.weight,55,rm_loss,16.955745697021484,768,768
ViT-B-16,identity,model.visual.transformer.resblocks.5.attn.o.weight,55,cosine_similarity,0.17235462367534637,768,768
ViT-B-16,actmat,model.visual.transformer.resblocks.3.attn.q.weight,56,rm_loss,1958.135498046875,768,768
ViT-B-16,actmat,model.visual.transformer.resblocks.3.attn.q.weight,56,cosine_similarity,0.32772740721702576,768,768
ViT-B-16,actmat-identity-inv,model.visual.transformer.resblocks.3.attn.q.weight,56,rm_loss,862.41943359375,768,768
ViT-B-16,regmean,model.visual.transformer.resblocks.3.attn.q.weight,56,rm_loss,268.055908203125,768,768
ViT-B-16,identity,model.visual.transformer.resblocks.3.attn.q.weight,56,rm_loss,667.4384155273438,768,768
ViT-B-16,identity,model.visual.transformer.resblocks.3.attn.q.weight,56,cosine_similarity,0.20843049883842468,768,768
ViT-B-16,actmat,model.visual.transformer.resblocks.3.attn.k.weight,57,rm_loss,2071.35009765625,768,768
ViT-B-16,actmat,model.visual.transformer.resblocks.3.attn.k.weight,57,cosine_similarity,0.31697580218315125,768,768
ViT-B-16,actmat-identity-inv,model.visual.transformer.resblocks.3.attn.k.weight,57,rm_loss,811.089111328125,768,768
ViT-B-16,regmean,model.visual.transformer.resblocks.3.attn.k.weight,57,rm_loss,278.3919677734375,768,768
ViT-B-16,identity,model.visual.transformer.resblocks.3.attn.k.weight,57,rm_loss,633.2889404296875,768,768
ViT-B-16,identity,model.visual.transformer.resblocks.3.attn.k.weight,57,cosine_similarity,0.20843049883842468,768,768
ViT-B-16,actmat,model.visual.transformer.resblocks.3.attn.v.weight,58,rm_loss,611.1795654296875,768,768
ViT-B-16,actmat,model.visual.transformer.resblocks.3.attn.v.weight,58,cosine_similarity,0.31814974546432495,768,768
ViT-B-16,actmat-identity-inv,model.visual.transformer.resblocks.3.attn.v.weight,58,rm_loss,411.5864562988281,768,768
ViT-B-16,regmean,model.visual.transformer.resblocks.3.attn.v.weight,58,rm_loss,141.29522705078125,768,768
ViT-B-16,identity,model.visual.transformer.resblocks.3.attn.v.weight,58,rm_loss,322.50042724609375,768,768
ViT-B-16,identity,model.visual.transformer.resblocks.3.attn.v.weight,58,cosine_similarity,0.20843049883842468,768,768
ViT-B-16,actmat,model.visual.transformer.resblocks.3.attn.o.weight,59,rm_loss,18.573396682739258,768,768
ViT-B-16,actmat,model.visual.transformer.resblocks.3.attn.o.weight,59,cosine_similarity,0.34322673082351685,768,768
ViT-B-16,actmat-identity-inv,model.visual.transformer.resblocks.3.attn.o.weight,59,rm_loss,18.764307022094727,768,768
ViT-B-16,regmean,model.visual.transformer.resblocks.3.attn.o.weight,59,rm_loss,4.405048370361328,768,768
ViT-B-16,identity,model.visual.transformer.resblocks.3.attn.o.weight,59,rm_loss,14.619813919067383,768,768
ViT-B-16,identity,model.visual.transformer.resblocks.3.attn.o.weight,59,cosine_similarity,0.17278802394866943,768,768
ViT-B-16,actmat,model.visual.transformer.resblocks.4.attn.q.weight,60,rm_loss,2227.2607421875,768,768
ViT-B-16,actmat,model.visual.transformer.resblocks.4.attn.q.weight,60,cosine_similarity,0.34064602851867676,768,768
ViT-B-16,actmat-identity-inv,model.visual.transformer.resblocks.4.attn.q.weight,60,rm_loss,1059.7926025390625,768,768
ViT-B-16,regmean,model.visual.transformer.resblocks.4.attn.q.weight,60,rm_loss,330.939208984375,768,768
ViT-B-16,identity,model.visual.transformer.resblocks.4.attn.q.weight,60,rm_loss,833.183349609375,768,768
ViT-B-16,identity,model.visual.transformer.resblocks.4.attn.q.weight,60,cosine_similarity,0.21955431997776031,768,768
ViT-B-16,actmat,model.visual.transformer.resblocks.4.attn.k.weight,61,rm_loss,2268.2080078125,768,768
ViT-B-16,actmat,model.visual.transformer.resblocks.4.attn.k.weight,61,cosine_similarity,0.3124033212661743,768,768
ViT-B-16,actmat-identity-inv,model.visual.transformer.resblocks.4.attn.k.weight,61,rm_loss,830.0335693359375,768,768
ViT-B-16,regmean,model.visual.transformer.resblocks.4.attn.k.weight,61,rm_loss,345.1285400390625,768,768
ViT-B-16,identity,model.visual.transformer.resblocks.4.attn.k.weight,61,rm_loss,668.3759765625,768,768
ViT-B-16,identity,model.visual.transformer.resblocks.4.attn.k.weight,61,cosine_similarity,0.21955431997776031,768,768
ViT-B-16,actmat,model.visual.transformer.resblocks.4.attn.v.weight,62,rm_loss,872.13427734375,768,768
ViT-B-16,actmat,model.visual.transformer.resblocks.4.attn.v.weight,62,cosine_similarity,0.2967167794704437,768,768
ViT-B-16,actmat-identity-inv,model.visual.transformer.resblocks.4.attn.v.weight,62,rm_loss,427.5738830566406,768,768
ViT-B-16,regmean,model.visual.transformer.resblocks.4.attn.v.weight,62,rm_loss,160.176025390625,768,768
ViT-B-16,identity,model.visual.transformer.resblocks.4.attn.v.weight,62,rm_loss,335.06597900390625,768,768
ViT-B-16,identity,model.visual.transformer.resblocks.4.attn.v.weight,62,cosine_similarity,0.21955431997776031,768,768
ViT-B-16,actmat,model.visual.transformer.resblocks.4.attn.o.weight,63,rm_loss,23.351276397705078,768,768
ViT-B-16,actmat,model.visual.transformer.resblocks.4.attn.o.weight,63,cosine_similarity,0.3625098168849945,768,768
ViT-B-16,actmat-identity-inv,model.visual.transformer.resblocks.4.attn.o.weight,63,rm_loss,23.690340042114258,768,768
ViT-B-16,regmean,model.visual.transformer.resblocks.4.attn.o.weight,63,rm_loss,5.644462585449219,768,768
ViT-B-16,identity,model.visual.transformer.resblocks.4.attn.o.weight,63,rm_loss,18.167572021484375,768,768
ViT-B-16,identity,model.visual.transformer.resblocks.4.attn.o.weight,63,cosine_similarity,0.16149476170539856,768,768
ViT-B-16,actmat,model.visual.transformer.resblocks.10.attn.q.weight,64,rm_loss,4596.0732421875,768,768
ViT-B-16,actmat,model.visual.transformer.resblocks.10.attn.q.weight,64,cosine_similarity,0.21927975118160248,768,768
ViT-B-16,actmat-identity-inv,model.visual.transformer.resblocks.10.attn.q.weight,64,rm_loss,2238.448974609375,768,768
ViT-B-16,regmean,model.visual.transformer.resblocks.10.attn.q.weight,64,rm_loss,506.7509765625,768,768
ViT-B-16,identity,model.visual.transformer.resblocks.10.attn.q.weight,64,rm_loss,1725.479248046875,768,768
ViT-B-16,identity,model.visual.transformer.resblocks.10.attn.q.weight,64,cosine_similarity,0.1387305110692978,768,768
ViT-B-16,actmat,model.visual.transformer.resblocks.10.attn.k.weight,65,rm_loss,8265.806640625,768,768
ViT-B-16,actmat,model.visual.transformer.resblocks.10.attn.k.weight,65,cosine_similarity,0.24514442682266235,768,768
ViT-B-16,actmat-identity-inv,model.visual.transformer.resblocks.10.attn.k.weight,65,rm_loss,2392.6962890625,768,768
ViT-B-16,regmean,model.visual.transformer.resblocks.10.attn.k.weight,65,rm_loss,552.875,768,768
ViT-B-16,identity,model.visual.transformer.resblocks.10.attn.k.weight,65,rm_loss,1855.4912109375,768,768
ViT-B-16,identity,model.visual.transformer.resblocks.10.attn.k.weight,65,cosine_similarity,0.1387305110692978,768,768
ViT-B-16,actmat,model.visual.transformer.resblocks.10.attn.v.weight,66,rm_loss,3062.210693359375,768,768
ViT-B-16,actmat,model.visual.transformer.resblocks.10.attn.v.weight,66,cosine_similarity,0.20825335383415222,768,768
ViT-B-16,actmat-identity-inv,model.visual.transformer.resblocks.10.attn.v.weight,66,rm_loss,1649.5006103515625,768,768
ViT-B-16,regmean,model.visual.transformer.resblocks.10.attn.v.weight,66,rm_loss,407.733154296875,768,768
ViT-B-16,identity,model.visual.transformer.resblocks.10.attn.v.weight,66,rm_loss,1253.5606689453125,768,768
ViT-B-16,identity,model.visual.transformer.resblocks.10.attn.v.weight,66,cosine_similarity,0.1387305110692978,768,768
ViT-B-16,actmat,model.visual.transformer.resblocks.10.attn.o.weight,67,rm_loss,41.96144104003906,768,768
ViT-B-16,actmat,model.visual.transformer.resblocks.10.attn.o.weight,67,cosine_similarity,0.3817731738090515,768,768
ViT-B-16,actmat-identity-inv,model.visual.transformer.resblocks.10.attn.o.weight,67,rm_loss,67.4549789428711,768,768
ViT-B-16,regmean,model.visual.transformer.resblocks.10.attn.o.weight,67,rm_loss,8.514060974121094,768,768
ViT-B-16,identity,model.visual.transformer.resblocks.10.attn.o.weight,67,rm_loss,49.38700866699219,768,768
ViT-B-16,identity,model.visual.transformer.resblocks.10.attn.o.weight,67,cosine_similarity,0.17234385013580322,768,768
ViT-B-16,actmat,model.visual.transformer.resblocks.0.attn.q.weight,68,rm_loss,2995.941650390625,768,768
ViT-B-16,actmat,model.visual.transformer.resblocks.0.attn.q.weight,68,cosine_similarity,0.15253224968910217,768,768
ViT-B-16,actmat-identity-inv,model.visual.transformer.resblocks.0.attn.q.weight,68,rm_loss,401.9593200683594,768,768
ViT-B-16,regmean,model.visual.transformer.resblocks.0.attn.q.weight,68,rm_loss,64.86328125,768,768
ViT-B-16,identity,model.visual.transformer.resblocks.0.attn.q.weight,68,rm_loss,254.2449188232422,768,768
ViT-B-16,identity,model.visual.transformer.resblocks.0.attn.q.weight,68,cosine_similarity,0.13683515787124634,768,768
ViT-B-16,actmat,model.visual.transformer.resblocks.0.attn.k.weight,69,rm_loss,4067.9833984375,768,768
ViT-B-16,actmat,model.visual.transformer.resblocks.0.attn.k.weight,69,cosine_similarity,0.13521486520767212,768,768
ViT-B-16,actmat-identity-inv,model.visual.transformer.resblocks.0.attn.k.weight,69,rm_loss,510.9395751953125,768,768
ViT-B-16,regmean,model.visual.transformer.resblocks.0.attn.k.weight,69,rm_loss,66.7218017578125,768,768
ViT-B-16,identity,model.visual.transformer.resblocks.0.attn.k.weight,69,rm_loss,341.887451171875,768,768
ViT-B-16,identity,model.visual.transformer.resblocks.0.attn.k.weight,69,cosine_similarity,0.13683515787124634,768,768
ViT-B-16,actmat,model.visual.transformer.resblocks.0.attn.v.weight,70,rm_loss,2500.155029296875,768,768
ViT-B-16,actmat,model.visual.transformer.resblocks.0.attn.v.weight,70,cosine_similarity,0.1423991173505783,768,768
ViT-B-16,actmat-identity-inv,model.visual.transformer.resblocks.0.attn.v.weight,70,rm_loss,245.6339569091797,768,768
ViT-B-16,regmean,model.visual.transformer.resblocks.0.attn.v.weight,70,rm_loss,42.340118408203125,768,768
ViT-B-16,identity,model.visual.transformer.resblocks.0.attn.v.weight,70,rm_loss,183.01400756835938,768,768
ViT-B-16,identity,model.visual.transformer.resblocks.0.attn.v.weight,70,cosine_similarity,0.13683515787124634,768,768
ViT-B-16,actmat,model.visual.transformer.resblocks.0.attn.o.weight,71,rm_loss,18.315956115722656,768,768
ViT-B-16,actmat,model.visual.transformer.resblocks.0.attn.o.weight,71,cosine_similarity,0.1970551460981369,768,768
ViT-B-16,actmat-identity-inv,model.visual.transformer.resblocks.0.attn.o.weight,71,rm_loss,15.361666679382324,768,768
ViT-B-16,regmean,model.visual.transformer.resblocks.0.attn.o.weight,71,rm_loss,0.9702110290527344,768,768
ViT-B-16,identity,model.visual.transformer.resblocks.0.attn.o.weight,71,rm_loss,10.898845672607422,768,768
ViT-B-16,identity,model.visual.transformer.resblocks.0.attn.o.weight,71,cosine_similarity,0.08830281347036362,768,768
ViT-B-32,actmat,model.visual.transformer.resblocks.0.mlp.c_fc.weight,0,rm_loss,6446.16357421875,768,3072
ViT-B-32,actmat,model.visual.transformer.resblocks.0.mlp.c_fc.weight,0,cosine_similarity,0.187107115983963,768,3072
ViT-B-32,actmat-identity-inv,model.visual.transformer.resblocks.0.mlp.c_fc.weight,0,rm_loss,2205.037109375,768,3072
ViT-B-32,regmean,model.visual.transformer.resblocks.0.mlp.c_fc.weight,0,rm_loss,389.527099609375,768,3072
ViT-B-32,identity,model.visual.transformer.resblocks.0.mlp.c_fc.weight,0,rm_loss,1538.663818359375,768,3072
ViT-B-32,identity,model.visual.transformer.resblocks.0.mlp.c_fc.weight,0,cosine_similarity,0.0809430480003357,768,3072
ViT-B-32,actmat,model.visual.transformer.resblocks.0.mlp.c_proj.weight,1,rm_loss,150.34735107421875,3072,768
ViT-B-32,actmat,model.visual.transformer.resblocks.0.mlp.c_proj.weight,1,cosine_similarity,0.31207555532455444,3072,768
ViT-B-32,actmat-identity-inv,model.visual.transformer.resblocks.0.mlp.c_proj.weight,1,rm_loss,86.73275756835938,3072,768
ViT-B-32,regmean,model.visual.transformer.resblocks.0.mlp.c_proj.weight,1,rm_loss,12.228988647460938,3072,768
ViT-B-32,identity,model.visual.transformer.resblocks.0.mlp.c_proj.weight,1,rm_loss,50.48279571533203,3072,768
ViT-B-32,identity,model.visual.transformer.resblocks.0.mlp.c_proj.weight,1,cosine_similarity,0.041368041187524796,3072,768
ViT-B-32,actmat,model.visual.transformer.resblocks.1.mlp.c_fc.weight,2,rm_loss,1113.4293212890625,768,3072
ViT-B-32,actmat,model.visual.transformer.resblocks.1.mlp.c_fc.weight,2,cosine_similarity,0.41289663314819336,768,3072
ViT-B-32,actmat-identity-inv,model.visual.transformer.resblocks.1.mlp.c_fc.weight,2,rm_loss,961.8870849609375,768,3072
ViT-B-32,regmean,model.visual.transformer.resblocks.1.mlp.c_fc.weight,2,rm_loss,174.59912109375,768,3072
ViT-B-32,identity,model.visual.transformer.resblocks.1.mlp.c_fc.weight,2,rm_loss,724.5576782226562,768,3072
ViT-B-32,identity,model.visual.transformer.resblocks.1.mlp.c_fc.weight,2,cosine_similarity,0.22133372724056244,768,3072
ViT-B-32,actmat,model.visual.transformer.resblocks.1.mlp.c_proj.weight,3,rm_loss,36.54815673828125,3072,768
ViT-B-32,actmat,model.visual.transformer.resblocks.1.mlp.c_proj.weight,3,cosine_similarity,0.5229434967041016,3072,768
ViT-B-32,actmat-identity-inv,model.visual.transformer.resblocks.1.mlp.c_proj.weight,3,rm_loss,79.61224365234375,3072,768
ViT-B-32,regmean,model.visual.transformer.resblocks.1.mlp.c_proj.weight,3,rm_loss,8.706512451171875,3072,768
ViT-B-32,identity,model.visual.transformer.resblocks.1.mlp.c_proj.weight,3,rm_loss,53.15425109863281,3072,768
ViT-B-32,identity,model.visual.transformer.resblocks.1.mlp.c_proj.weight,3,cosine_similarity,0.08094578981399536,3072,768
ViT-B-32,actmat,model.visual.transformer.resblocks.2.mlp.c_fc.weight,4,rm_loss,864.565185546875,768,3072
ViT-B-32,actmat,model.visual.transformer.resblocks.2.mlp.c_fc.weight,4,cosine_similarity,0.30182093381881714,768,3072
ViT-B-32,actmat-identity-inv,model.visual.transformer.resblocks.2.mlp.c_fc.weight,4,rm_loss,648.5642700195312,768,3072
ViT-B-32,regmean,model.visual.transformer.resblocks.2.mlp.c_fc.weight,4,rm_loss,155.0567626953125,768,3072
ViT-B-32,identity,model.visual.transformer.resblocks.2.mlp.c_fc.weight,4,rm_loss,477.2493896484375,768,3072
ViT-B-32,identity,model.visual.transformer.resblocks.2.mlp.c_fc.weight,4,cosine_similarity,0.16533204913139343,768,3072
ViT-B-32,actmat,model.visual.transformer.resblocks.2.mlp.c_proj.weight,5,rm_loss,30.213050842285156,3072,768
ViT-B-32,actmat,model.visual.transformer.resblocks.2.mlp.c_proj.weight,5,cosine_similarity,0.5995209813117981,3072,768
ViT-B-32,actmat-identity-inv,model.visual.transformer.resblocks.2.mlp.c_proj.weight,5,rm_loss,77.44613647460938,3072,768
ViT-B-32,regmean,model.visual.transformer.resblocks.2.mlp.c_proj.weight,5,rm_loss,8.484130859375,3072,768
ViT-B-32,identity,model.visual.transformer.resblocks.2.mlp.c_proj.weight,5,rm_loss,48.30370330810547,3072,768
ViT-B-32,identity,model.visual.transformer.resblocks.2.mlp.c_proj.weight,5,cosine_similarity,0.0848449170589447,3072,768
ViT-B-32,actmat,model.visual.transformer.resblocks.3.mlp.c_fc.weight,6,rm_loss,1239.938232421875,768,3072
ViT-B-32,actmat,model.visual.transformer.resblocks.3.mlp.c_fc.weight,6,cosine_similarity,0.2730005979537964,768,3072
ViT-B-32,actmat-identity-inv,model.visual.transformer.resblocks.3.mlp.c_fc.weight,6,rm_loss,960.5023193359375,768,3072
ViT-B-32,regmean,model.visual.transformer.resblocks.3.mlp.c_fc.weight,6,rm_loss,204.963134765625,768,3072
ViT-B-32,identity,model.visual.transformer.resblocks.3.mlp.c_fc.weight,6,rm_loss,711.489501953125,768,3072
ViT-B-32,identity,model.visual.transformer.resblocks.3.mlp.c_fc.weight,6,cosine_similarity,0.1306728720664978,768,3072
ViT-B-32,actmat,model.visual.transformer.resblocks.3.mlp.c_proj.weight,7,rm_loss,32.389556884765625,3072,768
ViT-B-32,actmat,model.visual.transformer.resblocks.3.mlp.c_proj.weight,7,cosine_similarity,0.5010611414909363,3072,768
ViT-B-32,actmat-identity-inv,model.visual.transformer.resblocks.3.mlp.c_proj.weight,7,rm_loss,62.579978942871094,3072,768
ViT-B-32,regmean,model.visual.transformer.resblocks.3.mlp.c_proj.weight,7,rm_loss,7.9553680419921875,3072,768
ViT-B-32,identity,model.visual.transformer.resblocks.3.mlp.c_proj.weight,7,rm_loss,42.08599853515625,3072,768
ViT-B-32,identity,model.visual.transformer.resblocks.3.mlp.c_proj.weight,7,cosine_similarity,0.07532544434070587,3072,768
ViT-B-32,actmat,model.visual.transformer.resblocks.4.mlp.c_fc.weight,8,rm_loss,1561.52880859375,768,3072
ViT-B-32,actmat,model.visual.transformer.resblocks.4.mlp.c_fc.weight,8,cosine_similarity,0.22123415768146515,768,3072
ViT-B-32,actmat-identity-inv,model.visual.transformer.resblocks.4.mlp.c_fc.weight,8,rm_loss,943.0219116210938,768,3072
ViT-B-32,regmean,model.visual.transformer.resblocks.4.mlp.c_fc.weight,8,rm_loss,275.772705078125,768,3072
ViT-B-32,identity,model.visual.transformer.resblocks.4.mlp.c_fc.weight,8,rm_loss,730.9622192382812,768,3072
ViT-B-32,identity,model.visual.transformer.resblocks.4.mlp.c_fc.weight,8,cosine_similarity,0.12187761068344116,768,3072
ViT-B-32,actmat,model.visual.transformer.resblocks.4.mlp.c_proj.weight,9,rm_loss,35.415687561035156,3072,768
ViT-B-32,actmat,model.visual.transformer.resblocks.4.mlp.c_proj.weight,9,cosine_similarity,0.516563355922699,3072,768
ViT-B-32,actmat-identity-inv,model.visual.transformer.resblocks.4.mlp.c_proj.weight,9,rm_loss,66.28073120117188,3072,768
ViT-B-32,regmean,model.visual.transformer.resblocks.4.mlp.c_proj.weight,9,rm_loss,9.436859130859375,3072,768
ViT-B-32,identity,model.visual.transformer.resblocks.4.mlp.c_proj.weight,9,rm_loss,44.81745147705078,3072,768
ViT-B-32,identity,model.visual.transformer.resblocks.4.mlp.c_proj.weight,9,cosine_similarity,0.0895783007144928,3072,768
ViT-B-32,actmat,model.visual.transformer.resblocks.5.mlp.c_fc.weight,10,rm_loss,3122.853515625,768,3072
ViT-B-32,actmat,model.visual.transformer.resblocks.5.mlp.c_fc.weight,10,cosine_similarity,0.2233806550502777,768,3072
ViT-B-32,actmat-identity-inv,model.visual.transformer.resblocks.5.mlp.c_fc.weight,10,rm_loss,1347.4002685546875,768,3072
ViT-B-32,regmean,model.visual.transformer.resblocks.5.mlp.c_fc.weight,10,rm_loss,308.545166015625,768,3072
ViT-B-32,identity,model.visual.transformer.resblocks.5.mlp.c_fc.weight,10,rm_loss,1046.9681396484375,768,3072
ViT-B-32,identity,model.visual.transformer.resblocks.5.mlp.c_fc.weight,10,cosine_similarity,0.1079181581735611,768,3072
ViT-B-32,actmat,model.visual.transformer.resblocks.5.mlp.c_proj.weight,11,rm_loss,29.386093139648438,3072,768
ViT-B-32,actmat,model.visual.transformer.resblocks.5.mlp.c_proj.weight,11,cosine_similarity,0.504673182964325,3072,768
ViT-B-32,actmat-identity-inv,model.visual.transformer.resblocks.5.mlp.c_proj.weight,11,rm_loss,75.35577392578125,3072,768
ViT-B-32,regmean,model.visual.transformer.resblocks.5.mlp.c_proj.weight,11,rm_loss,6.920562744140625,3072,768
ViT-B-32,identity,model.visual.transformer.resblocks.5.mlp.c_proj.weight,11,rm_loss,52.203819274902344,3072,768
ViT-B-32,identity,model.visual.transformer.resblocks.5.mlp.c_proj.weight,11,cosine_similarity,0.06977870315313339,3072,768
ViT-B-32,actmat,model.visual.transformer.resblocks.6.mlp.c_fc.weight,12,rm_loss,3451.600830078125,768,3072
ViT-B-32,actmat,model.visual.transformer.resblocks.6.mlp.c_fc.weight,12,cosine_similarity,0.2542257308959961,768,3072
ViT-B-32,actmat-identity-inv,model.visual.transformer.resblocks.6.mlp.c_fc.weight,12,rm_loss,2065.359619140625,768,3072
ViT-B-32,regmean,model.visual.transformer.resblocks.6.mlp.c_fc.weight,12,rm_loss,378.84619140625,768,3072
ViT-B-32,identity,model.visual.transformer.resblocks.6.mlp.c_fc.weight,12,rm_loss,1603.043701171875,768,3072
ViT-B-32,identity,model.visual.transformer.resblocks.6.mlp.c_fc.weight,12,cosine_similarity,0.09966129064559937,768,3072
ViT-B-32,actmat,model.visual.transformer.resblocks.6.mlp.c_proj.weight,13,rm_loss,26.79212188720703,3072,768
ViT-B-32,actmat,model.visual.transformer.resblocks.6.mlp.c_proj.weight,13,cosine_similarity,0.5138392448425293,3072,768
ViT-B-32,actmat-identity-inv,model.visual.transformer.resblocks.6.mlp.c_proj.weight,13,rm_loss,69.23980712890625,3072,768
ViT-B-32,regmean,model.visual.transformer.resblocks.6.mlp.c_proj.weight,13,rm_loss,5.5305328369140625,3072,768
ViT-B-32,identity,model.visual.transformer.resblocks.6.mlp.c_proj.weight,13,rm_loss,53.21778869628906,3072,768
ViT-B-32,identity,model.visual.transformer.resblocks.6.mlp.c_proj.weight,13,cosine_similarity,0.06313564628362656,3072,768
ViT-B-32,actmat,model.visual.transformer.resblocks.7.mlp.c_fc.weight,14,rm_loss,3111.11572265625,768,3072
ViT-B-32,actmat,model.visual.transformer.resblocks.7.mlp.c_fc.weight,14,cosine_similarity,0.3029857277870178,768,3072
ViT-B-32,actmat-identity-inv,model.visual.transformer.resblocks.7.mlp.c_fc.weight,14,rm_loss,3206.513427734375,768,3072
ViT-B-32,regmean,model.visual.transformer.resblocks.7.mlp.c_fc.weight,14,rm_loss,468.0361328125,768,3072
ViT-B-32,identity,model.visual.transformer.resblocks.7.mlp.c_fc.weight,14,rm_loss,2495.65380859375,768,3072
ViT-B-32,identity,model.visual.transformer.resblocks.7.mlp.c_fc.weight,14,cosine_similarity,0.09949744492769241,768,3072
ViT-B-32,actmat,model.visual.transformer.resblocks.7.mlp.c_proj.weight,15,rm_loss,28.542068481445312,3072,768
ViT-B-32,actmat,model.visual.transformer.resblocks.7.mlp.c_proj.weight,15,cosine_similarity,0.47919294238090515,3072,768
ViT-B-32,actmat-identity-inv,model.visual.transformer.resblocks.7.mlp.c_proj.weight,15,rm_loss,74.0863265991211,3072,768
ViT-B-32,regmean,model.visual.transformer.resblocks.7.mlp.c_proj.weight,15,rm_loss,5.3990020751953125,3072,768
ViT-B-32,identity,model.visual.transformer.resblocks.7.mlp.c_proj.weight,15,rm_loss,56.9361572265625,3072,768
ViT-B-32,identity,model.visual.transformer.resblocks.7.mlp.c_proj.weight,15,cosine_similarity,0.06399860233068466,3072,768
ViT-B-32,actmat,model.visual.transformer.resblocks.8.mlp.c_fc.weight,16,rm_loss,5032.728515625,768,3072
ViT-B-32,actmat,model.visual.transformer.resblocks.8.mlp.c_fc.weight,16,cosine_similarity,0.41237324476242065,768,3072
ViT-B-32,actmat-identity-inv,model.visual.transformer.resblocks.8.mlp.c_fc.weight,16,rm_loss,9512.474609375,768,3072
ViT-B-32,regmean,model.visual.transformer.resblocks.8.mlp.c_fc.weight,16,rm_loss,1309.810546875,768,3072
ViT-B-32,identity,model.visual.transformer.resblocks.8.mlp.c_fc.weight,16,rm_loss,7515.53173828125,768,3072
ViT-B-32,identity,model.visual.transformer.resblocks.8.mlp.c_fc.weight,16,cosine_similarity,0.11823832243680954,768,3072
ViT-B-32,actmat,model.visual.transformer.resblocks.8.mlp.c_proj.weight,17,rm_loss,42.205474853515625,3072,768
ViT-B-32,actmat,model.visual.transformer.resblocks.8.mlp.c_proj.weight,17,cosine_similarity,0.2994937002658844,3072,768
ViT-B-32,actmat-identity-inv,model.visual.transformer.resblocks.8.mlp.c_proj.weight,17,rm_loss,53.591949462890625,3072,768
ViT-B-32,regmean,model.visual.transformer.resblocks.8.mlp.c_proj.weight,17,rm_loss,4.5220489501953125,3072,768
ViT-B-32,identity,model.visual.transformer.resblocks.8.mlp.c_proj.weight,17,rm_loss,37.97837829589844,3072,768
ViT-B-32,identity,model.visual.transformer.resblocks.8.mlp.c_proj.weight,17,cosine_similarity,0.098039910197258,3072,768
ViT-B-32,actmat,model.visual.transformer.resblocks.9.mlp.c_fc.weight,18,rm_loss,12511.34375,768,3072
ViT-B-32,actmat,model.visual.transformer.resblocks.9.mlp.c_fc.weight,18,cosine_similarity,0.5402436256408691,768,3072
ViT-B-32,actmat-identity-inv,model.visual.transformer.resblocks.9.mlp.c_fc.weight,18,rm_loss,33931.5703125,768,3072
ViT-B-32,regmean,model.visual.transformer.resblocks.9.mlp.c_fc.weight,18,rm_loss,4986.6875,768,3072
ViT-B-32,identity,model.visual.transformer.resblocks.9.mlp.c_fc.weight,18,rm_loss,27361.671875,768,3072
ViT-B-32,identity,model.visual.transformer.resblocks.9.mlp.c_fc.weight,18,cosine_similarity,0.15110796689987183,768,3072
ViT-B-32,actmat,model.visual.transformer.resblocks.9.mlp.c_proj.weight,19,rm_loss,76.95331573486328,3072,768
ViT-B-32,actmat,model.visual.transformer.resblocks.9.mlp.c_proj.weight,19,cosine_similarity,0.07882718741893768,3072,768
ViT-B-32,actmat-identity-inv,model.visual.transformer.resblocks.9.mlp.c_proj.weight,19,rm_loss,28.117691040039062,3072,768
ViT-B-32,regmean,model.visual.transformer.resblocks.9.mlp.c_proj.weight,19,rm_loss,5.203144073486328,3072,768
ViT-B-32,identity,model.visual.transformer.resblocks.9.mlp.c_proj.weight,19,rm_loss,21.617816925048828,3072,768
ViT-B-32,identity,model.visual.transformer.resblocks.9.mlp.c_proj.weight,19,cosine_similarity,0.12357069551944733,3072,768
ViT-B-32,actmat,model.visual.transformer.resblocks.10.mlp.c_fc.weight,20,rm_loss,14749.5703125,768,3072
ViT-B-32,actmat,model.visual.transformer.resblocks.10.mlp.c_fc.weight,20,cosine_similarity,0.3545528054237366,768,3072
ViT-B-32,actmat-identity-inv,model.visual.transformer.resblocks.10.mlp.c_fc.weight,20,rm_loss,25202.302734375,768,3072
ViT-B-32,regmean,model.visual.transformer.resblocks.10.mlp.c_fc.weight,20,rm_loss,4709.6640625,768,3072
ViT-B-32,identity,model.visual.transformer.resblocks.10.mlp.c_fc.weight,20,rm_loss,20283.6953125,768,3072
ViT-B-32,identity,model.visual.transformer.resblocks.10.mlp.c_fc.weight,20,cosine_similarity,0.12928496301174164,768,3072
ViT-B-32,actmat,model.visual.transformer.resblocks.10.mlp.c_proj.weight,21,rm_loss,94.59122467041016,3072,768
ViT-B-32,actmat,model.visual.transformer.resblocks.10.mlp.c_proj.weight,21,cosine_similarity,0.09886109828948975,3072,768
ViT-B-32,actmat-identity-inv,model.visual.transformer.resblocks.10.mlp.c_proj.weight,21,rm_loss,64.59458923339844,3072,768
ViT-B-32,regmean,model.visual.transformer.resblocks.10.mlp.c_proj.weight,21,rm_loss,8.202957153320312,3072,768
ViT-B-32,identity,model.visual.transformer.resblocks.10.mlp.c_proj.weight,21,rm_loss,44.00541687011719,3072,768
ViT-B-32,identity,model.visual.transformer.resblocks.10.mlp.c_proj.weight,21,cosine_similarity,0.11702418327331543,3072,768
ViT-B-32,actmat,model.visual.transformer.resblocks.11.mlp.c_fc.weight,22,rm_loss,13808.05859375,768,3072
ViT-B-32,actmat,model.visual.transformer.resblocks.11.mlp.c_fc.weight,22,cosine_similarity,0.042326316237449646,768,3072
ViT-B-32,actmat-identity-inv,model.visual.transformer.resblocks.11.mlp.c_fc.weight,22,rm_loss,1462.1654052734375,768,3072
ViT-B-32,regmean,model.visual.transformer.resblocks.11.mlp.c_fc.weight,22,rm_loss,446.897705078125,768,3072
ViT-B-32,identity,model.visual.transformer.resblocks.11.mlp.c_fc.weight,22,rm_loss,1102.8076171875,768,3072
ViT-B-32,identity,model.visual.transformer.resblocks.11.mlp.c_fc.weight,22,cosine_similarity,0.08090084791183472,768,3072
ViT-B-32,actmat,model.visual.transformer.resblocks.11.mlp.c_proj.weight,23,rm_loss,272.62939453125,3072,768
ViT-B-32,actmat,model.visual.transformer.resblocks.11.mlp.c_proj.weight,23,cosine_similarity,0.27170681953430176,3072,768
ViT-B-32,actmat-identity-inv,model.visual.transformer.resblocks.11.mlp.c_proj.weight,23,rm_loss,323.7744445800781,3072,768
ViT-B-32,regmean,model.visual.transformer.resblocks.11.mlp.c_proj.weight,23,rm_loss,38.4371337890625,3072,768
ViT-B-32,identity,model.visual.transformer.resblocks.11.mlp.c_proj.weight,23,rm_loss,181.38763427734375,3072,768
ViT-B-32,identity,model.visual.transformer.resblocks.11.mlp.c_proj.weight,23,cosine_similarity,0.03567573055624962,3072,768
ViT-B-32,actmat,model.visual.transformer.resblocks.8.attn.q.weight,24,rm_loss,461.8594970703125,768,768
ViT-B-32,actmat,model.visual.transformer.resblocks.8.attn.q.weight,24,cosine_similarity,0.4335908591747284,768,768
ViT-B-32,actmat-identity-inv,model.visual.transformer.resblocks.8.attn.q.weight,24,rm_loss,585.6703491210938,768,768
ViT-B-32,regmean,model.visual.transformer.resblocks.8.attn.q.weight,24,rm_loss,108.188720703125,768,768
ViT-B-32,identity,model.visual.transformer.resblocks.8.attn.q.weight,24,rm_loss,451.4944152832031,768,768
ViT-B-32,identity,model.visual.transformer.resblocks.8.attn.q.weight,24,cosine_similarity,0.1905195713043213,768,768
ViT-B-32,actmat,model.visual.transformer.resblocks.8.attn.k.weight,25,rm_loss,493.0802001953125,768,768
ViT-B-32,actmat,model.visual.transformer.resblocks.8.attn.k.weight,25,cosine_similarity,0.3869209289550781,768,768
ViT-B-32,actmat-identity-inv,model.visual.transformer.resblocks.8.attn.k.weight,25,rm_loss,451.0791931152344,768,768
ViT-B-32,regmean,model.visual.transformer.resblocks.8.attn.k.weight,25,rm_loss,100.3927001953125,768,768
ViT-B-32,identity,model.visual.transformer.resblocks.8.attn.k.weight,25,rm_loss,347.3327331542969,768,768
ViT-B-32,identity,model.visual.transformer.resblocks.8.attn.k.weight,25,cosine_similarity,0.1905195713043213,768,768
ViT-B-32,actmat,model.visual.transformer.resblocks.8.attn.v.weight,26,rm_loss,198.68392944335938,768,768
ViT-B-32,actmat,model.visual.transformer.resblocks.8.attn.v.weight,26,cosine_similarity,0.3317239582538605,768,768
ViT-B-32,actmat-identity-inv,model.visual.transformer.resblocks.8.attn.v.weight,26,rm_loss,181.62094116210938,768,768
ViT-B-32,regmean,model.visual.transformer.resblocks.8.attn.v.weight,26,rm_loss,43.69342041015625,768,768
ViT-B-32,identity,model.visual.transformer.resblocks.8.attn.v.weight,26,rm_loss,139.78021240234375,768,768
ViT-B-32,identity,model.visual.transformer.resblocks.8.attn.v.weight,26,cosine_similarity,0.1905195713043213,768,768
ViT-B-32,actmat,model.visual.transformer.resblocks.8.attn.o.weight,27,rm_loss,5.4044342041015625,768,768
ViT-B-32,actmat,model.visual.transformer.resblocks.8.attn.o.weight,27,cosine_similarity,0.36575213074684143,768,768
ViT-B-32,actmat-identity-inv,model.visual.transformer.resblocks.8.attn.o.weight,27,rm_loss,9.975220680236816,768,768
ViT-B-32,regmean,model.visual.transformer.resblocks.8.attn.o.weight,27,rm_loss,1.326040267944336,768,768
ViT-B-32,identity,model.visual.transformer.resblocks.8.attn.o.weight,27,rm_loss,7.6012983322143555,768,768
ViT-B-32,identity,model.visual.transformer.resblocks.8.attn.o.weight,27,cosine_similarity,0.14639876782894135,768,768
ViT-B-32,actmat,model.visual.transformer.resblocks.2.attn.q.weight,28,rm_loss,463.50799560546875,768,768
ViT-B-32,actmat,model.visual.transformer.resblocks.2.attn.q.weight,28,cosine_similarity,0.2876583933830261,768,768
ViT-B-32,actmat-identity-inv,model.visual.transformer.resblocks.2.attn.q.weight,28,rm_loss,292.8916320800781,768,768
ViT-B-32,regmean,model.visual.transformer.resblocks.2.attn.q.weight,28,rm_loss,42.538726806640625,768,768
ViT-B-32,identity,model.visual.transformer.resblocks.2.attn.q.weight,28,rm_loss,158.40895080566406,768,768
ViT-B-32,identity,model.visual.transformer.resblocks.2.attn.q.weight,28,cosine_similarity,0.17242549359798431,768,768
ViT-B-32,actmat,model.visual.transformer.resblocks.2.attn.k.weight,29,rm_loss,500.81866455078125,768,768
ViT-B-32,actmat,model.visual.transformer.resblocks.2.attn.k.weight,29,cosine_similarity,0.27693235874176025,768,768
ViT-B-32,actmat-identity-inv,model.visual.transformer.resblocks.2.attn.k.weight,29,rm_loss,295.529541015625,768,768
ViT-B-32,regmean,model.visual.transformer.resblocks.2.attn.k.weight,29,rm_loss,45.0274658203125,768,768
ViT-B-32,identity,model.visual.transformer.resblocks.2.attn.k.weight,29,rm_loss,173.3540496826172,768,768
ViT-B-32,identity,model.visual.transformer.resblocks.2.attn.k.weight,29,cosine_similarity,0.17242549359798431,768,768
ViT-B-32,actmat,model.visual.transformer.resblocks.2.attn.v.weight,30,rm_loss,208.2183837890625,768,768
ViT-B-32,actmat,model.visual.transformer.resblocks.2.attn.v.weight,30,cosine_similarity,0.2901499569416046,768,768
ViT-B-32,actmat-identity-inv,model.visual.transformer.resblocks.2.attn.v.weight,30,rm_loss,111.51016235351562,768,768
ViT-B-32,regmean,model.visual.transformer.resblocks.2.attn.v.weight,30,rm_loss,24.547088623046875,768,768
ViT-B-32,identity,model.visual.transformer.resblocks.2.attn.v.weight,30,rm_loss,83.89736938476562,768,768
ViT-B-32,identity,model.visual.transformer.resblocks.2.attn.v.weight,30,cosine_similarity,0.17242549359798431,768,768
ViT-B-32,actmat,model.visual.transformer.resblocks.2.attn.o.weight,31,rm_loss,3.1474623680114746,768,768
ViT-B-32,actmat,model.visual.transformer.resblocks.2.attn.o.weight,31,cosine_similarity,0.306141197681427,768,768
ViT-B-32,actmat-identity-inv,model.visual.transformer.resblocks.2.attn.o.weight,31,rm_loss,3.2413511276245117,768,768
ViT-B-32,regmean,model.visual.transformer.resblocks.2.attn.o.weight,31,rm_loss,0.41785573959350586,768,768
ViT-B-32,identity,model.visual.transformer.resblocks.2.attn.o.weight,31,rm_loss,2.418458938598633,768,768
ViT-B-32,identity,model.visual.transformer.resblocks.2.attn.o.weight,31,cosine_similarity,0.12801691889762878,768,768
ViT-B-32,actmat,model.visual.transformer.resblocks.9.attn.q.weight,32,rm_loss,559.5511474609375,768,768
ViT-B-32,actmat,model.visual.transformer.resblocks.9.attn.q.weight,32,cosine_similarity,0.39885249733924866,768,768
ViT-B-32,actmat-identity-inv,model.visual.transformer.resblocks.9.attn.q.weight,32,rm_loss,632.7174682617188,768,768
ViT-B-32,regmean,model.visual.transformer.resblocks.9.attn.q.weight,32,rm_loss,116.0059814453125,768,768
ViT-B-32,identity,model.visual.transformer.resblocks.9.attn.q.weight,32,rm_loss,488.09442138671875,768,768
ViT-B-32,identity,model.visual.transformer.resblocks.9.attn.q.weight,32,cosine_similarity,0.18517546355724335,768,768
ViT-B-32,actmat,model.visual.transformer.resblocks.9.attn.k.weight,33,rm_loss,830.695556640625,768,768
ViT-B-32,actmat,model.visual.transformer.resblocks.9.attn.k.weight,33,cosine_similarity,0.379578173160553,768,768
ViT-B-32,actmat-identity-inv,model.visual.transformer.resblocks.9.attn.k.weight,33,rm_loss,581.426025390625,768,768
ViT-B-32,regmean,model.visual.transformer.resblocks.9.attn.k.weight,33,rm_loss,118.3482666015625,768,768
ViT-B-32,identity,model.visual.transformer.resblocks.9.attn.k.weight,33,rm_loss,446.95318603515625,768,768
ViT-B-32,identity,model.visual.transformer.resblocks.9.attn.k.weight,33,cosine_similarity,0.18517546355724335,768,768
ViT-B-32,actmat,model.visual.transformer.resblocks.9.attn.v.weight,34,rm_loss,306.9720764160156,768,768
ViT-B-32,actmat,model.visual.transformer.resblocks.9.attn.v.weight,34,cosine_similarity,0.33793312311172485,768,768
ViT-B-32,actmat-identity-inv,model.visual.transformer.resblocks.9.attn.v.weight,34,rm_loss,273.0930480957031,768,768
ViT-B-32,regmean,model.visual.transformer.resblocks.9.attn.v.weight,34,rm_loss,59.917510986328125,768,768
ViT-B-32,identity,model.visual.transformer.resblocks.9.attn.v.weight,34,rm_loss,209.44436645507812,768,768
ViT-B-32,identity,model.visual.transformer.resblocks.9.attn.v.weight,34,cosine_similarity,0.18517546355724335,768,768
ViT-B-32,actmat,model.visual.transformer.resblocks.9.attn.o.weight,35,rm_loss,7.27610969543457,768,768
ViT-B-32,actmat,model.visual.transformer.resblocks.9.attn.o.weight,35,cosine_similarity,0.42459553480148315,768,768
ViT-B-32,actmat-identity-inv,model.visual.transformer.resblocks.9.attn.o.weight,35,rm_loss,16.28774070739746,768,768
ViT-B-32,regmean,model.visual.transformer.resblocks.9.attn.o.weight,35,rm_loss,1.6608028411865234,768,768
ViT-B-32,identity,model.visual.transformer.resblocks.9.attn.o.weight,35,rm_loss,12.227325439453125,768,768
ViT-B-32,identity,model.visual.transformer.resblocks.9.attn.o.weight,35,cosine_similarity,0.14409516751766205,768,768
ViT-B-32,actmat,model.visual.transformer.resblocks.1.attn.q.weight,36,rm_loss,334.75347900390625,768,768
ViT-B-32,actmat,model.visual.transformer.resblocks.1.attn.q.weight,36,cosine_similarity,0.25894230604171753,768,768
ViT-B-32,actmat-identity-inv,model.visual.transformer.resblocks.1.attn.q.weight,36,rm_loss,349.8365783691406,768,768
ViT-B-32,regmean,model.visual.transformer.resblocks.1.attn.q.weight,36,rm_loss,31.1363525390625,768,768
ViT-B-32,identity,model.visual.transformer.resblocks.1.attn.q.weight,36,rm_loss,205.99838256835938,768,768
ViT-B-32,identity,model.visual.transformer.resblocks.1.attn.q.weight,36,cosine_similarity,0.15772739052772522,768,768
ViT-B-32,actmat,model.visual.transformer.resblocks.1.attn.k.weight,37,rm_loss,408.2789306640625,768,768
ViT-B-32,actmat,model.visual.transformer.resblocks.1.attn.k.weight,37,cosine_similarity,0.23884208500385284,768,768
ViT-B-32,actmat-identity-inv,model.visual.transformer.resblocks.1.attn.k.weight,37,rm_loss,342.8288879394531,768,768
ViT-B-32,regmean,model.visual.transformer.resblocks.1.attn.k.weight,37,rm_loss,30.9366455078125,768,768
ViT-B-32,identity,model.visual.transformer.resblocks.1.attn.k.weight,37,rm_loss,217.2664031982422,768,768
ViT-B-32,identity,model.visual.transformer.resblocks.1.attn.k.weight,37,cosine_similarity,0.15772739052772522,768,768
ViT-B-32,actmat,model.visual.transformer.resblocks.1.attn.v.weight,38,rm_loss,560.421142578125,768,768
ViT-B-32,actmat,model.visual.transformer.resblocks.1.attn.v.weight,38,cosine_similarity,0.2596592307090759,768,768
ViT-B-32,actmat-identity-inv,model.visual.transformer.resblocks.1.attn.v.weight,38,rm_loss,136.7882080078125,768,768
ViT-B-32,regmean,model.visual.transformer.resblocks.1.attn.v.weight,38,rm_loss,17.111679077148438,768,768
ViT-B-32,identity,model.visual.transformer.resblocks.1.attn.v.weight,38,rm_loss,100.72673034667969,768,768
ViT-B-32,identity,model.visual.transformer.resblocks.1.attn.v.weight,38,cosine_similarity,0.15772739052772522,768,768
ViT-B-32,actmat,model.visual.transformer.resblocks.1.attn.o.weight,39,rm_loss,2.4703235626220703,768,768
ViT-B-32,actmat,model.visual.transformer.resblocks.1.attn.o.weight,39,cosine_similarity,0.24792158603668213,768,768
ViT-B-32,actmat-identity-inv,model.visual.transformer.resblocks.1.attn.o.weight,39,rm_loss,6.285521507263184,768,768
ViT-B-32,regmean,model.visual.transformer.resblocks.1.attn.o.weight,39,rm_loss,0.2710762023925781,768,768
ViT-B-32,identity,model.visual.transformer.resblocks.1.attn.o.weight,39,rm_loss,4.694486618041992,768,768
ViT-B-32,identity,model.visual.transformer.resblocks.1.attn.o.weight,39,cosine_similarity,0.09125596284866333,768,768
ViT-B-32,actmat,model.visual.transformer.resblocks.6.attn.q.weight,40,rm_loss,409.81353759765625,768,768
ViT-B-32,actmat,model.visual.transformer.resblocks.6.attn.q.weight,40,cosine_similarity,0.3862413167953491,768,768
ViT-B-32,actmat-identity-inv,model.visual.transformer.resblocks.6.attn.q.weight,40,rm_loss,332.1761474609375,768,768
ViT-B-32,regmean,model.visual.transformer.resblocks.6.attn.q.weight,40,rm_loss,83.9388427734375,768,768
ViT-B-32,identity,model.visual.transformer.resblocks.6.attn.q.weight,40,rm_loss,254.12303161621094,768,768
ViT-B-32,identity,model.visual.transformer.resblocks.6.attn.q.weight,40,cosine_similarity,0.21512523293495178,768,768
ViT-B-32,actmat,model.visual.transformer.resblocks.6.attn.k.weight,41,rm_loss,360.8360290527344,768,768
ViT-B-32,actmat,model.visual.transformer.resblocks.6.attn.k.weight,41,cosine_similarity,0.36636972427368164,768,768
ViT-B-32,actmat-identity-inv,model.visual.transformer.resblocks.6.attn.k.weight,41,rm_loss,276.3686828613281,768,768
ViT-B-32,regmean,model.visual.transformer.resblocks.6.attn.k.weight,41,rm_loss,82.94723510742188,768,768
ViT-B-32,identity,model.visual.transformer.resblocks.6.attn.k.weight,41,rm_loss,217.13438415527344,768,768
ViT-B-32,identity,model.visual.transformer.resblocks.6.attn.k.weight,41,cosine_similarity,0.21512523293495178,768,768
ViT-B-32,actmat,model.visual.transformer.resblocks.6.attn.v.weight,42,rm_loss,150.7405548095703,768,768
ViT-B-32,actmat,model.visual.transformer.resblocks.6.attn.v.weight,42,cosine_similarity,0.2877920866012573,768,768
ViT-B-32,actmat-identity-inv,model.visual.transformer.resblocks.6.attn.v.weight,42,rm_loss,104.885986328125,768,768
ViT-B-32,regmean,model.visual.transformer.resblocks.6.attn.v.weight,42,rm_loss,34.100830078125,768,768
ViT-B-32,identity,model.visual.transformer.resblocks.6.attn.v.weight,42,rm_loss,81.92830657958984,768,768
ViT-B-32,identity,model.visual.transformer.resblocks.6.attn.v.weight,42,cosine_similarity,0.21512523293495178,768,768
ViT-B-32,actmat,model.visual.transformer.resblocks.6.attn.o.weight,43,rm_loss,4.6728668212890625,768,768
ViT-B-32,actmat,model.visual.transformer.resblocks.6.attn.o.weight,43,cosine_similarity,0.3182515501976013,768,768
ViT-B-32,actmat-identity-inv,model.visual.transformer.resblocks.6.attn.o.weight,43,rm_loss,6.2382917404174805,768,768
ViT-B-32,regmean,model.visual.transformer.resblocks.6.attn.o.weight,43,rm_loss,1.183609962463379,768,768
ViT-B-32,identity,model.visual.transformer.resblocks.6.attn.o.weight,43,rm_loss,4.752249717712402,768,768
ViT-B-32,identity,model.visual.transformer.resblocks.6.attn.o.weight,43,cosine_similarity,0.1481935828924179,768,768
ViT-B-32,actmat,model.visual.transformer.resblocks.7.attn.q.weight,44,rm_loss,410.8521728515625,768,768
ViT-B-32,actmat,model.visual.transformer.resblocks.7.attn.q.weight,44,cosine_similarity,0.40063852071762085,768,768
ViT-B-32,actmat-identity-inv,model.visual.transformer.resblocks.7.attn.q.weight,44,rm_loss,425.24749755859375,768,768
ViT-B-32,regmean,model.visual.transformer.resblocks.7.attn.q.weight,44,rm_loss,90.48516845703125,768,768
ViT-B-32,identity,model.visual.transformer.resblocks.7.attn.q.weight,44,rm_loss,326.26751708984375,768,768
ViT-B-32,identity,model.visual.transformer.resblocks.7.attn.q.weight,44,cosine_similarity,0.19812998175621033,768,768
ViT-B-32,actmat,model.visual.transformer.resblocks.7.attn.k.weight,45,rm_loss,448.6165771484375,768,768
ViT-B-32,actmat,model.visual.transformer.resblocks.7.attn.k.weight,45,cosine_similarity,0.3755379319190979,768,768
ViT-B-32,actmat-identity-inv,model.visual.transformer.resblocks.7.attn.k.weight,45,rm_loss,363.9705505371094,768,768
ViT-B-32,regmean,model.visual.transformer.resblocks.7.attn.k.weight,45,rm_loss,88.7139892578125,768,768
ViT-B-32,identity,model.visual.transformer.resblocks.7.attn.k.weight,45,rm_loss,281.0517578125,768,768
ViT-B-32,identity,model.visual.transformer.resblocks.7.attn.k.weight,45,cosine_similarity,0.19812998175621033,768,768
ViT-B-32,actmat,model.visual.transformer.resblocks.7.attn.v.weight,46,rm_loss,170.6973876953125,768,768
ViT-B-32,actmat,model.visual.transformer.resblocks.7.attn.v.weight,46,cosine_similarity,0.3128854036331177,768,768
ViT-B-32,actmat-identity-inv,model.visual.transformer.resblocks.7.attn.v.weight,46,rm_loss,143.11375427246094,768,768
ViT-B-32,regmean,model.visual.transformer.resblocks.7.attn.v.weight,46,rm_loss,37.42170715332031,768,768
ViT-B-32,identity,model.visual.transformer.resblocks.7.attn.v.weight,46,rm_loss,110.13162231445312,768,768
ViT-B-32,identity,model.visual.transformer.resblocks.7.attn.v.weight,46,cosine_similarity,0.19812998175621033,768,768
ViT-B-32,actmat,model.visual.transformer.resblocks.7.attn.o.weight,47,rm_loss,4.764276504516602,768,768
ViT-B-32,actmat,model.visual.transformer.resblocks.7.attn.o.weight,47,cosine_similarity,0.33001992106437683,768,768
ViT-B-32,actmat-identity-inv,model.visual.transformer.resblocks.7.attn.o.weight,47,rm_loss,7.724725246429443,768,768
ViT-B-32,regmean,model.visual.transformer.resblocks.7.attn.o.weight,47,rm_loss,0.9987869262695312,768,768
ViT-B-32,identity,model.visual.transformer.resblocks.7.attn.o.weight,47,rm_loss,5.881515026092529,768,768
ViT-B-32,identity,model.visual.transformer.resblocks.7.attn.o.weight,47,cosine_similarity,0.1293877363204956,768,768
ViT-B-32,actmat,model.visual.transformer.resblocks.11.attn.q.weight,48,rm_loss,2258.10791015625,768,768
ViT-B-32,actmat,model.visual.transformer.resblocks.11.attn.q.weight,48,cosine_similarity,0.030261430889368057,768,768
ViT-B-32,actmat-identity-inv,model.visual.transformer.resblocks.11.attn.q.weight,48,rm_loss,192.40000915527344,768,768
ViT-B-32,regmean,model.visual.transformer.resblocks.11.attn.q.weight,48,rm_loss,74.65093994140625,768,768
ViT-B-32,identity,model.visual.transformer.resblocks.11.attn.q.weight,48,rm_loss,153.05564880371094,768,768
ViT-B-32,identity,model.visual.transformer.resblocks.11.attn.q.weight,48,cosine_similarity,0.1095605194568634,768,768
ViT-B-32,actmat,model.visual.transformer.resblocks.11.attn.k.weight,49,rm_loss,2521.267578125,768,768
ViT-B-32,actmat,model.visual.transformer.resblocks.11.attn.k.weight,49,cosine_similarity,0.1281217336654663,768,768
ViT-B-32,actmat-identity-inv,model.visual.transformer.resblocks.11.attn.k.weight,49,rm_loss,561.087158203125,768,768
ViT-B-32,regmean,model.visual.transformer.resblocks.11.attn.k.weight,49,rm_loss,145.06439208984375,768,768
ViT-B-32,identity,model.visual.transformer.resblocks.11.attn.k.weight,49,rm_loss,431.338623046875,768,768
ViT-B-32,identity,model.visual.transformer.resblocks.11.attn.k.weight,49,cosine_similarity,0.1095605194568634,768,768
ViT-B-32,actmat,model.visual.transformer.resblocks.11.attn.v.weight,50,rm_loss,977.260498046875,768,768
ViT-B-32,actmat,model.visual.transformer.resblocks.11.attn.v.weight,50,cosine_similarity,0.09099642932415009,768,768
ViT-B-32,actmat-identity-inv,model.visual.transformer.resblocks.11.attn.v.weight,50,rm_loss,433.4904479980469,768,768
ViT-B-32,regmean,model.visual.transformer.resblocks.11.attn.v.weight,50,rm_loss,99.3502197265625,768,768
ViT-B-32,identity,model.visual.transformer.resblocks.11.attn.v.weight,50,rm_loss,305.94244384765625,768,768
ViT-B-32,identity,model.visual.transformer.resblocks.11.attn.v.weight,50,cosine_similarity,0.1095605194568634,768,768
ViT-B-32,actmat,model.visual.transformer.resblocks.11.attn.o.weight,51,rm_loss,59.13752746582031,768,768
ViT-B-32,actmat,model.visual.transformer.resblocks.11.attn.o.weight,51,cosine_similarity,0.16176339983940125,768,768
ViT-B-32,actmat-identity-inv,model.visual.transformer.resblocks.11.attn.o.weight,51,rm_loss,55.64855194091797,768,768
ViT-B-32,regmean,model.visual.transformer.resblocks.11.attn.o.weight,51,rm_loss,4.6863555908203125,768,768
ViT-B-32,identity,model.visual.transformer.resblocks.11.attn.o.weight,51,rm_loss,39.81270217895508,768,768
ViT-B-32,identity,model.visual.transformer.resblocks.11.attn.o.weight,51,cosine_similarity,0.11395782977342606,768,768
ViT-B-32,actmat,model.visual.transformer.resblocks.5.attn.q.weight,52,rm_loss,438.517578125,768,768
ViT-B-32,actmat,model.visual.transformer.resblocks.5.attn.q.weight,52,cosine_similarity,0.41699087619781494,768,768
ViT-B-32,actmat-identity-inv,model.visual.transformer.resblocks.5.attn.q.weight,52,rm_loss,342.7886047363281,768,768
ViT-B-32,regmean,model.visual.transformer.resblocks.5.attn.q.weight,52,rm_loss,94.69644165039062,768,768
ViT-B-32,identity,model.visual.transformer.resblocks.5.attn.q.weight,52,rm_loss,260.18743896484375,768,768
ViT-B-32,identity,model.visual.transformer.resblocks.5.attn.q.weight,52,cosine_similarity,0.22888872027397156,768,768
ViT-B-32,actmat,model.visual.transformer.resblocks.5.attn.k.weight,53,rm_loss,439.5355224609375,768,768
ViT-B-32,actmat,model.visual.transformer.resblocks.5.attn.k.weight,53,cosine_similarity,0.3888583183288574,768,768
ViT-B-32,actmat-identity-inv,model.visual.transformer.resblocks.5.attn.k.weight,53,rm_loss,287.4175720214844,768,768
ViT-B-32,regmean,model.visual.transformer.resblocks.5.attn.k.weight,53,rm_loss,96.088623046875,768,768
ViT-B-32,identity,model.visual.transformer.resblocks.5.attn.k.weight,53,rm_loss,226.226318359375,768,768
ViT-B-32,identity,model.visual.transformer.resblocks.5.attn.k.weight,53,cosine_similarity,0.22888872027397156,768,768
ViT-B-32,actmat,model.visual.transformer.resblocks.5.attn.v.weight,54,rm_loss,171.123291015625,768,768
ViT-B-32,actmat,model.visual.transformer.resblocks.5.attn.v.weight,54,cosine_similarity,0.3417343199253082,768,768
ViT-B-32,actmat-identity-inv,model.visual.transformer.resblocks.5.attn.v.weight,54,rm_loss,123.82467651367188,768,768
ViT-B-32,regmean,model.visual.transformer.resblocks.5.attn.v.weight,54,rm_loss,40.750457763671875,768,768
ViT-B-32,identity,model.visual.transformer.resblocks.5.attn.v.weight,54,rm_loss,95.02308654785156,768,768
ViT-B-32,identity,model.visual.transformer.resblocks.5.attn.v.weight,54,cosine_similarity,0.22888872027397156,768,768
ViT-B-32,actmat,model.visual.transformer.resblocks.5.attn.o.weight,55,rm_loss,5.8651227951049805,768,768
ViT-B-32,actmat,model.visual.transformer.resblocks.5.attn.o.weight,55,cosine_similarity,0.33379092812538147,768,768
ViT-B-32,actmat-identity-inv,model.visual.transformer.resblocks.5.attn.o.weight,55,rm_loss,6.3678507804870605,768,768
ViT-B-32,regmean,model.visual.transformer.resblocks.5.attn.o.weight,55,rm_loss,1.3320503234863281,768,768
ViT-B-32,identity,model.visual.transformer.resblocks.5.attn.o.weight,55,rm_loss,4.830305099487305,768,768
ViT-B-32,identity,model.visual.transformer.resblocks.5.attn.o.weight,55,cosine_similarity,0.14508208632469177,768,768
ViT-B-32,actmat,model.visual.transformer.resblocks.3.attn.q.weight,56,rm_loss,583.7774658203125,768,768
ViT-B-32,actmat,model.visual.transformer.resblocks.3.attn.q.weight,56,cosine_similarity,0.32140427827835083,768,768
ViT-B-32,actmat-identity-inv,model.visual.transformer.resblocks.3.attn.q.weight,56,rm_loss,275.2663879394531,768,768
ViT-B-32,regmean,model.visual.transformer.resblocks.3.attn.q.weight,56,rm_loss,63.8304443359375,768,768
ViT-B-32,identity,model.visual.transformer.resblocks.3.attn.q.weight,56,rm_loss,199.75953674316406,768,768
ViT-B-32,identity,model.visual.transformer.resblocks.3.attn.q.weight,56,cosine_similarity,0.18644392490386963,768,768
ViT-B-32,actmat,model.visual.transformer.resblocks.3.attn.k.weight,57,rm_loss,478.37530517578125,768,768
ViT-B-32,actmat,model.visual.transformer.resblocks.3.attn.k.weight,57,cosine_similarity,0.32843655347824097,768,768
ViT-B-32,actmat-identity-inv,model.visual.transformer.resblocks.3.attn.k.weight,57,rm_loss,273.2900085449219,768,768
ViT-B-32,regmean,model.visual.transformer.resblocks.3.attn.k.weight,57,rm_loss,67.87966918945312,768,768
ViT-B-32,identity,model.visual.transformer.resblocks.3.attn.k.weight,57,rm_loss,203.06576538085938,768,768
ViT-B-32,identity,model.visual.transformer.resblocks.3.attn.k.weight,57,cosine_similarity,0.18644392490386963,768,768
ViT-B-32,actmat,model.visual.transformer.resblocks.3.attn.v.weight,58,rm_loss,207.94540405273438,768,768
ViT-B-32,actmat,model.visual.transformer.resblocks.3.attn.v.weight,58,cosine_similarity,0.3129993975162506,768,768
ViT-B-32,actmat-identity-inv,model.visual.transformer.resblocks.3.attn.v.weight,58,rm_loss,132.59388732910156,768,768
ViT-B-32,regmean,model.visual.transformer.resblocks.3.attn.v.weight,58,rm_loss,36.145294189453125,768,768
ViT-B-32,identity,model.visual.transformer.resblocks.3.attn.v.weight,58,rm_loss,98.30207824707031,768,768
ViT-B-32,identity,model.visual.transformer.resblocks.3.attn.v.weight,58,cosine_similarity,0.18644392490386963,768,768
ViT-B-32,actmat,model.visual.transformer.resblocks.3.attn.o.weight,59,rm_loss,4.4600982666015625,768,768
ViT-B-32,actmat,model.visual.transformer.resblocks.3.attn.o.weight,59,cosine_similarity,0.3288189172744751,768,768
ViT-B-32,actmat-identity-inv,model.visual.transformer.resblocks.3.attn.o.weight,59,rm_loss,5.261183738708496,768,768
ViT-B-32,regmean,model.visual.transformer.resblocks.3.attn.o.weight,59,rm_loss,0.8485212326049805,768,768
ViT-B-32,identity,model.visual.transformer.resblocks.3.attn.o.weight,59,rm_loss,3.856778144836426,768,768
ViT-B-32,identity,model.visual.transformer.resblocks.3.attn.o.weight,59,cosine_similarity,0.1455104947090149,768,768
ViT-B-32,actmat,model.visual.transformer.resblocks.4.attn.q.weight,60,rm_loss,423.7801513671875,768,768
ViT-B-32,actmat,model.visual.transformer.resblocks.4.attn.q.weight,60,cosine_similarity,0.34662020206451416,768,768
ViT-B-32,actmat-identity-inv,model.visual.transformer.resblocks.4.attn.q.weight,60,rm_loss,302.04541015625,768,768
ViT-B-32,regmean,model.visual.transformer.resblocks.4.attn.q.weight,60,rm_loss,83.46951293945312,768,768
ViT-B-32,identity,model.visual.transformer.resblocks.4.attn.q.weight,60,rm_loss,233.2464599609375,768,768
ViT-B-32,identity,model.visual.transformer.resblocks.4.attn.q.weight,60,cosine_similarity,0.20299461483955383,768,768
ViT-B-32,actmat,model.visual.transformer.resblocks.4.attn.k.weight,61,rm_loss,572.904296875,768,768
ViT-B-32,actmat,model.visual.transformer.resblocks.4.attn.k.weight,61,cosine_similarity,0.33666491508483887,768,768
ViT-B-32,actmat-identity-inv,model.visual.transformer.resblocks.4.attn.k.weight,61,rm_loss,264.9000549316406,768,768
ViT-B-32,regmean,model.visual.transformer.resblocks.4.attn.k.weight,61,rm_loss,83.79067993164062,768,768
ViT-B-32,identity,model.visual.transformer.resblocks.4.attn.k.weight,61,rm_loss,205.1466827392578,768,768
ViT-B-32,identity,model.visual.transformer.resblocks.4.attn.k.weight,61,cosine_similarity,0.20299461483955383,768,768
ViT-B-32,actmat,model.visual.transformer.resblocks.4.attn.v.weight,62,rm_loss,164.8999786376953,768,768
ViT-B-32,actmat,model.visual.transformer.resblocks.4.attn.v.weight,62,cosine_similarity,0.31664371490478516,768,768
ViT-B-32,actmat-identity-inv,model.visual.transformer.resblocks.4.attn.v.weight,62,rm_loss,127.9218978881836,768,768
ViT-B-32,regmean,model.visual.transformer.resblocks.4.attn.v.weight,62,rm_loss,43.01615905761719,768,768
ViT-B-32,identity,model.visual.transformer.resblocks.4.attn.v.weight,62,rm_loss,99.07015228271484,768,768
ViT-B-32,identity,model.visual.transformer.resblocks.4.attn.v.weight,62,cosine_similarity,0.20299461483955383,768,768
ViT-B-32,actmat,model.visual.transformer.resblocks.4.attn.o.weight,63,rm_loss,4.074735641479492,768,768
ViT-B-32,actmat,model.visual.transformer.resblocks.4.attn.o.weight,63,cosine_similarity,0.35086125135421753,768,768
ViT-B-32,actmat-identity-inv,model.visual.transformer.resblocks.4.attn.o.weight,63,rm_loss,4.3677897453308105,768,768
ViT-B-32,regmean,model.visual.transformer.resblocks.4.attn.o.weight,63,rm_loss,1.2653231620788574,768,768
ViT-B-32,identity,model.visual.transformer.resblocks.4.attn.o.weight,63,rm_loss,3.4086246490478516,768,768
ViT-B-32,identity,model.visual.transformer.resblocks.4.attn.o.weight,63,cosine_similarity,0.21268340945243835,768,768
ViT-B-32,actmat,model.visual.transformer.resblocks.10.attn.q.weight,64,rm_loss,898.097900390625,768,768
ViT-B-32,actmat,model.visual.transformer.resblocks.10.attn.q.weight,64,cosine_similarity,0.32864177227020264,768,768
ViT-B-32,actmat-identity-inv,model.visual.transformer.resblocks.10.attn.q.weight,64,rm_loss,695.8019409179688,768,768
ViT-B-32,regmean,model.visual.transformer.resblocks.10.attn.q.weight,64,rm_loss,133.572509765625,768,768
ViT-B-32,identity,model.visual.transformer.resblocks.10.attn.q.weight,64,rm_loss,537.4979858398438,768,768
ViT-B-32,identity,model.visual.transformer.resblocks.10.attn.q.weight,64,cosine_similarity,0.1701178252696991,768,768
ViT-B-32,actmat,model.visual.transformer.resblocks.10.attn.k.weight,65,rm_loss,1433.9918212890625,768,768
ViT-B-32,actmat,model.visual.transformer.resblocks.10.attn.k.weight,65,cosine_similarity,0.3193555474281311,768,768
ViT-B-32,actmat-identity-inv,model.visual.transformer.resblocks.10.attn.k.weight,65,rm_loss,659.0582275390625,768,768
ViT-B-32,regmean,model.visual.transformer.resblocks.10.attn.k.weight,65,rm_loss,138.8126220703125,768,768
ViT-B-32,identity,model.visual.transformer.resblocks.10.attn.k.weight,65,rm_loss,507.36907958984375,768,768
ViT-B-32,identity,model.visual.transformer.resblocks.10.attn.k.weight,65,cosine_similarity,0.1701178252696991,768,768
ViT-B-32,actmat,model.visual.transformer.resblocks.10.attn.v.weight,66,rm_loss,466.9532470703125,768,768
ViT-B-32,actmat,model.visual.transformer.resblocks.10.attn.v.weight,66,cosine_similarity,0.2822379469871521,768,768
ViT-B-32,actmat-identity-inv,model.visual.transformer.resblocks.10.attn.v.weight,66,rm_loss,387.72442626953125,768,768
ViT-B-32,regmean,model.visual.transformer.resblocks.10.attn.v.weight,66,rm_loss,84.17108154296875,768,768
ViT-B-32,identity,model.visual.transformer.resblocks.10.attn.v.weight,66,rm_loss,292.4197998046875,768,768
ViT-B-32,identity,model.visual.transformer.resblocks.10.attn.v.weight,66,cosine_similarity,0.1701178252696991,768,768
ViT-B-32,actmat,model.visual.transformer.resblocks.10.attn.o.weight,67,rm_loss,12.748584747314453,768,768
ViT-B-32,actmat,model.visual.transformer.resblocks.10.attn.o.weight,67,cosine_similarity,0.4453069567680359,768,768
ViT-B-32,actmat-identity-inv,model.visual.transformer.resblocks.10.attn.o.weight,67,rm_loss,26.695772171020508,768,768
ViT-B-32,regmean,model.visual.transformer.resblocks.10.attn.o.weight,67,rm_loss,2.732208251953125,768,768
ViT-B-32,identity,model.visual.transformer.resblocks.10.attn.o.weight,67,rm_loss,19.75100326538086,768,768
ViT-B-32,identity,model.visual.transformer.resblocks.10.attn.o.weight,67,cosine_similarity,0.16622993350028992,768,768
ViT-B-32,actmat,model.visual.transformer.resblocks.0.attn.q.weight,68,rm_loss,488.075927734375,768,768
ViT-B-32,actmat,model.visual.transformer.resblocks.0.attn.q.weight,68,cosine_similarity,0.21239283680915833,768,768
ViT-B-32,actmat-identity-inv,model.visual.transformer.resblocks.0.attn.q.weight,68,rm_loss,337.9698791503906,768,768
ViT-B-32,regmean,model.visual.transformer.resblocks.0.attn.q.weight,68,rm_loss,22.5164794921875,768,768
ViT-B-32,identity,model.visual.transformer.resblocks.0.attn.q.weight,68,rm_loss,189.92344665527344,768,768
ViT-B-32,identity,model.visual.transformer.resblocks.0.attn.q.weight,68,cosine_similarity,0.1393159180879593,768,768
ViT-B-32,actmat,model.visual.transformer.resblocks.0.attn.k.weight,69,rm_loss,544.7728271484375,768,768
ViT-B-32,actmat,model.visual.transformer.resblocks.0.attn.k.weight,69,cosine_similarity,0.1685817539691925,768,768
ViT-B-32,actmat-identity-inv,model.visual.transformer.resblocks.0.attn.k.weight,69,rm_loss,391.1079406738281,768,768
ViT-B-32,regmean,model.visual.transformer.resblocks.0.attn.k.weight,69,rm_loss,21.9268798828125,768,768
ViT-B-32,identity,model.visual.transformer.resblocks.0.attn.k.weight,69,rm_loss,211.684326171875,768,768
ViT-B-32,identity,model.visual.transformer.resblocks.0.attn.k.weight,69,cosine_similarity,0.1393159180879593,768,768
ViT-B-32,actmat,model.visual.transformer.resblocks.0.attn.v.weight,70,rm_loss,229.39743041992188,768,768
ViT-B-32,actmat,model.visual.transformer.resblocks.0.attn.v.weight,70,cosine_similarity,0.17505577206611633,768,768
ViT-B-32,actmat-identity-inv,model.visual.transformer.resblocks.0.attn.v.weight,70,rm_loss,135.55421447753906,768,768
ViT-B-32,regmean,model.visual.transformer.resblocks.0.attn.v.weight,70,rm_loss,11.547271728515625,768,768
ViT-B-32,identity,model.visual.transformer.resblocks.0.attn.v.weight,70,rm_loss,92.8300552368164,768,768
ViT-B-32,identity,model.visual.transformer.resblocks.0.attn.v.weight,70,cosine_similarity,0.1393159180879593,768,768
ViT-B-32,actmat,model.visual.transformer.resblocks.0.attn.o.weight,71,rm_loss,4.704828262329102,768,768
ViT-B-32,actmat,model.visual.transformer.resblocks.0.attn.o.weight,71,cosine_similarity,0.24671581387519836,768,768
ViT-B-32,actmat-identity-inv,model.visual.transformer.resblocks.0.attn.o.weight,71,rm_loss,6.837952613830566,768,768
ViT-B-32,regmean,model.visual.transformer.resblocks.0.attn.o.weight,71,rm_loss,0.32625484466552734,768,768
ViT-B-32,identity,model.visual.transformer.resblocks.0.attn.o.weight,71,rm_loss,4.949552059173584,768,768
ViT-B-32,identity,model.visual.transformer.resblocks.0.attn.o.weight,71,cosine_similarity,0.10276690125465393,768,768
ViT-L-14,actmat,model.visual.transformer.resblocks.0.mlp.c_fc.weight,0,rm_loss,37750.76171875,1024,4096
ViT-L-14,actmat,model.visual.transformer.resblocks.0.mlp.c_fc.weight,0,cosine_similarity,0.12620952725410461,1024,4096
ViT-L-14,actmat-identity-inv,model.visual.transformer.resblocks.0.mlp.c_fc.weight,0,rm_loss,20605.13671875,1024,4096
ViT-L-14,regmean,model.visual.transformer.resblocks.0.mlp.c_fc.weight,0,rm_loss,3972.609375,1024,4096
ViT-L-14,identity,model.visual.transformer.resblocks.0.mlp.c_fc.weight,0,rm_loss,11983.283203125,1024,4096
ViT-L-14,identity,model.visual.transformer.resblocks.0.mlp.c_fc.weight,0,cosine_similarity,0.06323985755443573,1024,4096
ViT-L-14,actmat,model.visual.transformer.resblocks.0.mlp.c_proj.weight,1,rm_loss,968.0654296875,4096,1024
ViT-L-14,actmat,model.visual.transformer.resblocks.0.mlp.c_proj.weight,1,cosine_similarity,0.1391274780035019,4096,1024
ViT-L-14,actmat-identity-inv,model.visual.transformer.resblocks.0.mlp.c_proj.weight,1,rm_loss,402.8775939941406,4096,1024
ViT-L-14,regmean,model.visual.transformer.resblocks.0.mlp.c_proj.weight,1,rm_loss,101.35028076171875,4096,1024
ViT-L-14,identity,model.visual.transformer.resblocks.0.mlp.c_proj.weight,1,rm_loss,253.99029541015625,4096,1024
ViT-L-14,identity,model.visual.transformer.resblocks.0.mlp.c_proj.weight,1,cosine_similarity,0.029931744560599327,4096,1024
ViT-L-14,actmat,model.visual.transformer.resblocks.1.mlp.c_fc.weight,2,rm_loss,57413.9140625,1024,4096
ViT-L-14,actmat,model.visual.transformer.resblocks.1.mlp.c_fc.weight,2,cosine_similarity,0.12450681626796722,1024,4096
ViT-L-14,actmat-identity-inv,model.visual.transformer.resblocks.1.mlp.c_fc.weight,2,rm_loss,7869.85009765625,1024,4096
ViT-L-14,regmean,model.visual.transformer.resblocks.1.mlp.c_fc.weight,2,rm_loss,1407.181640625,1024,4096
ViT-L-14,identity,model.visual.transformer.resblocks.1.mlp.c_fc.weight,2,rm_loss,6121.42041015625,1024,4096
ViT-L-14,identity,model.visual.transformer.resblocks.1.mlp.c_fc.weight,2,cosine_similarity,0.061000894755125046,1024,4096
ViT-L-14,actmat,model.visual.transformer.resblocks.1.mlp.c_proj.weight,3,rm_loss,943.997802734375,4096,1024
ViT-L-14,actmat,model.visual.transformer.resblocks.1.mlp.c_proj.weight,3,cosine_similarity,0.42198604345321655,4096,1024
ViT-L-14,actmat-identity-inv,model.visual.transformer.resblocks.1.mlp.c_proj.weight,3,rm_loss,946.4970703125,4096,1024
ViT-L-14,regmean,model.visual.transformer.resblocks.1.mlp.c_proj.weight,3,rm_loss,174.804443359375,4096,1024
ViT-L-14,identity,model.visual.transformer.resblocks.1.mlp.c_proj.weight,3,rm_loss,677.0863037109375,4096,1024
ViT-L-14,identity,model.visual.transformer.resblocks.1.mlp.c_proj.weight,3,cosine_similarity,0.0260181725025177,4096,1024
ViT-L-14,actmat,model.visual.transformer.resblocks.2.mlp.c_fc.weight,4,rm_loss,15019.806640625,1024,4096
ViT-L-14,actmat,model.visual.transformer.resblocks.2.mlp.c_fc.weight,4,cosine_similarity,0.12552344799041748,1024,4096
ViT-L-14,actmat-identity-inv,model.visual.transformer.resblocks.2.mlp.c_fc.weight,4,rm_loss,9090.3671875,1024,4096
ViT-L-14,regmean,model.visual.transformer.resblocks.2.mlp.c_fc.weight,4,rm_loss,924.87109375,1024,4096
ViT-L-14,identity,model.visual.transformer.resblocks.2.mlp.c_fc.weight,4,rm_loss,6427.17333984375,1024,4096
ViT-L-14,identity,model.visual.transformer.resblocks.2.mlp.c_fc.weight,4,cosine_similarity,0.07530651986598969,1024,4096
ViT-L-14,actmat,model.visual.transformer.resblocks.2.mlp.c_proj.weight,5,rm_loss,596.3231201171875,4096,1024
ViT-L-14,actmat,model.visual.transformer.resblocks.2.mlp.c_proj.weight,5,cosine_similarity,0.3635532259941101,4096,1024
ViT-L-14,actmat-identity-inv,model.visual.transformer.resblocks.2.mlp.c_proj.weight,5,rm_loss,818.0363159179688,4096,1024
ViT-L-14,regmean,model.visual.transformer.resblocks.2.mlp.c_proj.weight,5,rm_loss,149.030029296875,4096,1024
ViT-L-14,identity,model.visual.transformer.resblocks.2.mlp.c_proj.weight,5,rm_loss,571.1376342773438,4096,1024
ViT-L-14,identity,model.visual.transformer.resblocks.2.mlp.c_proj.weight,5,cosine_similarity,0.02757132425904274,4096,1024
ViT-L-14,actmat,model.visual.transformer.resblocks.3.mlp.c_fc.weight,6,rm_loss,249025.25,1024,4096
ViT-L-14,actmat,model.visual.transformer.resblocks.3.mlp.c_fc.weight,6,cosine_similarity,0.17104394733905792,1024,4096
ViT-L-14,actmat-identity-inv,model.visual.transformer.resblocks.3.mlp.c_fc.weight,6,rm_loss,9119.52734375,1024,4096
ViT-L-14,regmean,model.visual.transformer.resblocks.3.mlp.c_fc.weight,6,rm_loss,861.4296875,1024,4096
ViT-L-14,identity,model.visual.transformer.resblocks.3.mlp.c_fc.weight,6,rm_loss,7162.8642578125,1024,4096
ViT-L-14,identity,model.visual.transformer.resblocks.3.mlp.c_fc.weight,6,cosine_similarity,0.058144986629486084,1024,4096
ViT-L-14,actmat,model.visual.transformer.resblocks.3.mlp.c_proj.weight,7,rm_loss,605.65283203125,4096,1024
ViT-L-14,actmat,model.visual.transformer.resblocks.3.mlp.c_proj.weight,7,cosine_similarity,0.5526468753814697,4096,1024
ViT-L-14,actmat-identity-inv,model.visual.transformer.resblocks.3.mlp.c_proj.weight,7,rm_loss,1049.176025390625,4096,1024
ViT-L-14,regmean,model.visual.transformer.resblocks.3.mlp.c_proj.weight,7,rm_loss,145.3367919921875,4096,1024
ViT-L-14,identity,model.visual.transformer.resblocks.3.mlp.c_proj.weight,7,rm_loss,787.2775268554688,4096,1024
ViT-L-14,identity,model.visual.transformer.resblocks.3.mlp.c_proj.weight,7,cosine_similarity,0.026963919401168823,4096,1024
ViT-L-14,actmat,model.visual.transformer.resblocks.4.mlp.c_fc.weight,8,rm_loss,71434.359375,1024,4096
ViT-L-14,actmat,model.visual.transformer.resblocks.4.mlp.c_fc.weight,8,cosine_similarity,0.2110934555530548,1024,4096
ViT-L-14,actmat-identity-inv,model.visual.transformer.resblocks.4.mlp.c_fc.weight,8,rm_loss,8776.8447265625,1024,4096
ViT-L-14,regmean,model.visual.transformer.resblocks.4.mlp.c_fc.weight,8,rm_loss,812.0791015625,1024,4096
ViT-L-14,identity,model.visual.transformer.resblocks.4.mlp.c_fc.weight,8,rm_loss,6802.93701171875,1024,4096
ViT-L-14,identity,model.visual.transformer.resblocks.4.mlp.c_fc.weight,8,cosine_similarity,0.06374361366033554,1024,4096
ViT-L-14,actmat,model.visual.transformer.resblocks.4.mlp.c_proj.weight,9,rm_loss,460.5008544921875,4096,1024
ViT-L-14,actmat,model.visual.transformer.resblocks.4.mlp.c_proj.weight,9,cosine_similarity,0.6376900672912598,4096,1024
ViT-L-14,actmat-identity-inv,model.visual.transformer.resblocks.4.mlp.c_proj.weight,9,rm_loss,1239.0391845703125,4096,1024
ViT-L-14,regmean,model.visual.transformer.resblocks.4.mlp.c_proj.weight,9,rm_loss,122.671630859375,4096,1024
ViT-L-14,identity,model.visual.transformer.resblocks.4.mlp.c_proj.weight,9,rm_loss,887.2518310546875,4096,1024
ViT-L-14,identity,model.visual.transformer.resblocks.4.mlp.c_proj.weight,9,cosine_similarity,0.03276393562555313,4096,1024
ViT-L-14,actmat,model.visual.transformer.resblocks.5.mlp.c_fc.weight,10,rm_loss,34848.56640625,1024,4096
ViT-L-14,actmat,model.visual.transformer.resblocks.5.mlp.c_fc.weight,10,cosine_similarity,0.28236010670661926,1024,4096
ViT-L-14,actmat-identity-inv,model.visual.transformer.resblocks.5.mlp.c_fc.weight,10,rm_loss,16002.1533203125,1024,4096
ViT-L-14,regmean,model.visual.transformer.resblocks.5.mlp.c_fc.weight,10,rm_loss,1125.568359375,1024,4096
ViT-L-14,identity,model.visual.transformer.resblocks.5.mlp.c_fc.weight,10,rm_loss,12426.943359375,1024,4096
ViT-L-14,identity,model.visual.transformer.resblocks.5.mlp.c_fc.weight,10,cosine_similarity,0.06449864059686661,1024,4096
ViT-L-14,actmat,model.visual.transformer.resblocks.5.mlp.c_proj.weight,11,rm_loss,547.931640625,4096,1024
ViT-L-14,actmat,model.visual.transformer.resblocks.5.mlp.c_proj.weight,11,cosine_similarity,0.6271536350250244,4096,1024
ViT-L-14,actmat-identity-inv,model.visual.transformer.resblocks.5.mlp.c_proj.weight,11,rm_loss,1248.405029296875,4096,1024
ViT-L-14,regmean,model.visual.transformer.resblocks.5.mlp.c_proj.weight,11,rm_loss,91.595703125,4096,1024
ViT-L-14,identity,model.visual.transformer.resblocks.5.mlp.c_proj.weight,11,rm_loss,891.01708984375,4096,1024
ViT-L-14,identity,model.visual.transformer.resblocks.5.mlp.c_proj.weight,11,cosine_similarity,0.03430616855621338,4096,1024
ViT-L-14,actmat,model.visual.transformer.resblocks.6.mlp.c_fc.weight,12,rm_loss,16227.41015625,1024,4096
ViT-L-14,actmat,model.visual.transformer.resblocks.6.mlp.c_fc.weight,12,cosine_similarity,0.278495192527771,1024,4096
ViT-L-14,actmat-identity-inv,model.visual.transformer.resblocks.6.mlp.c_fc.weight,12,rm_loss,10432.517578125,1024,4096
ViT-L-14,regmean,model.visual.transformer.resblocks.6.mlp.c_fc.weight,12,rm_loss,1221.11328125,1024,4096
ViT-L-14,identity,model.visual.transformer.resblocks.6.mlp.c_fc.weight,12,rm_loss,8193.93359375,1024,4096
ViT-L-14,identity,model.visual.transformer.resblocks.6.mlp.c_fc.weight,12,cosine_similarity,0.07379789650440216,1024,4096
ViT-L-14,actmat,model.visual.transformer.resblocks.6.mlp.c_proj.weight,13,rm_loss,421.546630859375,4096,1024
ViT-L-14,actmat,model.visual.transformer.resblocks.6.mlp.c_proj.weight,13,cosine_similarity,0.6506833434104919,4096,1024
ViT-L-14,actmat-identity-inv,model.visual.transformer.resblocks.6.mlp.c_proj.weight,13,rm_loss,1140.599853515625,4096,1024
ViT-L-14,regmean,model.visual.transformer.resblocks.6.mlp.c_proj.weight,13,rm_loss,98.414306640625,4096,1024
ViT-L-14,identity,model.visual.transformer.resblocks.6.mlp.c_proj.weight,13,rm_loss,801.6251220703125,4096,1024
ViT-L-14,identity,model.visual.transformer.resblocks.6.mlp.c_proj.weight,13,cosine_similarity,0.04425257444381714,4096,1024
ViT-L-14,actmat,model.visual.transformer.resblocks.7.mlp.c_fc.weight,14,rm_loss,13353.8544921875,1024,4096
ViT-L-14,actmat,model.visual.transformer.resblocks.7.mlp.c_fc.weight,14,cosine_similarity,0.31867754459381104,1024,4096
ViT-L-14,actmat-identity-inv,model.visual.transformer.resblocks.7.mlp.c_fc.weight,14,rm_loss,10926.466796875,1024,4096
ViT-L-14,regmean,model.visual.transformer.resblocks.7.mlp.c_fc.weight,14,rm_loss,1455.23828125,1024,4096
ViT-L-14,identity,model.visual.transformer.resblocks.7.mlp.c_fc.weight,14,rm_loss,8581.7392578125,1024,4096
ViT-L-14,identity,model.visual.transformer.resblocks.7.mlp.c_fc.weight,14,cosine_similarity,0.08774565905332565,1024,4096
ViT-L-14,actmat,model.visual.transformer.resblocks.7.mlp.c_proj.weight,15,rm_loss,338.3193359375,4096,1024
ViT-L-14,actmat,model.visual.transformer.resblocks.7.mlp.c_proj.weight,15,cosine_similarity,0.6593620777130127,4096,1024
ViT-L-14,actmat-identity-inv,model.visual.transformer.resblocks.7.mlp.c_proj.weight,15,rm_loss,1019.3301391601562,4096,1024
ViT-L-14,regmean,model.visual.transformer.resblocks.7.mlp.c_proj.weight,15,rm_loss,83.498046875,4096,1024
ViT-L-14,identity,model.visual.transformer.resblocks.7.mlp.c_proj.weight,15,rm_loss,715.127197265625,4096,1024
ViT-L-14,identity,model.visual.transformer.resblocks.7.mlp.c_proj.weight,15,cosine_similarity,0.050005264580249786,4096,1024
ViT-L-14,actmat,model.visual.transformer.resblocks.8.mlp.c_fc.weight,16,rm_loss,14067.52734375,1024,4096
ViT-L-14,actmat,model.visual.transformer.resblocks.8.mlp.c_fc.weight,16,cosine_similarity,0.2939870357513428,1024,4096
ViT-L-14,actmat-identity-inv,model.visual.transformer.resblocks.8.mlp.c_fc.weight,16,rm_loss,9794.3623046875,1024,4096
ViT-L-14,regmean,model.visual.transformer.resblocks.8.mlp.c_fc.weight,16,rm_loss,1547.75390625,1024,4096
ViT-L-14,identity,model.visual.transformer.resblocks.8.mlp.c_fc.weight,16,rm_loss,7610.595703125,1024,4096
ViT-L-14,identity,model.visual.transformer.resblocks.8.mlp.c_fc.weight,16,cosine_similarity,0.09542810916900635,1024,4096
ViT-L-14,actmat,model.visual.transformer.resblocks.8.mlp.c_proj.weight,17,rm_loss,312.3515625,4096,1024
ViT-L-14,actmat,model.visual.transformer.resblocks.8.mlp.c_proj.weight,17,cosine_similarity,0.6430684924125671,4096,1024
ViT-L-14,actmat-identity-inv,model.visual.transformer.resblocks.8.mlp.c_proj.weight,17,rm_loss,908.9824829101562,4096,1024
ViT-L-14,regmean,model.visual.transformer.resblocks.8.mlp.c_proj.weight,17,rm_loss,73.0693359375,4096,1024
ViT-L-14,identity,model.visual.transformer.resblocks.8.mlp.c_proj.weight,17,rm_loss,614.94873046875,4096,1024
ViT-L-14,identity,model.visual.transformer.resblocks.8.mlp.c_proj.weight,17,cosine_similarity,0.06088566035032272,4096,1024
ViT-L-14,actmat,model.visual.transformer.resblocks.9.mlp.c_fc.weight,18,rm_loss,12118.8212890625,1024,4096
ViT-L-14,actmat,model.visual.transformer.resblocks.9.mlp.c_fc.weight,18,cosine_similarity,0.28469714522361755,1024,4096
ViT-L-14,actmat-identity-inv,model.visual.transformer.resblocks.9.mlp.c_fc.weight,18,rm_loss,9071.8828125,1024,4096
ViT-L-14,regmean,model.visual.transformer.resblocks.9.mlp.c_fc.weight,18,rm_loss,1687.375,1024,4096
ViT-L-14,identity,model.visual.transformer.resblocks.9.mlp.c_fc.weight,18,rm_loss,7177.7822265625,1024,4096
ViT-L-14,identity,model.visual.transformer.resblocks.9.mlp.c_fc.weight,18,cosine_similarity,0.09985750913619995,1024,4096
ViT-L-14,actmat,model.visual.transformer.resblocks.9.mlp.c_proj.weight,19,rm_loss,270.181640625,4096,1024
ViT-L-14,actmat,model.visual.transformer.resblocks.9.mlp.c_proj.weight,19,cosine_similarity,0.624341607093811,4096,1024
ViT-L-14,actmat-identity-inv,model.visual.transformer.resblocks.9.mlp.c_proj.weight,19,rm_loss,706.0287475585938,4096,1024
ViT-L-14,regmean,model.visual.transformer.resblocks.9.mlp.c_proj.weight,19,rm_loss,66.9632568359375,4096,1024
ViT-L-14,identity,model.visual.transformer.resblocks.9.mlp.c_proj.weight,19,rm_loss,493.8238525390625,4096,1024
ViT-L-14,identity,model.visual.transformer.resblocks.9.mlp.c_proj.weight,19,cosine_similarity,0.06954385340213776,4096,1024
ViT-L-14,actmat,model.visual.transformer.resblocks.10.mlp.c_fc.weight,20,rm_loss,10320.033203125,1024,4096
ViT-L-14,actmat,model.visual.transformer.resblocks.10.mlp.c_fc.weight,20,cosine_similarity,0.31795984506607056,1024,4096
ViT-L-14,actmat-identity-inv,model.visual.transformer.resblocks.10.mlp.c_fc.weight,20,rm_loss,10460.03515625,1024,4096
ViT-L-14,regmean,model.visual.transformer.resblocks.10.mlp.c_fc.weight,20,rm_loss,1860.185546875,1024,4096
ViT-L-14,identity,model.visual.transformer.resblocks.10.mlp.c_fc.weight,20,rm_loss,8270.4921875,1024,4096
ViT-L-14,identity,model.visual.transformer.resblocks.10.mlp.c_fc.weight,20,cosine_similarity,0.10570564866065979,1024,4096
ViT-L-14,actmat,model.visual.transformer.resblocks.10.mlp.c_proj.weight,21,rm_loss,220.61761474609375,4096,1024
ViT-L-14,actmat,model.visual.transformer.resblocks.10.mlp.c_proj.weight,21,cosine_similarity,0.612514853477478,4096,1024
ViT-L-14,actmat-identity-inv,model.visual.transformer.resblocks.10.mlp.c_proj.weight,21,rm_loss,608.5374755859375,4096,1024
ViT-L-14,regmean,model.visual.transformer.resblocks.10.mlp.c_proj.weight,21,rm_loss,55.5843505859375,4096,1024
ViT-L-14,identity,model.visual.transformer.resblocks.10.mlp.c_proj.weight,21,rm_loss,431.34088134765625,4096,1024
ViT-L-14,identity,model.visual.transformer.resblocks.10.mlp.c_proj.weight,21,cosine_similarity,0.06981436163187027,4096,1024
ViT-L-14,actmat,model.visual.transformer.resblocks.11.mlp.c_fc.weight,22,rm_loss,11271.6162109375,1024,4096
ViT-L-14,actmat,model.visual.transformer.resblocks.11.mlp.c_fc.weight,22,cosine_similarity,0.3464851975440979,1024,4096
ViT-L-14,actmat-identity-inv,model.visual.transformer.resblocks.11.mlp.c_fc.weight,22,rm_loss,12313.2236328125,1024,4096
ViT-L-14,regmean,model.visual.transformer.resblocks.11.mlp.c_fc.weight,22,rm_loss,2010.732421875,1024,4096
ViT-L-14,identity,model.visual.transformer.resblocks.11.mlp.c_fc.weight,22,rm_loss,9691.0390625,1024,4096
ViT-L-14,identity,model.visual.transformer.resblocks.11.mlp.c_fc.weight,22,cosine_similarity,0.10681721568107605,1024,4096
ViT-L-14,actmat,model.visual.transformer.resblocks.11.mlp.c_proj.weight,23,rm_loss,214.8516845703125,4096,1024
ViT-L-14,actmat,model.visual.transformer.resblocks.11.mlp.c_proj.weight,23,cosine_similarity,0.4855806827545166,4096,1024
ViT-L-14,actmat-identity-inv,model.visual.transformer.resblocks.11.mlp.c_proj.weight,23,rm_loss,562.6588134765625,4096,1024
ViT-L-14,regmean,model.visual.transformer.resblocks.11.mlp.c_proj.weight,23,rm_loss,53.495849609375,4096,1024
ViT-L-14,identity,model.visual.transformer.resblocks.11.mlp.c_proj.weight,23,rm_loss,410.61572265625,4096,1024
ViT-L-14,identity,model.visual.transformer.resblocks.11.mlp.c_proj.weight,23,cosine_similarity,0.061756670475006104,4096,1024
ViT-L-14,actmat,model.visual.transformer.resblocks.12.mlp.c_fc.weight,24,rm_loss,12658.474609375,1024,4096
ViT-L-14,actmat,model.visual.transformer.resblocks.12.mlp.c_fc.weight,24,cosine_similarity,0.3505447506904602,1024,4096
ViT-L-14,actmat-identity-inv,model.visual.transformer.resblocks.12.mlp.c_fc.weight,24,rm_loss,12813.51171875,1024,4096
ViT-L-14,regmean,model.visual.transformer.resblocks.12.mlp.c_fc.weight,24,rm_loss,2028.033203125,1024,4096
ViT-L-14,identity,model.visual.transformer.resblocks.12.mlp.c_fc.weight,24,rm_loss,10038.63671875,1024,4096
ViT-L-14,identity,model.visual.transformer.resblocks.12.mlp.c_fc.weight,24,cosine_similarity,0.10922907292842865,1024,4096
ViT-L-14,actmat,model.visual.transformer.resblocks.12.mlp.c_proj.weight,25,rm_loss,269.79052734375,4096,1024
ViT-L-14,actmat,model.visual.transformer.resblocks.12.mlp.c_proj.weight,25,cosine_similarity,0.16722670197486877,4096,1024
ViT-L-14,actmat-identity-inv,model.visual.transformer.resblocks.12.mlp.c_proj.weight,25,rm_loss,612.30126953125,4096,1024
ViT-L-14,regmean,model.visual.transformer.resblocks.12.mlp.c_proj.weight,25,rm_loss,98.1529541015625,4096,1024
ViT-L-14,identity,model.visual.transformer.resblocks.12.mlp.c_proj.weight,25,rm_loss,454.8526611328125,4096,1024
ViT-L-14,identity,model.visual.transformer.resblocks.12.mlp.c_proj.weight,25,cosine_similarity,0.03197776526212692,4096,1024
ViT-L-14,actmat,model.visual.transformer.resblocks.13.mlp.c_fc.weight,26,rm_loss,10556.556640625,1024,4096
ViT-L-14,actmat,model.visual.transformer.resblocks.13.mlp.c_fc.weight,26,cosine_similarity,0.445860892534256,1024,4096
ViT-L-14,actmat-identity-inv,model.visual.transformer.resblocks.13.mlp.c_fc.weight,26,rm_loss,15356.486328125,1024,4096
ViT-L-14,regmean,model.visual.transformer.resblocks.13.mlp.c_fc.weight,26,rm_loss,2322.28515625,1024,4096
ViT-L-14,identity,model.visual.transformer.resblocks.13.mlp.c_fc.weight,26,rm_loss,12151.0595703125,1024,4096
ViT-L-14,identity,model.visual.transformer.resblocks.13.mlp.c_fc.weight,26,cosine_similarity,0.11856669187545776,1024,4096
ViT-L-14,actmat,model.visual.transformer.resblocks.13.mlp.c_proj.weight,27,rm_loss,237.3431396484375,4096,1024
ViT-L-14,actmat,model.visual.transformer.resblocks.13.mlp.c_proj.weight,27,cosine_similarity,0.6502187252044678,4096,1024
ViT-L-14,actmat-identity-inv,model.visual.transformer.resblocks.13.mlp.c_proj.weight,27,rm_loss,578.8975830078125,4096,1024
ViT-L-14,regmean,model.visual.transformer.resblocks.13.mlp.c_proj.weight,27,rm_loss,63.57470703125,4096,1024
ViT-L-14,identity,model.visual.transformer.resblocks.13.mlp.c_proj.weight,27,rm_loss,453.3082275390625,4096,1024
ViT-L-14,identity,model.visual.transformer.resblocks.13.mlp.c_proj.weight,27,cosine_similarity,0.06138410419225693,4096,1024
ViT-L-14,actmat,model.visual.transformer.resblocks.14.mlp.c_fc.weight,28,rm_loss,8613.3515625,1024,4096
ViT-L-14,actmat,model.visual.transformer.resblocks.14.mlp.c_fc.weight,28,cosine_similarity,0.5090100765228271,1024,4096
ViT-L-14,actmat-identity-inv,model.visual.transformer.resblocks.14.mlp.c_fc.weight,28,rm_loss,17785.00390625,1024,4096
ViT-L-14,regmean,model.visual.transformer.resblocks.14.mlp.c_fc.weight,28,rm_loss,2727.34765625,1024,4096
ViT-L-14,identity,model.visual.transformer.resblocks.14.mlp.c_fc.weight,28,rm_loss,14229.7626953125,1024,4096
ViT-L-14,identity,model.visual.transformer.resblocks.14.mlp.c_fc.weight,28,cosine_similarity,0.13265720009803772,1024,4096
ViT-L-14,actmat,model.visual.transformer.resblocks.14.mlp.c_proj.weight,29,rm_loss,250.33447265625,4096,1024
ViT-L-14,actmat,model.visual.transformer.resblocks.14.mlp.c_proj.weight,29,cosine_similarity,0.6455156803131104,4096,1024
ViT-L-14,actmat-identity-inv,model.visual.transformer.resblocks.14.mlp.c_proj.weight,29,rm_loss,559.7160034179688,4096,1024
ViT-L-14,regmean,model.visual.transformer.resblocks.14.mlp.c_proj.weight,29,rm_loss,63.55987548828125,4096,1024
ViT-L-14,identity,model.visual.transformer.resblocks.14.mlp.c_proj.weight,29,rm_loss,449.45867919921875,4096,1024
ViT-L-14,identity,model.visual.transformer.resblocks.14.mlp.c_proj.weight,29,cosine_similarity,0.0654076337814331,4096,1024
ViT-L-14,actmat,model.visual.transformer.resblocks.15.mlp.c_fc.weight,30,rm_loss,9360.18359375,1024,4096
ViT-L-14,actmat,model.visual.transformer.resblocks.15.mlp.c_fc.weight,30,cosine_similarity,0.5280051231384277,1024,4096
ViT-L-14,actmat-identity-inv,model.visual.transformer.resblocks.15.mlp.c_fc.weight,30,rm_loss,21730.69921875,1024,4096
ViT-L-14,regmean,model.visual.transformer.resblocks.15.mlp.c_fc.weight,30,rm_loss,3299.5703125,1024,4096
ViT-L-14,identity,model.visual.transformer.resblocks.15.mlp.c_fc.weight,30,rm_loss,17525.03125,1024,4096
ViT-L-14,identity,model.visual.transformer.resblocks.15.mlp.c_fc.weight,30,cosine_similarity,0.13734611868858337,1024,4096
ViT-L-14,actmat,model.visual.transformer.resblocks.15.mlp.c_proj.weight,31,rm_loss,286.0318603515625,4096,1024
ViT-L-14,actmat,model.visual.transformer.resblocks.15.mlp.c_proj.weight,31,cosine_similarity,0.6041478514671326,4096,1024
ViT-L-14,actmat-identity-inv,model.visual.transformer.resblocks.15.mlp.c_proj.weight,31,rm_loss,547.4856567382812,4096,1024
ViT-L-14,regmean,model.visual.transformer.resblocks.15.mlp.c_proj.weight,31,rm_loss,71.6046142578125,4096,1024
ViT-L-14,identity,model.visual.transformer.resblocks.15.mlp.c_proj.weight,31,rm_loss,449.1804504394531,4096,1024
ViT-L-14,identity,model.visual.transformer.resblocks.15.mlp.c_proj.weight,31,cosine_similarity,0.06940346956253052,4096,1024
ViT-L-14,actmat,model.visual.transformer.resblocks.16.mlp.c_fc.weight,32,rm_loss,11892.0859375,1024,4096
ViT-L-14,actmat,model.visual.transformer.resblocks.16.mlp.c_fc.weight,32,cosine_similarity,0.5614389181137085,1024,4096
ViT-L-14,actmat-identity-inv,model.visual.transformer.resblocks.16.mlp.c_fc.weight,32,rm_loss,30581.578125,1024,4096
ViT-L-14,regmean,model.visual.transformer.resblocks.16.mlp.c_fc.weight,32,rm_loss,4817.96875,1024,4096
ViT-L-14,identity,model.visual.transformer.resblocks.16.mlp.c_fc.weight,32,rm_loss,24913.248046875,1024,4096
ViT-L-14,identity,model.visual.transformer.resblocks.16.mlp.c_fc.weight,32,cosine_similarity,0.14588244259357452,1024,4096
ViT-L-14,actmat,model.visual.transformer.resblocks.16.mlp.c_proj.weight,33,rm_loss,261.0338134765625,4096,1024
ViT-L-14,actmat,model.visual.transformer.resblocks.16.mlp.c_proj.weight,33,cosine_similarity,0.5722267031669617,4096,1024
ViT-L-14,actmat-identity-inv,model.visual.transformer.resblocks.16.mlp.c_proj.weight,33,rm_loss,445.8708190917969,4096,1024
ViT-L-14,regmean,model.visual.transformer.resblocks.16.mlp.c_proj.weight,33,rm_loss,70.25311279296875,4096,1024
ViT-L-14,identity,model.visual.transformer.resblocks.16.mlp.c_proj.weight,33,rm_loss,367.2743835449219,4096,1024
ViT-L-14,identity,model.visual.transformer.resblocks.16.mlp.c_proj.weight,33,cosine_similarity,0.07623210549354553,4096,1024
ViT-L-14,actmat,model.visual.transformer.resblocks.17.mlp.c_fc.weight,34,rm_loss,17619.7578125,1024,4096
ViT-L-14,actmat,model.visual.transformer.resblocks.17.mlp.c_fc.weight,34,cosine_similarity,0.5839945077896118,1024,4096
ViT-L-14,actmat-identity-inv,model.visual.transformer.resblocks.17.mlp.c_fc.weight,34,rm_loss,47300.90625,1024,4096
ViT-L-14,regmean,model.visual.transformer.resblocks.17.mlp.c_fc.weight,34,rm_loss,7718.390625,1024,4096
ViT-L-14,identity,model.visual.transformer.resblocks.17.mlp.c_fc.weight,34,rm_loss,38745.7421875,1024,4096
ViT-L-14,identity,model.visual.transformer.resblocks.17.mlp.c_fc.weight,34,cosine_similarity,0.1501312255859375,1024,4096
ViT-L-14,actmat,model.visual.transformer.resblocks.17.mlp.c_proj.weight,35,rm_loss,233.11981201171875,4096,1024
ViT-L-14,actmat,model.visual.transformer.resblocks.17.mlp.c_proj.weight,35,cosine_similarity,0.4851599931716919,4096,1024
ViT-L-14,actmat-identity-inv,model.visual.transformer.resblocks.17.mlp.c_proj.weight,35,rm_loss,307.39508056640625,4096,1024
ViT-L-14,regmean,model.visual.transformer.resblocks.17.mlp.c_proj.weight,35,rm_loss,59.3328857421875,4096,1024
ViT-L-14,identity,model.visual.transformer.resblocks.17.mlp.c_proj.weight,35,rm_loss,250.855224609375,4096,1024
ViT-L-14,identity,model.visual.transformer.resblocks.17.mlp.c_proj.weight,35,cosine_similarity,0.09714151918888092,4096,1024
ViT-L-14,actmat,model.visual.transformer.resblocks.18.mlp.c_fc.weight,36,rm_loss,21648.8046875,1024,4096
ViT-L-14,actmat,model.visual.transformer.resblocks.18.mlp.c_fc.weight,36,cosine_similarity,0.5644490122795105,1024,4096
ViT-L-14,actmat-identity-inv,model.visual.transformer.resblocks.18.mlp.c_fc.weight,36,rm_loss,54028.265625,1024,4096
ViT-L-14,regmean,model.visual.transformer.resblocks.18.mlp.c_fc.weight,36,rm_loss,9369.734375,1024,4096
ViT-L-14,identity,model.visual.transformer.resblocks.18.mlp.c_fc.weight,36,rm_loss,44431.64453125,1024,4096
ViT-L-14,identity,model.visual.transformer.resblocks.18.mlp.c_fc.weight,36,cosine_similarity,0.1568080186843872,1024,4096
ViT-L-14,actmat,model.visual.transformer.resblocks.18.mlp.c_proj.weight,37,rm_loss,234.27285766601562,4096,1024
ViT-L-14,actmat,model.visual.transformer.resblocks.18.mlp.c_proj.weight,37,cosine_similarity,0.3882381021976471,4096,1024
ViT-L-14,actmat-identity-inv,model.visual.transformer.resblocks.18.mlp.c_proj.weight,37,rm_loss,260.13934326171875,4096,1024
ViT-L-14,regmean,model.visual.transformer.resblocks.18.mlp.c_proj.weight,37,rm_loss,58.195281982421875,4096,1024
ViT-L-14,identity,model.visual.transformer.resblocks.18.mlp.c_proj.weight,37,rm_loss,212.0093536376953,4096,1024
ViT-L-14,identity,model.visual.transformer.resblocks.18.mlp.c_proj.weight,37,cosine_similarity,0.10930676758289337,4096,1024
ViT-L-14,actmat,model.visual.transformer.resblocks.19.mlp.c_fc.weight,38,rm_loss,26667.453125,1024,4096
ViT-L-14,actmat,model.visual.transformer.resblocks.19.mlp.c_fc.weight,38,cosine_similarity,0.49320244789123535,1024,4096
ViT-L-14,actmat-identity-inv,model.visual.transformer.resblocks.19.mlp.c_fc.weight,38,rm_loss,53945.12109375,1024,4096
ViT-L-14,regmean,model.visual.transformer.resblocks.19.mlp.c_fc.weight,38,rm_loss,10243.796875,1024,4096
ViT-L-14,identity,model.visual.transformer.resblocks.19.mlp.c_fc.weight,38,rm_loss,44515.7265625,1024,4096
ViT-L-14,identity,model.visual.transformer.resblocks.19.mlp.c_fc.weight,38,cosine_similarity,0.1518421173095703,1024,4096
ViT-L-14,actmat,model.visual.transformer.resblocks.19.mlp.c_proj.weight,39,rm_loss,267.0911865234375,4096,1024
ViT-L-14,actmat,model.visual.transformer.resblocks.19.mlp.c_proj.weight,39,cosine_similarity,0.26717641949653625,4096,1024
ViT-L-14,actmat-identity-inv,model.visual.transformer.resblocks.19.mlp.c_proj.weight,39,rm_loss,273.4295349121094,4096,1024
ViT-L-14,regmean,model.visual.transformer.resblocks.19.mlp.c_proj.weight,39,rm_loss,77.8138427734375,4096,1024
ViT-L-14,identity,model.visual.transformer.resblocks.19.mlp.c_proj.weight,39,rm_loss,219.9521484375,4096,1024
ViT-L-14,identity,model.visual.transformer.resblocks.19.mlp.c_proj.weight,39,cosine_similarity,0.08728296309709549,4096,1024
ViT-L-14,actmat,model.visual.transformer.resblocks.20.mlp.c_fc.weight,40,rm_loss,42034.7734375,1024,4096
ViT-L-14,actmat,model.visual.transformer.resblocks.20.mlp.c_fc.weight,40,cosine_similarity,0.41298773884773254,1024,4096
ViT-L-14,actmat-identity-inv,model.visual.transformer.resblocks.20.mlp.c_fc.weight,40,rm_loss,71072.125,1024,4096
ViT-L-14,regmean,model.visual.transformer.resblocks.20.mlp.c_fc.weight,40,rm_loss,13820.6875,1024,4096
ViT-L-14,identity,model.visual.transformer.resblocks.20.mlp.c_fc.weight,40,rm_loss,59194.8671875,1024,4096
ViT-L-14,identity,model.visual.transformer.resblocks.20.mlp.c_fc.weight,40,cosine_similarity,0.135446697473526,1024,4096
ViT-L-14,actmat,model.visual.transformer.resblocks.20.mlp.c_proj.weight,41,rm_loss,419.1618957519531,4096,1024
ViT-L-14,actmat,model.visual.transformer.resblocks.20.mlp.c_proj.weight,41,cosine_similarity,0.03091026283800602,4096,1024
ViT-L-14,actmat-identity-inv,model.visual.transformer.resblocks.20.mlp.c_proj.weight,41,rm_loss,284.142333984375,4096,1024
ViT-L-14,regmean,model.visual.transformer.resblocks.20.mlp.c_proj.weight,41,rm_loss,133.56472778320312,4096,1024
ViT-L-14,identity,model.visual.transformer.resblocks.20.mlp.c_proj.weight,41,rm_loss,220.90948486328125,4096,1024
ViT-L-14,identity,model.visual.transformer.resblocks.20.mlp.c_proj.weight,41,cosine_similarity,0.028348106890916824,4096,1024
ViT-L-14,actmat,model.visual.transformer.resblocks.21.mlp.c_fc.weight,42,rm_loss,38093.1875,1024,4096
ViT-L-14,actmat,model.visual.transformer.resblocks.21.mlp.c_fc.weight,42,cosine_similarity,0.2537718415260315,1024,4096
ViT-L-14,actmat-identity-inv,model.visual.transformer.resblocks.21.mlp.c_fc.weight,42,rm_loss,56010.25,1024,4096
ViT-L-14,regmean,model.visual.transformer.resblocks.21.mlp.c_fc.weight,42,rm_loss,11954.703125,1024,4096
ViT-L-14,identity,model.visual.transformer.resblocks.21.mlp.c_fc.weight,42,rm_loss,45926.14453125,1024,4096
ViT-L-14,identity,model.visual.transformer.resblocks.21.mlp.c_fc.weight,42,cosine_similarity,0.10599780082702637,1024,4096
ViT-L-14,actmat,model.visual.transformer.resblocks.21.mlp.c_proj.weight,43,rm_loss,520.3624877929688,4096,1024
ViT-L-14,actmat,model.visual.transformer.resblocks.21.mlp.c_proj.weight,43,cosine_similarity,0.040720194578170776,4096,1024
ViT-L-14,actmat-identity-inv,model.visual.transformer.resblocks.21.mlp.c_proj.weight,43,rm_loss,418.82733154296875,4096,1024
ViT-L-14,regmean,model.visual.transformer.resblocks.21.mlp.c_proj.weight,43,rm_loss,158.389404296875,4096,1024
ViT-L-14,identity,model.visual.transformer.resblocks.21.mlp.c_proj.weight,43,rm_loss,324.7384338378906,4096,1024
ViT-L-14,identity,model.visual.transformer.resblocks.21.mlp.c_proj.weight,43,cosine_similarity,0.03563821688294411,4096,1024
ViT-L-14,actmat,model.visual.transformer.resblocks.22.mlp.c_fc.weight,44,rm_loss,30137.265625,1024,4096
ViT-L-14,actmat,model.visual.transformer.resblocks.22.mlp.c_fc.weight,44,cosine_similarity,0.186460942029953,1024,4096
ViT-L-14,actmat-identity-inv,model.visual.transformer.resblocks.22.mlp.c_fc.weight,44,rm_loss,36123.1875,1024,4096
ViT-L-14,regmean,model.visual.transformer.resblocks.22.mlp.c_fc.weight,44,rm_loss,7697.31640625,1024,4096
ViT-L-14,identity,model.visual.transformer.resblocks.22.mlp.c_fc.weight,44,rm_loss,29442.66796875,1024,4096
ViT-L-14,identity,model.visual.transformer.resblocks.22.mlp.c_fc.weight,44,cosine_similarity,0.09850198030471802,1024,4096
ViT-L-14,actmat,model.visual.transformer.resblocks.22.mlp.c_proj.weight,45,rm_loss,701.412109375,4096,1024
ViT-L-14,actmat,model.visual.transformer.resblocks.22.mlp.c_proj.weight,45,cosine_similarity,0.10703152418136597,4096,1024
ViT-L-14,actmat-identity-inv,model.visual.transformer.resblocks.22.mlp.c_proj.weight,45,rm_loss,619.028564453125,4096,1024
ViT-L-14,regmean,model.visual.transformer.resblocks.22.mlp.c_proj.weight,45,rm_loss,157.2442626953125,4096,1024
ViT-L-14,identity,model.visual.transformer.resblocks.22.mlp.c_proj.weight,45,rm_loss,461.47705078125,4096,1024
ViT-L-14,identity,model.visual.transformer.resblocks.22.mlp.c_proj.weight,45,cosine_similarity,0.050321344286203384,4096,1024
ViT-L-14,actmat,model.visual.transformer.resblocks.23.mlp.c_fc.weight,46,rm_loss,54926.046875,1024,4096
ViT-L-14,actmat,model.visual.transformer.resblocks.23.mlp.c_fc.weight,46,cosine_similarity,0.0736861303448677,1024,4096
ViT-L-14,actmat-identity-inv,model.visual.transformer.resblocks.23.mlp.c_fc.weight,46,rm_loss,11164.0595703125,1024,4096
ViT-L-14,regmean,model.visual.transformer.resblocks.23.mlp.c_fc.weight,46,rm_loss,2698.703125,1024,4096
ViT-L-14,identity,model.visual.transformer.resblocks.23.mlp.c_fc.weight,46,rm_loss,8843.044921875,1024,4096
ViT-L-14,identity,model.visual.transformer.resblocks.23.mlp.c_fc.weight,46,cosine_similarity,0.08737761527299881,1024,4096
ViT-L-14,actmat,model.visual.transformer.resblocks.23.mlp.c_proj.weight,47,rm_loss,2397.92822265625,4096,1024
ViT-L-14,actmat,model.visual.transformer.resblocks.23.mlp.c_proj.weight,47,cosine_similarity,0.44835329055786133,4096,1024
ViT-L-14,actmat-identity-inv,model.visual.transformer.resblocks.23.mlp.c_proj.weight,47,rm_loss,2621.592041015625,4096,1024
ViT-L-14,regmean,model.visual.transformer.resblocks.23.mlp.c_proj.weight,47,rm_loss,395.98583984375,4096,1024
ViT-L-14,identity,model.visual.transformer.resblocks.23.mlp.c_proj.weight,47,rm_loss,2003.95849609375,4096,1024
ViT-L-14,identity,model.visual.transformer.resblocks.23.mlp.c_proj.weight,47,cosine_similarity,0.050701435655355453,4096,1024
ViT-L-14,actmat,model.visual.transformer.resblocks.17.attn.q.weight,48,rm_loss,4327.89892578125,1024,1024
ViT-L-14,actmat,model.visual.transformer.resblocks.17.attn.q.weight,48,cosine_similarity,0.3473955988883972,1024,1024
ViT-L-14,actmat-identity-inv,model.visual.transformer.resblocks.17.attn.q.weight,48,rm_loss,2551.3935546875,1024,1024
ViT-L-14,regmean,model.visual.transformer.resblocks.17.attn.q.weight,48,rm_loss,545.092041015625,1024,1024
ViT-L-14,identity,model.visual.transformer.resblocks.17.attn.q.weight,48,rm_loss,1973.61083984375,1024,1024
ViT-L-14,identity,model.visual.transformer.resblocks.17.attn.q.weight,48,cosine_similarity,0.17498564720153809,1024,1024
ViT-L-14,actmat,model.visual.transformer.resblocks.17.attn.k.weight,49,rm_loss,3814.09375,1024,1024
ViT-L-14,actmat,model.visual.transformer.resblocks.17.attn.k.weight,49,cosine_similarity,0.38532745838165283,1024,1024
ViT-L-14,actmat-identity-inv,model.visual.transformer.resblocks.17.attn.k.weight,49,rm_loss,2720.6591796875,1024,1024
ViT-L-14,regmean,model.visual.transformer.resblocks.17.attn.k.weight,49,rm_loss,569.86767578125,1024,1024
ViT-L-14,identity,model.visual.transformer.resblocks.17.attn.k.weight,49,rm_loss,2103.4912109375,1024,1024
ViT-L-14,identity,model.visual.transformer.resblocks.17.attn.k.weight,49,cosine_similarity,0.17498564720153809,1024,1024
ViT-L-14,actmat,model.visual.transformer.resblocks.17.attn.v.weight,50,rm_loss,1562.97216796875,1024,1024
ViT-L-14,actmat,model.visual.transformer.resblocks.17.attn.v.weight,50,cosine_similarity,0.38587796688079834,1024,1024
ViT-L-14,actmat-identity-inv,model.visual.transformer.resblocks.17.attn.v.weight,50,rm_loss,1652.232177734375,1024,1024
ViT-L-14,regmean,model.visual.transformer.resblocks.17.attn.v.weight,50,rm_loss,350.562255859375,1024,1024
ViT-L-14,identity,model.visual.transformer.resblocks.17.attn.v.weight,50,rm_loss,1281.0157470703125,1024,1024
ViT-L-14,identity,model.visual.transformer.resblocks.17.attn.v.weight,50,cosine_similarity,0.17498564720153809,1024,1024
ViT-L-14,actmat,model.visual.transformer.resblocks.17.attn.o.weight,51,rm_loss,21.784454345703125,1024,1024
ViT-L-14,actmat,model.visual.transformer.resblocks.17.attn.o.weight,51,cosine_similarity,0.38710594177246094,1024,1024
ViT-L-14,actmat-identity-inv,model.visual.transformer.resblocks.17.attn.o.weight,51,rm_loss,46.5053825378418,1024,1024
ViT-L-14,regmean,model.visual.transformer.resblocks.17.attn.o.weight,51,rm_loss,6.265266418457031,1024,1024
ViT-L-14,identity,model.visual.transformer.resblocks.17.attn.o.weight,51,rm_loss,36.1602783203125,1024,1024
ViT-L-14,identity,model.visual.transformer.resblocks.17.attn.o.weight,51,cosine_similarity,0.15924465656280518,1024,1024
ViT-L-14,actmat,model.visual.transformer.resblocks.7.attn.q.weight,52,rm_loss,4154.994140625,1024,1024
ViT-L-14,actmat,model.visual.transformer.resblocks.7.attn.q.weight,52,cosine_similarity,0.29289594292640686,1024,1024
ViT-L-14,actmat-identity-inv,model.visual.transformer.resblocks.7.attn.q.weight,52,rm_loss,1612.263427734375,1024,1024
ViT-L-14,regmean,model.visual.transformer.resblocks.7.attn.q.weight,52,rm_loss,402.15771484375,1024,1024
ViT-L-14,identity,model.visual.transformer.resblocks.7.attn.q.weight,52,rm_loss,1236.0308837890625,1024,1024
ViT-L-14,identity,model.visual.transformer.resblocks.7.attn.q.weight,52,cosine_similarity,0.19421237707138062,1024,1024
ViT-L-14,actmat,model.visual.transformer.resblocks.7.attn.k.weight,53,rm_loss,3260.201171875,1024,1024
ViT-L-14,actmat,model.visual.transformer.resblocks.7.attn.k.weight,53,cosine_similarity,0.2738131284713745,1024,1024
ViT-L-14,actmat-identity-inv,model.visual.transformer.resblocks.7.attn.k.weight,53,rm_loss,1258.287353515625,1024,1024
ViT-L-14,regmean,model.visual.transformer.resblocks.7.attn.k.weight,53,rm_loss,446.760009765625,1024,1024
ViT-L-14,identity,model.visual.transformer.resblocks.7.attn.k.weight,53,rm_loss,999.826171875,1024,1024
ViT-L-14,identity,model.visual.transformer.resblocks.7.attn.k.weight,53,cosine_similarity,0.19421237707138062,1024,1024
ViT-L-14,actmat,model.visual.transformer.resblocks.7.attn.v.weight,54,rm_loss,1151.7294921875,1024,1024
ViT-L-14,actmat,model.visual.transformer.resblocks.7.attn.v.weight,54,cosine_similarity,0.28295356035232544,1024,1024
ViT-L-14,actmat-identity-inv,model.visual.transformer.resblocks.7.attn.v.weight,54,rm_loss,787.5540771484375,1024,1024
ViT-L-14,regmean,model.visual.transformer.resblocks.7.attn.v.weight,54,rm_loss,219.9554443359375,1024,1024
ViT-L-14,identity,model.visual.transformer.resblocks.7.attn.v.weight,54,rm_loss,603.8214111328125,1024,1024
ViT-L-14,identity,model.visual.transformer.resblocks.7.attn.v.weight,54,cosine_similarity,0.19421237707138062,1024,1024
ViT-L-14,actmat,model.visual.transformer.resblocks.7.attn.o.weight,55,rm_loss,41.73085021972656,1024,1024
ViT-L-14,actmat,model.visual.transformer.resblocks.7.attn.o.weight,55,cosine_similarity,0.3353976607322693,1024,1024
ViT-L-14,actmat-identity-inv,model.visual.transformer.resblocks.7.attn.o.weight,55,rm_loss,61.39140701293945,1024,1024
ViT-L-14,regmean,model.visual.transformer.resblocks.7.attn.o.weight,55,rm_loss,11.832321166992188,1024,1024
ViT-L-14,identity,model.visual.transformer.resblocks.7.attn.o.weight,55,rm_loss,46.35939025878906,1024,1024
ViT-L-14,identity,model.visual.transformer.resblocks.7.attn.o.weight,55,cosine_similarity,0.1356433779001236,1024,1024
ViT-L-14,actmat,model.visual.transformer.resblocks.18.attn.q.weight,56,rm_loss,5063.498046875,1024,1024
ViT-L-14,actmat,model.visual.transformer.resblocks.18.attn.q.weight,56,cosine_similarity,0.3242412805557251,1024,1024
ViT-L-14,actmat-identity-inv,model.visual.transformer.resblocks.18.attn.q.weight,56,rm_loss,2614.009765625,1024,1024
ViT-L-14,regmean,model.visual.transformer.resblocks.18.attn.q.weight,56,rm_loss,580.861572265625,1024,1024
ViT-L-14,identity,model.visual.transformer.resblocks.18.attn.q.weight,56,rm_loss,2035.1888427734375,1024,1024
ViT-L-14,identity,model.visual.transformer.resblocks.18.attn.q.weight,56,cosine_similarity,0.1723019778728485,1024,1024
ViT-L-14,actmat,model.visual.transformer.resblocks.18.attn.k.weight,57,rm_loss,4008.98486328125,1024,1024
ViT-L-14,actmat,model.visual.transformer.resblocks.18.attn.k.weight,57,cosine_similarity,0.3812626004219055,1024,1024
ViT-L-14,actmat-identity-inv,model.visual.transformer.resblocks.18.attn.k.weight,57,rm_loss,2923.336181640625,1024,1024
ViT-L-14,regmean,model.visual.transformer.resblocks.18.attn.k.weight,57,rm_loss,602.591796875,1024,1024
ViT-L-14,identity,model.visual.transformer.resblocks.18.attn.k.weight,57,rm_loss,2274.6416015625,1024,1024
ViT-L-14,identity,model.visual.transformer.resblocks.18.attn.k.weight,57,cosine_similarity,0.1723019778728485,1024,1024
ViT-L-14,actmat,model.visual.transformer.resblocks.18.attn.v.weight,58,rm_loss,2009.78076171875,1024,1024
ViT-L-14,actmat,model.visual.transformer.resblocks.18.attn.v.weight,58,cosine_similarity,0.3753806948661804,1024,1024
ViT-L-14,actmat-identity-inv,model.visual.transformer.resblocks.18.attn.v.weight,58,rm_loss,1981.7205810546875,1024,1024
ViT-L-14,regmean,model.visual.transformer.resblocks.18.attn.v.weight,58,rm_loss,407.105712890625,1024,1024
ViT-L-14,identity,model.visual.transformer.resblocks.18.attn.v.weight,58,rm_loss,1541.9930419921875,1024,1024
ViT-L-14,identity,model.visual.transformer.resblocks.18.attn.v.weight,58,cosine_similarity,0.1723019778728485,1024,1024
ViT-L-14,actmat,model.visual.transformer.resblocks.18.attn.o.weight,59,rm_loss,22.916717529296875,1024,1024
ViT-L-14,actmat,model.visual.transformer.resblocks.18.attn.o.weight,59,cosine_similarity,0.3937610983848572,1024,1024
ViT-L-14,actmat-identity-inv,model.visual.transformer.resblocks.18.attn.o.weight,59,rm_loss,52.081722259521484,1024,1024
ViT-L-14,regmean,model.visual.transformer.resblocks.18.attn.o.weight,59,rm_loss,6.7361907958984375,1024,1024
ViT-L-14,identity,model.visual.transformer.resblocks.18.attn.o.weight,59,rm_loss,40.35704040527344,1024,1024
ViT-L-14,identity,model.visual.transformer.resblocks.18.attn.o.weight,59,cosine_similarity,0.1621168851852417,1024,1024
ViT-L-14,actmat,model.visual.transformer.resblocks.21.attn.q.weight,60,rm_loss,3541.00732421875,1024,1024
ViT-L-14,actmat,model.visual.transformer.resblocks.21.attn.q.weight,60,cosine_similarity,0.16487176716327667,1024,1024
ViT-L-14,actmat-identity-inv,model.visual.transformer.resblocks.21.attn.q.weight,60,rm_loss,2106.7001953125,1024,1024
ViT-L-14,regmean,model.visual.transformer.resblocks.21.attn.q.weight,60,rm_loss,573.59912109375,1024,1024
ViT-L-14,identity,model.visual.transformer.resblocks.21.attn.q.weight,60,rm_loss,1614.4393310546875,1024,1024
ViT-L-14,identity,model.visual.transformer.resblocks.21.attn.q.weight,60,cosine_similarity,0.12109453976154327,1024,1024
ViT-L-14,actmat,model.visual.transformer.resblocks.21.attn.k.weight,61,rm_loss,3926.4423828125,1024,1024
ViT-L-14,actmat,model.visual.transformer.resblocks.21.attn.k.weight,61,cosine_similarity,0.21386609971523285,1024,1024
ViT-L-14,actmat-identity-inv,model.visual.transformer.resblocks.21.attn.k.weight,61,rm_loss,3003.451416015625,1024,1024
ViT-L-14,regmean,model.visual.transformer.resblocks.21.attn.k.weight,61,rm_loss,814.63671875,1024,1024
ViT-L-14,identity,model.visual.transformer.resblocks.21.attn.k.weight,61,rm_loss,2249.857421875,1024,1024
ViT-L-14,identity,model.visual.transformer.resblocks.21.attn.k.weight,61,cosine_similarity,0.12109453976154327,1024,1024
ViT-L-14,actmat,model.visual.transformer.resblocks.21.attn.v.weight,62,rm_loss,2717.537109375,1024,1024
ViT-L-14,actmat,model.visual.transformer.resblocks.21.attn.v.weight,62,cosine_similarity,0.24706950783729553,1024,1024
ViT-L-14,actmat-identity-inv,model.visual.transformer.resblocks.21.attn.v.weight,62,rm_loss,2576.111083984375,1024,1024
ViT-L-14,regmean,model.visual.transformer.resblocks.21.attn.v.weight,62,rm_loss,706.317626953125,1024,1024
ViT-L-14,identity,model.visual.transformer.resblocks.21.attn.v.weight,62,rm_loss,1976.389892578125,1024,1024
ViT-L-14,identity,model.visual.transformer.resblocks.21.attn.v.weight,62,cosine_similarity,0.12109453976154327,1024,1024
ViT-L-14,actmat,model.visual.transformer.resblocks.21.attn.o.weight,63,rm_loss,80.37788391113281,1024,1024
ViT-L-14,actmat,model.visual.transformer.resblocks.21.attn.o.weight,63,cosine_similarity,0.28726673126220703,1024,1024
ViT-L-14,actmat-identity-inv,model.visual.transformer.resblocks.21.attn.o.weight,63,rm_loss,109.68367767333984,1024,1024
ViT-L-14,regmean,model.visual.transformer.resblocks.21.attn.o.weight,63,rm_loss,15.396926879882812,1024,1024
ViT-L-14,identity,model.visual.transformer.resblocks.21.attn.o.weight,63,rm_loss,83.01109313964844,1024,1024
ViT-L-14,identity,model.visual.transformer.resblocks.21.attn.o.weight,63,cosine_similarity,0.14686083793640137,1024,1024
ViT-L-14,actmat,model.visual.transformer.resblocks.10.attn.q.weight,64,rm_loss,2938.0595703125,1024,1024
ViT-L-14,actmat,model.visual.transformer.resblocks.10.attn.q.weight,64,cosine_similarity,0.34527283906936646,1024,1024
ViT-L-14,actmat-identity-inv,model.visual.transformer.resblocks.10.attn.q.weight,64,rm_loss,1597.2203369140625,1024,1024
ViT-L-14,regmean,model.visual.transformer.resblocks.10.attn.q.weight,64,rm_loss,533.2578125,1024,1024
ViT-L-14,identity,model.visual.transformer.resblocks.10.attn.q.weight,64,rm_loss,1253.1307373046875,1024,1024
ViT-L-14,identity,model.visual.transformer.resblocks.10.attn.q.weight,64,cosine_similarity,0.2171090841293335,1024,1024
ViT-L-14,actmat,model.visual.transformer.resblocks.10.attn.k.weight,65,rm_loss,2457.8037109375,1024,1024
ViT-L-14,actmat,model.visual.transformer.resblocks.10.attn.k.weight,65,cosine_similarity,0.352546751499176,1024,1024
ViT-L-14,actmat-identity-inv,model.visual.transformer.resblocks.10.attn.k.weight,65,rm_loss,1442.1025390625,1024,1024
ViT-L-14,regmean,model.visual.transformer.resblocks.10.attn.k.weight,65,rm_loss,570.6007080078125,1024,1024
ViT-L-14,identity,model.visual.transformer.resblocks.10.attn.k.weight,65,rm_loss,1149.077392578125,1024,1024
ViT-L-14,identity,model.visual.transformer.resblocks.10.attn.k.weight,65,cosine_similarity,0.2171090841293335,1024,1024
ViT-L-14,actmat,model.visual.transformer.resblocks.10.attn.v.weight,66,rm_loss,1216.039794921875,1024,1024
ViT-L-14,actmat,model.visual.transformer.resblocks.10.attn.v.weight,66,cosine_similarity,0.31429147720336914,1024,1024
ViT-L-14,actmat-identity-inv,model.visual.transformer.resblocks.10.attn.v.weight,66,rm_loss,752.890380859375,1024,1024
ViT-L-14,regmean,model.visual.transformer.resblocks.10.attn.v.weight,66,rm_loss,268.31939697265625,1024,1024
ViT-L-14,identity,model.visual.transformer.resblocks.10.attn.v.weight,66,rm_loss,588.4671020507812,1024,1024
ViT-L-14,identity,model.visual.transformer.resblocks.10.attn.v.weight,66,cosine_similarity,0.2171090841293335,1024,1024
ViT-L-14,actmat,model.visual.transformer.resblocks.10.attn.o.weight,67,rm_loss,64.62289428710938,1024,1024
ViT-L-14,actmat,model.visual.transformer.resblocks.10.attn.o.weight,67,cosine_similarity,0.3675140142440796,1024,1024
ViT-L-14,actmat-identity-inv,model.visual.transformer.resblocks.10.attn.o.weight,67,rm_loss,73.1458969116211,1024,1024
ViT-L-14,regmean,model.visual.transformer.resblocks.10.attn.o.weight,67,rm_loss,17.929161071777344,1024,1024
ViT-L-14,identity,model.visual.transformer.resblocks.10.attn.o.weight,67,rm_loss,56.981407165527344,1024,1024
ViT-L-14,identity,model.visual.transformer.resblocks.10.attn.o.weight,67,cosine_similarity,0.16008275747299194,1024,1024
ViT-L-14,actmat,model.visual.transformer.resblocks.2.attn.q.weight,68,rm_loss,2704.019287109375,1024,1024
ViT-L-14,actmat,model.visual.transformer.resblocks.2.attn.q.weight,68,cosine_similarity,0.15323969721794128,1024,1024
ViT-L-14,actmat-identity-inv,model.visual.transformer.resblocks.2.attn.q.weight,68,rm_loss,627.111083984375,1024,1024
ViT-L-14,regmean,model.visual.transformer.resblocks.2.attn.q.weight,68,rm_loss,116.2911376953125,1024,1024
ViT-L-14,identity,model.visual.transformer.resblocks.2.attn.q.weight,68,rm_loss,449.98968505859375,1024,1024
ViT-L-14,identity,model.visual.transformer.resblocks.2.attn.q.weight,68,cosine_similarity,0.14350135624408722,1024,1024
ViT-L-14,actmat,model.visual.transformer.resblocks.2.attn.k.weight,69,rm_loss,2607.64697265625,1024,1024
ViT-L-14,actmat,model.visual.transformer.resblocks.2.attn.k.weight,69,cosine_similarity,0.1523704081773758,1024,1024
ViT-L-14,actmat-identity-inv,model.visual.transformer.resblocks.2.attn.k.weight,69,rm_loss,725.2273559570312,1024,1024
ViT-L-14,regmean,model.visual.transformer.resblocks.2.attn.k.weight,69,rm_loss,113.14013671875,1024,1024
ViT-L-14,identity,model.visual.transformer.resblocks.2.attn.k.weight,69,rm_loss,528.9840087890625,1024,1024
ViT-L-14,identity,model.visual.transformer.resblocks.2.attn.k.weight,69,cosine_similarity,0.14350135624408722,1024,1024
ViT-L-14,actmat,model.visual.transformer.resblocks.2.attn.v.weight,70,rm_loss,1487.229736328125,1024,1024
ViT-L-14,actmat,model.visual.transformer.resblocks.2.attn.v.weight,70,cosine_similarity,0.16765683889389038,1024,1024
ViT-L-14,actmat-identity-inv,model.visual.transformer.resblocks.2.attn.v.weight,70,rm_loss,464.964111328125,1024,1024
ViT-L-14,regmean,model.visual.transformer.resblocks.2.attn.v.weight,70,rm_loss,72.0615234375,1024,1024
ViT-L-14,identity,model.visual.transformer.resblocks.2.attn.v.weight,70,rm_loss,358.1756591796875,1024,1024
ViT-L-14,identity,model.visual.transformer.resblocks.2.attn.v.weight,70,cosine_similarity,0.14350135624408722,1024,1024
ViT-L-14,actmat,model.visual.transformer.resblocks.2.attn.o.weight,71,rm_loss,21.888916015625,1024,1024
ViT-L-14,actmat,model.visual.transformer.resblocks.2.attn.o.weight,71,cosine_similarity,0.24994438886642456,1024,1024
ViT-L-14,actmat-identity-inv,model.visual.transformer.resblocks.2.attn.o.weight,71,rm_loss,28.688127517700195,1024,1024
ViT-L-14,regmean,model.visual.transformer.resblocks.2.attn.o.weight,71,rm_loss,0.7207107543945312,1024,1024
ViT-L-14,identity,model.visual.transformer.resblocks.2.attn.o.weight,71,rm_loss,21.663002014160156,1024,1024
ViT-L-14,identity,model.visual.transformer.resblocks.2.attn.o.weight,71,cosine_similarity,0.06798270344734192,1024,1024
ViT-L-14,actmat,model.visual.transformer.resblocks.1.attn.q.weight,72,rm_loss,3257.6005859375,1024,1024
ViT-L-14,actmat,model.visual.transformer.resblocks.1.attn.q.weight,72,cosine_similarity,0.1333332359790802,1024,1024
ViT-L-14,actmat-identity-inv,model.visual.transformer.resblocks.1.attn.q.weight,72,rm_loss,440.7423095703125,1024,1024
ViT-L-14,regmean,model.visual.transformer.resblocks.1.attn.q.weight,72,rm_loss,96.71356201171875,1024,1024
ViT-L-14,identity,model.visual.transformer.resblocks.1.attn.q.weight,72,rm_loss,330.59490966796875,1024,1024
ViT-L-14,identity,model.visual.transformer.resblocks.1.attn.q.weight,72,cosine_similarity,0.13108444213867188,1024,1024
ViT-L-14,actmat,model.visual.transformer.resblocks.1.attn.k.weight,73,rm_loss,1858.4171142578125,1024,1024
ViT-L-14,actmat,model.visual.transformer.resblocks.1.attn.k.weight,73,cosine_similarity,0.14847072958946228,1024,1024
ViT-L-14,actmat-identity-inv,model.visual.transformer.resblocks.1.attn.k.weight,73,rm_loss,558.573974609375,1024,1024
ViT-L-14,regmean,model.visual.transformer.resblocks.1.attn.k.weight,73,rm_loss,87.9957275390625,1024,1024
ViT-L-14,identity,model.visual.transformer.resblocks.1.attn.k.weight,73,rm_loss,417.68890380859375,1024,1024
ViT-L-14,identity,model.visual.transformer.resblocks.1.attn.k.weight,73,cosine_similarity,0.13108444213867188,1024,1024
ViT-L-14,actmat,model.visual.transformer.resblocks.1.attn.v.weight,74,rm_loss,1301.439697265625,1024,1024
ViT-L-14,actmat,model.visual.transformer.resblocks.1.attn.v.weight,74,cosine_similarity,0.1599300503730774,1024,1024
ViT-L-14,actmat-identity-inv,model.visual.transformer.resblocks.1.attn.v.weight,74,rm_loss,390.99554443359375,1024,1024
ViT-L-14,regmean,model.visual.transformer.resblocks.1.attn.v.weight,74,rm_loss,57.12518310546875,1024,1024
ViT-L-14,identity,model.visual.transformer.resblocks.1.attn.v.weight,74,rm_loss,299.1696472167969,1024,1024
ViT-L-14,identity,model.visual.transformer.resblocks.1.attn.v.weight,74,cosine_similarity,0.13108444213867188,1024,1024
ViT-L-14,actmat,model.visual.transformer.resblocks.1.attn.o.weight,75,rm_loss,19.263290405273438,1024,1024
ViT-L-14,actmat,model.visual.transformer.resblocks.1.attn.o.weight,75,cosine_similarity,0.24972569942474365,1024,1024
ViT-L-14,actmat-identity-inv,model.visual.transformer.resblocks.1.attn.o.weight,75,rm_loss,34.632415771484375,1024,1024
ViT-L-14,regmean,model.visual.transformer.resblocks.1.attn.o.weight,75,rm_loss,0.6624221801757812,1024,1024
ViT-L-14,identity,model.visual.transformer.resblocks.1.attn.o.weight,75,rm_loss,26.18760871887207,1024,1024
ViT-L-14,identity,model.visual.transformer.resblocks.1.attn.o.weight,75,cosine_similarity,0.06142348796129227,1024,1024
ViT-L-14,actmat,model.visual.transformer.resblocks.20.attn.q.weight,76,rm_loss,3920.6845703125,1024,1024
ViT-L-14,actmat,model.visual.transformer.resblocks.20.attn.q.weight,76,cosine_similarity,0.22298212349414825,1024,1024
ViT-L-14,actmat-identity-inv,model.visual.transformer.resblocks.20.attn.q.weight,76,rm_loss,2097.70458984375,1024,1024
ViT-L-14,regmean,model.visual.transformer.resblocks.20.attn.q.weight,76,rm_loss,547.1826171875,1024,1024
ViT-L-14,identity,model.visual.transformer.resblocks.20.attn.q.weight,76,rm_loss,1634.76123046875,1024,1024
ViT-L-14,identity,model.visual.transformer.resblocks.20.attn.q.weight,76,cosine_similarity,0.16085508465766907,1024,1024
ViT-L-14,actmat,model.visual.transformer.resblocks.20.attn.k.weight,77,rm_loss,4147.02294921875,1024,1024
ViT-L-14,actmat,model.visual.transformer.resblocks.20.attn.k.weight,77,cosine_similarity,0.2709106206893921,1024,1024
ViT-L-14,actmat-identity-inv,model.visual.transformer.resblocks.20.attn.k.weight,77,rm_loss,2548.947998046875,1024,1024
ViT-L-14,regmean,model.visual.transformer.resblocks.20.attn.k.weight,77,rm_loss,632.83740234375,1024,1024
ViT-L-14,identity,model.visual.transformer.resblocks.20.attn.k.weight,77,rm_loss,1982.0631103515625,1024,1024
ViT-L-14,identity,model.visual.transformer.resblocks.20.attn.k.weight,77,cosine_similarity,0.16085508465766907,1024,1024
ViT-L-14,actmat,model.visual.transformer.resblocks.20.attn.v.weight,78,rm_loss,2290.724609375,1024,1024
ViT-L-14,actmat,model.visual.transformer.resblocks.20.attn.v.weight,78,cosine_similarity,0.27385348081588745,1024,1024
ViT-L-14,actmat-identity-inv,model.visual.transformer.resblocks.20.attn.v.weight,78,rm_loss,1941.393310546875,1024,1024
ViT-L-14,regmean,model.visual.transformer.resblocks.20.attn.v.weight,78,rm_loss,472.724365234375,1024,1024
ViT-L-14,identity,model.visual.transformer.resblocks.20.attn.v.weight,78,rm_loss,1496.165771484375,1024,1024
ViT-L-14,identity,model.visual.transformer.resblocks.20.attn.v.weight,78,cosine_similarity,0.16085508465766907,1024,1024
ViT-L-14,actmat,model.visual.transformer.resblocks.20.attn.o.weight,79,rm_loss,44.29686737060547,1024,1024
ViT-L-14,actmat,model.visual.transformer.resblocks.20.attn.o.weight,79,cosine_similarity,0.33095043897628784,1024,1024
ViT-L-14,actmat-identity-inv,model.visual.transformer.resblocks.20.attn.o.weight,79,rm_loss,77.463623046875,1024,1024
ViT-L-14,regmean,model.visual.transformer.resblocks.20.attn.o.weight,79,rm_loss,10.945571899414062,1024,1024
ViT-L-14,identity,model.visual.transformer.resblocks.20.attn.o.weight,79,rm_loss,59.47101593017578,1024,1024
ViT-L-14,identity,model.visual.transformer.resblocks.20.attn.o.weight,79,cosine_similarity,0.17044928669929504,1024,1024
ViT-L-14,actmat,model.visual.transformer.resblocks.22.attn.q.weight,80,rm_loss,5722.55615234375,1024,1024
ViT-L-14,actmat,model.visual.transformer.resblocks.22.attn.q.weight,80,cosine_similarity,0.10681033134460449,1024,1024
ViT-L-14,actmat-identity-inv,model.visual.transformer.resblocks.22.attn.q.weight,80,rm_loss,3189.177490234375,1024,1024
ViT-L-14,regmean,model.visual.transformer.resblocks.22.attn.q.weight,80,rm_loss,694.751953125,1024,1024
ViT-L-14,identity,model.visual.transformer.resblocks.22.attn.q.weight,80,rm_loss,2281.673583984375,1024,1024
ViT-L-14,identity,model.visual.transformer.resblocks.22.attn.q.weight,80,cosine_similarity,0.09336584061384201,1024,1024
ViT-L-14,actmat,model.visual.transformer.resblocks.22.attn.k.weight,81,rm_loss,8249.6455078125,1024,1024
ViT-L-14,actmat,model.visual.transformer.resblocks.22.attn.k.weight,81,cosine_similarity,0.11254377663135529,1024,1024
ViT-L-14,actmat-identity-inv,model.visual.transformer.resblocks.22.attn.k.weight,81,rm_loss,2990.765625,1024,1024
ViT-L-14,regmean,model.visual.transformer.resblocks.22.attn.k.weight,81,rm_loss,826.2578125,1024,1024
ViT-L-14,identity,model.visual.transformer.resblocks.22.attn.k.weight,81,rm_loss,2272.935546875,1024,1024
ViT-L-14,identity,model.visual.transformer.resblocks.22.attn.k.weight,81,cosine_similarity,0.09336584061384201,1024,1024
ViT-L-14,actmat,model.visual.transformer.resblocks.22.attn.v.weight,82,rm_loss,14955.40234375,1024,1024
ViT-L-14,actmat,model.visual.transformer.resblocks.22.attn.v.weight,82,cosine_similarity,0.22334277629852295,1024,1024
ViT-L-14,actmat-identity-inv,model.visual.transformer.resblocks.22.attn.v.weight,82,rm_loss,4691.7861328125,1024,1024
ViT-L-14,regmean,model.visual.transformer.resblocks.22.attn.v.weight,82,rm_loss,982.68115234375,1024,1024
ViT-L-14,identity,model.visual.transformer.resblocks.22.attn.v.weight,82,rm_loss,3570.27880859375,1024,1024
ViT-L-14,identity,model.visual.transformer.resblocks.22.attn.v.weight,82,cosine_similarity,0.09336584061384201,1024,1024
ViT-L-14,actmat,model.visual.transformer.resblocks.22.attn.o.weight,83,rm_loss,177.4525146484375,1024,1024
ViT-L-14,actmat,model.visual.transformer.resblocks.22.attn.o.weight,83,cosine_similarity,0.22182078659534454,1024,1024
ViT-L-14,actmat-identity-inv,model.visual.transformer.resblocks.22.attn.o.weight,83,rm_loss,130.0733184814453,1024,1024
ViT-L-14,regmean,model.visual.transformer.resblocks.22.attn.o.weight,83,rm_loss,24.137039184570312,1024,1024
ViT-L-14,identity,model.visual.transformer.resblocks.22.attn.o.weight,83,rm_loss,99.02317810058594,1024,1024
ViT-L-14,identity,model.visual.transformer.resblocks.22.attn.o.weight,83,cosine_similarity,0.1832951307296753,1024,1024
ViT-L-14,actmat,model.visual.transformer.resblocks.13.attn.q.weight,84,rm_loss,3145.993896484375,1024,1024
ViT-L-14,actmat,model.visual.transformer.resblocks.13.attn.q.weight,84,cosine_similarity,0.32356369495391846,1024,1024
ViT-L-14,actmat-identity-inv,model.visual.transformer.resblocks.13.attn.q.weight,84,rm_loss,2322.936767578125,1024,1024
ViT-L-14,regmean,model.visual.transformer.resblocks.13.attn.q.weight,84,rm_loss,545.65673828125,1024,1024
ViT-L-14,identity,model.visual.transformer.resblocks.13.attn.q.weight,84,rm_loss,1755.81689453125,1024,1024
ViT-L-14,identity,model.visual.transformer.resblocks.13.attn.q.weight,84,cosine_similarity,0.1806637942790985,1024,1024
ViT-L-14,actmat,model.visual.transformer.resblocks.13.attn.k.weight,85,rm_loss,2882.346435546875,1024,1024
ViT-L-14,actmat,model.visual.transformer.resblocks.13.attn.k.weight,85,cosine_similarity,0.3471452593803406,1024,1024
ViT-L-14,actmat-identity-inv,model.visual.transformer.resblocks.13.attn.k.weight,85,rm_loss,2318.951171875,1024,1024
ViT-L-14,regmean,model.visual.transformer.resblocks.13.attn.k.weight,85,rm_loss,568.68603515625,1024,1024
ViT-L-14,identity,model.visual.transformer.resblocks.13.attn.k.weight,85,rm_loss,1782.217529296875,1024,1024
ViT-L-14,identity,model.visual.transformer.resblocks.13.attn.k.weight,85,cosine_similarity,0.1806637942790985,1024,1024
ViT-L-14,actmat,model.visual.transformer.resblocks.13.attn.v.weight,86,rm_loss,1294.135986328125,1024,1024
ViT-L-14,actmat,model.visual.transformer.resblocks.13.attn.v.weight,86,cosine_similarity,0.3180120587348938,1024,1024
ViT-L-14,actmat-identity-inv,model.visual.transformer.resblocks.13.attn.v.weight,86,rm_loss,1105.3489990234375,1024,1024
ViT-L-14,regmean,model.visual.transformer.resblocks.13.attn.v.weight,86,rm_loss,285.067138671875,1024,1024
ViT-L-14,identity,model.visual.transformer.resblocks.13.attn.v.weight,86,rm_loss,854.2010498046875,1024,1024
ViT-L-14,identity,model.visual.transformer.resblocks.13.attn.v.weight,86,cosine_similarity,0.1806637942790985,1024,1024
ViT-L-14,actmat,model.visual.transformer.resblocks.13.attn.o.weight,87,rm_loss,32.987754821777344,1024,1024
ViT-L-14,actmat,model.visual.transformer.resblocks.13.attn.o.weight,87,cosine_similarity,0.3764761686325073,1024,1024
ViT-L-14,actmat-identity-inv,model.visual.transformer.resblocks.13.attn.o.weight,87,rm_loss,60.09341812133789,1024,1024
ViT-L-14,regmean,model.visual.transformer.resblocks.13.attn.o.weight,87,rm_loss,9.208564758300781,1024,1024
ViT-L-14,identity,model.visual.transformer.resblocks.13.attn.o.weight,87,rm_loss,45.71326446533203,1024,1024
ViT-L-14,identity,model.visual.transformer.resblocks.13.attn.o.weight,87,cosine_similarity,0.1569872796535492,1024,1024
ViT-L-14,actmat,model.visual.transformer.resblocks.4.attn.q.weight,88,rm_loss,2542.7900390625,1024,1024
ViT-L-14,actmat,model.visual.transformer.resblocks.4.attn.q.weight,88,cosine_similarity,0.1935669183731079,1024,1024
ViT-L-14,actmat-identity-inv,model.visual.transformer.resblocks.4.attn.q.weight,88,rm_loss,725.671630859375,1024,1024
ViT-L-14,regmean,model.visual.transformer.resblocks.4.attn.q.weight,88,rm_loss,148.9703369140625,1024,1024
ViT-L-14,identity,model.visual.transformer.resblocks.4.attn.q.weight,88,rm_loss,545.3888549804688,1024,1024
ViT-L-14,identity,model.visual.transformer.resblocks.4.attn.q.weight,88,cosine_similarity,0.16288766264915466,1024,1024
ViT-L-14,actmat,model.visual.transformer.resblocks.4.attn.k.weight,89,rm_loss,2382.927734375,1024,1024
ViT-L-14,actmat,model.visual.transformer.resblocks.4.attn.k.weight,89,cosine_similarity,0.18696850538253784,1024,1024
ViT-L-14,actmat-identity-inv,model.visual.transformer.resblocks.4.attn.k.weight,89,rm_loss,627.3649291992188,1024,1024
ViT-L-14,regmean,model.visual.transformer.resblocks.4.attn.k.weight,89,rm_loss,158.1700439453125,1024,1024
ViT-L-14,identity,model.visual.transformer.resblocks.4.attn.k.weight,89,rm_loss,472.766357421875,1024,1024
ViT-L-14,identity,model.visual.transformer.resblocks.4.attn.k.weight,89,cosine_similarity,0.16288766264915466,1024,1024
ViT-L-14,actmat,model.visual.transformer.resblocks.4.attn.v.weight,90,rm_loss,808.3775634765625,1024,1024
ViT-L-14,actmat,model.visual.transformer.resblocks.4.attn.v.weight,90,cosine_similarity,0.20232105255126953,1024,1024
ViT-L-14,actmat-identity-inv,model.visual.transformer.resblocks.4.attn.v.weight,90,rm_loss,482.54241943359375,1024,1024
ViT-L-14,regmean,model.visual.transformer.resblocks.4.attn.v.weight,90,rm_loss,88.1153564453125,1024,1024
ViT-L-14,identity,model.visual.transformer.resblocks.4.attn.v.weight,90,rm_loss,369.4156188964844,1024,1024
ViT-L-14,identity,model.visual.transformer.resblocks.4.attn.v.weight,90,cosine_similarity,0.16288766264915466,1024,1024
ViT-L-14,actmat,model.visual.transformer.resblocks.4.attn.o.weight,91,rm_loss,23.66201400756836,1024,1024
ViT-L-14,actmat,model.visual.transformer.resblocks.4.attn.o.weight,91,cosine_similarity,0.2870956361293793,1024,1024
ViT-L-14,actmat-identity-inv,model.visual.transformer.resblocks.4.attn.o.weight,91,rm_loss,26.60923194885254,1024,1024
ViT-L-14,regmean,model.visual.transformer.resblocks.4.attn.o.weight,91,rm_loss,1.9266624450683594,1024,1024
ViT-L-14,identity,model.visual.transformer.resblocks.4.attn.o.weight,91,rm_loss,20.19459342956543,1024,1024
ViT-L-14,identity,model.visual.transformer.resblocks.4.attn.o.weight,91,cosine_similarity,0.0947924554347992,1024,1024
ViT-L-14,actmat,model.visual.transformer.resblocks.19.attn.q.weight,92,rm_loss,3825.14208984375,1024,1024
ViT-L-14,actmat,model.visual.transformer.resblocks.19.attn.q.weight,92,cosine_similarity,0.2662130892276764,1024,1024
ViT-L-14,actmat-identity-inv,model.visual.transformer.resblocks.19.attn.q.weight,92,rm_loss,2161.248779296875,1024,1024
ViT-L-14,regmean,model.visual.transformer.resblocks.19.attn.q.weight,92,rm_loss,537.992431640625,1024,1024
ViT-L-14,identity,model.visual.transformer.resblocks.19.attn.q.weight,92,rm_loss,1677.036376953125,1024,1024
ViT-L-14,identity,model.visual.transformer.resblocks.19.attn.q.weight,92,cosine_similarity,0.1713462769985199,1024,1024
ViT-L-14,actmat,model.visual.transformer.resblocks.19.attn.k.weight,93,rm_loss,4403.9208984375,1024,1024
ViT-L-14,actmat,model.visual.transformer.resblocks.19.attn.k.weight,93,cosine_similarity,0.3394910395145416,1024,1024
ViT-L-14,actmat-identity-inv,model.visual.transformer.resblocks.19.attn.k.weight,93,rm_loss,2793.08984375,1024,1024
ViT-L-14,regmean,model.visual.transformer.resblocks.19.attn.k.weight,93,rm_loss,614.283203125,1024,1024
ViT-L-14,identity,model.visual.transformer.resblocks.19.attn.k.weight,93,rm_loss,2168.533203125,1024,1024
ViT-L-14,identity,model.visual.transformer.resblocks.19.attn.k.weight,93,cosine_similarity,0.1713462769985199,1024,1024
ViT-L-14,actmat,model.visual.transformer.resblocks.19.attn.v.weight,94,rm_loss,1758.229248046875,1024,1024
ViT-L-14,actmat,model.visual.transformer.resblocks.19.attn.v.weight,94,cosine_similarity,0.34085291624069214,1024,1024
ViT-L-14,actmat-identity-inv,model.visual.transformer.resblocks.19.attn.v.weight,94,rm_loss,1871.68408203125,1024,1024
ViT-L-14,regmean,model.visual.transformer.resblocks.19.attn.v.weight,94,rm_loss,420.15087890625,1024,1024
ViT-L-14,identity,model.visual.transformer.resblocks.19.attn.v.weight,94,rm_loss,1452.0279541015625,1024,1024
ViT-L-14,identity,model.visual.transformer.resblocks.19.attn.v.weight,94,cosine_similarity,0.1713462769985199,1024,1024
ViT-L-14,actmat,model.visual.transformer.resblocks.19.attn.o.weight,95,rm_loss,32.17353820800781,1024,1024
ViT-L-14,actmat,model.visual.transformer.resblocks.19.attn.o.weight,95,cosine_similarity,0.3298552632331848,1024,1024
ViT-L-14,actmat-identity-inv,model.visual.transformer.resblocks.19.attn.o.weight,95,rm_loss,54.45645523071289,1024,1024
ViT-L-14,regmean,model.visual.transformer.resblocks.19.attn.o.weight,95,rm_loss,8.238975524902344,1024,1024
ViT-L-14,identity,model.visual.transformer.resblocks.19.attn.o.weight,95,rm_loss,42.42796325683594,1024,1024
ViT-L-14,identity,model.visual.transformer.resblocks.19.attn.o.weight,95,cosine_similarity,0.154692143201828,1024,1024
ViT-L-14,actmat,model.visual.transformer.resblocks.8.attn.q.weight,96,rm_loss,3908.47265625,1024,1024
ViT-L-14,actmat,model.visual.transformer.resblocks.8.attn.q.weight,96,cosine_similarity,0.30018770694732666,1024,1024
ViT-L-14,actmat-identity-inv,model.visual.transformer.resblocks.8.attn.q.weight,96,rm_loss,1661.8470458984375,1024,1024
ViT-L-14,regmean,model.visual.transformer.resblocks.8.attn.q.weight,96,rm_loss,447.946044921875,1024,1024
ViT-L-14,identity,model.visual.transformer.resblocks.8.attn.q.weight,96,rm_loss,1299.9976806640625,1024,1024
ViT-L-14,identity,model.visual.transformer.resblocks.8.attn.q.weight,96,cosine_similarity,0.19548799097537994,1024,1024
ViT-L-14,actmat,model.visual.transformer.resblocks.8.attn.k.weight,97,rm_loss,2918.89453125,1024,1024
ViT-L-14,actmat,model.visual.transformer.resblocks.8.attn.k.weight,97,cosine_similarity,0.282565176486969,1024,1024
ViT-L-14,actmat-identity-inv,model.visual.transformer.resblocks.8.attn.k.weight,97,rm_loss,1356.2786865234375,1024,1024
ViT-L-14,regmean,model.visual.transformer.resblocks.8.attn.k.weight,97,rm_loss,492.99365234375,1024,1024
ViT-L-14,identity,model.visual.transformer.resblocks.8.attn.k.weight,97,rm_loss,1077.895751953125,1024,1024
ViT-L-14,identity,model.visual.transformer.resblocks.8.attn.k.weight,97,cosine_similarity,0.19548799097537994,1024,1024
ViT-L-14,actmat,model.visual.transformer.resblocks.8.attn.v.weight,98,rm_loss,1271.444091796875,1024,1024
ViT-L-14,actmat,model.visual.transformer.resblocks.8.attn.v.weight,98,cosine_similarity,0.28471070528030396,1024,1024
ViT-L-14,actmat-identity-inv,model.visual.transformer.resblocks.8.attn.v.weight,98,rm_loss,797.7340698242188,1024,1024
ViT-L-14,regmean,model.visual.transformer.resblocks.8.attn.v.weight,98,rm_loss,249.0467529296875,1024,1024
ViT-L-14,identity,model.visual.transformer.resblocks.8.attn.v.weight,98,rm_loss,618.1494140625,1024,1024
ViT-L-14,identity,model.visual.transformer.resblocks.8.attn.v.weight,98,cosine_similarity,0.19548799097537994,1024,1024
ViT-L-14,actmat,model.visual.transformer.resblocks.8.attn.o.weight,99,rm_loss,67.77938842773438,1024,1024
ViT-L-14,actmat,model.visual.transformer.resblocks.8.attn.o.weight,99,cosine_similarity,0.3657182455062866,1024,1024
ViT-L-14,actmat-identity-inv,model.visual.transformer.resblocks.8.attn.o.weight,99,rm_loss,84.2440414428711,1024,1024
ViT-L-14,regmean,model.visual.transformer.resblocks.8.attn.o.weight,99,rm_loss,17.6768798828125,1024,1024
ViT-L-14,identity,model.visual.transformer.resblocks.8.attn.o.weight,99,rm_loss,64.85014343261719,1024,1024
ViT-L-14,identity,model.visual.transformer.resblocks.8.attn.o.weight,99,cosine_similarity,0.1416286826133728,1024,1024
ViT-L-14,actmat,model.visual.transformer.resblocks.12.attn.q.weight,100,rm_loss,2419.98828125,1024,1024
ViT-L-14,actmat,model.visual.transformer.resblocks.12.attn.q.weight,100,cosine_similarity,0.3256698548793793,1024,1024
ViT-L-14,actmat-identity-inv,model.visual.transformer.resblocks.12.attn.q.weight,100,rm_loss,1723.2545166015625,1024,1024
ViT-L-14,regmean,model.visual.transformer.resblocks.12.attn.q.weight,100,rm_loss,455.453125,1024,1024
ViT-L-14,identity,model.visual.transformer.resblocks.12.attn.q.weight,100,rm_loss,1320.5970458984375,1024,1024
ViT-L-14,identity,model.visual.transformer.resblocks.12.attn.q.weight,100,cosine_similarity,0.1972859501838684,1024,1024
ViT-L-14,actmat,model.visual.transformer.resblocks.12.attn.k.weight,101,rm_loss,2187.57666015625,1024,1024
ViT-L-14,actmat,model.visual.transformer.resblocks.12.attn.k.weight,101,cosine_similarity,0.3424864411354065,1024,1024
ViT-L-14,actmat-identity-inv,model.visual.transformer.resblocks.12.attn.k.weight,101,rm_loss,1592.01220703125,1024,1024
ViT-L-14,regmean,model.visual.transformer.resblocks.12.attn.k.weight,101,rm_loss,465.927001953125,1024,1024
ViT-L-14,identity,model.visual.transformer.resblocks.12.attn.k.weight,101,rm_loss,1233.65869140625,1024,1024
ViT-L-14,identity,model.visual.transformer.resblocks.12.attn.k.weight,101,cosine_similarity,0.1972859501838684,1024,1024
ViT-L-14,actmat,model.visual.transformer.resblocks.12.attn.v.weight,102,rm_loss,1072.077392578125,1024,1024
ViT-L-14,actmat,model.visual.transformer.resblocks.12.attn.v.weight,102,cosine_similarity,0.30478280782699585,1024,1024
ViT-L-14,actmat-identity-inv,model.visual.transformer.resblocks.12.attn.v.weight,102,rm_loss,783.1359252929688,1024,1024
ViT-L-14,regmean,model.visual.transformer.resblocks.12.attn.v.weight,102,rm_loss,225.7362060546875,1024,1024
ViT-L-14,identity,model.visual.transformer.resblocks.12.attn.v.weight,102,rm_loss,607.7520751953125,1024,1024
ViT-L-14,identity,model.visual.transformer.resblocks.12.attn.v.weight,102,cosine_similarity,0.1972859501838684,1024,1024
ViT-L-14,actmat,model.visual.transformer.resblocks.12.attn.o.weight,103,rm_loss,29.62665557861328,1024,1024
ViT-L-14,actmat,model.visual.transformer.resblocks.12.attn.o.weight,103,cosine_similarity,0.3319315016269684,1024,1024
ViT-L-14,actmat-identity-inv,model.visual.transformer.resblocks.12.attn.o.weight,103,rm_loss,44.803565979003906,1024,1024
ViT-L-14,regmean,model.visual.transformer.resblocks.12.attn.o.weight,103,rm_loss,7.4479522705078125,1024,1024
ViT-L-14,identity,model.visual.transformer.resblocks.12.attn.o.weight,103,rm_loss,33.9538688659668,1024,1024
ViT-L-14,identity,model.visual.transformer.resblocks.12.attn.o.weight,103,cosine_similarity,0.14385326206684113,1024,1024
ViT-L-14,actmat,model.visual.transformer.resblocks.6.attn.q.weight,104,rm_loss,5632.9814453125,1024,1024
ViT-L-14,actmat,model.visual.transformer.resblocks.6.attn.q.weight,104,cosine_similarity,0.2116733342409134,1024,1024
ViT-L-14,actmat-identity-inv,model.visual.transformer.resblocks.6.attn.q.weight,104,rm_loss,1603.5557861328125,1024,1024
ViT-L-14,regmean,model.visual.transformer.resblocks.6.attn.q.weight,104,rm_loss,359.4296875,1024,1024
ViT-L-14,identity,model.visual.transformer.resblocks.6.attn.q.weight,104,rm_loss,1237.7783203125,1024,1024
ViT-L-14,identity,model.visual.transformer.resblocks.6.attn.q.weight,104,cosine_similarity,0.14759597182273865,1024,1024
ViT-L-14,actmat,model.visual.transformer.resblocks.6.attn.k.weight,105,rm_loss,4540.9091796875,1024,1024
ViT-L-14,actmat,model.visual.transformer.resblocks.6.attn.k.weight,105,cosine_similarity,0.18547874689102173,1024,1024
ViT-L-14,actmat-identity-inv,model.visual.transformer.resblocks.6.attn.k.weight,105,rm_loss,1192.5538330078125,1024,1024
ViT-L-14,regmean,model.visual.transformer.resblocks.6.attn.k.weight,105,rm_loss,397.705322265625,1024,1024
ViT-L-14,identity,model.visual.transformer.resblocks.6.attn.k.weight,105,rm_loss,936.2191162109375,1024,1024
ViT-L-14,identity,model.visual.transformer.resblocks.6.attn.k.weight,105,cosine_similarity,0.14759597182273865,1024,1024
ViT-L-14,actmat,model.visual.transformer.resblocks.6.attn.v.weight,106,rm_loss,1306.950927734375,1024,1024
ViT-L-14,actmat,model.visual.transformer.resblocks.6.attn.v.weight,106,cosine_similarity,0.21490907669067383,1024,1024
ViT-L-14,actmat-identity-inv,model.visual.transformer.resblocks.6.attn.v.weight,106,rm_loss,766.8156127929688,1024,1024
ViT-L-14,regmean,model.visual.transformer.resblocks.6.attn.v.weight,106,rm_loss,229.0186767578125,1024,1024
ViT-L-14,identity,model.visual.transformer.resblocks.6.attn.v.weight,106,rm_loss,591.768310546875,1024,1024
ViT-L-14,identity,model.visual.transformer.resblocks.6.attn.v.weight,106,cosine_similarity,0.14759597182273865,1024,1024
ViT-L-14,actmat,model.visual.transformer.resblocks.6.attn.o.weight,107,rm_loss,74.056396484375,1024,1024
ViT-L-14,actmat,model.visual.transformer.resblocks.6.attn.o.weight,107,cosine_similarity,0.3357630968093872,1024,1024
ViT-L-14,actmat-identity-inv,model.visual.transformer.resblocks.6.attn.o.weight,107,rm_loss,74.5317611694336,1024,1024
ViT-L-14,regmean,model.visual.transformer.resblocks.6.attn.o.weight,107,rm_loss,19.04669952392578,1024,1024
ViT-L-14,identity,model.visual.transformer.resblocks.6.attn.o.weight,107,rm_loss,58.63127136230469,1024,1024
ViT-L-14,identity,model.visual.transformer.resblocks.6.attn.o.weight,107,cosine_similarity,0.1695398986339569,1024,1024
ViT-L-14,actmat,model.visual.transformer.resblocks.15.attn.q.weight,108,rm_loss,2343.66259765625,1024,1024
ViT-L-14,actmat,model.visual.transformer.resblocks.15.attn.q.weight,108,cosine_similarity,0.37898850440979004,1024,1024
ViT-L-14,actmat-identity-inv,model.visual.transformer.resblocks.15.attn.q.weight,108,rm_loss,2222.02734375,1024,1024
ViT-L-14,regmean,model.visual.transformer.resblocks.15.attn.q.weight,108,rm_loss,476.137451171875,1024,1024
ViT-L-14,identity,model.visual.transformer.resblocks.15.attn.q.weight,108,rm_loss,1714.9896240234375,1024,1024
ViT-L-14,identity,model.visual.transformer.resblocks.15.attn.q.weight,108,cosine_similarity,0.18288344144821167,1024,1024
ViT-L-14,actmat,model.visual.transformer.resblocks.15.attn.k.weight,109,rm_loss,2759.69970703125,1024,1024
ViT-L-14,actmat,model.visual.transformer.resblocks.15.attn.k.weight,109,cosine_similarity,0.4196318984031677,1024,1024
ViT-L-14,actmat-identity-inv,model.visual.transformer.resblocks.15.attn.k.weight,109,rm_loss,2364.354248046875,1024,1024
ViT-L-14,regmean,model.visual.transformer.resblocks.15.attn.k.weight,109,rm_loss,497.7236328125,1024,1024
ViT-L-14,identity,model.visual.transformer.resblocks.15.attn.k.weight,109,rm_loss,1835.66357421875,1024,1024
ViT-L-14,identity,model.visual.transformer.resblocks.15.attn.k.weight,109,cosine_similarity,0.18288344144821167,1024,1024
ViT-L-14,actmat,model.visual.transformer.resblocks.15.attn.v.weight,110,rm_loss,1146.4189453125,1024,1024
ViT-L-14,actmat,model.visual.transformer.resblocks.15.attn.v.weight,110,cosine_similarity,0.4013175070285797,1024,1024
ViT-L-14,actmat-identity-inv,model.visual.transformer.resblocks.15.attn.v.weight,110,rm_loss,1282.1551513671875,1024,1024
ViT-L-14,regmean,model.visual.transformer.resblocks.15.attn.v.weight,110,rm_loss,275.049560546875,1024,1024
ViT-L-14,identity,model.visual.transformer.resblocks.15.attn.v.weight,110,rm_loss,1001.4586181640625,1024,1024
ViT-L-14,identity,model.visual.transformer.resblocks.15.attn.v.weight,110,cosine_similarity,0.18288344144821167,1024,1024
ViT-L-14,actmat,model.visual.transformer.resblocks.15.attn.o.weight,111,rm_loss,22.49689483642578,1024,1024
ViT-L-14,actmat,model.visual.transformer.resblocks.15.attn.o.weight,111,cosine_similarity,0.35799890756607056,1024,1024
ViT-L-14,actmat-identity-inv,model.visual.transformer.resblocks.15.attn.o.weight,111,rm_loss,41.09672546386719,1024,1024
ViT-L-14,regmean,model.visual.transformer.resblocks.15.attn.o.weight,111,rm_loss,5.568611145019531,1024,1024
ViT-L-14,identity,model.visual.transformer.resblocks.15.attn.o.weight,111,rm_loss,31.867624282836914,1024,1024
ViT-L-14,identity,model.visual.transformer.resblocks.15.attn.o.weight,111,cosine_similarity,0.14213547110557556,1024,1024
ViT-L-14,actmat,model.visual.transformer.resblocks.11.attn.q.weight,112,rm_loss,2528.548828125,1024,1024
ViT-L-14,actmat,model.visual.transformer.resblocks.11.attn.q.weight,112,cosine_similarity,0.3327178955078125,1024,1024
ViT-L-14,actmat-identity-inv,model.visual.transformer.resblocks.11.attn.q.weight,112,rm_loss,1545.3719482421875,1024,1024
ViT-L-14,regmean,model.visual.transformer.resblocks.11.attn.q.weight,112,rm_loss,489.700927734375,1024,1024
ViT-L-14,identity,model.visual.transformer.resblocks.11.attn.q.weight,112,rm_loss,1208.9544677734375,1024,1024
ViT-L-14,identity,model.visual.transformer.resblocks.11.attn.q.weight,112,cosine_similarity,0.21340692043304443,1024,1024
ViT-L-14,actmat,model.visual.transformer.resblocks.11.attn.k.weight,113,rm_loss,2480.59716796875,1024,1024
ViT-L-14,actmat,model.visual.transformer.resblocks.11.attn.k.weight,113,cosine_similarity,0.34243783354759216,1024,1024
ViT-L-14,actmat-identity-inv,model.visual.transformer.resblocks.11.attn.k.weight,113,rm_loss,1429.4595947265625,1024,1024
ViT-L-14,regmean,model.visual.transformer.resblocks.11.attn.k.weight,113,rm_loss,528.009765625,1024,1024
ViT-L-14,identity,model.visual.transformer.resblocks.11.attn.k.weight,113,rm_loss,1133.1448974609375,1024,1024
ViT-L-14,identity,model.visual.transformer.resblocks.11.attn.k.weight,113,cosine_similarity,0.21340692043304443,1024,1024
ViT-L-14,actmat,model.visual.transformer.resblocks.11.attn.v.weight,114,rm_loss,1140.7618408203125,1024,1024
ViT-L-14,actmat,model.visual.transformer.resblocks.11.attn.v.weight,114,cosine_similarity,0.31262528896331787,1024,1024
ViT-L-14,actmat-identity-inv,model.visual.transformer.resblocks.11.attn.v.weight,114,rm_loss,750.3960571289062,1024,1024
ViT-L-14,regmean,model.visual.transformer.resblocks.11.attn.v.weight,114,rm_loss,251.01129150390625,1024,1024
ViT-L-14,identity,model.visual.transformer.resblocks.11.attn.v.weight,114,rm_loss,583.1681518554688,1024,1024
ViT-L-14,identity,model.visual.transformer.resblocks.11.attn.v.weight,114,cosine_similarity,0.21340692043304443,1024,1024
ViT-L-14,actmat,model.visual.transformer.resblocks.11.attn.o.weight,115,rm_loss,39.4627685546875,1024,1024
ViT-L-14,actmat,model.visual.transformer.resblocks.11.attn.o.weight,115,cosine_similarity,0.352461040019989,1024,1024
ViT-L-14,actmat-identity-inv,model.visual.transformer.resblocks.11.attn.o.weight,115,rm_loss,56.20877456665039,1024,1024
ViT-L-14,regmean,model.visual.transformer.resblocks.11.attn.o.weight,115,rm_loss,11.583213806152344,1024,1024
ViT-L-14,identity,model.visual.transformer.resblocks.11.attn.o.weight,115,rm_loss,42.60646057128906,1024,1024
ViT-L-14,identity,model.visual.transformer.resblocks.11.attn.o.weight,115,cosine_similarity,0.1547297239303589,1024,1024
ViT-L-14,actmat,model.visual.transformer.resblocks.5.attn.q.weight,116,rm_loss,2330.18310546875,1024,1024
ViT-L-14,actmat,model.visual.transformer.resblocks.5.attn.q.weight,116,cosine_similarity,0.2724529802799225,1024,1024
ViT-L-14,actmat-identity-inv,model.visual.transformer.resblocks.5.attn.q.weight,116,rm_loss,1557.9520263671875,1024,1024
ViT-L-14,regmean,model.visual.transformer.resblocks.5.attn.q.weight,116,rm_loss,211.383056640625,1024,1024
ViT-L-14,identity,model.visual.transformer.resblocks.5.attn.q.weight,116,rm_loss,1109.69873046875,1024,1024
ViT-L-14,identity,model.visual.transformer.resblocks.5.attn.q.weight,116,cosine_similarity,0.17069023847579956,1024,1024
ViT-L-14,actmat,model.visual.transformer.resblocks.5.attn.k.weight,117,rm_loss,2639.48583984375,1024,1024
ViT-L-14,actmat,model.visual.transformer.resblocks.5.attn.k.weight,117,cosine_similarity,0.24412594735622406,1024,1024
ViT-L-14,actmat-identity-inv,model.visual.transformer.resblocks.5.attn.k.weight,117,rm_loss,1090.5771484375,1024,1024
ViT-L-14,regmean,model.visual.transformer.resblocks.5.attn.k.weight,117,rm_loss,233.819580078125,1024,1024
ViT-L-14,identity,model.visual.transformer.resblocks.5.attn.k.weight,117,rm_loss,783.8179321289062,1024,1024
ViT-L-14,identity,model.visual.transformer.resblocks.5.attn.k.weight,117,cosine_similarity,0.17069023847579956,1024,1024
ViT-L-14,actmat,model.visual.transformer.resblocks.5.attn.v.weight,118,rm_loss,928.696044921875,1024,1024
ViT-L-14,actmat,model.visual.transformer.resblocks.5.attn.v.weight,118,cosine_similarity,0.2745584547519684,1024,1024
ViT-L-14,actmat-identity-inv,model.visual.transformer.resblocks.5.attn.v.weight,118,rm_loss,714.592041015625,1024,1024
ViT-L-14,regmean,model.visual.transformer.resblocks.5.attn.v.weight,118,rm_loss,124.5772705078125,1024,1024
ViT-L-14,identity,model.visual.transformer.resblocks.5.attn.v.weight,118,rm_loss,531.7088623046875,1024,1024
ViT-L-14,identity,model.visual.transformer.resblocks.5.attn.v.weight,118,cosine_similarity,0.17069023847579956,1024,1024
ViT-L-14,actmat,model.visual.transformer.resblocks.5.attn.o.weight,119,rm_loss,46.648040771484375,1024,1024
ViT-L-14,actmat,model.visual.transformer.resblocks.5.attn.o.weight,119,cosine_similarity,0.30080103874206543,1024,1024
ViT-L-14,actmat-identity-inv,model.visual.transformer.resblocks.5.attn.o.weight,119,rm_loss,51.474735260009766,1024,1024
ViT-L-14,regmean,model.visual.transformer.resblocks.5.attn.o.weight,119,rm_loss,4.047935485839844,1024,1024
ViT-L-14,identity,model.visual.transformer.resblocks.5.attn.o.weight,119,rm_loss,37.828887939453125,1024,1024
ViT-L-14,identity,model.visual.transformer.resblocks.5.attn.o.weight,119,cosine_similarity,0.08866508305072784,1024,1024
ViT-L-14,actmat,model.visual.transformer.resblocks.3.attn.q.weight,120,rm_loss,3835.5068359375,1024,1024
ViT-L-14,actmat,model.visual.transformer.resblocks.3.attn.q.weight,120,cosine_similarity,0.10845860838890076,1024,1024
ViT-L-14,actmat-identity-inv,model.visual.transformer.resblocks.3.attn.q.weight,120,rm_loss,768.7273559570312,1024,1024
ViT-L-14,regmean,model.visual.transformer.resblocks.3.attn.q.weight,120,rm_loss,191.505126953125,1024,1024
ViT-L-14,identity,model.visual.transformer.resblocks.3.attn.q.weight,120,rm_loss,582.186279296875,1024,1024
ViT-L-14,identity,model.visual.transformer.resblocks.3.attn.q.weight,120,cosine_similarity,0.1251291185617447,1024,1024
ViT-L-14,actmat,model.visual.transformer.resblocks.3.attn.k.weight,121,rm_loss,3823.86962890625,1024,1024
ViT-L-14,actmat,model.visual.transformer.resblocks.3.attn.k.weight,121,cosine_similarity,0.10374440997838974,1024,1024
ViT-L-14,actmat-identity-inv,model.visual.transformer.resblocks.3.attn.k.weight,121,rm_loss,621.823486328125,1024,1024
ViT-L-14,regmean,model.visual.transformer.resblocks.3.attn.k.weight,121,rm_loss,195.7164306640625,1024,1024
ViT-L-14,identity,model.visual.transformer.resblocks.3.attn.k.weight,121,rm_loss,481.97161865234375,1024,1024
ViT-L-14,identity,model.visual.transformer.resblocks.3.attn.k.weight,121,cosine_similarity,0.1251291185617447,1024,1024
ViT-L-14,actmat,model.visual.transformer.resblocks.3.attn.v.weight,122,rm_loss,1794.5283203125,1024,1024
ViT-L-14,actmat,model.visual.transformer.resblocks.3.attn.v.weight,122,cosine_similarity,0.11349029839038849,1024,1024
ViT-L-14,actmat-identity-inv,model.visual.transformer.resblocks.3.attn.v.weight,122,rm_loss,498.28546142578125,1024,1024
ViT-L-14,regmean,model.visual.transformer.resblocks.3.attn.v.weight,122,rm_loss,133.994873046875,1024,1024
ViT-L-14,identity,model.visual.transformer.resblocks.3.attn.v.weight,122,rm_loss,386.8784484863281,1024,1024
ViT-L-14,identity,model.visual.transformer.resblocks.3.attn.v.weight,122,cosine_similarity,0.1251291185617447,1024,1024
ViT-L-14,actmat,model.visual.transformer.resblocks.3.attn.o.weight,123,rm_loss,50.41565704345703,1024,1024
ViT-L-14,actmat,model.visual.transformer.resblocks.3.attn.o.weight,123,cosine_similarity,0.212188720703125,1024,1024
ViT-L-14,actmat-identity-inv,model.visual.transformer.resblocks.3.attn.o.weight,123,rm_loss,35.53005599975586,1024,1024
ViT-L-14,regmean,model.visual.transformer.resblocks.3.attn.o.weight,123,rm_loss,4.783466339111328,1024,1024
ViT-L-14,identity,model.visual.transformer.resblocks.3.attn.o.weight,123,rm_loss,27.616416931152344,1024,1024
ViT-L-14,identity,model.visual.transformer.resblocks.3.attn.o.weight,123,cosine_similarity,0.11107464134693146,1024,1024
ViT-L-14,actmat,model.visual.transformer.resblocks.0.attn.q.weight,124,rm_loss,1998.816162109375,1024,1024
ViT-L-14,actmat,model.visual.transformer.resblocks.0.attn.q.weight,124,cosine_similarity,0.11705091595649719,1024,1024
ViT-L-14,actmat-identity-inv,model.visual.transformer.resblocks.0.attn.q.weight,124,rm_loss,460.6670227050781,1024,1024
ViT-L-14,regmean,model.visual.transformer.resblocks.0.attn.q.weight,124,rm_loss,59.607421875,1024,1024
ViT-L-14,identity,model.visual.transformer.resblocks.0.attn.q.weight,124,rm_loss,299.8968811035156,1024,1024
ViT-L-14,identity,model.visual.transformer.resblocks.0.attn.q.weight,124,cosine_similarity,0.09708374738693237,1024,1024
ViT-L-14,actmat,model.visual.transformer.resblocks.0.attn.k.weight,125,rm_loss,2408.99658203125,1024,1024
ViT-L-14,actmat,model.visual.transformer.resblocks.0.attn.k.weight,125,cosine_similarity,0.1456022560596466,1024,1024
ViT-L-14,actmat-identity-inv,model.visual.transformer.resblocks.0.attn.k.weight,125,rm_loss,709.574462890625,1024,1024
ViT-L-14,regmean,model.visual.transformer.resblocks.0.attn.k.weight,125,rm_loss,55.01806640625,1024,1024
ViT-L-14,identity,model.visual.transformer.resblocks.0.attn.k.weight,125,rm_loss,452.20367431640625,1024,1024
ViT-L-14,identity,model.visual.transformer.resblocks.0.attn.k.weight,125,cosine_similarity,0.09708374738693237,1024,1024
ViT-L-14,actmat,model.visual.transformer.resblocks.0.attn.v.weight,126,rm_loss,2086.8330078125,1024,1024
ViT-L-14,actmat,model.visual.transformer.resblocks.0.attn.v.weight,126,cosine_similarity,0.12814614176750183,1024,1024
ViT-L-14,actmat-identity-inv,model.visual.transformer.resblocks.0.attn.v.weight,126,rm_loss,389.1837463378906,1024,1024
ViT-L-14,regmean,model.visual.transformer.resblocks.0.attn.v.weight,126,rm_loss,41.39227294921875,1024,1024
ViT-L-14,identity,model.visual.transformer.resblocks.0.attn.v.weight,126,rm_loss,286.7328796386719,1024,1024
ViT-L-14,identity,model.visual.transformer.resblocks.0.attn.v.weight,126,cosine_similarity,0.09708374738693237,1024,1024
ViT-L-14,actmat,model.visual.transformer.resblocks.0.attn.o.weight,127,rm_loss,42.767723083496094,1024,1024
ViT-L-14,actmat,model.visual.transformer.resblocks.0.attn.o.weight,127,cosine_similarity,0.2667122483253479,1024,1024
ViT-L-14,actmat-identity-inv,model.visual.transformer.resblocks.0.attn.o.weight,127,rm_loss,52.229496002197266,1024,1024
ViT-L-14,regmean,model.visual.transformer.resblocks.0.attn.o.weight,127,rm_loss,0.9784774780273438,1024,1024
ViT-L-14,identity,model.visual.transformer.resblocks.0.attn.o.weight,127,rm_loss,39.52758026123047,1024,1024
ViT-L-14,identity,model.visual.transformer.resblocks.0.attn.o.weight,127,cosine_similarity,0.0549512654542923,1024,1024
ViT-L-14,actmat,model.visual.transformer.resblocks.9.attn.q.weight,128,rm_loss,3340.953125,1024,1024
ViT-L-14,actmat,model.visual.transformer.resblocks.9.attn.q.weight,128,cosine_similarity,0.312582790851593,1024,1024
ViT-L-14,actmat-identity-inv,model.visual.transformer.resblocks.9.attn.q.weight,128,rm_loss,1479.869140625,1024,1024
ViT-L-14,regmean,model.visual.transformer.resblocks.9.attn.q.weight,128,rm_loss,485.70361328125,1024,1024
ViT-L-14,identity,model.visual.transformer.resblocks.9.attn.q.weight,128,rm_loss,1168.576904296875,1024,1024
ViT-L-14,identity,model.visual.transformer.resblocks.9.attn.q.weight,128,cosine_similarity,0.20021823048591614,1024,1024
ViT-L-14,actmat,model.visual.transformer.resblocks.9.attn.k.weight,129,rm_loss,2869.630859375,1024,1024
ViT-L-14,actmat,model.visual.transformer.resblocks.9.attn.k.weight,129,cosine_similarity,0.3101920485496521,1024,1024
ViT-L-14,actmat-identity-inv,model.visual.transformer.resblocks.9.attn.k.weight,129,rm_loss,1375.84912109375,1024,1024
ViT-L-14,regmean,model.visual.transformer.resblocks.9.attn.k.weight,129,rm_loss,540.6849365234375,1024,1024
ViT-L-14,identity,model.visual.transformer.resblocks.9.attn.k.weight,129,rm_loss,1094.4449462890625,1024,1024
ViT-L-14,identity,model.visual.transformer.resblocks.9.attn.k.weight,129,cosine_similarity,0.20021823048591614,1024,1024
ViT-L-14,actmat,model.visual.transformer.resblocks.9.attn.v.weight,130,rm_loss,1243.9298095703125,1024,1024
ViT-L-14,actmat,model.visual.transformer.resblocks.9.attn.v.weight,130,cosine_similarity,0.29305869340896606,1024,1024
ViT-L-14,actmat-identity-inv,model.visual.transformer.resblocks.9.attn.v.weight,130,rm_loss,762.226806640625,1024,1024
ViT-L-14,regmean,model.visual.transformer.resblocks.9.attn.v.weight,130,rm_loss,253.88623046875,1024,1024
ViT-L-14,identity,model.visual.transformer.resblocks.9.attn.v.weight,130,rm_loss,593.3598022460938,1024,1024
ViT-L-14,identity,model.visual.transformer.resblocks.9.attn.v.weight,130,cosine_similarity,0.20021823048591614,1024,1024
ViT-L-14,actmat,model.visual.transformer.resblocks.9.attn.o.weight,131,rm_loss,53.97560119628906,1024,1024
ViT-L-14,actmat,model.visual.transformer.resblocks.9.attn.o.weight,131,cosine_similarity,0.3817533254623413,1024,1024
ViT-L-14,actmat-identity-inv,model.visual.transformer.resblocks.9.attn.o.weight,131,rm_loss,71.73825073242188,1024,1024
ViT-L-14,regmean,model.visual.transformer.resblocks.9.attn.o.weight,131,rm_loss,16.640647888183594,1024,1024
ViT-L-14,identity,model.visual.transformer.resblocks.9.attn.o.weight,131,rm_loss,55.584930419921875,1024,1024
ViT-L-14,identity,model.visual.transformer.resblocks.9.attn.o.weight,131,cosine_similarity,0.15436416864395142,1024,1024
ViT-L-14,actmat,model.visual.transformer.resblocks.16.attn.q.weight,132,rm_loss,3111.9970703125,1024,1024
ViT-L-14,actmat,model.visual.transformer.resblocks.16.attn.q.weight,132,cosine_similarity,0.3798958659172058,1024,1024
ViT-L-14,actmat-identity-inv,model.visual.transformer.resblocks.16.attn.q.weight,132,rm_loss,2768.283935546875,1024,1024
ViT-L-14,regmean,model.visual.transformer.resblocks.16.attn.q.weight,132,rm_loss,560.3125,1024,1024
ViT-L-14,identity,model.visual.transformer.resblocks.16.attn.q.weight,132,rm_loss,2132.39501953125,1024,1024
ViT-L-14,identity,model.visual.transformer.resblocks.16.attn.q.weight,132,cosine_similarity,0.1764255166053772,1024,1024
ViT-L-14,actmat,model.visual.transformer.resblocks.16.attn.k.weight,133,rm_loss,3555.78515625,1024,1024
ViT-L-14,actmat,model.visual.transformer.resblocks.16.attn.k.weight,133,cosine_similarity,0.39350682497024536,1024,1024
ViT-L-14,actmat-identity-inv,model.visual.transformer.resblocks.16.attn.k.weight,133,rm_loss,2667.629150390625,1024,1024
ViT-L-14,regmean,model.visual.transformer.resblocks.16.attn.k.weight,133,rm_loss,566.46875,1024,1024
ViT-L-14,identity,model.visual.transformer.resblocks.16.attn.k.weight,133,rm_loss,2054.6328125,1024,1024
ViT-L-14,identity,model.visual.transformer.resblocks.16.attn.k.weight,133,cosine_similarity,0.1764255166053772,1024,1024
ViT-L-14,actmat,model.visual.transformer.resblocks.16.attn.v.weight,134,rm_loss,1330.538330078125,1024,1024
ViT-L-14,actmat,model.visual.transformer.resblocks.16.attn.v.weight,134,cosine_similarity,0.3938010334968567,1024,1024
ViT-L-14,actmat-identity-inv,model.visual.transformer.resblocks.16.attn.v.weight,134,rm_loss,1567.040283203125,1024,1024
ViT-L-14,regmean,model.visual.transformer.resblocks.16.attn.v.weight,134,rm_loss,329.869873046875,1024,1024
ViT-L-14,identity,model.visual.transformer.resblocks.16.attn.v.weight,134,rm_loss,1220.2821044921875,1024,1024
ViT-L-14,identity,model.visual.transformer.resblocks.16.attn.v.weight,134,cosine_similarity,0.1764255166053772,1024,1024
ViT-L-14,actmat,model.visual.transformer.resblocks.16.attn.o.weight,135,rm_loss,21.141204833984375,1024,1024
ViT-L-14,actmat,model.visual.transformer.resblocks.16.attn.o.weight,135,cosine_similarity,0.38964134454727173,1024,1024
ViT-L-14,actmat-identity-inv,model.visual.transformer.resblocks.16.attn.o.weight,135,rm_loss,42.10053634643555,1024,1024
ViT-L-14,regmean,model.visual.transformer.resblocks.16.attn.o.weight,135,rm_loss,6.2673492431640625,1024,1024
ViT-L-14,identity,model.visual.transformer.resblocks.16.attn.o.weight,135,rm_loss,32.60823059082031,1024,1024
ViT-L-14,identity,model.visual.transformer.resblocks.16.attn.o.weight,135,cosine_similarity,0.16534177958965302,1024,1024
ViT-L-14,actmat,model.visual.transformer.resblocks.14.attn.q.weight,136,rm_loss,3004.653076171875,1024,1024
ViT-L-14,actmat,model.visual.transformer.resblocks.14.attn.q.weight,136,cosine_similarity,0.3744044303894043,1024,1024
ViT-L-14,actmat-identity-inv,model.visual.transformer.resblocks.14.attn.q.weight,136,rm_loss,2379.61669921875,1024,1024
ViT-L-14,regmean,model.visual.transformer.resblocks.14.attn.q.weight,136,rm_loss,532.422607421875,1024,1024
ViT-L-14,identity,model.visual.transformer.resblocks.14.attn.q.weight,136,rm_loss,1827.954345703125,1024,1024
ViT-L-14,identity,model.visual.transformer.resblocks.14.attn.q.weight,136,cosine_similarity,0.18907395005226135,1024,1024
ViT-L-14,actmat,model.visual.transformer.resblocks.14.attn.k.weight,137,rm_loss,2605.451171875,1024,1024
ViT-L-14,actmat,model.visual.transformer.resblocks.14.attn.k.weight,137,cosine_similarity,0.382236510515213,1024,1024
ViT-L-14,actmat-identity-inv,model.visual.transformer.resblocks.14.attn.k.weight,137,rm_loss,2190.22412109375,1024,1024
ViT-L-14,regmean,model.visual.transformer.resblocks.14.attn.k.weight,137,rm_loss,530.46337890625,1024,1024
ViT-L-14,identity,model.visual.transformer.resblocks.14.attn.k.weight,137,rm_loss,1689.561279296875,1024,1024
ViT-L-14,identity,model.visual.transformer.resblocks.14.attn.k.weight,137,cosine_similarity,0.18907395005226135,1024,1024
ViT-L-14,actmat,model.visual.transformer.resblocks.14.attn.v.weight,138,rm_loss,1171.8511962890625,1024,1024
ViT-L-14,actmat,model.visual.transformer.resblocks.14.attn.v.weight,138,cosine_similarity,0.36953216791152954,1024,1024
ViT-L-14,actmat-identity-inv,model.visual.transformer.resblocks.14.attn.v.weight,138,rm_loss,1171.671142578125,1024,1024
ViT-L-14,regmean,model.visual.transformer.resblocks.14.attn.v.weight,138,rm_loss,289.1875,1024,1024
ViT-L-14,identity,model.visual.transformer.resblocks.14.attn.v.weight,138,rm_loss,913.869873046875,1024,1024
ViT-L-14,identity,model.visual.transformer.resblocks.14.attn.v.weight,138,cosine_similarity,0.18907395005226135,1024,1024
ViT-L-14,actmat,model.visual.transformer.resblocks.14.attn.o.weight,139,rm_loss,28.452964782714844,1024,1024
ViT-L-14,actmat,model.visual.transformer.resblocks.14.attn.o.weight,139,cosine_similarity,0.36963537335395813,1024,1024
ViT-L-14,actmat-identity-inv,model.visual.transformer.resblocks.14.attn.o.weight,139,rm_loss,46.18830490112305,1024,1024
ViT-L-14,regmean,model.visual.transformer.resblocks.14.attn.o.weight,139,rm_loss,8.40185546875,1024,1024
ViT-L-14,identity,model.visual.transformer.resblocks.14.attn.o.weight,139,rm_loss,35.84941864013672,1024,1024
ViT-L-14,identity,model.visual.transformer.resblocks.14.attn.o.weight,139,cosine_similarity,0.17110177874565125,1024,1024
ViT-L-14,actmat,model.visual.transformer.resblocks.23.attn.q.weight,140,rm_loss,8342.412109375,1024,1024
ViT-L-14,actmat,model.visual.transformer.resblocks.23.attn.q.weight,140,cosine_similarity,0.031952761113643646,1024,1024
ViT-L-14,actmat-identity-inv,model.visual.transformer.resblocks.23.attn.q.weight,140,rm_loss,1173.3194580078125,1024,1024
ViT-L-14,regmean,model.visual.transformer.resblocks.23.attn.q.weight,140,rm_loss,381.4544677734375,1024,1024
ViT-L-14,identity,model.visual.transformer.resblocks.23.attn.q.weight,140,rm_loss,908.9684448242188,1024,1024
ViT-L-14,identity,model.visual.transformer.resblocks.23.attn.q.weight,140,cosine_similarity,0.09580528736114502,1024,1024
ViT-L-14,actmat,model.visual.transformer.resblocks.23.attn.k.weight,141,rm_loss,6830.7998046875,1024,1024
ViT-L-14,actmat,model.visual.transformer.resblocks.23.attn.k.weight,141,cosine_similarity,0.10657452046871185,1024,1024
ViT-L-14,actmat-identity-inv,model.visual.transformer.resblocks.23.attn.k.weight,141,rm_loss,2860.930419921875,1024,1024
ViT-L-14,regmean,model.visual.transformer.resblocks.23.attn.k.weight,141,rm_loss,731.1201171875,1024,1024
ViT-L-14,identity,model.visual.transformer.resblocks.23.attn.k.weight,141,rm_loss,2218.669677734375,1024,1024
ViT-L-14,identity,model.visual.transformer.resblocks.23.attn.k.weight,141,cosine_similarity,0.09580528736114502,1024,1024
ViT-L-14,actmat,model.visual.transformer.resblocks.23.attn.v.weight,142,rm_loss,5071.8623046875,1024,1024
ViT-L-14,actmat,model.visual.transformer.resblocks.23.attn.v.weight,142,cosine_similarity,0.08190576732158661,1024,1024
ViT-L-14,actmat-identity-inv,model.visual.transformer.resblocks.23.attn.v.weight,142,rm_loss,2254.326416015625,1024,1024
ViT-L-14,regmean,model.visual.transformer.resblocks.23.attn.v.weight,142,rm_loss,518.841064453125,1024,1024
ViT-L-14,identity,model.visual.transformer.resblocks.23.attn.v.weight,142,rm_loss,1647.2088623046875,1024,1024
ViT-L-14,identity,model.visual.transformer.resblocks.23.attn.v.weight,142,cosine_similarity,0.09580528736114502,1024,1024
ViT-L-14,actmat,model.visual.transformer.resblocks.23.attn.o.weight,143,rm_loss,427.62744140625,1024,1024
ViT-L-14,actmat,model.visual.transformer.resblocks.23.attn.o.weight,143,cosine_similarity,0.1670718491077423,1024,1024
ViT-L-14,actmat-identity-inv,model.visual.transformer.resblocks.23.attn.o.weight,143,rm_loss,474.66949462890625,1024,1024
ViT-L-14,regmean,model.visual.transformer.resblocks.23.attn.o.weight,143,rm_loss,32.32257080078125,1024,1024
ViT-L-14,identity,model.visual.transformer.resblocks.23.attn.o.weight,143,rm_loss,335.11126708984375,1024,1024
ViT-L-14,identity,model.visual.transformer.resblocks.23.attn.o.weight,143,cosine_similarity,0.10744312405586243,1024,1024
Olmo-3-7b,actmat,lm_head.weight,0,rm_loss,5450.107421875,4096,100278
Olmo-3-7b,actmat,lm_head.weight,0,cosine_similarity,0.1684304177761078,4096,100278
Olmo-3-7b,actmat-identity-inv,lm_head.weight,0,rm_loss,8017.19140625,4096,100278
Olmo-3-7b,regmean,lm_head.weight,0,rm_loss,690.046875,4096,100278
Olmo-3-7b,identity,lm_head.weight,0,rm_loss,5185.23681640625,4096,100278
Olmo-3-7b,identity,lm_head.weight,0,cosine_similarity,0.05886610597372055,4096,100278
Olmo-3-7b,actmat,model.layers.0.mlp.down_proj.weight,1,rm_loss,0.0992884635925293,11008,4096
Olmo-3-7b,actmat,model.layers.0.mlp.down_proj.weight,1,cosine_similarity,0.1040620431303978,11008,4096
Olmo-3-7b,actmat-identity-inv,model.layers.0.mlp.down_proj.weight,1,rm_loss,0.11155662685632706,11008,4096
Olmo-3-7b,regmean,model.layers.0.mlp.down_proj.weight,1,rm_loss,0.03012070059776306,11008,4096
Olmo-3-7b,identity,model.layers.0.mlp.down_proj.weight,1,rm_loss,0.06296417862176895,11008,4096
Olmo-3-7b,identity,model.layers.0.mlp.down_proj.weight,1,cosine_similarity,0.06687378883361816,11008,4096
Olmo-3-7b,actmat,model.layers.0.mlp.gate_proj.weight,2,rm_loss,1.0389900207519531,4096,11008
Olmo-3-7b,actmat,model.layers.0.mlp.gate_proj.weight,2,cosine_similarity,0.10036130994558334,4096,11008
Olmo-3-7b,actmat-identity-inv,model.layers.0.mlp.gate_proj.weight,2,rm_loss,1.6338988542556763,4096,11008
Olmo-3-7b,regmean,model.layers.0.mlp.gate_proj.weight,2,rm_loss,0.46175336837768555,4096,11008
Olmo-3-7b,identity,model.layers.0.mlp.gate_proj.weight,2,rm_loss,0.931499719619751,4096,11008
Olmo-3-7b,identity,model.layers.0.mlp.gate_proj.weight,2,cosine_similarity,0.06574245542287827,4096,11008
Olmo-3-7b,actmat,model.layers.0.mlp.up_proj.weight,3,rm_loss,2.30771541595459,4096,11008
Olmo-3-7b,actmat,model.layers.0.mlp.up_proj.weight,3,cosine_similarity,0.10447846353054047,4096,11008
Olmo-3-7b,actmat-identity-inv,model.layers.0.mlp.up_proj.weight,3,rm_loss,1.7547721862792969,4096,11008
Olmo-3-7b,regmean,model.layers.0.mlp.up_proj.weight,3,rm_loss,0.5072793960571289,4096,11008
Olmo-3-7b,identity,model.layers.0.mlp.up_proj.weight,3,rm_loss,1.0147709846496582,4096,11008
Olmo-3-7b,identity,model.layers.0.mlp.up_proj.weight,3,cosine_similarity,0.06574245542287827,4096,11008
Olmo-3-7b,actmat,model.layers.0.self_attn.k_proj.weight,4,rm_loss,1.940622329711914,4096,4096
Olmo-3-7b,actmat,model.layers.0.self_attn.k_proj.weight,4,cosine_similarity,0.0882306694984436,4096,4096
Olmo-3-7b,actmat-identity-inv,model.layers.0.self_attn.k_proj.weight,4,rm_loss,0.3800802230834961,4096,4096
Olmo-3-7b,regmean,model.layers.0.self_attn.k_proj.weight,4,rm_loss,0.15220040082931519,4096,4096
Olmo-3-7b,identity,model.layers.0.self_attn.k_proj.weight,4,rm_loss,0.23966524004936218,4096,4096
Olmo-3-7b,identity,model.layers.0.self_attn.k_proj.weight,4,cosine_similarity,0.1380009949207306,4096,4096
Olmo-3-7b,actmat,model.layers.0.self_attn.o_proj.weight,5,rm_loss,1.7959771156311035,4096,4096
Olmo-3-7b,actmat,model.layers.0.self_attn.o_proj.weight,5,cosine_similarity,0.0952128991484642,4096,4096
Olmo-3-7b,actmat-identity-inv,model.layers.0.self_attn.o_proj.weight,5,rm_loss,2.018364191055298,4096,4096
Olmo-3-7b,regmean,model.layers.0.self_attn.o_proj.weight,5,rm_loss,0.49223780632019043,4096,4096
Olmo-3-7b,identity,model.layers.0.self_attn.o_proj.weight,5,rm_loss,1.1734317541122437,4096,4096
Olmo-3-7b,identity,model.layers.0.self_attn.o_proj.weight,5,cosine_similarity,0.045775070786476135,4096,4096
Olmo-3-7b,actmat,model.layers.0.self_attn.q_proj.weight,6,rm_loss,0.48621752858161926,4096,4096
Olmo-3-7b,actmat,model.layers.0.self_attn.q_proj.weight,6,cosine_similarity,0.14588139951229095,4096,4096
Olmo-3-7b,actmat-identity-inv,model.layers.0.self_attn.q_proj.weight,6,rm_loss,0.15757346153259277,4096,4096
Olmo-3-7b,regmean,model.layers.0.self_attn.q_proj.weight,6,rm_loss,0.05265882611274719,4096,4096
Olmo-3-7b,identity,model.layers.0.self_attn.q_proj.weight,6,rm_loss,0.08995120227336884,4096,4096
Olmo-3-7b,identity,model.layers.0.self_attn.q_proj.weight,6,cosine_similarity,0.1380009949207306,4096,4096
Olmo-3-7b,actmat,model.layers.0.self_attn.v_proj.weight,7,rm_loss,2.756946086883545,4096,4096
Olmo-3-7b,actmat,model.layers.0.self_attn.v_proj.weight,7,cosine_similarity,0.144102543592453,4096,4096
Olmo-3-7b,actmat-identity-inv,model.layers.0.self_attn.v_proj.weight,7,rm_loss,1.1120089292526245,4096,4096
Olmo-3-7b,regmean,model.layers.0.self_attn.v_proj.weight,7,rm_loss,0.342376708984375,4096,4096
Olmo-3-7b,identity,model.layers.0.self_attn.v_proj.weight,7,rm_loss,0.6294349431991577,4096,4096
Olmo-3-7b,identity,model.layers.0.self_attn.v_proj.weight,7,cosine_similarity,0.1380009949207306,4096,4096
Olmo-3-7b,actmat,model.layers.1.mlp.down_proj.weight,8,rm_loss,0.0718040019273758,11008,4096
Olmo-3-7b,actmat,model.layers.1.mlp.down_proj.weight,8,cosine_similarity,0.0983320102095604,11008,4096
Olmo-3-7b,actmat-identity-inv,model.layers.1.mlp.down_proj.weight,8,rm_loss,0.09012126922607422,11008,4096
Olmo-3-7b,regmean,model.layers.1.mlp.down_proj.weight,8,rm_loss,0.021781831979751587,11008,4096
Olmo-3-7b,identity,model.layers.1.mlp.down_proj.weight,8,rm_loss,0.050899237394332886,11008,4096
Olmo-3-7b,identity,model.layers.1.mlp.down_proj.weight,8,cosine_similarity,0.057234570384025574,11008,4096
Olmo-3-7b,actmat,model.layers.1.mlp.gate_proj.weight,9,rm_loss,1.4054222106933594,4096,11008
Olmo-3-7b,actmat,model.layers.1.mlp.gate_proj.weight,9,cosine_similarity,0.11202167719602585,4096,11008
Olmo-3-7b,actmat-identity-inv,model.layers.1.mlp.gate_proj.weight,9,rm_loss,1.8801932334899902,4096,11008
Olmo-3-7b,regmean,model.layers.1.mlp.gate_proj.weight,9,rm_loss,0.4227111339569092,4096,11008
Olmo-3-7b,identity,model.layers.1.mlp.gate_proj.weight,9,rm_loss,1.0759884119033813,4096,11008
Olmo-3-7b,identity,model.layers.1.mlp.gate_proj.weight,9,cosine_similarity,0.06220811605453491,4096,11008
Olmo-3-7b,actmat,model.layers.1.mlp.up_proj.weight,10,rm_loss,10.577688217163086,4096,11008
Olmo-3-7b,actmat,model.layers.1.mlp.up_proj.weight,10,cosine_similarity,0.11080365628004074,4096,11008
Olmo-3-7b,actmat-identity-inv,model.layers.1.mlp.up_proj.weight,10,rm_loss,2.1931064128875732,4096,11008
Olmo-3-7b,regmean,model.layers.1.mlp.up_proj.weight,10,rm_loss,0.4630453586578369,4096,11008
Olmo-3-7b,identity,model.layers.1.mlp.up_proj.weight,10,rm_loss,1.2594047784805298,4096,11008
Olmo-3-7b,identity,model.layers.1.mlp.up_proj.weight,10,cosine_similarity,0.06220811605453491,4096,11008
Olmo-3-7b,actmat,model.layers.1.self_attn.k_proj.weight,11,rm_loss,0.5079773664474487,4096,4096
Olmo-3-7b,actmat,model.layers.1.self_attn.k_proj.weight,11,cosine_similarity,0.0603918731212616,4096,4096
Olmo-3-7b,actmat-identity-inv,model.layers.1.self_attn.k_proj.weight,11,rm_loss,0.39884352684020996,4096,4096
Olmo-3-7b,regmean,model.layers.1.self_attn.k_proj.weight,11,rm_loss,0.13147181272506714,4096,4096
Olmo-3-7b,identity,model.layers.1.self_attn.k_proj.weight,11,rm_loss,0.22862261533737183,4096,4096
Olmo-3-7b,identity,model.layers.1.self_attn.k_proj.weight,11,cosine_similarity,0.06588160246610641,4096,4096
Olmo-3-7b,actmat,model.layers.1.self_attn.o_proj.weight,12,rm_loss,0.917917013168335,4096,4096
Olmo-3-7b,actmat,model.layers.1.self_attn.o_proj.weight,12,cosine_similarity,0.18810640275478363,4096,4096
Olmo-3-7b,actmat-identity-inv,model.layers.1.self_attn.o_proj.weight,12,rm_loss,0.8587267994880676,4096,4096
Olmo-3-7b,regmean,model.layers.1.self_attn.o_proj.weight,12,rm_loss,0.12991619110107422,4096,4096
Olmo-3-7b,identity,model.layers.1.self_attn.o_proj.weight,12,rm_loss,0.4617806673049927,4096,4096
Olmo-3-7b,identity,model.layers.1.self_attn.o_proj.weight,12,cosine_similarity,0.06428257375955582,4096,4096
Olmo-3-7b,actmat,model.layers.1.self_attn.q_proj.weight,13,rm_loss,0.5540235638618469,4096,4096
Olmo-3-7b,actmat,model.layers.1.self_attn.q_proj.weight,13,cosine_similarity,0.07197242975234985,4096,4096
Olmo-3-7b,actmat-identity-inv,model.layers.1.self_attn.q_proj.weight,13,rm_loss,0.30069953203201294,4096,4096
Olmo-3-7b,regmean,model.layers.1.self_attn.q_proj.weight,13,rm_loss,0.09071797132492065,4096,4096
Olmo-3-7b,identity,model.layers.1.self_attn.q_proj.weight,13,rm_loss,0.18061302602291107,4096,4096
Olmo-3-7b,identity,model.layers.1.self_attn.q_proj.weight,13,cosine_similarity,0.06588160246610641,4096,4096
Olmo-3-7b,actmat,model.layers.1.self_attn.v_proj.weight,14,rm_loss,1.1877124309539795,4096,4096
Olmo-3-7b,actmat,model.layers.1.self_attn.v_proj.weight,14,cosine_similarity,0.0744425356388092,4096,4096
Olmo-3-7b,actmat-identity-inv,model.layers.1.self_attn.v_proj.weight,14,rm_loss,0.8411903977394104,4096,4096
Olmo-3-7b,regmean,model.layers.1.self_attn.v_proj.weight,14,rm_loss,0.23980975151062012,4096,4096
Olmo-3-7b,identity,model.layers.1.self_attn.v_proj.weight,14,rm_loss,0.46472233533859253,4096,4096
Olmo-3-7b,identity,model.layers.1.self_attn.v_proj.weight,14,cosine_similarity,0.06588160246610641,4096,4096
Olmo-3-7b,actmat,model.layers.10.mlp.down_proj.weight,15,rm_loss,0.6965470314025879,11008,4096
Olmo-3-7b,actmat,model.layers.10.mlp.down_proj.weight,15,cosine_similarity,0.17218707501888275,11008,4096
Olmo-3-7b,actmat-identity-inv,model.layers.10.mlp.down_proj.weight,15,rm_loss,2.911768674850464,11008,4096
Olmo-3-7b,regmean,model.layers.10.mlp.down_proj.weight,15,rm_loss,0.1054377555847168,11008,4096
Olmo-3-7b,identity,model.layers.10.mlp.down_proj.weight,15,rm_loss,1.4711103439331055,11008,4096
Olmo-3-7b,identity,model.layers.10.mlp.down_proj.weight,15,cosine_similarity,0.07208111882209778,11008,4096
Olmo-3-7b,actmat,model.layers.10.mlp.gate_proj.weight,16,rm_loss,10.666954040527344,4096,11008
Olmo-3-7b,actmat,model.layers.10.mlp.gate_proj.weight,16,cosine_similarity,0.13338130712509155,4096,11008
Olmo-3-7b,actmat-identity-inv,model.layers.10.mlp.gate_proj.weight,16,rm_loss,38.95480728149414,4096,11008
Olmo-3-7b,regmean,model.layers.10.mlp.gate_proj.weight,16,rm_loss,1.6448593139648438,4096,11008
Olmo-3-7b,identity,model.layers.10.mlp.gate_proj.weight,16,rm_loss,20.499378204345703,4096,11008
Olmo-3-7b,identity,model.layers.10.mlp.gate_proj.weight,16,cosine_similarity,0.049256570637226105,4096,11008
Olmo-3-7b,actmat,model.layers.10.mlp.up_proj.weight,17,rm_loss,26.224197387695312,4096,11008
Olmo-3-7b,actmat,model.layers.10.mlp.up_proj.weight,17,cosine_similarity,0.12898936867713928,4096,11008
Olmo-3-7b,actmat-identity-inv,model.layers.10.mlp.up_proj.weight,17,rm_loss,40.83487319946289,4096,11008
Olmo-3-7b,regmean,model.layers.10.mlp.up_proj.weight,17,rm_loss,1.6876144409179688,4096,11008
Olmo-3-7b,identity,model.layers.10.mlp.up_proj.weight,17,rm_loss,21.35541534423828,4096,11008
Olmo-3-7b,identity,model.layers.10.mlp.up_proj.weight,17,cosine_similarity,0.049256570637226105,4096,11008
Olmo-3-7b,actmat,model.layers.10.self_attn.k_proj.weight,18,rm_loss,3.3796443939208984,4096,4096
Olmo-3-7b,actmat,model.layers.10.self_attn.k_proj.weight,18,cosine_similarity,0.09336905926465988,4096,4096
Olmo-3-7b,actmat-identity-inv,model.layers.10.self_attn.k_proj.weight,18,rm_loss,6.388640880584717,4096,4096
Olmo-3-7b,regmean,model.layers.10.self_attn.k_proj.weight,18,rm_loss,0.6497802734375,4096,4096
Olmo-3-7b,identity,model.layers.10.self_attn.k_proj.weight,18,rm_loss,3.4509048461914062,4096,4096
Olmo-3-7b,identity,model.layers.10.self_attn.k_proj.weight,18,cosine_similarity,0.05039319023489952,4096,4096
Olmo-3-7b,actmat,model.layers.10.self_attn.o_proj.weight,19,rm_loss,2.987550735473633,4096,4096
Olmo-3-7b,actmat,model.layers.10.self_attn.o_proj.weight,19,cosine_similarity,0.2490159273147583,4096,4096
Olmo-3-7b,actmat-identity-inv,model.layers.10.self_attn.o_proj.weight,19,rm_loss,11.29310131072998,4096,4096
Olmo-3-7b,regmean,model.layers.10.self_attn.o_proj.weight,19,rm_loss,0.22475051879882812,4096,4096
Olmo-3-7b,identity,model.layers.10.self_attn.o_proj.weight,19,rm_loss,5.606175422668457,4096,4096
Olmo-3-7b,identity,model.layers.10.self_attn.o_proj.weight,19,cosine_similarity,0.05739753693342209,4096,4096
Olmo-3-7b,actmat,model.layers.10.self_attn.q_proj.weight,20,rm_loss,3.6684226989746094,4096,4096
Olmo-3-7b,actmat,model.layers.10.self_attn.q_proj.weight,20,cosine_similarity,0.09122760593891144,4096,4096
Olmo-3-7b,actmat-identity-inv,model.layers.10.self_attn.q_proj.weight,20,rm_loss,7.3915696144104,4096,4096
Olmo-3-7b,regmean,model.layers.10.self_attn.q_proj.weight,20,rm_loss,0.4636983871459961,4096,4096
Olmo-3-7b,identity,model.layers.10.self_attn.q_proj.weight,20,rm_loss,3.9808998107910156,4096,4096
Olmo-3-7b,identity,model.layers.10.self_attn.q_proj.weight,20,cosine_similarity,0.05039319023489952,4096,4096
Olmo-3-7b,actmat,model.layers.10.self_attn.v_proj.weight,21,rm_loss,5.237392425537109,4096,4096
Olmo-3-7b,actmat,model.layers.10.self_attn.v_proj.weight,21,cosine_similarity,0.11588718742132187,4096,4096
Olmo-3-7b,actmat-identity-inv,model.layers.10.self_attn.v_proj.weight,21,rm_loss,19.172319412231445,4096,4096
Olmo-3-7b,regmean,model.layers.10.self_attn.v_proj.weight,21,rm_loss,0.7520484924316406,4096,4096
Olmo-3-7b,identity,model.layers.10.self_attn.v_proj.weight,21,rm_loss,9.822303771972656,4096,4096
Olmo-3-7b,identity,model.layers.10.self_attn.v_proj.weight,21,cosine_similarity,0.05039319023489952,4096,4096
Olmo-3-7b,actmat,model.layers.11.mlp.down_proj.weight,22,rm_loss,0.7174568176269531,11008,4096
Olmo-3-7b,actmat,model.layers.11.mlp.down_proj.weight,22,cosine_similarity,0.17104928195476532,11008,4096
Olmo-3-7b,actmat-identity-inv,model.layers.11.mlp.down_proj.weight,22,rm_loss,3.2941064834594727,11008,4096
Olmo-3-7b,regmean,model.layers.11.mlp.down_proj.weight,22,rm_loss,0.1165013313293457,11008,4096
Olmo-3-7b,identity,model.layers.11.mlp.down_proj.weight,22,rm_loss,1.6295363903045654,11008,4096
Olmo-3-7b,identity,model.layers.11.mlp.down_proj.weight,22,cosine_similarity,0.07368835806846619,11008,4096
Olmo-3-7b,actmat,model.layers.11.mlp.gate_proj.weight,23,rm_loss,12.457206726074219,4096,11008
Olmo-3-7b,actmat,model.layers.11.mlp.gate_proj.weight,23,cosine_similarity,0.13042056560516357,4096,11008
Olmo-3-7b,actmat-identity-inv,model.layers.11.mlp.gate_proj.weight,23,rm_loss,47.13967514038086,4096,11008
Olmo-3-7b,regmean,model.layers.11.mlp.gate_proj.weight,23,rm_loss,1.8590164184570312,4096,11008
Olmo-3-7b,identity,model.layers.11.mlp.gate_proj.weight,23,rm_loss,24.350040435791016,4096,11008
Olmo-3-7b,identity,model.layers.11.mlp.gate_proj.weight,23,cosine_similarity,0.04938008636236191,4096,11008
Olmo-3-7b,actmat,model.layers.11.mlp.up_proj.weight,24,rm_loss,21.095840454101562,4096,11008
Olmo-3-7b,actmat,model.layers.11.mlp.up_proj.weight,24,cosine_similarity,0.1263897716999054,4096,11008
Olmo-3-7b,actmat-identity-inv,model.layers.11.mlp.up_proj.weight,24,rm_loss,47.83058547973633,4096,11008
Olmo-3-7b,regmean,model.layers.11.mlp.up_proj.weight,24,rm_loss,1.891326904296875,4096,11008
Olmo-3-7b,identity,model.layers.11.mlp.up_proj.weight,24,rm_loss,24.815670013427734,4096,11008
Olmo-3-7b,identity,model.layers.11.mlp.up_proj.weight,24,cosine_similarity,0.04938008636236191,4096,11008
Olmo-3-7b,actmat,model.layers.11.self_attn.k_proj.weight,25,rm_loss,5.2109527587890625,4096,4096
Olmo-3-7b,actmat,model.layers.11.self_attn.k_proj.weight,25,cosine_similarity,0.07653879374265671,4096,4096
Olmo-3-7b,actmat-identity-inv,model.layers.11.self_attn.k_proj.weight,25,rm_loss,13.626827239990234,4096,4096
Olmo-3-7b,regmean,model.layers.11.self_attn.k_proj.weight,25,rm_loss,0.847137451171875,4096,4096
Olmo-3-7b,identity,model.layers.11.self_attn.k_proj.weight,25,rm_loss,7.648394584655762,4096,4096
Olmo-3-7b,identity,model.layers.11.self_attn.k_proj.weight,25,cosine_similarity,0.048829104751348495,4096,4096
Olmo-3-7b,actmat,model.layers.11.self_attn.o_proj.weight,26,rm_loss,7.127399444580078,4096,4096
Olmo-3-7b,actmat,model.layers.11.self_attn.o_proj.weight,26,cosine_similarity,0.23380020260810852,4096,4096
Olmo-3-7b,actmat-identity-inv,model.layers.11.self_attn.o_proj.weight,26,rm_loss,35.357486724853516,4096,4096
Olmo-3-7b,regmean,model.layers.11.self_attn.o_proj.weight,26,rm_loss,0.4873199462890625,4096,4096
Olmo-3-7b,identity,model.layers.11.self_attn.o_proj.weight,26,rm_loss,17.801860809326172,4096,4096
Olmo-3-7b,identity,model.layers.11.self_attn.o_proj.weight,26,cosine_similarity,0.04194462299346924,4096,4096
Olmo-3-7b,actmat,model.layers.11.self_attn.q_proj.weight,27,rm_loss,4.060276031494141,4096,4096
Olmo-3-7b,actmat,model.layers.11.self_attn.q_proj.weight,27,cosine_similarity,0.04123879224061966,4096,4096
Olmo-3-7b,actmat-identity-inv,model.layers.11.self_attn.q_proj.weight,27,rm_loss,11.584053993225098,4096,4096
Olmo-3-7b,regmean,model.layers.11.self_attn.q_proj.weight,27,rm_loss,0.6262474060058594,4096,4096
Olmo-3-7b,identity,model.layers.11.self_attn.q_proj.weight,27,rm_loss,6.535706520080566,4096,4096
Olmo-3-7b,identity,model.layers.11.self_attn.q_proj.weight,27,cosine_similarity,0.048829104751348495,4096,4096
Olmo-3-7b,actmat,model.layers.11.self_attn.v_proj.weight,28,rm_loss,8.715782165527344,4096,4096
Olmo-3-7b,actmat,model.layers.11.self_attn.v_proj.weight,28,cosine_similarity,0.1273377537727356,4096,4096
Olmo-3-7b,actmat-identity-inv,model.layers.11.self_attn.v_proj.weight,28,rm_loss,31.06470489501953,4096,4096
Olmo-3-7b,regmean,model.layers.11.self_attn.v_proj.weight,28,rm_loss,1.01043701171875,4096,4096
Olmo-3-7b,identity,model.layers.11.self_attn.v_proj.weight,28,rm_loss,15.722908020019531,4096,4096
Olmo-3-7b,identity,model.layers.11.self_attn.v_proj.weight,28,cosine_similarity,0.048829104751348495,4096,4096
Olmo-3-7b,actmat,model.layers.12.mlp.down_proj.weight,29,rm_loss,0.8391609191894531,11008,4096
Olmo-3-7b,actmat,model.layers.12.mlp.down_proj.weight,29,cosine_similarity,0.1283278465270996,11008,4096
Olmo-3-7b,actmat-identity-inv,model.layers.12.mlp.down_proj.weight,29,rm_loss,3.034769058227539,11008,4096
Olmo-3-7b,regmean,model.layers.12.mlp.down_proj.weight,29,rm_loss,0.14597320556640625,11008,4096
Olmo-3-7b,identity,model.layers.12.mlp.down_proj.weight,29,rm_loss,1.524294376373291,11008,4096
Olmo-3-7b,identity,model.layers.12.mlp.down_proj.weight,29,cosine_similarity,0.06722064316272736,11008,4096
Olmo-3-7b,actmat,model.layers.12.mlp.gate_proj.weight,30,rm_loss,13.940818786621094,4096,11008
Olmo-3-7b,actmat,model.layers.12.mlp.gate_proj.weight,30,cosine_similarity,0.12452471256256104,4096,11008
Olmo-3-7b,actmat-identity-inv,model.layers.12.mlp.gate_proj.weight,30,rm_loss,49.88271713256836,4096,11008
Olmo-3-7b,regmean,model.layers.12.mlp.gate_proj.weight,30,rm_loss,1.9845733642578125,4096,11008
Olmo-3-7b,identity,model.layers.12.mlp.gate_proj.weight,30,rm_loss,25.836227416992188,4096,11008
Olmo-3-7b,identity,model.layers.12.mlp.gate_proj.weight,30,cosine_similarity,0.04982472211122513,4096,11008
Olmo-3-7b,actmat,model.layers.12.mlp.up_proj.weight,31,rm_loss,21.56208038330078,4096,11008
Olmo-3-7b,actmat,model.layers.12.mlp.up_proj.weight,31,cosine_similarity,0.1214757189154625,4096,11008
Olmo-3-7b,actmat-identity-inv,model.layers.12.mlp.up_proj.weight,31,rm_loss,51.55217361450195,4096,11008
Olmo-3-7b,regmean,model.layers.12.mlp.up_proj.weight,31,rm_loss,2.0053863525390625,4096,11008
Olmo-3-7b,identity,model.layers.12.mlp.up_proj.weight,31,rm_loss,26.5423583984375,4096,11008
Olmo-3-7b,identity,model.layers.12.mlp.up_proj.weight,31,cosine_similarity,0.04982472211122513,4096,11008
Olmo-3-7b,actmat,model.layers.12.self_attn.k_proj.weight,32,rm_loss,6.214231491088867,4096,4096
Olmo-3-7b,actmat,model.layers.12.self_attn.k_proj.weight,32,cosine_similarity,0.09894663095474243,4096,4096
Olmo-3-7b,actmat-identity-inv,model.layers.12.self_attn.k_proj.weight,32,rm_loss,10.862032890319824,4096,4096
Olmo-3-7b,regmean,model.layers.12.self_attn.k_proj.weight,32,rm_loss,0.9614906311035156,4096,4096
Olmo-3-7b,identity,model.layers.12.self_attn.k_proj.weight,32,rm_loss,5.71591854095459,4096,4096
Olmo-3-7b,identity,model.layers.12.self_attn.k_proj.weight,32,cosine_similarity,0.04902499169111252,4096,4096
Olmo-3-7b,actmat,model.layers.12.self_attn.o_proj.weight,33,rm_loss,4.651386260986328,4096,4096
Olmo-3-7b,actmat,model.layers.12.self_attn.o_proj.weight,33,cosine_similarity,0.20336517691612244,4096,4096
Olmo-3-7b,actmat-identity-inv,model.layers.12.self_attn.o_proj.weight,33,rm_loss,22.632572174072266,4096,4096
Olmo-3-7b,regmean,model.layers.12.self_attn.o_proj.weight,33,rm_loss,0.4565315246582031,4096,4096
Olmo-3-7b,identity,model.layers.12.self_attn.o_proj.weight,33,rm_loss,11.26466178894043,4096,4096
Olmo-3-7b,identity,model.layers.12.self_attn.o_proj.weight,33,cosine_similarity,0.04749109968543053,4096,4096
Olmo-3-7b,actmat,model.layers.12.self_attn.q_proj.weight,34,rm_loss,4.406639099121094,4096,4096
Olmo-3-7b,actmat,model.layers.12.self_attn.q_proj.weight,34,cosine_similarity,0.09562897682189941,4096,4096
Olmo-3-7b,actmat-identity-inv,model.layers.12.self_attn.q_proj.weight,34,rm_loss,9.763616561889648,4096,4096
Olmo-3-7b,regmean,model.layers.12.self_attn.q_proj.weight,34,rm_loss,0.5626907348632812,4096,4096
Olmo-3-7b,identity,model.layers.12.self_attn.q_proj.weight,34,rm_loss,5.086123466491699,4096,4096
Olmo-3-7b,identity,model.layers.12.self_attn.q_proj.weight,34,cosine_similarity,0.04902499169111252,4096,4096
Olmo-3-7b,actmat,model.layers.12.self_attn.v_proj.weight,35,rm_loss,7.128437042236328,4096,4096
Olmo-3-7b,actmat,model.layers.12.self_attn.v_proj.weight,35,cosine_similarity,0.12065406143665314,4096,4096
Olmo-3-7b,actmat-identity-inv,model.layers.12.self_attn.v_proj.weight,35,rm_loss,31.24567222595215,4096,4096
Olmo-3-7b,regmean,model.layers.12.self_attn.v_proj.weight,35,rm_loss,0.98443603515625,4096,4096
Olmo-3-7b,identity,model.layers.12.self_attn.v_proj.weight,35,rm_loss,15.613758087158203,4096,4096
Olmo-3-7b,identity,model.layers.12.self_attn.v_proj.weight,35,cosine_similarity,0.04902499169111252,4096,4096
Olmo-3-7b,actmat,model.layers.13.mlp.down_proj.weight,36,rm_loss,1.0729870796203613,11008,4096
Olmo-3-7b,actmat,model.layers.13.mlp.down_proj.weight,36,cosine_similarity,0.10691839456558228,11008,4096
Olmo-3-7b,actmat-identity-inv,model.layers.13.mlp.down_proj.weight,36,rm_loss,4.047946929931641,11008,4096
Olmo-3-7b,regmean,model.layers.13.mlp.down_proj.weight,36,rm_loss,0.20489120483398438,11008,4096
Olmo-3-7b,identity,model.layers.13.mlp.down_proj.weight,36,rm_loss,1.999481201171875,11008,4096
Olmo-3-7b,identity,model.layers.13.mlp.down_proj.weight,36,cosine_similarity,0.06395770609378815,11008,4096
Olmo-3-7b,actmat,model.layers.13.mlp.gate_proj.weight,37,rm_loss,12.405792236328125,4096,11008
Olmo-3-7b,actmat,model.layers.13.mlp.gate_proj.weight,37,cosine_similarity,0.1205095648765564,4096,11008
Olmo-3-7b,actmat-identity-inv,model.layers.13.mlp.gate_proj.weight,37,rm_loss,54.87714385986328,4096,11008
Olmo-3-7b,regmean,model.layers.13.mlp.gate_proj.weight,37,rm_loss,2.1408233642578125,4096,11008
Olmo-3-7b,identity,model.layers.13.mlp.gate_proj.weight,37,rm_loss,28.078033447265625,4096,11008
Olmo-3-7b,identity,model.layers.13.mlp.gate_proj.weight,37,cosine_similarity,0.05095130205154419,4096,11008
Olmo-3-7b,actmat,model.layers.13.mlp.up_proj.weight,38,rm_loss,23.37267303466797,4096,11008
Olmo-3-7b,actmat,model.layers.13.mlp.up_proj.weight,38,cosine_similarity,0.11640652269124985,4096,11008
Olmo-3-7b,actmat-identity-inv,model.layers.13.mlp.up_proj.weight,38,rm_loss,55.11482620239258,4096,11008
Olmo-3-7b,regmean,model.layers.13.mlp.up_proj.weight,38,rm_loss,2.1473541259765625,4096,11008
Olmo-3-7b,identity,model.layers.13.mlp.up_proj.weight,38,rm_loss,28.05931854248047,4096,11008
Olmo-3-7b,identity,model.layers.13.mlp.up_proj.weight,38,cosine_similarity,0.05095130205154419,4096,11008
Olmo-3-7b,actmat,model.layers.13.self_attn.k_proj.weight,39,rm_loss,5.311922073364258,4096,4096
Olmo-3-7b,actmat,model.layers.13.self_attn.k_proj.weight,39,cosine_similarity,0.09205780923366547,4096,4096
Olmo-3-7b,actmat-identity-inv,model.layers.13.self_attn.k_proj.weight,39,rm_loss,9.306375503540039,4096,4096
Olmo-3-7b,regmean,model.layers.13.self_attn.k_proj.weight,39,rm_loss,0.6378135681152344,4096,4096
Olmo-3-7b,identity,model.layers.13.self_attn.k_proj.weight,39,rm_loss,4.988420486450195,4096,4096
Olmo-3-7b,identity,model.layers.13.self_attn.k_proj.weight,39,cosine_similarity,0.05125000327825546,4096,4096
Olmo-3-7b,actmat,model.layers.13.self_attn.o_proj.weight,40,rm_loss,3.081165313720703,4096,4096
Olmo-3-7b,actmat,model.layers.13.self_attn.o_proj.weight,40,cosine_similarity,0.2156493067741394,4096,4096
Olmo-3-7b,actmat-identity-inv,model.layers.13.self_attn.o_proj.weight,40,rm_loss,24.793895721435547,4096,4096
Olmo-3-7b,regmean,model.layers.13.self_attn.o_proj.weight,40,rm_loss,0.3056640625,4096,4096
Olmo-3-7b,identity,model.layers.13.self_attn.o_proj.weight,40,rm_loss,11.933109283447266,4096,4096
Olmo-3-7b,identity,model.layers.13.self_attn.o_proj.weight,40,cosine_similarity,0.04579022526741028,4096,4096
Olmo-3-7b,actmat,model.layers.13.self_attn.q_proj.weight,41,rm_loss,3.6660757064819336,4096,4096
Olmo-3-7b,actmat,model.layers.13.self_attn.q_proj.weight,41,cosine_similarity,0.08969753980636597,4096,4096
Olmo-3-7b,actmat-identity-inv,model.layers.13.self_attn.q_proj.weight,41,rm_loss,8.67404556274414,4096,4096
Olmo-3-7b,regmean,model.layers.13.self_attn.q_proj.weight,41,rm_loss,0.47452545166015625,4096,4096
Olmo-3-7b,identity,model.layers.13.self_attn.q_proj.weight,41,rm_loss,4.594316482543945,4096,4096
Olmo-3-7b,identity,model.layers.13.self_attn.q_proj.weight,41,cosine_similarity,0.05125000327825546,4096,4096
Olmo-3-7b,actmat,model.layers.13.self_attn.v_proj.weight,42,rm_loss,8.170387268066406,4096,4096
Olmo-3-7b,actmat,model.layers.13.self_attn.v_proj.weight,42,cosine_similarity,0.11133813858032227,4096,4096
Olmo-3-7b,actmat-identity-inv,model.layers.13.self_attn.v_proj.weight,42,rm_loss,31.070043563842773,4096,4096
Olmo-3-7b,regmean,model.layers.13.self_attn.v_proj.weight,42,rm_loss,0.9522705078125,4096,4096
Olmo-3-7b,identity,model.layers.13.self_attn.v_proj.weight,42,rm_loss,15.721427917480469,4096,4096
Olmo-3-7b,identity,model.layers.13.self_attn.v_proj.weight,42,cosine_similarity,0.05125000327825546,4096,4096
Olmo-3-7b,actmat,model.layers.14.mlp.down_proj.weight,43,rm_loss,1.5969467163085938,11008,4096
Olmo-3-7b,actmat,model.layers.14.mlp.down_proj.weight,43,cosine_similarity,0.1057085320353508,11008,4096
Olmo-3-7b,actmat-identity-inv,model.layers.14.mlp.down_proj.weight,43,rm_loss,5.466248989105225,11008,4096
Olmo-3-7b,regmean,model.layers.14.mlp.down_proj.weight,43,rm_loss,0.2984333038330078,11008,4096
Olmo-3-7b,identity,model.layers.14.mlp.down_proj.weight,43,rm_loss,2.6974549293518066,11008,4096
Olmo-3-7b,identity,model.layers.14.mlp.down_proj.weight,43,cosine_similarity,0.06113114953041077,11008,4096
Olmo-3-7b,actmat,model.layers.14.mlp.gate_proj.weight,44,rm_loss,15.104080200195312,4096,11008
Olmo-3-7b,actmat,model.layers.14.mlp.gate_proj.weight,44,cosine_similarity,0.1271847039461136,4096,11008
Olmo-3-7b,actmat-identity-inv,model.layers.14.mlp.gate_proj.weight,44,rm_loss,77.46097564697266,4096,11008
Olmo-3-7b,regmean,model.layers.14.mlp.gate_proj.weight,44,rm_loss,2.676971435546875,4096,11008
Olmo-3-7b,identity,model.layers.14.mlp.gate_proj.weight,44,rm_loss,39.285118103027344,4096,11008
Olmo-3-7b,identity,model.layers.14.mlp.gate_proj.weight,44,cosine_similarity,0.05078030377626419,4096,11008
Olmo-3-7b,actmat,model.layers.14.mlp.up_proj.weight,45,rm_loss,17.331573486328125,4096,11008
Olmo-3-7b,actmat,model.layers.14.mlp.up_proj.weight,45,cosine_similarity,0.12307476252317429,4096,11008
Olmo-3-7b,actmat-identity-inv,model.layers.14.mlp.up_proj.weight,45,rm_loss,79.22750854492188,4096,11008
Olmo-3-7b,regmean,model.layers.14.mlp.up_proj.weight,45,rm_loss,2.6583099365234375,4096,11008
Olmo-3-7b,identity,model.layers.14.mlp.up_proj.weight,45,rm_loss,39.946800231933594,4096,11008
Olmo-3-7b,identity,model.layers.14.mlp.up_proj.weight,45,cosine_similarity,0.05078030377626419,4096,11008
Olmo-3-7b,actmat,model.layers.14.self_attn.k_proj.weight,46,rm_loss,6.601606369018555,4096,4096
Olmo-3-7b,actmat,model.layers.14.self_attn.k_proj.weight,46,cosine_similarity,0.09336338937282562,4096,4096
Olmo-3-7b,actmat-identity-inv,model.layers.14.self_attn.k_proj.weight,46,rm_loss,13.491608619689941,4096,4096
Olmo-3-7b,regmean,model.layers.14.self_attn.k_proj.weight,46,rm_loss,0.9450874328613281,4096,4096
Olmo-3-7b,identity,model.layers.14.self_attn.k_proj.weight,46,rm_loss,7.154155731201172,4096,4096
Olmo-3-7b,identity,model.layers.14.self_attn.k_proj.weight,46,cosine_similarity,0.05132148787379265,4096,4096
Olmo-3-7b,actmat,model.layers.14.self_attn.o_proj.weight,47,rm_loss,3.1818580627441406,4096,4096
Olmo-3-7b,actmat,model.layers.14.self_attn.o_proj.weight,47,cosine_similarity,0.21711304783821106,4096,4096
Olmo-3-7b,actmat-identity-inv,model.layers.14.self_attn.o_proj.weight,47,rm_loss,16.671762466430664,4096,4096
Olmo-3-7b,regmean,model.layers.14.self_attn.o_proj.weight,47,rm_loss,0.328643798828125,4096,4096
Olmo-3-7b,identity,model.layers.14.self_attn.o_proj.weight,47,rm_loss,8.109834671020508,4096,4096
Olmo-3-7b,identity,model.layers.14.self_attn.o_proj.weight,47,cosine_similarity,0.06180007383227348,4096,4096
Olmo-3-7b,actmat,model.layers.14.self_attn.q_proj.weight,48,rm_loss,5.610691070556641,4096,4096
Olmo-3-7b,actmat,model.layers.14.self_attn.q_proj.weight,48,cosine_similarity,0.09229780733585358,4096,4096
Olmo-3-7b,actmat-identity-inv,model.layers.14.self_attn.q_proj.weight,48,rm_loss,14.936996459960938,4096,4096
Olmo-3-7b,regmean,model.layers.14.self_attn.q_proj.weight,48,rm_loss,0.7197189331054688,4096,4096
Olmo-3-7b,identity,model.layers.14.self_attn.q_proj.weight,48,rm_loss,7.788812637329102,4096,4096
Olmo-3-7b,identity,model.layers.14.self_attn.q_proj.weight,48,cosine_similarity,0.05132148787379265,4096,4096
Olmo-3-7b,actmat,model.layers.14.self_attn.v_proj.weight,49,rm_loss,9.229881286621094,4096,4096
Olmo-3-7b,actmat,model.layers.14.self_attn.v_proj.weight,49,cosine_similarity,0.11870782822370529,4096,4096
Olmo-3-7b,actmat-identity-inv,model.layers.14.self_attn.v_proj.weight,49,rm_loss,39.756507873535156,4096,4096
Olmo-3-7b,regmean,model.layers.14.self_attn.v_proj.weight,49,rm_loss,1.1047439575195312,4096,4096
Olmo-3-7b,identity,model.layers.14.self_attn.v_proj.weight,49,rm_loss,19.64019203186035,4096,4096
Olmo-3-7b,identity,model.layers.14.self_attn.v_proj.weight,49,cosine_similarity,0.05132148787379265,4096,4096
Olmo-3-7b,actmat,model.layers.15.mlp.down_proj.weight,50,rm_loss,2.5343875885009766,11008,4096
Olmo-3-7b,actmat,model.layers.15.mlp.down_proj.weight,50,cosine_similarity,0.0948515385389328,11008,4096
Olmo-3-7b,actmat-identity-inv,model.layers.15.mlp.down_proj.weight,50,rm_loss,8.96092700958252,11008,4096
Olmo-3-7b,regmean,model.layers.15.mlp.down_proj.weight,50,rm_loss,0.46302223205566406,11008,4096
Olmo-3-7b,identity,model.layers.15.mlp.down_proj.weight,50,rm_loss,4.454087734222412,11008,4096
Olmo-3-7b,identity,model.layers.15.mlp.down_proj.weight,50,cosine_similarity,0.05175921320915222,11008,4096
Olmo-3-7b,actmat,model.layers.15.mlp.gate_proj.weight,51,rm_loss,15.929702758789062,4096,11008
Olmo-3-7b,actmat,model.layers.15.mlp.gate_proj.weight,51,cosine_similarity,0.12751387059688568,4096,11008
Olmo-3-7b,actmat-identity-inv,model.layers.15.mlp.gate_proj.weight,51,rm_loss,91.23287963867188,4096,11008
Olmo-3-7b,regmean,model.layers.15.mlp.gate_proj.weight,51,rm_loss,2.8816986083984375,4096,11008
Olmo-3-7b,identity,model.layers.15.mlp.gate_proj.weight,51,rm_loss,45.19561767578125,4096,11008
Olmo-3-7b,identity,model.layers.15.mlp.gate_proj.weight,51,cosine_similarity,0.05177482217550278,4096,11008
Olmo-3-7b,actmat,model.layers.15.mlp.up_proj.weight,52,rm_loss,27.402175903320312,4096,11008
Olmo-3-7b,actmat,model.layers.15.mlp.up_proj.weight,52,cosine_similarity,0.12358402460813522,4096,11008
Olmo-3-7b,actmat-identity-inv,model.layers.15.mlp.up_proj.weight,52,rm_loss,92.7774887084961,4096,11008
Olmo-3-7b,regmean,model.layers.15.mlp.up_proj.weight,52,rm_loss,2.8852386474609375,4096,11008
Olmo-3-7b,identity,model.layers.15.mlp.up_proj.weight,52,rm_loss,45.85006332397461,4096,11008
Olmo-3-7b,identity,model.layers.15.mlp.up_proj.weight,52,cosine_similarity,0.05177482217550278,4096,11008
Olmo-3-7b,actmat,model.layers.15.self_attn.k_proj.weight,53,rm_loss,8.394515991210938,4096,4096
Olmo-3-7b,actmat,model.layers.15.self_attn.k_proj.weight,53,cosine_similarity,0.06235746666789055,4096,4096
Olmo-3-7b,actmat-identity-inv,model.layers.15.self_attn.k_proj.weight,53,rm_loss,18.670917510986328,4096,4096
Olmo-3-7b,regmean,model.layers.15.self_attn.k_proj.weight,53,rm_loss,1.401947021484375,4096,4096
Olmo-3-7b,identity,model.layers.15.self_attn.k_proj.weight,53,rm_loss,9.334692001342773,4096,4096
Olmo-3-7b,identity,model.layers.15.self_attn.k_proj.weight,53,cosine_similarity,0.05074935406446457,4096,4096
Olmo-3-7b,actmat,model.layers.15.self_attn.o_proj.weight,54,rm_loss,5.041656494140625,4096,4096
Olmo-3-7b,actmat,model.layers.15.self_attn.o_proj.weight,54,cosine_similarity,0.2060427963733673,4096,4096
Olmo-3-7b,actmat-identity-inv,model.layers.15.self_attn.o_proj.weight,54,rm_loss,42.145416259765625,4096,4096
Olmo-3-7b,regmean,model.layers.15.self_attn.o_proj.weight,54,rm_loss,0.5069351196289062,4096,4096
Olmo-3-7b,identity,model.layers.15.self_attn.o_proj.weight,54,rm_loss,20.114566802978516,4096,4096
Olmo-3-7b,identity,model.layers.15.self_attn.o_proj.weight,54,cosine_similarity,0.04194309934973717,4096,4096
Olmo-3-7b,actmat,model.layers.15.self_attn.q_proj.weight,55,rm_loss,5.865215301513672,4096,4096
Olmo-3-7b,actmat,model.layers.15.self_attn.q_proj.weight,55,cosine_similarity,0.06830315291881561,4096,4096
Olmo-3-7b,actmat-identity-inv,model.layers.15.self_attn.q_proj.weight,55,rm_loss,26.791160583496094,4096,4096
Olmo-3-7b,regmean,model.layers.15.self_attn.q_proj.weight,55,rm_loss,0.8642807006835938,4096,4096
Olmo-3-7b,identity,model.layers.15.self_attn.q_proj.weight,55,rm_loss,13.267702102661133,4096,4096
Olmo-3-7b,identity,model.layers.15.self_attn.q_proj.weight,55,cosine_similarity,0.05074935406446457,4096,4096
Olmo-3-7b,actmat,model.layers.15.self_attn.v_proj.weight,56,rm_loss,11.607192993164062,4096,4096
Olmo-3-7b,actmat,model.layers.15.self_attn.v_proj.weight,56,cosine_similarity,0.11827024072408676,4096,4096
Olmo-3-7b,actmat-identity-inv,model.layers.15.self_attn.v_proj.weight,56,rm_loss,49.904197692871094,4096,4096
Olmo-3-7b,regmean,model.layers.15.self_attn.v_proj.weight,56,rm_loss,1.5518951416015625,4096,4096
Olmo-3-7b,identity,model.layers.15.self_attn.v_proj.weight,56,rm_loss,24.692485809326172,4096,4096
Olmo-3-7b,identity,model.layers.15.self_attn.v_proj.weight,56,cosine_similarity,0.05074935406446457,4096,4096
Olmo-3-7b,actmat,model.layers.16.mlp.down_proj.weight,57,rm_loss,3.142213821411133,11008,4096
Olmo-3-7b,actmat,model.layers.16.mlp.down_proj.weight,57,cosine_similarity,0.10132521390914917,11008,4096
Olmo-3-7b,actmat-identity-inv,model.layers.16.mlp.down_proj.weight,57,rm_loss,10.652289390563965,11008,4096
Olmo-3-7b,regmean,model.layers.16.mlp.down_proj.weight,57,rm_loss,0.5855026245117188,11008,4096
Olmo-3-7b,identity,model.layers.16.mlp.down_proj.weight,57,rm_loss,5.2999420166015625,11008,4096
Olmo-3-7b,identity,model.layers.16.mlp.down_proj.weight,57,cosine_similarity,0.06115945428609848,11008,4096
Olmo-3-7b,actmat,model.layers.16.mlp.gate_proj.weight,58,rm_loss,18.8253173828125,4096,11008
Olmo-3-7b,actmat,model.layers.16.mlp.gate_proj.weight,58,cosine_similarity,0.1262497752904892,4096,11008
Olmo-3-7b,actmat-identity-inv,model.layers.16.mlp.gate_proj.weight,58,rm_loss,103.6260986328125,4096,11008
Olmo-3-7b,regmean,model.layers.16.mlp.gate_proj.weight,58,rm_loss,3.4591522216796875,4096,11008
Olmo-3-7b,identity,model.layers.16.mlp.gate_proj.weight,58,rm_loss,51.77909851074219,4096,11008
Olmo-3-7b,identity,model.layers.16.mlp.gate_proj.weight,58,cosine_similarity,0.05183480307459831,4096,11008
Olmo-3-7b,actmat,model.layers.16.mlp.up_proj.weight,59,rm_loss,18.710617065429688,4096,11008
Olmo-3-7b,actmat,model.layers.16.mlp.up_proj.weight,59,cosine_similarity,0.12437792867422104,4096,11008
Olmo-3-7b,actmat-identity-inv,model.layers.16.mlp.up_proj.weight,59,rm_loss,105.78645324707031,4096,11008
Olmo-3-7b,regmean,model.layers.16.mlp.up_proj.weight,59,rm_loss,3.4640960693359375,4096,11008
Olmo-3-7b,identity,model.layers.16.mlp.up_proj.weight,59,rm_loss,52.217308044433594,4096,11008
Olmo-3-7b,identity,model.layers.16.mlp.up_proj.weight,59,cosine_similarity,0.05183480307459831,4096,11008
Olmo-3-7b,actmat,model.layers.16.self_attn.k_proj.weight,60,rm_loss,11.569931030273438,4096,4096
Olmo-3-7b,actmat,model.layers.16.self_attn.k_proj.weight,60,cosine_similarity,0.10749354213476181,4096,4096
Olmo-3-7b,actmat-identity-inv,model.layers.16.self_attn.k_proj.weight,60,rm_loss,23.277286529541016,4096,4096
Olmo-3-7b,regmean,model.layers.16.self_attn.k_proj.weight,60,rm_loss,1.80572509765625,4096,4096
Olmo-3-7b,identity,model.layers.16.self_attn.k_proj.weight,60,rm_loss,12.103408813476562,4096,4096
Olmo-3-7b,identity,model.layers.16.self_attn.k_proj.weight,60,cosine_similarity,0.05110174044966698,4096,4096
Olmo-3-7b,actmat,model.layers.16.self_attn.o_proj.weight,61,rm_loss,5.376220703125,4096,4096
Olmo-3-7b,actmat,model.layers.16.self_attn.o_proj.weight,61,cosine_similarity,0.2155875861644745,4096,4096
Olmo-3-7b,actmat-identity-inv,model.layers.16.self_attn.o_proj.weight,61,rm_loss,31.35835075378418,4096,4096
Olmo-3-7b,regmean,model.layers.16.self_attn.o_proj.weight,61,rm_loss,0.5069694519042969,4096,4096
Olmo-3-7b,identity,model.layers.16.self_attn.o_proj.weight,61,rm_loss,15.242008209228516,4096,4096
Olmo-3-7b,identity,model.layers.16.self_attn.o_proj.weight,61,cosine_similarity,0.055616818368434906,4096,4096
Olmo-3-7b,actmat,model.layers.16.self_attn.q_proj.weight,62,rm_loss,7.785591125488281,4096,4096
Olmo-3-7b,actmat,model.layers.16.self_attn.q_proj.weight,62,cosine_similarity,0.09728603065013885,4096,4096
Olmo-3-7b,actmat-identity-inv,model.layers.16.self_attn.q_proj.weight,62,rm_loss,32.188194274902344,4096,4096
Olmo-3-7b,regmean,model.layers.16.self_attn.q_proj.weight,62,rm_loss,1.0130386352539062,4096,4096
Olmo-3-7b,identity,model.layers.16.self_attn.q_proj.weight,62,rm_loss,15.720916748046875,4096,4096
Olmo-3-7b,identity,model.layers.16.self_attn.q_proj.weight,62,cosine_similarity,0.05110174044966698,4096,4096
Olmo-3-7b,actmat,model.layers.16.self_attn.v_proj.weight,63,rm_loss,13.630119323730469,4096,4096
Olmo-3-7b,actmat,model.layers.16.self_attn.v_proj.weight,63,cosine_similarity,0.12789280712604523,4096,4096
Olmo-3-7b,actmat-identity-inv,model.layers.16.self_attn.v_proj.weight,63,rm_loss,61.15029525756836,4096,4096
Olmo-3-7b,regmean,model.layers.16.self_attn.v_proj.weight,63,rm_loss,1.666748046875,4096,4096
Olmo-3-7b,identity,model.layers.16.self_attn.v_proj.weight,63,rm_loss,30.05005645751953,4096,4096
Olmo-3-7b,identity,model.layers.16.self_attn.v_proj.weight,63,cosine_similarity,0.05110174044966698,4096,4096
Olmo-3-7b,actmat,model.layers.17.mlp.down_proj.weight,64,rm_loss,5.233686447143555,11008,4096
Olmo-3-7b,actmat,model.layers.17.mlp.down_proj.weight,64,cosine_similarity,0.09891477227210999,11008,4096
Olmo-3-7b,actmat-identity-inv,model.layers.17.mlp.down_proj.weight,64,rm_loss,16.023235321044922,11008,4096
Olmo-3-7b,regmean,model.layers.17.mlp.down_proj.weight,64,rm_loss,1.0744552612304688,11008,4096
Olmo-3-7b,identity,model.layers.17.mlp.down_proj.weight,64,rm_loss,8.250410079956055,11008,4096
Olmo-3-7b,identity,model.layers.17.mlp.down_proj.weight,64,cosine_similarity,0.05724802240729332,11008,4096
Olmo-3-7b,actmat,model.layers.17.mlp.gate_proj.weight,65,rm_loss,24.01806640625,4096,11008
Olmo-3-7b,actmat,model.layers.17.mlp.gate_proj.weight,65,cosine_similarity,0.13212452828884125,4096,11008
Olmo-3-7b,actmat-identity-inv,model.layers.17.mlp.gate_proj.weight,65,rm_loss,121.2048110961914,4096,11008
Olmo-3-7b,regmean,model.layers.17.mlp.gate_proj.weight,65,rm_loss,4.3611907958984375,4096,11008
Olmo-3-7b,identity,model.layers.17.mlp.gate_proj.weight,65,rm_loss,60.218955993652344,4096,11008
Olmo-3-7b,identity,model.layers.17.mlp.gate_proj.weight,65,cosine_similarity,0.05393167957663536,4096,11008
Olmo-3-7b,actmat,model.layers.17.mlp.up_proj.weight,66,rm_loss,39.521728515625,4096,11008
Olmo-3-7b,actmat,model.layers.17.mlp.up_proj.weight,66,cosine_similarity,0.1278701275587082,4096,11008
Olmo-3-7b,actmat-identity-inv,model.layers.17.mlp.up_proj.weight,66,rm_loss,121.84099578857422,4096,11008
Olmo-3-7b,regmean,model.layers.17.mlp.up_proj.weight,66,rm_loss,4.3733367919921875,4096,11008
Olmo-3-7b,identity,model.layers.17.mlp.up_proj.weight,66,rm_loss,60.38157653808594,4096,11008
Olmo-3-7b,identity,model.layers.17.mlp.up_proj.weight,66,cosine_similarity,0.05393167957663536,4096,11008
Olmo-3-7b,actmat,model.layers.17.self_attn.k_proj.weight,67,rm_loss,12.112258911132812,4096,4096
Olmo-3-7b,actmat,model.layers.17.self_attn.k_proj.weight,67,cosine_similarity,0.10279214382171631,4096,4096
Olmo-3-7b,actmat-identity-inv,model.layers.17.self_attn.k_proj.weight,67,rm_loss,27.393617630004883,4096,4096
Olmo-3-7b,regmean,model.layers.17.self_attn.k_proj.weight,67,rm_loss,2.2661819458007812,4096,4096
Olmo-3-7b,identity,model.layers.17.self_attn.k_proj.weight,67,rm_loss,13.969673156738281,4096,4096
Olmo-3-7b,identity,model.layers.17.self_attn.k_proj.weight,67,cosine_similarity,0.05252784490585327,4096,4096
Olmo-3-7b,actmat,model.layers.17.self_attn.o_proj.weight,68,rm_loss,3.375974655151367,4096,4096
Olmo-3-7b,actmat,model.layers.17.self_attn.o_proj.weight,68,cosine_similarity,0.1826721429824829,4096,4096
Olmo-3-7b,actmat-identity-inv,model.layers.17.self_attn.o_proj.weight,68,rm_loss,13.685922622680664,4096,4096
Olmo-3-7b,regmean,model.layers.17.self_attn.o_proj.weight,68,rm_loss,0.40956878662109375,4096,4096
Olmo-3-7b,identity,model.layers.17.self_attn.o_proj.weight,68,rm_loss,6.80938720703125,4096,4096
Olmo-3-7b,identity,model.layers.17.self_attn.o_proj.weight,68,cosine_similarity,0.06800998002290726,4096,4096
Olmo-3-7b,actmat,model.layers.17.self_attn.q_proj.weight,69,rm_loss,9.745536804199219,4096,4096
Olmo-3-7b,actmat,model.layers.17.self_attn.q_proj.weight,69,cosine_similarity,0.10289953649044037,4096,4096
Olmo-3-7b,actmat-identity-inv,model.layers.17.self_attn.q_proj.weight,69,rm_loss,33.863582611083984,4096,4096
Olmo-3-7b,regmean,model.layers.17.self_attn.q_proj.weight,69,rm_loss,1.2943649291992188,4096,4096
Olmo-3-7b,identity,model.layers.17.self_attn.q_proj.weight,69,rm_loss,16.477493286132812,4096,4096
Olmo-3-7b,identity,model.layers.17.self_attn.q_proj.weight,69,cosine_similarity,0.05252784490585327,4096,4096
Olmo-3-7b,actmat,model.layers.17.self_attn.v_proj.weight,70,rm_loss,15.010772705078125,4096,4096
Olmo-3-7b,actmat,model.layers.17.self_attn.v_proj.weight,70,cosine_similarity,0.1275070607662201,4096,4096
Olmo-3-7b,actmat-identity-inv,model.layers.17.self_attn.v_proj.weight,70,rm_loss,65.5274429321289,4096,4096
Olmo-3-7b,regmean,model.layers.17.self_attn.v_proj.weight,70,rm_loss,1.9705429077148438,4096,4096
Olmo-3-7b,identity,model.layers.17.self_attn.v_proj.weight,70,rm_loss,32.177825927734375,4096,4096
Olmo-3-7b,identity,model.layers.17.self_attn.v_proj.weight,70,cosine_similarity,0.05252784490585327,4096,4096
Olmo-3-7b,actmat,model.layers.18.mlp.down_proj.weight,71,rm_loss,9.351409912109375,11008,4096
Olmo-3-7b,actmat,model.layers.18.mlp.down_proj.weight,71,cosine_similarity,0.07710908353328705,11008,4096
Olmo-3-7b,actmat-identity-inv,model.layers.18.mlp.down_proj.weight,71,rm_loss,25.242218017578125,11008,4096
Olmo-3-7b,regmean,model.layers.18.mlp.down_proj.weight,71,rm_loss,1.8067512512207031,11008,4096
Olmo-3-7b,identity,model.layers.18.mlp.down_proj.weight,71,rm_loss,13.234846115112305,11008,4096
Olmo-3-7b,identity,model.layers.18.mlp.down_proj.weight,71,cosine_similarity,0.045703377574682236,11008,4096
Olmo-3-7b,actmat,model.layers.18.mlp.gate_proj.weight,72,rm_loss,28.333953857421875,4096,11008
Olmo-3-7b,actmat,model.layers.18.mlp.gate_proj.weight,72,cosine_similarity,0.14001773297786713,4096,11008
Olmo-3-7b,actmat-identity-inv,model.layers.18.mlp.gate_proj.weight,72,rm_loss,147.58023071289062,4096,11008
Olmo-3-7b,regmean,model.layers.18.mlp.gate_proj.weight,72,rm_loss,5.37542724609375,4096,11008
Olmo-3-7b,identity,model.layers.18.mlp.gate_proj.weight,72,rm_loss,74.28590393066406,4096,11008
Olmo-3-7b,identity,model.layers.18.mlp.gate_proj.weight,72,cosine_similarity,0.055725064128637314,4096,11008
Olmo-3-7b,actmat,model.layers.18.mlp.up_proj.weight,73,rm_loss,51.2506103515625,4096,11008
Olmo-3-7b,actmat,model.layers.18.mlp.up_proj.weight,73,cosine_similarity,0.13550138473510742,4096,11008
Olmo-3-7b,actmat-identity-inv,model.layers.18.mlp.up_proj.weight,73,rm_loss,151.2256317138672,4096,11008
Olmo-3-7b,regmean,model.layers.18.mlp.up_proj.weight,73,rm_loss,5.414947509765625,4096,11008
Olmo-3-7b,identity,model.layers.18.mlp.up_proj.weight,73,rm_loss,75.71859741210938,4096,11008
Olmo-3-7b,identity,model.layers.18.mlp.up_proj.weight,73,cosine_similarity,0.055725064128637314,4096,11008
Olmo-3-7b,actmat,model.layers.18.self_attn.k_proj.weight,74,rm_loss,13.267684936523438,4096,4096
Olmo-3-7b,actmat,model.layers.18.self_attn.k_proj.weight,74,cosine_similarity,0.10048890113830566,4096,4096
Olmo-3-7b,actmat-identity-inv,model.layers.18.self_attn.k_proj.weight,74,rm_loss,29.948610305786133,4096,4096
Olmo-3-7b,regmean,model.layers.18.self_attn.k_proj.weight,74,rm_loss,2.3866958618164062,4096,4096
Olmo-3-7b,identity,model.layers.18.self_attn.k_proj.weight,74,rm_loss,15.82476806640625,4096,4096
Olmo-3-7b,identity,model.layers.18.self_attn.k_proj.weight,74,cosine_similarity,0.05520970746874809,4096,4096
Olmo-3-7b,actmat,model.layers.18.self_attn.o_proj.weight,75,rm_loss,4.459571838378906,4096,4096
Olmo-3-7b,actmat,model.layers.18.self_attn.o_proj.weight,75,cosine_similarity,0.18802398443222046,4096,4096
Olmo-3-7b,actmat-identity-inv,model.layers.18.self_attn.o_proj.weight,75,rm_loss,18.34174156188965,4096,4096
Olmo-3-7b,regmean,model.layers.18.self_attn.o_proj.weight,75,rm_loss,0.4537506103515625,4096,4096
Olmo-3-7b,identity,model.layers.18.self_attn.o_proj.weight,75,rm_loss,9.073165893554688,4096,4096
Olmo-3-7b,identity,model.layers.18.self_attn.o_proj.weight,75,cosine_similarity,0.06166250258684158,4096,4096
Olmo-3-7b,actmat,model.layers.18.self_attn.q_proj.weight,76,rm_loss,12.785774230957031,4096,4096
Olmo-3-7b,actmat,model.layers.18.self_attn.q_proj.weight,76,cosine_similarity,0.09886705875396729,4096,4096
Olmo-3-7b,actmat-identity-inv,model.layers.18.self_attn.q_proj.weight,76,rm_loss,35.09428024291992,4096,4096
Olmo-3-7b,regmean,model.layers.18.self_attn.q_proj.weight,76,rm_loss,1.5497283935546875,4096,4096
Olmo-3-7b,identity,model.layers.18.self_attn.q_proj.weight,76,rm_loss,17.964984893798828,4096,4096
Olmo-3-7b,identity,model.layers.18.self_attn.q_proj.weight,76,cosine_similarity,0.05520970746874809,4096,4096
Olmo-3-7b,actmat,model.layers.18.self_attn.v_proj.weight,77,rm_loss,19.623123168945312,4096,4096
Olmo-3-7b,actmat,model.layers.18.self_attn.v_proj.weight,77,cosine_similarity,0.1251509189605713,4096,4096
Olmo-3-7b,actmat-identity-inv,model.layers.18.self_attn.v_proj.weight,77,rm_loss,69.45236206054688,4096,4096
Olmo-3-7b,regmean,model.layers.18.self_attn.v_proj.weight,77,rm_loss,2.539520263671875,4096,4096
Olmo-3-7b,identity,model.layers.18.self_attn.v_proj.weight,77,rm_loss,34.89484405517578,4096,4096
Olmo-3-7b,identity,model.layers.18.self_attn.v_proj.weight,77,cosine_similarity,0.05520970746874809,4096,4096
Olmo-3-7b,actmat,model.layers.19.mlp.down_proj.weight,78,rm_loss,11.398624420166016,11008,4096
Olmo-3-7b,actmat,model.layers.19.mlp.down_proj.weight,78,cosine_similarity,0.10109882801771164,11008,4096
Olmo-3-7b,actmat-identity-inv,model.layers.19.mlp.down_proj.weight,78,rm_loss,29.97650718688965,11008,4096
Olmo-3-7b,regmean,model.layers.19.mlp.down_proj.weight,78,rm_loss,2.0386734008789062,11008,4096
Olmo-3-7b,identity,model.layers.19.mlp.down_proj.weight,78,rm_loss,16.13137435913086,11008,4096
Olmo-3-7b,identity,model.layers.19.mlp.down_proj.weight,78,cosine_similarity,0.056317608803510666,11008,4096
Olmo-3-7b,actmat,model.layers.19.mlp.gate_proj.weight,79,rm_loss,38.99468994140625,4096,11008
Olmo-3-7b,actmat,model.layers.19.mlp.gate_proj.weight,79,cosine_similarity,0.15551379323005676,4096,11008
Olmo-3-7b,actmat-identity-inv,model.layers.19.mlp.gate_proj.weight,79,rm_loss,194.2774200439453,4096,11008
Olmo-3-7b,regmean,model.layers.19.mlp.gate_proj.weight,79,rm_loss,6.695648193359375,4096,11008
Olmo-3-7b,identity,model.layers.19.mlp.gate_proj.weight,79,rm_loss,99.41606140136719,4096,11008
Olmo-3-7b,identity,model.layers.19.mlp.gate_proj.weight,79,cosine_similarity,0.05586237460374832,4096,11008
Olmo-3-7b,actmat,model.layers.19.mlp.up_proj.weight,80,rm_loss,69.13134765625,4096,11008
Olmo-3-7b,actmat,model.layers.19.mlp.up_proj.weight,80,cosine_similarity,0.14744369685649872,4096,11008
Olmo-3-7b,actmat-identity-inv,model.layers.19.mlp.up_proj.weight,80,rm_loss,191.99526977539062,4096,11008
Olmo-3-7b,regmean,model.layers.19.mlp.up_proj.weight,80,rm_loss,6.72998046875,4096,11008
Olmo-3-7b,identity,model.layers.19.mlp.up_proj.weight,80,rm_loss,98.7568359375,4096,11008
Olmo-3-7b,identity,model.layers.19.mlp.up_proj.weight,80,cosine_similarity,0.05586237460374832,4096,11008
Olmo-3-7b,actmat,model.layers.19.self_attn.k_proj.weight,81,rm_loss,22.136940002441406,4096,4096
Olmo-3-7b,actmat,model.layers.19.self_attn.k_proj.weight,81,cosine_similarity,0.11986212432384491,4096,4096
Olmo-3-7b,actmat-identity-inv,model.layers.19.self_attn.k_proj.weight,81,rm_loss,51.65135192871094,4096,4096
Olmo-3-7b,regmean,model.layers.19.self_attn.k_proj.weight,81,rm_loss,3.211700439453125,4096,4096
Olmo-3-7b,identity,model.layers.19.self_attn.k_proj.weight,81,rm_loss,26.571197509765625,4096,4096
Olmo-3-7b,identity,model.layers.19.self_attn.k_proj.weight,81,cosine_similarity,0.0555037260055542,4096,4096
Olmo-3-7b,actmat,model.layers.19.self_attn.o_proj.weight,82,rm_loss,9.068931579589844,4096,4096
Olmo-3-7b,actmat,model.layers.19.self_attn.o_proj.weight,82,cosine_similarity,0.12306199967861176,4096,4096
Olmo-3-7b,actmat-identity-inv,model.layers.19.self_attn.o_proj.weight,82,rm_loss,27.73007583618164,4096,4096
Olmo-3-7b,regmean,model.layers.19.self_attn.o_proj.weight,82,rm_loss,0.7023391723632812,4096,4096
Olmo-3-7b,identity,model.layers.19.self_attn.o_proj.weight,82,rm_loss,14.607769012451172,4096,4096
Olmo-3-7b,identity,model.layers.19.self_attn.o_proj.weight,82,cosine_similarity,0.03808193653821945,4096,4096
Olmo-3-7b,actmat,model.layers.19.self_attn.q_proj.weight,83,rm_loss,16.427940368652344,4096,4096
Olmo-3-7b,actmat,model.layers.19.self_attn.q_proj.weight,83,cosine_similarity,0.11343135684728622,4096,4096
Olmo-3-7b,actmat-identity-inv,model.layers.19.self_attn.q_proj.weight,83,rm_loss,47.303714752197266,4096,4096
Olmo-3-7b,regmean,model.layers.19.self_attn.q_proj.weight,83,rm_loss,1.9361495971679688,4096,4096
Olmo-3-7b,identity,model.layers.19.self_attn.q_proj.weight,83,rm_loss,23.758575439453125,4096,4096
Olmo-3-7b,identity,model.layers.19.self_attn.q_proj.weight,83,cosine_similarity,0.0555037260055542,4096,4096
Olmo-3-7b,actmat,model.layers.19.self_attn.v_proj.weight,84,rm_loss,35.058319091796875,4096,4096
Olmo-3-7b,actmat,model.layers.19.self_attn.v_proj.weight,84,cosine_similarity,0.1643473505973816,4096,4096
Olmo-3-7b,actmat-identity-inv,model.layers.19.self_attn.v_proj.weight,84,rm_loss,139.16567993164062,4096,4096
Olmo-3-7b,regmean,model.layers.19.self_attn.v_proj.weight,84,rm_loss,4.138763427734375,4096,4096
Olmo-3-7b,identity,model.layers.19.self_attn.v_proj.weight,84,rm_loss,73.01444244384766,4096,4096
Olmo-3-7b,identity,model.layers.19.self_attn.v_proj.weight,84,cosine_similarity,0.0555037260055542,4096,4096
Olmo-3-7b,actmat,model.layers.2.mlp.down_proj.weight,85,rm_loss,0.07202959805727005,11008,4096
Olmo-3-7b,actmat,model.layers.2.mlp.down_proj.weight,85,cosine_similarity,0.08804948627948761,11008,4096
Olmo-3-7b,actmat-identity-inv,model.layers.2.mlp.down_proj.weight,85,rm_loss,0.07121157646179199,11008,4096
Olmo-3-7b,regmean,model.layers.2.mlp.down_proj.weight,85,rm_loss,0.018161751329898834,11008,4096
Olmo-3-7b,identity,model.layers.2.mlp.down_proj.weight,85,rm_loss,0.03876996040344238,11008,4096
Olmo-3-7b,identity,model.layers.2.mlp.down_proj.weight,85,cosine_similarity,0.04328995943069458,11008,4096
Olmo-3-7b,actmat,model.layers.2.mlp.gate_proj.weight,86,rm_loss,2.406766891479492,4096,11008
Olmo-3-7b,actmat,model.layers.2.mlp.gate_proj.weight,86,cosine_similarity,0.11387258768081665,4096,11008
Olmo-3-7b,actmat-identity-inv,model.layers.2.mlp.gate_proj.weight,86,rm_loss,2.2725894451141357,4096,11008
Olmo-3-7b,regmean,model.layers.2.mlp.gate_proj.weight,86,rm_loss,0.4382927417755127,4096,11008
Olmo-3-7b,identity,model.layers.2.mlp.gate_proj.weight,86,rm_loss,1.3111745119094849,4096,11008
Olmo-3-7b,identity,model.layers.2.mlp.gate_proj.weight,86,cosine_similarity,0.060641251504421234,4096,11008
Olmo-3-7b,actmat,model.layers.2.mlp.up_proj.weight,87,rm_loss,11.868697166442871,4096,11008
Olmo-3-7b,actmat,model.layers.2.mlp.up_proj.weight,87,cosine_similarity,0.11484133452177048,4096,11008
Olmo-3-7b,actmat-identity-inv,model.layers.2.mlp.up_proj.weight,87,rm_loss,2.4795477390289307,4096,11008
Olmo-3-7b,regmean,model.layers.2.mlp.up_proj.weight,87,rm_loss,0.45621299743652344,4096,11008
Olmo-3-7b,identity,model.layers.2.mlp.up_proj.weight,87,rm_loss,1.4231334924697876,4096,11008
Olmo-3-7b,identity,model.layers.2.mlp.up_proj.weight,87,cosine_similarity,0.060641251504421234,4096,11008
Olmo-3-7b,actmat,model.layers.2.self_attn.k_proj.weight,88,rm_loss,0.513388991355896,4096,4096
Olmo-3-7b,actmat,model.layers.2.self_attn.k_proj.weight,88,cosine_similarity,0.06706249713897705,4096,4096
Olmo-3-7b,actmat-identity-inv,model.layers.2.self_attn.k_proj.weight,88,rm_loss,0.4055907428264618,4096,4096
Olmo-3-7b,regmean,model.layers.2.self_attn.k_proj.weight,88,rm_loss,0.11064004898071289,4096,4096
Olmo-3-7b,identity,model.layers.2.self_attn.k_proj.weight,88,rm_loss,0.2272682785987854,4096,4096
Olmo-3-7b,identity,model.layers.2.self_attn.k_proj.weight,88,cosine_similarity,0.06085912138223648,4096,4096
Olmo-3-7b,actmat,model.layers.2.self_attn.o_proj.weight,89,rm_loss,0.8000665903091431,4096,4096
Olmo-3-7b,actmat,model.layers.2.self_attn.o_proj.weight,89,cosine_similarity,0.2314048856496811,4096,4096
Olmo-3-7b,actmat-identity-inv,model.layers.2.self_attn.o_proj.weight,89,rm_loss,0.6894201040267944,4096,4096
Olmo-3-7b,regmean,model.layers.2.self_attn.o_proj.weight,89,rm_loss,0.06702971458435059,4096,4096
Olmo-3-7b,identity,model.layers.2.self_attn.o_proj.weight,89,rm_loss,0.37705591320991516,4096,4096
Olmo-3-7b,identity,model.layers.2.self_attn.o_proj.weight,89,cosine_similarity,0.0880698561668396,4096,4096
Olmo-3-7b,actmat,model.layers.2.self_attn.q_proj.weight,90,rm_loss,0.5282689929008484,4096,4096
Olmo-3-7b,actmat,model.layers.2.self_attn.q_proj.weight,90,cosine_similarity,0.06515051424503326,4096,4096
Olmo-3-7b,actmat-identity-inv,model.layers.2.self_attn.q_proj.weight,90,rm_loss,0.3789726793766022,4096,4096
Olmo-3-7b,regmean,model.layers.2.self_attn.q_proj.weight,90,rm_loss,0.09579765796661377,4096,4096
Olmo-3-7b,identity,model.layers.2.self_attn.q_proj.weight,90,rm_loss,0.21696367859840393,4096,4096
Olmo-3-7b,identity,model.layers.2.self_attn.q_proj.weight,90,cosine_similarity,0.06085912138223648,4096,4096
Olmo-3-7b,actmat,model.layers.2.self_attn.v_proj.weight,91,rm_loss,0.9055657386779785,4096,4096
Olmo-3-7b,actmat,model.layers.2.self_attn.v_proj.weight,91,cosine_similarity,0.0685628205537796,4096,4096
Olmo-3-7b,actmat-identity-inv,model.layers.2.self_attn.v_proj.weight,91,rm_loss,0.9983571767807007,4096,4096
Olmo-3-7b,regmean,model.layers.2.self_attn.v_proj.weight,91,rm_loss,0.23227083683013916,4096,4096
Olmo-3-7b,identity,model.layers.2.self_attn.v_proj.weight,91,rm_loss,0.5494037866592407,4096,4096
Olmo-3-7b,identity,model.layers.2.self_attn.v_proj.weight,91,cosine_similarity,0.06085912138223648,4096,4096
Olmo-3-7b,actmat,model.layers.20.mlp.down_proj.weight,92,rm_loss,15.630088806152344,11008,4096
Olmo-3-7b,actmat,model.layers.20.mlp.down_proj.weight,92,cosine_similarity,0.1158372312784195,11008,4096
Olmo-3-7b,actmat-identity-inv,model.layers.20.mlp.down_proj.weight,92,rm_loss,40.61798858642578,11008,4096
Olmo-3-7b,regmean,model.layers.20.mlp.down_proj.weight,92,rm_loss,2.6818618774414062,11008,4096
Olmo-3-7b,identity,model.layers.20.mlp.down_proj.weight,92,rm_loss,21.7811222076416,11008,4096
Olmo-3-7b,identity,model.layers.20.mlp.down_proj.weight,92,cosine_similarity,0.060055237263441086,11008,4096
Olmo-3-7b,actmat,model.layers.20.mlp.gate_proj.weight,93,rm_loss,47.747955322265625,4096,11008
Olmo-3-7b,actmat,model.layers.20.mlp.gate_proj.weight,93,cosine_similarity,0.1711619347333908,4096,11008
Olmo-3-7b,actmat-identity-inv,model.layers.20.mlp.gate_proj.weight,93,rm_loss,224.58206176757812,4096,11008
Olmo-3-7b,regmean,model.layers.20.mlp.gate_proj.weight,93,rm_loss,7.85009765625,4096,11008
Olmo-3-7b,identity,model.layers.20.mlp.gate_proj.weight,93,rm_loss,115.26669311523438,4096,11008
Olmo-3-7b,identity,model.layers.20.mlp.gate_proj.weight,93,cosine_similarity,0.0579577200114727,4096,11008
Olmo-3-7b,actmat,model.layers.20.mlp.up_proj.weight,94,rm_loss,73.076904296875,4096,11008
Olmo-3-7b,actmat,model.layers.20.mlp.up_proj.weight,94,cosine_similarity,0.16254353523254395,4096,11008
Olmo-3-7b,actmat-identity-inv,model.layers.20.mlp.up_proj.weight,94,rm_loss,221.11041259765625,4096,11008
Olmo-3-7b,regmean,model.layers.20.mlp.up_proj.weight,94,rm_loss,7.84869384765625,4096,11008
Olmo-3-7b,identity,model.layers.20.mlp.up_proj.weight,94,rm_loss,113.97831726074219,4096,11008
Olmo-3-7b,identity,model.layers.20.mlp.up_proj.weight,94,cosine_similarity,0.0579577200114727,4096,11008
Olmo-3-7b,actmat,model.layers.20.self_attn.k_proj.weight,95,rm_loss,26.316688537597656,4096,4096
Olmo-3-7b,actmat,model.layers.20.self_attn.k_proj.weight,95,cosine_similarity,0.13526836037635803,4096,4096
Olmo-3-7b,actmat-identity-inv,model.layers.20.self_attn.k_proj.weight,95,rm_loss,63.59297561645508,4096,4096
Olmo-3-7b,regmean,model.layers.20.self_attn.k_proj.weight,95,rm_loss,3.7071990966796875,4096,4096
Olmo-3-7b,identity,model.layers.20.self_attn.k_proj.weight,95,rm_loss,32.9139404296875,4096,4096
Olmo-3-7b,identity,model.layers.20.self_attn.k_proj.weight,95,cosine_similarity,0.05740614980459213,4096,4096
Olmo-3-7b,actmat,model.layers.20.self_attn.o_proj.weight,96,rm_loss,5.441139221191406,4096,4096
Olmo-3-7b,actmat,model.layers.20.self_attn.o_proj.weight,96,cosine_similarity,0.09901964664459229,4096,4096
Olmo-3-7b,actmat-identity-inv,model.layers.20.self_attn.o_proj.weight,96,rm_loss,18.334653854370117,4096,4096
Olmo-3-7b,regmean,model.layers.20.self_attn.o_proj.weight,96,rm_loss,0.548065185546875,4096,4096
Olmo-3-7b,identity,model.layers.20.self_attn.o_proj.weight,96,rm_loss,9.32753849029541,4096,4096
Olmo-3-7b,identity,model.layers.20.self_attn.o_proj.weight,96,cosine_similarity,0.04445807635784149,4096,4096
Olmo-3-7b,actmat,model.layers.20.self_attn.q_proj.weight,97,rm_loss,17.98877716064453,4096,4096
Olmo-3-7b,actmat,model.layers.20.self_attn.q_proj.weight,97,cosine_similarity,0.12581822276115417,4096,4096
Olmo-3-7b,actmat-identity-inv,model.layers.20.self_attn.q_proj.weight,97,rm_loss,65.16222381591797,4096,4096
Olmo-3-7b,regmean,model.layers.20.self_attn.q_proj.weight,97,rm_loss,2.2725601196289062,4096,4096
Olmo-3-7b,identity,model.layers.20.self_attn.q_proj.weight,97,rm_loss,31.82549285888672,4096,4096
Olmo-3-7b,identity,model.layers.20.self_attn.q_proj.weight,97,cosine_similarity,0.05740614980459213,4096,4096
Olmo-3-7b,actmat,model.layers.20.self_attn.v_proj.weight,98,rm_loss,38.979248046875,4096,4096
Olmo-3-7b,actmat,model.layers.20.self_attn.v_proj.weight,98,cosine_similarity,0.162812277674675,4096,4096
Olmo-3-7b,actmat-identity-inv,model.layers.20.self_attn.v_proj.weight,98,rm_loss,151.62966918945312,4096,4096
Olmo-3-7b,regmean,model.layers.20.self_attn.v_proj.weight,98,rm_loss,4.16241455078125,4096,4096
Olmo-3-7b,identity,model.layers.20.self_attn.v_proj.weight,98,rm_loss,76.93669891357422,4096,4096
Olmo-3-7b,identity,model.layers.20.self_attn.v_proj.weight,98,cosine_similarity,0.05740614980459213,4096,4096
Olmo-3-7b,actmat,model.layers.21.mlp.down_proj.weight,99,rm_loss,19.626388549804688,11008,4096
Olmo-3-7b,actmat,model.layers.21.mlp.down_proj.weight,99,cosine_similarity,0.12662333250045776,11008,4096
Olmo-3-7b,actmat-identity-inv,model.layers.21.mlp.down_proj.weight,99,rm_loss,47.21242904663086,11008,4096
Olmo-3-7b,regmean,model.layers.21.mlp.down_proj.weight,99,rm_loss,3.2678451538085938,11008,4096
Olmo-3-7b,identity,model.layers.21.mlp.down_proj.weight,99,rm_loss,25.164901733398438,11008,4096
Olmo-3-7b,identity,model.layers.21.mlp.down_proj.weight,99,cosine_similarity,0.06717225164175034,11008,4096
Olmo-3-7b,actmat,model.layers.21.mlp.gate_proj.weight,100,rm_loss,53.6934814453125,4096,11008
Olmo-3-7b,actmat,model.layers.21.mlp.gate_proj.weight,100,cosine_similarity,0.17657628655433655,4096,11008
Olmo-3-7b,actmat-identity-inv,model.layers.21.mlp.gate_proj.weight,100,rm_loss,256.1333923339844,4096,11008
Olmo-3-7b,regmean,model.layers.21.mlp.gate_proj.weight,100,rm_loss,8.91412353515625,4096,11008
Olmo-3-7b,identity,model.layers.21.mlp.gate_proj.weight,100,rm_loss,131.43405151367188,4096,11008
Olmo-3-7b,identity,model.layers.21.mlp.gate_proj.weight,100,cosine_similarity,0.05988488718867302,4096,11008
Olmo-3-7b,actmat,model.layers.21.mlp.up_proj.weight,101,rm_loss,89.13168334960938,4096,11008
Olmo-3-7b,actmat,model.layers.21.mlp.up_proj.weight,101,cosine_similarity,0.1686977595090866,4096,11008
Olmo-3-7b,actmat-identity-inv,model.layers.21.mlp.up_proj.weight,101,rm_loss,253.7393035888672,4096,11008
Olmo-3-7b,regmean,model.layers.21.mlp.up_proj.weight,101,rm_loss,8.938262939453125,4096,11008
Olmo-3-7b,identity,model.layers.21.mlp.up_proj.weight,101,rm_loss,129.7939453125,4096,11008
Olmo-3-7b,identity,model.layers.21.mlp.up_proj.weight,101,cosine_similarity,0.05988488718867302,4096,11008
Olmo-3-7b,actmat,model.layers.21.self_attn.k_proj.weight,102,rm_loss,26.418731689453125,4096,4096
Olmo-3-7b,actmat,model.layers.21.self_attn.k_proj.weight,102,cosine_similarity,0.1558573842048645,4096,4096
Olmo-3-7b,actmat-identity-inv,model.layers.21.self_attn.k_proj.weight,102,rm_loss,76.1978759765625,4096,4096
Olmo-3-7b,regmean,model.layers.21.self_attn.k_proj.weight,102,rm_loss,4.1403656005859375,4096,4096
Olmo-3-7b,identity,model.layers.21.self_attn.k_proj.weight,102,rm_loss,41.511474609375,4096,4096
Olmo-3-7b,identity,model.layers.21.self_attn.k_proj.weight,102,cosine_similarity,0.05972642824053764,4096,4096
Olmo-3-7b,actmat,model.layers.21.self_attn.o_proj.weight,103,rm_loss,4.463836669921875,4096,4096
Olmo-3-7b,actmat,model.layers.21.self_attn.o_proj.weight,103,cosine_similarity,0.18390130996704102,4096,4096
Olmo-3-7b,actmat-identity-inv,model.layers.21.self_attn.o_proj.weight,103,rm_loss,16.123868942260742,4096,4096
Olmo-3-7b,regmean,model.layers.21.self_attn.o_proj.weight,103,rm_loss,0.3580951690673828,4096,4096
Olmo-3-7b,identity,model.layers.21.self_attn.o_proj.weight,103,rm_loss,8.111018180847168,4096,4096
Olmo-3-7b,identity,model.layers.21.self_attn.o_proj.weight,103,cosine_similarity,0.05625656992197037,4096,4096
Olmo-3-7b,actmat,model.layers.21.self_attn.q_proj.weight,104,rm_loss,23.35906982421875,4096,4096
Olmo-3-7b,actmat,model.layers.21.self_attn.q_proj.weight,104,cosine_similarity,0.1435225009918213,4096,4096
Olmo-3-7b,actmat-identity-inv,model.layers.21.self_attn.q_proj.weight,104,rm_loss,77.5376205444336,4096,4096
Olmo-3-7b,regmean,model.layers.21.self_attn.q_proj.weight,104,rm_loss,2.800384521484375,4096,4096
Olmo-3-7b,identity,model.layers.21.self_attn.q_proj.weight,104,rm_loss,39.86057662963867,4096,4096
Olmo-3-7b,identity,model.layers.21.self_attn.q_proj.weight,104,cosine_similarity,0.05972642824053764,4096,4096
Olmo-3-7b,actmat,model.layers.21.self_attn.v_proj.weight,105,rm_loss,41.51031494140625,4096,4096
Olmo-3-7b,actmat,model.layers.21.self_attn.v_proj.weight,105,cosine_similarity,0.17725273966789246,4096,4096
Olmo-3-7b,actmat-identity-inv,model.layers.21.self_attn.v_proj.weight,105,rm_loss,167.76280212402344,4096,4096
Olmo-3-7b,regmean,model.layers.21.self_attn.v_proj.weight,105,rm_loss,4.685821533203125,4096,4096
Olmo-3-7b,identity,model.layers.21.self_attn.v_proj.weight,105,rm_loss,87.15789794921875,4096,4096
Olmo-3-7b,identity,model.layers.21.self_attn.v_proj.weight,105,cosine_similarity,0.05972642824053764,4096,4096
Olmo-3-7b,actmat,model.layers.22.mlp.down_proj.weight,106,rm_loss,30.680389404296875,11008,4096
Olmo-3-7b,actmat,model.layers.22.mlp.down_proj.weight,106,cosine_similarity,0.0896933302283287,11008,4096
Olmo-3-7b,actmat-identity-inv,model.layers.22.mlp.down_proj.weight,106,rm_loss,62.33539962768555,11008,4096
Olmo-3-7b,regmean,model.layers.22.mlp.down_proj.weight,106,rm_loss,5.431709289550781,11008,4096
Olmo-3-7b,identity,model.layers.22.mlp.down_proj.weight,106,rm_loss,33.25230407714844,11008,4096
Olmo-3-7b,identity,model.layers.22.mlp.down_proj.weight,106,cosine_similarity,0.05177285894751549,11008,4096
Olmo-3-7b,actmat,model.layers.22.mlp.gate_proj.weight,107,rm_loss,63.197784423828125,4096,11008
Olmo-3-7b,actmat,model.layers.22.mlp.gate_proj.weight,107,cosine_similarity,0.18627920746803284,4096,11008
Olmo-3-7b,actmat-identity-inv,model.layers.22.mlp.gate_proj.weight,107,rm_loss,289.9970703125,4096,11008
Olmo-3-7b,regmean,model.layers.22.mlp.gate_proj.weight,107,rm_loss,10.22271728515625,4096,11008
Olmo-3-7b,identity,model.layers.22.mlp.gate_proj.weight,107,rm_loss,149.10906982421875,4096,11008
Olmo-3-7b,identity,model.layers.22.mlp.gate_proj.weight,107,cosine_similarity,0.06263133138418198,4096,11008
Olmo-3-7b,actmat,model.layers.22.mlp.up_proj.weight,108,rm_loss,93.7269287109375,4096,11008
Olmo-3-7b,actmat,model.layers.22.mlp.up_proj.weight,108,cosine_similarity,0.1775626242160797,4096,11008
Olmo-3-7b,actmat-identity-inv,model.layers.22.mlp.up_proj.weight,108,rm_loss,286.9124450683594,4096,11008
Olmo-3-7b,regmean,model.layers.22.mlp.up_proj.weight,108,rm_loss,10.320556640625,4096,11008
Olmo-3-7b,identity,model.layers.22.mlp.up_proj.weight,108,rm_loss,147.33831787109375,4096,11008
Olmo-3-7b,identity,model.layers.22.mlp.up_proj.weight,108,cosine_similarity,0.06263133138418198,4096,11008
Olmo-3-7b,actmat,model.layers.22.self_attn.k_proj.weight,109,rm_loss,28.81854248046875,4096,4096
Olmo-3-7b,actmat,model.layers.22.self_attn.k_proj.weight,109,cosine_similarity,0.14207616448402405,4096,4096
Olmo-3-7b,actmat-identity-inv,model.layers.22.self_attn.k_proj.weight,109,rm_loss,79.46528625488281,4096,4096
Olmo-3-7b,regmean,model.layers.22.self_attn.k_proj.weight,109,rm_loss,4.4142303466796875,4096,4096
Olmo-3-7b,identity,model.layers.22.self_attn.k_proj.weight,109,rm_loss,40.53443145751953,4096,4096
Olmo-3-7b,identity,model.layers.22.self_attn.k_proj.weight,109,cosine_similarity,0.0627242848277092,4096,4096
Olmo-3-7b,actmat,model.layers.22.self_attn.o_proj.weight,110,rm_loss,7.979623794555664,4096,4096
Olmo-3-7b,actmat,model.layers.22.self_attn.o_proj.weight,110,cosine_similarity,0.1300097405910492,4096,4096
Olmo-3-7b,actmat-identity-inv,model.layers.22.self_attn.o_proj.weight,110,rm_loss,19.555828094482422,4096,4096
Olmo-3-7b,regmean,model.layers.22.self_attn.o_proj.weight,110,rm_loss,0.63214111328125,4096,4096
Olmo-3-7b,identity,model.layers.22.self_attn.o_proj.weight,110,rm_loss,10.226749420166016,4096,4096
Olmo-3-7b,identity,model.layers.22.self_attn.o_proj.weight,110,cosine_similarity,0.05429137870669365,4096,4096
Olmo-3-7b,actmat,model.layers.22.self_attn.q_proj.weight,111,rm_loss,26.936431884765625,4096,4096
Olmo-3-7b,actmat,model.layers.22.self_attn.q_proj.weight,111,cosine_similarity,0.13668861985206604,4096,4096
Olmo-3-7b,actmat-identity-inv,model.layers.22.self_attn.q_proj.weight,111,rm_loss,77.68584442138672,4096,4096
Olmo-3-7b,regmean,model.layers.22.self_attn.q_proj.weight,111,rm_loss,2.96380615234375,4096,4096
Olmo-3-7b,identity,model.layers.22.self_attn.q_proj.weight,111,rm_loss,39.288734436035156,4096,4096
Olmo-3-7b,identity,model.layers.22.self_attn.q_proj.weight,111,cosine_similarity,0.0627242848277092,4096,4096
Olmo-3-7b,actmat,model.layers.22.self_attn.v_proj.weight,112,rm_loss,52.37359619140625,4096,4096
Olmo-3-7b,actmat,model.layers.22.self_attn.v_proj.weight,112,cosine_similarity,0.17315375804901123,4096,4096
Olmo-3-7b,actmat-identity-inv,model.layers.22.self_attn.v_proj.weight,112,rm_loss,206.04759216308594,4096,4096
Olmo-3-7b,regmean,model.layers.22.self_attn.v_proj.weight,112,rm_loss,5.642059326171875,4096,4096
Olmo-3-7b,identity,model.layers.22.self_attn.v_proj.weight,112,rm_loss,106.2017822265625,4096,4096
Olmo-3-7b,identity,model.layers.22.self_attn.v_proj.weight,112,cosine_similarity,0.0627242848277092,4096,4096
Olmo-3-7b,actmat,model.layers.23.mlp.down_proj.weight,113,rm_loss,35.0894775390625,11008,4096
Olmo-3-7b,actmat,model.layers.23.mlp.down_proj.weight,113,cosine_similarity,0.09541071951389313,11008,4096
Olmo-3-7b,actmat-identity-inv,model.layers.23.mlp.down_proj.weight,113,rm_loss,66.32022094726562,11008,4096
Olmo-3-7b,regmean,model.layers.23.mlp.down_proj.weight,113,rm_loss,5.9321746826171875,11008,4096
Olmo-3-7b,identity,model.layers.23.mlp.down_proj.weight,113,rm_loss,34.733673095703125,11008,4096
Olmo-3-7b,identity,model.layers.23.mlp.down_proj.weight,113,cosine_similarity,0.061325084418058395,11008,4096
Olmo-3-7b,actmat,model.layers.23.mlp.gate_proj.weight,114,rm_loss,73.3248291015625,4096,11008
Olmo-3-7b,actmat,model.layers.23.mlp.gate_proj.weight,114,cosine_similarity,0.19785627722740173,4096,11008
Olmo-3-7b,actmat-identity-inv,model.layers.23.mlp.gate_proj.weight,114,rm_loss,330.7422180175781,4096,11008
Olmo-3-7b,regmean,model.layers.23.mlp.gate_proj.weight,114,rm_loss,11.630859375,4096,11008
Olmo-3-7b,identity,model.layers.23.mlp.gate_proj.weight,114,rm_loss,169.78616333007812,4096,11008
Olmo-3-7b,identity,model.layers.23.mlp.gate_proj.weight,114,cosine_similarity,0.06520386785268784,4096,11008
Olmo-3-7b,actmat,model.layers.23.mlp.up_proj.weight,115,rm_loss,94.05877685546875,4096,11008
Olmo-3-7b,actmat,model.layers.23.mlp.up_proj.weight,115,cosine_similarity,0.19092878699302673,4096,11008
Olmo-3-7b,actmat-identity-inv,model.layers.23.mlp.up_proj.weight,115,rm_loss,328.0804748535156,4096,11008
Olmo-3-7b,regmean,model.layers.23.mlp.up_proj.weight,115,rm_loss,11.7359619140625,4096,11008
Olmo-3-7b,identity,model.layers.23.mlp.up_proj.weight,115,rm_loss,168.09625244140625,4096,11008
Olmo-3-7b,identity,model.layers.23.mlp.up_proj.weight,115,cosine_similarity,0.06520386785268784,4096,11008
Olmo-3-7b,actmat,model.layers.23.self_attn.k_proj.weight,116,rm_loss,36.00584411621094,4096,4096
Olmo-3-7b,actmat,model.layers.23.self_attn.k_proj.weight,116,cosine_similarity,0.11873292177915573,4096,4096
Olmo-3-7b,actmat-identity-inv,model.layers.23.self_attn.k_proj.weight,116,rm_loss,108.60801696777344,4096,4096
Olmo-3-7b,regmean,model.layers.23.self_attn.k_proj.weight,116,rm_loss,5.121063232421875,4096,4096
Olmo-3-7b,identity,model.layers.23.self_attn.k_proj.weight,116,rm_loss,58.18083190917969,4096,4096
Olmo-3-7b,identity,model.layers.23.self_attn.k_proj.weight,116,cosine_similarity,0.06555012613534927,4096,4096
Olmo-3-7b,actmat,model.layers.23.self_attn.o_proj.weight,117,rm_loss,8.170528411865234,4096,4096
Olmo-3-7b,actmat,model.layers.23.self_attn.o_proj.weight,117,cosine_similarity,0.098075732588768,4096,4096
Olmo-3-7b,actmat-identity-inv,model.layers.23.self_attn.o_proj.weight,117,rm_loss,27.05982780456543,4096,4096
Olmo-3-7b,regmean,model.layers.23.self_attn.o_proj.weight,117,rm_loss,0.7368202209472656,4096,4096
Olmo-3-7b,identity,model.layers.23.self_attn.o_proj.weight,117,rm_loss,13.363319396972656,4096,4096
Olmo-3-7b,identity,model.layers.23.self_attn.o_proj.weight,117,cosine_similarity,0.036644574254751205,4096,4096
Olmo-3-7b,actmat,model.layers.23.self_attn.q_proj.weight,118,rm_loss,34.74937438964844,4096,4096
Olmo-3-7b,actmat,model.layers.23.self_attn.q_proj.weight,118,cosine_similarity,0.09959283471107483,4096,4096
Olmo-3-7b,actmat-identity-inv,model.layers.23.self_attn.q_proj.weight,118,rm_loss,95.55427551269531,4096,4096
Olmo-3-7b,regmean,model.layers.23.self_attn.q_proj.weight,118,rm_loss,3.586669921875,4096,4096
Olmo-3-7b,identity,model.layers.23.self_attn.q_proj.weight,118,rm_loss,50.17779541015625,4096,4096
Olmo-3-7b,identity,model.layers.23.self_attn.q_proj.weight,118,cosine_similarity,0.06555012613534927,4096,4096
Olmo-3-7b,actmat,model.layers.23.self_attn.v_proj.weight,119,rm_loss,55.898956298828125,4096,4096
Olmo-3-7b,actmat,model.layers.23.self_attn.v_proj.weight,119,cosine_similarity,0.18151125311851501,4096,4096
Olmo-3-7b,actmat-identity-inv,model.layers.23.self_attn.v_proj.weight,119,rm_loss,245.4976348876953,4096,4096
Olmo-3-7b,regmean,model.layers.23.self_attn.v_proj.weight,119,rm_loss,6.39044189453125,4096,4096
Olmo-3-7b,identity,model.layers.23.self_attn.v_proj.weight,119,rm_loss,125.84304809570312,4096,4096
Olmo-3-7b,identity,model.layers.23.self_attn.v_proj.weight,119,cosine_similarity,0.06555012613534927,4096,4096
Olmo-3-7b,actmat,model.layers.24.mlp.down_proj.weight,120,rm_loss,49.82804870605469,11008,4096
Olmo-3-7b,actmat,model.layers.24.mlp.down_proj.weight,120,cosine_similarity,0.08108384907245636,11008,4096
Olmo-3-7b,actmat-identity-inv,model.layers.24.mlp.down_proj.weight,120,rm_loss,81.7145004272461,11008,4096
Olmo-3-7b,regmean,model.layers.24.mlp.down_proj.weight,120,rm_loss,8.6529541015625,11008,4096
Olmo-3-7b,identity,model.layers.24.mlp.down_proj.weight,120,rm_loss,41.80088806152344,11008,4096
Olmo-3-7b,identity,model.layers.24.mlp.down_proj.weight,120,cosine_similarity,0.0549672469496727,11008,4096
Olmo-3-7b,actmat,model.layers.24.mlp.gate_proj.weight,121,rm_loss,76.80621337890625,4096,11008
Olmo-3-7b,actmat,model.layers.24.mlp.gate_proj.weight,121,cosine_similarity,0.2048814743757248,4096,11008
Olmo-3-7b,actmat-identity-inv,model.layers.24.mlp.gate_proj.weight,121,rm_loss,361.53851318359375,4096,11008
Olmo-3-7b,regmean,model.layers.24.mlp.gate_proj.weight,121,rm_loss,13.19390869140625,4096,11008
Olmo-3-7b,identity,model.layers.24.mlp.gate_proj.weight,121,rm_loss,186.15408325195312,4096,11008
Olmo-3-7b,identity,model.layers.24.mlp.gate_proj.weight,121,cosine_similarity,0.06828327476978302,4096,11008
Olmo-3-7b,actmat,model.layers.24.mlp.up_proj.weight,122,rm_loss,101.03857421875,4096,11008
Olmo-3-7b,actmat,model.layers.24.mlp.up_proj.weight,122,cosine_similarity,0.1997295320034027,4096,11008
Olmo-3-7b,actmat-identity-inv,model.layers.24.mlp.up_proj.weight,122,rm_loss,362.0074157714844,4096,11008
Olmo-3-7b,regmean,model.layers.24.mlp.up_proj.weight,122,rm_loss,13.31103515625,4096,11008
Olmo-3-7b,identity,model.layers.24.mlp.up_proj.weight,122,rm_loss,186.00404357910156,4096,11008
Olmo-3-7b,identity,model.layers.24.mlp.up_proj.weight,122,cosine_similarity,0.06828327476978302,4096,11008
Olmo-3-7b,actmat,model.layers.24.self_attn.k_proj.weight,123,rm_loss,35.82270812988281,4096,4096
Olmo-3-7b,actmat,model.layers.24.self_attn.k_proj.weight,123,cosine_similarity,0.1442699283361435,4096,4096
Olmo-3-7b,actmat-identity-inv,model.layers.24.self_attn.k_proj.weight,123,rm_loss,85.16643524169922,4096,4096
Olmo-3-7b,regmean,model.layers.24.self_attn.k_proj.weight,123,rm_loss,4.695770263671875,4096,4096
Olmo-3-7b,identity,model.layers.24.self_attn.k_proj.weight,123,rm_loss,45.16453552246094,4096,4096
Olmo-3-7b,identity,model.layers.24.self_attn.k_proj.weight,123,cosine_similarity,0.06785736978054047,4096,4096
Olmo-3-7b,actmat,model.layers.24.self_attn.o_proj.weight,124,rm_loss,5.698451995849609,4096,4096
Olmo-3-7b,actmat,model.layers.24.self_attn.o_proj.weight,124,cosine_similarity,0.10885840654373169,4096,4096
Olmo-3-7b,actmat-identity-inv,model.layers.24.self_attn.o_proj.weight,124,rm_loss,13.945759773254395,4096,4096
Olmo-3-7b,regmean,model.layers.24.self_attn.o_proj.weight,124,rm_loss,0.6397933959960938,4096,4096
Olmo-3-7b,identity,model.layers.24.self_attn.o_proj.weight,124,rm_loss,7.013158798217773,4096,4096
Olmo-3-7b,identity,model.layers.24.self_attn.o_proj.weight,124,cosine_similarity,0.05261009931564331,4096,4096
Olmo-3-7b,actmat,model.layers.24.self_attn.q_proj.weight,125,rm_loss,32.86238098144531,4096,4096
Olmo-3-7b,actmat,model.layers.24.self_attn.q_proj.weight,125,cosine_similarity,0.12800875306129456,4096,4096
Olmo-3-7b,actmat-identity-inv,model.layers.24.self_attn.q_proj.weight,125,rm_loss,79.78270721435547,4096,4096
Olmo-3-7b,regmean,model.layers.24.self_attn.q_proj.weight,125,rm_loss,3.7205657958984375,4096,4096
Olmo-3-7b,identity,model.layers.24.self_attn.q_proj.weight,125,rm_loss,40.96671676635742,4096,4096
Olmo-3-7b,identity,model.layers.24.self_attn.q_proj.weight,125,cosine_similarity,0.06785736978054047,4096,4096
Olmo-3-7b,actmat,model.layers.24.self_attn.v_proj.weight,126,rm_loss,59.86688232421875,4096,4096
Olmo-3-7b,actmat,model.layers.24.self_attn.v_proj.weight,126,cosine_similarity,0.17078034579753876,4096,4096
Olmo-3-7b,actmat-identity-inv,model.layers.24.self_attn.v_proj.weight,126,rm_loss,222.17739868164062,4096,4096
Olmo-3-7b,regmean,model.layers.24.self_attn.v_proj.weight,126,rm_loss,6.240692138671875,4096,4096
Olmo-3-7b,identity,model.layers.24.self_attn.v_proj.weight,126,rm_loss,115.38507080078125,4096,4096
Olmo-3-7b,identity,model.layers.24.self_attn.v_proj.weight,126,cosine_similarity,0.06785736978054047,4096,4096
Olmo-3-7b,actmat,model.layers.25.mlp.down_proj.weight,127,rm_loss,61.62663269042969,11008,4096
Olmo-3-7b,actmat,model.layers.25.mlp.down_proj.weight,127,cosine_similarity,0.04178410768508911,11008,4096
Olmo-3-7b,actmat-identity-inv,model.layers.25.mlp.down_proj.weight,127,rm_loss,104.63426971435547,11008,4096
Olmo-3-7b,regmean,model.layers.25.mlp.down_proj.weight,127,rm_loss,15.199432373046875,11008,4096
Olmo-3-7b,identity,model.layers.25.mlp.down_proj.weight,127,rm_loss,55.161407470703125,11008,4096
Olmo-3-7b,identity,model.layers.25.mlp.down_proj.weight,127,cosine_similarity,0.034142736345529556,11008,4096
Olmo-3-7b,actmat,model.layers.25.mlp.gate_proj.weight,128,rm_loss,86.2840576171875,4096,11008
Olmo-3-7b,actmat,model.layers.25.mlp.gate_proj.weight,128,cosine_similarity,0.20395570993423462,4096,11008
Olmo-3-7b,actmat-identity-inv,model.layers.25.mlp.gate_proj.weight,128,rm_loss,386.5770263671875,4096,11008
Olmo-3-7b,regmean,model.layers.25.mlp.gate_proj.weight,128,rm_loss,14.32427978515625,4096,11008
Olmo-3-7b,identity,model.layers.25.mlp.gate_proj.weight,128,rm_loss,199.44351196289062,4096,11008
Olmo-3-7b,identity,model.layers.25.mlp.gate_proj.weight,128,cosine_similarity,0.07058854401111603,4096,11008
Olmo-3-7b,actmat,model.layers.25.mlp.up_proj.weight,129,rm_loss,100.0806884765625,4096,11008
Olmo-3-7b,actmat,model.layers.25.mlp.up_proj.weight,129,cosine_similarity,0.20312492549419403,4096,11008
Olmo-3-7b,actmat-identity-inv,model.layers.25.mlp.up_proj.weight,129,rm_loss,398.7877197265625,4096,11008
Olmo-3-7b,regmean,model.layers.25.mlp.up_proj.weight,129,rm_loss,14.4609375,4096,11008
Olmo-3-7b,identity,model.layers.25.mlp.up_proj.weight,129,rm_loss,203.47775268554688,4096,11008
Olmo-3-7b,identity,model.layers.25.mlp.up_proj.weight,129,cosine_similarity,0.07058854401111603,4096,11008
Olmo-3-7b,actmat,model.layers.25.self_attn.k_proj.weight,130,rm_loss,39.73046875,4096,4096
Olmo-3-7b,actmat,model.layers.25.self_attn.k_proj.weight,130,cosine_similarity,0.1554204672574997,4096,4096
Olmo-3-7b,actmat-identity-inv,model.layers.25.self_attn.k_proj.weight,130,rm_loss,114.21086120605469,4096,4096
Olmo-3-7b,regmean,model.layers.25.self_attn.k_proj.weight,130,rm_loss,5.2326202392578125,4096,4096
Olmo-3-7b,identity,model.layers.25.self_attn.k_proj.weight,130,rm_loss,55.52418518066406,4096,4096
Olmo-3-7b,identity,model.layers.25.self_attn.k_proj.weight,130,cosine_similarity,0.07054433226585388,4096,4096
Olmo-3-7b,actmat,model.layers.25.self_attn.o_proj.weight,131,rm_loss,8.453437805175781,4096,4096
Olmo-3-7b,actmat,model.layers.25.self_attn.o_proj.weight,131,cosine_similarity,0.09217862784862518,4096,4096
Olmo-3-7b,actmat-identity-inv,model.layers.25.self_attn.o_proj.weight,131,rm_loss,20.980005264282227,4096,4096
Olmo-3-7b,regmean,model.layers.25.self_attn.o_proj.weight,131,rm_loss,0.7124748229980469,4096,4096
Olmo-3-7b,identity,model.layers.25.self_attn.o_proj.weight,131,rm_loss,10.271121978759766,4096,4096
Olmo-3-7b,identity,model.layers.25.self_attn.o_proj.weight,131,cosine_similarity,0.04685506969690323,4096,4096
Olmo-3-7b,actmat,model.layers.25.self_attn.q_proj.weight,132,rm_loss,39.8660888671875,4096,4096
Olmo-3-7b,actmat,model.layers.25.self_attn.q_proj.weight,132,cosine_similarity,0.14290902018547058,4096,4096
Olmo-3-7b,actmat-identity-inv,model.layers.25.self_attn.q_proj.weight,132,rm_loss,105.61434173583984,4096,4096
Olmo-3-7b,regmean,model.layers.25.self_attn.q_proj.weight,132,rm_loss,4.1489715576171875,4096,4096
Olmo-3-7b,identity,model.layers.25.self_attn.q_proj.weight,132,rm_loss,52.391265869140625,4096,4096
Olmo-3-7b,identity,model.layers.25.self_attn.q_proj.weight,132,cosine_similarity,0.07054433226585388,4096,4096
Olmo-3-7b,actmat,model.layers.25.self_attn.v_proj.weight,133,rm_loss,68.2296142578125,4096,4096
Olmo-3-7b,actmat,model.layers.25.self_attn.v_proj.weight,133,cosine_similarity,0.1677112877368927,4096,4096
Olmo-3-7b,actmat-identity-inv,model.layers.25.self_attn.v_proj.weight,133,rm_loss,259.7173767089844,4096,4096
Olmo-3-7b,regmean,model.layers.25.self_attn.v_proj.weight,133,rm_loss,7.449462890625,4096,4096
Olmo-3-7b,identity,model.layers.25.self_attn.v_proj.weight,133,rm_loss,130.3095703125,4096,4096
Olmo-3-7b,identity,model.layers.25.self_attn.v_proj.weight,133,cosine_similarity,0.07054433226585388,4096,4096
Olmo-3-7b,actmat,model.layers.26.mlp.down_proj.weight,134,rm_loss,86.35032653808594,11008,4096
Olmo-3-7b,actmat,model.layers.26.mlp.down_proj.weight,134,cosine_similarity,0.03561733663082123,11008,4096
Olmo-3-7b,actmat-identity-inv,model.layers.26.mlp.down_proj.weight,134,rm_loss,132.1330108642578,11008,4096
Olmo-3-7b,regmean,model.layers.26.mlp.down_proj.weight,134,rm_loss,21.292190551757812,11008,4096
Olmo-3-7b,identity,model.layers.26.mlp.down_proj.weight,134,rm_loss,67.83790588378906,11008,4096
Olmo-3-7b,identity,model.layers.26.mlp.down_proj.weight,134,cosine_similarity,0.030577030032873154,11008,4096
Olmo-3-7b,actmat,model.layers.26.mlp.gate_proj.weight,135,rm_loss,94.7296142578125,4096,11008
Olmo-3-7b,actmat,model.layers.26.mlp.gate_proj.weight,135,cosine_similarity,0.20272773504257202,4096,11008
Olmo-3-7b,actmat-identity-inv,model.layers.26.mlp.gate_proj.weight,135,rm_loss,401.4561767578125,4096,11008
Olmo-3-7b,regmean,model.layers.26.mlp.gate_proj.weight,135,rm_loss,15.9920654296875,4096,11008
Olmo-3-7b,identity,model.layers.26.mlp.gate_proj.weight,135,rm_loss,208.89666748046875,4096,11008
Olmo-3-7b,identity,model.layers.26.mlp.gate_proj.weight,135,cosine_similarity,0.07371749728918076,4096,11008
Olmo-3-7b,actmat,model.layers.26.mlp.up_proj.weight,136,rm_loss,98.88055419921875,4096,11008
Olmo-3-7b,actmat,model.layers.26.mlp.up_proj.weight,136,cosine_similarity,0.20321975648403168,4096,11008
Olmo-3-7b,actmat-identity-inv,model.layers.26.mlp.up_proj.weight,136,rm_loss,409.0812683105469,4096,11008
Olmo-3-7b,regmean,model.layers.26.mlp.up_proj.weight,136,rm_loss,16.0291748046875,4096,11008
Olmo-3-7b,identity,model.layers.26.mlp.up_proj.weight,136,rm_loss,209.99502563476562,4096,11008
Olmo-3-7b,identity,model.layers.26.mlp.up_proj.weight,136,cosine_similarity,0.07371749728918076,4096,11008
Olmo-3-7b,actmat,model.layers.26.self_attn.k_proj.weight,137,rm_loss,45.03056335449219,4096,4096
Olmo-3-7b,actmat,model.layers.26.self_attn.k_proj.weight,137,cosine_similarity,0.16394659876823425,4096,4096
Olmo-3-7b,actmat-identity-inv,model.layers.26.self_attn.k_proj.weight,137,rm_loss,109.17105102539062,4096,4096
Olmo-3-7b,regmean,model.layers.26.self_attn.k_proj.weight,137,rm_loss,6.091766357421875,4096,4096
Olmo-3-7b,identity,model.layers.26.self_attn.k_proj.weight,137,rm_loss,57.33453369140625,4096,4096
Olmo-3-7b,identity,model.layers.26.self_attn.k_proj.weight,137,cosine_similarity,0.07276813685894012,4096,4096
Olmo-3-7b,actmat,model.layers.26.self_attn.o_proj.weight,138,rm_loss,7.251398086547852,4096,4096
Olmo-3-7b,actmat,model.layers.26.self_attn.o_proj.weight,138,cosine_similarity,0.1303936094045639,4096,4096
Olmo-3-7b,actmat-identity-inv,model.layers.26.self_attn.o_proj.weight,138,rm_loss,19.700883865356445,4096,4096
Olmo-3-7b,regmean,model.layers.26.self_attn.o_proj.weight,138,rm_loss,0.7623214721679688,4096,4096
Olmo-3-7b,identity,model.layers.26.self_attn.o_proj.weight,138,rm_loss,9.386234283447266,4096,4096
Olmo-3-7b,identity,model.layers.26.self_attn.o_proj.weight,138,cosine_similarity,0.056994955986738205,4096,4096
Olmo-3-7b,actmat,model.layers.26.self_attn.q_proj.weight,139,rm_loss,43.0367431640625,4096,4096
Olmo-3-7b,actmat,model.layers.26.self_attn.q_proj.weight,139,cosine_similarity,0.1609421968460083,4096,4096
Olmo-3-7b,actmat-identity-inv,model.layers.26.self_attn.q_proj.weight,139,rm_loss,123.29196166992188,4096,4096
Olmo-3-7b,regmean,model.layers.26.self_attn.q_proj.weight,139,rm_loss,4.8365020751953125,4096,4096
Olmo-3-7b,identity,model.layers.26.self_attn.q_proj.weight,139,rm_loss,63.01140594482422,4096,4096
Olmo-3-7b,identity,model.layers.26.self_attn.q_proj.weight,139,cosine_similarity,0.07276813685894012,4096,4096
Olmo-3-7b,actmat,model.layers.26.self_attn.v_proj.weight,140,rm_loss,66.62933349609375,4096,4096
Olmo-3-7b,actmat,model.layers.26.self_attn.v_proj.weight,140,cosine_similarity,0.18152841925621033,4096,4096
Olmo-3-7b,actmat-identity-inv,model.layers.26.self_attn.v_proj.weight,140,rm_loss,277.08441162109375,4096,4096
Olmo-3-7b,regmean,model.layers.26.self_attn.v_proj.weight,140,rm_loss,7.71148681640625,4096,4096
Olmo-3-7b,identity,model.layers.26.self_attn.v_proj.weight,140,rm_loss,138.30247497558594,4096,4096
Olmo-3-7b,identity,model.layers.26.self_attn.v_proj.weight,140,cosine_similarity,0.07276813685894012,4096,4096
Olmo-3-7b,actmat,model.layers.27.mlp.down_proj.weight,141,rm_loss,122.78628540039062,11008,4096
Olmo-3-7b,actmat,model.layers.27.mlp.down_proj.weight,141,cosine_similarity,0.039282433688640594,11008,4096
Olmo-3-7b,actmat-identity-inv,model.layers.27.mlp.down_proj.weight,141,rm_loss,232.2278594970703,11008,4096
Olmo-3-7b,regmean,model.layers.27.mlp.down_proj.weight,141,rm_loss,36.409393310546875,11008,4096
Olmo-3-7b,identity,model.layers.27.mlp.down_proj.weight,141,rm_loss,118.25900268554688,11008,4096
Olmo-3-7b,identity,model.layers.27.mlp.down_proj.weight,141,cosine_similarity,0.028749190270900726,11008,4096
Olmo-3-7b,actmat,model.layers.27.mlp.gate_proj.weight,142,rm_loss,108.2178955078125,4096,11008
Olmo-3-7b,actmat,model.layers.27.mlp.gate_proj.weight,142,cosine_similarity,0.20159193873405457,4096,11008
Olmo-3-7b,actmat-identity-inv,model.layers.27.mlp.gate_proj.weight,142,rm_loss,446.7757568359375,4096,11008
Olmo-3-7b,regmean,model.layers.27.mlp.gate_proj.weight,142,rm_loss,18.1529541015625,4096,11008
Olmo-3-7b,identity,model.layers.27.mlp.gate_proj.weight,142,rm_loss,231.0411376953125,4096,11008
Olmo-3-7b,identity,model.layers.27.mlp.gate_proj.weight,142,cosine_similarity,0.07606609165668488,4096,11008
Olmo-3-7b,actmat,model.layers.27.mlp.up_proj.weight,143,rm_loss,111.96820068359375,4096,11008
Olmo-3-7b,actmat,model.layers.27.mlp.up_proj.weight,143,cosine_similarity,0.201702281832695,4096,11008
Olmo-3-7b,actmat-identity-inv,model.layers.27.mlp.up_proj.weight,143,rm_loss,455.7390441894531,4096,11008
Olmo-3-7b,regmean,model.layers.27.mlp.up_proj.weight,143,rm_loss,18.1910400390625,4096,11008
Olmo-3-7b,identity,model.layers.27.mlp.up_proj.weight,143,rm_loss,234.93994140625,4096,11008
Olmo-3-7b,identity,model.layers.27.mlp.up_proj.weight,143,cosine_similarity,0.07606609165668488,4096,11008
Olmo-3-7b,actmat,model.layers.27.self_attn.k_proj.weight,144,rm_loss,51.92854309082031,4096,4096
Olmo-3-7b,actmat,model.layers.27.self_attn.k_proj.weight,144,cosine_similarity,0.15768171846866608,4096,4096
Olmo-3-7b,actmat-identity-inv,model.layers.27.self_attn.k_proj.weight,144,rm_loss,133.63494873046875,4096,4096
Olmo-3-7b,regmean,model.layers.27.self_attn.k_proj.weight,144,rm_loss,6.6442718505859375,4096,4096
Olmo-3-7b,identity,model.layers.27.self_attn.k_proj.weight,144,rm_loss,69.67697143554688,4096,4096
Olmo-3-7b,identity,model.layers.27.self_attn.k_proj.weight,144,cosine_similarity,0.07643169164657593,4096,4096
Olmo-3-7b,actmat,model.layers.27.self_attn.o_proj.weight,145,rm_loss,9.87213134765625,4096,4096
Olmo-3-7b,actmat,model.layers.27.self_attn.o_proj.weight,145,cosine_similarity,0.13342635333538055,4096,4096
Olmo-3-7b,actmat-identity-inv,model.layers.27.self_attn.o_proj.weight,145,rm_loss,38.23346710205078,4096,4096
Olmo-3-7b,regmean,model.layers.27.self_attn.o_proj.weight,145,rm_loss,0.8405609130859375,4096,4096
Olmo-3-7b,identity,model.layers.27.self_attn.o_proj.weight,145,rm_loss,17.8227481842041,4096,4096
Olmo-3-7b,identity,model.layers.27.self_attn.o_proj.weight,145,cosine_similarity,0.04998406022787094,4096,4096
Olmo-3-7b,actmat,model.layers.27.self_attn.q_proj.weight,146,rm_loss,57.51983642578125,4096,4096
Olmo-3-7b,actmat,model.layers.27.self_attn.q_proj.weight,146,cosine_similarity,0.1409224420785904,4096,4096
Olmo-3-7b,actmat-identity-inv,model.layers.27.self_attn.q_proj.weight,146,rm_loss,152.28155517578125,4096,4096
Olmo-3-7b,regmean,model.layers.27.self_attn.q_proj.weight,146,rm_loss,5.809234619140625,4096,4096
Olmo-3-7b,identity,model.layers.27.self_attn.q_proj.weight,146,rm_loss,76.6806640625,4096,4096
Olmo-3-7b,identity,model.layers.27.self_attn.q_proj.weight,146,cosine_similarity,0.07643169164657593,4096,4096
Olmo-3-7b,actmat,model.layers.27.self_attn.v_proj.weight,147,rm_loss,88.883056640625,4096,4096
Olmo-3-7b,actmat,model.layers.27.self_attn.v_proj.weight,147,cosine_similarity,0.18881277740001678,4096,4096
Olmo-3-7b,actmat-identity-inv,model.layers.27.self_attn.v_proj.weight,147,rm_loss,364.74591064453125,4096,4096
Olmo-3-7b,regmean,model.layers.27.self_attn.v_proj.weight,147,rm_loss,9.87542724609375,4096,4096
Olmo-3-7b,identity,model.layers.27.self_attn.v_proj.weight,147,rm_loss,181.88980102539062,4096,4096
Olmo-3-7b,identity,model.layers.27.self_attn.v_proj.weight,147,cosine_similarity,0.07643169164657593,4096,4096
Olmo-3-7b,actmat,model.layers.28.mlp.down_proj.weight,148,rm_loss,254.3353271484375,11008,4096
Olmo-3-7b,actmat,model.layers.28.mlp.down_proj.weight,148,cosine_similarity,0.057590048760175705,11008,4096
Olmo-3-7b,actmat-identity-inv,model.layers.28.mlp.down_proj.weight,148,rm_loss,477.455322265625,11008,4096
Olmo-3-7b,regmean,model.layers.28.mlp.down_proj.weight,148,rm_loss,62.93731689453125,11008,4096
Olmo-3-7b,identity,model.layers.28.mlp.down_proj.weight,148,rm_loss,250.91806030273438,11008,4096
Olmo-3-7b,identity,model.layers.28.mlp.down_proj.weight,148,cosine_similarity,0.03094930574297905,11008,4096
Olmo-3-7b,actmat,model.layers.28.mlp.gate_proj.weight,149,rm_loss,118.7174072265625,4096,11008
Olmo-3-7b,actmat,model.layers.28.mlp.gate_proj.weight,149,cosine_similarity,0.19513408839702606,4096,11008
Olmo-3-7b,actmat-identity-inv,model.layers.28.mlp.gate_proj.weight,149,rm_loss,482.3580322265625,4096,11008
Olmo-3-7b,regmean,model.layers.28.mlp.gate_proj.weight,149,rm_loss,19.97662353515625,4096,11008
Olmo-3-7b,identity,model.layers.28.mlp.gate_proj.weight,149,rm_loss,251.22598266601562,4096,11008
Olmo-3-7b,identity,model.layers.28.mlp.gate_proj.weight,149,cosine_similarity,0.0772036612033844,4096,11008
Olmo-3-7b,actmat,model.layers.28.mlp.up_proj.weight,150,rm_loss,124.7196044921875,4096,11008
Olmo-3-7b,actmat,model.layers.28.mlp.up_proj.weight,150,cosine_similarity,0.19544892013072968,4096,11008
Olmo-3-7b,actmat-identity-inv,model.layers.28.mlp.up_proj.weight,150,rm_loss,491.43414306640625,4096,11008
Olmo-3-7b,regmean,model.layers.28.mlp.up_proj.weight,150,rm_loss,19.93426513671875,4096,11008
Olmo-3-7b,identity,model.layers.28.mlp.up_proj.weight,150,rm_loss,255.94107055664062,4096,11008
Olmo-3-7b,identity,model.layers.28.mlp.up_proj.weight,150,cosine_similarity,0.0772036612033844,4096,11008
Olmo-3-7b,actmat,model.layers.28.self_attn.k_proj.weight,151,rm_loss,66.28125,4096,4096
Olmo-3-7b,actmat,model.layers.28.self_attn.k_proj.weight,151,cosine_similarity,0.1902850866317749,4096,4096
Olmo-3-7b,actmat-identity-inv,model.layers.28.self_attn.k_proj.weight,151,rm_loss,225.9641876220703,4096,4096
Olmo-3-7b,regmean,model.layers.28.self_attn.k_proj.weight,151,rm_loss,7.915924072265625,4096,4096
Olmo-3-7b,identity,model.layers.28.self_attn.k_proj.weight,151,rm_loss,92.46182250976562,4096,4096
Olmo-3-7b,identity,model.layers.28.self_attn.k_proj.weight,151,cosine_similarity,0.07802090048789978,4096,4096
Olmo-3-7b,actmat,model.layers.28.self_attn.o_proj.weight,152,rm_loss,8.238327026367188,4096,4096
Olmo-3-7b,actmat,model.layers.28.self_attn.o_proj.weight,152,cosine_similarity,0.14895449578762054,4096,4096
Olmo-3-7b,actmat-identity-inv,model.layers.28.self_attn.o_proj.weight,152,rm_loss,39.263465881347656,4096,4096
Olmo-3-7b,regmean,model.layers.28.self_attn.o_proj.weight,152,rm_loss,0.8601760864257812,4096,4096
Olmo-3-7b,identity,model.layers.28.self_attn.o_proj.weight,152,rm_loss,18.05376434326172,4096,4096
Olmo-3-7b,identity,model.layers.28.self_attn.o_proj.weight,152,cosine_similarity,0.05702720209956169,4096,4096
Olmo-3-7b,actmat,model.layers.28.self_attn.q_proj.weight,153,rm_loss,63.035186767578125,4096,4096
Olmo-3-7b,actmat,model.layers.28.self_attn.q_proj.weight,153,cosine_similarity,0.20181071758270264,4096,4096
Olmo-3-7b,actmat-identity-inv,model.layers.28.self_attn.q_proj.weight,153,rm_loss,225.5994873046875,4096,4096
Olmo-3-7b,regmean,model.layers.28.self_attn.q_proj.weight,153,rm_loss,6.4901123046875,4096,4096
Olmo-3-7b,identity,model.layers.28.self_attn.q_proj.weight,153,rm_loss,96.865478515625,4096,4096
Olmo-3-7b,identity,model.layers.28.self_attn.q_proj.weight,153,cosine_similarity,0.07802090048789978,4096,4096
Olmo-3-7b,actmat,model.layers.28.self_attn.v_proj.weight,154,rm_loss,107.5081787109375,4096,4096
Olmo-3-7b,actmat,model.layers.28.self_attn.v_proj.weight,154,cosine_similarity,0.16916523873806,4096,4096
Olmo-3-7b,actmat-identity-inv,model.layers.28.self_attn.v_proj.weight,154,rm_loss,425.9925231933594,4096,4096
Olmo-3-7b,regmean,model.layers.28.self_attn.v_proj.weight,154,rm_loss,11.2596435546875,4096,4096
Olmo-3-7b,identity,model.layers.28.self_attn.v_proj.weight,154,rm_loss,205.607421875,4096,4096
Olmo-3-7b,identity,model.layers.28.self_attn.v_proj.weight,154,cosine_similarity,0.07802090048789978,4096,4096
Olmo-3-7b,actmat,model.layers.29.mlp.down_proj.weight,155,rm_loss,1055.08642578125,11008,4096
Olmo-3-7b,actmat,model.layers.29.mlp.down_proj.weight,155,cosine_similarity,0.2056289166212082,11008,4096
Olmo-3-7b,actmat-identity-inv,model.layers.29.mlp.down_proj.weight,155,rm_loss,1759.467529296875,11008,4096
Olmo-3-7b,regmean,model.layers.29.mlp.down_proj.weight,155,rm_loss,114.645751953125,11008,4096
Olmo-3-7b,identity,model.layers.29.mlp.down_proj.weight,155,rm_loss,915.2509765625,11008,4096
Olmo-3-7b,identity,model.layers.29.mlp.down_proj.weight,155,cosine_similarity,0.05425434559583664,11008,4096
Olmo-3-7b,actmat,model.layers.29.mlp.gate_proj.weight,156,rm_loss,168.210205078125,4096,11008
Olmo-3-7b,actmat,model.layers.29.mlp.gate_proj.weight,156,cosine_similarity,0.21178576350212097,4096,11008
Olmo-3-7b,actmat-identity-inv,model.layers.29.mlp.gate_proj.weight,156,rm_loss,703.2715454101562,4096,11008
Olmo-3-7b,regmean,model.layers.29.mlp.gate_proj.weight,156,rm_loss,24.937255859375,4096,11008
Olmo-3-7b,identity,model.layers.29.mlp.gate_proj.weight,156,rm_loss,375.7811279296875,4096,11008
Olmo-3-7b,identity,model.layers.29.mlp.gate_proj.weight,156,cosine_similarity,0.07506772875785828,4096,11008
Olmo-3-7b,actmat,model.layers.29.mlp.up_proj.weight,157,rm_loss,165.087890625,4096,11008
Olmo-3-7b,actmat,model.layers.29.mlp.up_proj.weight,157,cosine_similarity,0.21626460552215576,4096,11008
Olmo-3-7b,actmat-identity-inv,model.layers.29.mlp.up_proj.weight,157,rm_loss,706.9138793945312,4096,11008
Olmo-3-7b,regmean,model.layers.29.mlp.up_proj.weight,157,rm_loss,24.62744140625,4096,11008
Olmo-3-7b,identity,model.layers.29.mlp.up_proj.weight,157,rm_loss,371.8853454589844,4096,11008
Olmo-3-7b,identity,model.layers.29.mlp.up_proj.weight,157,cosine_similarity,0.07506772875785828,4096,11008
Olmo-3-7b,actmat,model.layers.29.self_attn.k_proj.weight,158,rm_loss,83.33978271484375,4096,4096
Olmo-3-7b,actmat,model.layers.29.self_attn.k_proj.weight,158,cosine_similarity,0.16334907710552216,4096,4096
Olmo-3-7b,actmat-identity-inv,model.layers.29.self_attn.k_proj.weight,158,rm_loss,189.2652587890625,4096,4096
Olmo-3-7b,regmean,model.layers.29.self_attn.k_proj.weight,158,rm_loss,9.24224853515625,4096,4096
Olmo-3-7b,identity,model.layers.29.self_attn.k_proj.weight,158,rm_loss,96.51248168945312,4096,4096
Olmo-3-7b,identity,model.layers.29.self_attn.k_proj.weight,158,cosine_similarity,0.07935168594121933,4096,4096
Olmo-3-7b,actmat,model.layers.29.self_attn.o_proj.weight,159,rm_loss,13.006927490234375,4096,4096
Olmo-3-7b,actmat,model.layers.29.self_attn.o_proj.weight,159,cosine_similarity,0.13780710101127625,4096,4096
Olmo-3-7b,actmat-identity-inv,model.layers.29.self_attn.o_proj.weight,159,rm_loss,63.22241973876953,4096,4096
Olmo-3-7b,regmean,model.layers.29.self_attn.o_proj.weight,159,rm_loss,1.23956298828125,4096,4096
Olmo-3-7b,identity,model.layers.29.self_attn.o_proj.weight,159,rm_loss,30.934417724609375,4096,4096
Olmo-3-7b,identity,model.layers.29.self_attn.o_proj.weight,159,cosine_similarity,0.0516594760119915,4096,4096
Olmo-3-7b,actmat,model.layers.29.self_attn.q_proj.weight,160,rm_loss,71.20172119140625,4096,4096
Olmo-3-7b,actmat,model.layers.29.self_attn.q_proj.weight,160,cosine_similarity,0.16673147678375244,4096,4096
Olmo-3-7b,actmat-identity-inv,model.layers.29.self_attn.q_proj.weight,160,rm_loss,212.3001251220703,4096,4096
Olmo-3-7b,regmean,model.layers.29.self_attn.q_proj.weight,160,rm_loss,7.57269287109375,4096,4096
Olmo-3-7b,identity,model.layers.29.self_attn.q_proj.weight,160,rm_loss,102.23629760742188,4096,4096
Olmo-3-7b,identity,model.layers.29.self_attn.q_proj.weight,160,cosine_similarity,0.07935168594121933,4096,4096
Olmo-3-7b,actmat,model.layers.29.self_attn.v_proj.weight,161,rm_loss,143.855712890625,4096,4096
Olmo-3-7b,actmat,model.layers.29.self_attn.v_proj.weight,161,cosine_similarity,0.18979930877685547,4096,4096
Olmo-3-7b,actmat-identity-inv,model.layers.29.self_attn.v_proj.weight,161,rm_loss,640.4906005859375,4096,4096
Olmo-3-7b,regmean,model.layers.29.self_attn.v_proj.weight,161,rm_loss,14.0596923828125,4096,4096
Olmo-3-7b,identity,model.layers.29.self_attn.v_proj.weight,161,rm_loss,310.41461181640625,4096,4096
Olmo-3-7b,identity,model.layers.29.self_attn.v_proj.weight,161,cosine_similarity,0.07935168594121933,4096,4096
Olmo-3-7b,actmat,model.layers.3.mlp.down_proj.weight,162,rm_loss,0.056490182876586914,11008,4096
Olmo-3-7b,actmat,model.layers.3.mlp.down_proj.weight,162,cosine_similarity,0.12167946994304657,11008,4096
Olmo-3-7b,actmat-identity-inv,model.layers.3.mlp.down_proj.weight,162,rm_loss,0.09026896953582764,11008,4096
Olmo-3-7b,regmean,model.layers.3.mlp.down_proj.weight,162,rm_loss,0.010623037815093994,11008,4096
Olmo-3-7b,identity,model.layers.3.mlp.down_proj.weight,162,rm_loss,0.0486433207988739,11008,4096
Olmo-3-7b,identity,model.layers.3.mlp.down_proj.weight,162,cosine_similarity,0.0690995454788208,11008,4096
Olmo-3-7b,actmat,model.layers.3.mlp.gate_proj.weight,163,rm_loss,1.8935952186584473,4096,11008
Olmo-3-7b,actmat,model.layers.3.mlp.gate_proj.weight,163,cosine_similarity,0.11490438878536224,4096,11008
Olmo-3-7b,actmat-identity-inv,model.layers.3.mlp.gate_proj.weight,163,rm_loss,2.791940689086914,4096,11008
Olmo-3-7b,regmean,model.layers.3.mlp.gate_proj.weight,163,rm_loss,0.4840068817138672,4096,11008
Olmo-3-7b,identity,model.layers.3.mlp.gate_proj.weight,163,rm_loss,1.5736150741577148,4096,11008
Olmo-3-7b,identity,model.layers.3.mlp.gate_proj.weight,163,cosine_similarity,0.06076627969741821,4096,11008
Olmo-3-7b,actmat,model.layers.3.mlp.up_proj.weight,164,rm_loss,9.333357810974121,4096,11008
Olmo-3-7b,actmat,model.layers.3.mlp.up_proj.weight,164,cosine_similarity,0.11260122060775757,4096,11008
Olmo-3-7b,actmat-identity-inv,model.layers.3.mlp.up_proj.weight,164,rm_loss,3.0739636421203613,4096,11008
Olmo-3-7b,regmean,model.layers.3.mlp.up_proj.weight,164,rm_loss,0.5049357414245605,4096,11008
Olmo-3-7b,identity,model.layers.3.mlp.up_proj.weight,164,rm_loss,1.7279038429260254,4096,11008
Olmo-3-7b,identity,model.layers.3.mlp.up_proj.weight,164,cosine_similarity,0.06076627969741821,4096,11008
Olmo-3-7b,actmat,model.layers.3.self_attn.k_proj.weight,165,rm_loss,0.6211193203926086,4096,4096
Olmo-3-7b,actmat,model.layers.3.self_attn.k_proj.weight,165,cosine_similarity,0.03797049820423126,4096,4096
Olmo-3-7b,actmat-identity-inv,model.layers.3.self_attn.k_proj.weight,165,rm_loss,0.5373720526695251,4096,4096
Olmo-3-7b,regmean,model.layers.3.self_attn.k_proj.weight,165,rm_loss,0.14959275722503662,4096,4096
Olmo-3-7b,identity,model.layers.3.self_attn.k_proj.weight,165,rm_loss,0.308238685131073,4096,4096
Olmo-3-7b,identity,model.layers.3.self_attn.k_proj.weight,165,cosine_similarity,0.06028681620955467,4096,4096
Olmo-3-7b,actmat,model.layers.3.self_attn.o_proj.weight,166,rm_loss,1.0488630533218384,4096,4096
Olmo-3-7b,actmat,model.layers.3.self_attn.o_proj.weight,166,cosine_similarity,0.1898384988307953,4096,4096
Olmo-3-7b,actmat-identity-inv,model.layers.3.self_attn.o_proj.weight,166,rm_loss,1.1503784656524658,4096,4096
Olmo-3-7b,regmean,model.layers.3.self_attn.o_proj.weight,166,rm_loss,0.07098913192749023,4096,4096
Olmo-3-7b,identity,model.layers.3.self_attn.o_proj.weight,166,rm_loss,0.6113439798355103,4096,4096
Olmo-3-7b,identity,model.layers.3.self_attn.o_proj.weight,166,cosine_similarity,0.0656745582818985,4096,4096
Olmo-3-7b,actmat,model.layers.3.self_attn.q_proj.weight,167,rm_loss,0.6729111671447754,4096,4096
Olmo-3-7b,actmat,model.layers.3.self_attn.q_proj.weight,167,cosine_similarity,0.02354401722550392,4096,4096
Olmo-3-7b,actmat-identity-inv,model.layers.3.self_attn.q_proj.weight,167,rm_loss,0.5483225584030151,4096,4096
Olmo-3-7b,regmean,model.layers.3.self_attn.q_proj.weight,167,rm_loss,0.1266554594039917,4096,4096
Olmo-3-7b,identity,model.layers.3.self_attn.q_proj.weight,167,rm_loss,0.34109213948249817,4096,4096
Olmo-3-7b,identity,model.layers.3.self_attn.q_proj.weight,167,cosine_similarity,0.06028681620955467,4096,4096
Olmo-3-7b,actmat,model.layers.3.self_attn.v_proj.weight,168,rm_loss,1.1659648418426514,4096,4096
Olmo-3-7b,actmat,model.layers.3.self_attn.v_proj.weight,168,cosine_similarity,0.07674210518598557,4096,4096
Olmo-3-7b,actmat-identity-inv,model.layers.3.self_attn.v_proj.weight,168,rm_loss,1.580678939819336,4096,4096
Olmo-3-7b,regmean,model.layers.3.self_attn.v_proj.weight,168,rm_loss,0.27118492126464844,4096,4096
Olmo-3-7b,identity,model.layers.3.self_attn.v_proj.weight,168,rm_loss,0.8474413156509399,4096,4096
Olmo-3-7b,identity,model.layers.3.self_attn.v_proj.weight,168,cosine_similarity,0.06028681620955467,4096,4096
Olmo-3-7b,actmat,model.layers.30.mlp.down_proj.weight,169,rm_loss,2589.9970703125,11008,4096
Olmo-3-7b,actmat,model.layers.30.mlp.down_proj.weight,169,cosine_similarity,0.2734522223472595,11008,4096
Olmo-3-7b,actmat-identity-inv,model.layers.30.mlp.down_proj.weight,169,rm_loss,4964.74462890625,11008,4096
Olmo-3-7b,regmean,model.layers.30.mlp.down_proj.weight,169,rm_loss,298.0419921875,11008,4096
Olmo-3-7b,identity,model.layers.30.mlp.down_proj.weight,169,rm_loss,2572.15478515625,11008,4096
Olmo-3-7b,identity,model.layers.30.mlp.down_proj.weight,169,cosine_similarity,0.05490058660507202,11008,4096
Olmo-3-7b,actmat,model.layers.30.mlp.gate_proj.weight,170,rm_loss,286.601806640625,4096,11008
Olmo-3-7b,actmat,model.layers.30.mlp.gate_proj.weight,170,cosine_similarity,0.2340901792049408,4096,11008
Olmo-3-7b,actmat-identity-inv,model.layers.30.mlp.gate_proj.weight,170,rm_loss,1041.061767578125,4096,11008
Olmo-3-7b,regmean,model.layers.30.mlp.gate_proj.weight,170,rm_loss,34.5880126953125,4096,11008
Olmo-3-7b,identity,model.layers.30.mlp.gate_proj.weight,170,rm_loss,567.5771484375,4096,11008
Olmo-3-7b,identity,model.layers.30.mlp.gate_proj.weight,170,cosine_similarity,0.07262396812438965,4096,11008
Olmo-3-7b,actmat,model.layers.30.mlp.up_proj.weight,171,rm_loss,267.8663330078125,4096,11008
Olmo-3-7b,actmat,model.layers.30.mlp.up_proj.weight,171,cosine_similarity,0.23333552479743958,4096,11008
Olmo-3-7b,actmat-identity-inv,model.layers.30.mlp.up_proj.weight,171,rm_loss,1032.1334228515625,4096,11008
Olmo-3-7b,regmean,model.layers.30.mlp.up_proj.weight,171,rm_loss,33.72119140625,4096,11008
Olmo-3-7b,identity,model.layers.30.mlp.up_proj.weight,171,rm_loss,548.800048828125,4096,11008
Olmo-3-7b,identity,model.layers.30.mlp.up_proj.weight,171,cosine_similarity,0.07262396812438965,4096,11008
Olmo-3-7b,actmat,model.layers.30.self_attn.k_proj.weight,172,rm_loss,118.21835327148438,4096,4096
Olmo-3-7b,actmat,model.layers.30.self_attn.k_proj.weight,172,cosine_similarity,0.19805502891540527,4096,4096
Olmo-3-7b,actmat-identity-inv,model.layers.30.self_attn.k_proj.weight,172,rm_loss,304.5956726074219,4096,4096
Olmo-3-7b,regmean,model.layers.30.self_attn.k_proj.weight,172,rm_loss,11.893798828125,4096,4096
Olmo-3-7b,identity,model.layers.30.self_attn.k_proj.weight,172,rm_loss,161.13604736328125,4096,4096
Olmo-3-7b,identity,model.layers.30.self_attn.k_proj.weight,172,cosine_similarity,0.0762123316526413,4096,4096
Olmo-3-7b,actmat,model.layers.30.self_attn.o_proj.weight,173,rm_loss,13.114395141601562,4096,4096
Olmo-3-7b,actmat,model.layers.30.self_attn.o_proj.weight,173,cosine_similarity,0.15849605202674866,4096,4096
Olmo-3-7b,actmat-identity-inv,model.layers.30.self_attn.o_proj.weight,173,rm_loss,70.36774444580078,4096,4096
Olmo-3-7b,regmean,model.layers.30.self_attn.o_proj.weight,173,rm_loss,0.9592742919921875,4096,4096
Olmo-3-7b,identity,model.layers.30.self_attn.o_proj.weight,173,rm_loss,31.99443817138672,4096,4096
Olmo-3-7b,identity,model.layers.30.self_attn.o_proj.weight,173,cosine_similarity,0.057454295456409454,4096,4096
Olmo-3-7b,actmat,model.layers.30.self_attn.q_proj.weight,174,rm_loss,106.69146728515625,4096,4096
Olmo-3-7b,actmat,model.layers.30.self_attn.q_proj.weight,174,cosine_similarity,0.19837874174118042,4096,4096
Olmo-3-7b,actmat-identity-inv,model.layers.30.self_attn.q_proj.weight,174,rm_loss,368.89447021484375,4096,4096
Olmo-3-7b,regmean,model.layers.30.self_attn.q_proj.weight,174,rm_loss,10.6656494140625,4096,4096
Olmo-3-7b,identity,model.layers.30.self_attn.q_proj.weight,174,rm_loss,186.97509765625,4096,4096
Olmo-3-7b,identity,model.layers.30.self_attn.q_proj.weight,174,cosine_similarity,0.0762123316526413,4096,4096
Olmo-3-7b,actmat,model.layers.30.self_attn.v_proj.weight,175,rm_loss,231.158203125,4096,4096
Olmo-3-7b,actmat,model.layers.30.self_attn.v_proj.weight,175,cosine_similarity,0.19732245802879333,4096,4096
Olmo-3-7b,actmat-identity-inv,model.layers.30.self_attn.v_proj.weight,175,rm_loss,978.8443603515625,4096,4096
Olmo-3-7b,regmean,model.layers.30.self_attn.v_proj.weight,175,rm_loss,21.1409912109375,4096,4096
Olmo-3-7b,identity,model.layers.30.self_attn.v_proj.weight,175,rm_loss,492.13311767578125,4096,4096
Olmo-3-7b,identity,model.layers.30.self_attn.v_proj.weight,175,cosine_similarity,0.0762123316526413,4096,4096
Olmo-3-7b,actmat,model.layers.31.mlp.down_proj.weight,176,rm_loss,10257.802734375,11008,4096
Olmo-3-7b,actmat,model.layers.31.mlp.down_proj.weight,176,cosine_similarity,0.16026580333709717,11008,4096
Olmo-3-7b,actmat-identity-inv,model.layers.31.mlp.down_proj.weight,176,rm_loss,14952.87890625,11008,4096
Olmo-3-7b,regmean,model.layers.31.mlp.down_proj.weight,176,rm_loss,1426.236328125,11008,4096
Olmo-3-7b,identity,model.layers.31.mlp.down_proj.weight,176,rm_loss,9140.390625,11008,4096
Olmo-3-7b,identity,model.layers.31.mlp.down_proj.weight,176,cosine_similarity,0.03415405750274658,11008,4096
Olmo-3-7b,actmat,model.layers.31.mlp.gate_proj.weight,177,rm_loss,571.732421875,4096,11008
Olmo-3-7b,actmat,model.layers.31.mlp.gate_proj.weight,177,cosine_similarity,0.24144606292247772,4096,11008
Olmo-3-7b,actmat-identity-inv,model.layers.31.mlp.gate_proj.weight,177,rm_loss,1419.8106689453125,4096,11008
Olmo-3-7b,regmean,model.layers.31.mlp.gate_proj.weight,177,rm_loss,50.91455078125,4096,11008
Olmo-3-7b,identity,model.layers.31.mlp.gate_proj.weight,177,rm_loss,810.9657592773438,4096,11008
Olmo-3-7b,identity,model.layers.31.mlp.gate_proj.weight,177,cosine_similarity,0.06945761293172836,4096,11008
Olmo-3-7b,actmat,model.layers.31.mlp.up_proj.weight,178,rm_loss,522.95703125,4096,11008
Olmo-3-7b,actmat,model.layers.31.mlp.up_proj.weight,178,cosine_similarity,0.2412266731262207,4096,11008
Olmo-3-7b,actmat-identity-inv,model.layers.31.mlp.up_proj.weight,178,rm_loss,1409.883544921875,4096,11008
Olmo-3-7b,regmean,model.layers.31.mlp.up_proj.weight,178,rm_loss,49.51123046875,4096,11008
Olmo-3-7b,identity,model.layers.31.mlp.up_proj.weight,178,rm_loss,797.6712646484375,4096,11008
Olmo-3-7b,identity,model.layers.31.mlp.up_proj.weight,178,cosine_similarity,0.06945761293172836,4096,11008
Olmo-3-7b,actmat,model.layers.31.self_attn.k_proj.weight,179,rm_loss,139.3336181640625,4096,4096
Olmo-3-7b,actmat,model.layers.31.self_attn.k_proj.weight,179,cosine_similarity,0.149084210395813,4096,4096
Olmo-3-7b,actmat-identity-inv,model.layers.31.self_attn.k_proj.weight,179,rm_loss,398.632568359375,4096,4096
Olmo-3-7b,regmean,model.layers.31.self_attn.k_proj.weight,179,rm_loss,15.0418701171875,4096,4096
Olmo-3-7b,identity,model.layers.31.self_attn.k_proj.weight,179,rm_loss,181.88754272460938,4096,4096
Olmo-3-7b,identity,model.layers.31.self_attn.k_proj.weight,179,cosine_similarity,0.07141229510307312,4096,4096
Olmo-3-7b,actmat,model.layers.31.self_attn.o_proj.weight,180,rm_loss,40.32508850097656,4096,4096
Olmo-3-7b,actmat,model.layers.31.self_attn.o_proj.weight,180,cosine_similarity,0.1607372760772705,4096,4096
Olmo-3-7b,actmat-identity-inv,model.layers.31.self_attn.o_proj.weight,180,rm_loss,117.2530517578125,4096,4096
Olmo-3-7b,regmean,model.layers.31.self_attn.o_proj.weight,180,rm_loss,1.8779296875,4096,4096
Olmo-3-7b,identity,model.layers.31.self_attn.o_proj.weight,180,rm_loss,57.83647918701172,4096,4096
Olmo-3-7b,identity,model.layers.31.self_attn.o_proj.weight,180,cosine_similarity,0.05470357835292816,4096,4096
Olmo-3-7b,actmat,model.layers.31.self_attn.q_proj.weight,181,rm_loss,165.42987060546875,4096,4096
Olmo-3-7b,actmat,model.layers.31.self_attn.q_proj.weight,181,cosine_similarity,0.157819926738739,4096,4096
Olmo-3-7b,actmat-identity-inv,model.layers.31.self_attn.q_proj.weight,181,rm_loss,567.7532958984375,4096,4096
Olmo-3-7b,regmean,model.layers.31.self_attn.q_proj.weight,181,rm_loss,15.343505859375,4096,4096
Olmo-3-7b,identity,model.layers.31.self_attn.q_proj.weight,181,rm_loss,243.00164794921875,4096,4096
Olmo-3-7b,identity,model.layers.31.self_attn.q_proj.weight,181,cosine_similarity,0.07141229510307312,4096,4096
Olmo-3-7b,actmat,model.layers.31.self_attn.v_proj.weight,182,rm_loss,373.088134765625,4096,4096
Olmo-3-7b,actmat,model.layers.31.self_attn.v_proj.weight,182,cosine_similarity,0.21013742685317993,4096,4096
Olmo-3-7b,actmat-identity-inv,model.layers.31.self_attn.v_proj.weight,182,rm_loss,1632.852783203125,4096,4096
Olmo-3-7b,regmean,model.layers.31.self_attn.v_proj.weight,182,rm_loss,33.61474609375,4096,4096
Olmo-3-7b,identity,model.layers.31.self_attn.v_proj.weight,182,rm_loss,715.841796875,4096,4096
Olmo-3-7b,identity,model.layers.31.self_attn.v_proj.weight,182,cosine_similarity,0.07141229510307312,4096,4096
Olmo-3-7b,actmat,model.layers.4.mlp.down_proj.weight,183,rm_loss,0.0812060534954071,11008,4096
Olmo-3-7b,actmat,model.layers.4.mlp.down_proj.weight,183,cosine_similarity,0.1502859741449356,11008,4096
Olmo-3-7b,actmat-identity-inv,model.layers.4.mlp.down_proj.weight,183,rm_loss,0.16729460656642914,11008,4096
Olmo-3-7b,regmean,model.layers.4.mlp.down_proj.weight,183,rm_loss,0.013700246810913086,11008,4096
Olmo-3-7b,identity,model.layers.4.mlp.down_proj.weight,183,rm_loss,0.08835531026124954,11008,4096
Olmo-3-7b,identity,model.layers.4.mlp.down_proj.weight,183,cosine_similarity,0.07394854724407196,11008,4096
Olmo-3-7b,actmat,model.layers.4.mlp.gate_proj.weight,184,rm_loss,2.4404306411743164,4096,11008
Olmo-3-7b,actmat,model.layers.4.mlp.gate_proj.weight,184,cosine_similarity,0.13199548423290253,4096,11008
Olmo-3-7b,actmat-identity-inv,model.layers.4.mlp.gate_proj.weight,184,rm_loss,4.602508068084717,4096,11008
Olmo-3-7b,regmean,model.layers.4.mlp.gate_proj.weight,184,rm_loss,0.5415258407592773,4096,11008
Olmo-3-7b,identity,model.layers.4.mlp.gate_proj.weight,184,rm_loss,2.5497450828552246,4096,11008
Olmo-3-7b,identity,model.layers.4.mlp.gate_proj.weight,184,cosine_similarity,0.05717524513602257,4096,11008
Olmo-3-7b,actmat,model.layers.4.mlp.up_proj.weight,185,rm_loss,11.038396835327148,4096,11008
Olmo-3-7b,actmat,model.layers.4.mlp.up_proj.weight,185,cosine_similarity,0.12899500131607056,4096,11008
Olmo-3-7b,actmat-identity-inv,model.layers.4.mlp.up_proj.weight,185,rm_loss,5.09277868270874,4096,11008
Olmo-3-7b,regmean,model.layers.4.mlp.up_proj.weight,185,rm_loss,0.5723752975463867,4096,11008
Olmo-3-7b,identity,model.layers.4.mlp.up_proj.weight,185,rm_loss,2.8152518272399902,4096,11008
Olmo-3-7b,identity,model.layers.4.mlp.up_proj.weight,185,cosine_similarity,0.05717524513602257,4096,11008
Olmo-3-7b,actmat,model.layers.4.self_attn.k_proj.weight,186,rm_loss,0.735137939453125,4096,4096
Olmo-3-7b,actmat,model.layers.4.self_attn.k_proj.weight,186,cosine_similarity,0.07754135131835938,4096,4096
Olmo-3-7b,actmat-identity-inv,model.layers.4.self_attn.k_proj.weight,186,rm_loss,0.6725770831108093,4096,4096
Olmo-3-7b,regmean,model.layers.4.self_attn.k_proj.weight,186,rm_loss,0.17113590240478516,4096,4096
Olmo-3-7b,identity,model.layers.4.self_attn.k_proj.weight,186,rm_loss,0.3783738613128662,4096,4096
Olmo-3-7b,identity,model.layers.4.self_attn.k_proj.weight,186,cosine_similarity,0.05952651426196098,4096,4096
Olmo-3-7b,actmat,model.layers.4.self_attn.o_proj.weight,187,rm_loss,1.0715179443359375,4096,4096
Olmo-3-7b,actmat,model.layers.4.self_attn.o_proj.weight,187,cosine_similarity,0.33498477935791016,4096,4096
Olmo-3-7b,actmat-identity-inv,model.layers.4.self_attn.o_proj.weight,187,rm_loss,2.264275074005127,4096,4096
Olmo-3-7b,regmean,model.layers.4.self_attn.o_proj.weight,187,rm_loss,0.05653858184814453,4096,4096
Olmo-3-7b,identity,model.layers.4.self_attn.o_proj.weight,187,rm_loss,1.140380859375,4096,4096
Olmo-3-7b,identity,model.layers.4.self_attn.o_proj.weight,187,cosine_similarity,0.061813801527023315,4096,4096
Olmo-3-7b,actmat,model.layers.4.self_attn.q_proj.weight,188,rm_loss,0.8871955275535583,4096,4096
Olmo-3-7b,actmat,model.layers.4.self_attn.q_proj.weight,188,cosine_similarity,0.06526540219783783,4096,4096
Olmo-3-7b,actmat-identity-inv,model.layers.4.self_attn.q_proj.weight,188,rm_loss,0.6242818832397461,4096,4096
Olmo-3-7b,regmean,model.layers.4.self_attn.q_proj.weight,188,rm_loss,0.11761891841888428,4096,4096
Olmo-3-7b,identity,model.layers.4.self_attn.q_proj.weight,188,rm_loss,0.3668326139450073,4096,4096
Olmo-3-7b,identity,model.layers.4.self_attn.q_proj.weight,188,cosine_similarity,0.05952651426196098,4096,4096
Olmo-3-7b,actmat,model.layers.4.self_attn.v_proj.weight,189,rm_loss,1.5158309936523438,4096,4096
Olmo-3-7b,actmat,model.layers.4.self_attn.v_proj.weight,189,cosine_similarity,0.08154229074716568,4096,4096
Olmo-3-7b,actmat-identity-inv,model.layers.4.self_attn.v_proj.weight,189,rm_loss,2.359546422958374,4096,4096
Olmo-3-7b,regmean,model.layers.4.self_attn.v_proj.weight,189,rm_loss,0.30528831481933594,4096,4096
Olmo-3-7b,identity,model.layers.4.self_attn.v_proj.weight,189,rm_loss,1.2220486402511597,4096,4096
Olmo-3-7b,identity,model.layers.4.self_attn.v_proj.weight,189,cosine_similarity,0.05952651426196098,4096,4096
Olmo-3-7b,actmat,model.layers.5.mlp.down_proj.weight,190,rm_loss,0.11048424243927002,11008,4096
Olmo-3-7b,actmat,model.layers.5.mlp.down_proj.weight,190,cosine_similarity,0.14682534337043762,11008,4096
Olmo-3-7b,actmat-identity-inv,model.layers.5.mlp.down_proj.weight,190,rm_loss,0.23187600076198578,11008,4096
Olmo-3-7b,regmean,model.layers.5.mlp.down_proj.weight,190,rm_loss,0.017626821994781494,11008,4096
Olmo-3-7b,identity,model.layers.5.mlp.down_proj.weight,190,rm_loss,0.12537062168121338,11008,4096
Olmo-3-7b,identity,model.layers.5.mlp.down_proj.weight,190,cosine_similarity,0.07536983489990234,11008,4096
Olmo-3-7b,actmat,model.layers.5.mlp.gate_proj.weight,191,rm_loss,3.3727121353149414,4096,11008
Olmo-3-7b,actmat,model.layers.5.mlp.gate_proj.weight,191,cosine_similarity,0.12759631872177124,4096,11008
Olmo-3-7b,actmat-identity-inv,model.layers.5.mlp.gate_proj.weight,191,rm_loss,7.015364170074463,4096,11008
Olmo-3-7b,regmean,model.layers.5.mlp.gate_proj.weight,191,rm_loss,0.6164445877075195,4096,11008
Olmo-3-7b,identity,model.layers.5.mlp.gate_proj.weight,191,rm_loss,3.8972225189208984,4096,11008
Olmo-3-7b,identity,model.layers.5.mlp.gate_proj.weight,191,cosine_similarity,0.055124472826719284,4096,11008
Olmo-3-7b,actmat,model.layers.5.mlp.up_proj.weight,192,rm_loss,13.753005981445312,4096,11008
Olmo-3-7b,actmat,model.layers.5.mlp.up_proj.weight,192,cosine_similarity,0.12445139139890671,4096,11008
Olmo-3-7b,actmat-identity-inv,model.layers.5.mlp.up_proj.weight,192,rm_loss,7.433111190795898,4096,11008
Olmo-3-7b,regmean,model.layers.5.mlp.up_proj.weight,192,rm_loss,0.6430225372314453,4096,11008
Olmo-3-7b,identity,model.layers.5.mlp.up_proj.weight,192,rm_loss,4.114504814147949,4096,11008
Olmo-3-7b,identity,model.layers.5.mlp.up_proj.weight,192,cosine_similarity,0.055124472826719284,4096,11008
Olmo-3-7b,actmat,model.layers.5.self_attn.k_proj.weight,193,rm_loss,1.105070948600769,4096,4096
Olmo-3-7b,actmat,model.layers.5.self_attn.k_proj.weight,193,cosine_similarity,0.07770825177431107,4096,4096
Olmo-3-7b,actmat-identity-inv,model.layers.5.self_attn.k_proj.weight,193,rm_loss,1.0758126974105835,4096,4096
Olmo-3-7b,regmean,model.layers.5.self_attn.k_proj.weight,193,rm_loss,0.18889331817626953,4096,4096
Olmo-3-7b,identity,model.layers.5.self_attn.k_proj.weight,193,rm_loss,0.6142271757125854,4096,4096
Olmo-3-7b,identity,model.layers.5.self_attn.k_proj.weight,193,cosine_similarity,0.05635610967874527,4096,4096
Olmo-3-7b,actmat,model.layers.5.self_attn.o_proj.weight,194,rm_loss,2.23142671585083,4096,4096
Olmo-3-7b,actmat,model.layers.5.self_attn.o_proj.weight,194,cosine_similarity,0.24622194468975067,4096,4096
Olmo-3-7b,actmat-identity-inv,model.layers.5.self_attn.o_proj.weight,194,rm_loss,3.237947463989258,4096,4096
Olmo-3-7b,regmean,model.layers.5.self_attn.o_proj.weight,194,rm_loss,0.0851736068725586,4096,4096
Olmo-3-7b,identity,model.layers.5.self_attn.o_proj.weight,194,rm_loss,1.6661388874053955,4096,4096
Olmo-3-7b,identity,model.layers.5.self_attn.o_proj.weight,194,cosine_similarity,0.058027204126119614,4096,4096
Olmo-3-7b,actmat,model.layers.5.self_attn.q_proj.weight,195,rm_loss,1.0436712503433228,4096,4096
Olmo-3-7b,actmat,model.layers.5.self_attn.q_proj.weight,195,cosine_similarity,0.0820874273777008,4096,4096
Olmo-3-7b,actmat-identity-inv,model.layers.5.self_attn.q_proj.weight,195,rm_loss,1.175520896911621,4096,4096
Olmo-3-7b,regmean,model.layers.5.self_attn.q_proj.weight,195,rm_loss,0.1503758430480957,4096,4096
Olmo-3-7b,identity,model.layers.5.self_attn.q_proj.weight,195,rm_loss,0.6827268004417419,4096,4096
Olmo-3-7b,identity,model.layers.5.self_attn.q_proj.weight,195,cosine_similarity,0.05635610967874527,4096,4096
Olmo-3-7b,actmat,model.layers.5.self_attn.v_proj.weight,196,rm_loss,2.733168125152588,4096,4096
Olmo-3-7b,actmat,model.layers.5.self_attn.v_proj.weight,196,cosine_similarity,0.10089336335659027,4096,4096
Olmo-3-7b,actmat-identity-inv,model.layers.5.self_attn.v_proj.weight,196,rm_loss,4.033052921295166,4096,4096
Olmo-3-7b,regmean,model.layers.5.self_attn.v_proj.weight,196,rm_loss,0.3348860740661621,4096,4096
Olmo-3-7b,identity,model.layers.5.self_attn.v_proj.weight,196,rm_loss,2.1205227375030518,4096,4096
Olmo-3-7b,identity,model.layers.5.self_attn.v_proj.weight,196,cosine_similarity,0.05635610967874527,4096,4096
Olmo-3-7b,actmat,model.layers.6.mlp.down_proj.weight,197,rm_loss,0.20102882385253906,11008,4096
Olmo-3-7b,actmat,model.layers.6.mlp.down_proj.weight,197,cosine_similarity,0.1689188927412033,11008,4096
Olmo-3-7b,actmat-identity-inv,model.layers.6.mlp.down_proj.weight,197,rm_loss,0.5098223090171814,11008,4096
Olmo-3-7b,regmean,model.layers.6.mlp.down_proj.weight,197,rm_loss,0.03130006790161133,11008,4096
Olmo-3-7b,identity,model.layers.6.mlp.down_proj.weight,197,rm_loss,0.27140316367149353,11008,4096
Olmo-3-7b,identity,model.layers.6.mlp.down_proj.weight,197,cosine_similarity,0.07416938245296478,11008,4096
Olmo-3-7b,actmat,model.layers.6.mlp.gate_proj.weight,198,rm_loss,4.98039436340332,4096,11008
Olmo-3-7b,actmat,model.layers.6.mlp.gate_proj.weight,198,cosine_similarity,0.1351732313632965,4096,11008
Olmo-3-7b,actmat-identity-inv,model.layers.6.mlp.gate_proj.weight,198,rm_loss,12.508663177490234,4096,11008
Olmo-3-7b,regmean,model.layers.6.mlp.gate_proj.weight,198,rm_loss,0.9198970794677734,4096,11008
Olmo-3-7b,identity,model.layers.6.mlp.gate_proj.weight,198,rm_loss,6.897451400756836,4096,11008
Olmo-3-7b,identity,model.layers.6.mlp.gate_proj.weight,198,cosine_similarity,0.052107520401477814,4096,11008
Olmo-3-7b,actmat,model.layers.6.mlp.up_proj.weight,199,rm_loss,15.790775299072266,4096,11008
Olmo-3-7b,actmat,model.layers.6.mlp.up_proj.weight,199,cosine_similarity,0.1317710131406784,4096,11008
Olmo-3-7b,actmat-identity-inv,model.layers.6.mlp.up_proj.weight,199,rm_loss,13.292472839355469,4096,11008
Olmo-3-7b,regmean,model.layers.6.mlp.up_proj.weight,199,rm_loss,0.9571647644042969,4096,11008
Olmo-3-7b,identity,model.layers.6.mlp.up_proj.weight,199,rm_loss,7.30455207824707,4096,11008
Olmo-3-7b,identity,model.layers.6.mlp.up_proj.weight,199,cosine_similarity,0.052107520401477814,4096,11008
Olmo-3-7b,actmat,model.layers.6.self_attn.k_proj.weight,200,rm_loss,1.1753363609313965,4096,4096
Olmo-3-7b,actmat,model.layers.6.self_attn.k_proj.weight,200,cosine_similarity,0.0812041312456131,4096,4096
Olmo-3-7b,actmat-identity-inv,model.layers.6.self_attn.k_proj.weight,200,rm_loss,1.4605621099472046,4096,4096
Olmo-3-7b,regmean,model.layers.6.self_attn.k_proj.weight,200,rm_loss,0.21163415908813477,4096,4096
Olmo-3-7b,identity,model.layers.6.self_attn.k_proj.weight,200,rm_loss,0.8072100877761841,4096,4096
Olmo-3-7b,identity,model.layers.6.self_attn.k_proj.weight,200,cosine_similarity,0.05063081532716751,4096,4096
Olmo-3-7b,actmat,model.layers.6.self_attn.o_proj.weight,201,rm_loss,2.5763750076293945,4096,4096
Olmo-3-7b,actmat,model.layers.6.self_attn.o_proj.weight,201,cosine_similarity,0.2500056028366089,4096,4096
Olmo-3-7b,actmat-identity-inv,model.layers.6.self_attn.o_proj.weight,201,rm_loss,4.488926410675049,4096,4096
Olmo-3-7b,regmean,model.layers.6.self_attn.o_proj.weight,201,rm_loss,0.14386367797851562,4096,4096
Olmo-3-7b,identity,model.layers.6.self_attn.o_proj.weight,201,rm_loss,2.335984706878662,4096,4096
Olmo-3-7b,identity,model.layers.6.self_attn.o_proj.weight,201,cosine_similarity,0.064414843916893,4096,4096
Olmo-3-7b,actmat,model.layers.6.self_attn.q_proj.weight,202,rm_loss,1.5945067405700684,4096,4096
Olmo-3-7b,actmat,model.layers.6.self_attn.q_proj.weight,202,cosine_similarity,0.08183542639017105,4096,4096
Olmo-3-7b,actmat-identity-inv,model.layers.6.self_attn.q_proj.weight,202,rm_loss,1.8996753692626953,4096,4096
Olmo-3-7b,regmean,model.layers.6.self_attn.q_proj.weight,202,rm_loss,0.19177889823913574,4096,4096
Olmo-3-7b,identity,model.layers.6.self_attn.q_proj.weight,202,rm_loss,1.064491629600525,4096,4096
Olmo-3-7b,identity,model.layers.6.self_attn.q_proj.weight,202,cosine_similarity,0.05063081532716751,4096,4096
Olmo-3-7b,actmat,model.layers.6.self_attn.v_proj.weight,203,rm_loss,3.2521800994873047,4096,4096
Olmo-3-7b,actmat,model.layers.6.self_attn.v_proj.weight,203,cosine_similarity,0.11318124830722809,4096,4096
Olmo-3-7b,actmat-identity-inv,model.layers.6.self_attn.v_proj.weight,203,rm_loss,6.595142841339111,4096,4096
Olmo-3-7b,regmean,model.layers.6.self_attn.v_proj.weight,203,rm_loss,0.42173099517822266,4096,4096
Olmo-3-7b,identity,model.layers.6.self_attn.v_proj.weight,203,rm_loss,3.5617284774780273,4096,4096
Olmo-3-7b,identity,model.layers.6.self_attn.v_proj.weight,203,cosine_similarity,0.05063081532716751,4096,4096
Olmo-3-7b,actmat,model.layers.7.mlp.down_proj.weight,204,rm_loss,0.26833105087280273,11008,4096
Olmo-3-7b,actmat,model.layers.7.mlp.down_proj.weight,204,cosine_similarity,0.17284774780273438,11008,4096
Olmo-3-7b,actmat-identity-inv,model.layers.7.mlp.down_proj.weight,204,rm_loss,0.8048162460327148,11008,4096
Olmo-3-7b,regmean,model.layers.7.mlp.down_proj.weight,204,rm_loss,0.042444467544555664,11008,4096
Olmo-3-7b,identity,model.layers.7.mlp.down_proj.weight,204,rm_loss,0.41620945930480957,11008,4096
Olmo-3-7b,identity,model.layers.7.mlp.down_proj.weight,204,cosine_similarity,0.07560364902019501,11008,4096
Olmo-3-7b,actmat,model.layers.7.mlp.gate_proj.weight,205,rm_loss,5.4245147705078125,4096,11008
Olmo-3-7b,actmat,model.layers.7.mlp.gate_proj.weight,205,cosine_similarity,0.1347237080335617,4096,11008
Olmo-3-7b,actmat-identity-inv,model.layers.7.mlp.gate_proj.weight,205,rm_loss,16.608915328979492,4096,11008
Olmo-3-7b,regmean,model.layers.7.mlp.gate_proj.weight,205,rm_loss,1.04852294921875,4096,11008
Olmo-3-7b,identity,model.layers.7.mlp.gate_proj.weight,205,rm_loss,8.868595123291016,4096,11008
Olmo-3-7b,identity,model.layers.7.mlp.gate_proj.weight,205,cosine_similarity,0.05182480812072754,4096,11008
Olmo-3-7b,actmat,model.layers.7.mlp.up_proj.weight,206,rm_loss,20.0191650390625,4096,11008
Olmo-3-7b,actmat,model.layers.7.mlp.up_proj.weight,206,cosine_similarity,0.13001416623592377,4096,11008
Olmo-3-7b,actmat-identity-inv,model.layers.7.mlp.up_proj.weight,206,rm_loss,17.84853744506836,4096,11008
Olmo-3-7b,regmean,model.layers.7.mlp.up_proj.weight,206,rm_loss,1.0942955017089844,4096,11008
Olmo-3-7b,identity,model.layers.7.mlp.up_proj.weight,206,rm_loss,9.459686279296875,4096,11008
Olmo-3-7b,identity,model.layers.7.mlp.up_proj.weight,206,cosine_similarity,0.05182480812072754,4096,11008
Olmo-3-7b,actmat,model.layers.7.self_attn.k_proj.weight,207,rm_loss,2.0568995475769043,4096,4096
Olmo-3-7b,actmat,model.layers.7.self_attn.k_proj.weight,207,cosine_similarity,0.045997269451618195,4096,4096
Olmo-3-7b,actmat-identity-inv,model.layers.7.self_attn.k_proj.weight,207,rm_loss,2.8886466026306152,4096,4096
Olmo-3-7b,regmean,model.layers.7.self_attn.k_proj.weight,207,rm_loss,0.31957101821899414,4096,4096
Olmo-3-7b,identity,model.layers.7.self_attn.k_proj.weight,207,rm_loss,1.6808178424835205,4096,4096
Olmo-3-7b,identity,model.layers.7.self_attn.k_proj.weight,207,cosine_similarity,0.05192280933260918,4096,4096
Olmo-3-7b,actmat,model.layers.7.self_attn.o_proj.weight,208,rm_loss,2.7050561904907227,4096,4096
Olmo-3-7b,actmat,model.layers.7.self_attn.o_proj.weight,208,cosine_similarity,0.22285661101341248,4096,4096
Olmo-3-7b,actmat-identity-inv,model.layers.7.self_attn.o_proj.weight,208,rm_loss,8.347423553466797,4096,4096
Olmo-3-7b,regmean,model.layers.7.self_attn.o_proj.weight,208,rm_loss,0.16060638427734375,4096,4096
Olmo-3-7b,identity,model.layers.7.self_attn.o_proj.weight,208,rm_loss,4.309052467346191,4096,4096
Olmo-3-7b,identity,model.layers.7.self_attn.o_proj.weight,208,cosine_similarity,0.04884419962763786,4096,4096
Olmo-3-7b,actmat,model.layers.7.self_attn.q_proj.weight,209,rm_loss,1.9247655868530273,4096,4096
Olmo-3-7b,actmat,model.layers.7.self_attn.q_proj.weight,209,cosine_similarity,0.029143860563635826,4096,4096
Olmo-3-7b,actmat-identity-inv,model.layers.7.self_attn.q_proj.weight,209,rm_loss,3.3287911415100098,4096,4096
Olmo-3-7b,regmean,model.layers.7.self_attn.q_proj.weight,209,rm_loss,0.28203582763671875,4096,4096
Olmo-3-7b,identity,model.layers.7.self_attn.q_proj.weight,209,rm_loss,1.5364456176757812,4096,4096
Olmo-3-7b,identity,model.layers.7.self_attn.q_proj.weight,209,cosine_similarity,0.05192280933260918,4096,4096
Olmo-3-7b,actmat,model.layers.7.self_attn.v_proj.weight,210,rm_loss,4.58357048034668,4096,4096
Olmo-3-7b,actmat,model.layers.7.self_attn.v_proj.weight,210,cosine_similarity,0.12003105133771896,4096,4096
Olmo-3-7b,actmat-identity-inv,model.layers.7.self_attn.v_proj.weight,210,rm_loss,11.274158477783203,4096,4096
Olmo-3-7b,regmean,model.layers.7.self_attn.v_proj.weight,210,rm_loss,0.5781059265136719,4096,4096
Olmo-3-7b,identity,model.layers.7.self_attn.v_proj.weight,210,rm_loss,5.84130859375,4096,4096
Olmo-3-7b,identity,model.layers.7.self_attn.v_proj.weight,210,cosine_similarity,0.05192280933260918,4096,4096
Olmo-3-7b,actmat,model.layers.8.mlp.down_proj.weight,211,rm_loss,0.29778242111206055,11008,4096
Olmo-3-7b,actmat,model.layers.8.mlp.down_proj.weight,211,cosine_similarity,0.16883012652397156,11008,4096
Olmo-3-7b,actmat-identity-inv,model.layers.8.mlp.down_proj.weight,211,rm_loss,1.0950459241867065,11008,4096
Olmo-3-7b,regmean,model.layers.8.mlp.down_proj.weight,211,rm_loss,0.048142194747924805,11008,4096
Olmo-3-7b,identity,model.layers.8.mlp.down_proj.weight,211,rm_loss,0.5586952567100525,11008,4096
Olmo-3-7b,identity,model.layers.8.mlp.down_proj.weight,211,cosine_similarity,0.07760249823331833,11008,4096
Olmo-3-7b,actmat,model.layers.8.mlp.gate_proj.weight,212,rm_loss,7.147483825683594,4096,11008
Olmo-3-7b,actmat,model.layers.8.mlp.gate_proj.weight,212,cosine_similarity,0.12921330332756042,4096,11008
Olmo-3-7b,actmat-identity-inv,model.layers.8.mlp.gate_proj.weight,212,rm_loss,22.82913589477539,4096,11008
Olmo-3-7b,regmean,model.layers.8.mlp.gate_proj.weight,212,rm_loss,1.191375732421875,4096,11008
Olmo-3-7b,identity,model.layers.8.mlp.gate_proj.weight,212,rm_loss,12.037461280822754,4096,11008
Olmo-3-7b,identity,model.layers.8.mlp.gate_proj.weight,212,cosine_similarity,0.05017668008804321,4096,11008
Olmo-3-7b,actmat,model.layers.8.mlp.up_proj.weight,213,rm_loss,12.960151672363281,4096,11008
Olmo-3-7b,actmat,model.layers.8.mlp.up_proj.weight,213,cosine_similarity,0.1276848316192627,4096,11008
Olmo-3-7b,actmat-identity-inv,model.layers.8.mlp.up_proj.weight,213,rm_loss,24.15489959716797,4096,11008
Olmo-3-7b,regmean,model.layers.8.mlp.up_proj.weight,213,rm_loss,1.2170982360839844,4096,11008
Olmo-3-7b,identity,model.layers.8.mlp.up_proj.weight,213,rm_loss,12.714906692504883,4096,11008
Olmo-3-7b,identity,model.layers.8.mlp.up_proj.weight,213,cosine_similarity,0.05017668008804321,4096,11008
Olmo-3-7b,actmat,model.layers.8.self_attn.k_proj.weight,214,rm_loss,2.936943531036377,4096,4096
Olmo-3-7b,actmat,model.layers.8.self_attn.k_proj.weight,214,cosine_similarity,0.08733692765235901,4096,4096
Olmo-3-7b,actmat-identity-inv,model.layers.8.self_attn.k_proj.weight,214,rm_loss,2.702504873275757,4096,4096
Olmo-3-7b,regmean,model.layers.8.self_attn.k_proj.weight,214,rm_loss,0.3194441795349121,4096,4096
Olmo-3-7b,identity,model.layers.8.self_attn.k_proj.weight,214,rm_loss,1.4759478569030762,4096,4096
Olmo-3-7b,identity,model.layers.8.self_attn.k_proj.weight,214,cosine_similarity,0.050227951258420944,4096,4096
Olmo-3-7b,actmat,model.layers.8.self_attn.o_proj.weight,215,rm_loss,4.26055908203125,4096,4096
Olmo-3-7b,actmat,model.layers.8.self_attn.o_proj.weight,215,cosine_similarity,0.24092033505439758,4096,4096
Olmo-3-7b,actmat-identity-inv,model.layers.8.self_attn.o_proj.weight,215,rm_loss,13.059099197387695,4096,4096
Olmo-3-7b,regmean,model.layers.8.self_attn.o_proj.weight,215,rm_loss,0.25267982482910156,4096,4096
Olmo-3-7b,identity,model.layers.8.self_attn.o_proj.weight,215,rm_loss,6.677092552185059,4096,4096
Olmo-3-7b,identity,model.layers.8.self_attn.o_proj.weight,215,cosine_similarity,0.0520251989364624,4096,4096
Olmo-3-7b,actmat,model.layers.8.self_attn.q_proj.weight,216,rm_loss,2.1189870834350586,4096,4096
Olmo-3-7b,actmat,model.layers.8.self_attn.q_proj.weight,216,cosine_similarity,0.0836353451013565,4096,4096
Olmo-3-7b,actmat-identity-inv,model.layers.8.self_attn.q_proj.weight,216,rm_loss,2.910827398300171,4096,4096
Olmo-3-7b,regmean,model.layers.8.self_attn.q_proj.weight,216,rm_loss,0.26334238052368164,4096,4096
Olmo-3-7b,identity,model.layers.8.self_attn.q_proj.weight,216,rm_loss,1.593265414237976,4096,4096
Olmo-3-7b,identity,model.layers.8.self_attn.q_proj.weight,216,cosine_similarity,0.050227951258420944,4096,4096
Olmo-3-7b,actmat,model.layers.8.self_attn.v_proj.weight,217,rm_loss,4.645086288452148,4096,4096
Olmo-3-7b,actmat,model.layers.8.self_attn.v_proj.weight,217,cosine_similarity,0.1155819445848465,4096,4096
Olmo-3-7b,actmat-identity-inv,model.layers.8.self_attn.v_proj.weight,217,rm_loss,13.770955085754395,4096,4096
Olmo-3-7b,regmean,model.layers.8.self_attn.v_proj.weight,217,rm_loss,0.6594295501708984,4096,4096
Olmo-3-7b,identity,model.layers.8.self_attn.v_proj.weight,217,rm_loss,7.191281318664551,4096,4096
Olmo-3-7b,identity,model.layers.8.self_attn.v_proj.weight,217,cosine_similarity,0.050227951258420944,4096,4096
Olmo-3-7b,actmat,model.layers.9.mlp.down_proj.weight,218,rm_loss,0.36721277236938477,11008,4096
Olmo-3-7b,actmat,model.layers.9.mlp.down_proj.weight,218,cosine_similarity,0.16457869112491608,11008,4096
Olmo-3-7b,actmat-identity-inv,model.layers.9.mlp.down_proj.weight,218,rm_loss,1.4512711763381958,11008,4096
Olmo-3-7b,regmean,model.layers.9.mlp.down_proj.weight,218,rm_loss,0.061836957931518555,11008,4096
Olmo-3-7b,identity,model.layers.9.mlp.down_proj.weight,218,rm_loss,0.7345832586288452,11008,4096
Olmo-3-7b,identity,model.layers.9.mlp.down_proj.weight,218,cosine_similarity,0.07797699421644211,11008,4096
Olmo-3-7b,actmat,model.layers.9.mlp.gate_proj.weight,219,rm_loss,8.41525650024414,4096,11008
Olmo-3-7b,actmat,model.layers.9.mlp.gate_proj.weight,219,cosine_similarity,0.12887945771217346,4096,11008
Olmo-3-7b,actmat-identity-inv,model.layers.9.mlp.gate_proj.weight,219,rm_loss,30.397747039794922,4096,11008
Olmo-3-7b,regmean,model.layers.9.mlp.gate_proj.weight,219,rm_loss,1.4427757263183594,4096,11008
Olmo-3-7b,identity,model.layers.9.mlp.gate_proj.weight,219,rm_loss,15.928760528564453,4096,11008
Olmo-3-7b,identity,model.layers.9.mlp.gate_proj.weight,219,cosine_similarity,0.050447192043066025,4096,11008
Olmo-3-7b,actmat,model.layers.9.mlp.up_proj.weight,220,rm_loss,8.35614013671875,4096,11008
Olmo-3-7b,actmat,model.layers.9.mlp.up_proj.weight,220,cosine_similarity,0.12542161345481873,4096,11008
Olmo-3-7b,actmat-identity-inv,model.layers.9.mlp.up_proj.weight,220,rm_loss,32.21257781982422,4096,11008
Olmo-3-7b,regmean,model.layers.9.mlp.up_proj.weight,220,rm_loss,1.4829292297363281,4096,11008
Olmo-3-7b,identity,model.layers.9.mlp.up_proj.weight,220,rm_loss,16.911731719970703,4096,11008
Olmo-3-7b,identity,model.layers.9.mlp.up_proj.weight,220,cosine_similarity,0.050447192043066025,4096,11008
Olmo-3-7b,actmat,model.layers.9.self_attn.k_proj.weight,221,rm_loss,3.418670654296875,4096,4096
Olmo-3-7b,actmat,model.layers.9.self_attn.k_proj.weight,221,cosine_similarity,0.0893217921257019,4096,4096
Olmo-3-7b,actmat-identity-inv,model.layers.9.self_attn.k_proj.weight,221,rm_loss,4.668973445892334,4096,4096
Olmo-3-7b,regmean,model.layers.9.self_attn.k_proj.weight,221,rm_loss,0.3897371292114258,4096,4096
Olmo-3-7b,identity,model.layers.9.self_attn.k_proj.weight,221,rm_loss,2.4701836109161377,4096,4096
Olmo-3-7b,identity,model.layers.9.self_attn.k_proj.weight,221,cosine_similarity,0.050441451370716095,4096,4096
Olmo-3-7b,actmat,model.layers.9.self_attn.o_proj.weight,222,rm_loss,4.090381622314453,4096,4096
Olmo-3-7b,actmat,model.layers.9.self_attn.o_proj.weight,222,cosine_similarity,0.21895787119865417,4096,4096
Olmo-3-7b,actmat-identity-inv,model.layers.9.self_attn.o_proj.weight,222,rm_loss,16.448522567749023,4096,4096
Olmo-3-7b,regmean,model.layers.9.self_attn.o_proj.weight,222,rm_loss,0.26557159423828125,4096,4096
Olmo-3-7b,identity,model.layers.9.self_attn.o_proj.weight,222,rm_loss,8.351207733154297,4096,4096
Olmo-3-7b,identity,model.layers.9.self_attn.o_proj.weight,222,cosine_similarity,0.04680240899324417,4096,4096
Olmo-3-7b,actmat,model.layers.9.self_attn.q_proj.weight,223,rm_loss,2.5489273071289062,4096,4096
Olmo-3-7b,actmat,model.layers.9.self_attn.q_proj.weight,223,cosine_similarity,0.08642244338989258,4096,4096
Olmo-3-7b,actmat-identity-inv,model.layers.9.self_attn.q_proj.weight,223,rm_loss,4.448626518249512,4096,4096
Olmo-3-7b,regmean,model.layers.9.self_attn.q_proj.weight,223,rm_loss,0.2787609100341797,4096,4096
Olmo-3-7b,identity,model.layers.9.self_attn.q_proj.weight,223,rm_loss,2.3702704906463623,4096,4096
Olmo-3-7b,identity,model.layers.9.self_attn.q_proj.weight,223,cosine_similarity,0.050441451370716095,4096,4096
Olmo-3-7b,actmat,model.layers.9.self_attn.v_proj.weight,224,rm_loss,5.8349609375,4096,4096
Olmo-3-7b,actmat,model.layers.9.self_attn.v_proj.weight,224,cosine_similarity,0.11744143813848495,4096,4096
Olmo-3-7b,actmat-identity-inv,model.layers.9.self_attn.v_proj.weight,224,rm_loss,19.214134216308594,4096,4096
Olmo-3-7b,regmean,model.layers.9.self_attn.v_proj.weight,224,rm_loss,0.7424087524414062,4096,4096
Olmo-3-7b,identity,model.layers.9.self_attn.v_proj.weight,224,rm_loss,9.993310928344727,4096,4096
Olmo-3-7b,identity,model.layers.9.self_attn.v_proj.weight,224,cosine_similarity,0.050441451370716095,4096,4096
