model,dataset,magnitude,layer_idx,layer_key
ViT-B-16,CarsVal,0.0,0,model.text_projection
ViT-B-16,CarsVal,0.23130716383457184,1,model.visual.proj
ViT-B-16,CarsVal,0.3600165545940399,2,model.visual.transformer.resblocks.0.attn.in_proj_weight
ViT-B-16,CarsVal,0.2179306000471115,3,model.visual.transformer.resblocks.0.attn.out_proj.weight
ViT-B-16,CarsVal,0.43378421664237976,4,model.visual.transformer.resblocks.0.mlp.c_fc.weight
ViT-B-16,CarsVal,0.4013471007347107,5,model.visual.transformer.resblocks.0.mlp.c_proj.weight
ViT-B-16,CarsVal,0.40578964352607727,6,model.visual.transformer.resblocks.1.attn.in_proj_weight
ViT-B-16,CarsVal,0.21514610946178436,7,model.visual.transformer.resblocks.1.attn.out_proj.weight
ViT-B-16,CarsVal,0.4467516541481018,8,model.visual.transformer.resblocks.1.mlp.c_fc.weight
ViT-B-16,CarsVal,0.38715964555740356,9,model.visual.transformer.resblocks.1.mlp.c_proj.weight
ViT-B-16,CarsVal,0.39438122510910034,10,model.visual.transformer.resblocks.2.attn.in_proj_weight
ViT-B-16,CarsVal,0.21562986075878143,11,model.visual.transformer.resblocks.2.attn.out_proj.weight
ViT-B-16,CarsVal,0.45648595690727234,12,model.visual.transformer.resblocks.2.mlp.c_fc.weight
ViT-B-16,CarsVal,0.3723889887332916,13,model.visual.transformer.resblocks.2.mlp.c_proj.weight
ViT-B-16,CarsVal,0.3946949541568756,14,model.visual.transformer.resblocks.3.attn.in_proj_weight
ViT-B-16,CarsVal,0.21241164207458496,15,model.visual.transformer.resblocks.3.attn.out_proj.weight
ViT-B-16,CarsVal,0.45642799139022827,16,model.visual.transformer.resblocks.3.mlp.c_fc.weight
ViT-B-16,CarsVal,0.3735857605934143,17,model.visual.transformer.resblocks.3.mlp.c_proj.weight
ViT-B-16,CarsVal,0.3974556028842926,18,model.visual.transformer.resblocks.4.attn.in_proj_weight
ViT-B-16,CarsVal,0.2035486251115799,19,model.visual.transformer.resblocks.4.attn.out_proj.weight
ViT-B-16,CarsVal,0.4576229453086853,20,model.visual.transformer.resblocks.4.mlp.c_fc.weight
ViT-B-16,CarsVal,0.34206995368003845,21,model.visual.transformer.resblocks.4.mlp.c_proj.weight
ViT-B-16,CarsVal,0.38557684421539307,22,model.visual.transformer.resblocks.5.attn.in_proj_weight
ViT-B-16,CarsVal,0.18571095168590546,23,model.visual.transformer.resblocks.5.attn.out_proj.weight
ViT-B-16,CarsVal,0.44073280692100525,24,model.visual.transformer.resblocks.5.mlp.c_fc.weight
ViT-B-16,CarsVal,0.30019521713256836,25,model.visual.transformer.resblocks.5.mlp.c_proj.weight
ViT-B-16,CarsVal,0.35577648878097534,26,model.visual.transformer.resblocks.6.attn.in_proj_weight
ViT-B-16,CarsVal,0.17122964560985565,27,model.visual.transformer.resblocks.6.attn.out_proj.weight
ViT-B-16,CarsVal,0.42461085319519043,28,model.visual.transformer.resblocks.6.mlp.c_fc.weight
ViT-B-16,CarsVal,0.27840086817741394,29,model.visual.transformer.resblocks.6.mlp.c_proj.weight
ViT-B-16,CarsVal,0.316281795501709,30,model.visual.transformer.resblocks.7.attn.in_proj_weight
ViT-B-16,CarsVal,0.157755047082901,31,model.visual.transformer.resblocks.7.attn.out_proj.weight
ViT-B-16,CarsVal,0.4064945578575134,32,model.visual.transformer.resblocks.7.mlp.c_fc.weight
ViT-B-16,CarsVal,0.2732071280479431,33,model.visual.transformer.resblocks.7.mlp.c_proj.weight
ViT-B-16,CarsVal,0.33641234040260315,34,model.visual.transformer.resblocks.8.attn.in_proj_weight
ViT-B-16,CarsVal,0.17797796428203583,35,model.visual.transformer.resblocks.8.attn.out_proj.weight
ViT-B-16,CarsVal,0.43553104996681213,36,model.visual.transformer.resblocks.8.mlp.c_fc.weight
ViT-B-16,CarsVal,0.3203997313976288,37,model.visual.transformer.resblocks.8.mlp.c_proj.weight
ViT-B-16,CarsVal,0.3767511546611786,38,model.visual.transformer.resblocks.9.attn.in_proj_weight
ViT-B-16,CarsVal,0.2054988443851471,39,model.visual.transformer.resblocks.9.attn.out_proj.weight
ViT-B-16,CarsVal,0.516493022441864,40,model.visual.transformer.resblocks.9.mlp.c_fc.weight
ViT-B-16,CarsVal,0.44233840703964233,41,model.visual.transformer.resblocks.9.mlp.c_proj.weight
ViT-B-16,CarsVal,0.4068743884563446,42,model.visual.transformer.resblocks.10.attn.in_proj_weight
ViT-B-16,CarsVal,0.232208713889122,43,model.visual.transformer.resblocks.10.attn.out_proj.weight
ViT-B-16,CarsVal,0.5609613656997681,44,model.visual.transformer.resblocks.10.mlp.c_fc.weight
ViT-B-16,CarsVal,0.5181282758712769,45,model.visual.transformer.resblocks.10.mlp.c_proj.weight
ViT-B-16,CarsVal,0.5047647953033447,46,model.visual.transformer.resblocks.11.attn.in_proj_weight
ViT-B-16,CarsVal,0.2798457741737366,47,model.visual.transformer.resblocks.11.attn.out_proj.weight
ViT-B-16,CarsVal,0.6756376028060913,48,model.visual.transformer.resblocks.11.mlp.c_fc.weight
ViT-B-16,CarsVal,0.41172853112220764,49,model.visual.transformer.resblocks.11.mlp.c_proj.weight
ViT-B-16,DTDVal,0.0,0,model.text_projection
ViT-B-16,DTDVal,0.2147829234600067,1,model.visual.proj
ViT-B-16,DTDVal,0.39182496070861816,2,model.visual.transformer.resblocks.0.attn.in_proj_weight
ViT-B-16,DTDVal,0.23222459852695465,3,model.visual.transformer.resblocks.0.attn.out_proj.weight
ViT-B-16,DTDVal,0.43632271885871887,4,model.visual.transformer.resblocks.0.mlp.c_fc.weight
ViT-B-16,DTDVal,0.383826345205307,5,model.visual.transformer.resblocks.0.mlp.c_proj.weight
ViT-B-16,DTDVal,0.40470996499061584,6,model.visual.transformer.resblocks.1.attn.in_proj_weight
ViT-B-16,DTDVal,0.21376271545886993,7,model.visual.transformer.resblocks.1.attn.out_proj.weight
ViT-B-16,DTDVal,0.4348430931568146,8,model.visual.transformer.resblocks.1.mlp.c_fc.weight
ViT-B-16,DTDVal,0.3495578467845917,9,model.visual.transformer.resblocks.1.mlp.c_proj.weight
ViT-B-16,DTDVal,0.3928667902946472,10,model.visual.transformer.resblocks.2.attn.in_proj_weight
ViT-B-16,DTDVal,0.20745474100112915,11,model.visual.transformer.resblocks.2.attn.out_proj.weight
ViT-B-16,DTDVal,0.44127747416496277,12,model.visual.transformer.resblocks.2.mlp.c_fc.weight
ViT-B-16,DTDVal,0.3247240483760834,13,model.visual.transformer.resblocks.2.mlp.c_proj.weight
ViT-B-16,DTDVal,0.40949055552482605,14,model.visual.transformer.resblocks.3.attn.in_proj_weight
ViT-B-16,DTDVal,0.2168353646993637,15,model.visual.transformer.resblocks.3.attn.out_proj.weight
ViT-B-16,DTDVal,0.44766026735305786,16,model.visual.transformer.resblocks.3.mlp.c_fc.weight
ViT-B-16,DTDVal,0.3444964587688446,17,model.visual.transformer.resblocks.3.mlp.c_proj.weight
ViT-B-16,DTDVal,0.4182339608669281,18,model.visual.transformer.resblocks.4.attn.in_proj_weight
ViT-B-16,DTDVal,0.21837443113327026,19,model.visual.transformer.resblocks.4.attn.out_proj.weight
ViT-B-16,DTDVal,0.4710424542427063,20,model.visual.transformer.resblocks.4.mlp.c_fc.weight
ViT-B-16,DTDVal,0.3363158404827118,21,model.visual.transformer.resblocks.4.mlp.c_proj.weight
ViT-B-16,DTDVal,0.42829999327659607,22,model.visual.transformer.resblocks.5.attn.in_proj_weight
ViT-B-16,DTDVal,0.21560029685497284,23,model.visual.transformer.resblocks.5.attn.out_proj.weight
ViT-B-16,DTDVal,0.47519412636756897,24,model.visual.transformer.resblocks.5.mlp.c_fc.weight
ViT-B-16,DTDVal,0.3258868157863617,25,model.visual.transformer.resblocks.5.mlp.c_proj.weight
ViT-B-16,DTDVal,0.4291151165962219,26,model.visual.transformer.resblocks.6.attn.in_proj_weight
ViT-B-16,DTDVal,0.21993793547153473,27,model.visual.transformer.resblocks.6.attn.out_proj.weight
ViT-B-16,DTDVal,0.48718956112861633,28,model.visual.transformer.resblocks.6.mlp.c_fc.weight
ViT-B-16,DTDVal,0.34617066383361816,29,model.visual.transformer.resblocks.6.mlp.c_proj.weight
ViT-B-16,DTDVal,0.42485520243644714,30,model.visual.transformer.resblocks.7.attn.in_proj_weight
ViT-B-16,DTDVal,0.22442558407783508,31,model.visual.transformer.resblocks.7.attn.out_proj.weight
ViT-B-16,DTDVal,0.5059881210327148,32,model.visual.transformer.resblocks.7.mlp.c_fc.weight
ViT-B-16,DTDVal,0.36498063802719116,33,model.visual.transformer.resblocks.7.mlp.c_proj.weight
ViT-B-16,DTDVal,0.4389325678348541,34,model.visual.transformer.resblocks.8.attn.in_proj_weight
ViT-B-16,DTDVal,0.2361399531364441,35,model.visual.transformer.resblocks.8.attn.out_proj.weight
ViT-B-16,DTDVal,0.5160911083221436,36,model.visual.transformer.resblocks.8.mlp.c_fc.weight
ViT-B-16,DTDVal,0.41763320565223694,37,model.visual.transformer.resblocks.8.mlp.c_proj.weight
ViT-B-16,DTDVal,0.44507694244384766,38,model.visual.transformer.resblocks.9.attn.in_proj_weight
ViT-B-16,DTDVal,0.24032875895500183,39,model.visual.transformer.resblocks.9.attn.out_proj.weight
ViT-B-16,DTDVal,0.5306518077850342,40,model.visual.transformer.resblocks.9.mlp.c_fc.weight
ViT-B-16,DTDVal,0.484495609998703,41,model.visual.transformer.resblocks.9.mlp.c_proj.weight
ViT-B-16,DTDVal,0.46101468801498413,42,model.visual.transformer.resblocks.10.attn.in_proj_weight
ViT-B-16,DTDVal,0.2589739263057709,43,model.visual.transformer.resblocks.10.attn.out_proj.weight
ViT-B-16,DTDVal,0.5464919209480286,44,model.visual.transformer.resblocks.10.mlp.c_fc.weight
ViT-B-16,DTDVal,0.49915438890457153,45,model.visual.transformer.resblocks.10.mlp.c_proj.weight
ViT-B-16,DTDVal,0.4749307632446289,46,model.visual.transformer.resblocks.11.attn.in_proj_weight
ViT-B-16,DTDVal,0.26630741357803345,47,model.visual.transformer.resblocks.11.attn.out_proj.weight
ViT-B-16,DTDVal,0.568299412727356,48,model.visual.transformer.resblocks.11.mlp.c_fc.weight
ViT-B-16,DTDVal,0.3915431797504425,49,model.visual.transformer.resblocks.11.mlp.c_proj.weight
ViT-B-16,EuroSATVal,0.0,0,model.text_projection
ViT-B-16,EuroSATVal,0.1364663690328598,1,model.visual.proj
ViT-B-16,EuroSATVal,0.381083220243454,2,model.visual.transformer.resblocks.0.attn.in_proj_weight
ViT-B-16,EuroSATVal,0.188021719455719,3,model.visual.transformer.resblocks.0.attn.out_proj.weight
ViT-B-16,EuroSATVal,0.41211363673210144,4,model.visual.transformer.resblocks.0.mlp.c_fc.weight
ViT-B-16,EuroSATVal,0.30110105872154236,5,model.visual.transformer.resblocks.0.mlp.c_proj.weight
ViT-B-16,EuroSATVal,0.3627980947494507,6,model.visual.transformer.resblocks.1.attn.in_proj_weight
ViT-B-16,EuroSATVal,0.1695341020822525,7,model.visual.transformer.resblocks.1.attn.out_proj.weight
ViT-B-16,EuroSATVal,0.3709593415260315,8,model.visual.transformer.resblocks.1.mlp.c_fc.weight
ViT-B-16,EuroSATVal,0.2483108937740326,9,model.visual.transformer.resblocks.1.mlp.c_proj.weight
ViT-B-16,EuroSATVal,0.3643746078014374,10,model.visual.transformer.resblocks.2.attn.in_proj_weight
ViT-B-16,EuroSATVal,0.16438975930213928,11,model.visual.transformer.resblocks.2.attn.out_proj.weight
ViT-B-16,EuroSATVal,0.3720480501651764,12,model.visual.transformer.resblocks.2.mlp.c_fc.weight
ViT-B-16,EuroSATVal,0.2574874758720398,13,model.visual.transformer.resblocks.2.mlp.c_proj.weight
ViT-B-16,EuroSATVal,0.3609597980976105,14,model.visual.transformer.resblocks.3.attn.in_proj_weight
ViT-B-16,EuroSATVal,0.17149537801742554,15,model.visual.transformer.resblocks.3.attn.out_proj.weight
ViT-B-16,EuroSATVal,0.36820024251937866,16,model.visual.transformer.resblocks.3.mlp.c_fc.weight
ViT-B-16,EuroSATVal,0.28651681542396545,17,model.visual.transformer.resblocks.3.mlp.c_proj.weight
ViT-B-16,EuroSATVal,0.3655581474304199,18,model.visual.transformer.resblocks.4.attn.in_proj_weight
ViT-B-16,EuroSATVal,0.1667548269033432,19,model.visual.transformer.resblocks.4.attn.out_proj.weight
ViT-B-16,EuroSATVal,0.3784099221229553,20,model.visual.transformer.resblocks.4.mlp.c_fc.weight
ViT-B-16,EuroSATVal,0.2742040455341339,21,model.visual.transformer.resblocks.4.mlp.c_proj.weight
ViT-B-16,EuroSATVal,0.3698391914367676,22,model.visual.transformer.resblocks.5.attn.in_proj_weight
ViT-B-16,EuroSATVal,0.16747277975082397,23,model.visual.transformer.resblocks.5.attn.out_proj.weight
ViT-B-16,EuroSATVal,0.38221651315689087,24,model.visual.transformer.resblocks.5.mlp.c_fc.weight
ViT-B-16,EuroSATVal,0.267869234085083,25,model.visual.transformer.resblocks.5.mlp.c_proj.weight
ViT-B-16,EuroSATVal,0.3633255064487457,26,model.visual.transformer.resblocks.6.attn.in_proj_weight
ViT-B-16,EuroSATVal,0.16538085043430328,27,model.visual.transformer.resblocks.6.attn.out_proj.weight
ViT-B-16,EuroSATVal,0.3842717111110687,28,model.visual.transformer.resblocks.6.mlp.c_fc.weight
ViT-B-16,EuroSATVal,0.2670538127422333,29,model.visual.transformer.resblocks.6.mlp.c_proj.weight
ViT-B-16,EuroSATVal,0.3378138840198517,30,model.visual.transformer.resblocks.7.attn.in_proj_weight
ViT-B-16,EuroSATVal,0.1559194028377533,31,model.visual.transformer.resblocks.7.attn.out_proj.weight
ViT-B-16,EuroSATVal,0.373295396566391,32,model.visual.transformer.resblocks.7.mlp.c_fc.weight
ViT-B-16,EuroSATVal,0.25729528069496155,33,model.visual.transformer.resblocks.7.mlp.c_proj.weight
ViT-B-16,EuroSATVal,0.3231627345085144,34,model.visual.transformer.resblocks.8.attn.in_proj_weight
ViT-B-16,EuroSATVal,0.16143028438091278,35,model.visual.transformer.resblocks.8.attn.out_proj.weight
ViT-B-16,EuroSATVal,0.3732374906539917,36,model.visual.transformer.resblocks.8.mlp.c_fc.weight
ViT-B-16,EuroSATVal,0.2756803631782532,37,model.visual.transformer.resblocks.8.mlp.c_proj.weight
ViT-B-16,EuroSATVal,0.3317784368991852,38,model.visual.transformer.resblocks.9.attn.in_proj_weight
ViT-B-16,EuroSATVal,0.16311027109622955,39,model.visual.transformer.resblocks.9.attn.out_proj.weight
ViT-B-16,EuroSATVal,0.393554151058197,40,model.visual.transformer.resblocks.9.mlp.c_fc.weight
ViT-B-16,EuroSATVal,0.31973913311958313,41,model.visual.transformer.resblocks.9.mlp.c_proj.weight
ViT-B-16,EuroSATVal,0.3135026693344116,42,model.visual.transformer.resblocks.10.attn.in_proj_weight
ViT-B-16,EuroSATVal,0.16234998404979706,43,model.visual.transformer.resblocks.10.attn.out_proj.weight
ViT-B-16,EuroSATVal,0.38505223393440247,44,model.visual.transformer.resblocks.10.mlp.c_fc.weight
ViT-B-16,EuroSATVal,0.311956524848938,45,model.visual.transformer.resblocks.10.mlp.c_proj.weight
ViT-B-16,EuroSATVal,0.3203812837600708,46,model.visual.transformer.resblocks.11.attn.in_proj_weight
ViT-B-16,EuroSATVal,0.1684150993824005,47,model.visual.transformer.resblocks.11.attn.out_proj.weight
ViT-B-16,EuroSATVal,0.352535605430603,48,model.visual.transformer.resblocks.11.mlp.c_fc.weight
ViT-B-16,EuroSATVal,0.21613344550132751,49,model.visual.transformer.resblocks.11.mlp.c_proj.weight
ViT-B-16,GTSRBVal,0.0,0,model.text_projection
ViT-B-16,GTSRBVal,0.24397395551204681,1,model.visual.proj
ViT-B-16,GTSRBVal,0.2832551598548889,2,model.visual.transformer.resblocks.0.attn.in_proj_weight
ViT-B-16,GTSRBVal,0.15623003244400024,3,model.visual.transformer.resblocks.0.attn.out_proj.weight
ViT-B-16,GTSRBVal,0.32054203748703003,4,model.visual.transformer.resblocks.0.mlp.c_fc.weight
ViT-B-16,GTSRBVal,0.25794562697410583,5,model.visual.transformer.resblocks.0.mlp.c_proj.weight
ViT-B-16,GTSRBVal,0.2921213209629059,6,model.visual.transformer.resblocks.1.attn.in_proj_weight
ViT-B-16,GTSRBVal,0.1510646939277649,7,model.visual.transformer.resblocks.1.attn.out_proj.weight
ViT-B-16,GTSRBVal,0.3013424277305603,8,model.visual.transformer.resblocks.1.mlp.c_fc.weight
ViT-B-16,GTSRBVal,0.21756336092948914,9,model.visual.transformer.resblocks.1.mlp.c_proj.weight
ViT-B-16,GTSRBVal,0.2923654317855835,10,model.visual.transformer.resblocks.2.attn.in_proj_weight
ViT-B-16,GTSRBVal,0.14111857116222382,11,model.visual.transformer.resblocks.2.attn.out_proj.weight
ViT-B-16,GTSRBVal,0.29192277789115906,12,model.visual.transformer.resblocks.2.mlp.c_fc.weight
ViT-B-16,GTSRBVal,0.2193320393562317,13,model.visual.transformer.resblocks.2.mlp.c_proj.weight
ViT-B-16,GTSRBVal,0.2757187485694885,14,model.visual.transformer.resblocks.3.attn.in_proj_weight
ViT-B-16,GTSRBVal,0.1396995633840561,15,model.visual.transformer.resblocks.3.attn.out_proj.weight
ViT-B-16,GTSRBVal,0.2974025309085846,16,model.visual.transformer.resblocks.3.mlp.c_fc.weight
ViT-B-16,GTSRBVal,0.24880766868591309,17,model.visual.transformer.resblocks.3.mlp.c_proj.weight
ViT-B-16,GTSRBVal,0.27655789256095886,18,model.visual.transformer.resblocks.4.attn.in_proj_weight
ViT-B-16,GTSRBVal,0.13887479901313782,19,model.visual.transformer.resblocks.4.attn.out_proj.weight
ViT-B-16,GTSRBVal,0.30660274624824524,20,model.visual.transformer.resblocks.4.mlp.c_fc.weight
ViT-B-16,GTSRBVal,0.24031083285808563,21,model.visual.transformer.resblocks.4.mlp.c_proj.weight
ViT-B-16,GTSRBVal,0.2840842306613922,22,model.visual.transformer.resblocks.5.attn.in_proj_weight
ViT-B-16,GTSRBVal,0.14502963423728943,23,model.visual.transformer.resblocks.5.attn.out_proj.weight
ViT-B-16,GTSRBVal,0.30962496995925903,24,model.visual.transformer.resblocks.5.mlp.c_fc.weight
ViT-B-16,GTSRBVal,0.2420085370540619,25,model.visual.transformer.resblocks.5.mlp.c_proj.weight
ViT-B-16,GTSRBVal,0.2817091643810272,26,model.visual.transformer.resblocks.6.attn.in_proj_weight
ViT-B-16,GTSRBVal,0.14121422171592712,27,model.visual.transformer.resblocks.6.attn.out_proj.weight
ViT-B-16,GTSRBVal,0.30910053849220276,28,model.visual.transformer.resblocks.6.mlp.c_fc.weight
ViT-B-16,GTSRBVal,0.2320670485496521,29,model.visual.transformer.resblocks.6.mlp.c_proj.weight
ViT-B-16,GTSRBVal,0.27976277470588684,30,model.visual.transformer.resblocks.7.attn.in_proj_weight
ViT-B-16,GTSRBVal,0.13977737724781036,31,model.visual.transformer.resblocks.7.attn.out_proj.weight
ViT-B-16,GTSRBVal,0.306731641292572,32,model.visual.transformer.resblocks.7.mlp.c_fc.weight
ViT-B-16,GTSRBVal,0.23217423260211945,33,model.visual.transformer.resblocks.7.mlp.c_proj.weight
ViT-B-16,GTSRBVal,0.28542858362197876,34,model.visual.transformer.resblocks.8.attn.in_proj_weight
ViT-B-16,GTSRBVal,0.15064065158367157,35,model.visual.transformer.resblocks.8.attn.out_proj.weight
ViT-B-16,GTSRBVal,0.31528356671333313,36,model.visual.transformer.resblocks.8.mlp.c_fc.weight
ViT-B-16,GTSRBVal,0.26061466336250305,37,model.visual.transformer.resblocks.8.mlp.c_proj.weight
ViT-B-16,GTSRBVal,0.2886025011539459,38,model.visual.transformer.resblocks.9.attn.in_proj_weight
ViT-B-16,GTSRBVal,0.1587211936712265,39,model.visual.transformer.resblocks.9.attn.out_proj.weight
ViT-B-16,GTSRBVal,0.33761066198349,40,model.visual.transformer.resblocks.9.mlp.c_fc.weight
ViT-B-16,GTSRBVal,0.3027932047843933,41,model.visual.transformer.resblocks.9.mlp.c_proj.weight
ViT-B-16,GTSRBVal,0.3131314814090729,42,model.visual.transformer.resblocks.10.attn.in_proj_weight
ViT-B-16,GTSRBVal,0.19046440720558167,43,model.visual.transformer.resblocks.10.attn.out_proj.weight
ViT-B-16,GTSRBVal,0.41878724098205566,44,model.visual.transformer.resblocks.10.mlp.c_fc.weight
ViT-B-16,GTSRBVal,0.3928873836994171,45,model.visual.transformer.resblocks.10.mlp.c_proj.weight
ViT-B-16,GTSRBVal,0.34741437435150146,46,model.visual.transformer.resblocks.11.attn.in_proj_weight
ViT-B-16,GTSRBVal,0.2697601318359375,47,model.visual.transformer.resblocks.11.attn.out_proj.weight
ViT-B-16,GTSRBVal,0.6224135160446167,48,model.visual.transformer.resblocks.11.mlp.c_fc.weight
ViT-B-16,GTSRBVal,0.3457479178905487,49,model.visual.transformer.resblocks.11.mlp.c_proj.weight
ViT-B-16,MNISTVal,0.0,0,model.text_projection
ViT-B-16,MNISTVal,0.26610884070396423,1,model.visual.proj
ViT-B-16,MNISTVal,0.35622918605804443,2,model.visual.transformer.resblocks.0.attn.in_proj_weight
ViT-B-16,MNISTVal,0.1763342171907425,3,model.visual.transformer.resblocks.0.attn.out_proj.weight
ViT-B-16,MNISTVal,0.3765470087528229,4,model.visual.transformer.resblocks.0.mlp.c_fc.weight
ViT-B-16,MNISTVal,0.3018999993801117,5,model.visual.transformer.resblocks.0.mlp.c_proj.weight
ViT-B-16,MNISTVal,0.37670761346817017,6,model.visual.transformer.resblocks.1.attn.in_proj_weight
ViT-B-16,MNISTVal,0.176405131816864,7,model.visual.transformer.resblocks.1.attn.out_proj.weight
ViT-B-16,MNISTVal,0.35032960772514343,8,model.visual.transformer.resblocks.1.mlp.c_fc.weight
ViT-B-16,MNISTVal,0.23761485517024994,9,model.visual.transformer.resblocks.1.mlp.c_proj.weight
ViT-B-16,MNISTVal,0.3388189375400543,10,model.visual.transformer.resblocks.2.attn.in_proj_weight
ViT-B-16,MNISTVal,0.1561732441186905,11,model.visual.transformer.resblocks.2.attn.out_proj.weight
ViT-B-16,MNISTVal,0.33449387550354004,12,model.visual.transformer.resblocks.2.mlp.c_fc.weight
ViT-B-16,MNISTVal,0.24429097771644592,13,model.visual.transformer.resblocks.2.mlp.c_proj.weight
ViT-B-16,MNISTVal,0.31310009956359863,14,model.visual.transformer.resblocks.3.attn.in_proj_weight
ViT-B-16,MNISTVal,0.1546141654253006,15,model.visual.transformer.resblocks.3.attn.out_proj.weight
ViT-B-16,MNISTVal,0.33185356855392456,16,model.visual.transformer.resblocks.3.mlp.c_fc.weight
ViT-B-16,MNISTVal,0.26528239250183105,17,model.visual.transformer.resblocks.3.mlp.c_proj.weight
ViT-B-16,MNISTVal,0.31303778290748596,18,model.visual.transformer.resblocks.4.attn.in_proj_weight
ViT-B-16,MNISTVal,0.15254709124565125,19,model.visual.transformer.resblocks.4.attn.out_proj.weight
ViT-B-16,MNISTVal,0.34446287155151367,20,model.visual.transformer.resblocks.4.mlp.c_fc.weight
ViT-B-16,MNISTVal,0.26172760128974915,21,model.visual.transformer.resblocks.4.mlp.c_proj.weight
ViT-B-16,MNISTVal,0.34185031056404114,22,model.visual.transformer.resblocks.5.attn.in_proj_weight
ViT-B-16,MNISTVal,0.16810664534568787,23,model.visual.transformer.resblocks.5.attn.out_proj.weight
ViT-B-16,MNISTVal,0.36450254917144775,24,model.visual.transformer.resblocks.5.mlp.c_fc.weight
ViT-B-16,MNISTVal,0.27578675746917725,25,model.visual.transformer.resblocks.5.mlp.c_proj.weight
ViT-B-16,MNISTVal,0.3385956287384033,26,model.visual.transformer.resblocks.6.attn.in_proj_weight
ViT-B-16,MNISTVal,0.16264669597148895,27,model.visual.transformer.resblocks.6.attn.out_proj.weight
ViT-B-16,MNISTVal,0.36715975403785706,28,model.visual.transformer.resblocks.6.mlp.c_fc.weight
ViT-B-16,MNISTVal,0.26061803102493286,29,model.visual.transformer.resblocks.6.mlp.c_proj.weight
ViT-B-16,MNISTVal,0.3183574974536896,30,model.visual.transformer.resblocks.7.attn.in_proj_weight
ViT-B-16,MNISTVal,0.15535187721252441,31,model.visual.transformer.resblocks.7.attn.out_proj.weight
ViT-B-16,MNISTVal,0.35150933265686035,32,model.visual.transformer.resblocks.7.mlp.c_fc.weight
ViT-B-16,MNISTVal,0.2455114871263504,33,model.visual.transformer.resblocks.7.mlp.c_proj.weight
ViT-B-16,MNISTVal,0.29662683606147766,34,model.visual.transformer.resblocks.8.attn.in_proj_weight
ViT-B-16,MNISTVal,0.1472185105085373,35,model.visual.transformer.resblocks.8.attn.out_proj.weight
ViT-B-16,MNISTVal,0.348638117313385,36,model.visual.transformer.resblocks.8.mlp.c_fc.weight
ViT-B-16,MNISTVal,0.26120662689208984,37,model.visual.transformer.resblocks.8.mlp.c_proj.weight
ViT-B-16,MNISTVal,0.3039286136627197,38,model.visual.transformer.resblocks.9.attn.in_proj_weight
ViT-B-16,MNISTVal,0.14768174290657043,39,model.visual.transformer.resblocks.9.attn.out_proj.weight
ViT-B-16,MNISTVal,0.36577996611595154,40,model.visual.transformer.resblocks.9.mlp.c_fc.weight
ViT-B-16,MNISTVal,0.31352242827415466,41,model.visual.transformer.resblocks.9.mlp.c_proj.weight
ViT-B-16,MNISTVal,0.3137761056423187,42,model.visual.transformer.resblocks.10.attn.in_proj_weight
ViT-B-16,MNISTVal,0.18404212594032288,43,model.visual.transformer.resblocks.10.attn.out_proj.weight
ViT-B-16,MNISTVal,0.4205658435821533,44,model.visual.transformer.resblocks.10.mlp.c_fc.weight
ViT-B-16,MNISTVal,0.35040730237960815,45,model.visual.transformer.resblocks.10.mlp.c_proj.weight
ViT-B-16,MNISTVal,0.3895411193370819,46,model.visual.transformer.resblocks.11.attn.in_proj_weight
ViT-B-16,MNISTVal,0.26324179768562317,47,model.visual.transformer.resblocks.11.attn.out_proj.weight
ViT-B-16,MNISTVal,0.690868616104126,48,model.visual.transformer.resblocks.11.mlp.c_fc.weight
ViT-B-16,MNISTVal,0.37023016810417175,49,model.visual.transformer.resblocks.11.mlp.c_proj.weight
ViT-B-16,SVHNVal,0.0,0,model.text_projection
ViT-B-16,SVHNVal,0.24800892174243927,1,model.visual.proj
ViT-B-16,SVHNVal,0.3966909945011139,2,model.visual.transformer.resblocks.0.attn.in_proj_weight
ViT-B-16,SVHNVal,0.2047233283519745,3,model.visual.transformer.resblocks.0.attn.out_proj.weight
ViT-B-16,SVHNVal,0.44002315402030945,4,model.visual.transformer.resblocks.0.mlp.c_fc.weight
ViT-B-16,SVHNVal,0.3160442113876343,5,model.visual.transformer.resblocks.0.mlp.c_proj.weight
ViT-B-16,SVHNVal,0.4008164405822754,6,model.visual.transformer.resblocks.1.attn.in_proj_weight
ViT-B-16,SVHNVal,0.19170090556144714,7,model.visual.transformer.resblocks.1.attn.out_proj.weight
ViT-B-16,SVHNVal,0.40181589126586914,8,model.visual.transformer.resblocks.1.mlp.c_fc.weight
ViT-B-16,SVHNVal,0.2779151201248169,9,model.visual.transformer.resblocks.1.mlp.c_proj.weight
ViT-B-16,SVHNVal,0.4300752580165863,10,model.visual.transformer.resblocks.2.attn.in_proj_weight
ViT-B-16,SVHNVal,0.18886448442935944,11,model.visual.transformer.resblocks.2.attn.out_proj.weight
ViT-B-16,SVHNVal,0.4106808602809906,12,model.visual.transformer.resblocks.2.mlp.c_fc.weight
ViT-B-16,SVHNVal,0.2866874635219574,13,model.visual.transformer.resblocks.2.mlp.c_proj.weight
ViT-B-16,SVHNVal,0.4103720486164093,14,model.visual.transformer.resblocks.3.attn.in_proj_weight
ViT-B-16,SVHNVal,0.18697401881217957,15,model.visual.transformer.resblocks.3.attn.out_proj.weight
ViT-B-16,SVHNVal,0.4162651598453522,16,model.visual.transformer.resblocks.3.mlp.c_fc.weight
ViT-B-16,SVHNVal,0.32787296175956726,17,model.visual.transformer.resblocks.3.mlp.c_proj.weight
ViT-B-16,SVHNVal,0.416595995426178,18,model.visual.transformer.resblocks.4.attn.in_proj_weight
ViT-B-16,SVHNVal,0.19062261283397675,19,model.visual.transformer.resblocks.4.attn.out_proj.weight
ViT-B-16,SVHNVal,0.4300181269645691,20,model.visual.transformer.resblocks.4.mlp.c_fc.weight
ViT-B-16,SVHNVal,0.32890892028808594,21,model.visual.transformer.resblocks.4.mlp.c_proj.weight
ViT-B-16,SVHNVal,0.415972501039505,22,model.visual.transformer.resblocks.5.attn.in_proj_weight
ViT-B-16,SVHNVal,0.1953624039888382,23,model.visual.transformer.resblocks.5.attn.out_proj.weight
ViT-B-16,SVHNVal,0.4373895525932312,24,model.visual.transformer.resblocks.5.mlp.c_fc.weight
ViT-B-16,SVHNVal,0.32170167565345764,25,model.visual.transformer.resblocks.5.mlp.c_proj.weight
ViT-B-16,SVHNVal,0.4116896986961365,26,model.visual.transformer.resblocks.6.attn.in_proj_weight
ViT-B-16,SVHNVal,0.17573991417884827,27,model.visual.transformer.resblocks.6.attn.out_proj.weight
ViT-B-16,SVHNVal,0.4381554126739502,28,model.visual.transformer.resblocks.6.mlp.c_fc.weight
ViT-B-16,SVHNVal,0.2972698509693146,29,model.visual.transformer.resblocks.6.mlp.c_proj.weight
ViT-B-16,SVHNVal,0.398295134305954,30,model.visual.transformer.resblocks.7.attn.in_proj_weight
ViT-B-16,SVHNVal,0.1802920699119568,31,model.visual.transformer.resblocks.7.attn.out_proj.weight
ViT-B-16,SVHNVal,0.4277608394622803,32,model.visual.transformer.resblocks.7.mlp.c_fc.weight
ViT-B-16,SVHNVal,0.2791041433811188,33,model.visual.transformer.resblocks.7.mlp.c_proj.weight
ViT-B-16,SVHNVal,0.3754771649837494,34,model.visual.transformer.resblocks.8.attn.in_proj_weight
ViT-B-16,SVHNVal,0.18084931373596191,35,model.visual.transformer.resblocks.8.attn.out_proj.weight
ViT-B-16,SVHNVal,0.4219861328601837,36,model.visual.transformer.resblocks.8.mlp.c_fc.weight
ViT-B-16,SVHNVal,0.30937790870666504,37,model.visual.transformer.resblocks.8.mlp.c_proj.weight
ViT-B-16,SVHNVal,0.3379393219947815,38,model.visual.transformer.resblocks.9.attn.in_proj_weight
ViT-B-16,SVHNVal,0.1644725799560547,39,model.visual.transformer.resblocks.9.attn.out_proj.weight
ViT-B-16,SVHNVal,0.4207829535007477,40,model.visual.transformer.resblocks.9.mlp.c_fc.weight
ViT-B-16,SVHNVal,0.35202693939208984,41,model.visual.transformer.resblocks.9.mlp.c_proj.weight
ViT-B-16,SVHNVal,0.3580775260925293,42,model.visual.transformer.resblocks.10.attn.in_proj_weight
ViT-B-16,SVHNVal,0.19599373638629913,43,model.visual.transformer.resblocks.10.attn.out_proj.weight
ViT-B-16,SVHNVal,0.4754086434841156,44,model.visual.transformer.resblocks.10.mlp.c_fc.weight
ViT-B-16,SVHNVal,0.39274197816848755,45,model.visual.transformer.resblocks.10.mlp.c_proj.weight
ViT-B-16,SVHNVal,0.47642549872398376,46,model.visual.transformer.resblocks.11.attn.in_proj_weight
ViT-B-16,SVHNVal,0.2743351459503174,47,model.visual.transformer.resblocks.11.attn.out_proj.weight
ViT-B-16,SVHNVal,0.678316056728363,48,model.visual.transformer.resblocks.11.mlp.c_fc.weight
ViT-B-16,SVHNVal,0.3085232377052307,49,model.visual.transformer.resblocks.11.mlp.c_proj.weight
ViT-L-14,CarsVal,0.0,0,model.text_projection
ViT-L-14,CarsVal,0.25393176078796387,1,model.visual.proj
ViT-L-14,CarsVal,0.40282097458839417,2,model.visual.transformer.resblocks.0.attn.in_proj_weight
ViT-L-14,CarsVal,0.25898730754852295,3,model.visual.transformer.resblocks.0.attn.out_proj.weight
ViT-L-14,CarsVal,0.46064189076423645,4,model.visual.transformer.resblocks.0.mlp.c_fc.weight
ViT-L-14,CarsVal,0.46050015091896057,5,model.visual.transformer.resblocks.0.mlp.c_proj.weight
ViT-L-14,CarsVal,0.47768405079841614,6,model.visual.transformer.resblocks.1.attn.in_proj_weight
ViT-L-14,CarsVal,0.2723676860332489,7,model.visual.transformer.resblocks.1.attn.out_proj.weight
ViT-L-14,CarsVal,0.5050407648086548,8,model.visual.transformer.resblocks.1.mlp.c_fc.weight
ViT-L-14,CarsVal,0.4497649371623993,9,model.visual.transformer.resblocks.1.mlp.c_proj.weight
ViT-L-14,CarsVal,0.4896375834941864,10,model.visual.transformer.resblocks.2.attn.in_proj_weight
ViT-L-14,CarsVal,0.28122401237487793,11,model.visual.transformer.resblocks.2.attn.out_proj.weight
ViT-L-14,CarsVal,0.4981019198894501,12,model.visual.transformer.resblocks.2.mlp.c_fc.weight
ViT-L-14,CarsVal,0.4450300335884094,13,model.visual.transformer.resblocks.2.mlp.c_proj.weight
ViT-L-14,CarsVal,0.4702150225639343,14,model.visual.transformer.resblocks.3.attn.in_proj_weight
ViT-L-14,CarsVal,0.2704106867313385,15,model.visual.transformer.resblocks.3.attn.out_proj.weight
ViT-L-14,CarsVal,0.5144028067588806,16,model.visual.transformer.resblocks.3.mlp.c_fc.weight
ViT-L-14,CarsVal,0.445917546749115,17,model.visual.transformer.resblocks.3.mlp.c_proj.weight
ViT-L-14,CarsVal,0.4723977744579315,18,model.visual.transformer.resblocks.4.attn.in_proj_weight
ViT-L-14,CarsVal,0.2714529037475586,19,model.visual.transformer.resblocks.4.attn.out_proj.weight
ViT-L-14,CarsVal,0.521965503692627,20,model.visual.transformer.resblocks.4.mlp.c_fc.weight
ViT-L-14,CarsVal,0.45710575580596924,21,model.visual.transformer.resblocks.4.mlp.c_proj.weight
ViT-L-14,CarsVal,0.4449769854545593,22,model.visual.transformer.resblocks.5.attn.in_proj_weight
ViT-L-14,CarsVal,0.25863298773765564,23,model.visual.transformer.resblocks.5.attn.out_proj.weight
ViT-L-14,CarsVal,0.5230271816253662,24,model.visual.transformer.resblocks.5.mlp.c_fc.weight
ViT-L-14,CarsVal,0.45469537377357483,25,model.visual.transformer.resblocks.5.mlp.c_proj.weight
ViT-L-14,CarsVal,0.45231878757476807,26,model.visual.transformer.resblocks.6.attn.in_proj_weight
ViT-L-14,CarsVal,0.2643108069896698,27,model.visual.transformer.resblocks.6.attn.out_proj.weight
ViT-L-14,CarsVal,0.5419764518737793,28,model.visual.transformer.resblocks.6.mlp.c_fc.weight
ViT-L-14,CarsVal,0.4801363945007324,29,model.visual.transformer.resblocks.6.mlp.c_proj.weight
ViT-L-14,CarsVal,0.4585248827934265,30,model.visual.transformer.resblocks.7.attn.in_proj_weight
ViT-L-14,CarsVal,0.26000818610191345,31,model.visual.transformer.resblocks.7.attn.out_proj.weight
ViT-L-14,CarsVal,0.5572646260261536,32,model.visual.transformer.resblocks.7.mlp.c_fc.weight
ViT-L-14,CarsVal,0.47275981307029724,33,model.visual.transformer.resblocks.7.mlp.c_proj.weight
ViT-L-14,CarsVal,0.4652038812637329,34,model.visual.transformer.resblocks.8.attn.in_proj_weight
ViT-L-14,CarsVal,0.25988060235977173,35,model.visual.transformer.resblocks.8.attn.out_proj.weight
ViT-L-14,CarsVal,0.5620359778404236,36,model.visual.transformer.resblocks.8.mlp.c_fc.weight
ViT-L-14,CarsVal,0.46633440256118774,37,model.visual.transformer.resblocks.8.mlp.c_proj.weight
ViT-L-14,CarsVal,0.46999338269233704,38,model.visual.transformer.resblocks.9.attn.in_proj_weight
ViT-L-14,CarsVal,0.25237640738487244,39,model.visual.transformer.resblocks.9.attn.out_proj.weight
ViT-L-14,CarsVal,0.5656070709228516,40,model.visual.transformer.resblocks.9.mlp.c_fc.weight
ViT-L-14,CarsVal,0.4500039517879486,41,model.visual.transformer.resblocks.9.mlp.c_proj.weight
ViT-L-14,CarsVal,0.4661887586116791,42,model.visual.transformer.resblocks.10.attn.in_proj_weight
ViT-L-14,CarsVal,0.23592007160186768,43,model.visual.transformer.resblocks.10.attn.out_proj.weight
ViT-L-14,CarsVal,0.5493687987327576,44,model.visual.transformer.resblocks.10.mlp.c_fc.weight
ViT-L-14,CarsVal,0.41803720593452454,45,model.visual.transformer.resblocks.10.mlp.c_proj.weight
ViT-L-14,CarsVal,0.45223549008369446,46,model.visual.transformer.resblocks.11.attn.in_proj_weight
ViT-L-14,CarsVal,0.23106707632541656,47,model.visual.transformer.resblocks.11.attn.out_proj.weight
ViT-L-14,CarsVal,0.5324503779411316,48,model.visual.transformer.resblocks.11.mlp.c_fc.weight
ViT-L-14,CarsVal,0.39865022897720337,49,model.visual.transformer.resblocks.11.mlp.c_proj.weight
ViT-L-14,CarsVal,0.4403989911079407,50,model.visual.transformer.resblocks.12.attn.in_proj_weight
ViT-L-14,CarsVal,0.2263697385787964,51,model.visual.transformer.resblocks.12.attn.out_proj.weight
ViT-L-14,CarsVal,0.5180041193962097,52,model.visual.transformer.resblocks.12.mlp.c_fc.weight
ViT-L-14,CarsVal,0.3845921456813812,53,model.visual.transformer.resblocks.12.mlp.c_proj.weight
ViT-L-14,CarsVal,0.41899988055229187,54,model.visual.transformer.resblocks.13.attn.in_proj_weight
ViT-L-14,CarsVal,0.21770678460597992,55,model.visual.transformer.resblocks.13.attn.out_proj.weight
ViT-L-14,CarsVal,0.5074754357337952,56,model.visual.transformer.resblocks.13.mlp.c_fc.weight
ViT-L-14,CarsVal,0.3769468367099762,57,model.visual.transformer.resblocks.13.mlp.c_proj.weight
ViT-L-14,CarsVal,0.42379382252693176,58,model.visual.transformer.resblocks.14.attn.in_proj_weight
ViT-L-14,CarsVal,0.22276096045970917,59,model.visual.transformer.resblocks.14.attn.out_proj.weight
ViT-L-14,CarsVal,0.5095210671424866,60,model.visual.transformer.resblocks.14.mlp.c_fc.weight
ViT-L-14,CarsVal,0.391574501991272,61,model.visual.transformer.resblocks.14.mlp.c_proj.weight
ViT-L-14,CarsVal,0.41267701983451843,62,model.visual.transformer.resblocks.15.attn.in_proj_weight
ViT-L-14,CarsVal,0.2218209058046341,63,model.visual.transformer.resblocks.15.attn.out_proj.weight
ViT-L-14,CarsVal,0.5172684192657471,64,model.visual.transformer.resblocks.15.mlp.c_fc.weight
ViT-L-14,CarsVal,0.40437963604927063,65,model.visual.transformer.resblocks.15.mlp.c_proj.weight
ViT-L-14,CarsVal,0.4353829622268677,66,model.visual.transformer.resblocks.16.attn.in_proj_weight
ViT-L-14,CarsVal,0.23672959208488464,67,model.visual.transformer.resblocks.16.attn.out_proj.weight
ViT-L-14,CarsVal,0.5361106395721436,68,model.visual.transformer.resblocks.16.mlp.c_fc.weight
ViT-L-14,CarsVal,0.42378225922584534,69,model.visual.transformer.resblocks.16.mlp.c_proj.weight
ViT-L-14,CarsVal,0.4430738389492035,70,model.visual.transformer.resblocks.17.attn.in_proj_weight
ViT-L-14,CarsVal,0.24733658134937286,71,model.visual.transformer.resblocks.17.attn.out_proj.weight
ViT-L-14,CarsVal,0.5647170543670654,72,model.visual.transformer.resblocks.17.mlp.c_fc.weight
ViT-L-14,CarsVal,0.46468883752822876,73,model.visual.transformer.resblocks.17.mlp.c_proj.weight
ViT-L-14,CarsVal,0.45475688576698303,74,model.visual.transformer.resblocks.18.attn.in_proj_weight
ViT-L-14,CarsVal,0.25164225697517395,75,model.visual.transformer.resblocks.18.attn.out_proj.weight
ViT-L-14,CarsVal,0.5820221304893494,76,model.visual.transformer.resblocks.18.mlp.c_fc.weight
ViT-L-14,CarsVal,0.4988163709640503,77,model.visual.transformer.resblocks.18.mlp.c_proj.weight
ViT-L-14,CarsVal,0.45920735597610474,78,model.visual.transformer.resblocks.19.attn.in_proj_weight
ViT-L-14,CarsVal,0.25212204456329346,79,model.visual.transformer.resblocks.19.attn.out_proj.weight
ViT-L-14,CarsVal,0.5917521119117737,80,model.visual.transformer.resblocks.19.mlp.c_fc.weight
ViT-L-14,CarsVal,0.5213403105735779,81,model.visual.transformer.resblocks.19.mlp.c_proj.weight
ViT-L-14,CarsVal,0.47499579191207886,82,model.visual.transformer.resblocks.20.attn.in_proj_weight
ViT-L-14,CarsVal,0.2689143121242523,83,model.visual.transformer.resblocks.20.attn.out_proj.weight
ViT-L-14,CarsVal,0.610590398311615,84,model.visual.transformer.resblocks.20.mlp.c_fc.weight
ViT-L-14,CarsVal,0.5663272142410278,85,model.visual.transformer.resblocks.20.mlp.c_proj.weight
ViT-L-14,CarsVal,0.4735088348388672,86,model.visual.transformer.resblocks.21.attn.in_proj_weight
ViT-L-14,CarsVal,0.2618439793586731,87,model.visual.transformer.resblocks.21.attn.out_proj.weight
ViT-L-14,CarsVal,0.6176424622535706,88,model.visual.transformer.resblocks.21.mlp.c_fc.weight
ViT-L-14,CarsVal,0.5822672843933105,89,model.visual.transformer.resblocks.21.mlp.c_proj.weight
ViT-L-14,CarsVal,0.49731528759002686,90,model.visual.transformer.resblocks.22.attn.in_proj_weight
ViT-L-14,CarsVal,0.29356226325035095,91,model.visual.transformer.resblocks.22.attn.out_proj.weight
ViT-L-14,CarsVal,0.6509941816329956,92,model.visual.transformer.resblocks.22.mlp.c_fc.weight
ViT-L-14,CarsVal,0.5792456865310669,93,model.visual.transformer.resblocks.22.mlp.c_proj.weight
ViT-L-14,CarsVal,0.6130216717720032,94,model.visual.transformer.resblocks.23.attn.in_proj_weight
ViT-L-14,CarsVal,0.3093685507774353,95,model.visual.transformer.resblocks.23.attn.out_proj.weight
ViT-L-14,CarsVal,0.699449896812439,96,model.visual.transformer.resblocks.23.mlp.c_fc.weight
ViT-L-14,CarsVal,0.5051106214523315,97,model.visual.transformer.resblocks.23.mlp.c_proj.weight
ViT-L-14,DTDVal,0.0,0,model.text_projection
ViT-L-14,DTDVal,0.1909741908311844,1,model.visual.proj
ViT-L-14,DTDVal,0.32315516471862793,2,model.visual.transformer.resblocks.0.attn.in_proj_weight
ViT-L-14,DTDVal,0.22804895043373108,3,model.visual.transformer.resblocks.0.attn.out_proj.weight
ViT-L-14,DTDVal,0.378357857465744,4,model.visual.transformer.resblocks.0.mlp.c_fc.weight
ViT-L-14,DTDVal,0.3881624639034271,5,model.visual.transformer.resblocks.0.mlp.c_proj.weight
ViT-L-14,DTDVal,0.4015721380710602,6,model.visual.transformer.resblocks.1.attn.in_proj_weight
ViT-L-14,DTDVal,0.23651498556137085,7,model.visual.transformer.resblocks.1.attn.out_proj.weight
ViT-L-14,DTDVal,0.4176361560821533,8,model.visual.transformer.resblocks.1.mlp.c_fc.weight
ViT-L-14,DTDVal,0.3717051148414612,9,model.visual.transformer.resblocks.1.mlp.c_proj.weight
ViT-L-14,DTDVal,0.4013145864009857,10,model.visual.transformer.resblocks.2.attn.in_proj_weight
ViT-L-14,DTDVal,0.23531636595726013,11,model.visual.transformer.resblocks.2.attn.out_proj.weight
ViT-L-14,DTDVal,0.42001286149024963,12,model.visual.transformer.resblocks.2.mlp.c_fc.weight
ViT-L-14,DTDVal,0.3528154194355011,13,model.visual.transformer.resblocks.2.mlp.c_proj.weight
ViT-L-14,DTDVal,0.389507919549942,14,model.visual.transformer.resblocks.3.attn.in_proj_weight
ViT-L-14,DTDVal,0.22553184628486633,15,model.visual.transformer.resblocks.3.attn.out_proj.weight
ViT-L-14,DTDVal,0.4058895707130432,16,model.visual.transformer.resblocks.3.mlp.c_fc.weight
ViT-L-14,DTDVal,0.3472456634044647,17,model.visual.transformer.resblocks.3.mlp.c_proj.weight
ViT-L-14,DTDVal,0.3923461437225342,18,model.visual.transformer.resblocks.4.attn.in_proj_weight
ViT-L-14,DTDVal,0.22083288431167603,19,model.visual.transformer.resblocks.4.attn.out_proj.weight
ViT-L-14,DTDVal,0.41573312878608704,20,model.visual.transformer.resblocks.4.mlp.c_fc.weight
ViT-L-14,DTDVal,0.3513529598712921,21,model.visual.transformer.resblocks.4.mlp.c_proj.weight
ViT-L-14,DTDVal,0.3798008859157562,22,model.visual.transformer.resblocks.5.attn.in_proj_weight
ViT-L-14,DTDVal,0.22163622081279755,23,model.visual.transformer.resblocks.5.attn.out_proj.weight
ViT-L-14,DTDVal,0.4253782033920288,24,model.visual.transformer.resblocks.5.mlp.c_fc.weight
ViT-L-14,DTDVal,0.34796881675720215,25,model.visual.transformer.resblocks.5.mlp.c_proj.weight
ViT-L-14,DTDVal,0.38335055112838745,26,model.visual.transformer.resblocks.6.attn.in_proj_weight
ViT-L-14,DTDVal,0.22308871150016785,27,model.visual.transformer.resblocks.6.attn.out_proj.weight
ViT-L-14,DTDVal,0.43773820996284485,28,model.visual.transformer.resblocks.6.mlp.c_fc.weight
ViT-L-14,DTDVal,0.3516036868095398,29,model.visual.transformer.resblocks.6.mlp.c_proj.weight
ViT-L-14,DTDVal,0.389974981546402,30,model.visual.transformer.resblocks.7.attn.in_proj_weight
ViT-L-14,DTDVal,0.22311682999134064,31,model.visual.transformer.resblocks.7.attn.out_proj.weight
ViT-L-14,DTDVal,0.4525929093360901,32,model.visual.transformer.resblocks.7.mlp.c_fc.weight
ViT-L-14,DTDVal,0.3463132679462433,33,model.visual.transformer.resblocks.7.mlp.c_proj.weight
ViT-L-14,DTDVal,0.39829912781715393,34,model.visual.transformer.resblocks.8.attn.in_proj_weight
ViT-L-14,DTDVal,0.2227288782596588,35,model.visual.transformer.resblocks.8.attn.out_proj.weight
ViT-L-14,DTDVal,0.455702543258667,36,model.visual.transformer.resblocks.8.mlp.c_fc.weight
ViT-L-14,DTDVal,0.34964078664779663,37,model.visual.transformer.resblocks.8.mlp.c_proj.weight
ViT-L-14,DTDVal,0.40275251865386963,38,model.visual.transformer.resblocks.9.attn.in_proj_weight
ViT-L-14,DTDVal,0.2225324511528015,39,model.visual.transformer.resblocks.9.attn.out_proj.weight
ViT-L-14,DTDVal,0.45987892150878906,40,model.visual.transformer.resblocks.9.mlp.c_fc.weight
ViT-L-14,DTDVal,0.3477333188056946,41,model.visual.transformer.resblocks.9.mlp.c_proj.weight
ViT-L-14,DTDVal,0.4100796580314636,42,model.visual.transformer.resblocks.10.attn.in_proj_weight
ViT-L-14,DTDVal,0.2224562019109726,43,model.visual.transformer.resblocks.10.attn.out_proj.weight
ViT-L-14,DTDVal,0.46105557680130005,44,model.visual.transformer.resblocks.10.mlp.c_fc.weight
ViT-L-14,DTDVal,0.3527720868587494,45,model.visual.transformer.resblocks.10.mlp.c_proj.weight
ViT-L-14,DTDVal,0.4092608392238617,46,model.visual.transformer.resblocks.11.attn.in_proj_weight
ViT-L-14,DTDVal,0.22534748911857605,47,model.visual.transformer.resblocks.11.attn.out_proj.weight
ViT-L-14,DTDVal,0.4624687135219574,48,model.visual.transformer.resblocks.11.mlp.c_fc.weight
ViT-L-14,DTDVal,0.35793471336364746,49,model.visual.transformer.resblocks.11.mlp.c_proj.weight
ViT-L-14,DTDVal,0.41230326890945435,50,model.visual.transformer.resblocks.12.attn.in_proj_weight
ViT-L-14,DTDVal,0.22276316583156586,51,model.visual.transformer.resblocks.12.attn.out_proj.weight
ViT-L-14,DTDVal,0.46551942825317383,52,model.visual.transformer.resblocks.12.mlp.c_fc.weight
ViT-L-14,DTDVal,0.35298022627830505,53,model.visual.transformer.resblocks.12.mlp.c_proj.weight
ViT-L-14,DTDVal,0.41614285111427307,54,model.visual.transformer.resblocks.13.attn.in_proj_weight
ViT-L-14,DTDVal,0.22998328506946564,55,model.visual.transformer.resblocks.13.attn.out_proj.weight
ViT-L-14,DTDVal,0.473758727312088,56,model.visual.transformer.resblocks.13.mlp.c_fc.weight
ViT-L-14,DTDVal,0.3739721477031708,57,model.visual.transformer.resblocks.13.mlp.c_proj.weight
ViT-L-14,DTDVal,0.4230228662490845,58,model.visual.transformer.resblocks.14.attn.in_proj_weight
ViT-L-14,DTDVal,0.23986190557479858,59,model.visual.transformer.resblocks.14.attn.out_proj.weight
ViT-L-14,DTDVal,0.47861891984939575,60,model.visual.transformer.resblocks.14.mlp.c_fc.weight
ViT-L-14,DTDVal,0.38695305585861206,61,model.visual.transformer.resblocks.14.mlp.c_proj.weight
ViT-L-14,DTDVal,0.42221206426620483,62,model.visual.transformer.resblocks.15.attn.in_proj_weight
ViT-L-14,DTDVal,0.23722462356090546,63,model.visual.transformer.resblocks.15.attn.out_proj.weight
ViT-L-14,DTDVal,0.4840943515300751,64,model.visual.transformer.resblocks.15.mlp.c_fc.weight
ViT-L-14,DTDVal,0.39789268374443054,65,model.visual.transformer.resblocks.15.mlp.c_proj.weight
ViT-L-14,DTDVal,0.4334849715232849,66,model.visual.transformer.resblocks.16.attn.in_proj_weight
ViT-L-14,DTDVal,0.24375975131988525,67,model.visual.transformer.resblocks.16.attn.out_proj.weight
ViT-L-14,DTDVal,0.4903401732444763,68,model.visual.transformer.resblocks.16.mlp.c_fc.weight
ViT-L-14,DTDVal,0.41825252771377563,69,model.visual.transformer.resblocks.16.mlp.c_proj.weight
ViT-L-14,DTDVal,0.4418410360813141,70,model.visual.transformer.resblocks.17.attn.in_proj_weight
ViT-L-14,DTDVal,0.24733228981494904,71,model.visual.transformer.resblocks.17.attn.out_proj.weight
ViT-L-14,DTDVal,0.49691107869148254,72,model.visual.transformer.resblocks.17.mlp.c_fc.weight
ViT-L-14,DTDVal,0.4446657598018646,73,model.visual.transformer.resblocks.17.mlp.c_proj.weight
ViT-L-14,DTDVal,0.4413186013698578,74,model.visual.transformer.resblocks.18.attn.in_proj_weight
ViT-L-14,DTDVal,0.2482416033744812,75,model.visual.transformer.resblocks.18.attn.out_proj.weight
ViT-L-14,DTDVal,0.5007091164588928,76,model.visual.transformer.resblocks.18.mlp.c_fc.weight
ViT-L-14,DTDVal,0.4617063105106354,77,model.visual.transformer.resblocks.18.mlp.c_proj.weight
ViT-L-14,DTDVal,0.44424399733543396,78,model.visual.transformer.resblocks.19.attn.in_proj_weight
ViT-L-14,DTDVal,0.24830956757068634,79,model.visual.transformer.resblocks.19.attn.out_proj.weight
ViT-L-14,DTDVal,0.5027329921722412,80,model.visual.transformer.resblocks.19.mlp.c_fc.weight
ViT-L-14,DTDVal,0.4675604999065399,81,model.visual.transformer.resblocks.19.mlp.c_proj.weight
ViT-L-14,DTDVal,0.4473033547401428,82,model.visual.transformer.resblocks.20.attn.in_proj_weight
ViT-L-14,DTDVal,0.25032371282577515,83,model.visual.transformer.resblocks.20.attn.out_proj.weight
ViT-L-14,DTDVal,0.5083688497543335,84,model.visual.transformer.resblocks.20.mlp.c_fc.weight
ViT-L-14,DTDVal,0.47624465823173523,85,model.visual.transformer.resblocks.20.mlp.c_proj.weight
ViT-L-14,DTDVal,0.44582441449165344,86,model.visual.transformer.resblocks.21.attn.in_proj_weight
ViT-L-14,DTDVal,0.24613086879253387,87,model.visual.transformer.resblocks.21.attn.out_proj.weight
ViT-L-14,DTDVal,0.505434513092041,88,model.visual.transformer.resblocks.21.mlp.c_fc.weight
ViT-L-14,DTDVal,0.46944892406463623,89,model.visual.transformer.resblocks.21.mlp.c_proj.weight
ViT-L-14,DTDVal,0.4231695830821991,90,model.visual.transformer.resblocks.22.attn.in_proj_weight
ViT-L-14,DTDVal,0.2442120611667633,91,model.visual.transformer.resblocks.22.attn.out_proj.weight
ViT-L-14,DTDVal,0.49150869250297546,92,model.visual.transformer.resblocks.22.mlp.c_fc.weight
ViT-L-14,DTDVal,0.4488895833492279,93,model.visual.transformer.resblocks.22.mlp.c_proj.weight
ViT-L-14,DTDVal,0.44712886214256287,94,model.visual.transformer.resblocks.23.attn.in_proj_weight
ViT-L-14,DTDVal,0.2390592247247696,95,model.visual.transformer.resblocks.23.attn.out_proj.weight
ViT-L-14,DTDVal,0.48639029264450073,96,model.visual.transformer.resblocks.23.mlp.c_fc.weight
ViT-L-14,DTDVal,0.37311190366744995,97,model.visual.transformer.resblocks.23.mlp.c_proj.weight
ViT-L-14,EuroSATVal,0.0,0,model.text_projection
ViT-L-14,EuroSATVal,0.15504217147827148,1,model.visual.proj
ViT-L-14,EuroSATVal,0.43342292308807373,2,model.visual.transformer.resblocks.0.attn.in_proj_weight
ViT-L-14,EuroSATVal,0.2420472502708435,3,model.visual.transformer.resblocks.0.attn.out_proj.weight
ViT-L-14,EuroSATVal,0.5663886070251465,4,model.visual.transformer.resblocks.0.mlp.c_fc.weight
ViT-L-14,EuroSATVal,0.3685005307197571,5,model.visual.transformer.resblocks.0.mlp.c_proj.weight
ViT-L-14,EuroSATVal,0.48870500922203064,6,model.visual.transformer.resblocks.1.attn.in_proj_weight
ViT-L-14,EuroSATVal,0.23829621076583862,7,model.visual.transformer.resblocks.1.attn.out_proj.weight
ViT-L-14,EuroSATVal,0.49163344502449036,8,model.visual.transformer.resblocks.1.mlp.c_fc.weight
ViT-L-14,EuroSATVal,0.359417587518692,9,model.visual.transformer.resblocks.1.mlp.c_proj.weight
ViT-L-14,EuroSATVal,0.483335942029953,10,model.visual.transformer.resblocks.2.attn.in_proj_weight
ViT-L-14,EuroSATVal,0.23501230776309967,11,model.visual.transformer.resblocks.2.attn.out_proj.weight
ViT-L-14,EuroSATVal,0.48565423488616943,12,model.visual.transformer.resblocks.2.mlp.c_fc.weight
ViT-L-14,EuroSATVal,0.34233447909355164,13,model.visual.transformer.resblocks.2.mlp.c_proj.weight
ViT-L-14,EuroSATVal,0.4654526710510254,14,model.visual.transformer.resblocks.3.attn.in_proj_weight
ViT-L-14,EuroSATVal,0.2285173088312149,15,model.visual.transformer.resblocks.3.attn.out_proj.weight
ViT-L-14,EuroSATVal,0.45384085178375244,16,model.visual.transformer.resblocks.3.mlp.c_fc.weight
ViT-L-14,EuroSATVal,0.31454214453697205,17,model.visual.transformer.resblocks.3.mlp.c_proj.weight
ViT-L-14,EuroSATVal,0.4477790594100952,18,model.visual.transformer.resblocks.4.attn.in_proj_weight
ViT-L-14,EuroSATVal,0.21682199835777283,19,model.visual.transformer.resblocks.4.attn.out_proj.weight
ViT-L-14,EuroSATVal,0.4629196524620056,20,model.visual.transformer.resblocks.4.mlp.c_fc.weight
ViT-L-14,EuroSATVal,0.343982458114624,21,model.visual.transformer.resblocks.4.mlp.c_proj.weight
ViT-L-14,EuroSATVal,0.4309854209423065,22,model.visual.transformer.resblocks.5.attn.in_proj_weight
ViT-L-14,EuroSATVal,0.21696077287197113,23,model.visual.transformer.resblocks.5.attn.out_proj.weight
ViT-L-14,EuroSATVal,0.46161550283432007,24,model.visual.transformer.resblocks.5.mlp.c_fc.weight
ViT-L-14,EuroSATVal,0.3325040936470032,25,model.visual.transformer.resblocks.5.mlp.c_proj.weight
ViT-L-14,EuroSATVal,0.4305984079837799,26,model.visual.transformer.resblocks.6.attn.in_proj_weight
ViT-L-14,EuroSATVal,0.22676584124565125,27,model.visual.transformer.resblocks.6.attn.out_proj.weight
ViT-L-14,EuroSATVal,0.4777717590332031,28,model.visual.transformer.resblocks.6.mlp.c_fc.weight
ViT-L-14,EuroSATVal,0.36586663126945496,29,model.visual.transformer.resblocks.6.mlp.c_proj.weight
ViT-L-14,EuroSATVal,0.4267912805080414,30,model.visual.transformer.resblocks.7.attn.in_proj_weight
ViT-L-14,EuroSATVal,0.21685636043548584,31,model.visual.transformer.resblocks.7.attn.out_proj.weight
ViT-L-14,EuroSATVal,0.498142272233963,32,model.visual.transformer.resblocks.7.mlp.c_fc.weight
ViT-L-14,EuroSATVal,0.3673231601715088,33,model.visual.transformer.resblocks.7.mlp.c_proj.weight
ViT-L-14,EuroSATVal,0.4493710398674011,34,model.visual.transformer.resblocks.8.attn.in_proj_weight
ViT-L-14,EuroSATVal,0.22122123837471008,35,model.visual.transformer.resblocks.8.attn.out_proj.weight
ViT-L-14,EuroSATVal,0.49975576996803284,36,model.visual.transformer.resblocks.8.mlp.c_fc.weight
ViT-L-14,EuroSATVal,0.3753657639026642,37,model.visual.transformer.resblocks.8.mlp.c_proj.weight
ViT-L-14,EuroSATVal,0.464856892824173,38,model.visual.transformer.resblocks.9.attn.in_proj_weight
ViT-L-14,EuroSATVal,0.22567427158355713,39,model.visual.transformer.resblocks.9.attn.out_proj.weight
ViT-L-14,EuroSATVal,0.51219642162323,40,model.visual.transformer.resblocks.9.mlp.c_fc.weight
ViT-L-14,EuroSATVal,0.37681904435157776,41,model.visual.transformer.resblocks.9.mlp.c_proj.weight
ViT-L-14,EuroSATVal,0.4695207476615906,42,model.visual.transformer.resblocks.10.attn.in_proj_weight
ViT-L-14,EuroSATVal,0.23098354041576385,43,model.visual.transformer.resblocks.10.attn.out_proj.weight
ViT-L-14,EuroSATVal,0.5047426819801331,44,model.visual.transformer.resblocks.10.mlp.c_fc.weight
ViT-L-14,EuroSATVal,0.37290850281715393,45,model.visual.transformer.resblocks.10.mlp.c_proj.weight
ViT-L-14,EuroSATVal,0.4575425088405609,46,model.visual.transformer.resblocks.11.attn.in_proj_weight
ViT-L-14,EuroSATVal,0.22071725130081177,47,model.visual.transformer.resblocks.11.attn.out_proj.weight
ViT-L-14,EuroSATVal,0.4879796802997589,48,model.visual.transformer.resblocks.11.mlp.c_fc.weight
ViT-L-14,EuroSATVal,0.3560487627983093,49,model.visual.transformer.resblocks.11.mlp.c_proj.weight
ViT-L-14,EuroSATVal,0.43762415647506714,50,model.visual.transformer.resblocks.12.attn.in_proj_weight
ViT-L-14,EuroSATVal,0.20896631479263306,51,model.visual.transformer.resblocks.12.attn.out_proj.weight
ViT-L-14,EuroSATVal,0.47852057218551636,52,model.visual.transformer.resblocks.12.mlp.c_fc.weight
ViT-L-14,EuroSATVal,0.3433528542518616,53,model.visual.transformer.resblocks.12.mlp.c_proj.weight
ViT-L-14,EuroSATVal,0.44746729731559753,54,model.visual.transformer.resblocks.13.attn.in_proj_weight
ViT-L-14,EuroSATVal,0.2175506204366684,55,model.visual.transformer.resblocks.13.attn.out_proj.weight
ViT-L-14,EuroSATVal,0.4622876048088074,56,model.visual.transformer.resblocks.13.mlp.c_fc.weight
ViT-L-14,EuroSATVal,0.3318178057670593,57,model.visual.transformer.resblocks.13.mlp.c_proj.weight
ViT-L-14,EuroSATVal,0.45269519090652466,58,model.visual.transformer.resblocks.14.attn.in_proj_weight
ViT-L-14,EuroSATVal,0.23477207124233246,59,model.visual.transformer.resblocks.14.attn.out_proj.weight
ViT-L-14,EuroSATVal,0.4576648473739624,60,model.visual.transformer.resblocks.14.mlp.c_fc.weight
ViT-L-14,EuroSATVal,0.3297243118286133,61,model.visual.transformer.resblocks.14.mlp.c_proj.weight
ViT-L-14,EuroSATVal,0.4140138626098633,62,model.visual.transformer.resblocks.15.attn.in_proj_weight
ViT-L-14,EuroSATVal,0.20673778653144836,63,model.visual.transformer.resblocks.15.attn.out_proj.weight
ViT-L-14,EuroSATVal,0.45291709899902344,64,model.visual.transformer.resblocks.15.mlp.c_fc.weight
ViT-L-14,EuroSATVal,0.3376297950744629,65,model.visual.transformer.resblocks.15.mlp.c_proj.weight
ViT-L-14,EuroSATVal,0.4277542233467102,66,model.visual.transformer.resblocks.16.attn.in_proj_weight
ViT-L-14,EuroSATVal,0.21657906472682953,67,model.visual.transformer.resblocks.16.attn.out_proj.weight
ViT-L-14,EuroSATVal,0.45930764079093933,68,model.visual.transformer.resblocks.16.mlp.c_fc.weight
ViT-L-14,EuroSATVal,0.3478069305419922,69,model.visual.transformer.resblocks.16.mlp.c_proj.weight
ViT-L-14,EuroSATVal,0.4143677353858948,70,model.visual.transformer.resblocks.17.attn.in_proj_weight
ViT-L-14,EuroSATVal,0.2140302062034607,71,model.visual.transformer.resblocks.17.attn.out_proj.weight
ViT-L-14,EuroSATVal,0.4658111035823822,72,model.visual.transformer.resblocks.17.mlp.c_fc.weight
ViT-L-14,EuroSATVal,0.3760974109172821,73,model.visual.transformer.resblocks.17.mlp.c_proj.weight
ViT-L-14,EuroSATVal,0.3937528133392334,74,model.visual.transformer.resblocks.18.attn.in_proj_weight
ViT-L-14,EuroSATVal,0.21370382606983185,75,model.visual.transformer.resblocks.18.attn.out_proj.weight
ViT-L-14,EuroSATVal,0.4670258164405823,76,model.visual.transformer.resblocks.18.mlp.c_fc.weight
ViT-L-14,EuroSATVal,0.3863348662853241,77,model.visual.transformer.resblocks.18.mlp.c_proj.weight
ViT-L-14,EuroSATVal,0.39606010913848877,78,model.visual.transformer.resblocks.19.attn.in_proj_weight
ViT-L-14,EuroSATVal,0.20989596843719482,79,model.visual.transformer.resblocks.19.attn.out_proj.weight
ViT-L-14,EuroSATVal,0.46657511591911316,80,model.visual.transformer.resblocks.19.mlp.c_fc.weight
ViT-L-14,EuroSATVal,0.3857712149620056,81,model.visual.transformer.resblocks.19.mlp.c_proj.weight
ViT-L-14,EuroSATVal,0.39520469307899475,82,model.visual.transformer.resblocks.20.attn.in_proj_weight
ViT-L-14,EuroSATVal,0.21137160062789917,83,model.visual.transformer.resblocks.20.attn.out_proj.weight
ViT-L-14,EuroSATVal,0.4668828248977661,84,model.visual.transformer.resblocks.20.mlp.c_fc.weight
ViT-L-14,EuroSATVal,0.3945820927619934,85,model.visual.transformer.resblocks.20.mlp.c_proj.weight
ViT-L-14,EuroSATVal,0.3737981915473938,86,model.visual.transformer.resblocks.21.attn.in_proj_weight
ViT-L-14,EuroSATVal,0.19834233820438385,87,model.visual.transformer.resblocks.21.attn.out_proj.weight
ViT-L-14,EuroSATVal,0.4537966847419739,88,model.visual.transformer.resblocks.21.mlp.c_fc.weight
ViT-L-14,EuroSATVal,0.3810509443283081,89,model.visual.transformer.resblocks.21.mlp.c_proj.weight
ViT-L-14,EuroSATVal,0.35213491320610046,90,model.visual.transformer.resblocks.22.attn.in_proj_weight
ViT-L-14,EuroSATVal,0.1991456001996994,91,model.visual.transformer.resblocks.22.attn.out_proj.weight
ViT-L-14,EuroSATVal,0.4248451888561249,92,model.visual.transformer.resblocks.22.mlp.c_fc.weight
ViT-L-14,EuroSATVal,0.34057191014289856,93,model.visual.transformer.resblocks.22.mlp.c_proj.weight
ViT-L-14,EuroSATVal,0.3700166642665863,94,model.visual.transformer.resblocks.23.attn.in_proj_weight
ViT-L-14,EuroSATVal,0.1977146416902542,95,model.visual.transformer.resblocks.23.attn.out_proj.weight
ViT-L-14,EuroSATVal,0.38556569814682007,96,model.visual.transformer.resblocks.23.mlp.c_fc.weight
ViT-L-14,EuroSATVal,0.21785160899162292,97,model.visual.transformer.resblocks.23.mlp.c_proj.weight
ViT-L-14,GTSRBVal,0.0,0,model.text_projection
ViT-L-14,GTSRBVal,0.24379530549049377,1,model.visual.proj
ViT-L-14,GTSRBVal,0.32460299134254456,2,model.visual.transformer.resblocks.0.attn.in_proj_weight
ViT-L-14,GTSRBVal,0.20693449676036835,3,model.visual.transformer.resblocks.0.attn.out_proj.weight
ViT-L-14,GTSRBVal,0.3366132378578186,4,model.visual.transformer.resblocks.0.mlp.c_fc.weight
ViT-L-14,GTSRBVal,0.31872496008872986,5,model.visual.transformer.resblocks.0.mlp.c_proj.weight
ViT-L-14,GTSRBVal,0.40106937289237976,6,model.visual.transformer.resblocks.1.attn.in_proj_weight
ViT-L-14,GTSRBVal,0.2083524912595749,7,model.visual.transformer.resblocks.1.attn.out_proj.weight
ViT-L-14,GTSRBVal,0.3600844740867615,8,model.visual.transformer.resblocks.1.mlp.c_fc.weight
ViT-L-14,GTSRBVal,0.2945099174976349,9,model.visual.transformer.resblocks.1.mlp.c_proj.weight
ViT-L-14,GTSRBVal,0.39120304584503174,10,model.visual.transformer.resblocks.2.attn.in_proj_weight
ViT-L-14,GTSRBVal,0.20537160336971283,11,model.visual.transformer.resblocks.2.attn.out_proj.weight
ViT-L-14,GTSRBVal,0.36582499742507935,12,model.visual.transformer.resblocks.2.mlp.c_fc.weight
ViT-L-14,GTSRBVal,0.2823390066623688,13,model.visual.transformer.resblocks.2.mlp.c_proj.weight
ViT-L-14,GTSRBVal,0.3632754683494568,14,model.visual.transformer.resblocks.3.attn.in_proj_weight
ViT-L-14,GTSRBVal,0.18612132966518402,15,model.visual.transformer.resblocks.3.attn.out_proj.weight
ViT-L-14,GTSRBVal,0.3453923165798187,16,model.visual.transformer.resblocks.3.mlp.c_fc.weight
ViT-L-14,GTSRBVal,0.26788976788520813,17,model.visual.transformer.resblocks.3.mlp.c_proj.weight
ViT-L-14,GTSRBVal,0.3447646498680115,18,model.visual.transformer.resblocks.4.attn.in_proj_weight
ViT-L-14,GTSRBVal,0.17413578927516937,19,model.visual.transformer.resblocks.4.attn.out_proj.weight
ViT-L-14,GTSRBVal,0.3533587157726288,20,model.visual.transformer.resblocks.4.mlp.c_fc.weight
ViT-L-14,GTSRBVal,0.27357637882232666,21,model.visual.transformer.resblocks.4.mlp.c_proj.weight
ViT-L-14,GTSRBVal,0.32519596815109253,22,model.visual.transformer.resblocks.5.attn.in_proj_weight
ViT-L-14,GTSRBVal,0.16381551325321198,23,model.visual.transformer.resblocks.5.attn.out_proj.weight
ViT-L-14,GTSRBVal,0.35174959897994995,24,model.visual.transformer.resblocks.5.mlp.c_fc.weight
ViT-L-14,GTSRBVal,0.2655497193336487,25,model.visual.transformer.resblocks.5.mlp.c_proj.weight
ViT-L-14,GTSRBVal,0.3163003921508789,26,model.visual.transformer.resblocks.6.attn.in_proj_weight
ViT-L-14,GTSRBVal,0.1695527583360672,27,model.visual.transformer.resblocks.6.attn.out_proj.weight
ViT-L-14,GTSRBVal,0.36118873953819275,28,model.visual.transformer.resblocks.6.mlp.c_fc.weight
ViT-L-14,GTSRBVal,0.29066717624664307,29,model.visual.transformer.resblocks.6.mlp.c_proj.weight
ViT-L-14,GTSRBVal,0.3174023926258087,30,model.visual.transformer.resblocks.7.attn.in_proj_weight
ViT-L-14,GTSRBVal,0.16446122527122498,31,model.visual.transformer.resblocks.7.attn.out_proj.weight
ViT-L-14,GTSRBVal,0.3628128170967102,32,model.visual.transformer.resblocks.7.mlp.c_fc.weight
ViT-L-14,GTSRBVal,0.2880827486515045,33,model.visual.transformer.resblocks.7.mlp.c_proj.weight
ViT-L-14,GTSRBVal,0.3158447742462158,34,model.visual.transformer.resblocks.8.attn.in_proj_weight
ViT-L-14,GTSRBVal,0.16491763293743134,35,model.visual.transformer.resblocks.8.attn.out_proj.weight
ViT-L-14,GTSRBVal,0.35965946316719055,36,model.visual.transformer.resblocks.8.mlp.c_fc.weight
ViT-L-14,GTSRBVal,0.29302576184272766,37,model.visual.transformer.resblocks.8.mlp.c_proj.weight
ViT-L-14,GTSRBVal,0.31233420968055725,38,model.visual.transformer.resblocks.9.attn.in_proj_weight
ViT-L-14,GTSRBVal,0.16228511929512024,39,model.visual.transformer.resblocks.9.attn.out_proj.weight
ViT-L-14,GTSRBVal,0.3590891659259796,40,model.visual.transformer.resblocks.9.mlp.c_fc.weight
ViT-L-14,GTSRBVal,0.2957056164741516,41,model.visual.transformer.resblocks.9.mlp.c_proj.weight
ViT-L-14,GTSRBVal,0.3220966160297394,42,model.visual.transformer.resblocks.10.attn.in_proj_weight
ViT-L-14,GTSRBVal,0.16454529762268066,43,model.visual.transformer.resblocks.10.attn.out_proj.weight
ViT-L-14,GTSRBVal,0.35217714309692383,44,model.visual.transformer.resblocks.10.mlp.c_fc.weight
ViT-L-14,GTSRBVal,0.2849281132221222,45,model.visual.transformer.resblocks.10.mlp.c_proj.weight
ViT-L-14,GTSRBVal,0.311934232711792,46,model.visual.transformer.resblocks.11.attn.in_proj_weight
ViT-L-14,GTSRBVal,0.15690644085407257,47,model.visual.transformer.resblocks.11.attn.out_proj.weight
ViT-L-14,GTSRBVal,0.35092246532440186,48,model.visual.transformer.resblocks.11.mlp.c_fc.weight
ViT-L-14,GTSRBVal,0.2758236825466156,49,model.visual.transformer.resblocks.11.mlp.c_proj.weight
ViT-L-14,GTSRBVal,0.3099081516265869,50,model.visual.transformer.resblocks.12.attn.in_proj_weight
ViT-L-14,GTSRBVal,0.156799778342247,51,model.visual.transformer.resblocks.12.attn.out_proj.weight
ViT-L-14,GTSRBVal,0.3516363799571991,52,model.visual.transformer.resblocks.12.mlp.c_fc.weight
ViT-L-14,GTSRBVal,0.27513739466667175,53,model.visual.transformer.resblocks.12.mlp.c_proj.weight
ViT-L-14,GTSRBVal,0.3302452266216278,54,model.visual.transformer.resblocks.13.attn.in_proj_weight
ViT-L-14,GTSRBVal,0.16859203577041626,55,model.visual.transformer.resblocks.13.attn.out_proj.weight
ViT-L-14,GTSRBVal,0.34330642223358154,56,model.visual.transformer.resblocks.13.mlp.c_fc.weight
ViT-L-14,GTSRBVal,0.27279406785964966,57,model.visual.transformer.resblocks.13.mlp.c_proj.weight
ViT-L-14,GTSRBVal,0.3231830298900604,58,model.visual.transformer.resblocks.14.attn.in_proj_weight
ViT-L-14,GTSRBVal,0.17016617953777313,59,model.visual.transformer.resblocks.14.attn.out_proj.weight
ViT-L-14,GTSRBVal,0.341252863407135,60,model.visual.transformer.resblocks.14.mlp.c_fc.weight
ViT-L-14,GTSRBVal,0.2787955403327942,61,model.visual.transformer.resblocks.14.mlp.c_proj.weight
ViT-L-14,GTSRBVal,0.29920661449432373,62,model.visual.transformer.resblocks.15.attn.in_proj_weight
ViT-L-14,GTSRBVal,0.1584332436323166,63,model.visual.transformer.resblocks.15.attn.out_proj.weight
ViT-L-14,GTSRBVal,0.3463364541530609,64,model.visual.transformer.resblocks.15.mlp.c_fc.weight
ViT-L-14,GTSRBVal,0.28034791350364685,65,model.visual.transformer.resblocks.15.mlp.c_proj.weight
ViT-L-14,GTSRBVal,0.2973732650279999,66,model.visual.transformer.resblocks.16.attn.in_proj_weight
ViT-L-14,GTSRBVal,0.1626361459493637,67,model.visual.transformer.resblocks.16.attn.out_proj.weight
ViT-L-14,GTSRBVal,0.34563276171684265,68,model.visual.transformer.resblocks.16.mlp.c_fc.weight
ViT-L-14,GTSRBVal,0.28774532675743103,69,model.visual.transformer.resblocks.16.mlp.c_proj.weight
ViT-L-14,GTSRBVal,0.29581406712532043,70,model.visual.transformer.resblocks.17.attn.in_proj_weight
ViT-L-14,GTSRBVal,0.1606120765209198,71,model.visual.transformer.resblocks.17.attn.out_proj.weight
ViT-L-14,GTSRBVal,0.3422906994819641,72,model.visual.transformer.resblocks.17.mlp.c_fc.weight
ViT-L-14,GTSRBVal,0.29990488290786743,73,model.visual.transformer.resblocks.17.mlp.c_proj.weight
ViT-L-14,GTSRBVal,0.28802740573883057,74,model.visual.transformer.resblocks.18.attn.in_proj_weight
ViT-L-14,GTSRBVal,0.15562330186367035,75,model.visual.transformer.resblocks.18.attn.out_proj.weight
ViT-L-14,GTSRBVal,0.36133044958114624,76,model.visual.transformer.resblocks.18.mlp.c_fc.weight
ViT-L-14,GTSRBVal,0.32380440831184387,77,model.visual.transformer.resblocks.18.mlp.c_proj.weight
ViT-L-14,GTSRBVal,0.305166631937027,78,model.visual.transformer.resblocks.19.attn.in_proj_weight
ViT-L-14,GTSRBVal,0.17032885551452637,79,model.visual.transformer.resblocks.19.attn.out_proj.weight
ViT-L-14,GTSRBVal,0.36107441782951355,80,model.visual.transformer.resblocks.19.mlp.c_fc.weight
ViT-L-14,GTSRBVal,0.32707586884498596,81,model.visual.transformer.resblocks.19.mlp.c_proj.weight
ViT-L-14,GTSRBVal,0.32729247212409973,82,model.visual.transformer.resblocks.20.attn.in_proj_weight
ViT-L-14,GTSRBVal,0.19342844188213348,83,model.visual.transformer.resblocks.20.attn.out_proj.weight
ViT-L-14,GTSRBVal,0.3842727243900299,84,model.visual.transformer.resblocks.20.mlp.c_fc.weight
ViT-L-14,GTSRBVal,0.35537081956863403,85,model.visual.transformer.resblocks.20.mlp.c_proj.weight
ViT-L-14,GTSRBVal,0.34116843342781067,86,model.visual.transformer.resblocks.21.attn.in_proj_weight
ViT-L-14,GTSRBVal,0.21031759679317474,87,model.visual.transformer.resblocks.21.attn.out_proj.weight
ViT-L-14,GTSRBVal,0.41662129759788513,88,model.visual.transformer.resblocks.21.mlp.c_fc.weight
ViT-L-14,GTSRBVal,0.3937055468559265,89,model.visual.transformer.resblocks.21.mlp.c_proj.weight
ViT-L-14,GTSRBVal,0.34583115577697754,90,model.visual.transformer.resblocks.22.attn.in_proj_weight
ViT-L-14,GTSRBVal,0.23306912183761597,91,model.visual.transformer.resblocks.22.attn.out_proj.weight
ViT-L-14,GTSRBVal,0.44295480847358704,92,model.visual.transformer.resblocks.22.mlp.c_fc.weight
ViT-L-14,GTSRBVal,0.4053366780281067,93,model.visual.transformer.resblocks.22.mlp.c_proj.weight
ViT-L-14,GTSRBVal,0.4115963578224182,94,model.visual.transformer.resblocks.23.attn.in_proj_weight
ViT-L-14,GTSRBVal,0.30264997482299805,95,model.visual.transformer.resblocks.23.attn.out_proj.weight
ViT-L-14,GTSRBVal,0.6262701749801636,96,model.visual.transformer.resblocks.23.mlp.c_fc.weight
ViT-L-14,GTSRBVal,0.3669159710407257,97,model.visual.transformer.resblocks.23.mlp.c_proj.weight
ViT-L-14,MNISTVal,0.0,0,model.text_projection
ViT-L-14,MNISTVal,0.2509247362613678,1,model.visual.proj
ViT-L-14,MNISTVal,0.42150750756263733,2,model.visual.transformer.resblocks.0.attn.in_proj_weight
ViT-L-14,MNISTVal,0.24689273536205292,3,model.visual.transformer.resblocks.0.attn.out_proj.weight
ViT-L-14,MNISTVal,0.5036792755126953,4,model.visual.transformer.resblocks.0.mlp.c_fc.weight
ViT-L-14,MNISTVal,0.3994901478290558,5,model.visual.transformer.resblocks.0.mlp.c_proj.weight
ViT-L-14,MNISTVal,0.519231915473938,6,model.visual.transformer.resblocks.1.attn.in_proj_weight
ViT-L-14,MNISTVal,0.258075475692749,7,model.visual.transformer.resblocks.1.attn.out_proj.weight
ViT-L-14,MNISTVal,0.4408073127269745,8,model.visual.transformer.resblocks.1.mlp.c_fc.weight
ViT-L-14,MNISTVal,0.3497021198272705,9,model.visual.transformer.resblocks.1.mlp.c_proj.weight
ViT-L-14,MNISTVal,0.5483330488204956,10,model.visual.transformer.resblocks.2.attn.in_proj_weight
ViT-L-14,MNISTVal,0.24394288659095764,11,model.visual.transformer.resblocks.2.attn.out_proj.weight
ViT-L-14,MNISTVal,0.44959336519241333,12,model.visual.transformer.resblocks.2.mlp.c_fc.weight
ViT-L-14,MNISTVal,0.29332712292671204,13,model.visual.transformer.resblocks.2.mlp.c_proj.weight
ViT-L-14,MNISTVal,0.4752807915210724,14,model.visual.transformer.resblocks.3.attn.in_proj_weight
ViT-L-14,MNISTVal,0.22849194705486298,15,model.visual.transformer.resblocks.3.attn.out_proj.weight
ViT-L-14,MNISTVal,0.4297151267528534,16,model.visual.transformer.resblocks.3.mlp.c_fc.weight
ViT-L-14,MNISTVal,0.28643080592155457,17,model.visual.transformer.resblocks.3.mlp.c_proj.weight
ViT-L-14,MNISTVal,0.4474487006664276,18,model.visual.transformer.resblocks.4.attn.in_proj_weight
ViT-L-14,MNISTVal,0.2138187438249588,19,model.visual.transformer.resblocks.4.attn.out_proj.weight
ViT-L-14,MNISTVal,0.43662041425704956,20,model.visual.transformer.resblocks.4.mlp.c_fc.weight
ViT-L-14,MNISTVal,0.2927968502044678,21,model.visual.transformer.resblocks.4.mlp.c_proj.weight
ViT-L-14,MNISTVal,0.41600340604782104,22,model.visual.transformer.resblocks.5.attn.in_proj_weight
ViT-L-14,MNISTVal,0.2013331949710846,23,model.visual.transformer.resblocks.5.attn.out_proj.weight
ViT-L-14,MNISTVal,0.4353044331073761,24,model.visual.transformer.resblocks.5.mlp.c_fc.weight
ViT-L-14,MNISTVal,0.3069636821746826,25,model.visual.transformer.resblocks.5.mlp.c_proj.weight
ViT-L-14,MNISTVal,0.41023823618888855,26,model.visual.transformer.resblocks.6.attn.in_proj_weight
ViT-L-14,MNISTVal,0.2008054554462433,27,model.visual.transformer.resblocks.6.attn.out_proj.weight
ViT-L-14,MNISTVal,0.4448310136795044,28,model.visual.transformer.resblocks.6.mlp.c_fc.weight
ViT-L-14,MNISTVal,0.33604055643081665,29,model.visual.transformer.resblocks.6.mlp.c_proj.weight
ViT-L-14,MNISTVal,0.4072929620742798,30,model.visual.transformer.resblocks.7.attn.in_proj_weight
ViT-L-14,MNISTVal,0.19668295979499817,31,model.visual.transformer.resblocks.7.attn.out_proj.weight
ViT-L-14,MNISTVal,0.4423728287220001,32,model.visual.transformer.resblocks.7.mlp.c_fc.weight
ViT-L-14,MNISTVal,0.3355947434902191,33,model.visual.transformer.resblocks.7.mlp.c_proj.weight
ViT-L-14,MNISTVal,0.4023558497428894,34,model.visual.transformer.resblocks.8.attn.in_proj_weight
ViT-L-14,MNISTVal,0.19404937326908112,35,model.visual.transformer.resblocks.8.attn.out_proj.weight
ViT-L-14,MNISTVal,0.4425197243690491,36,model.visual.transformer.resblocks.8.mlp.c_fc.weight
ViT-L-14,MNISTVal,0.33691224455833435,37,model.visual.transformer.resblocks.8.mlp.c_proj.weight
ViT-L-14,MNISTVal,0.39872297644615173,38,model.visual.transformer.resblocks.9.attn.in_proj_weight
ViT-L-14,MNISTVal,0.18919219076633453,39,model.visual.transformer.resblocks.9.attn.out_proj.weight
ViT-L-14,MNISTVal,0.4443552494049072,40,model.visual.transformer.resblocks.9.mlp.c_fc.weight
ViT-L-14,MNISTVal,0.345148503780365,41,model.visual.transformer.resblocks.9.mlp.c_proj.weight
ViT-L-14,MNISTVal,0.41452744603157043,42,model.visual.transformer.resblocks.10.attn.in_proj_weight
ViT-L-14,MNISTVal,0.19922977685928345,43,model.visual.transformer.resblocks.10.attn.out_proj.weight
ViT-L-14,MNISTVal,0.45236483216285706,44,model.visual.transformer.resblocks.10.mlp.c_fc.weight
ViT-L-14,MNISTVal,0.3514002561569214,45,model.visual.transformer.resblocks.10.mlp.c_proj.weight
ViT-L-14,MNISTVal,0.4170248210430145,46,model.visual.transformer.resblocks.11.attn.in_proj_weight
ViT-L-14,MNISTVal,0.1988602578639984,47,model.visual.transformer.resblocks.11.attn.out_proj.weight
ViT-L-14,MNISTVal,0.4593833386898041,48,model.visual.transformer.resblocks.11.mlp.c_fc.weight
ViT-L-14,MNISTVal,0.34662559628486633,49,model.visual.transformer.resblocks.11.mlp.c_proj.weight
ViT-L-14,MNISTVal,0.3953927755355835,50,model.visual.transformer.resblocks.12.attn.in_proj_weight
ViT-L-14,MNISTVal,0.18901611864566803,51,model.visual.transformer.resblocks.12.attn.out_proj.weight
ViT-L-14,MNISTVal,0.4464852511882782,52,model.visual.transformer.resblocks.12.mlp.c_fc.weight
ViT-L-14,MNISTVal,0.3341295123100281,53,model.visual.transformer.resblocks.12.mlp.c_proj.weight
ViT-L-14,MNISTVal,0.4126681685447693,54,model.visual.transformer.resblocks.13.attn.in_proj_weight
ViT-L-14,MNISTVal,0.20017088949680328,55,model.visual.transformer.resblocks.13.attn.out_proj.weight
ViT-L-14,MNISTVal,0.42612773180007935,56,model.visual.transformer.resblocks.13.mlp.c_fc.weight
ViT-L-14,MNISTVal,0.3084253966808319,57,model.visual.transformer.resblocks.13.mlp.c_proj.weight
ViT-L-14,MNISTVal,0.38249433040618896,58,model.visual.transformer.resblocks.14.attn.in_proj_weight
ViT-L-14,MNISTVal,0.19745200872421265,59,model.visual.transformer.resblocks.14.attn.out_proj.weight
ViT-L-14,MNISTVal,0.41225549578666687,60,model.visual.transformer.resblocks.14.mlp.c_fc.weight
ViT-L-14,MNISTVal,0.3149796724319458,61,model.visual.transformer.resblocks.14.mlp.c_proj.weight
ViT-L-14,MNISTVal,0.33529382944107056,62,model.visual.transformer.resblocks.15.attn.in_proj_weight
ViT-L-14,MNISTVal,0.17119090259075165,63,model.visual.transformer.resblocks.15.attn.out_proj.weight
ViT-L-14,MNISTVal,0.4142696261405945,64,model.visual.transformer.resblocks.15.mlp.c_fc.weight
ViT-L-14,MNISTVal,0.3165050148963928,65,model.visual.transformer.resblocks.15.mlp.c_proj.weight
ViT-L-14,MNISTVal,0.3162786662578583,66,model.visual.transformer.resblocks.16.attn.in_proj_weight
ViT-L-14,MNISTVal,0.16122829914093018,67,model.visual.transformer.resblocks.16.attn.out_proj.weight
ViT-L-14,MNISTVal,0.4042944610118866,68,model.visual.transformer.resblocks.16.mlp.c_fc.weight
ViT-L-14,MNISTVal,0.3259510099887848,69,model.visual.transformer.resblocks.16.mlp.c_proj.weight
ViT-L-14,MNISTVal,0.3096200227737427,70,model.visual.transformer.resblocks.17.attn.in_proj_weight
ViT-L-14,MNISTVal,0.16432136297225952,71,model.visual.transformer.resblocks.17.attn.out_proj.weight
ViT-L-14,MNISTVal,0.40945759415626526,72,model.visual.transformer.resblocks.17.mlp.c_fc.weight
ViT-L-14,MNISTVal,0.3429471552371979,73,model.visual.transformer.resblocks.17.mlp.c_proj.weight
ViT-L-14,MNISTVal,0.3042058050632477,74,model.visual.transformer.resblocks.18.attn.in_proj_weight
ViT-L-14,MNISTVal,0.16471578180789948,75,model.visual.transformer.resblocks.18.attn.out_proj.weight
ViT-L-14,MNISTVal,0.3942401111125946,76,model.visual.transformer.resblocks.18.mlp.c_fc.weight
ViT-L-14,MNISTVal,0.3411584198474884,77,model.visual.transformer.resblocks.18.mlp.c_proj.weight
ViT-L-14,MNISTVal,0.32866644859313965,78,model.visual.transformer.resblocks.19.attn.in_proj_weight
ViT-L-14,MNISTVal,0.17104031145572662,79,model.visual.transformer.resblocks.19.attn.out_proj.weight
ViT-L-14,MNISTVal,0.4075870215892792,80,model.visual.transformer.resblocks.19.mlp.c_fc.weight
ViT-L-14,MNISTVal,0.35380834341049194,81,model.visual.transformer.resblocks.19.mlp.c_proj.weight
ViT-L-14,MNISTVal,0.3476519286632538,82,model.visual.transformer.resblocks.20.attn.in_proj_weight
ViT-L-14,MNISTVal,0.18838290870189667,83,model.visual.transformer.resblocks.20.attn.out_proj.weight
ViT-L-14,MNISTVal,0.4055314064025879,84,model.visual.transformer.resblocks.20.mlp.c_fc.weight
ViT-L-14,MNISTVal,0.3591375946998596,85,model.visual.transformer.resblocks.20.mlp.c_proj.weight
ViT-L-14,MNISTVal,0.3495740294456482,86,model.visual.transformer.resblocks.21.attn.in_proj_weight
ViT-L-14,MNISTVal,0.18848605453968048,87,model.visual.transformer.resblocks.21.attn.out_proj.weight
ViT-L-14,MNISTVal,0.4137226343154907,88,model.visual.transformer.resblocks.21.mlp.c_fc.weight
ViT-L-14,MNISTVal,0.36832505464553833,89,model.visual.transformer.resblocks.21.mlp.c_proj.weight
ViT-L-14,MNISTVal,0.3679603636264801,90,model.visual.transformer.resblocks.22.attn.in_proj_weight
ViT-L-14,MNISTVal,0.2155301570892334,91,model.visual.transformer.resblocks.22.attn.out_proj.weight
ViT-L-14,MNISTVal,0.42520931363105774,92,model.visual.transformer.resblocks.22.mlp.c_fc.weight
ViT-L-14,MNISTVal,0.36894920468330383,93,model.visual.transformer.resblocks.22.mlp.c_proj.weight
ViT-L-14,MNISTVal,0.47952035069465637,94,model.visual.transformer.resblocks.23.attn.in_proj_weight
ViT-L-14,MNISTVal,0.29666760563850403,95,model.visual.transformer.resblocks.23.attn.out_proj.weight
ViT-L-14,MNISTVal,0.5739415287971497,96,model.visual.transformer.resblocks.23.mlp.c_fc.weight
ViT-L-14,MNISTVal,0.3356504440307617,97,model.visual.transformer.resblocks.23.mlp.c_proj.weight
ViT-L-14,SVHNVal,0.0,0,model.text_projection
ViT-L-14,SVHNVal,0.2407621294260025,1,model.visual.proj
ViT-L-14,SVHNVal,0.47911059856414795,2,model.visual.transformer.resblocks.0.attn.in_proj_weight
ViT-L-14,SVHNVal,0.2907947897911072,3,model.visual.transformer.resblocks.0.attn.out_proj.weight
ViT-L-14,SVHNVal,0.5461575984954834,4,model.visual.transformer.resblocks.0.mlp.c_fc.weight
ViT-L-14,SVHNVal,0.4211147725582123,5,model.visual.transformer.resblocks.0.mlp.c_proj.weight
ViT-L-14,SVHNVal,0.5950008034706116,6,model.visual.transformer.resblocks.1.attn.in_proj_weight
ViT-L-14,SVHNVal,0.2841830551624298,7,model.visual.transformer.resblocks.1.attn.out_proj.weight
ViT-L-14,SVHNVal,0.5612379312515259,8,model.visual.transformer.resblocks.1.mlp.c_fc.weight
ViT-L-14,SVHNVal,0.4074215292930603,9,model.visual.transformer.resblocks.1.mlp.c_proj.weight
ViT-L-14,SVHNVal,0.5788751244544983,10,model.visual.transformer.resblocks.2.attn.in_proj_weight
ViT-L-14,SVHNVal,0.27933135628700256,11,model.visual.transformer.resblocks.2.attn.out_proj.weight
ViT-L-14,SVHNVal,0.5553134083747864,12,model.visual.transformer.resblocks.2.mlp.c_fc.weight
ViT-L-14,SVHNVal,0.37804341316223145,13,model.visual.transformer.resblocks.2.mlp.c_proj.weight
ViT-L-14,SVHNVal,0.5730755925178528,14,model.visual.transformer.resblocks.3.attn.in_proj_weight
ViT-L-14,SVHNVal,0.2662355899810791,15,model.visual.transformer.resblocks.3.attn.out_proj.weight
ViT-L-14,SVHNVal,0.5194263458251953,16,model.visual.transformer.resblocks.3.mlp.c_fc.weight
ViT-L-14,SVHNVal,0.34795403480529785,17,model.visual.transformer.resblocks.3.mlp.c_proj.weight
ViT-L-14,SVHNVal,0.5250610709190369,18,model.visual.transformer.resblocks.4.attn.in_proj_weight
ViT-L-14,SVHNVal,0.2446909099817276,19,model.visual.transformer.resblocks.4.attn.out_proj.weight
ViT-L-14,SVHNVal,0.5323814749717712,20,model.visual.transformer.resblocks.4.mlp.c_fc.weight
ViT-L-14,SVHNVal,0.3555505871772766,21,model.visual.transformer.resblocks.4.mlp.c_proj.weight
ViT-L-14,SVHNVal,0.5328274965286255,22,model.visual.transformer.resblocks.5.attn.in_proj_weight
ViT-L-14,SVHNVal,0.24560385942459106,23,model.visual.transformer.resblocks.5.attn.out_proj.weight
ViT-L-14,SVHNVal,0.5365308523178101,24,model.visual.transformer.resblocks.5.mlp.c_fc.weight
ViT-L-14,SVHNVal,0.3694287836551666,25,model.visual.transformer.resblocks.5.mlp.c_proj.weight
ViT-L-14,SVHNVal,0.5293741226196289,26,model.visual.transformer.resblocks.6.attn.in_proj_weight
ViT-L-14,SVHNVal,0.24414372444152832,27,model.visual.transformer.resblocks.6.attn.out_proj.weight
ViT-L-14,SVHNVal,0.5385785102844238,28,model.visual.transformer.resblocks.6.mlp.c_fc.weight
ViT-L-14,SVHNVal,0.39800769090652466,29,model.visual.transformer.resblocks.6.mlp.c_proj.weight
ViT-L-14,SVHNVal,0.5176349878311157,30,model.visual.transformer.resblocks.7.attn.in_proj_weight
ViT-L-14,SVHNVal,0.24398601055145264,31,model.visual.transformer.resblocks.7.attn.out_proj.weight
ViT-L-14,SVHNVal,0.557818591594696,32,model.visual.transformer.resblocks.7.mlp.c_fc.weight
ViT-L-14,SVHNVal,0.40694546699523926,33,model.visual.transformer.resblocks.7.mlp.c_proj.weight
ViT-L-14,SVHNVal,0.521115779876709,34,model.visual.transformer.resblocks.8.attn.in_proj_weight
ViT-L-14,SVHNVal,0.2430294007062912,35,model.visual.transformer.resblocks.8.attn.out_proj.weight
ViT-L-14,SVHNVal,0.5699421763420105,36,model.visual.transformer.resblocks.8.mlp.c_fc.weight
ViT-L-14,SVHNVal,0.4342474639415741,37,model.visual.transformer.resblocks.8.mlp.c_proj.weight
ViT-L-14,SVHNVal,0.522373616695404,38,model.visual.transformer.resblocks.9.attn.in_proj_weight
ViT-L-14,SVHNVal,0.2405243068933487,39,model.visual.transformer.resblocks.9.attn.out_proj.weight
ViT-L-14,SVHNVal,0.5726476907730103,40,model.visual.transformer.resblocks.9.mlp.c_fc.weight
ViT-L-14,SVHNVal,0.4327261745929718,41,model.visual.transformer.resblocks.9.mlp.c_proj.weight
ViT-L-14,SVHNVal,0.5174722075462341,42,model.visual.transformer.resblocks.10.attn.in_proj_weight
ViT-L-14,SVHNVal,0.24222196638584137,43,model.visual.transformer.resblocks.10.attn.out_proj.weight
ViT-L-14,SVHNVal,0.570319652557373,44,model.visual.transformer.resblocks.10.mlp.c_fc.weight
ViT-L-14,SVHNVal,0.4222637116909027,45,model.visual.transformer.resblocks.10.mlp.c_proj.weight
ViT-L-14,SVHNVal,0.5152446031570435,46,model.visual.transformer.resblocks.11.attn.in_proj_weight
ViT-L-14,SVHNVal,0.2273450642824173,47,model.visual.transformer.resblocks.11.attn.out_proj.weight
ViT-L-14,SVHNVal,0.5546159744262695,48,model.visual.transformer.resblocks.11.mlp.c_fc.weight
ViT-L-14,SVHNVal,0.4008616805076599,49,model.visual.transformer.resblocks.11.mlp.c_proj.weight
ViT-L-14,SVHNVal,0.49900034070014954,50,model.visual.transformer.resblocks.12.attn.in_proj_weight
ViT-L-14,SVHNVal,0.21728582680225372,51,model.visual.transformer.resblocks.12.attn.out_proj.weight
ViT-L-14,SVHNVal,0.5230739116668701,52,model.visual.transformer.resblocks.12.mlp.c_fc.weight
ViT-L-14,SVHNVal,0.36971014738082886,53,model.visual.transformer.resblocks.12.mlp.c_proj.weight
ViT-L-14,SVHNVal,0.5128020644187927,54,model.visual.transformer.resblocks.13.attn.in_proj_weight
ViT-L-14,SVHNVal,0.23700621724128723,55,model.visual.transformer.resblocks.13.attn.out_proj.weight
ViT-L-14,SVHNVal,0.5019964575767517,56,model.visual.transformer.resblocks.13.mlp.c_fc.weight
ViT-L-14,SVHNVal,0.3364632725715637,57,model.visual.transformer.resblocks.13.mlp.c_proj.weight
ViT-L-14,SVHNVal,0.4770992696285248,58,model.visual.transformer.resblocks.14.attn.in_proj_weight
ViT-L-14,SVHNVal,0.2328653335571289,59,model.visual.transformer.resblocks.14.attn.out_proj.weight
ViT-L-14,SVHNVal,0.4763462543487549,60,model.visual.transformer.resblocks.14.mlp.c_fc.weight
ViT-L-14,SVHNVal,0.3379467725753784,61,model.visual.transformer.resblocks.14.mlp.c_proj.weight
ViT-L-14,SVHNVal,0.4319677948951721,62,model.visual.transformer.resblocks.15.attn.in_proj_weight
ViT-L-14,SVHNVal,0.2138959914445877,63,model.visual.transformer.resblocks.15.attn.out_proj.weight
ViT-L-14,SVHNVal,0.47473931312561035,64,model.visual.transformer.resblocks.15.mlp.c_fc.weight
ViT-L-14,SVHNVal,0.33983996510505676,65,model.visual.transformer.resblocks.15.mlp.c_proj.weight
ViT-L-14,SVHNVal,0.41213756799697876,66,model.visual.transformer.resblocks.16.attn.in_proj_weight
ViT-L-14,SVHNVal,0.20846925675868988,67,model.visual.transformer.resblocks.16.attn.out_proj.weight
ViT-L-14,SVHNVal,0.4664316177368164,68,model.visual.transformer.resblocks.16.mlp.c_fc.weight
ViT-L-14,SVHNVal,0.3551603853702545,69,model.visual.transformer.resblocks.16.mlp.c_proj.weight
ViT-L-14,SVHNVal,0.4051189124584198,70,model.visual.transformer.resblocks.17.attn.in_proj_weight
ViT-L-14,SVHNVal,0.20166197419166565,71,model.visual.transformer.resblocks.17.attn.out_proj.weight
ViT-L-14,SVHNVal,0.4674850106239319,72,model.visual.transformer.resblocks.17.mlp.c_fc.weight
ViT-L-14,SVHNVal,0.3725772798061371,73,model.visual.transformer.resblocks.17.mlp.c_proj.weight
ViT-L-14,SVHNVal,0.3894282281398773,74,model.visual.transformer.resblocks.18.attn.in_proj_weight
ViT-L-14,SVHNVal,0.20195645093917847,75,model.visual.transformer.resblocks.18.attn.out_proj.weight
ViT-L-14,SVHNVal,0.4706152677536011,76,model.visual.transformer.resblocks.18.mlp.c_fc.weight
ViT-L-14,SVHNVal,0.3829374611377716,77,model.visual.transformer.resblocks.18.mlp.c_proj.weight
ViT-L-14,SVHNVal,0.38994523882865906,78,model.visual.transformer.resblocks.19.attn.in_proj_weight
ViT-L-14,SVHNVal,0.19527700543403625,79,model.visual.transformer.resblocks.19.attn.out_proj.weight
ViT-L-14,SVHNVal,0.4717566967010498,80,model.visual.transformer.resblocks.19.mlp.c_fc.weight
ViT-L-14,SVHNVal,0.3837093710899353,81,model.visual.transformer.resblocks.19.mlp.c_proj.weight
ViT-L-14,SVHNVal,0.4093797206878662,82,model.visual.transformer.resblocks.20.attn.in_proj_weight
ViT-L-14,SVHNVal,0.20870567858219147,83,model.visual.transformer.resblocks.20.attn.out_proj.weight
ViT-L-14,SVHNVal,0.46032363176345825,84,model.visual.transformer.resblocks.20.mlp.c_fc.weight
ViT-L-14,SVHNVal,0.382352739572525,85,model.visual.transformer.resblocks.20.mlp.c_proj.weight
ViT-L-14,SVHNVal,0.40993252396583557,86,model.visual.transformer.resblocks.21.attn.in_proj_weight
ViT-L-14,SVHNVal,0.20780982077121735,87,model.visual.transformer.resblocks.21.attn.out_proj.weight
ViT-L-14,SVHNVal,0.4697883427143097,88,model.visual.transformer.resblocks.21.mlp.c_fc.weight
ViT-L-14,SVHNVal,0.3879435658454895,89,model.visual.transformer.resblocks.21.mlp.c_proj.weight
ViT-L-14,SVHNVal,0.3860601484775543,90,model.visual.transformer.resblocks.22.attn.in_proj_weight
ViT-L-14,SVHNVal,0.2374107390642166,91,model.visual.transformer.resblocks.22.attn.out_proj.weight
ViT-L-14,SVHNVal,0.47424596548080444,92,model.visual.transformer.resblocks.22.mlp.c_fc.weight
ViT-L-14,SVHNVal,0.37778738141059875,93,model.visual.transformer.resblocks.22.mlp.c_proj.weight
ViT-L-14,SVHNVal,0.5463783144950867,94,model.visual.transformer.resblocks.23.attn.in_proj_weight
ViT-L-14,SVHNVal,0.32975488901138306,95,model.visual.transformer.resblocks.23.attn.out_proj.weight
ViT-L-14,SVHNVal,0.590930163860321,96,model.visual.transformer.resblocks.23.mlp.c_fc.weight
ViT-L-14,SVHNVal,0.28770890831947327,97,model.visual.transformer.resblocks.23.mlp.c_proj.weight
t5-base,qasc,2.8277947902679443,0,transformer.shared.weight
t5-base,qasc,0.7087554335594177,1,transformer.encoder.block.0.layer.0.SelfAttention.q.weight
t5-base,qasc,0.7307164669036865,2,transformer.encoder.block.0.layer.0.SelfAttention.k.weight
t5-base,qasc,0.7578640580177307,3,transformer.encoder.block.0.layer.0.SelfAttention.v.weight
t5-base,qasc,0.7576137781143188,4,transformer.encoder.block.0.layer.0.SelfAttention.o.weight
t5-base,qasc,0.024261871352791786,5,transformer.encoder.block.0.layer.0.SelfAttention.relative_attention_bias.weight
t5-base,qasc,1.4589591026306152,6,transformer.encoder.block.0.layer.1.DenseReluDense.wi.weight
t5-base,qasc,1.5378650426864624,7,transformer.encoder.block.0.layer.1.DenseReluDense.wo.weight
t5-base,qasc,0.6984001994132996,8,transformer.encoder.block.1.layer.0.SelfAttention.q.weight
t5-base,qasc,0.7074118256568909,9,transformer.encoder.block.1.layer.0.SelfAttention.k.weight
t5-base,qasc,0.7551661133766174,10,transformer.encoder.block.1.layer.0.SelfAttention.v.weight
t5-base,qasc,0.7572433352470398,11,transformer.encoder.block.1.layer.0.SelfAttention.o.weight
t5-base,qasc,1.4430060386657715,12,transformer.encoder.block.1.layer.1.DenseReluDense.wi.weight
t5-base,qasc,1.547121524810791,13,transformer.encoder.block.1.layer.1.DenseReluDense.wo.weight
t5-base,qasc,0.7331548929214478,14,transformer.encoder.block.2.layer.0.SelfAttention.q.weight
t5-base,qasc,0.7443943023681641,15,transformer.encoder.block.2.layer.0.SelfAttention.k.weight
t5-base,qasc,0.776576578617096,16,transformer.encoder.block.2.layer.0.SelfAttention.v.weight
t5-base,qasc,0.7585505247116089,17,transformer.encoder.block.2.layer.0.SelfAttention.o.weight
t5-base,qasc,1.4129103422164917,18,transformer.encoder.block.2.layer.1.DenseReluDense.wi.weight
t5-base,qasc,1.5044300556182861,19,transformer.encoder.block.2.layer.1.DenseReluDense.wo.weight
t5-base,qasc,0.7447096705436707,20,transformer.encoder.block.3.layer.0.SelfAttention.q.weight
t5-base,qasc,0.7667921781539917,21,transformer.encoder.block.3.layer.0.SelfAttention.k.weight
t5-base,qasc,0.7846792936325073,22,transformer.encoder.block.3.layer.0.SelfAttention.v.weight
t5-base,qasc,0.7604783177375793,23,transformer.encoder.block.3.layer.0.SelfAttention.o.weight
t5-base,qasc,1.4361745119094849,24,transformer.encoder.block.3.layer.1.DenseReluDense.wi.weight
t5-base,qasc,1.5164920091629028,25,transformer.encoder.block.3.layer.1.DenseReluDense.wo.weight
t5-base,qasc,0.7415087223052979,26,transformer.encoder.block.4.layer.0.SelfAttention.q.weight
t5-base,qasc,0.7561603784561157,27,transformer.encoder.block.4.layer.0.SelfAttention.k.weight
t5-base,qasc,0.776095986366272,28,transformer.encoder.block.4.layer.0.SelfAttention.v.weight
t5-base,qasc,0.7623531818389893,29,transformer.encoder.block.4.layer.0.SelfAttention.o.weight
t5-base,qasc,1.4350231885910034,30,transformer.encoder.block.4.layer.1.DenseReluDense.wi.weight
t5-base,qasc,1.4917237758636475,31,transformer.encoder.block.4.layer.1.DenseReluDense.wo.weight
t5-base,qasc,0.7132217884063721,32,transformer.encoder.block.5.layer.0.SelfAttention.q.weight
t5-base,qasc,0.7352054715156555,33,transformer.encoder.block.5.layer.0.SelfAttention.k.weight
t5-base,qasc,0.7873430848121643,34,transformer.encoder.block.5.layer.0.SelfAttention.v.weight
t5-base,qasc,0.7671200037002563,35,transformer.encoder.block.5.layer.0.SelfAttention.o.weight
t5-base,qasc,1.4224308729171753,36,transformer.encoder.block.5.layer.1.DenseReluDense.wi.weight
t5-base,qasc,1.4882137775421143,37,transformer.encoder.block.5.layer.1.DenseReluDense.wo.weight
t5-base,qasc,0.7370715141296387,38,transformer.encoder.block.6.layer.0.SelfAttention.q.weight
t5-base,qasc,0.7460474967956543,39,transformer.encoder.block.6.layer.0.SelfAttention.k.weight
t5-base,qasc,0.7891965508460999,40,transformer.encoder.block.6.layer.0.SelfAttention.v.weight
t5-base,qasc,0.7725486159324646,41,transformer.encoder.block.6.layer.0.SelfAttention.o.weight
t5-base,qasc,1.484359622001648,42,transformer.encoder.block.6.layer.1.DenseReluDense.wi.weight
t5-base,qasc,1.516069769859314,43,transformer.encoder.block.6.layer.1.DenseReluDense.wo.weight
t5-base,qasc,0.7659486532211304,44,transformer.encoder.block.7.layer.0.SelfAttention.q.weight
t5-base,qasc,0.8203190565109253,45,transformer.encoder.block.7.layer.0.SelfAttention.k.weight
t5-base,qasc,0.8716043829917908,46,transformer.encoder.block.7.layer.0.SelfAttention.v.weight
t5-base,qasc,0.8389599323272705,47,transformer.encoder.block.7.layer.0.SelfAttention.o.weight
t5-base,qasc,1.476102352142334,48,transformer.encoder.block.7.layer.1.DenseReluDense.wi.weight
t5-base,qasc,1.513197422027588,49,transformer.encoder.block.7.layer.1.DenseReluDense.wo.weight
t5-base,qasc,0.8913450241088867,50,transformer.encoder.block.8.layer.0.SelfAttention.q.weight
t5-base,qasc,0.9205328226089478,51,transformer.encoder.block.8.layer.0.SelfAttention.k.weight
t5-base,qasc,0.9527777433395386,52,transformer.encoder.block.8.layer.0.SelfAttention.v.weight
t5-base,qasc,0.9016931056976318,53,transformer.encoder.block.8.layer.0.SelfAttention.o.weight
t5-base,qasc,1.495071530342102,54,transformer.encoder.block.8.layer.1.DenseReluDense.wi.weight
t5-base,qasc,1.5386155843734741,55,transformer.encoder.block.8.layer.1.DenseReluDense.wo.weight
t5-base,qasc,0.8871833682060242,56,transformer.encoder.block.9.layer.0.SelfAttention.q.weight
t5-base,qasc,0.9349027872085571,57,transformer.encoder.block.9.layer.0.SelfAttention.k.weight
t5-base,qasc,0.9772038459777832,58,transformer.encoder.block.9.layer.0.SelfAttention.v.weight
t5-base,qasc,0.9201218485832214,59,transformer.encoder.block.9.layer.0.SelfAttention.o.weight
t5-base,qasc,1.4248164892196655,60,transformer.encoder.block.9.layer.1.DenseReluDense.wi.weight
t5-base,qasc,1.4636907577514648,61,transformer.encoder.block.9.layer.1.DenseReluDense.wo.weight
t5-base,qasc,0.9049188494682312,62,transformer.encoder.block.10.layer.0.SelfAttention.q.weight
t5-base,qasc,0.9318867325782776,63,transformer.encoder.block.10.layer.0.SelfAttention.k.weight
t5-base,qasc,0.9179712533950806,64,transformer.encoder.block.10.layer.0.SelfAttention.v.weight
t5-base,qasc,0.8835237622261047,65,transformer.encoder.block.10.layer.0.SelfAttention.o.weight
t5-base,qasc,1.4684500694274902,66,transformer.encoder.block.10.layer.1.DenseReluDense.wi.weight
t5-base,qasc,1.5034403800964355,67,transformer.encoder.block.10.layer.1.DenseReluDense.wo.weight
t5-base,qasc,0.928931474685669,68,transformer.encoder.block.11.layer.0.SelfAttention.q.weight
t5-base,qasc,0.966558575630188,69,transformer.encoder.block.11.layer.0.SelfAttention.k.weight
t5-base,qasc,0.8803606629371643,70,transformer.encoder.block.11.layer.0.SelfAttention.v.weight
t5-base,qasc,0.8084056377410889,71,transformer.encoder.block.11.layer.0.SelfAttention.o.weight
t5-base,qasc,1.6117844581604004,72,transformer.encoder.block.11.layer.1.DenseReluDense.wi.weight
t5-base,qasc,1.5765241384506226,73,transformer.encoder.block.11.layer.1.DenseReluDense.wo.weight
t5-base,qasc,0.6750763058662415,74,transformer.decoder.block.0.layer.0.SelfAttention.q.weight
t5-base,qasc,0.6800429224967957,75,transformer.decoder.block.0.layer.0.SelfAttention.k.weight
t5-base,qasc,0.6647281646728516,76,transformer.decoder.block.0.layer.0.SelfAttention.v.weight
t5-base,qasc,0.6612719297409058,77,transformer.decoder.block.0.layer.0.SelfAttention.o.weight
t5-base,qasc,0.014996029436588287,78,transformer.decoder.block.0.layer.0.SelfAttention.relative_attention_bias.weight
t5-base,qasc,0.6473065614700317,79,transformer.decoder.block.0.layer.1.EncDecAttention.q.weight
t5-base,qasc,0.6666289567947388,80,transformer.decoder.block.0.layer.1.EncDecAttention.k.weight
t5-base,qasc,0.700394868850708,81,transformer.decoder.block.0.layer.1.EncDecAttention.v.weight
t5-base,qasc,0.7039086222648621,82,transformer.decoder.block.0.layer.1.EncDecAttention.o.weight
t5-base,qasc,1.3712857961654663,83,transformer.decoder.block.0.layer.2.DenseReluDense.wi.weight
t5-base,qasc,1.579087257385254,84,transformer.decoder.block.0.layer.2.DenseReluDense.wo.weight
t5-base,qasc,0.6966391205787659,85,transformer.decoder.block.1.layer.0.SelfAttention.q.weight
t5-base,qasc,0.685588002204895,86,transformer.decoder.block.1.layer.0.SelfAttention.k.weight
t5-base,qasc,0.7818021774291992,87,transformer.decoder.block.1.layer.0.SelfAttention.v.weight
t5-base,qasc,0.7714983820915222,88,transformer.decoder.block.1.layer.0.SelfAttention.o.weight
t5-base,qasc,0.7836853265762329,89,transformer.decoder.block.1.layer.1.EncDecAttention.q.weight
t5-base,qasc,0.7592583894729614,90,transformer.decoder.block.1.layer.1.EncDecAttention.k.weight
t5-base,qasc,0.8100805282592773,91,transformer.decoder.block.1.layer.1.EncDecAttention.v.weight
t5-base,qasc,0.7794619798660278,92,transformer.decoder.block.1.layer.1.EncDecAttention.o.weight
t5-base,qasc,1.3198398351669312,93,transformer.decoder.block.1.layer.2.DenseReluDense.wi.weight
t5-base,qasc,1.4822487831115723,94,transformer.decoder.block.1.layer.2.DenseReluDense.wo.weight
t5-base,qasc,0.7039082646369934,95,transformer.decoder.block.2.layer.0.SelfAttention.q.weight
t5-base,qasc,0.706824004650116,96,transformer.decoder.block.2.layer.0.SelfAttention.k.weight
t5-base,qasc,0.8108975887298584,97,transformer.decoder.block.2.layer.0.SelfAttention.v.weight
t5-base,qasc,0.8008695840835571,98,transformer.decoder.block.2.layer.0.SelfAttention.o.weight
t5-base,qasc,0.7932658195495605,99,transformer.decoder.block.2.layer.1.EncDecAttention.q.weight
t5-base,qasc,0.7829920649528503,100,transformer.decoder.block.2.layer.1.EncDecAttention.k.weight
t5-base,qasc,0.8324509263038635,101,transformer.decoder.block.2.layer.1.EncDecAttention.v.weight
t5-base,qasc,0.8014371991157532,102,transformer.decoder.block.2.layer.1.EncDecAttention.o.weight
t5-base,qasc,1.2702140808105469,103,transformer.decoder.block.2.layer.2.DenseReluDense.wi.weight
t5-base,qasc,1.407496452331543,104,transformer.decoder.block.2.layer.2.DenseReluDense.wo.weight
t5-base,qasc,0.7665694355964661,105,transformer.decoder.block.3.layer.0.SelfAttention.q.weight
t5-base,qasc,0.7603596448898315,106,transformer.decoder.block.3.layer.0.SelfAttention.k.weight
t5-base,qasc,0.8657095432281494,107,transformer.decoder.block.3.layer.0.SelfAttention.v.weight
t5-base,qasc,0.82634037733078,108,transformer.decoder.block.3.layer.0.SelfAttention.o.weight
t5-base,qasc,0.8070889711380005,109,transformer.decoder.block.3.layer.1.EncDecAttention.q.weight
t5-base,qasc,0.8203309774398804,110,transformer.decoder.block.3.layer.1.EncDecAttention.k.weight
t5-base,qasc,0.8400708436965942,111,transformer.decoder.block.3.layer.1.EncDecAttention.v.weight
t5-base,qasc,0.8189862370491028,112,transformer.decoder.block.3.layer.1.EncDecAttention.o.weight
t5-base,qasc,1.2782645225524902,113,transformer.decoder.block.3.layer.2.DenseReluDense.wi.weight
t5-base,qasc,1.3977712392807007,114,transformer.decoder.block.3.layer.2.DenseReluDense.wo.weight
t5-base,qasc,0.7862653136253357,115,transformer.decoder.block.4.layer.0.SelfAttention.q.weight
t5-base,qasc,0.7937679886817932,116,transformer.decoder.block.4.layer.0.SelfAttention.k.weight
t5-base,qasc,0.8765206933021545,117,transformer.decoder.block.4.layer.0.SelfAttention.v.weight
t5-base,qasc,0.8436721563339233,118,transformer.decoder.block.4.layer.0.SelfAttention.o.weight
t5-base,qasc,0.8177607655525208,119,transformer.decoder.block.4.layer.1.EncDecAttention.q.weight
t5-base,qasc,0.839614748954773,120,transformer.decoder.block.4.layer.1.EncDecAttention.k.weight
t5-base,qasc,0.8463137745857239,121,transformer.decoder.block.4.layer.1.EncDecAttention.v.weight
t5-base,qasc,0.8174052834510803,122,transformer.decoder.block.4.layer.1.EncDecAttention.o.weight
t5-base,qasc,1.3279314041137695,123,transformer.decoder.block.4.layer.2.DenseReluDense.wi.weight
t5-base,qasc,1.4320381879806519,124,transformer.decoder.block.4.layer.2.DenseReluDense.wo.weight
t5-base,qasc,0.8238000273704529,125,transformer.decoder.block.5.layer.0.SelfAttention.q.weight
t5-base,qasc,0.8128426671028137,126,transformer.decoder.block.5.layer.0.SelfAttention.k.weight
t5-base,qasc,0.8727723956108093,127,transformer.decoder.block.5.layer.0.SelfAttention.v.weight
t5-base,qasc,0.8334142565727234,128,transformer.decoder.block.5.layer.0.SelfAttention.o.weight
t5-base,qasc,0.8313887119293213,129,transformer.decoder.block.5.layer.1.EncDecAttention.q.weight
t5-base,qasc,0.8661738038063049,130,transformer.decoder.block.5.layer.1.EncDecAttention.k.weight
t5-base,qasc,0.8696818351745605,131,transformer.decoder.block.5.layer.1.EncDecAttention.v.weight
t5-base,qasc,0.8048998713493347,132,transformer.decoder.block.5.layer.1.EncDecAttention.o.weight
t5-base,qasc,1.3538838624954224,133,transformer.decoder.block.5.layer.2.DenseReluDense.wi.weight
t5-base,qasc,1.4539343118667603,134,transformer.decoder.block.5.layer.2.DenseReluDense.wo.weight
t5-base,qasc,0.8077059984207153,135,transformer.decoder.block.6.layer.0.SelfAttention.q.weight
t5-base,qasc,0.8057636618614197,136,transformer.decoder.block.6.layer.0.SelfAttention.k.weight
t5-base,qasc,0.8741233348846436,137,transformer.decoder.block.6.layer.0.SelfAttention.v.weight
t5-base,qasc,0.8306757807731628,138,transformer.decoder.block.6.layer.0.SelfAttention.o.weight
t5-base,qasc,0.8828560709953308,139,transformer.decoder.block.6.layer.1.EncDecAttention.q.weight
t5-base,qasc,0.9418978095054626,140,transformer.decoder.block.6.layer.1.EncDecAttention.k.weight
t5-base,qasc,0.9088843464851379,141,transformer.decoder.block.6.layer.1.EncDecAttention.v.weight
t5-base,qasc,0.8157130479812622,142,transformer.decoder.block.6.layer.1.EncDecAttention.o.weight
t5-base,qasc,1.403650164604187,143,transformer.decoder.block.6.layer.2.DenseReluDense.wi.weight
t5-base,qasc,1.4802289009094238,144,transformer.decoder.block.6.layer.2.DenseReluDense.wo.weight
t5-base,qasc,0.7914331555366516,145,transformer.decoder.block.7.layer.0.SelfAttention.q.weight
t5-base,qasc,0.7993736267089844,146,transformer.decoder.block.7.layer.0.SelfAttention.k.weight
t5-base,qasc,0.8566687107086182,147,transformer.decoder.block.7.layer.0.SelfAttention.v.weight
t5-base,qasc,0.8245714902877808,148,transformer.decoder.block.7.layer.0.SelfAttention.o.weight
t5-base,qasc,0.8963156342506409,149,transformer.decoder.block.7.layer.1.EncDecAttention.q.weight
t5-base,qasc,0.8884450197219849,150,transformer.decoder.block.7.layer.1.EncDecAttention.k.weight
t5-base,qasc,0.8666877150535583,151,transformer.decoder.block.7.layer.1.EncDecAttention.v.weight
t5-base,qasc,0.7942354679107666,152,transformer.decoder.block.7.layer.1.EncDecAttention.o.weight
t5-base,qasc,1.418910026550293,153,transformer.decoder.block.7.layer.2.DenseReluDense.wi.weight
t5-base,qasc,1.4662542343139648,154,transformer.decoder.block.7.layer.2.DenseReluDense.wo.weight
t5-base,qasc,0.8347575664520264,155,transformer.decoder.block.8.layer.0.SelfAttention.q.weight
t5-base,qasc,0.8401452302932739,156,transformer.decoder.block.8.layer.0.SelfAttention.k.weight
t5-base,qasc,0.8485450744628906,157,transformer.decoder.block.8.layer.0.SelfAttention.v.weight
t5-base,qasc,0.805891752243042,158,transformer.decoder.block.8.layer.0.SelfAttention.o.weight
t5-base,qasc,0.9383086562156677,159,transformer.decoder.block.8.layer.1.EncDecAttention.q.weight
t5-base,qasc,0.9699955582618713,160,transformer.decoder.block.8.layer.1.EncDecAttention.k.weight
t5-base,qasc,0.906147837638855,161,transformer.decoder.block.8.layer.1.EncDecAttention.v.weight
t5-base,qasc,0.8144792914390564,162,transformer.decoder.block.8.layer.1.EncDecAttention.o.weight
t5-base,qasc,1.409946322441101,163,transformer.decoder.block.8.layer.2.DenseReluDense.wi.weight
t5-base,qasc,1.4486219882965088,164,transformer.decoder.block.8.layer.2.DenseReluDense.wo.weight
t5-base,qasc,0.8518581986427307,165,transformer.decoder.block.9.layer.0.SelfAttention.q.weight
t5-base,qasc,0.8614933490753174,166,transformer.decoder.block.9.layer.0.SelfAttention.k.weight
t5-base,qasc,0.8260614275932312,167,transformer.decoder.block.9.layer.0.SelfAttention.v.weight
t5-base,qasc,0.8088184595108032,168,transformer.decoder.block.9.layer.0.SelfAttention.o.weight
t5-base,qasc,0.8858749866485596,169,transformer.decoder.block.9.layer.1.EncDecAttention.q.weight
t5-base,qasc,0.8903786540031433,170,transformer.decoder.block.9.layer.1.EncDecAttention.k.weight
t5-base,qasc,0.8603342771530151,171,transformer.decoder.block.9.layer.1.EncDecAttention.v.weight
t5-base,qasc,0.7947404980659485,172,transformer.decoder.block.9.layer.1.EncDecAttention.o.weight
t5-base,qasc,1.4411365985870361,173,transformer.decoder.block.9.layer.2.DenseReluDense.wi.weight
t5-base,qasc,1.4922133684158325,174,transformer.decoder.block.9.layer.2.DenseReluDense.wo.weight
t5-base,qasc,0.8397254943847656,175,transformer.decoder.block.10.layer.0.SelfAttention.q.weight
t5-base,qasc,0.8512613773345947,176,transformer.decoder.block.10.layer.0.SelfAttention.k.weight
t5-base,qasc,0.8091551065444946,177,transformer.decoder.block.10.layer.0.SelfAttention.v.weight
t5-base,qasc,0.8240112066268921,178,transformer.decoder.block.10.layer.0.SelfAttention.o.weight
t5-base,qasc,0.8863324522972107,179,transformer.decoder.block.10.layer.1.EncDecAttention.q.weight
t5-base,qasc,0.8701945543289185,180,transformer.decoder.block.10.layer.1.EncDecAttention.k.weight
t5-base,qasc,0.82821124792099,181,transformer.decoder.block.10.layer.1.EncDecAttention.v.weight
t5-base,qasc,0.7888783812522888,182,transformer.decoder.block.10.layer.1.EncDecAttention.o.weight
t5-base,qasc,1.4205082654953003,183,transformer.decoder.block.10.layer.2.DenseReluDense.wi.weight
t5-base,qasc,1.4820845127105713,184,transformer.decoder.block.10.layer.2.DenseReluDense.wo.weight
t5-base,qasc,0.8090115785598755,185,transformer.decoder.block.11.layer.0.SelfAttention.q.weight
t5-base,qasc,0.8094517588615417,186,transformer.decoder.block.11.layer.0.SelfAttention.k.weight
t5-base,qasc,0.7907247543334961,187,transformer.decoder.block.11.layer.0.SelfAttention.v.weight
t5-base,qasc,0.8044378161430359,188,transformer.decoder.block.11.layer.0.SelfAttention.o.weight
t5-base,qasc,0.8970656394958496,189,transformer.decoder.block.11.layer.1.EncDecAttention.q.weight
t5-base,qasc,0.9202829003334045,190,transformer.decoder.block.11.layer.1.EncDecAttention.k.weight
t5-base,qasc,0.7657077312469482,191,transformer.decoder.block.11.layer.1.EncDecAttention.v.weight
t5-base,qasc,0.7212615013122559,192,transformer.decoder.block.11.layer.1.EncDecAttention.o.weight
t5-base,qasc,1.4491047859191895,193,transformer.decoder.block.11.layer.2.DenseReluDense.wi.weight
t5-base,qasc,1.5407259464263916,194,transformer.decoder.block.11.layer.2.DenseReluDense.wo.weight
t5-base,wiki_qa,2.5803396701812744,0,transformer.shared.weight
t5-base,wiki_qa,0.5291303992271423,1,transformer.encoder.block.0.layer.0.SelfAttention.q.weight
t5-base,wiki_qa,0.5277808904647827,2,transformer.encoder.block.0.layer.0.SelfAttention.k.weight
t5-base,wiki_qa,0.5803017616271973,3,transformer.encoder.block.0.layer.0.SelfAttention.v.weight
t5-base,wiki_qa,0.6189138889312744,4,transformer.encoder.block.0.layer.0.SelfAttention.o.weight
t5-base,wiki_qa,0.01863568276166916,5,transformer.encoder.block.0.layer.0.SelfAttention.relative_attention_bias.weight
t5-base,wiki_qa,1.276521921157837,6,transformer.encoder.block.0.layer.1.DenseReluDense.wi.weight
t5-base,wiki_qa,1.497253179550171,7,transformer.encoder.block.0.layer.1.DenseReluDense.wo.weight
t5-base,wiki_qa,0.5828207731246948,8,transformer.encoder.block.1.layer.0.SelfAttention.q.weight
t5-base,wiki_qa,0.5829033851623535,9,transformer.encoder.block.1.layer.0.SelfAttention.k.weight
t5-base,wiki_qa,0.6159132122993469,10,transformer.encoder.block.1.layer.0.SelfAttention.v.weight
t5-base,wiki_qa,0.6499295830726624,11,transformer.encoder.block.1.layer.0.SelfAttention.o.weight
t5-base,wiki_qa,1.2363249063491821,12,transformer.encoder.block.1.layer.1.DenseReluDense.wi.weight
t5-base,wiki_qa,1.4363287687301636,13,transformer.encoder.block.1.layer.1.DenseReluDense.wo.weight
t5-base,wiki_qa,0.5852978825569153,14,transformer.encoder.block.2.layer.0.SelfAttention.q.weight
t5-base,wiki_qa,0.5850042104721069,15,transformer.encoder.block.2.layer.0.SelfAttention.k.weight
t5-base,wiki_qa,0.6404807567596436,16,transformer.encoder.block.2.layer.0.SelfAttention.v.weight
t5-base,wiki_qa,0.6783190965652466,17,transformer.encoder.block.2.layer.0.SelfAttention.o.weight
t5-base,wiki_qa,1.2589396238327026,18,transformer.encoder.block.2.layer.1.DenseReluDense.wi.weight
t5-base,wiki_qa,1.4431709051132202,19,transformer.encoder.block.2.layer.1.DenseReluDense.wo.weight
t5-base,wiki_qa,0.6487123966217041,20,transformer.encoder.block.3.layer.0.SelfAttention.q.weight
t5-base,wiki_qa,0.6549926996231079,21,transformer.encoder.block.3.layer.0.SelfAttention.k.weight
t5-base,wiki_qa,0.7112113237380981,22,transformer.encoder.block.3.layer.0.SelfAttention.v.weight
t5-base,wiki_qa,0.7620660662651062,23,transformer.encoder.block.3.layer.0.SelfAttention.o.weight
t5-base,wiki_qa,1.2764321565628052,24,transformer.encoder.block.3.layer.1.DenseReluDense.wi.weight
t5-base,wiki_qa,1.4342117309570312,25,transformer.encoder.block.3.layer.1.DenseReluDense.wo.weight
t5-base,wiki_qa,0.7010499835014343,26,transformer.encoder.block.4.layer.0.SelfAttention.q.weight
t5-base,wiki_qa,0.7126510143280029,27,transformer.encoder.block.4.layer.0.SelfAttention.k.weight
t5-base,wiki_qa,0.7560243010520935,28,transformer.encoder.block.4.layer.0.SelfAttention.v.weight
t5-base,wiki_qa,0.8102432489395142,29,transformer.encoder.block.4.layer.0.SelfAttention.o.weight
t5-base,wiki_qa,1.3258224725723267,30,transformer.encoder.block.4.layer.1.DenseReluDense.wi.weight
t5-base,wiki_qa,1.4798038005828857,31,transformer.encoder.block.4.layer.1.DenseReluDense.wo.weight
t5-base,wiki_qa,0.7339943051338196,32,transformer.encoder.block.5.layer.0.SelfAttention.q.weight
t5-base,wiki_qa,0.7498146891593933,33,transformer.encoder.block.5.layer.0.SelfAttention.k.weight
t5-base,wiki_qa,0.8177610039710999,34,transformer.encoder.block.5.layer.0.SelfAttention.v.weight
t5-base,wiki_qa,0.8701920509338379,35,transformer.encoder.block.5.layer.0.SelfAttention.o.weight
t5-base,wiki_qa,1.3518517017364502,36,transformer.encoder.block.5.layer.1.DenseReluDense.wi.weight
t5-base,wiki_qa,1.5019705295562744,37,transformer.encoder.block.5.layer.1.DenseReluDense.wo.weight
t5-base,wiki_qa,0.7646030187606812,38,transformer.encoder.block.6.layer.0.SelfAttention.q.weight
t5-base,wiki_qa,0.7889283895492554,39,transformer.encoder.block.6.layer.0.SelfAttention.k.weight
t5-base,wiki_qa,0.8745987415313721,40,transformer.encoder.block.6.layer.0.SelfAttention.v.weight
t5-base,wiki_qa,0.9201343059539795,41,transformer.encoder.block.6.layer.0.SelfAttention.o.weight
t5-base,wiki_qa,1.4206856489181519,42,transformer.encoder.block.6.layer.1.DenseReluDense.wi.weight
t5-base,wiki_qa,1.555580496788025,43,transformer.encoder.block.6.layer.1.DenseReluDense.wo.weight
t5-base,wiki_qa,0.7620305418968201,44,transformer.encoder.block.7.layer.0.SelfAttention.q.weight
t5-base,wiki_qa,0.7654110193252563,45,transformer.encoder.block.7.layer.0.SelfAttention.k.weight
t5-base,wiki_qa,0.8835853934288025,46,transformer.encoder.block.7.layer.0.SelfAttention.v.weight
t5-base,wiki_qa,0.9271637797355652,47,transformer.encoder.block.7.layer.0.SelfAttention.o.weight
t5-base,wiki_qa,1.397169589996338,48,transformer.encoder.block.7.layer.1.DenseReluDense.wi.weight
t5-base,wiki_qa,1.5605671405792236,49,transformer.encoder.block.7.layer.1.DenseReluDense.wo.weight
t5-base,wiki_qa,0.8582258224487305,50,transformer.encoder.block.8.layer.0.SelfAttention.q.weight
t5-base,wiki_qa,0.8690997958183289,51,transformer.encoder.block.8.layer.0.SelfAttention.k.weight
t5-base,wiki_qa,0.9340214133262634,52,transformer.encoder.block.8.layer.0.SelfAttention.v.weight
t5-base,wiki_qa,0.973014771938324,53,transformer.encoder.block.8.layer.0.SelfAttention.o.weight
t5-base,wiki_qa,1.457202434539795,54,transformer.encoder.block.8.layer.1.DenseReluDense.wi.weight
t5-base,wiki_qa,1.6263359785079956,55,transformer.encoder.block.8.layer.1.DenseReluDense.wo.weight
t5-base,wiki_qa,0.8133903741836548,56,transformer.encoder.block.9.layer.0.SelfAttention.q.weight
t5-base,wiki_qa,0.8324710726737976,57,transformer.encoder.block.9.layer.0.SelfAttention.k.weight
t5-base,wiki_qa,0.9369635581970215,58,transformer.encoder.block.9.layer.0.SelfAttention.v.weight
t5-base,wiki_qa,0.9681288599967957,59,transformer.encoder.block.9.layer.0.SelfAttention.o.weight
t5-base,wiki_qa,1.4639580249786377,60,transformer.encoder.block.9.layer.1.DenseReluDense.wi.weight
t5-base,wiki_qa,1.6331264972686768,61,transformer.encoder.block.9.layer.1.DenseReluDense.wo.weight
t5-base,wiki_qa,0.8565848469734192,62,transformer.encoder.block.10.layer.0.SelfAttention.q.weight
t5-base,wiki_qa,0.8600634336471558,63,transformer.encoder.block.10.layer.0.SelfAttention.k.weight
t5-base,wiki_qa,0.9167945384979248,64,transformer.encoder.block.10.layer.0.SelfAttention.v.weight
t5-base,wiki_qa,0.9859668612480164,65,transformer.encoder.block.10.layer.0.SelfAttention.o.weight
t5-base,wiki_qa,1.5433907508850098,66,transformer.encoder.block.10.layer.1.DenseReluDense.wi.weight
t5-base,wiki_qa,1.7033861875534058,67,transformer.encoder.block.10.layer.1.DenseReluDense.wo.weight
t5-base,wiki_qa,0.8307965397834778,68,transformer.encoder.block.11.layer.0.SelfAttention.q.weight
t5-base,wiki_qa,0.8393514156341553,69,transformer.encoder.block.11.layer.0.SelfAttention.k.weight
t5-base,wiki_qa,0.9451122283935547,70,transformer.encoder.block.11.layer.0.SelfAttention.v.weight
t5-base,wiki_qa,0.993545651435852,71,transformer.encoder.block.11.layer.0.SelfAttention.o.weight
t5-base,wiki_qa,1.7027026414871216,72,transformer.encoder.block.11.layer.1.DenseReluDense.wi.weight
t5-base,wiki_qa,1.9039281606674194,73,transformer.encoder.block.11.layer.1.DenseReluDense.wo.weight
t5-base,wiki_qa,0.533920168876648,74,transformer.decoder.block.0.layer.0.SelfAttention.q.weight
t5-base,wiki_qa,0.505195140838623,75,transformer.decoder.block.0.layer.0.SelfAttention.k.weight
t5-base,wiki_qa,0.7314749956130981,76,transformer.decoder.block.0.layer.0.SelfAttention.v.weight
t5-base,wiki_qa,0.7773399949073792,77,transformer.decoder.block.0.layer.0.SelfAttention.o.weight
t5-base,wiki_qa,0.0034162714146077633,78,transformer.decoder.block.0.layer.0.SelfAttention.relative_attention_bias.weight
t5-base,wiki_qa,0.6087044477462769,79,transformer.decoder.block.0.layer.1.EncDecAttention.q.weight
t5-base,wiki_qa,0.6982068419456482,80,transformer.decoder.block.0.layer.1.EncDecAttention.k.weight
t5-base,wiki_qa,0.7892107963562012,81,transformer.decoder.block.0.layer.1.EncDecAttention.v.weight
t5-base,wiki_qa,0.8137561082839966,82,transformer.decoder.block.0.layer.1.EncDecAttention.o.weight
t5-base,wiki_qa,1.1119143962860107,83,transformer.decoder.block.0.layer.2.DenseReluDense.wi.weight
t5-base,wiki_qa,1.1206015348434448,84,transformer.decoder.block.0.layer.2.DenseReluDense.wo.weight
t5-base,wiki_qa,0.4917164444923401,85,transformer.decoder.block.1.layer.0.SelfAttention.q.weight
t5-base,wiki_qa,0.48880964517593384,86,transformer.decoder.block.1.layer.0.SelfAttention.k.weight
t5-base,wiki_qa,0.7975634932518005,87,transformer.decoder.block.1.layer.0.SelfAttention.v.weight
t5-base,wiki_qa,0.8307812213897705,88,transformer.decoder.block.1.layer.0.SelfAttention.o.weight
t5-base,wiki_qa,0.6597313284873962,89,transformer.decoder.block.1.layer.1.EncDecAttention.q.weight
t5-base,wiki_qa,0.7210702896118164,90,transformer.decoder.block.1.layer.1.EncDecAttention.k.weight
t5-base,wiki_qa,0.7580324411392212,91,transformer.decoder.block.1.layer.1.EncDecAttention.v.weight
t5-base,wiki_qa,0.7838263511657715,92,transformer.decoder.block.1.layer.1.EncDecAttention.o.weight
t5-base,wiki_qa,0.9900314807891846,93,transformer.decoder.block.1.layer.2.DenseReluDense.wi.weight
t5-base,wiki_qa,0.9995185136795044,94,transformer.decoder.block.1.layer.2.DenseReluDense.wo.weight
t5-base,wiki_qa,0.5002666711807251,95,transformer.decoder.block.2.layer.0.SelfAttention.q.weight
t5-base,wiki_qa,0.4845532774925232,96,transformer.decoder.block.2.layer.0.SelfAttention.k.weight
t5-base,wiki_qa,0.8367409110069275,97,transformer.decoder.block.2.layer.0.SelfAttention.v.weight
t5-base,wiki_qa,0.8439531326293945,98,transformer.decoder.block.2.layer.0.SelfAttention.o.weight
t5-base,wiki_qa,0.6205288767814636,99,transformer.decoder.block.2.layer.1.EncDecAttention.q.weight
t5-base,wiki_qa,0.697618842124939,100,transformer.decoder.block.2.layer.1.EncDecAttention.k.weight
t5-base,wiki_qa,0.7702509164810181,101,transformer.decoder.block.2.layer.1.EncDecAttention.v.weight
t5-base,wiki_qa,0.8017650842666626,102,transformer.decoder.block.2.layer.1.EncDecAttention.o.weight
t5-base,wiki_qa,0.968622624874115,103,transformer.decoder.block.2.layer.2.DenseReluDense.wi.weight
t5-base,wiki_qa,0.9811453223228455,104,transformer.decoder.block.2.layer.2.DenseReluDense.wo.weight
t5-base,wiki_qa,0.5847029089927673,105,transformer.decoder.block.3.layer.0.SelfAttention.q.weight
t5-base,wiki_qa,0.5874612331390381,106,transformer.decoder.block.3.layer.0.SelfAttention.k.weight
t5-base,wiki_qa,0.8632141947746277,107,transformer.decoder.block.3.layer.0.SelfAttention.v.weight
t5-base,wiki_qa,0.871930718421936,108,transformer.decoder.block.3.layer.0.SelfAttention.o.weight
t5-base,wiki_qa,0.6164539456367493,109,transformer.decoder.block.3.layer.1.EncDecAttention.q.weight
t5-base,wiki_qa,0.6974705457687378,110,transformer.decoder.block.3.layer.1.EncDecAttention.k.weight
t5-base,wiki_qa,0.7716466784477234,111,transformer.decoder.block.3.layer.1.EncDecAttention.v.weight
t5-base,wiki_qa,0.7905083894729614,112,transformer.decoder.block.3.layer.1.EncDecAttention.o.weight
t5-base,wiki_qa,0.9937827587127686,113,transformer.decoder.block.3.layer.2.DenseReluDense.wi.weight
t5-base,wiki_qa,1.0073468685150146,114,transformer.decoder.block.3.layer.2.DenseReluDense.wo.weight
t5-base,wiki_qa,0.6223187446594238,115,transformer.decoder.block.4.layer.0.SelfAttention.q.weight
t5-base,wiki_qa,0.6283626556396484,116,transformer.decoder.block.4.layer.0.SelfAttention.k.weight
t5-base,wiki_qa,0.8331363201141357,117,transformer.decoder.block.4.layer.0.SelfAttention.v.weight
t5-base,wiki_qa,0.8631302714347839,118,transformer.decoder.block.4.layer.0.SelfAttention.o.weight
t5-base,wiki_qa,0.6572455167770386,119,transformer.decoder.block.4.layer.1.EncDecAttention.q.weight
t5-base,wiki_qa,0.760776698589325,120,transformer.decoder.block.4.layer.1.EncDecAttention.k.weight
t5-base,wiki_qa,0.8239039182662964,121,transformer.decoder.block.4.layer.1.EncDecAttention.v.weight
t5-base,wiki_qa,0.8192789554595947,122,transformer.decoder.block.4.layer.1.EncDecAttention.o.weight
t5-base,wiki_qa,1.1079171895980835,123,transformer.decoder.block.4.layer.2.DenseReluDense.wi.weight
t5-base,wiki_qa,1.1219772100448608,124,transformer.decoder.block.4.layer.2.DenseReluDense.wo.weight
t5-base,wiki_qa,0.5485868453979492,125,transformer.decoder.block.5.layer.0.SelfAttention.q.weight
t5-base,wiki_qa,0.5427133440971375,126,transformer.decoder.block.5.layer.0.SelfAttention.k.weight
t5-base,wiki_qa,0.8428041934967041,127,transformer.decoder.block.5.layer.0.SelfAttention.v.weight
t5-base,wiki_qa,0.8630422949790955,128,transformer.decoder.block.5.layer.0.SelfAttention.o.weight
t5-base,wiki_qa,0.6928621530532837,129,transformer.decoder.block.5.layer.1.EncDecAttention.q.weight
t5-base,wiki_qa,0.8022357225418091,130,transformer.decoder.block.5.layer.1.EncDecAttention.k.weight
t5-base,wiki_qa,0.8544617295265198,131,transformer.decoder.block.5.layer.1.EncDecAttention.v.weight
t5-base,wiki_qa,0.8628359436988831,132,transformer.decoder.block.5.layer.1.EncDecAttention.o.weight
t5-base,wiki_qa,1.2531274557113647,133,transformer.decoder.block.5.layer.2.DenseReluDense.wi.weight
t5-base,wiki_qa,1.2841733694076538,134,transformer.decoder.block.5.layer.2.DenseReluDense.wo.weight
t5-base,wiki_qa,0.5570187568664551,135,transformer.decoder.block.6.layer.0.SelfAttention.q.weight
t5-base,wiki_qa,0.5541449785232544,136,transformer.decoder.block.6.layer.0.SelfAttention.k.weight
t5-base,wiki_qa,0.8698098659515381,137,transformer.decoder.block.6.layer.0.SelfAttention.v.weight
t5-base,wiki_qa,0.8753818273544312,138,transformer.decoder.block.6.layer.0.SelfAttention.o.weight
t5-base,wiki_qa,0.7137568593025208,139,transformer.decoder.block.6.layer.1.EncDecAttention.q.weight
t5-base,wiki_qa,0.8652065992355347,140,transformer.decoder.block.6.layer.1.EncDecAttention.k.weight
t5-base,wiki_qa,0.8997560143470764,141,transformer.decoder.block.6.layer.1.EncDecAttention.v.weight
t5-base,wiki_qa,0.9169834852218628,142,transformer.decoder.block.6.layer.1.EncDecAttention.o.weight
t5-base,wiki_qa,1.3793662786483765,143,transformer.decoder.block.6.layer.2.DenseReluDense.wi.weight
t5-base,wiki_qa,1.4289687871932983,144,transformer.decoder.block.6.layer.2.DenseReluDense.wo.weight
t5-base,wiki_qa,0.5723636746406555,145,transformer.decoder.block.7.layer.0.SelfAttention.q.weight
t5-base,wiki_qa,0.5623891353607178,146,transformer.decoder.block.7.layer.0.SelfAttention.k.weight
t5-base,wiki_qa,0.8520381450653076,147,transformer.decoder.block.7.layer.0.SelfAttention.v.weight
t5-base,wiki_qa,0.8528879880905151,148,transformer.decoder.block.7.layer.0.SelfAttention.o.weight
t5-base,wiki_qa,0.7476736903190613,149,transformer.decoder.block.7.layer.1.EncDecAttention.q.weight
t5-base,wiki_qa,0.8326926231384277,150,transformer.decoder.block.7.layer.1.EncDecAttention.k.weight
t5-base,wiki_qa,0.91695636510849,151,transformer.decoder.block.7.layer.1.EncDecAttention.v.weight
t5-base,wiki_qa,0.9141144752502441,152,transformer.decoder.block.7.layer.1.EncDecAttention.o.weight
t5-base,wiki_qa,1.3652114868164062,153,transformer.decoder.block.7.layer.2.DenseReluDense.wi.weight
t5-base,wiki_qa,1.4305709600448608,154,transformer.decoder.block.7.layer.2.DenseReluDense.wo.weight
t5-base,wiki_qa,0.5602316856384277,155,transformer.decoder.block.8.layer.0.SelfAttention.q.weight
t5-base,wiki_qa,0.5661901235580444,156,transformer.decoder.block.8.layer.0.SelfAttention.k.weight
t5-base,wiki_qa,0.8588569164276123,157,transformer.decoder.block.8.layer.0.SelfAttention.v.weight
t5-base,wiki_qa,0.86712646484375,158,transformer.decoder.block.8.layer.0.SelfAttention.o.weight
t5-base,wiki_qa,0.7902883887290955,159,transformer.decoder.block.8.layer.1.EncDecAttention.q.weight
t5-base,wiki_qa,0.8905478119850159,160,transformer.decoder.block.8.layer.1.EncDecAttention.k.weight
t5-base,wiki_qa,1.0020025968551636,161,transformer.decoder.block.8.layer.1.EncDecAttention.v.weight
t5-base,wiki_qa,0.9747582077980042,162,transformer.decoder.block.8.layer.1.EncDecAttention.o.weight
t5-base,wiki_qa,1.4272822141647339,163,transformer.decoder.block.8.layer.2.DenseReluDense.wi.weight
t5-base,wiki_qa,1.488346815109253,164,transformer.decoder.block.8.layer.2.DenseReluDense.wo.weight
t5-base,wiki_qa,0.5387337803840637,165,transformer.decoder.block.9.layer.0.SelfAttention.q.weight
t5-base,wiki_qa,0.5416354537010193,166,transformer.decoder.block.9.layer.0.SelfAttention.k.weight
t5-base,wiki_qa,0.8701865673065186,167,transformer.decoder.block.9.layer.0.SelfAttention.v.weight
t5-base,wiki_qa,0.9120226502418518,168,transformer.decoder.block.9.layer.0.SelfAttention.o.weight
t5-base,wiki_qa,0.8383748531341553,169,transformer.decoder.block.9.layer.1.EncDecAttention.q.weight
t5-base,wiki_qa,0.9071589708328247,170,transformer.decoder.block.9.layer.1.EncDecAttention.k.weight
t5-base,wiki_qa,0.9826511740684509,171,transformer.decoder.block.9.layer.1.EncDecAttention.v.weight
t5-base,wiki_qa,1.0077539682388306,172,transformer.decoder.block.9.layer.1.EncDecAttention.o.weight
t5-base,wiki_qa,1.4688851833343506,173,transformer.decoder.block.9.layer.2.DenseReluDense.wi.weight
t5-base,wiki_qa,1.5548951625823975,174,transformer.decoder.block.9.layer.2.DenseReluDense.wo.weight
t5-base,wiki_qa,0.5983923077583313,175,transformer.decoder.block.10.layer.0.SelfAttention.q.weight
t5-base,wiki_qa,0.5793516635894775,176,transformer.decoder.block.10.layer.0.SelfAttention.k.weight
t5-base,wiki_qa,0.9370734691619873,177,transformer.decoder.block.10.layer.0.SelfAttention.v.weight
t5-base,wiki_qa,0.9365779757499695,178,transformer.decoder.block.10.layer.0.SelfAttention.o.weight
t5-base,wiki_qa,0.8825042247772217,179,transformer.decoder.block.10.layer.1.EncDecAttention.q.weight
t5-base,wiki_qa,0.8985418677330017,180,transformer.decoder.block.10.layer.1.EncDecAttention.k.weight
t5-base,wiki_qa,0.9957655072212219,181,transformer.decoder.block.10.layer.1.EncDecAttention.v.weight
t5-base,wiki_qa,1.0027575492858887,182,transformer.decoder.block.10.layer.1.EncDecAttention.o.weight
t5-base,wiki_qa,1.4110381603240967,183,transformer.decoder.block.10.layer.2.DenseReluDense.wi.weight
t5-base,wiki_qa,1.5202741622924805,184,transformer.decoder.block.10.layer.2.DenseReluDense.wo.weight
t5-base,wiki_qa,0.5009675025939941,185,transformer.decoder.block.11.layer.0.SelfAttention.q.weight
t5-base,wiki_qa,0.5027548670768738,186,transformer.decoder.block.11.layer.0.SelfAttention.k.weight
t5-base,wiki_qa,0.951665461063385,187,transformer.decoder.block.11.layer.0.SelfAttention.v.weight
t5-base,wiki_qa,0.9741178750991821,188,transformer.decoder.block.11.layer.0.SelfAttention.o.weight
t5-base,wiki_qa,0.8742029666900635,189,transformer.decoder.block.11.layer.1.EncDecAttention.q.weight
t5-base,wiki_qa,0.8617584109306335,190,transformer.decoder.block.11.layer.1.EncDecAttention.k.weight
t5-base,wiki_qa,1.0494848489761353,191,transformer.decoder.block.11.layer.1.EncDecAttention.v.weight
t5-base,wiki_qa,1.0795044898986816,192,transformer.decoder.block.11.layer.1.EncDecAttention.o.weight
t5-base,wiki_qa,1.3038586378097534,193,transformer.decoder.block.11.layer.2.DenseReluDense.wi.weight
t5-base,wiki_qa,1.4772541522979736,194,transformer.decoder.block.11.layer.2.DenseReluDense.wo.weight
t5-base,quartz,7.416195869445801,0,transformer.shared.weight
t5-base,quartz,0.8791347742080688,1,transformer.encoder.block.0.layer.0.SelfAttention.q.weight
t5-base,quartz,0.866696834564209,2,transformer.encoder.block.0.layer.0.SelfAttention.k.weight
t5-base,quartz,0.9164474606513977,3,transformer.encoder.block.0.layer.0.SelfAttention.v.weight
t5-base,quartz,0.9355628490447998,4,transformer.encoder.block.0.layer.0.SelfAttention.o.weight
t5-base,quartz,0.04171528294682503,5,transformer.encoder.block.0.layer.0.SelfAttention.relative_attention_bias.weight
t5-base,quartz,3.326094627380371,6,transformer.encoder.block.0.layer.1.DenseReluDense.wi.weight
t5-base,quartz,3.4050445556640625,7,transformer.encoder.block.0.layer.1.DenseReluDense.wo.weight
t5-base,quartz,0.9433245062828064,8,transformer.encoder.block.1.layer.0.SelfAttention.q.weight
t5-base,quartz,0.9066978693008423,9,transformer.encoder.block.1.layer.0.SelfAttention.k.weight
t5-base,quartz,0.92814040184021,10,transformer.encoder.block.1.layer.0.SelfAttention.v.weight
t5-base,quartz,0.9545451402664185,11,transformer.encoder.block.1.layer.0.SelfAttention.o.weight
t5-base,quartz,3.3897547721862793,12,transformer.encoder.block.1.layer.1.DenseReluDense.wi.weight
t5-base,quartz,3.547545909881592,13,transformer.encoder.block.1.layer.1.DenseReluDense.wo.weight
t5-base,quartz,1.0134539604187012,14,transformer.encoder.block.2.layer.0.SelfAttention.q.weight
t5-base,quartz,0.9930161237716675,15,transformer.encoder.block.2.layer.0.SelfAttention.k.weight
t5-base,quartz,0.9763023257255554,16,transformer.encoder.block.2.layer.0.SelfAttention.v.weight
t5-base,quartz,1.004285216331482,17,transformer.encoder.block.2.layer.0.SelfAttention.o.weight
t5-base,quartz,3.643892288208008,18,transformer.encoder.block.2.layer.1.DenseReluDense.wi.weight
t5-base,quartz,3.884653329849243,19,transformer.encoder.block.2.layer.1.DenseReluDense.wo.weight
t5-base,quartz,1.1220990419387817,20,transformer.encoder.block.3.layer.0.SelfAttention.q.weight
t5-base,quartz,1.1458675861358643,21,transformer.encoder.block.3.layer.0.SelfAttention.k.weight
t5-base,quartz,1.1728564500808716,22,transformer.encoder.block.3.layer.0.SelfAttention.v.weight
t5-base,quartz,1.1669963598251343,23,transformer.encoder.block.3.layer.0.SelfAttention.o.weight
t5-base,quartz,3.719383478164673,24,transformer.encoder.block.3.layer.1.DenseReluDense.wi.weight
t5-base,quartz,3.9889373779296875,25,transformer.encoder.block.3.layer.1.DenseReluDense.wo.weight
t5-base,quartz,1.2485660314559937,26,transformer.encoder.block.4.layer.0.SelfAttention.q.weight
t5-base,quartz,1.2615509033203125,27,transformer.encoder.block.4.layer.0.SelfAttention.k.weight
t5-base,quartz,1.2888046503067017,28,transformer.encoder.block.4.layer.0.SelfAttention.v.weight
t5-base,quartz,1.2466899156570435,29,transformer.encoder.block.4.layer.0.SelfAttention.o.weight
t5-base,quartz,3.7567663192749023,30,transformer.encoder.block.4.layer.1.DenseReluDense.wi.weight
t5-base,quartz,4.043658256530762,31,transformer.encoder.block.4.layer.1.DenseReluDense.wo.weight
t5-base,quartz,1.2788455486297607,32,transformer.encoder.block.5.layer.0.SelfAttention.q.weight
t5-base,quartz,1.3216949701309204,33,transformer.encoder.block.5.layer.0.SelfAttention.k.weight
t5-base,quartz,1.3109264373779297,34,transformer.encoder.block.5.layer.0.SelfAttention.v.weight
t5-base,quartz,1.340121865272522,35,transformer.encoder.block.5.layer.0.SelfAttention.o.weight
t5-base,quartz,3.6709208488464355,36,transformer.encoder.block.5.layer.1.DenseReluDense.wi.weight
t5-base,quartz,3.889503002166748,37,transformer.encoder.block.5.layer.1.DenseReluDense.wo.weight
t5-base,quartz,1.2837547063827515,38,transformer.encoder.block.6.layer.0.SelfAttention.q.weight
t5-base,quartz,1.3727251291275024,39,transformer.encoder.block.6.layer.0.SelfAttention.k.weight
t5-base,quartz,1.4412527084350586,40,transformer.encoder.block.6.layer.0.SelfAttention.v.weight
t5-base,quartz,1.4101611375808716,41,transformer.encoder.block.6.layer.0.SelfAttention.o.weight
t5-base,quartz,3.6842193603515625,42,transformer.encoder.block.6.layer.1.DenseReluDense.wi.weight
t5-base,quartz,3.9284493923187256,43,transformer.encoder.block.6.layer.1.DenseReluDense.wo.weight
t5-base,quartz,1.4681878089904785,44,transformer.encoder.block.7.layer.0.SelfAttention.q.weight
t5-base,quartz,1.505025029182434,45,transformer.encoder.block.7.layer.0.SelfAttention.k.weight
t5-base,quartz,1.5376754999160767,46,transformer.encoder.block.7.layer.0.SelfAttention.v.weight
t5-base,quartz,1.4855568408966064,47,transformer.encoder.block.7.layer.0.SelfAttention.o.weight
t5-base,quartz,3.587465763092041,48,transformer.encoder.block.7.layer.1.DenseReluDense.wi.weight
t5-base,quartz,3.7972679138183594,49,transformer.encoder.block.7.layer.1.DenseReluDense.wo.weight
t5-base,quartz,1.568519949913025,50,transformer.encoder.block.8.layer.0.SelfAttention.q.weight
t5-base,quartz,1.585313320159912,51,transformer.encoder.block.8.layer.0.SelfAttention.k.weight
t5-base,quartz,1.649105191230774,52,transformer.encoder.block.8.layer.0.SelfAttention.v.weight
t5-base,quartz,1.554553508758545,53,transformer.encoder.block.8.layer.0.SelfAttention.o.weight
t5-base,quartz,3.65195369720459,54,transformer.encoder.block.8.layer.1.DenseReluDense.wi.weight
t5-base,quartz,3.7951500415802,55,transformer.encoder.block.8.layer.1.DenseReluDense.wo.weight
t5-base,quartz,1.5394716262817383,56,transformer.encoder.block.9.layer.0.SelfAttention.q.weight
t5-base,quartz,1.6500308513641357,57,transformer.encoder.block.9.layer.0.SelfAttention.k.weight
t5-base,quartz,1.7258906364440918,58,transformer.encoder.block.9.layer.0.SelfAttention.v.weight
t5-base,quartz,1.577379584312439,59,transformer.encoder.block.9.layer.0.SelfAttention.o.weight
t5-base,quartz,3.3059585094451904,60,transformer.encoder.block.9.layer.1.DenseReluDense.wi.weight
t5-base,quartz,3.507253408432007,61,transformer.encoder.block.9.layer.1.DenseReluDense.wo.weight
t5-base,quartz,1.5118900537490845,62,transformer.encoder.block.10.layer.0.SelfAttention.q.weight
t5-base,quartz,1.6010360717773438,63,transformer.encoder.block.10.layer.0.SelfAttention.k.weight
t5-base,quartz,1.4482343196868896,64,transformer.encoder.block.10.layer.0.SelfAttention.v.weight
t5-base,quartz,1.4593533277511597,65,transformer.encoder.block.10.layer.0.SelfAttention.o.weight
t5-base,quartz,3.2872443199157715,66,transformer.encoder.block.10.layer.1.DenseReluDense.wi.weight
t5-base,quartz,3.488126039505005,67,transformer.encoder.block.10.layer.1.DenseReluDense.wo.weight
t5-base,quartz,1.2641351222991943,68,transformer.encoder.block.11.layer.0.SelfAttention.q.weight
t5-base,quartz,1.4284507036209106,69,transformer.encoder.block.11.layer.0.SelfAttention.k.weight
t5-base,quartz,1.3729019165039062,70,transformer.encoder.block.11.layer.0.SelfAttention.v.weight
t5-base,quartz,1.4629900455474854,71,transformer.encoder.block.11.layer.0.SelfAttention.o.weight
t5-base,quartz,3.4122138023376465,72,transformer.encoder.block.11.layer.1.DenseReluDense.wi.weight
t5-base,quartz,3.47074294090271,73,transformer.encoder.block.11.layer.1.DenseReluDense.wo.weight
t5-base,quartz,1.0332999229431152,74,transformer.decoder.block.0.layer.0.SelfAttention.q.weight
t5-base,quartz,1.0467859506607056,75,transformer.decoder.block.0.layer.0.SelfAttention.k.weight
t5-base,quartz,0.9616763591766357,76,transformer.decoder.block.0.layer.0.SelfAttention.v.weight
t5-base,quartz,0.8959635496139526,77,transformer.decoder.block.0.layer.0.SelfAttention.o.weight
t5-base,quartz,0.03616499900817871,78,transformer.decoder.block.0.layer.0.SelfAttention.relative_attention_bias.weight
t5-base,quartz,0.8878371715545654,79,transformer.decoder.block.0.layer.1.EncDecAttention.q.weight
t5-base,quartz,0.8868394494056702,80,transformer.decoder.block.0.layer.1.EncDecAttention.k.weight
t5-base,quartz,0.9007954001426697,81,transformer.decoder.block.0.layer.1.EncDecAttention.v.weight
t5-base,quartz,0.8684355020523071,82,transformer.decoder.block.0.layer.1.EncDecAttention.o.weight
t5-base,quartz,2.073809862136841,83,transformer.decoder.block.0.layer.2.DenseReluDense.wi.weight
t5-base,quartz,2.086545944213867,84,transformer.decoder.block.0.layer.2.DenseReluDense.wo.weight
t5-base,quartz,1.1343717575073242,85,transformer.decoder.block.1.layer.0.SelfAttention.q.weight
t5-base,quartz,1.1456061601638794,86,transformer.decoder.block.1.layer.0.SelfAttention.k.weight
t5-base,quartz,0.8966497182846069,87,transformer.decoder.block.1.layer.0.SelfAttention.v.weight
t5-base,quartz,0.8944414854049683,88,transformer.decoder.block.1.layer.0.SelfAttention.o.weight
t5-base,quartz,1.032516360282898,89,transformer.decoder.block.1.layer.1.EncDecAttention.q.weight
t5-base,quartz,1.0879894495010376,90,transformer.decoder.block.1.layer.1.EncDecAttention.k.weight
t5-base,quartz,1.0634907484054565,91,transformer.decoder.block.1.layer.1.EncDecAttention.v.weight
t5-base,quartz,1.0148882865905762,92,transformer.decoder.block.1.layer.1.EncDecAttention.o.weight
t5-base,quartz,1.7775657176971436,93,transformer.decoder.block.1.layer.2.DenseReluDense.wi.weight
t5-base,quartz,1.8445929288864136,94,transformer.decoder.block.1.layer.2.DenseReluDense.wo.weight
t5-base,quartz,1.0715762376785278,95,transformer.decoder.block.2.layer.0.SelfAttention.q.weight
t5-base,quartz,1.104355812072754,96,transformer.decoder.block.2.layer.0.SelfAttention.k.weight
t5-base,quartz,0.9733429551124573,97,transformer.decoder.block.2.layer.0.SelfAttention.v.weight
t5-base,quartz,0.9936870336532593,98,transformer.decoder.block.2.layer.0.SelfAttention.o.weight
t5-base,quartz,1.032153844833374,99,transformer.decoder.block.2.layer.1.EncDecAttention.q.weight
t5-base,quartz,1.0307568311691284,100,transformer.decoder.block.2.layer.1.EncDecAttention.k.weight
t5-base,quartz,1.111951470375061,101,transformer.decoder.block.2.layer.1.EncDecAttention.v.weight
t5-base,quartz,1.0513032674789429,102,transformer.decoder.block.2.layer.1.EncDecAttention.o.weight
t5-base,quartz,1.799187183380127,103,transformer.decoder.block.2.layer.2.DenseReluDense.wi.weight
t5-base,quartz,1.8243987560272217,104,transformer.decoder.block.2.layer.2.DenseReluDense.wo.weight
t5-base,quartz,1.048065185546875,105,transformer.decoder.block.3.layer.0.SelfAttention.q.weight
t5-base,quartz,1.0722641944885254,106,transformer.decoder.block.3.layer.0.SelfAttention.k.weight
t5-base,quartz,0.9818012118339539,107,transformer.decoder.block.3.layer.0.SelfAttention.v.weight
t5-base,quartz,1.0728684663772583,108,transformer.decoder.block.3.layer.0.SelfAttention.o.weight
t5-base,quartz,0.9781765341758728,109,transformer.decoder.block.3.layer.1.EncDecAttention.q.weight
t5-base,quartz,1.016222357749939,110,transformer.decoder.block.3.layer.1.EncDecAttention.k.weight
t5-base,quartz,1.085328459739685,111,transformer.decoder.block.3.layer.1.EncDecAttention.v.weight
t5-base,quartz,1.0534154176712036,112,transformer.decoder.block.3.layer.1.EncDecAttention.o.weight
t5-base,quartz,1.7388263940811157,113,transformer.decoder.block.3.layer.2.DenseReluDense.wi.weight
t5-base,quartz,1.7624213695526123,114,transformer.decoder.block.3.layer.2.DenseReluDense.wo.weight
t5-base,quartz,0.9619767665863037,115,transformer.decoder.block.4.layer.0.SelfAttention.q.weight
t5-base,quartz,0.9429038166999817,116,transformer.decoder.block.4.layer.0.SelfAttention.k.weight
t5-base,quartz,1.0094287395477295,117,transformer.decoder.block.4.layer.0.SelfAttention.v.weight
t5-base,quartz,1.0413283109664917,118,transformer.decoder.block.4.layer.0.SelfAttention.o.weight
t5-base,quartz,1.1504284143447876,119,transformer.decoder.block.4.layer.1.EncDecAttention.q.weight
t5-base,quartz,1.331027626991272,120,transformer.decoder.block.4.layer.1.EncDecAttention.k.weight
t5-base,quartz,1.371349573135376,121,transformer.decoder.block.4.layer.1.EncDecAttention.v.weight
t5-base,quartz,1.3094631433486938,122,transformer.decoder.block.4.layer.1.EncDecAttention.o.weight
t5-base,quartz,1.928890585899353,123,transformer.decoder.block.4.layer.2.DenseReluDense.wi.weight
t5-base,quartz,1.9519422054290771,124,transformer.decoder.block.4.layer.2.DenseReluDense.wo.weight
t5-base,quartz,1.092666506767273,125,transformer.decoder.block.5.layer.0.SelfAttention.q.weight
t5-base,quartz,1.0996230840682983,126,transformer.decoder.block.5.layer.0.SelfAttention.k.weight
t5-base,quartz,1.0159270763397217,127,transformer.decoder.block.5.layer.0.SelfAttention.v.weight
t5-base,quartz,1.1005074977874756,128,transformer.decoder.block.5.layer.0.SelfAttention.o.weight
t5-base,quartz,1.342610478401184,129,transformer.decoder.block.5.layer.1.EncDecAttention.q.weight
t5-base,quartz,1.3968861103057861,130,transformer.decoder.block.5.layer.1.EncDecAttention.k.weight
t5-base,quartz,1.5286906957626343,131,transformer.decoder.block.5.layer.1.EncDecAttention.v.weight
t5-base,quartz,1.4181358814239502,132,transformer.decoder.block.5.layer.1.EncDecAttention.o.weight
t5-base,quartz,2.041818380355835,133,transformer.decoder.block.5.layer.2.DenseReluDense.wi.weight
t5-base,quartz,2.1062872409820557,134,transformer.decoder.block.5.layer.2.DenseReluDense.wo.weight
t5-base,quartz,1.1130439043045044,135,transformer.decoder.block.6.layer.0.SelfAttention.q.weight
t5-base,quartz,1.17830491065979,136,transformer.decoder.block.6.layer.0.SelfAttention.k.weight
t5-base,quartz,1.0938647985458374,137,transformer.decoder.block.6.layer.0.SelfAttention.v.weight
t5-base,quartz,1.1398671865463257,138,transformer.decoder.block.6.layer.0.SelfAttention.o.weight
t5-base,quartz,1.448498010635376,139,transformer.decoder.block.6.layer.1.EncDecAttention.q.weight
t5-base,quartz,1.6665525436401367,140,transformer.decoder.block.6.layer.1.EncDecAttention.k.weight
t5-base,quartz,1.675107717514038,141,transformer.decoder.block.6.layer.1.EncDecAttention.v.weight
t5-base,quartz,1.6064784526824951,142,transformer.decoder.block.6.layer.1.EncDecAttention.o.weight
t5-base,quartz,2.306645393371582,143,transformer.decoder.block.6.layer.2.DenseReluDense.wi.weight
t5-base,quartz,2.4043188095092773,144,transformer.decoder.block.6.layer.2.DenseReluDense.wo.weight
t5-base,quartz,1.0709367990493774,145,transformer.decoder.block.7.layer.0.SelfAttention.q.weight
t5-base,quartz,1.1334644556045532,146,transformer.decoder.block.7.layer.0.SelfAttention.k.weight
t5-base,quartz,1.1570357084274292,147,transformer.decoder.block.7.layer.0.SelfAttention.v.weight
t5-base,quartz,1.1944392919540405,148,transformer.decoder.block.7.layer.0.SelfAttention.o.weight
t5-base,quartz,1.4847668409347534,149,transformer.decoder.block.7.layer.1.EncDecAttention.q.weight
t5-base,quartz,1.6161249876022339,150,transformer.decoder.block.7.layer.1.EncDecAttention.k.weight
t5-base,quartz,1.5472427606582642,151,transformer.decoder.block.7.layer.1.EncDecAttention.v.weight
t5-base,quartz,1.4512323141098022,152,transformer.decoder.block.7.layer.1.EncDecAttention.o.weight
t5-base,quartz,2.6764440536499023,153,transformer.decoder.block.7.layer.2.DenseReluDense.wi.weight
t5-base,quartz,2.847482681274414,154,transformer.decoder.block.7.layer.2.DenseReluDense.wo.weight
t5-base,quartz,1.1569209098815918,155,transformer.decoder.block.8.layer.0.SelfAttention.q.weight
t5-base,quartz,1.2054357528686523,156,transformer.decoder.block.8.layer.0.SelfAttention.k.weight
t5-base,quartz,1.2358031272888184,157,transformer.decoder.block.8.layer.0.SelfAttention.v.weight
t5-base,quartz,1.2899106740951538,158,transformer.decoder.block.8.layer.0.SelfAttention.o.weight
t5-base,quartz,1.8093671798706055,159,transformer.decoder.block.8.layer.1.EncDecAttention.q.weight
t5-base,quartz,1.9523130655288696,160,transformer.decoder.block.8.layer.1.EncDecAttention.k.weight
t5-base,quartz,2.226628065109253,161,transformer.decoder.block.8.layer.1.EncDecAttention.v.weight
t5-base,quartz,2.211596727371216,162,transformer.decoder.block.8.layer.1.EncDecAttention.o.weight
t5-base,quartz,3.1822259426116943,163,transformer.decoder.block.8.layer.2.DenseReluDense.wi.weight
t5-base,quartz,3.423391819000244,164,transformer.decoder.block.8.layer.2.DenseReluDense.wo.weight
t5-base,quartz,1.133155345916748,165,transformer.decoder.block.9.layer.0.SelfAttention.q.weight
t5-base,quartz,1.1994562149047852,166,transformer.decoder.block.9.layer.0.SelfAttention.k.weight
t5-base,quartz,1.3586628437042236,167,transformer.decoder.block.9.layer.0.SelfAttention.v.weight
t5-base,quartz,1.37760591506958,168,transformer.decoder.block.9.layer.0.SelfAttention.o.weight
t5-base,quartz,1.6250207424163818,169,transformer.decoder.block.9.layer.1.EncDecAttention.q.weight
t5-base,quartz,1.803166151046753,170,transformer.decoder.block.9.layer.1.EncDecAttention.k.weight
t5-base,quartz,1.732825517654419,171,transformer.decoder.block.9.layer.1.EncDecAttention.v.weight
t5-base,quartz,1.6735506057739258,172,transformer.decoder.block.9.layer.1.EncDecAttention.o.weight
t5-base,quartz,3.3085527420043945,173,transformer.decoder.block.9.layer.2.DenseReluDense.wi.weight
t5-base,quartz,3.6502015590667725,174,transformer.decoder.block.9.layer.2.DenseReluDense.wo.weight
t5-base,quartz,1.3040881156921387,175,transformer.decoder.block.10.layer.0.SelfAttention.q.weight
t5-base,quartz,1.4010562896728516,176,transformer.decoder.block.10.layer.0.SelfAttention.k.weight
t5-base,quartz,1.344336748123169,177,transformer.decoder.block.10.layer.0.SelfAttention.v.weight
t5-base,quartz,1.3925564289093018,178,transformer.decoder.block.10.layer.0.SelfAttention.o.weight
t5-base,quartz,1.7012075185775757,179,transformer.decoder.block.10.layer.1.EncDecAttention.q.weight
t5-base,quartz,1.7163890600204468,180,transformer.decoder.block.10.layer.1.EncDecAttention.k.weight
t5-base,quartz,1.6487046480178833,181,transformer.decoder.block.10.layer.1.EncDecAttention.v.weight
t5-base,quartz,1.619038462638855,182,transformer.decoder.block.10.layer.1.EncDecAttention.o.weight
t5-base,quartz,3.409756660461426,183,transformer.decoder.block.10.layer.2.DenseReluDense.wi.weight
t5-base,quartz,3.6860358715057373,184,transformer.decoder.block.10.layer.2.DenseReluDense.wo.weight
t5-base,quartz,1.2568942308425903,185,transformer.decoder.block.11.layer.0.SelfAttention.q.weight
t5-base,quartz,1.3495330810546875,186,transformer.decoder.block.11.layer.0.SelfAttention.k.weight
t5-base,quartz,1.3391485214233398,187,transformer.decoder.block.11.layer.0.SelfAttention.v.weight
t5-base,quartz,1.3706459999084473,188,transformer.decoder.block.11.layer.0.SelfAttention.o.weight
t5-base,quartz,1.6320656538009644,189,transformer.decoder.block.11.layer.1.EncDecAttention.q.weight
t5-base,quartz,1.7462010383605957,190,transformer.decoder.block.11.layer.1.EncDecAttention.k.weight
t5-base,quartz,1.7382581233978271,191,transformer.decoder.block.11.layer.1.EncDecAttention.v.weight
t5-base,quartz,1.726833701133728,192,transformer.decoder.block.11.layer.1.EncDecAttention.o.weight
t5-base,quartz,3.669814109802246,193,transformer.decoder.block.11.layer.2.DenseReluDense.wi.weight
t5-base,quartz,4.001260280609131,194,transformer.decoder.block.11.layer.2.DenseReluDense.wo.weight
t5-base,paws,8.978693008422852,0,transformer.shared.weight
t5-base,paws,0.7791094183921814,1,transformer.encoder.block.0.layer.0.SelfAttention.q.weight
t5-base,paws,0.7927929162979126,2,transformer.encoder.block.0.layer.0.SelfAttention.k.weight
t5-base,paws,0.8549995422363281,3,transformer.encoder.block.0.layer.0.SelfAttention.v.weight
t5-base,paws,0.8800851106643677,4,transformer.encoder.block.0.layer.0.SelfAttention.o.weight
t5-base,paws,0.04726966843008995,5,transformer.encoder.block.0.layer.0.SelfAttention.relative_attention_bias.weight
t5-base,paws,3.1940906047821045,6,transformer.encoder.block.0.layer.1.DenseReluDense.wi.weight
t5-base,paws,3.321664333343506,7,transformer.encoder.block.0.layer.1.DenseReluDense.wo.weight
t5-base,paws,0.8725408315658569,8,transformer.encoder.block.1.layer.0.SelfAttention.q.weight
t5-base,paws,0.8869693279266357,9,transformer.encoder.block.1.layer.0.SelfAttention.k.weight
t5-base,paws,0.8973508477210999,10,transformer.encoder.block.1.layer.0.SelfAttention.v.weight
t5-base,paws,0.9012138843536377,11,transformer.encoder.block.1.layer.0.SelfAttention.o.weight
t5-base,paws,3.245640754699707,12,transformer.encoder.block.1.layer.1.DenseReluDense.wi.weight
t5-base,paws,3.53483247756958,13,transformer.encoder.block.1.layer.1.DenseReluDense.wo.weight
t5-base,paws,0.9406935572624207,14,transformer.encoder.block.2.layer.0.SelfAttention.q.weight
t5-base,paws,0.966984748840332,15,transformer.encoder.block.2.layer.0.SelfAttention.k.weight
t5-base,paws,1.0409369468688965,16,transformer.encoder.block.2.layer.0.SelfAttention.v.weight
t5-base,paws,1.0284245014190674,17,transformer.encoder.block.2.layer.0.SelfAttention.o.weight
t5-base,paws,3.795055627822876,18,transformer.encoder.block.2.layer.1.DenseReluDense.wi.weight
t5-base,paws,4.122776031494141,19,transformer.encoder.block.2.layer.1.DenseReluDense.wo.weight
t5-base,paws,1.180620551109314,20,transformer.encoder.block.3.layer.0.SelfAttention.q.weight
t5-base,paws,1.2257505655288696,21,transformer.encoder.block.3.layer.0.SelfAttention.k.weight
t5-base,paws,1.1402804851531982,22,transformer.encoder.block.3.layer.0.SelfAttention.v.weight
t5-base,paws,1.1163029670715332,23,transformer.encoder.block.3.layer.0.SelfAttention.o.weight
t5-base,paws,4.071095943450928,24,transformer.encoder.block.3.layer.1.DenseReluDense.wi.weight
t5-base,paws,4.455158710479736,25,transformer.encoder.block.3.layer.1.DenseReluDense.wo.weight
t5-base,paws,1.2091268301010132,26,transformer.encoder.block.4.layer.0.SelfAttention.q.weight
t5-base,paws,1.2980738878250122,27,transformer.encoder.block.4.layer.0.SelfAttention.k.weight
t5-base,paws,1.3595263957977295,28,transformer.encoder.block.4.layer.0.SelfAttention.v.weight
t5-base,paws,1.2101541757583618,29,transformer.encoder.block.4.layer.0.SelfAttention.o.weight
t5-base,paws,4.1549811363220215,30,transformer.encoder.block.4.layer.1.DenseReluDense.wi.weight
t5-base,paws,4.4873504638671875,31,transformer.encoder.block.4.layer.1.DenseReluDense.wo.weight
t5-base,paws,1.2411925792694092,32,transformer.encoder.block.5.layer.0.SelfAttention.q.weight
t5-base,paws,1.2748855352401733,33,transformer.encoder.block.5.layer.0.SelfAttention.k.weight
t5-base,paws,1.3314974308013916,34,transformer.encoder.block.5.layer.0.SelfAttention.v.weight
t5-base,paws,1.3118877410888672,35,transformer.encoder.block.5.layer.0.SelfAttention.o.weight
t5-base,paws,4.161444664001465,36,transformer.encoder.block.5.layer.1.DenseReluDense.wi.weight
t5-base,paws,4.497843265533447,37,transformer.encoder.block.5.layer.1.DenseReluDense.wo.weight
t5-base,paws,1.3125756978988647,38,transformer.encoder.block.6.layer.0.SelfAttention.q.weight
t5-base,paws,1.386803388595581,39,transformer.encoder.block.6.layer.0.SelfAttention.k.weight
t5-base,paws,1.370262861251831,40,transformer.encoder.block.6.layer.0.SelfAttention.v.weight
t5-base,paws,1.3022336959838867,41,transformer.encoder.block.6.layer.0.SelfAttention.o.weight
t5-base,paws,4.259679794311523,42,transformer.encoder.block.6.layer.1.DenseReluDense.wi.weight
t5-base,paws,4.494421005249023,43,transformer.encoder.block.6.layer.1.DenseReluDense.wo.weight
t5-base,paws,1.522178053855896,44,transformer.encoder.block.7.layer.0.SelfAttention.q.weight
t5-base,paws,1.5766808986663818,45,transformer.encoder.block.7.layer.0.SelfAttention.k.weight
t5-base,paws,1.536845326423645,46,transformer.encoder.block.7.layer.0.SelfAttention.v.weight
t5-base,paws,1.4295998811721802,47,transformer.encoder.block.7.layer.0.SelfAttention.o.weight
t5-base,paws,4.427258491516113,48,transformer.encoder.block.7.layer.1.DenseReluDense.wi.weight
t5-base,paws,4.694182872772217,49,transformer.encoder.block.7.layer.1.DenseReluDense.wo.weight
t5-base,paws,1.6879005432128906,50,transformer.encoder.block.8.layer.0.SelfAttention.q.weight
t5-base,paws,1.8040333986282349,51,transformer.encoder.block.8.layer.0.SelfAttention.k.weight
t5-base,paws,1.6292725801467896,52,transformer.encoder.block.8.layer.0.SelfAttention.v.weight
t5-base,paws,1.461427927017212,53,transformer.encoder.block.8.layer.0.SelfAttention.o.weight
t5-base,paws,4.305065631866455,54,transformer.encoder.block.8.layer.1.DenseReluDense.wi.weight
t5-base,paws,4.665680408477783,55,transformer.encoder.block.8.layer.1.DenseReluDense.wo.weight
t5-base,paws,1.5941061973571777,56,transformer.encoder.block.9.layer.0.SelfAttention.q.weight
t5-base,paws,1.7357277870178223,57,transformer.encoder.block.9.layer.0.SelfAttention.k.weight
t5-base,paws,1.4591708183288574,58,transformer.encoder.block.9.layer.0.SelfAttention.v.weight
t5-base,paws,1.3379138708114624,59,transformer.encoder.block.9.layer.0.SelfAttention.o.weight
t5-base,paws,3.9430041313171387,60,transformer.encoder.block.9.layer.1.DenseReluDense.wi.weight
t5-base,paws,4.3776068687438965,61,transformer.encoder.block.9.layer.1.DenseReluDense.wo.weight
t5-base,paws,1.4501996040344238,62,transformer.encoder.block.10.layer.0.SelfAttention.q.weight
t5-base,paws,1.57949960231781,63,transformer.encoder.block.10.layer.0.SelfAttention.k.weight
t5-base,paws,1.460403561592102,64,transformer.encoder.block.10.layer.0.SelfAttention.v.weight
t5-base,paws,1.479921579360962,65,transformer.encoder.block.10.layer.0.SelfAttention.o.weight
t5-base,paws,3.717578887939453,66,transformer.encoder.block.10.layer.1.DenseReluDense.wi.weight
t5-base,paws,4.0103936195373535,67,transformer.encoder.block.10.layer.1.DenseReluDense.wo.weight
t5-base,paws,1.1611579656600952,68,transformer.encoder.block.11.layer.0.SelfAttention.q.weight
t5-base,paws,1.2651742696762085,69,transformer.encoder.block.11.layer.0.SelfAttention.k.weight
t5-base,paws,1.249863862991333,70,transformer.encoder.block.11.layer.0.SelfAttention.v.weight
t5-base,paws,1.352974772453308,71,transformer.encoder.block.11.layer.0.SelfAttention.o.weight
t5-base,paws,3.235335111618042,72,transformer.encoder.block.11.layer.1.DenseReluDense.wi.weight
t5-base,paws,3.4197235107421875,73,transformer.encoder.block.11.layer.1.DenseReluDense.wo.weight
t5-base,paws,0.90092533826828,74,transformer.decoder.block.0.layer.0.SelfAttention.q.weight
t5-base,paws,0.6723124384880066,75,transformer.decoder.block.0.layer.0.SelfAttention.k.weight
t5-base,paws,0.6887234449386597,76,transformer.decoder.block.0.layer.0.SelfAttention.v.weight
t5-base,paws,0.7300381660461426,77,transformer.decoder.block.0.layer.0.SelfAttention.o.weight
t5-base,paws,0.0037261785473674536,78,transformer.decoder.block.0.layer.0.SelfAttention.relative_attention_bias.weight
t5-base,paws,0.5982061624526978,79,transformer.decoder.block.0.layer.1.EncDecAttention.q.weight
t5-base,paws,0.6341632604598999,80,transformer.decoder.block.0.layer.1.EncDecAttention.k.weight
t5-base,paws,0.8671388626098633,81,transformer.decoder.block.0.layer.1.EncDecAttention.v.weight
t5-base,paws,0.8954640030860901,82,transformer.decoder.block.0.layer.1.EncDecAttention.o.weight
t5-base,paws,1.6199153661727905,83,transformer.decoder.block.0.layer.2.DenseReluDense.wi.weight
t5-base,paws,1.647003412246704,84,transformer.decoder.block.0.layer.2.DenseReluDense.wo.weight
t5-base,paws,0.5690965056419373,85,transformer.decoder.block.1.layer.0.SelfAttention.q.weight
t5-base,paws,0.5659493207931519,86,transformer.decoder.block.1.layer.0.SelfAttention.k.weight
t5-base,paws,0.9744758009910583,87,transformer.decoder.block.1.layer.0.SelfAttention.v.weight
t5-base,paws,0.9554257392883301,88,transformer.decoder.block.1.layer.0.SelfAttention.o.weight
t5-base,paws,0.6967577934265137,89,transformer.decoder.block.1.layer.1.EncDecAttention.q.weight
t5-base,paws,0.7659239172935486,90,transformer.decoder.block.1.layer.1.EncDecAttention.k.weight
t5-base,paws,0.9900836944580078,91,transformer.decoder.block.1.layer.1.EncDecAttention.v.weight
t5-base,paws,0.9501364231109619,92,transformer.decoder.block.1.layer.1.EncDecAttention.o.weight
t5-base,paws,1.4912484884262085,93,transformer.decoder.block.1.layer.2.DenseReluDense.wi.weight
t5-base,paws,1.4548770189285278,94,transformer.decoder.block.1.layer.2.DenseReluDense.wo.weight
t5-base,paws,0.5379912853240967,95,transformer.decoder.block.2.layer.0.SelfAttention.q.weight
t5-base,paws,0.5245054960250854,96,transformer.decoder.block.2.layer.0.SelfAttention.k.weight
t5-base,paws,1.0270081758499146,97,transformer.decoder.block.2.layer.0.SelfAttention.v.weight
t5-base,paws,0.9973285794258118,98,transformer.decoder.block.2.layer.0.SelfAttention.o.weight
t5-base,paws,0.7131426930427551,99,transformer.decoder.block.2.layer.1.EncDecAttention.q.weight
t5-base,paws,0.8544331192970276,100,transformer.decoder.block.2.layer.1.EncDecAttention.k.weight
t5-base,paws,0.9472154974937439,101,transformer.decoder.block.2.layer.1.EncDecAttention.v.weight
t5-base,paws,0.92886883020401,102,transformer.decoder.block.2.layer.1.EncDecAttention.o.weight
t5-base,paws,1.5379754304885864,103,transformer.decoder.block.2.layer.2.DenseReluDense.wi.weight
t5-base,paws,1.4904509782791138,104,transformer.decoder.block.2.layer.2.DenseReluDense.wo.weight
t5-base,paws,0.6062815189361572,105,transformer.decoder.block.3.layer.0.SelfAttention.q.weight
t5-base,paws,0.5988867282867432,106,transformer.decoder.block.3.layer.0.SelfAttention.k.weight
t5-base,paws,1.0991733074188232,107,transformer.decoder.block.3.layer.0.SelfAttention.v.weight
t5-base,paws,1.0642774105072021,108,transformer.decoder.block.3.layer.0.SelfAttention.o.weight
t5-base,paws,0.7815918326377869,109,transformer.decoder.block.3.layer.1.EncDecAttention.q.weight
t5-base,paws,1.0163905620574951,110,transformer.decoder.block.3.layer.1.EncDecAttention.k.weight
t5-base,paws,1.073784589767456,111,transformer.decoder.block.3.layer.1.EncDecAttention.v.weight
t5-base,paws,0.9932975769042969,112,transformer.decoder.block.3.layer.1.EncDecAttention.o.weight
t5-base,paws,1.6733919382095337,113,transformer.decoder.block.3.layer.2.DenseReluDense.wi.weight
t5-base,paws,1.5972509384155273,114,transformer.decoder.block.3.layer.2.DenseReluDense.wo.weight
t5-base,paws,0.696209728717804,115,transformer.decoder.block.4.layer.0.SelfAttention.q.weight
t5-base,paws,0.6641578078269958,116,transformer.decoder.block.4.layer.0.SelfAttention.k.weight
t5-base,paws,1.0509544610977173,117,transformer.decoder.block.4.layer.0.SelfAttention.v.weight
t5-base,paws,1.05340576171875,118,transformer.decoder.block.4.layer.0.SelfAttention.o.weight
t5-base,paws,0.7948808670043945,119,transformer.decoder.block.4.layer.1.EncDecAttention.q.weight
t5-base,paws,1.0081355571746826,120,transformer.decoder.block.4.layer.1.EncDecAttention.k.weight
t5-base,paws,1.2293636798858643,121,transformer.decoder.block.4.layer.1.EncDecAttention.v.weight
t5-base,paws,1.1076864004135132,122,transformer.decoder.block.4.layer.1.EncDecAttention.o.weight
t5-base,paws,1.6123007535934448,123,transformer.decoder.block.4.layer.2.DenseReluDense.wi.weight
t5-base,paws,1.596043348312378,124,transformer.decoder.block.4.layer.2.DenseReluDense.wo.weight
t5-base,paws,0.5864949822425842,125,transformer.decoder.block.5.layer.0.SelfAttention.q.weight
t5-base,paws,0.5837453007698059,126,transformer.decoder.block.5.layer.0.SelfAttention.k.weight
t5-base,paws,1.0781630277633667,127,transformer.decoder.block.5.layer.0.SelfAttention.v.weight
t5-base,paws,1.1119425296783447,128,transformer.decoder.block.5.layer.0.SelfAttention.o.weight
t5-base,paws,0.9071528315544128,129,transformer.decoder.block.5.layer.1.EncDecAttention.q.weight
t5-base,paws,1.176292896270752,130,transformer.decoder.block.5.layer.1.EncDecAttention.k.weight
t5-base,paws,1.4676899909973145,131,transformer.decoder.block.5.layer.1.EncDecAttention.v.weight
t5-base,paws,1.2977157831192017,132,transformer.decoder.block.5.layer.1.EncDecAttention.o.weight
t5-base,paws,2.01242995262146,133,transformer.decoder.block.5.layer.2.DenseReluDense.wi.weight
t5-base,paws,2.061284303665161,134,transformer.decoder.block.5.layer.2.DenseReluDense.wo.weight
t5-base,paws,0.5541485548019409,135,transformer.decoder.block.6.layer.0.SelfAttention.q.weight
t5-base,paws,0.5550348162651062,136,transformer.decoder.block.6.layer.0.SelfAttention.k.weight
t5-base,paws,1.1347774267196655,137,transformer.decoder.block.6.layer.0.SelfAttention.v.weight
t5-base,paws,1.1281962394714355,138,transformer.decoder.block.6.layer.0.SelfAttention.o.weight
t5-base,paws,1.1333996057510376,139,transformer.decoder.block.6.layer.1.EncDecAttention.q.weight
t5-base,paws,1.322241187095642,140,transformer.decoder.block.6.layer.1.EncDecAttention.k.weight
t5-base,paws,1.609485387802124,141,transformer.decoder.block.6.layer.1.EncDecAttention.v.weight
t5-base,paws,1.4579609632492065,142,transformer.decoder.block.6.layer.1.EncDecAttention.o.weight
t5-base,paws,2.4326982498168945,143,transformer.decoder.block.6.layer.2.DenseReluDense.wi.weight
t5-base,paws,2.304309844970703,144,transformer.decoder.block.6.layer.2.DenseReluDense.wo.weight
t5-base,paws,0.5667968392372131,145,transformer.decoder.block.7.layer.0.SelfAttention.q.weight
t5-base,paws,0.5591158866882324,146,transformer.decoder.block.7.layer.0.SelfAttention.k.weight
t5-base,paws,1.149215817451477,147,transformer.decoder.block.7.layer.0.SelfAttention.v.weight
t5-base,paws,1.1780222654342651,148,transformer.decoder.block.7.layer.0.SelfAttention.o.weight
t5-base,paws,1.1012226343154907,149,transformer.decoder.block.7.layer.1.EncDecAttention.q.weight
t5-base,paws,1.1269633769989014,150,transformer.decoder.block.7.layer.1.EncDecAttention.k.weight
t5-base,paws,1.2875242233276367,151,transformer.decoder.block.7.layer.1.EncDecAttention.v.weight
t5-base,paws,1.2044733762741089,152,transformer.decoder.block.7.layer.1.EncDecAttention.o.weight
t5-base,paws,2.415072202682495,153,transformer.decoder.block.7.layer.2.DenseReluDense.wi.weight
t5-base,paws,2.4427545070648193,154,transformer.decoder.block.7.layer.2.DenseReluDense.wo.weight
t5-base,paws,0.5721188187599182,155,transformer.decoder.block.8.layer.0.SelfAttention.q.weight
t5-base,paws,0.5823579430580139,156,transformer.decoder.block.8.layer.0.SelfAttention.k.weight
t5-base,paws,1.1850441694259644,157,transformer.decoder.block.8.layer.0.SelfAttention.v.weight
t5-base,paws,1.1917393207550049,158,transformer.decoder.block.8.layer.0.SelfAttention.o.weight
t5-base,paws,1.201714277267456,159,transformer.decoder.block.8.layer.1.EncDecAttention.q.weight
t5-base,paws,1.2332466840744019,160,transformer.decoder.block.8.layer.1.EncDecAttention.k.weight
t5-base,paws,1.348280429840088,161,transformer.decoder.block.8.layer.1.EncDecAttention.v.weight
t5-base,paws,1.311597466468811,162,transformer.decoder.block.8.layer.1.EncDecAttention.o.weight
t5-base,paws,2.276625156402588,163,transformer.decoder.block.8.layer.2.DenseReluDense.wi.weight
t5-base,paws,2.364845037460327,164,transformer.decoder.block.8.layer.2.DenseReluDense.wo.weight
t5-base,paws,0.5885230898857117,165,transformer.decoder.block.9.layer.0.SelfAttention.q.weight
t5-base,paws,0.582656979560852,166,transformer.decoder.block.9.layer.0.SelfAttention.k.weight
t5-base,paws,1.132655382156372,167,transformer.decoder.block.9.layer.0.SelfAttention.v.weight
t5-base,paws,1.220381736755371,168,transformer.decoder.block.9.layer.0.SelfAttention.o.weight
t5-base,paws,1.1417120695114136,169,transformer.decoder.block.9.layer.1.EncDecAttention.q.weight
t5-base,paws,1.0754315853118896,170,transformer.decoder.block.9.layer.1.EncDecAttention.k.weight
t5-base,paws,1.2015386819839478,171,transformer.decoder.block.9.layer.1.EncDecAttention.v.weight
t5-base,paws,1.138478398323059,172,transformer.decoder.block.9.layer.1.EncDecAttention.o.weight
t5-base,paws,2.2711052894592285,173,transformer.decoder.block.9.layer.2.DenseReluDense.wi.weight
t5-base,paws,2.403221607208252,174,transformer.decoder.block.9.layer.2.DenseReluDense.wo.weight
t5-base,paws,0.6951470971107483,175,transformer.decoder.block.10.layer.0.SelfAttention.q.weight
t5-base,paws,0.7258904576301575,176,transformer.decoder.block.10.layer.0.SelfAttention.k.weight
t5-base,paws,1.1709035634994507,177,transformer.decoder.block.10.layer.0.SelfAttention.v.weight
t5-base,paws,1.2099117040634155,178,transformer.decoder.block.10.layer.0.SelfAttention.o.weight
t5-base,paws,1.0525223016738892,179,transformer.decoder.block.10.layer.1.EncDecAttention.q.weight
t5-base,paws,0.9552832245826721,180,transformer.decoder.block.10.layer.1.EncDecAttention.k.weight
t5-base,paws,1.151749849319458,181,transformer.decoder.block.10.layer.1.EncDecAttention.v.weight
t5-base,paws,1.1029664278030396,182,transformer.decoder.block.10.layer.1.EncDecAttention.o.weight
t5-base,paws,1.912302017211914,183,transformer.decoder.block.10.layer.2.DenseReluDense.wi.weight
t5-base,paws,1.9699257612228394,184,transformer.decoder.block.10.layer.2.DenseReluDense.wo.weight
t5-base,paws,0.5765182375907898,185,transformer.decoder.block.11.layer.0.SelfAttention.q.weight
t5-base,paws,0.5728781223297119,186,transformer.decoder.block.11.layer.0.SelfAttention.k.weight
t5-base,paws,1.1296855211257935,187,transformer.decoder.block.11.layer.0.SelfAttention.v.weight
t5-base,paws,1.1938130855560303,188,transformer.decoder.block.11.layer.0.SelfAttention.o.weight
t5-base,paws,0.9537562727928162,189,transformer.decoder.block.11.layer.1.EncDecAttention.q.weight
t5-base,paws,0.9307905435562134,190,transformer.decoder.block.11.layer.1.EncDecAttention.k.weight
t5-base,paws,1.1537657976150513,191,transformer.decoder.block.11.layer.1.EncDecAttention.v.weight
t5-base,paws,1.1293134689331055,192,transformer.decoder.block.11.layer.1.EncDecAttention.o.weight
t5-base,paws,1.733327865600586,193,transformer.decoder.block.11.layer.2.DenseReluDense.wi.weight
t5-base,paws,1.9066869020462036,194,transformer.decoder.block.11.layer.2.DenseReluDense.wo.weight
t5-base,story_cloze,3.630936861038208,0,transformer.shared.weight
t5-base,story_cloze,0.8552433252334595,1,transformer.encoder.block.0.layer.0.SelfAttention.q.weight
t5-base,story_cloze,0.8540303111076355,2,transformer.encoder.block.0.layer.0.SelfAttention.k.weight
t5-base,story_cloze,0.8708346486091614,3,transformer.encoder.block.0.layer.0.SelfAttention.v.weight
t5-base,story_cloze,0.9023313522338867,4,transformer.encoder.block.0.layer.0.SelfAttention.o.weight
t5-base,story_cloze,0.018241586163640022,5,transformer.encoder.block.0.layer.0.SelfAttention.relative_attention_bias.weight
t5-base,story_cloze,1.5213459730148315,6,transformer.encoder.block.0.layer.1.DenseReluDense.wi.weight
t5-base,story_cloze,1.5305604934692383,7,transformer.encoder.block.0.layer.1.DenseReluDense.wo.weight
t5-base,story_cloze,0.7958648204803467,8,transformer.encoder.block.1.layer.0.SelfAttention.q.weight
t5-base,story_cloze,0.8093754649162292,9,transformer.encoder.block.1.layer.0.SelfAttention.k.weight
t5-base,story_cloze,0.8808327317237854,10,transformer.encoder.block.1.layer.0.SelfAttention.v.weight
t5-base,story_cloze,0.9194279909133911,11,transformer.encoder.block.1.layer.0.SelfAttention.o.weight
t5-base,story_cloze,1.5035240650177002,12,transformer.encoder.block.1.layer.1.DenseReluDense.wi.weight
t5-base,story_cloze,1.5265772342681885,13,transformer.encoder.block.1.layer.1.DenseReluDense.wo.weight
t5-base,story_cloze,0.8376209735870361,14,transformer.encoder.block.2.layer.0.SelfAttention.q.weight
t5-base,story_cloze,0.8466136455535889,15,transformer.encoder.block.2.layer.0.SelfAttention.k.weight
t5-base,story_cloze,0.8820555210113525,16,transformer.encoder.block.2.layer.0.SelfAttention.v.weight
t5-base,story_cloze,0.9316743612289429,17,transformer.encoder.block.2.layer.0.SelfAttention.o.weight
t5-base,story_cloze,1.4136823415756226,18,transformer.encoder.block.2.layer.1.DenseReluDense.wi.weight
t5-base,story_cloze,1.423872709274292,19,transformer.encoder.block.2.layer.1.DenseReluDense.wo.weight
t5-base,story_cloze,0.7913894057273865,20,transformer.encoder.block.3.layer.0.SelfAttention.q.weight
t5-base,story_cloze,0.8004268407821655,21,transformer.encoder.block.3.layer.0.SelfAttention.k.weight
t5-base,story_cloze,0.8809372186660767,22,transformer.encoder.block.3.layer.0.SelfAttention.v.weight
t5-base,story_cloze,0.9187391400337219,23,transformer.encoder.block.3.layer.0.SelfAttention.o.weight
t5-base,story_cloze,1.343428134918213,24,transformer.encoder.block.3.layer.1.DenseReluDense.wi.weight
t5-base,story_cloze,1.3942979574203491,25,transformer.encoder.block.3.layer.1.DenseReluDense.wo.weight
t5-base,story_cloze,0.7964768409729004,26,transformer.encoder.block.4.layer.0.SelfAttention.q.weight
t5-base,story_cloze,0.8090633749961853,27,transformer.encoder.block.4.layer.0.SelfAttention.k.weight
t5-base,story_cloze,0.8864079117774963,28,transformer.encoder.block.4.layer.0.SelfAttention.v.weight
t5-base,story_cloze,0.9292181134223938,29,transformer.encoder.block.4.layer.0.SelfAttention.o.weight
t5-base,story_cloze,1.337577223777771,30,transformer.encoder.block.4.layer.1.DenseReluDense.wi.weight
t5-base,story_cloze,1.4159491062164307,31,transformer.encoder.block.4.layer.1.DenseReluDense.wo.weight
t5-base,story_cloze,0.802129864692688,32,transformer.encoder.block.5.layer.0.SelfAttention.q.weight
t5-base,story_cloze,0.8075800538063049,33,transformer.encoder.block.5.layer.0.SelfAttention.k.weight
t5-base,story_cloze,0.8640192151069641,34,transformer.encoder.block.5.layer.0.SelfAttention.v.weight
t5-base,story_cloze,0.9261286854743958,35,transformer.encoder.block.5.layer.0.SelfAttention.o.weight
t5-base,story_cloze,1.438048243522644,36,transformer.encoder.block.5.layer.1.DenseReluDense.wi.weight
t5-base,story_cloze,1.5119147300720215,37,transformer.encoder.block.5.layer.1.DenseReluDense.wo.weight
t5-base,story_cloze,0.8328537940979004,38,transformer.encoder.block.6.layer.0.SelfAttention.q.weight
t5-base,story_cloze,0.8416982293128967,39,transformer.encoder.block.6.layer.0.SelfAttention.k.weight
t5-base,story_cloze,0.9115468859672546,40,transformer.encoder.block.6.layer.0.SelfAttention.v.weight
t5-base,story_cloze,0.9425670504570007,41,transformer.encoder.block.6.layer.0.SelfAttention.o.weight
t5-base,story_cloze,1.437537431716919,42,transformer.encoder.block.6.layer.1.DenseReluDense.wi.weight
t5-base,story_cloze,1.5202758312225342,43,transformer.encoder.block.6.layer.1.DenseReluDense.wo.weight
t5-base,story_cloze,0.8010581135749817,44,transformer.encoder.block.7.layer.0.SelfAttention.q.weight
t5-base,story_cloze,0.796689510345459,45,transformer.encoder.block.7.layer.0.SelfAttention.k.weight
t5-base,story_cloze,0.9092563986778259,46,transformer.encoder.block.7.layer.0.SelfAttention.v.weight
t5-base,story_cloze,0.9608835577964783,47,transformer.encoder.block.7.layer.0.SelfAttention.o.weight
t5-base,story_cloze,1.4028935432434082,48,transformer.encoder.block.7.layer.1.DenseReluDense.wi.weight
t5-base,story_cloze,1.4333443641662598,49,transformer.encoder.block.7.layer.1.DenseReluDense.wo.weight
t5-base,story_cloze,0.7992974519729614,50,transformer.encoder.block.8.layer.0.SelfAttention.q.weight
t5-base,story_cloze,0.7913140654563904,51,transformer.encoder.block.8.layer.0.SelfAttention.k.weight
t5-base,story_cloze,0.8647156357765198,52,transformer.encoder.block.8.layer.0.SelfAttention.v.weight
t5-base,story_cloze,0.9215304851531982,53,transformer.encoder.block.8.layer.0.SelfAttention.o.weight
t5-base,story_cloze,1.4321831464767456,54,transformer.encoder.block.8.layer.1.DenseReluDense.wi.weight
t5-base,story_cloze,1.4818918704986572,55,transformer.encoder.block.8.layer.1.DenseReluDense.wo.weight
t5-base,story_cloze,0.8732079267501831,56,transformer.encoder.block.9.layer.0.SelfAttention.q.weight
t5-base,story_cloze,0.8854031562805176,57,transformer.encoder.block.9.layer.0.SelfAttention.k.weight
t5-base,story_cloze,0.8991944193840027,58,transformer.encoder.block.9.layer.0.SelfAttention.v.weight
t5-base,story_cloze,0.9536668062210083,59,transformer.encoder.block.9.layer.0.SelfAttention.o.weight
t5-base,story_cloze,1.4667582511901855,60,transformer.encoder.block.9.layer.1.DenseReluDense.wi.weight
t5-base,story_cloze,1.526916265487671,61,transformer.encoder.block.9.layer.1.DenseReluDense.wo.weight
t5-base,story_cloze,0.8325382471084595,62,transformer.encoder.block.10.layer.0.SelfAttention.q.weight
t5-base,story_cloze,0.83476322889328,63,transformer.encoder.block.10.layer.0.SelfAttention.k.weight
t5-base,story_cloze,0.8775105476379395,64,transformer.encoder.block.10.layer.0.SelfAttention.v.weight
t5-base,story_cloze,0.962965190410614,65,transformer.encoder.block.10.layer.0.SelfAttention.o.weight
t5-base,story_cloze,1.51825749874115,66,transformer.encoder.block.10.layer.1.DenseReluDense.wi.weight
t5-base,story_cloze,1.5817877054214478,67,transformer.encoder.block.10.layer.1.DenseReluDense.wo.weight
t5-base,story_cloze,0.8236465454101562,68,transformer.encoder.block.11.layer.0.SelfAttention.q.weight
t5-base,story_cloze,0.8303301334381104,69,transformer.encoder.block.11.layer.0.SelfAttention.k.weight
t5-base,story_cloze,0.8964304327964783,70,transformer.encoder.block.11.layer.0.SelfAttention.v.weight
t5-base,story_cloze,0.9598917365074158,71,transformer.encoder.block.11.layer.0.SelfAttention.o.weight
t5-base,story_cloze,1.7379462718963623,72,transformer.encoder.block.11.layer.1.DenseReluDense.wi.weight
t5-base,story_cloze,1.8765246868133545,73,transformer.encoder.block.11.layer.1.DenseReluDense.wo.weight
t5-base,story_cloze,0.0,74,transformer.decoder.block.0.layer.0.SelfAttention.q.weight
t5-base,story_cloze,0.0,75,transformer.decoder.block.0.layer.0.SelfAttention.k.weight
t5-base,story_cloze,0.8488640785217285,76,transformer.decoder.block.0.layer.0.SelfAttention.v.weight
t5-base,story_cloze,0.8459568619728088,77,transformer.decoder.block.0.layer.0.SelfAttention.o.weight
t5-base,story_cloze,0.0,78,transformer.decoder.block.0.layer.0.SelfAttention.relative_attention_bias.weight
t5-base,story_cloze,0.785747766494751,79,transformer.decoder.block.0.layer.1.EncDecAttention.q.weight
t5-base,story_cloze,0.8705036044120789,80,transformer.decoder.block.0.layer.1.EncDecAttention.k.weight
t5-base,story_cloze,0.9361929297447205,81,transformer.decoder.block.0.layer.1.EncDecAttention.v.weight
t5-base,story_cloze,0.9038949012756348,82,transformer.decoder.block.0.layer.1.EncDecAttention.o.weight
t5-base,story_cloze,0.8314114809036255,83,transformer.decoder.block.0.layer.2.DenseReluDense.wi.weight
t5-base,story_cloze,0.8855688571929932,84,transformer.decoder.block.0.layer.2.DenseReluDense.wo.weight
t5-base,story_cloze,0.0,85,transformer.decoder.block.1.layer.0.SelfAttention.q.weight
t5-base,story_cloze,0.0,86,transformer.decoder.block.1.layer.0.SelfAttention.k.weight
t5-base,story_cloze,1.0764394998550415,87,transformer.decoder.block.1.layer.0.SelfAttention.v.weight
t5-base,story_cloze,1.0197745561599731,88,transformer.decoder.block.1.layer.0.SelfAttention.o.weight
t5-base,story_cloze,1.133521318435669,89,transformer.decoder.block.1.layer.1.EncDecAttention.q.weight
t5-base,story_cloze,1.1145232915878296,90,transformer.decoder.block.1.layer.1.EncDecAttention.k.weight
t5-base,story_cloze,1.022507905960083,91,transformer.decoder.block.1.layer.1.EncDecAttention.v.weight
t5-base,story_cloze,1.0012247562408447,92,transformer.decoder.block.1.layer.1.EncDecAttention.o.weight
t5-base,story_cloze,0.8570425510406494,93,transformer.decoder.block.1.layer.2.DenseReluDense.wi.weight
t5-base,story_cloze,0.8747373819351196,94,transformer.decoder.block.1.layer.2.DenseReluDense.wo.weight
t5-base,story_cloze,0.0,95,transformer.decoder.block.2.layer.0.SelfAttention.q.weight
t5-base,story_cloze,0.0,96,transformer.decoder.block.2.layer.0.SelfAttention.k.weight
t5-base,story_cloze,1.0526716709136963,97,transformer.decoder.block.2.layer.0.SelfAttention.v.weight
t5-base,story_cloze,1.056317925453186,98,transformer.decoder.block.2.layer.0.SelfAttention.o.weight
t5-base,story_cloze,1.1371831893920898,99,transformer.decoder.block.2.layer.1.EncDecAttention.q.weight
t5-base,story_cloze,1.1421022415161133,100,transformer.decoder.block.2.layer.1.EncDecAttention.k.weight
t5-base,story_cloze,1.040184736251831,101,transformer.decoder.block.2.layer.1.EncDecAttention.v.weight
t5-base,story_cloze,1.0047950744628906,102,transformer.decoder.block.2.layer.1.EncDecAttention.o.weight
t5-base,story_cloze,0.7544850707054138,103,transformer.decoder.block.2.layer.2.DenseReluDense.wi.weight
t5-base,story_cloze,0.7901694178581238,104,transformer.decoder.block.2.layer.2.DenseReluDense.wo.weight
t5-base,story_cloze,0.0,105,transformer.decoder.block.3.layer.0.SelfAttention.q.weight
t5-base,story_cloze,0.0,106,transformer.decoder.block.3.layer.0.SelfAttention.k.weight
t5-base,story_cloze,1.0490949153900146,107,transformer.decoder.block.3.layer.0.SelfAttention.v.weight
t5-base,story_cloze,1.055508017539978,108,transformer.decoder.block.3.layer.0.SelfAttention.o.weight
t5-base,story_cloze,1.160447359085083,109,transformer.decoder.block.3.layer.1.EncDecAttention.q.weight
t5-base,story_cloze,1.1709957122802734,110,transformer.decoder.block.3.layer.1.EncDecAttention.k.weight
t5-base,story_cloze,1.0361229181289673,111,transformer.decoder.block.3.layer.1.EncDecAttention.v.weight
t5-base,story_cloze,1.045214295387268,112,transformer.decoder.block.3.layer.1.EncDecAttention.o.weight
t5-base,story_cloze,0.8689406514167786,113,transformer.decoder.block.3.layer.2.DenseReluDense.wi.weight
t5-base,story_cloze,0.9009406566619873,114,transformer.decoder.block.3.layer.2.DenseReluDense.wo.weight
t5-base,story_cloze,0.0,115,transformer.decoder.block.4.layer.0.SelfAttention.q.weight
t5-base,story_cloze,0.0,116,transformer.decoder.block.4.layer.0.SelfAttention.k.weight
t5-base,story_cloze,1.0485894680023193,117,transformer.decoder.block.4.layer.0.SelfAttention.v.weight
t5-base,story_cloze,1.0467709302902222,118,transformer.decoder.block.4.layer.0.SelfAttention.o.weight
t5-base,story_cloze,1.1029115915298462,119,transformer.decoder.block.4.layer.1.EncDecAttention.q.weight
t5-base,story_cloze,1.131293773651123,120,transformer.decoder.block.4.layer.1.EncDecAttention.k.weight
t5-base,story_cloze,1.0391169786453247,121,transformer.decoder.block.4.layer.1.EncDecAttention.v.weight
t5-base,story_cloze,1.0249742269515991,122,transformer.decoder.block.4.layer.1.EncDecAttention.o.weight
t5-base,story_cloze,1.098374605178833,123,transformer.decoder.block.4.layer.2.DenseReluDense.wi.weight
t5-base,story_cloze,1.1458401679992676,124,transformer.decoder.block.4.layer.2.DenseReluDense.wo.weight
t5-base,story_cloze,0.0,125,transformer.decoder.block.5.layer.0.SelfAttention.q.weight
t5-base,story_cloze,0.0,126,transformer.decoder.block.5.layer.0.SelfAttention.k.weight
t5-base,story_cloze,1.0413587093353271,127,transformer.decoder.block.5.layer.0.SelfAttention.v.weight
t5-base,story_cloze,1.03938627243042,128,transformer.decoder.block.5.layer.0.SelfAttention.o.weight
t5-base,story_cloze,1.14053475856781,129,transformer.decoder.block.5.layer.1.EncDecAttention.q.weight
t5-base,story_cloze,1.151746392250061,130,transformer.decoder.block.5.layer.1.EncDecAttention.k.weight
t5-base,story_cloze,1.0700615644454956,131,transformer.decoder.block.5.layer.1.EncDecAttention.v.weight
t5-base,story_cloze,0.9970703125,132,transformer.decoder.block.5.layer.1.EncDecAttention.o.weight
t5-base,story_cloze,1.3570191860198975,133,transformer.decoder.block.5.layer.2.DenseReluDense.wi.weight
t5-base,story_cloze,1.4374076128005981,134,transformer.decoder.block.5.layer.2.DenseReluDense.wo.weight
t5-base,story_cloze,0.0,135,transformer.decoder.block.6.layer.0.SelfAttention.q.weight
t5-base,story_cloze,0.0,136,transformer.decoder.block.6.layer.0.SelfAttention.k.weight
t5-base,story_cloze,1.0538729429244995,137,transformer.decoder.block.6.layer.0.SelfAttention.v.weight
t5-base,story_cloze,1.0075312852859497,138,transformer.decoder.block.6.layer.0.SelfAttention.o.weight
t5-base,story_cloze,1.1072616577148438,139,transformer.decoder.block.6.layer.1.EncDecAttention.q.weight
t5-base,story_cloze,1.1284152269363403,140,transformer.decoder.block.6.layer.1.EncDecAttention.k.weight
t5-base,story_cloze,1.0715925693511963,141,transformer.decoder.block.6.layer.1.EncDecAttention.v.weight
t5-base,story_cloze,0.9976202845573425,142,transformer.decoder.block.6.layer.1.EncDecAttention.o.weight
t5-base,story_cloze,1.5102368593215942,143,transformer.decoder.block.6.layer.2.DenseReluDense.wi.weight
t5-base,story_cloze,1.5970227718353271,144,transformer.decoder.block.6.layer.2.DenseReluDense.wo.weight
t5-base,story_cloze,0.0,145,transformer.decoder.block.7.layer.0.SelfAttention.q.weight
t5-base,story_cloze,0.0,146,transformer.decoder.block.7.layer.0.SelfAttention.k.weight
t5-base,story_cloze,1.0588033199310303,147,transformer.decoder.block.7.layer.0.SelfAttention.v.weight
t5-base,story_cloze,1.027574062347412,148,transformer.decoder.block.7.layer.0.SelfAttention.o.weight
t5-base,story_cloze,1.1396722793579102,149,transformer.decoder.block.7.layer.1.EncDecAttention.q.weight
t5-base,story_cloze,1.1846381425857544,150,transformer.decoder.block.7.layer.1.EncDecAttention.k.weight
t5-base,story_cloze,1.1493325233459473,151,transformer.decoder.block.7.layer.1.EncDecAttention.v.weight
t5-base,story_cloze,1.0416514873504639,152,transformer.decoder.block.7.layer.1.EncDecAttention.o.weight
t5-base,story_cloze,1.575668215751648,153,transformer.decoder.block.7.layer.2.DenseReluDense.wi.weight
t5-base,story_cloze,1.6479729413986206,154,transformer.decoder.block.7.layer.2.DenseReluDense.wo.weight
t5-base,story_cloze,0.0,155,transformer.decoder.block.8.layer.0.SelfAttention.q.weight
t5-base,story_cloze,0.0,156,transformer.decoder.block.8.layer.0.SelfAttention.k.weight
t5-base,story_cloze,1.075195074081421,157,transformer.decoder.block.8.layer.0.SelfAttention.v.weight
t5-base,story_cloze,1.0426374673843384,158,transformer.decoder.block.8.layer.0.SelfAttention.o.weight
t5-base,story_cloze,1.1502468585968018,159,transformer.decoder.block.8.layer.1.EncDecAttention.q.weight
t5-base,story_cloze,1.1463067531585693,160,transformer.decoder.block.8.layer.1.EncDecAttention.k.weight
t5-base,story_cloze,1.1501044034957886,161,transformer.decoder.block.8.layer.1.EncDecAttention.v.weight
t5-base,story_cloze,1.0994207859039307,162,transformer.decoder.block.8.layer.1.EncDecAttention.o.weight
t5-base,story_cloze,1.6934438943862915,163,transformer.decoder.block.8.layer.2.DenseReluDense.wi.weight
t5-base,story_cloze,1.782047986984253,164,transformer.decoder.block.8.layer.2.DenseReluDense.wo.weight
t5-base,story_cloze,0.0,165,transformer.decoder.block.9.layer.0.SelfAttention.q.weight
t5-base,story_cloze,0.0,166,transformer.decoder.block.9.layer.0.SelfAttention.k.weight
t5-base,story_cloze,1.1394482851028442,167,transformer.decoder.block.9.layer.0.SelfAttention.v.weight
t5-base,story_cloze,1.0510280132293701,168,transformer.decoder.block.9.layer.0.SelfAttention.o.weight
t5-base,story_cloze,1.1393219232559204,169,transformer.decoder.block.9.layer.1.EncDecAttention.q.weight
t5-base,story_cloze,1.1152427196502686,170,transformer.decoder.block.9.layer.1.EncDecAttention.k.weight
t5-base,story_cloze,1.0723471641540527,171,transformer.decoder.block.9.layer.1.EncDecAttention.v.weight
t5-base,story_cloze,1.0451136827468872,172,transformer.decoder.block.9.layer.1.EncDecAttention.o.weight
t5-base,story_cloze,1.7472233772277832,173,transformer.decoder.block.9.layer.2.DenseReluDense.wi.weight
t5-base,story_cloze,1.864622950553894,174,transformer.decoder.block.9.layer.2.DenseReluDense.wo.weight
t5-base,story_cloze,0.0,175,transformer.decoder.block.10.layer.0.SelfAttention.q.weight
t5-base,story_cloze,0.0,176,transformer.decoder.block.10.layer.0.SelfAttention.k.weight
t5-base,story_cloze,1.1285400390625,177,transformer.decoder.block.10.layer.0.SelfAttention.v.weight
t5-base,story_cloze,1.1073397397994995,178,transformer.decoder.block.10.layer.0.SelfAttention.o.weight
t5-base,story_cloze,1.1120492219924927,179,transformer.decoder.block.10.layer.1.EncDecAttention.q.weight
t5-base,story_cloze,1.0243507623672485,180,transformer.decoder.block.10.layer.1.EncDecAttention.k.weight
t5-base,story_cloze,1.0518583059310913,181,transformer.decoder.block.10.layer.1.EncDecAttention.v.weight
t5-base,story_cloze,1.0792884826660156,182,transformer.decoder.block.10.layer.1.EncDecAttention.o.weight
t5-base,story_cloze,1.476698398590088,183,transformer.decoder.block.10.layer.2.DenseReluDense.wi.weight
t5-base,story_cloze,1.5835100412368774,184,transformer.decoder.block.10.layer.2.DenseReluDense.wo.weight
t5-base,story_cloze,0.0,185,transformer.decoder.block.11.layer.0.SelfAttention.q.weight
t5-base,story_cloze,0.0,186,transformer.decoder.block.11.layer.0.SelfAttention.k.weight
t5-base,story_cloze,1.1377489566802979,187,transformer.decoder.block.11.layer.0.SelfAttention.v.weight
t5-base,story_cloze,1.1389802694320679,188,transformer.decoder.block.11.layer.0.SelfAttention.o.weight
t5-base,story_cloze,1.0620782375335693,189,transformer.decoder.block.11.layer.1.EncDecAttention.q.weight
t5-base,story_cloze,0.9690362811088562,190,transformer.decoder.block.11.layer.1.EncDecAttention.k.weight
t5-base,story_cloze,1.0074572563171387,191,transformer.decoder.block.11.layer.1.EncDecAttention.v.weight
t5-base,story_cloze,1.0546597242355347,192,transformer.decoder.block.11.layer.1.EncDecAttention.o.weight
t5-base,story_cloze,1.197000503540039,193,transformer.decoder.block.11.layer.2.DenseReluDense.wi.weight
t5-base,story_cloze,1.3743350505828857,194,transformer.decoder.block.11.layer.2.DenseReluDense.wo.weight
t5-base,winogrande,8.290534973144531,0,transformer.shared.weight
t5-base,winogrande,0.8564178347587585,1,transformer.encoder.block.0.layer.0.SelfAttention.q.weight
t5-base,winogrande,0.8743982911109924,2,transformer.encoder.block.0.layer.0.SelfAttention.k.weight
t5-base,winogrande,0.9798884391784668,3,transformer.encoder.block.0.layer.0.SelfAttention.v.weight
t5-base,winogrande,0.9712668657302856,4,transformer.encoder.block.0.layer.0.SelfAttention.o.weight
t5-base,winogrande,0.02873256988823414,5,transformer.encoder.block.0.layer.0.SelfAttention.relative_attention_bias.weight
t5-base,winogrande,2.043375015258789,6,transformer.encoder.block.0.layer.1.DenseReluDense.wi.weight
t5-base,winogrande,2.0688960552215576,7,transformer.encoder.block.0.layer.1.DenseReluDense.wo.weight
t5-base,winogrande,0.8514811992645264,8,transformer.encoder.block.1.layer.0.SelfAttention.q.weight
t5-base,winogrande,0.8594608902931213,9,transformer.encoder.block.1.layer.0.SelfAttention.k.weight
t5-base,winogrande,0.9267621636390686,10,transformer.encoder.block.1.layer.0.SelfAttention.v.weight
t5-base,winogrande,0.9368149042129517,11,transformer.encoder.block.1.layer.0.SelfAttention.o.weight
t5-base,winogrande,1.957805871963501,12,transformer.encoder.block.1.layer.1.DenseReluDense.wi.weight
t5-base,winogrande,2.028596878051758,13,transformer.encoder.block.1.layer.1.DenseReluDense.wo.weight
t5-base,winogrande,0.884280264377594,14,transformer.encoder.block.2.layer.0.SelfAttention.q.weight
t5-base,winogrande,0.9136686325073242,15,transformer.encoder.block.2.layer.0.SelfAttention.k.weight
t5-base,winogrande,0.9781696200370789,16,transformer.encoder.block.2.layer.0.SelfAttention.v.weight
t5-base,winogrande,0.9825906157493591,17,transformer.encoder.block.2.layer.0.SelfAttention.o.weight
t5-base,winogrande,1.9674718379974365,18,transformer.encoder.block.2.layer.1.DenseReluDense.wi.weight
t5-base,winogrande,2.0395021438598633,19,transformer.encoder.block.2.layer.1.DenseReluDense.wo.weight
t5-base,winogrande,0.8632422685623169,20,transformer.encoder.block.3.layer.0.SelfAttention.q.weight
t5-base,winogrande,0.8792969584465027,21,transformer.encoder.block.3.layer.0.SelfAttention.k.weight
t5-base,winogrande,0.9654647707939148,22,transformer.encoder.block.3.layer.0.SelfAttention.v.weight
t5-base,winogrande,0.9798359274864197,23,transformer.encoder.block.3.layer.0.SelfAttention.o.weight
t5-base,winogrande,2.056119441986084,24,transformer.encoder.block.3.layer.1.DenseReluDense.wi.weight
t5-base,winogrande,2.124736785888672,25,transformer.encoder.block.3.layer.1.DenseReluDense.wo.weight
t5-base,winogrande,0.8924283385276794,26,transformer.encoder.block.4.layer.0.SelfAttention.q.weight
t5-base,winogrande,0.8964148163795471,27,transformer.encoder.block.4.layer.0.SelfAttention.k.weight
t5-base,winogrande,0.9959614872932434,28,transformer.encoder.block.4.layer.0.SelfAttention.v.weight
t5-base,winogrande,1.0191493034362793,29,transformer.encoder.block.4.layer.0.SelfAttention.o.weight
t5-base,winogrande,2.10949969291687,30,transformer.encoder.block.4.layer.1.DenseReluDense.wi.weight
t5-base,winogrande,2.163513660430908,31,transformer.encoder.block.4.layer.1.DenseReluDense.wo.weight
t5-base,winogrande,0.8839820623397827,32,transformer.encoder.block.5.layer.0.SelfAttention.q.weight
t5-base,winogrande,0.8774964213371277,33,transformer.encoder.block.5.layer.0.SelfAttention.k.weight
t5-base,winogrande,0.9903468489646912,34,transformer.encoder.block.5.layer.0.SelfAttention.v.weight
t5-base,winogrande,1.0080931186676025,35,transformer.encoder.block.5.layer.0.SelfAttention.o.weight
t5-base,winogrande,2.253906011581421,36,transformer.encoder.block.5.layer.1.DenseReluDense.wi.weight
t5-base,winogrande,2.278782606124878,37,transformer.encoder.block.5.layer.1.DenseReluDense.wo.weight
t5-base,winogrande,0.9582127332687378,38,transformer.encoder.block.6.layer.0.SelfAttention.q.weight
t5-base,winogrande,0.9611977338790894,39,transformer.encoder.block.6.layer.0.SelfAttention.k.weight
t5-base,winogrande,1.0362471342086792,40,transformer.encoder.block.6.layer.0.SelfAttention.v.weight
t5-base,winogrande,1.0525790452957153,41,transformer.encoder.block.6.layer.0.SelfAttention.o.weight
t5-base,winogrande,2.372285842895508,42,transformer.encoder.block.6.layer.1.DenseReluDense.wi.weight
t5-base,winogrande,2.39831805229187,43,transformer.encoder.block.6.layer.1.DenseReluDense.wo.weight
t5-base,winogrande,0.9252725839614868,44,transformer.encoder.block.7.layer.0.SelfAttention.q.weight
t5-base,winogrande,0.9242718815803528,45,transformer.encoder.block.7.layer.0.SelfAttention.k.weight
t5-base,winogrande,1.093418836593628,46,transformer.encoder.block.7.layer.0.SelfAttention.v.weight
t5-base,winogrande,1.0768592357635498,47,transformer.encoder.block.7.layer.0.SelfAttention.o.weight
t5-base,winogrande,2.4643466472625732,48,transformer.encoder.block.7.layer.1.DenseReluDense.wi.weight
t5-base,winogrande,2.4473307132720947,49,transformer.encoder.block.7.layer.1.DenseReluDense.wo.weight
t5-base,winogrande,1.0688774585723877,50,transformer.encoder.block.8.layer.0.SelfAttention.q.weight
t5-base,winogrande,1.0895965099334717,51,transformer.encoder.block.8.layer.0.SelfAttention.k.weight
t5-base,winogrande,1.2205181121826172,52,transformer.encoder.block.8.layer.0.SelfAttention.v.weight
t5-base,winogrande,1.161570429801941,53,transformer.encoder.block.8.layer.0.SelfAttention.o.weight
t5-base,winogrande,2.740962505340576,54,transformer.encoder.block.8.layer.1.DenseReluDense.wi.weight
t5-base,winogrande,2.5675864219665527,55,transformer.encoder.block.8.layer.1.DenseReluDense.wo.weight
t5-base,winogrande,1.2334169149398804,56,transformer.encoder.block.9.layer.0.SelfAttention.q.weight
t5-base,winogrande,1.296599268913269,57,transformer.encoder.block.9.layer.0.SelfAttention.k.weight
t5-base,winogrande,1.2887203693389893,58,transformer.encoder.block.9.layer.0.SelfAttention.v.weight
t5-base,winogrande,1.2612943649291992,59,transformer.encoder.block.9.layer.0.SelfAttention.o.weight
t5-base,winogrande,2.460137128829956,60,transformer.encoder.block.9.layer.1.DenseReluDense.wi.weight
t5-base,winogrande,2.4387168884277344,61,transformer.encoder.block.9.layer.1.DenseReluDense.wo.weight
t5-base,winogrande,1.213796615600586,62,transformer.encoder.block.10.layer.0.SelfAttention.q.weight
t5-base,winogrande,1.2706291675567627,63,transformer.encoder.block.10.layer.0.SelfAttention.k.weight
t5-base,winogrande,1.2106966972351074,64,transformer.encoder.block.10.layer.0.SelfAttention.v.weight
t5-base,winogrande,1.1899356842041016,65,transformer.encoder.block.10.layer.0.SelfAttention.o.weight
t5-base,winogrande,2.450364351272583,66,transformer.encoder.block.10.layer.1.DenseReluDense.wi.weight
t5-base,winogrande,2.4609017372131348,67,transformer.encoder.block.10.layer.1.DenseReluDense.wo.weight
t5-base,winogrande,1.1955938339233398,68,transformer.encoder.block.11.layer.0.SelfAttention.q.weight
t5-base,winogrande,1.2206660509109497,69,transformer.encoder.block.11.layer.0.SelfAttention.k.weight
t5-base,winogrande,1.2334378957748413,70,transformer.encoder.block.11.layer.0.SelfAttention.v.weight
t5-base,winogrande,1.1554993391036987,71,transformer.encoder.block.11.layer.0.SelfAttention.o.weight
t5-base,winogrande,2.687446117401123,72,transformer.encoder.block.11.layer.1.DenseReluDense.wi.weight
t5-base,winogrande,2.639411211013794,73,transformer.encoder.block.11.layer.1.DenseReluDense.wo.weight
t5-base,winogrande,0.7482702136039734,74,transformer.decoder.block.0.layer.0.SelfAttention.q.weight
t5-base,winogrande,0.7387555241584778,75,transformer.decoder.block.0.layer.0.SelfAttention.k.weight
t5-base,winogrande,0.9077409505844116,76,transformer.decoder.block.0.layer.0.SelfAttention.v.weight
t5-base,winogrande,0.9304037094116211,77,transformer.decoder.block.0.layer.0.SelfAttention.o.weight
t5-base,winogrande,0.012473389506340027,78,transformer.decoder.block.0.layer.0.SelfAttention.relative_attention_bias.weight
t5-base,winogrande,0.8800984025001526,79,transformer.decoder.block.0.layer.1.EncDecAttention.q.weight
t5-base,winogrande,0.9409717321395874,80,transformer.decoder.block.0.layer.1.EncDecAttention.k.weight
t5-base,winogrande,1.098736047744751,81,transformer.decoder.block.0.layer.1.EncDecAttention.v.weight
t5-base,winogrande,1.0232707262039185,82,transformer.decoder.block.0.layer.1.EncDecAttention.o.weight
t5-base,winogrande,1.6622943878173828,83,transformer.decoder.block.0.layer.2.DenseReluDense.wi.weight
t5-base,winogrande,1.9243746995925903,84,transformer.decoder.block.0.layer.2.DenseReluDense.wo.weight
t5-base,winogrande,0.8434410691261292,85,transformer.decoder.block.1.layer.0.SelfAttention.q.weight
t5-base,winogrande,0.8259038925170898,86,transformer.decoder.block.1.layer.0.SelfAttention.k.weight
t5-base,winogrande,1.120331883430481,87,transformer.decoder.block.1.layer.0.SelfAttention.v.weight
t5-base,winogrande,1.100799798965454,88,transformer.decoder.block.1.layer.0.SelfAttention.o.weight
t5-base,winogrande,0.9769913554191589,89,transformer.decoder.block.1.layer.1.EncDecAttention.q.weight
t5-base,winogrande,1.0330616235733032,90,transformer.decoder.block.1.layer.1.EncDecAttention.k.weight
t5-base,winogrande,1.104040503501892,91,transformer.decoder.block.1.layer.1.EncDecAttention.v.weight
t5-base,winogrande,1.057909607887268,92,transformer.decoder.block.1.layer.1.EncDecAttention.o.weight
t5-base,winogrande,1.5617514848709106,93,transformer.decoder.block.1.layer.2.DenseReluDense.wi.weight
t5-base,winogrande,1.7294808626174927,94,transformer.decoder.block.1.layer.2.DenseReluDense.wo.weight
t5-base,winogrande,0.8553367257118225,95,transformer.decoder.block.2.layer.0.SelfAttention.q.weight
t5-base,winogrande,0.8433455228805542,96,transformer.decoder.block.2.layer.0.SelfAttention.k.weight
t5-base,winogrande,1.15278160572052,97,transformer.decoder.block.2.layer.0.SelfAttention.v.weight
t5-base,winogrande,1.1226191520690918,98,transformer.decoder.block.2.layer.0.SelfAttention.o.weight
t5-base,winogrande,1.0166523456573486,99,transformer.decoder.block.2.layer.1.EncDecAttention.q.weight
t5-base,winogrande,1.0697234869003296,100,transformer.decoder.block.2.layer.1.EncDecAttention.k.weight
t5-base,winogrande,1.0905898809432983,101,transformer.decoder.block.2.layer.1.EncDecAttention.v.weight
t5-base,winogrande,1.0172566175460815,102,transformer.decoder.block.2.layer.1.EncDecAttention.o.weight
t5-base,winogrande,1.4946938753128052,103,transformer.decoder.block.2.layer.2.DenseReluDense.wi.weight
t5-base,winogrande,1.616387963294983,104,transformer.decoder.block.2.layer.2.DenseReluDense.wo.weight
t5-base,winogrande,0.8667870163917542,105,transformer.decoder.block.3.layer.0.SelfAttention.q.weight
t5-base,winogrande,0.8632727861404419,106,transformer.decoder.block.3.layer.0.SelfAttention.k.weight
t5-base,winogrande,1.159555196762085,107,transformer.decoder.block.3.layer.0.SelfAttention.v.weight
t5-base,winogrande,1.1054764986038208,108,transformer.decoder.block.3.layer.0.SelfAttention.o.weight
t5-base,winogrande,1.0092405080795288,109,transformer.decoder.block.3.layer.1.EncDecAttention.q.weight
t5-base,winogrande,1.2162586450576782,110,transformer.decoder.block.3.layer.1.EncDecAttention.k.weight
t5-base,winogrande,1.1866225004196167,111,transformer.decoder.block.3.layer.1.EncDecAttention.v.weight
t5-base,winogrande,1.112290382385254,112,transformer.decoder.block.3.layer.1.EncDecAttention.o.weight
t5-base,winogrande,1.6899880170822144,113,transformer.decoder.block.3.layer.2.DenseReluDense.wi.weight
t5-base,winogrande,1.7392821311950684,114,transformer.decoder.block.3.layer.2.DenseReluDense.wo.weight
t5-base,winogrande,0.9457341432571411,115,transformer.decoder.block.4.layer.0.SelfAttention.q.weight
t5-base,winogrande,0.9433495998382568,116,transformer.decoder.block.4.layer.0.SelfAttention.k.weight
t5-base,winogrande,1.1947736740112305,117,transformer.decoder.block.4.layer.0.SelfAttention.v.weight
t5-base,winogrande,1.159991979598999,118,transformer.decoder.block.4.layer.0.SelfAttention.o.weight
t5-base,winogrande,0.9929195046424866,119,transformer.decoder.block.4.layer.1.EncDecAttention.q.weight
t5-base,winogrande,1.143303632736206,120,transformer.decoder.block.4.layer.1.EncDecAttention.k.weight
t5-base,winogrande,1.2101885080337524,121,transformer.decoder.block.4.layer.1.EncDecAttention.v.weight
t5-base,winogrande,1.1560962200164795,122,transformer.decoder.block.4.layer.1.EncDecAttention.o.weight
t5-base,winogrande,1.9966213703155518,123,transformer.decoder.block.4.layer.2.DenseReluDense.wi.weight
t5-base,winogrande,2.0614888668060303,124,transformer.decoder.block.4.layer.2.DenseReluDense.wo.weight
t5-base,winogrande,0.8980947136878967,125,transformer.decoder.block.5.layer.0.SelfAttention.q.weight
t5-base,winogrande,0.8897322416305542,126,transformer.decoder.block.5.layer.0.SelfAttention.k.weight
t5-base,winogrande,1.3429760932922363,127,transformer.decoder.block.5.layer.0.SelfAttention.v.weight
t5-base,winogrande,1.2441027164459229,128,transformer.decoder.block.5.layer.0.SelfAttention.o.weight
t5-base,winogrande,1.3730666637420654,129,transformer.decoder.block.5.layer.1.EncDecAttention.q.weight
t5-base,winogrande,2.0208804607391357,130,transformer.decoder.block.5.layer.1.EncDecAttention.k.weight
t5-base,winogrande,1.5454446077346802,131,transformer.decoder.block.5.layer.1.EncDecAttention.v.weight
t5-base,winogrande,1.2310280799865723,132,transformer.decoder.block.5.layer.1.EncDecAttention.o.weight
t5-base,winogrande,2.3228812217712402,133,transformer.decoder.block.5.layer.2.DenseReluDense.wi.weight
t5-base,winogrande,2.3544201850891113,134,transformer.decoder.block.5.layer.2.DenseReluDense.wo.weight
t5-base,winogrande,0.9297724366188049,135,transformer.decoder.block.6.layer.0.SelfAttention.q.weight
t5-base,winogrande,0.9279485940933228,136,transformer.decoder.block.6.layer.0.SelfAttention.k.weight
t5-base,winogrande,1.37852942943573,137,transformer.decoder.block.6.layer.0.SelfAttention.v.weight
t5-base,winogrande,1.2551164627075195,138,transformer.decoder.block.6.layer.0.SelfAttention.o.weight
t5-base,winogrande,1.3151918649673462,139,transformer.decoder.block.6.layer.1.EncDecAttention.q.weight
t5-base,winogrande,1.5005686283111572,140,transformer.decoder.block.6.layer.1.EncDecAttention.k.weight
t5-base,winogrande,1.3926470279693604,141,transformer.decoder.block.6.layer.1.EncDecAttention.v.weight
t5-base,winogrande,1.1910474300384521,142,transformer.decoder.block.6.layer.1.EncDecAttention.o.weight
t5-base,winogrande,2.462083339691162,143,transformer.decoder.block.6.layer.2.DenseReluDense.wi.weight
t5-base,winogrande,2.461062431335449,144,transformer.decoder.block.6.layer.2.DenseReluDense.wo.weight
t5-base,winogrande,0.9093196392059326,145,transformer.decoder.block.7.layer.0.SelfAttention.q.weight
t5-base,winogrande,0.9047290682792664,146,transformer.decoder.block.7.layer.0.SelfAttention.k.weight
t5-base,winogrande,1.3351881504058838,147,transformer.decoder.block.7.layer.0.SelfAttention.v.weight
t5-base,winogrande,1.2506608963012695,148,transformer.decoder.block.7.layer.0.SelfAttention.o.weight
t5-base,winogrande,1.3561992645263672,149,transformer.decoder.block.7.layer.1.EncDecAttention.q.weight
t5-base,winogrande,1.3492528200149536,150,transformer.decoder.block.7.layer.1.EncDecAttention.k.weight
t5-base,winogrande,1.4115405082702637,151,transformer.decoder.block.7.layer.1.EncDecAttention.v.weight
t5-base,winogrande,1.2233765125274658,152,transformer.decoder.block.7.layer.1.EncDecAttention.o.weight
t5-base,winogrande,2.5669610500335693,153,transformer.decoder.block.7.layer.2.DenseReluDense.wi.weight
t5-base,winogrande,2.53605580329895,154,transformer.decoder.block.7.layer.2.DenseReluDense.wo.weight
t5-base,winogrande,0.9605026245117188,155,transformer.decoder.block.8.layer.0.SelfAttention.q.weight
t5-base,winogrande,0.968364417552948,156,transformer.decoder.block.8.layer.0.SelfAttention.k.weight
t5-base,winogrande,1.3513779640197754,157,transformer.decoder.block.8.layer.0.SelfAttention.v.weight
t5-base,winogrande,1.249359130859375,158,transformer.decoder.block.8.layer.0.SelfAttention.o.weight
t5-base,winogrande,1.572488784790039,159,transformer.decoder.block.8.layer.1.EncDecAttention.q.weight
t5-base,winogrande,1.6605745553970337,160,transformer.decoder.block.8.layer.1.EncDecAttention.k.weight
t5-base,winogrande,1.629535436630249,161,transformer.decoder.block.8.layer.1.EncDecAttention.v.weight
t5-base,winogrande,1.3488740921020508,162,transformer.decoder.block.8.layer.1.EncDecAttention.o.weight
t5-base,winogrande,2.58939528465271,163,transformer.decoder.block.8.layer.2.DenseReluDense.wi.weight
t5-base,winogrande,2.556821346282959,164,transformer.decoder.block.8.layer.2.DenseReluDense.wo.weight
t5-base,winogrande,1.0041853189468384,165,transformer.decoder.block.9.layer.0.SelfAttention.q.weight
t5-base,winogrande,0.9999605417251587,166,transformer.decoder.block.9.layer.0.SelfAttention.k.weight
t5-base,winogrande,1.3434545993804932,167,transformer.decoder.block.9.layer.0.SelfAttention.v.weight
t5-base,winogrande,1.2994612455368042,168,transformer.decoder.block.9.layer.0.SelfAttention.o.weight
t5-base,winogrande,1.3834731578826904,169,transformer.decoder.block.9.layer.1.EncDecAttention.q.weight
t5-base,winogrande,1.2690339088439941,170,transformer.decoder.block.9.layer.1.EncDecAttention.k.weight
t5-base,winogrande,1.4463595151901245,171,transformer.decoder.block.9.layer.1.EncDecAttention.v.weight
t5-base,winogrande,1.2295843362808228,172,transformer.decoder.block.9.layer.1.EncDecAttention.o.weight
t5-base,winogrande,2.560020685195923,173,transformer.decoder.block.9.layer.2.DenseReluDense.wi.weight
t5-base,winogrande,2.6408753395080566,174,transformer.decoder.block.9.layer.2.DenseReluDense.wo.weight
t5-base,winogrande,1.023007869720459,175,transformer.decoder.block.10.layer.0.SelfAttention.q.weight
t5-base,winogrande,1.0242829322814941,176,transformer.decoder.block.10.layer.0.SelfAttention.k.weight
t5-base,winogrande,1.3603401184082031,177,transformer.decoder.block.10.layer.0.SelfAttention.v.weight
t5-base,winogrande,1.3483563661575317,178,transformer.decoder.block.10.layer.0.SelfAttention.o.weight
t5-base,winogrande,1.437855839729309,179,transformer.decoder.block.10.layer.1.EncDecAttention.q.weight
t5-base,winogrande,1.248153805732727,180,transformer.decoder.block.10.layer.1.EncDecAttention.k.weight
t5-base,winogrande,1.362024188041687,181,transformer.decoder.block.10.layer.1.EncDecAttention.v.weight
t5-base,winogrande,1.2381315231323242,182,transformer.decoder.block.10.layer.1.EncDecAttention.o.weight
t5-base,winogrande,2.4253315925598145,183,transformer.decoder.block.10.layer.2.DenseReluDense.wi.weight
t5-base,winogrande,2.4901492595672607,184,transformer.decoder.block.10.layer.2.DenseReluDense.wo.weight
t5-base,winogrande,0.9762959480285645,185,transformer.decoder.block.11.layer.0.SelfAttention.q.weight
t5-base,winogrande,0.9719012975692749,186,transformer.decoder.block.11.layer.0.SelfAttention.k.weight
t5-base,winogrande,1.2442924976348877,187,transformer.decoder.block.11.layer.0.SelfAttention.v.weight
t5-base,winogrande,1.3110688924789429,188,transformer.decoder.block.11.layer.0.SelfAttention.o.weight
t5-base,winogrande,1.329424500465393,189,transformer.decoder.block.11.layer.1.EncDecAttention.q.weight
t5-base,winogrande,1.2455825805664062,190,transformer.decoder.block.11.layer.1.EncDecAttention.k.weight
t5-base,winogrande,1.1568434238433838,191,transformer.decoder.block.11.layer.1.EncDecAttention.v.weight
t5-base,winogrande,1.0897470712661743,192,transformer.decoder.block.11.layer.1.EncDecAttention.o.weight
t5-base,winogrande,2.7331504821777344,193,transformer.decoder.block.11.layer.2.DenseReluDense.wi.weight
t5-base,winogrande,2.690829277038574,194,transformer.decoder.block.11.layer.2.DenseReluDense.wo.weight
t5-base,wsc,2.990776538848877,0,transformer.shared.weight
t5-base,wsc,0.6619870662689209,1,transformer.encoder.block.0.layer.0.SelfAttention.q.weight
t5-base,wsc,0.6575811505317688,2,transformer.encoder.block.0.layer.0.SelfAttention.k.weight
t5-base,wsc,0.7492146492004395,3,transformer.encoder.block.0.layer.0.SelfAttention.v.weight
t5-base,wsc,0.745058536529541,4,transformer.encoder.block.0.layer.0.SelfAttention.o.weight
t5-base,wsc,0.02105359360575676,5,transformer.encoder.block.0.layer.0.SelfAttention.relative_attention_bias.weight
t5-base,wsc,1.217258095741272,6,transformer.encoder.block.0.layer.1.DenseReluDense.wi.weight
t5-base,wsc,1.3418816328048706,7,transformer.encoder.block.0.layer.1.DenseReluDense.wo.weight
t5-base,wsc,0.6253710985183716,8,transformer.encoder.block.1.layer.0.SelfAttention.q.weight
t5-base,wsc,0.6376757025718689,9,transformer.encoder.block.1.layer.0.SelfAttention.k.weight
t5-base,wsc,0.6982859373092651,10,transformer.encoder.block.1.layer.0.SelfAttention.v.weight
t5-base,wsc,0.7241458296775818,11,transformer.encoder.block.1.layer.0.SelfAttention.o.weight
t5-base,wsc,1.205391764640808,12,transformer.encoder.block.1.layer.1.DenseReluDense.wi.weight
t5-base,wsc,1.3184577226638794,13,transformer.encoder.block.1.layer.1.DenseReluDense.wo.weight
t5-base,wsc,0.6182745695114136,14,transformer.encoder.block.2.layer.0.SelfAttention.q.weight
t5-base,wsc,0.6186217069625854,15,transformer.encoder.block.2.layer.0.SelfAttention.k.weight
t5-base,wsc,0.7090184092521667,16,transformer.encoder.block.2.layer.0.SelfAttention.v.weight
t5-base,wsc,0.7368605732917786,17,transformer.encoder.block.2.layer.0.SelfAttention.o.weight
t5-base,wsc,1.1526789665222168,18,transformer.encoder.block.2.layer.1.DenseReluDense.wi.weight
t5-base,wsc,1.2535008192062378,19,transformer.encoder.block.2.layer.1.DenseReluDense.wo.weight
t5-base,wsc,0.6341371536254883,20,transformer.encoder.block.3.layer.0.SelfAttention.q.weight
t5-base,wsc,0.6376709342002869,21,transformer.encoder.block.3.layer.0.SelfAttention.k.weight
t5-base,wsc,0.7047232985496521,22,transformer.encoder.block.3.layer.0.SelfAttention.v.weight
t5-base,wsc,0.7338269948959351,23,transformer.encoder.block.3.layer.0.SelfAttention.o.weight
t5-base,wsc,1.180289626121521,24,transformer.encoder.block.3.layer.1.DenseReluDense.wi.weight
t5-base,wsc,1.2783278226852417,25,transformer.encoder.block.3.layer.1.DenseReluDense.wo.weight
t5-base,wsc,0.6386003494262695,26,transformer.encoder.block.4.layer.0.SelfAttention.q.weight
t5-base,wsc,0.6274431943893433,27,transformer.encoder.block.4.layer.0.SelfAttention.k.weight
t5-base,wsc,0.7031647562980652,28,transformer.encoder.block.4.layer.0.SelfAttention.v.weight
t5-base,wsc,0.7411704659461975,29,transformer.encoder.block.4.layer.0.SelfAttention.o.weight
t5-base,wsc,1.2090775966644287,30,transformer.encoder.block.4.layer.1.DenseReluDense.wi.weight
t5-base,wsc,1.3093210458755493,31,transformer.encoder.block.4.layer.1.DenseReluDense.wo.weight
t5-base,wsc,0.6383289098739624,32,transformer.encoder.block.5.layer.0.SelfAttention.q.weight
t5-base,wsc,0.6316956877708435,33,transformer.encoder.block.5.layer.0.SelfAttention.k.weight
t5-base,wsc,0.7257524132728577,34,transformer.encoder.block.5.layer.0.SelfAttention.v.weight
t5-base,wsc,0.7711578607559204,35,transformer.encoder.block.5.layer.0.SelfAttention.o.weight
t5-base,wsc,1.2754970788955688,36,transformer.encoder.block.5.layer.1.DenseReluDense.wi.weight
t5-base,wsc,1.4029462337493896,37,transformer.encoder.block.5.layer.1.DenseReluDense.wo.weight
t5-base,wsc,0.6681076884269714,38,transformer.encoder.block.6.layer.0.SelfAttention.q.weight
t5-base,wsc,0.6534174084663391,39,transformer.encoder.block.6.layer.0.SelfAttention.k.weight
t5-base,wsc,0.7267521619796753,40,transformer.encoder.block.6.layer.0.SelfAttention.v.weight
t5-base,wsc,0.7865878939628601,41,transformer.encoder.block.6.layer.0.SelfAttention.o.weight
t5-base,wsc,1.3387185335159302,42,transformer.encoder.block.6.layer.1.DenseReluDense.wi.weight
t5-base,wsc,1.4864566326141357,43,transformer.encoder.block.6.layer.1.DenseReluDense.wo.weight
t5-base,wsc,0.6686007976531982,44,transformer.encoder.block.7.layer.0.SelfAttention.q.weight
t5-base,wsc,0.6744651198387146,45,transformer.encoder.block.7.layer.0.SelfAttention.k.weight
t5-base,wsc,0.7784152030944824,46,transformer.encoder.block.7.layer.0.SelfAttention.v.weight
t5-base,wsc,0.8322584629058838,47,transformer.encoder.block.7.layer.0.SelfAttention.o.weight
t5-base,wsc,1.4817168712615967,48,transformer.encoder.block.7.layer.1.DenseReluDense.wi.weight
t5-base,wsc,1.6240789890289307,49,transformer.encoder.block.7.layer.1.DenseReluDense.wo.weight
t5-base,wsc,0.7380148768424988,50,transformer.encoder.block.8.layer.0.SelfAttention.q.weight
t5-base,wsc,0.7321827411651611,51,transformer.encoder.block.8.layer.0.SelfAttention.k.weight
t5-base,wsc,0.8145220279693604,52,transformer.encoder.block.8.layer.0.SelfAttention.v.weight
t5-base,wsc,0.8788000345230103,53,transformer.encoder.block.8.layer.0.SelfAttention.o.weight
t5-base,wsc,1.6200472116470337,54,transformer.encoder.block.8.layer.1.DenseReluDense.wi.weight
t5-base,wsc,1.7569794654846191,55,transformer.encoder.block.8.layer.1.DenseReluDense.wo.weight
t5-base,wsc,0.8292591571807861,56,transformer.encoder.block.9.layer.0.SelfAttention.q.weight
t5-base,wsc,0.8320874571800232,57,transformer.encoder.block.9.layer.0.SelfAttention.k.weight
t5-base,wsc,0.8635904788970947,58,transformer.encoder.block.9.layer.0.SelfAttention.v.weight
t5-base,wsc,0.9166965484619141,59,transformer.encoder.block.9.layer.0.SelfAttention.o.weight
t5-base,wsc,1.7228001356124878,60,transformer.encoder.block.9.layer.1.DenseReluDense.wi.weight
t5-base,wsc,1.845216155052185,61,transformer.encoder.block.9.layer.1.DenseReluDense.wo.weight
t5-base,wsc,0.8555736541748047,62,transformer.encoder.block.10.layer.0.SelfAttention.q.weight
t5-base,wsc,0.8491660952568054,63,transformer.encoder.block.10.layer.0.SelfAttention.k.weight
t5-base,wsc,0.8758059740066528,64,transformer.encoder.block.10.layer.0.SelfAttention.v.weight
t5-base,wsc,0.934496283531189,65,transformer.encoder.block.10.layer.0.SelfAttention.o.weight
t5-base,wsc,1.7389827966690063,66,transformer.encoder.block.10.layer.1.DenseReluDense.wi.weight
t5-base,wsc,1.902299165725708,67,transformer.encoder.block.10.layer.1.DenseReluDense.wo.weight
t5-base,wsc,0.8650965094566345,68,transformer.encoder.block.11.layer.0.SelfAttention.q.weight
t5-base,wsc,0.8615289330482483,69,transformer.encoder.block.11.layer.0.SelfAttention.k.weight
t5-base,wsc,0.9085372686386108,70,transformer.encoder.block.11.layer.0.SelfAttention.v.weight
t5-base,wsc,0.9913562536239624,71,transformer.encoder.block.11.layer.0.SelfAttention.o.weight
t5-base,wsc,1.8726385831832886,72,transformer.encoder.block.11.layer.1.DenseReluDense.wi.weight
t5-base,wsc,2.143709897994995,73,transformer.encoder.block.11.layer.1.DenseReluDense.wo.weight
t5-base,wsc,0.9478163123130798,74,transformer.decoder.block.0.layer.0.SelfAttention.q.weight
t5-base,wsc,0.857182502746582,75,transformer.decoder.block.0.layer.0.SelfAttention.k.weight
t5-base,wsc,0.9003111124038696,76,transformer.decoder.block.0.layer.0.SelfAttention.v.weight
t5-base,wsc,0.9117650985717773,77,transformer.decoder.block.0.layer.0.SelfAttention.o.weight
t5-base,wsc,0.005716583225876093,78,transformer.decoder.block.0.layer.0.SelfAttention.relative_attention_bias.weight
t5-base,wsc,0.8683419823646545,79,transformer.decoder.block.0.layer.1.EncDecAttention.q.weight
t5-base,wsc,0.8793573379516602,80,transformer.decoder.block.0.layer.1.EncDecAttention.k.weight
t5-base,wsc,0.891079843044281,81,transformer.decoder.block.0.layer.1.EncDecAttention.v.weight
t5-base,wsc,0.9012115597724915,82,transformer.decoder.block.0.layer.1.EncDecAttention.o.weight
t5-base,wsc,1.3019261360168457,83,transformer.decoder.block.0.layer.2.DenseReluDense.wi.weight
t5-base,wsc,1.3434016704559326,84,transformer.decoder.block.0.layer.2.DenseReluDense.wo.weight
t5-base,wsc,0.7882949709892273,85,transformer.decoder.block.1.layer.0.SelfAttention.q.weight
t5-base,wsc,0.7812023162841797,86,transformer.decoder.block.1.layer.0.SelfAttention.k.weight
t5-base,wsc,0.8911848068237305,87,transformer.decoder.block.1.layer.0.SelfAttention.v.weight
t5-base,wsc,0.9357989430427551,88,transformer.decoder.block.1.layer.0.SelfAttention.o.weight
t5-base,wsc,0.7841169238090515,89,transformer.decoder.block.1.layer.1.EncDecAttention.q.weight
t5-base,wsc,0.830094039440155,90,transformer.decoder.block.1.layer.1.EncDecAttention.k.weight
t5-base,wsc,0.8850642442703247,91,transformer.decoder.block.1.layer.1.EncDecAttention.v.weight
t5-base,wsc,0.8967068195343018,92,transformer.decoder.block.1.layer.1.EncDecAttention.o.weight
t5-base,wsc,1.036149024963379,93,transformer.decoder.block.1.layer.2.DenseReluDense.wi.weight
t5-base,wsc,1.0618520975112915,94,transformer.decoder.block.1.layer.2.DenseReluDense.wo.weight
t5-base,wsc,0.7814909815788269,95,transformer.decoder.block.2.layer.0.SelfAttention.q.weight
t5-base,wsc,0.6787354946136475,96,transformer.decoder.block.2.layer.0.SelfAttention.k.weight
t5-base,wsc,0.9125471115112305,97,transformer.decoder.block.2.layer.0.SelfAttention.v.weight
t5-base,wsc,0.9644331336021423,98,transformer.decoder.block.2.layer.0.SelfAttention.o.weight
t5-base,wsc,0.8330259323120117,99,transformer.decoder.block.2.layer.1.EncDecAttention.q.weight
t5-base,wsc,0.839410126209259,100,transformer.decoder.block.2.layer.1.EncDecAttention.k.weight
t5-base,wsc,0.8857307434082031,101,transformer.decoder.block.2.layer.1.EncDecAttention.v.weight
t5-base,wsc,0.895924985408783,102,transformer.decoder.block.2.layer.1.EncDecAttention.o.weight
t5-base,wsc,0.9353121519088745,103,transformer.decoder.block.2.layer.2.DenseReluDense.wi.weight
t5-base,wsc,0.9696080088615417,104,transformer.decoder.block.2.layer.2.DenseReluDense.wo.weight
t5-base,wsc,0.7318070530891418,105,transformer.decoder.block.3.layer.0.SelfAttention.q.weight
t5-base,wsc,0.7350079417228699,106,transformer.decoder.block.3.layer.0.SelfAttention.k.weight
t5-base,wsc,0.9526599645614624,107,transformer.decoder.block.3.layer.0.SelfAttention.v.weight
t5-base,wsc,0.9836587309837341,108,transformer.decoder.block.3.layer.0.SelfAttention.o.weight
t5-base,wsc,0.8115498423576355,109,transformer.decoder.block.3.layer.1.EncDecAttention.q.weight
t5-base,wsc,0.8322923183441162,110,transformer.decoder.block.3.layer.1.EncDecAttention.k.weight
t5-base,wsc,0.8942665457725525,111,transformer.decoder.block.3.layer.1.EncDecAttention.v.weight
t5-base,wsc,0.9134333729743958,112,transformer.decoder.block.3.layer.1.EncDecAttention.o.weight
t5-base,wsc,0.9955020546913147,113,transformer.decoder.block.3.layer.2.DenseReluDense.wi.weight
t5-base,wsc,1.016183614730835,114,transformer.decoder.block.3.layer.2.DenseReluDense.wo.weight
t5-base,wsc,0.7889470458030701,115,transformer.decoder.block.4.layer.0.SelfAttention.q.weight
t5-base,wsc,0.7966863512992859,116,transformer.decoder.block.4.layer.0.SelfAttention.k.weight
t5-base,wsc,0.9678711891174316,117,transformer.decoder.block.4.layer.0.SelfAttention.v.weight
t5-base,wsc,0.9875479936599731,118,transformer.decoder.block.4.layer.0.SelfAttention.o.weight
t5-base,wsc,0.811460554599762,119,transformer.decoder.block.4.layer.1.EncDecAttention.q.weight
t5-base,wsc,0.863700807094574,120,transformer.decoder.block.4.layer.1.EncDecAttention.k.weight
t5-base,wsc,0.9276882410049438,121,transformer.decoder.block.4.layer.1.EncDecAttention.v.weight
t5-base,wsc,0.931685745716095,122,transformer.decoder.block.4.layer.1.EncDecAttention.o.weight
t5-base,wsc,1.1721670627593994,123,transformer.decoder.block.4.layer.2.DenseReluDense.wi.weight
t5-base,wsc,1.2182543277740479,124,transformer.decoder.block.4.layer.2.DenseReluDense.wo.weight
t5-base,wsc,0.7341337203979492,125,transformer.decoder.block.5.layer.0.SelfAttention.q.weight
t5-base,wsc,0.7403482794761658,126,transformer.decoder.block.5.layer.0.SelfAttention.k.weight
t5-base,wsc,0.9632867574691772,127,transformer.decoder.block.5.layer.0.SelfAttention.v.weight
t5-base,wsc,0.9725708961486816,128,transformer.decoder.block.5.layer.0.SelfAttention.o.weight
t5-base,wsc,0.8163363933563232,129,transformer.decoder.block.5.layer.1.EncDecAttention.q.weight
t5-base,wsc,0.8909252882003784,130,transformer.decoder.block.5.layer.1.EncDecAttention.k.weight
t5-base,wsc,0.9276403188705444,131,transformer.decoder.block.5.layer.1.EncDecAttention.v.weight
t5-base,wsc,0.9351662993431091,132,transformer.decoder.block.5.layer.1.EncDecAttention.o.weight
t5-base,wsc,1.3575279712677002,133,transformer.decoder.block.5.layer.2.DenseReluDense.wi.weight
t5-base,wsc,1.423747181892395,134,transformer.decoder.block.5.layer.2.DenseReluDense.wo.weight
t5-base,wsc,0.6642414927482605,135,transformer.decoder.block.6.layer.0.SelfAttention.q.weight
t5-base,wsc,0.6667540073394775,136,transformer.decoder.block.6.layer.0.SelfAttention.k.weight
t5-base,wsc,0.9900725483894348,137,transformer.decoder.block.6.layer.0.SelfAttention.v.weight
t5-base,wsc,0.9759599566459656,138,transformer.decoder.block.6.layer.0.SelfAttention.o.weight
t5-base,wsc,0.8435426950454712,139,transformer.decoder.block.6.layer.1.EncDecAttention.q.weight
t5-base,wsc,0.9188603758811951,140,transformer.decoder.block.6.layer.1.EncDecAttention.k.weight
t5-base,wsc,0.9663715958595276,141,transformer.decoder.block.6.layer.1.EncDecAttention.v.weight
t5-base,wsc,0.9406805038452148,142,transformer.decoder.block.6.layer.1.EncDecAttention.o.weight
t5-base,wsc,1.4994828701019287,143,transformer.decoder.block.6.layer.2.DenseReluDense.wi.weight
t5-base,wsc,1.6137298345565796,144,transformer.decoder.block.6.layer.2.DenseReluDense.wo.weight
t5-base,wsc,0.7163692116737366,145,transformer.decoder.block.7.layer.0.SelfAttention.q.weight
t5-base,wsc,0.7151091694831848,146,transformer.decoder.block.7.layer.0.SelfAttention.k.weight
t5-base,wsc,1.0156697034835815,147,transformer.decoder.block.7.layer.0.SelfAttention.v.weight
t5-base,wsc,1.00545334815979,148,transformer.decoder.block.7.layer.0.SelfAttention.o.weight
t5-base,wsc,0.8303811550140381,149,transformer.decoder.block.7.layer.1.EncDecAttention.q.weight
t5-base,wsc,0.9239159226417542,150,transformer.decoder.block.7.layer.1.EncDecAttention.k.weight
t5-base,wsc,0.9804770350456238,151,transformer.decoder.block.7.layer.1.EncDecAttention.v.weight
t5-base,wsc,0.9528906345367432,152,transformer.decoder.block.7.layer.1.EncDecAttention.o.weight
t5-base,wsc,1.5520389080047607,153,transformer.decoder.block.7.layer.2.DenseReluDense.wi.weight
t5-base,wsc,1.6629891395568848,154,transformer.decoder.block.7.layer.2.DenseReluDense.wo.weight
t5-base,wsc,0.7854450941085815,155,transformer.decoder.block.8.layer.0.SelfAttention.q.weight
t5-base,wsc,0.8000878095626831,156,transformer.decoder.block.8.layer.0.SelfAttention.k.weight
t5-base,wsc,0.9846157431602478,157,transformer.decoder.block.8.layer.0.SelfAttention.v.weight
t5-base,wsc,0.9884184002876282,158,transformer.decoder.block.8.layer.0.SelfAttention.o.weight
t5-base,wsc,0.8607316613197327,159,transformer.decoder.block.8.layer.1.EncDecAttention.q.weight
t5-base,wsc,0.9500388503074646,160,transformer.decoder.block.8.layer.1.EncDecAttention.k.weight
t5-base,wsc,1.066174864768982,161,transformer.decoder.block.8.layer.1.EncDecAttention.v.weight
t5-base,wsc,1.002987265586853,162,transformer.decoder.block.8.layer.1.EncDecAttention.o.weight
t5-base,wsc,1.7128151655197144,163,transformer.decoder.block.8.layer.2.DenseReluDense.wi.weight
t5-base,wsc,1.794990062713623,164,transformer.decoder.block.8.layer.2.DenseReluDense.wo.weight
t5-base,wsc,0.7759177088737488,165,transformer.decoder.block.9.layer.0.SelfAttention.q.weight
t5-base,wsc,0.770756721496582,166,transformer.decoder.block.9.layer.0.SelfAttention.k.weight
t5-base,wsc,1.0060173273086548,167,transformer.decoder.block.9.layer.0.SelfAttention.v.weight
t5-base,wsc,1.0166456699371338,168,transformer.decoder.block.9.layer.0.SelfAttention.o.weight
t5-base,wsc,0.9116862416267395,169,transformer.decoder.block.9.layer.1.EncDecAttention.q.weight
t5-base,wsc,0.9505247473716736,170,transformer.decoder.block.9.layer.1.EncDecAttention.k.weight
t5-base,wsc,1.1117802858352661,171,transformer.decoder.block.9.layer.1.EncDecAttention.v.weight
t5-base,wsc,1.060909390449524,172,transformer.decoder.block.9.layer.1.EncDecAttention.o.weight
t5-base,wsc,1.8277181386947632,173,transformer.decoder.block.9.layer.2.DenseReluDense.wi.weight
t5-base,wsc,1.9651448726654053,174,transformer.decoder.block.9.layer.2.DenseReluDense.wo.weight
t5-base,wsc,0.8417974710464478,175,transformer.decoder.block.10.layer.0.SelfAttention.q.weight
t5-base,wsc,0.8554257750511169,176,transformer.decoder.block.10.layer.0.SelfAttention.k.weight
t5-base,wsc,1.102217674255371,177,transformer.decoder.block.10.layer.0.SelfAttention.v.weight
t5-base,wsc,1.094764232635498,178,transformer.decoder.block.10.layer.0.SelfAttention.o.weight
t5-base,wsc,0.9947735071182251,179,transformer.decoder.block.10.layer.1.EncDecAttention.q.weight
t5-base,wsc,0.9503539800643921,180,transformer.decoder.block.10.layer.1.EncDecAttention.k.weight
t5-base,wsc,1.1389884948730469,181,transformer.decoder.block.10.layer.1.EncDecAttention.v.weight
t5-base,wsc,1.1328933238983154,182,transformer.decoder.block.10.layer.1.EncDecAttention.o.weight
t5-base,wsc,1.7530248165130615,183,transformer.decoder.block.10.layer.2.DenseReluDense.wi.weight
t5-base,wsc,1.8467528820037842,184,transformer.decoder.block.10.layer.2.DenseReluDense.wo.weight
t5-base,wsc,0.7347592711448669,185,transformer.decoder.block.11.layer.0.SelfAttention.q.weight
t5-base,wsc,0.7341773509979248,186,transformer.decoder.block.11.layer.0.SelfAttention.k.weight
t5-base,wsc,1.1180663108825684,187,transformer.decoder.block.11.layer.0.SelfAttention.v.weight
t5-base,wsc,1.1644178628921509,188,transformer.decoder.block.11.layer.0.SelfAttention.o.weight
t5-base,wsc,0.970126748085022,189,transformer.decoder.block.11.layer.1.EncDecAttention.q.weight
t5-base,wsc,0.9210416078567505,190,transformer.decoder.block.11.layer.1.EncDecAttention.k.weight
t5-base,wsc,1.0621143579483032,191,transformer.decoder.block.11.layer.1.EncDecAttention.v.weight
t5-base,wsc,1.0961427688598633,192,transformer.decoder.block.11.layer.1.EncDecAttention.o.weight
t5-base,wsc,1.4714542627334595,193,transformer.decoder.block.11.layer.2.DenseReluDense.wi.weight
t5-base,wsc,1.6618824005126953,194,transformer.decoder.block.11.layer.2.DenseReluDense.wo.weight
t5-large,qasc,3.9281668663024902,0,transformer.shared.weight
t5-large,qasc,0.8547238111495972,1,transformer.encoder.block.0.layer.0.SelfAttention.q.weight
t5-large,qasc,0.8520147800445557,2,transformer.encoder.block.0.layer.0.SelfAttention.k.weight
t5-large,qasc,0.880501925945282,3,transformer.encoder.block.0.layer.0.SelfAttention.v.weight
t5-large,qasc,0.8630584478378296,4,transformer.encoder.block.0.layer.0.SelfAttention.o.weight
t5-large,qasc,0.019141824916005135,5,transformer.encoder.block.0.layer.0.SelfAttention.relative_attention_bias.weight
t5-large,qasc,1.6205624341964722,6,transformer.encoder.block.0.layer.1.DenseReluDense.wi.weight
t5-large,qasc,1.6391321420669556,7,transformer.encoder.block.0.layer.1.DenseReluDense.wo.weight
t5-large,qasc,0.8297581672668457,8,transformer.encoder.block.1.layer.0.SelfAttention.q.weight
t5-large,qasc,0.8268917798995972,9,transformer.encoder.block.1.layer.0.SelfAttention.k.weight
t5-large,qasc,0.8649479150772095,10,transformer.encoder.block.1.layer.0.SelfAttention.v.weight
t5-large,qasc,0.8610348701477051,11,transformer.encoder.block.1.layer.0.SelfAttention.o.weight
t5-large,qasc,1.5734527111053467,12,transformer.encoder.block.1.layer.1.DenseReluDense.wi.weight
t5-large,qasc,1.6096372604370117,13,transformer.encoder.block.1.layer.1.DenseReluDense.wo.weight
t5-large,qasc,0.8253457546234131,14,transformer.encoder.block.2.layer.0.SelfAttention.q.weight
t5-large,qasc,0.8293650150299072,15,transformer.encoder.block.2.layer.0.SelfAttention.k.weight
t5-large,qasc,0.8513425588607788,16,transformer.encoder.block.2.layer.0.SelfAttention.v.weight
t5-large,qasc,0.8457998037338257,17,transformer.encoder.block.2.layer.0.SelfAttention.o.weight
t5-large,qasc,1.560189127922058,18,transformer.encoder.block.2.layer.1.DenseReluDense.wi.weight
t5-large,qasc,1.5981963872909546,19,transformer.encoder.block.2.layer.1.DenseReluDense.wo.weight
t5-large,qasc,0.8122929930686951,20,transformer.encoder.block.3.layer.0.SelfAttention.q.weight
t5-large,qasc,0.8232381343841553,21,transformer.encoder.block.3.layer.0.SelfAttention.k.weight
t5-large,qasc,0.8376033306121826,22,transformer.encoder.block.3.layer.0.SelfAttention.v.weight
t5-large,qasc,0.8345568776130676,23,transformer.encoder.block.3.layer.0.SelfAttention.o.weight
t5-large,qasc,1.5433809757232666,24,transformer.encoder.block.3.layer.1.DenseReluDense.wi.weight
t5-large,qasc,1.5777391195297241,25,transformer.encoder.block.3.layer.1.DenseReluDense.wo.weight
t5-large,qasc,0.799936830997467,26,transformer.encoder.block.4.layer.0.SelfAttention.q.weight
t5-large,qasc,0.8219887614250183,27,transformer.encoder.block.4.layer.0.SelfAttention.k.weight
t5-large,qasc,0.8391432762145996,28,transformer.encoder.block.4.layer.0.SelfAttention.v.weight
t5-large,qasc,0.83558589220047,29,transformer.encoder.block.4.layer.0.SelfAttention.o.weight
t5-large,qasc,1.5479834079742432,30,transformer.encoder.block.4.layer.1.DenseReluDense.wi.weight
t5-large,qasc,1.590409278869629,31,transformer.encoder.block.4.layer.1.DenseReluDense.wo.weight
t5-large,qasc,0.7744868993759155,32,transformer.encoder.block.5.layer.0.SelfAttention.q.weight
t5-large,qasc,0.7848880887031555,33,transformer.encoder.block.5.layer.0.SelfAttention.k.weight
t5-large,qasc,0.8132649660110474,34,transformer.encoder.block.5.layer.0.SelfAttention.v.weight
t5-large,qasc,0.8201463222503662,35,transformer.encoder.block.5.layer.0.SelfAttention.o.weight
t5-large,qasc,1.5311850309371948,36,transformer.encoder.block.5.layer.1.DenseReluDense.wi.weight
t5-large,qasc,1.5821510553359985,37,transformer.encoder.block.5.layer.1.DenseReluDense.wo.weight
t5-large,qasc,0.7528390884399414,38,transformer.encoder.block.6.layer.0.SelfAttention.q.weight
t5-large,qasc,0.7645646929740906,39,transformer.encoder.block.6.layer.0.SelfAttention.k.weight
t5-large,qasc,0.7994441986083984,40,transformer.encoder.block.6.layer.0.SelfAttention.v.weight
t5-large,qasc,0.8144309520721436,41,transformer.encoder.block.6.layer.0.SelfAttention.o.weight
t5-large,qasc,1.5592330694198608,42,transformer.encoder.block.6.layer.1.DenseReluDense.wi.weight
t5-large,qasc,1.5945197343826294,43,transformer.encoder.block.6.layer.1.DenseReluDense.wo.weight
t5-large,qasc,0.7613193988800049,44,transformer.encoder.block.7.layer.0.SelfAttention.q.weight
t5-large,qasc,0.7692426443099976,45,transformer.encoder.block.7.layer.0.SelfAttention.k.weight
t5-large,qasc,0.8060160279273987,46,transformer.encoder.block.7.layer.0.SelfAttention.v.weight
t5-large,qasc,0.8267161846160889,47,transformer.encoder.block.7.layer.0.SelfAttention.o.weight
t5-large,qasc,1.5529860258102417,48,transformer.encoder.block.7.layer.1.DenseReluDense.wi.weight
t5-large,qasc,1.6069018840789795,49,transformer.encoder.block.7.layer.1.DenseReluDense.wo.weight
t5-large,qasc,0.7428807020187378,50,transformer.encoder.block.8.layer.0.SelfAttention.q.weight
t5-large,qasc,0.7490659952163696,51,transformer.encoder.block.8.layer.0.SelfAttention.k.weight
t5-large,qasc,0.7729048132896423,52,transformer.encoder.block.8.layer.0.SelfAttention.v.weight
t5-large,qasc,0.8135731220245361,53,transformer.encoder.block.8.layer.0.SelfAttention.o.weight
t5-large,qasc,1.5648188591003418,54,transformer.encoder.block.8.layer.1.DenseReluDense.wi.weight
t5-large,qasc,1.6307368278503418,55,transformer.encoder.block.8.layer.1.DenseReluDense.wo.weight
t5-large,qasc,0.7220523953437805,56,transformer.encoder.block.9.layer.0.SelfAttention.q.weight
t5-large,qasc,0.7406288981437683,57,transformer.encoder.block.9.layer.0.SelfAttention.k.weight
t5-large,qasc,0.7911145091056824,58,transformer.encoder.block.9.layer.0.SelfAttention.v.weight
t5-large,qasc,0.8418996930122375,59,transformer.encoder.block.9.layer.0.SelfAttention.o.weight
t5-large,qasc,1.5561459064483643,60,transformer.encoder.block.9.layer.1.DenseReluDense.wi.weight
t5-large,qasc,1.6517269611358643,61,transformer.encoder.block.9.layer.1.DenseReluDense.wo.weight
t5-large,qasc,0.7386041283607483,62,transformer.encoder.block.10.layer.0.SelfAttention.q.weight
t5-large,qasc,0.7679808139801025,63,transformer.encoder.block.10.layer.0.SelfAttention.k.weight
t5-large,qasc,0.8058933615684509,64,transformer.encoder.block.10.layer.0.SelfAttention.v.weight
t5-large,qasc,0.8572877049446106,65,transformer.encoder.block.10.layer.0.SelfAttention.o.weight
t5-large,qasc,1.5951670408248901,66,transformer.encoder.block.10.layer.1.DenseReluDense.wi.weight
t5-large,qasc,1.680803656578064,67,transformer.encoder.block.10.layer.1.DenseReluDense.wo.weight
t5-large,qasc,0.7409706115722656,68,transformer.encoder.block.11.layer.0.SelfAttention.q.weight
t5-large,qasc,0.7431066036224365,69,transformer.encoder.block.11.layer.0.SelfAttention.k.weight
t5-large,qasc,0.8223176002502441,70,transformer.encoder.block.11.layer.0.SelfAttention.v.weight
t5-large,qasc,0.8706244826316833,71,transformer.encoder.block.11.layer.0.SelfAttention.o.weight
t5-large,qasc,1.6320686340332031,72,transformer.encoder.block.11.layer.1.DenseReluDense.wi.weight
t5-large,qasc,1.7420517206192017,73,transformer.encoder.block.11.layer.1.DenseReluDense.wo.weight
t5-large,qasc,0.7667896747589111,74,transformer.encoder.block.12.layer.0.SelfAttention.q.weight
t5-large,qasc,0.7675301432609558,75,transformer.encoder.block.12.layer.0.SelfAttention.k.weight
t5-large,qasc,0.8539688587188721,76,transformer.encoder.block.12.layer.0.SelfAttention.v.weight
t5-large,qasc,0.9526389837265015,77,transformer.encoder.block.12.layer.0.SelfAttention.o.weight
t5-large,qasc,1.6875529289245605,78,transformer.encoder.block.12.layer.1.DenseReluDense.wi.weight
t5-large,qasc,1.8282198905944824,79,transformer.encoder.block.12.layer.1.DenseReluDense.wo.weight
t5-large,qasc,0.7753936648368835,80,transformer.encoder.block.13.layer.0.SelfAttention.q.weight
t5-large,qasc,0.7589595913887024,81,transformer.encoder.block.13.layer.0.SelfAttention.k.weight
t5-large,qasc,0.8797877430915833,82,transformer.encoder.block.13.layer.0.SelfAttention.v.weight
t5-large,qasc,0.9797017574310303,83,transformer.encoder.block.13.layer.0.SelfAttention.o.weight
t5-large,qasc,1.7660161256790161,84,transformer.encoder.block.13.layer.1.DenseReluDense.wi.weight
t5-large,qasc,1.8827004432678223,85,transformer.encoder.block.13.layer.1.DenseReluDense.wo.weight
t5-large,qasc,0.8282150626182556,86,transformer.encoder.block.14.layer.0.SelfAttention.q.weight
t5-large,qasc,0.8382599353790283,87,transformer.encoder.block.14.layer.0.SelfAttention.k.weight
t5-large,qasc,0.9665840268135071,88,transformer.encoder.block.14.layer.0.SelfAttention.v.weight
t5-large,qasc,1.0755901336669922,89,transformer.encoder.block.14.layer.0.SelfAttention.o.weight
t5-large,qasc,1.8657761812210083,90,transformer.encoder.block.14.layer.1.DenseReluDense.wi.weight
t5-large,qasc,2.046327590942383,91,transformer.encoder.block.14.layer.1.DenseReluDense.wo.weight
t5-large,qasc,0.8620569705963135,92,transformer.encoder.block.15.layer.0.SelfAttention.q.weight
t5-large,qasc,0.8806741833686829,93,transformer.encoder.block.15.layer.0.SelfAttention.k.weight
t5-large,qasc,1.0665894746780396,94,transformer.encoder.block.15.layer.0.SelfAttention.v.weight
t5-large,qasc,1.1950812339782715,95,transformer.encoder.block.15.layer.0.SelfAttention.o.weight
t5-large,qasc,1.9502077102661133,96,transformer.encoder.block.15.layer.1.DenseReluDense.wi.weight
t5-large,qasc,2.1946115493774414,97,transformer.encoder.block.15.layer.1.DenseReluDense.wo.weight
t5-large,qasc,0.9372992515563965,98,transformer.encoder.block.16.layer.0.SelfAttention.q.weight
t5-large,qasc,0.9517481327056885,99,transformer.encoder.block.16.layer.0.SelfAttention.k.weight
t5-large,qasc,1.2014122009277344,100,transformer.encoder.block.16.layer.0.SelfAttention.v.weight
t5-large,qasc,1.3370505571365356,101,transformer.encoder.block.16.layer.0.SelfAttention.o.weight
t5-large,qasc,2.0096757411956787,102,transformer.encoder.block.16.layer.1.DenseReluDense.wi.weight
t5-large,qasc,2.252732515335083,103,transformer.encoder.block.16.layer.1.DenseReluDense.wo.weight
t5-large,qasc,1.0094369649887085,104,transformer.encoder.block.17.layer.0.SelfAttention.q.weight
t5-large,qasc,1.0259050130844116,105,transformer.encoder.block.17.layer.0.SelfAttention.k.weight
t5-large,qasc,1.3253151178359985,106,transformer.encoder.block.17.layer.0.SelfAttention.v.weight
t5-large,qasc,1.4949201345443726,107,transformer.encoder.block.17.layer.0.SelfAttention.o.weight
t5-large,qasc,2.1151742935180664,108,transformer.encoder.block.17.layer.1.DenseReluDense.wi.weight
t5-large,qasc,2.4177191257476807,109,transformer.encoder.block.17.layer.1.DenseReluDense.wo.weight
t5-large,qasc,1.2069180011749268,110,transformer.encoder.block.18.layer.0.SelfAttention.q.weight
t5-large,qasc,1.2263330221176147,111,transformer.encoder.block.18.layer.0.SelfAttention.k.weight
t5-large,qasc,1.4808522462844849,112,transformer.encoder.block.18.layer.0.SelfAttention.v.weight
t5-large,qasc,1.5987396240234375,113,transformer.encoder.block.18.layer.0.SelfAttention.o.weight
t5-large,qasc,2.1726624965667725,114,transformer.encoder.block.18.layer.1.DenseReluDense.wi.weight
t5-large,qasc,2.456477165222168,115,transformer.encoder.block.18.layer.1.DenseReluDense.wo.weight
t5-large,qasc,1.2869044542312622,116,transformer.encoder.block.19.layer.0.SelfAttention.q.weight
t5-large,qasc,1.3083657026290894,117,transformer.encoder.block.19.layer.0.SelfAttention.k.weight
t5-large,qasc,1.6639271974563599,118,transformer.encoder.block.19.layer.0.SelfAttention.v.weight
t5-large,qasc,1.7391198873519897,119,transformer.encoder.block.19.layer.0.SelfAttention.o.weight
t5-large,qasc,2.4339935779571533,120,transformer.encoder.block.19.layer.1.DenseReluDense.wi.weight
t5-large,qasc,2.7237820625305176,121,transformer.encoder.block.19.layer.1.DenseReluDense.wo.weight
t5-large,qasc,1.5266308784484863,122,transformer.encoder.block.20.layer.0.SelfAttention.q.weight
t5-large,qasc,1.5569965839385986,123,transformer.encoder.block.20.layer.0.SelfAttention.k.weight
t5-large,qasc,1.7996597290039062,124,transformer.encoder.block.20.layer.0.SelfAttention.v.weight
t5-large,qasc,1.8588507175445557,125,transformer.encoder.block.20.layer.0.SelfAttention.o.weight
t5-large,qasc,2.706690788269043,126,transformer.encoder.block.20.layer.1.DenseReluDense.wi.weight
t5-large,qasc,2.913536310195923,127,transformer.encoder.block.20.layer.1.DenseReluDense.wo.weight
t5-large,qasc,1.787276029586792,128,transformer.encoder.block.21.layer.0.SelfAttention.q.weight
t5-large,qasc,1.7926987409591675,129,transformer.encoder.block.21.layer.0.SelfAttention.k.weight
t5-large,qasc,1.900739073753357,130,transformer.encoder.block.21.layer.0.SelfAttention.v.weight
t5-large,qasc,1.923761010169983,131,transformer.encoder.block.21.layer.0.SelfAttention.o.weight
t5-large,qasc,2.8039419651031494,132,transformer.encoder.block.21.layer.1.DenseReluDense.wi.weight
t5-large,qasc,3.0497758388519287,133,transformer.encoder.block.21.layer.1.DenseReluDense.wo.weight
t5-large,qasc,1.7492543458938599,134,transformer.encoder.block.22.layer.0.SelfAttention.q.weight
t5-large,qasc,1.795162320137024,135,transformer.encoder.block.22.layer.0.SelfAttention.k.weight
t5-large,qasc,1.906974196434021,136,transformer.encoder.block.22.layer.0.SelfAttention.v.weight
t5-large,qasc,1.9011144638061523,137,transformer.encoder.block.22.layer.0.SelfAttention.o.weight
t5-large,qasc,2.9691734313964844,138,transformer.encoder.block.22.layer.1.DenseReluDense.wi.weight
t5-large,qasc,3.255868434906006,139,transformer.encoder.block.22.layer.1.DenseReluDense.wo.weight
t5-large,qasc,1.81194269657135,140,transformer.encoder.block.23.layer.0.SelfAttention.q.weight
t5-large,qasc,1.8725802898406982,141,transformer.encoder.block.23.layer.0.SelfAttention.k.weight
t5-large,qasc,1.9151017665863037,142,transformer.encoder.block.23.layer.0.SelfAttention.v.weight
t5-large,qasc,1.9176998138427734,143,transformer.encoder.block.23.layer.0.SelfAttention.o.weight
t5-large,qasc,3.610668897628784,144,transformer.encoder.block.23.layer.1.DenseReluDense.wi.weight
t5-large,qasc,3.7806942462921143,145,transformer.encoder.block.23.layer.1.DenseReluDense.wo.weight
t5-large,qasc,0.8345173597335815,146,transformer.decoder.block.0.layer.0.SelfAttention.q.weight
t5-large,qasc,0.8012044429779053,147,transformer.decoder.block.0.layer.0.SelfAttention.k.weight
t5-large,qasc,1.2555480003356934,148,transformer.decoder.block.0.layer.0.SelfAttention.v.weight
t5-large,qasc,1.2544828653335571,149,transformer.decoder.block.0.layer.0.SelfAttention.o.weight
t5-large,qasc,0.016361024230718613,150,transformer.decoder.block.0.layer.0.SelfAttention.relative_attention_bias.weight
t5-large,qasc,1.227613925933838,151,transformer.decoder.block.0.layer.1.EncDecAttention.q.weight
t5-large,qasc,1.54011070728302,152,transformer.decoder.block.0.layer.1.EncDecAttention.k.weight
t5-large,qasc,1.6208064556121826,153,transformer.decoder.block.0.layer.1.EncDecAttention.v.weight
t5-large,qasc,1.578386902809143,154,transformer.decoder.block.0.layer.1.EncDecAttention.o.weight
t5-large,qasc,2.4820144176483154,155,transformer.decoder.block.0.layer.2.DenseReluDense.wi.weight
t5-large,qasc,2.629305839538574,156,transformer.decoder.block.0.layer.2.DenseReluDense.wo.weight
t5-large,qasc,0.9074927568435669,157,transformer.decoder.block.1.layer.0.SelfAttention.q.weight
t5-large,qasc,0.8996408581733704,158,transformer.decoder.block.1.layer.0.SelfAttention.k.weight
t5-large,qasc,1.405120611190796,159,transformer.decoder.block.1.layer.0.SelfAttention.v.weight
t5-large,qasc,1.4621165990829468,160,transformer.decoder.block.1.layer.0.SelfAttention.o.weight
t5-large,qasc,1.4502778053283691,161,transformer.decoder.block.1.layer.1.EncDecAttention.q.weight
t5-large,qasc,1.8908588886260986,162,transformer.decoder.block.1.layer.1.EncDecAttention.k.weight
t5-large,qasc,1.7784984111785889,163,transformer.decoder.block.1.layer.1.EncDecAttention.v.weight
t5-large,qasc,1.7333747148513794,164,transformer.decoder.block.1.layer.1.EncDecAttention.o.weight
t5-large,qasc,2.0699639320373535,165,transformer.decoder.block.1.layer.2.DenseReluDense.wi.weight
t5-large,qasc,2.1442196369171143,166,transformer.decoder.block.1.layer.2.DenseReluDense.wo.weight
t5-large,qasc,0.8848999738693237,167,transformer.decoder.block.2.layer.0.SelfAttention.q.weight
t5-large,qasc,0.8877780437469482,168,transformer.decoder.block.2.layer.0.SelfAttention.k.weight
t5-large,qasc,1.4108489751815796,169,transformer.decoder.block.2.layer.0.SelfAttention.v.weight
t5-large,qasc,1.465647578239441,170,transformer.decoder.block.2.layer.0.SelfAttention.o.weight
t5-large,qasc,1.2322450876235962,171,transformer.decoder.block.2.layer.1.EncDecAttention.q.weight
t5-large,qasc,1.6474772691726685,172,transformer.decoder.block.2.layer.1.EncDecAttention.k.weight
t5-large,qasc,1.7026811838150024,173,transformer.decoder.block.2.layer.1.EncDecAttention.v.weight
t5-large,qasc,1.6297122240066528,174,transformer.decoder.block.2.layer.1.EncDecAttention.o.weight
t5-large,qasc,1.826207160949707,175,transformer.decoder.block.2.layer.2.DenseReluDense.wi.weight
t5-large,qasc,1.935290813446045,176,transformer.decoder.block.2.layer.2.DenseReluDense.wo.weight
t5-large,qasc,0.9272909164428711,177,transformer.decoder.block.3.layer.0.SelfAttention.q.weight
t5-large,qasc,0.9281003475189209,178,transformer.decoder.block.3.layer.0.SelfAttention.k.weight
t5-large,qasc,1.347345232963562,179,transformer.decoder.block.3.layer.0.SelfAttention.v.weight
t5-large,qasc,1.4227707386016846,180,transformer.decoder.block.3.layer.0.SelfAttention.o.weight
t5-large,qasc,1.1950196027755737,181,transformer.decoder.block.3.layer.1.EncDecAttention.q.weight
t5-large,qasc,1.531440258026123,182,transformer.decoder.block.3.layer.1.EncDecAttention.k.weight
t5-large,qasc,1.5850839614868164,183,transformer.decoder.block.3.layer.1.EncDecAttention.v.weight
t5-large,qasc,1.5332741737365723,184,transformer.decoder.block.3.layer.1.EncDecAttention.o.weight
t5-large,qasc,1.942383885383606,185,transformer.decoder.block.3.layer.2.DenseReluDense.wi.weight
t5-large,qasc,2.0189156532287598,186,transformer.decoder.block.3.layer.2.DenseReluDense.wo.weight
t5-large,qasc,0.9303376078605652,187,transformer.decoder.block.4.layer.0.SelfAttention.q.weight
t5-large,qasc,0.9200454950332642,188,transformer.decoder.block.4.layer.0.SelfAttention.k.weight
t5-large,qasc,1.376128077507019,189,transformer.decoder.block.4.layer.0.SelfAttention.v.weight
t5-large,qasc,1.4427578449249268,190,transformer.decoder.block.4.layer.0.SelfAttention.o.weight
t5-large,qasc,1.1313540935516357,191,transformer.decoder.block.4.layer.1.EncDecAttention.q.weight
t5-large,qasc,1.5764023065567017,192,transformer.decoder.block.4.layer.1.EncDecAttention.k.weight
t5-large,qasc,1.5952630043029785,193,transformer.decoder.block.4.layer.1.EncDecAttention.v.weight
t5-large,qasc,1.580952763557434,194,transformer.decoder.block.4.layer.1.EncDecAttention.o.weight
t5-large,qasc,1.9540566205978394,195,transformer.decoder.block.4.layer.2.DenseReluDense.wi.weight
t5-large,qasc,2.064117431640625,196,transformer.decoder.block.4.layer.2.DenseReluDense.wo.weight
t5-large,qasc,1.0270614624023438,197,transformer.decoder.block.5.layer.0.SelfAttention.q.weight
t5-large,qasc,1.0193746089935303,198,transformer.decoder.block.5.layer.0.SelfAttention.k.weight
t5-large,qasc,1.3752586841583252,199,transformer.decoder.block.5.layer.0.SelfAttention.v.weight
t5-large,qasc,1.4057600498199463,200,transformer.decoder.block.5.layer.0.SelfAttention.o.weight
t5-large,qasc,1.125022053718567,201,transformer.decoder.block.5.layer.1.EncDecAttention.q.weight
t5-large,qasc,1.5220061540603638,202,transformer.decoder.block.5.layer.1.EncDecAttention.k.weight
t5-large,qasc,1.5729740858078003,203,transformer.decoder.block.5.layer.1.EncDecAttention.v.weight
t5-large,qasc,1.5525673627853394,204,transformer.decoder.block.5.layer.1.EncDecAttention.o.weight
t5-large,qasc,1.8381781578063965,205,transformer.decoder.block.5.layer.2.DenseReluDense.wi.weight
t5-large,qasc,1.9407665729522705,206,transformer.decoder.block.5.layer.2.DenseReluDense.wo.weight
t5-large,qasc,1.005288004875183,207,transformer.decoder.block.6.layer.0.SelfAttention.q.weight
t5-large,qasc,0.9966466426849365,208,transformer.decoder.block.6.layer.0.SelfAttention.k.weight
t5-large,qasc,1.4045885801315308,209,transformer.decoder.block.6.layer.0.SelfAttention.v.weight
t5-large,qasc,1.4419822692871094,210,transformer.decoder.block.6.layer.0.SelfAttention.o.weight
t5-large,qasc,1.1100168228149414,211,transformer.decoder.block.6.layer.1.EncDecAttention.q.weight
t5-large,qasc,1.4028650522232056,212,transformer.decoder.block.6.layer.1.EncDecAttention.k.weight
t5-large,qasc,1.440543532371521,213,transformer.decoder.block.6.layer.1.EncDecAttention.v.weight
t5-large,qasc,1.4846385717391968,214,transformer.decoder.block.6.layer.1.EncDecAttention.o.weight
t5-large,qasc,1.9931540489196777,215,transformer.decoder.block.6.layer.2.DenseReluDense.wi.weight
t5-large,qasc,2.090559959411621,216,transformer.decoder.block.6.layer.2.DenseReluDense.wo.weight
t5-large,qasc,1.0049089193344116,217,transformer.decoder.block.7.layer.0.SelfAttention.q.weight
t5-large,qasc,0.9933948516845703,218,transformer.decoder.block.7.layer.0.SelfAttention.k.weight
t5-large,qasc,1.5077396631240845,219,transformer.decoder.block.7.layer.0.SelfAttention.v.weight
t5-large,qasc,1.5723079442977905,220,transformer.decoder.block.7.layer.0.SelfAttention.o.weight
t5-large,qasc,1.1612550020217896,221,transformer.decoder.block.7.layer.1.EncDecAttention.q.weight
t5-large,qasc,1.5867050886154175,222,transformer.decoder.block.7.layer.1.EncDecAttention.k.weight
t5-large,qasc,1.598153829574585,223,transformer.decoder.block.7.layer.1.EncDecAttention.v.weight
t5-large,qasc,1.6098042726516724,224,transformer.decoder.block.7.layer.1.EncDecAttention.o.weight
t5-large,qasc,2.174858808517456,225,transformer.decoder.block.7.layer.2.DenseReluDense.wi.weight
t5-large,qasc,2.2831509113311768,226,transformer.decoder.block.7.layer.2.DenseReluDense.wo.weight
t5-large,qasc,0.9334781169891357,227,transformer.decoder.block.8.layer.0.SelfAttention.q.weight
t5-large,qasc,0.9255610704421997,228,transformer.decoder.block.8.layer.0.SelfAttention.k.weight
t5-large,qasc,1.521604061126709,229,transformer.decoder.block.8.layer.0.SelfAttention.v.weight
t5-large,qasc,1.5542970895767212,230,transformer.decoder.block.8.layer.0.SelfAttention.o.weight
t5-large,qasc,1.1319581270217896,231,transformer.decoder.block.8.layer.1.EncDecAttention.q.weight
t5-large,qasc,1.5238487720489502,232,transformer.decoder.block.8.layer.1.EncDecAttention.k.weight
t5-large,qasc,1.4877209663391113,233,transformer.decoder.block.8.layer.1.EncDecAttention.v.weight
t5-large,qasc,1.555270791053772,234,transformer.decoder.block.8.layer.1.EncDecAttention.o.weight
t5-large,qasc,1.8635648488998413,235,transformer.decoder.block.8.layer.2.DenseReluDense.wi.weight
t5-large,qasc,1.9584037065505981,236,transformer.decoder.block.8.layer.2.DenseReluDense.wo.weight
t5-large,qasc,1.0017015933990479,237,transformer.decoder.block.9.layer.0.SelfAttention.q.weight
t5-large,qasc,1.0033031702041626,238,transformer.decoder.block.9.layer.0.SelfAttention.k.weight
t5-large,qasc,1.4844905138015747,239,transformer.decoder.block.9.layer.0.SelfAttention.v.weight
t5-large,qasc,1.5511672496795654,240,transformer.decoder.block.9.layer.0.SelfAttention.o.weight
t5-large,qasc,1.098364233970642,241,transformer.decoder.block.9.layer.1.EncDecAttention.q.weight
t5-large,qasc,1.5665427446365356,242,transformer.decoder.block.9.layer.1.EncDecAttention.k.weight
t5-large,qasc,1.4792585372924805,243,transformer.decoder.block.9.layer.1.EncDecAttention.v.weight
t5-large,qasc,1.5376085042953491,244,transformer.decoder.block.9.layer.1.EncDecAttention.o.weight
t5-large,qasc,1.8874526023864746,245,transformer.decoder.block.9.layer.2.DenseReluDense.wi.weight
t5-large,qasc,2.0037715435028076,246,transformer.decoder.block.9.layer.2.DenseReluDense.wo.weight
t5-large,qasc,1.007325291633606,247,transformer.decoder.block.10.layer.0.SelfAttention.q.weight
t5-large,qasc,1.0092747211456299,248,transformer.decoder.block.10.layer.0.SelfAttention.k.weight
t5-large,qasc,1.547559142112732,249,transformer.decoder.block.10.layer.0.SelfAttention.v.weight
t5-large,qasc,1.565069317817688,250,transformer.decoder.block.10.layer.0.SelfAttention.o.weight
t5-large,qasc,1.1251068115234375,251,transformer.decoder.block.10.layer.1.EncDecAttention.q.weight
t5-large,qasc,1.3965537548065186,252,transformer.decoder.block.10.layer.1.EncDecAttention.k.weight
t5-large,qasc,1.4365462064743042,253,transformer.decoder.block.10.layer.1.EncDecAttention.v.weight
t5-large,qasc,1.5466768741607666,254,transformer.decoder.block.10.layer.1.EncDecAttention.o.weight
t5-large,qasc,1.8876128196716309,255,transformer.decoder.block.10.layer.2.DenseReluDense.wi.weight
t5-large,qasc,1.9927787780761719,256,transformer.decoder.block.10.layer.2.DenseReluDense.wo.weight
t5-large,qasc,1.0580058097839355,257,transformer.decoder.block.11.layer.0.SelfAttention.q.weight
t5-large,qasc,1.0560369491577148,258,transformer.decoder.block.11.layer.0.SelfAttention.k.weight
t5-large,qasc,1.7000571489334106,259,transformer.decoder.block.11.layer.0.SelfAttention.v.weight
t5-large,qasc,1.6503701210021973,260,transformer.decoder.block.11.layer.0.SelfAttention.o.weight
t5-large,qasc,1.1927140951156616,261,transformer.decoder.block.11.layer.1.EncDecAttention.q.weight
t5-large,qasc,1.6692711114883423,262,transformer.decoder.block.11.layer.1.EncDecAttention.k.weight
t5-large,qasc,1.6548126935958862,263,transformer.decoder.block.11.layer.1.EncDecAttention.v.weight
t5-large,qasc,1.668520450592041,264,transformer.decoder.block.11.layer.1.EncDecAttention.o.weight
t5-large,qasc,2.252396821975708,265,transformer.decoder.block.11.layer.2.DenseReluDense.wi.weight
t5-large,qasc,2.4026310443878174,266,transformer.decoder.block.11.layer.2.DenseReluDense.wo.weight
t5-large,qasc,1.0715758800506592,267,transformer.decoder.block.12.layer.0.SelfAttention.q.weight
t5-large,qasc,1.0610268115997314,268,transformer.decoder.block.12.layer.0.SelfAttention.k.weight
t5-large,qasc,1.7391587495803833,269,transformer.decoder.block.12.layer.0.SelfAttention.v.weight
t5-large,qasc,1.6966439485549927,270,transformer.decoder.block.12.layer.0.SelfAttention.o.weight
t5-large,qasc,1.201826572418213,271,transformer.decoder.block.12.layer.1.EncDecAttention.q.weight
t5-large,qasc,1.6021308898925781,272,transformer.decoder.block.12.layer.1.EncDecAttention.k.weight
t5-large,qasc,1.6774569749832153,273,transformer.decoder.block.12.layer.1.EncDecAttention.v.weight
t5-large,qasc,1.6975239515304565,274,transformer.decoder.block.12.layer.1.EncDecAttention.o.weight
t5-large,qasc,2.3344838619232178,275,transformer.decoder.block.12.layer.2.DenseReluDense.wi.weight
t5-large,qasc,2.475257158279419,276,transformer.decoder.block.12.layer.2.DenseReluDense.wo.weight
t5-large,qasc,0.9750427007675171,277,transformer.decoder.block.13.layer.0.SelfAttention.q.weight
t5-large,qasc,0.9772190451622009,278,transformer.decoder.block.13.layer.0.SelfAttention.k.weight
t5-large,qasc,1.7559455633163452,279,transformer.decoder.block.13.layer.0.SelfAttention.v.weight
t5-large,qasc,1.6582953929901123,280,transformer.decoder.block.13.layer.0.SelfAttention.o.weight
t5-large,qasc,1.2084249258041382,281,transformer.decoder.block.13.layer.1.EncDecAttention.q.weight
t5-large,qasc,1.694200873374939,282,transformer.decoder.block.13.layer.1.EncDecAttention.k.weight
t5-large,qasc,1.7055081129074097,283,transformer.decoder.block.13.layer.1.EncDecAttention.v.weight
t5-large,qasc,1.7533414363861084,284,transformer.decoder.block.13.layer.1.EncDecAttention.o.weight
t5-large,qasc,2.4057090282440186,285,transformer.decoder.block.13.layer.2.DenseReluDense.wi.weight
t5-large,qasc,2.535163164138794,286,transformer.decoder.block.13.layer.2.DenseReluDense.wo.weight
t5-large,qasc,1.0674058198928833,287,transformer.decoder.block.14.layer.0.SelfAttention.q.weight
t5-large,qasc,1.0588592290878296,288,transformer.decoder.block.14.layer.0.SelfAttention.k.weight
t5-large,qasc,1.7154737710952759,289,transformer.decoder.block.14.layer.0.SelfAttention.v.weight
t5-large,qasc,1.7161500453948975,290,transformer.decoder.block.14.layer.0.SelfAttention.o.weight
t5-large,qasc,1.196535587310791,291,transformer.decoder.block.14.layer.1.EncDecAttention.q.weight
t5-large,qasc,1.8012607097625732,292,transformer.decoder.block.14.layer.1.EncDecAttention.k.weight
t5-large,qasc,1.7349085807800293,293,transformer.decoder.block.14.layer.1.EncDecAttention.v.weight
t5-large,qasc,1.7671462297439575,294,transformer.decoder.block.14.layer.1.EncDecAttention.o.weight
t5-large,qasc,2.391373872756958,295,transformer.decoder.block.14.layer.2.DenseReluDense.wi.weight
t5-large,qasc,2.4814929962158203,296,transformer.decoder.block.14.layer.2.DenseReluDense.wo.weight
t5-large,qasc,1.065596580505371,297,transformer.decoder.block.15.layer.0.SelfAttention.q.weight
t5-large,qasc,1.0564290285110474,298,transformer.decoder.block.15.layer.0.SelfAttention.k.weight
t5-large,qasc,1.7638323307037354,299,transformer.decoder.block.15.layer.0.SelfAttention.v.weight
t5-large,qasc,1.7557426691055298,300,transformer.decoder.block.15.layer.0.SelfAttention.o.weight
t5-large,qasc,1.2751470804214478,301,transformer.decoder.block.15.layer.1.EncDecAttention.q.weight
t5-large,qasc,1.7928760051727295,302,transformer.decoder.block.15.layer.1.EncDecAttention.k.weight
t5-large,qasc,1.7401554584503174,303,transformer.decoder.block.15.layer.1.EncDecAttention.v.weight
t5-large,qasc,1.773881196975708,304,transformer.decoder.block.15.layer.1.EncDecAttention.o.weight
t5-large,qasc,2.2803258895874023,305,transformer.decoder.block.15.layer.2.DenseReluDense.wi.weight
t5-large,qasc,2.3800320625305176,306,transformer.decoder.block.15.layer.2.DenseReluDense.wo.weight
t5-large,qasc,1.068406581878662,307,transformer.decoder.block.16.layer.0.SelfAttention.q.weight
t5-large,qasc,1.0917819738388062,308,transformer.decoder.block.16.layer.0.SelfAttention.k.weight
t5-large,qasc,1.8903532028198242,309,transformer.decoder.block.16.layer.0.SelfAttention.v.weight
t5-large,qasc,1.8415377140045166,310,transformer.decoder.block.16.layer.0.SelfAttention.o.weight
t5-large,qasc,1.2598966360092163,311,transformer.decoder.block.16.layer.1.EncDecAttention.q.weight
t5-large,qasc,1.8022767305374146,312,transformer.decoder.block.16.layer.1.EncDecAttention.k.weight
t5-large,qasc,1.7648398876190186,313,transformer.decoder.block.16.layer.1.EncDecAttention.v.weight
t5-large,qasc,1.7831522226333618,314,transformer.decoder.block.16.layer.1.EncDecAttention.o.weight
t5-large,qasc,2.439606189727783,315,transformer.decoder.block.16.layer.2.DenseReluDense.wi.weight
t5-large,qasc,2.5177900791168213,316,transformer.decoder.block.16.layer.2.DenseReluDense.wo.weight
t5-large,qasc,1.1012752056121826,317,transformer.decoder.block.17.layer.0.SelfAttention.q.weight
t5-large,qasc,1.0939679145812988,318,transformer.decoder.block.17.layer.0.SelfAttention.k.weight
t5-large,qasc,1.8991832733154297,319,transformer.decoder.block.17.layer.0.SelfAttention.v.weight
t5-large,qasc,1.8540469408035278,320,transformer.decoder.block.17.layer.0.SelfAttention.o.weight
t5-large,qasc,1.4458619356155396,321,transformer.decoder.block.17.layer.1.EncDecAttention.q.weight
t5-large,qasc,2.055109977722168,322,transformer.decoder.block.17.layer.1.EncDecAttention.k.weight
t5-large,qasc,1.8692522048950195,323,transformer.decoder.block.17.layer.1.EncDecAttention.v.weight
t5-large,qasc,1.8250198364257812,324,transformer.decoder.block.17.layer.1.EncDecAttention.o.weight
t5-large,qasc,2.558074712753296,325,transformer.decoder.block.17.layer.2.DenseReluDense.wi.weight
t5-large,qasc,2.6299242973327637,326,transformer.decoder.block.17.layer.2.DenseReluDense.wo.weight
t5-large,qasc,1.0961298942565918,327,transformer.decoder.block.18.layer.0.SelfAttention.q.weight
t5-large,qasc,1.093889594078064,328,transformer.decoder.block.18.layer.0.SelfAttention.k.weight
t5-large,qasc,1.800297737121582,329,transformer.decoder.block.18.layer.0.SelfAttention.v.weight
t5-large,qasc,1.7673159837722778,330,transformer.decoder.block.18.layer.0.SelfAttention.o.weight
t5-large,qasc,1.4439350366592407,331,transformer.decoder.block.18.layer.1.EncDecAttention.q.weight
t5-large,qasc,2.109978199005127,332,transformer.decoder.block.18.layer.1.EncDecAttention.k.weight
t5-large,qasc,1.998049259185791,333,transformer.decoder.block.18.layer.1.EncDecAttention.v.weight
t5-large,qasc,1.9120972156524658,334,transformer.decoder.block.18.layer.1.EncDecAttention.o.weight
t5-large,qasc,2.855271577835083,335,transformer.decoder.block.18.layer.2.DenseReluDense.wi.weight
t5-large,qasc,3.015796661376953,336,transformer.decoder.block.18.layer.2.DenseReluDense.wo.weight
t5-large,qasc,1.1031347513198853,337,transformer.decoder.block.19.layer.0.SelfAttention.q.weight
t5-large,qasc,1.0847426652908325,338,transformer.decoder.block.19.layer.0.SelfAttention.k.weight
t5-large,qasc,1.8786884546279907,339,transformer.decoder.block.19.layer.0.SelfAttention.v.weight
t5-large,qasc,1.922147512435913,340,transformer.decoder.block.19.layer.0.SelfAttention.o.weight
t5-large,qasc,1.410711407661438,341,transformer.decoder.block.19.layer.1.EncDecAttention.q.weight
t5-large,qasc,2.0051281452178955,342,transformer.decoder.block.19.layer.1.EncDecAttention.k.weight
t5-large,qasc,1.9001072645187378,343,transformer.decoder.block.19.layer.1.EncDecAttention.v.weight
t5-large,qasc,1.888179063796997,344,transformer.decoder.block.19.layer.1.EncDecAttention.o.weight
t5-large,qasc,2.8733532428741455,345,transformer.decoder.block.19.layer.2.DenseReluDense.wi.weight
t5-large,qasc,3.062368154525757,346,transformer.decoder.block.19.layer.2.DenseReluDense.wo.weight
t5-large,qasc,1.0964994430541992,347,transformer.decoder.block.20.layer.0.SelfAttention.q.weight
t5-large,qasc,1.1052930355072021,348,transformer.decoder.block.20.layer.0.SelfAttention.k.weight
t5-large,qasc,1.8945306539535522,349,transformer.decoder.block.20.layer.0.SelfAttention.v.weight
t5-large,qasc,1.9177501201629639,350,transformer.decoder.block.20.layer.0.SelfAttention.o.weight
t5-large,qasc,1.470599889755249,351,transformer.decoder.block.20.layer.1.EncDecAttention.q.weight
t5-large,qasc,2.037627696990967,352,transformer.decoder.block.20.layer.1.EncDecAttention.k.weight
t5-large,qasc,1.8954720497131348,353,transformer.decoder.block.20.layer.1.EncDecAttention.v.weight
t5-large,qasc,1.9248307943344116,354,transformer.decoder.block.20.layer.1.EncDecAttention.o.weight
t5-large,qasc,2.628035306930542,355,transformer.decoder.block.20.layer.2.DenseReluDense.wi.weight
t5-large,qasc,2.796384572982788,356,transformer.decoder.block.20.layer.2.DenseReluDense.wo.weight
t5-large,qasc,1.134212851524353,357,transformer.decoder.block.21.layer.0.SelfAttention.q.weight
t5-large,qasc,1.1395119428634644,358,transformer.decoder.block.21.layer.0.SelfAttention.k.weight
t5-large,qasc,1.8947118520736694,359,transformer.decoder.block.21.layer.0.SelfAttention.v.weight
t5-large,qasc,1.9733513593673706,360,transformer.decoder.block.21.layer.0.SelfAttention.o.weight
t5-large,qasc,1.5563316345214844,361,transformer.decoder.block.21.layer.1.EncDecAttention.q.weight
t5-large,qasc,2.1090025901794434,362,transformer.decoder.block.21.layer.1.EncDecAttention.k.weight
t5-large,qasc,1.9959999322891235,363,transformer.decoder.block.21.layer.1.EncDecAttention.v.weight
t5-large,qasc,1.980036973953247,364,transformer.decoder.block.21.layer.1.EncDecAttention.o.weight
t5-large,qasc,2.7488555908203125,365,transformer.decoder.block.21.layer.2.DenseReluDense.wi.weight
t5-large,qasc,3.0041089057922363,366,transformer.decoder.block.21.layer.2.DenseReluDense.wo.weight
t5-large,qasc,1.1050645112991333,367,transformer.decoder.block.22.layer.0.SelfAttention.q.weight
t5-large,qasc,1.105618953704834,368,transformer.decoder.block.22.layer.0.SelfAttention.k.weight
t5-large,qasc,1.918510913848877,369,transformer.decoder.block.22.layer.0.SelfAttention.v.weight
t5-large,qasc,2.0605850219726562,370,transformer.decoder.block.22.layer.0.SelfAttention.o.weight
t5-large,qasc,1.6114709377288818,371,transformer.decoder.block.22.layer.1.EncDecAttention.q.weight
t5-large,qasc,2.174431800842285,372,transformer.decoder.block.22.layer.1.EncDecAttention.k.weight
t5-large,qasc,2.0469210147857666,373,transformer.decoder.block.22.layer.1.EncDecAttention.v.weight
t5-large,qasc,2.1008148193359375,374,transformer.decoder.block.22.layer.1.EncDecAttention.o.weight
t5-large,qasc,2.668325185775757,375,transformer.decoder.block.22.layer.2.DenseReluDense.wi.weight
t5-large,qasc,2.909339189529419,376,transformer.decoder.block.22.layer.2.DenseReluDense.wo.weight
t5-large,qasc,1.1324822902679443,377,transformer.decoder.block.23.layer.0.SelfAttention.q.weight
t5-large,qasc,1.1449601650238037,378,transformer.decoder.block.23.layer.0.SelfAttention.k.weight
t5-large,qasc,1.983122706413269,379,transformer.decoder.block.23.layer.0.SelfAttention.v.weight
t5-large,qasc,2.109274387359619,380,transformer.decoder.block.23.layer.0.SelfAttention.o.weight
t5-large,qasc,1.678004264831543,381,transformer.decoder.block.23.layer.1.EncDecAttention.q.weight
t5-large,qasc,2.1865527629852295,382,transformer.decoder.block.23.layer.1.EncDecAttention.k.weight
t5-large,qasc,2.2532572746276855,383,transformer.decoder.block.23.layer.1.EncDecAttention.v.weight
t5-large,qasc,2.351956367492676,384,transformer.decoder.block.23.layer.1.EncDecAttention.o.weight
t5-large,qasc,3.0543465614318848,385,transformer.decoder.block.23.layer.2.DenseReluDense.wi.weight
t5-large,qasc,3.1493425369262695,386,transformer.decoder.block.23.layer.2.DenseReluDense.wo.weight
t5-large,wiki_qa,7.9085493087768555,0,transformer.shared.weight
t5-large,wiki_qa,1.5347001552581787,1,transformer.encoder.block.0.layer.0.SelfAttention.q.weight
t5-large,wiki_qa,1.5445291996002197,2,transformer.encoder.block.0.layer.0.SelfAttention.k.weight
t5-large,wiki_qa,1.5061171054840088,3,transformer.encoder.block.0.layer.0.SelfAttention.v.weight
t5-large,wiki_qa,1.5465383529663086,4,transformer.encoder.block.0.layer.0.SelfAttention.o.weight
t5-large,wiki_qa,0.04038035497069359,5,transformer.encoder.block.0.layer.0.SelfAttention.relative_attention_bias.weight
t5-large,wiki_qa,4.2094831466674805,6,transformer.encoder.block.0.layer.1.DenseReluDense.wi.weight
t5-large,wiki_qa,4.38868522644043,7,transformer.encoder.block.0.layer.1.DenseReluDense.wo.weight
t5-large,wiki_qa,1.6579753160476685,8,transformer.encoder.block.1.layer.0.SelfAttention.q.weight
t5-large,wiki_qa,1.6610429286956787,9,transformer.encoder.block.1.layer.0.SelfAttention.k.weight
t5-large,wiki_qa,1.5256600379943848,10,transformer.encoder.block.1.layer.0.SelfAttention.v.weight
t5-large,wiki_qa,1.5573564767837524,11,transformer.encoder.block.1.layer.0.SelfAttention.o.weight
t5-large,wiki_qa,4.515994548797607,12,transformer.encoder.block.1.layer.1.DenseReluDense.wi.weight
t5-large,wiki_qa,4.78034782409668,13,transformer.encoder.block.1.layer.1.DenseReluDense.wo.weight
t5-large,wiki_qa,1.6314326524734497,14,transformer.encoder.block.2.layer.0.SelfAttention.q.weight
t5-large,wiki_qa,1.660946249961853,15,transformer.encoder.block.2.layer.0.SelfAttention.k.weight
t5-large,wiki_qa,1.5584837198257446,16,transformer.encoder.block.2.layer.0.SelfAttention.v.weight
t5-large,wiki_qa,1.5625121593475342,17,transformer.encoder.block.2.layer.0.SelfAttention.o.weight
t5-large,wiki_qa,4.57749080657959,18,transformer.encoder.block.2.layer.1.DenseReluDense.wi.weight
t5-large,wiki_qa,4.824911594390869,19,transformer.encoder.block.2.layer.1.DenseReluDense.wo.weight
t5-large,wiki_qa,1.7046023607254028,20,transformer.encoder.block.3.layer.0.SelfAttention.q.weight
t5-large,wiki_qa,1.7177069187164307,21,transformer.encoder.block.3.layer.0.SelfAttention.k.weight
t5-large,wiki_qa,1.5700664520263672,22,transformer.encoder.block.3.layer.0.SelfAttention.v.weight
t5-large,wiki_qa,1.5829200744628906,23,transformer.encoder.block.3.layer.0.SelfAttention.o.weight
t5-large,wiki_qa,4.922956466674805,24,transformer.encoder.block.3.layer.1.DenseReluDense.wi.weight
t5-large,wiki_qa,5.156465530395508,25,transformer.encoder.block.3.layer.1.DenseReluDense.wo.weight
t5-large,wiki_qa,1.7515385150909424,26,transformer.encoder.block.4.layer.0.SelfAttention.q.weight
t5-large,wiki_qa,1.7392714023590088,27,transformer.encoder.block.4.layer.0.SelfAttention.k.weight
t5-large,wiki_qa,1.5080962181091309,28,transformer.encoder.block.4.layer.0.SelfAttention.v.weight
t5-large,wiki_qa,1.5403558015823364,29,transformer.encoder.block.4.layer.0.SelfAttention.o.weight
t5-large,wiki_qa,5.045806884765625,30,transformer.encoder.block.4.layer.1.DenseReluDense.wi.weight
t5-large,wiki_qa,5.309343338012695,31,transformer.encoder.block.4.layer.1.DenseReluDense.wo.weight
t5-large,wiki_qa,1.7593618631362915,32,transformer.encoder.block.5.layer.0.SelfAttention.q.weight
t5-large,wiki_qa,1.7271807193756104,33,transformer.encoder.block.5.layer.0.SelfAttention.k.weight
t5-large,wiki_qa,1.5857932567596436,34,transformer.encoder.block.5.layer.0.SelfAttention.v.weight
t5-large,wiki_qa,1.5987460613250732,35,transformer.encoder.block.5.layer.0.SelfAttention.o.weight
t5-large,wiki_qa,5.164642810821533,36,transformer.encoder.block.5.layer.1.DenseReluDense.wi.weight
t5-large,wiki_qa,5.4527106285095215,37,transformer.encoder.block.5.layer.1.DenseReluDense.wo.weight
t5-large,wiki_qa,1.8246772289276123,38,transformer.encoder.block.6.layer.0.SelfAttention.q.weight
t5-large,wiki_qa,1.820892333984375,39,transformer.encoder.block.6.layer.0.SelfAttention.k.weight
t5-large,wiki_qa,1.6163301467895508,40,transformer.encoder.block.6.layer.0.SelfAttention.v.weight
t5-large,wiki_qa,1.6241261959075928,41,transformer.encoder.block.6.layer.0.SelfAttention.o.weight
t5-large,wiki_qa,5.304952144622803,42,transformer.encoder.block.6.layer.1.DenseReluDense.wi.weight
t5-large,wiki_qa,5.602900981903076,43,transformer.encoder.block.6.layer.1.DenseReluDense.wo.weight
t5-large,wiki_qa,1.8570014238357544,44,transformer.encoder.block.7.layer.0.SelfAttention.q.weight
t5-large,wiki_qa,1.8957701921463013,45,transformer.encoder.block.7.layer.0.SelfAttention.k.weight
t5-large,wiki_qa,1.6761977672576904,46,transformer.encoder.block.7.layer.0.SelfAttention.v.weight
t5-large,wiki_qa,1.6450438499450684,47,transformer.encoder.block.7.layer.0.SelfAttention.o.weight
t5-large,wiki_qa,5.247084617614746,48,transformer.encoder.block.7.layer.1.DenseReluDense.wi.weight
t5-large,wiki_qa,5.535597324371338,49,transformer.encoder.block.7.layer.1.DenseReluDense.wo.weight
t5-large,wiki_qa,1.9582997560501099,50,transformer.encoder.block.8.layer.0.SelfAttention.q.weight
t5-large,wiki_qa,1.9359831809997559,51,transformer.encoder.block.8.layer.0.SelfAttention.k.weight
t5-large,wiki_qa,1.7500258684158325,52,transformer.encoder.block.8.layer.0.SelfAttention.v.weight
t5-large,wiki_qa,1.728381872177124,53,transformer.encoder.block.8.layer.0.SelfAttention.o.weight
t5-large,wiki_qa,5.403076648712158,54,transformer.encoder.block.8.layer.1.DenseReluDense.wi.weight
t5-large,wiki_qa,5.7559661865234375,55,transformer.encoder.block.8.layer.1.DenseReluDense.wo.weight
t5-large,wiki_qa,1.916466474533081,56,transformer.encoder.block.9.layer.0.SelfAttention.q.weight
t5-large,wiki_qa,1.9774068593978882,57,transformer.encoder.block.9.layer.0.SelfAttention.k.weight
t5-large,wiki_qa,1.8132789134979248,58,transformer.encoder.block.9.layer.0.SelfAttention.v.weight
t5-large,wiki_qa,1.7531934976577759,59,transformer.encoder.block.9.layer.0.SelfAttention.o.weight
t5-large,wiki_qa,5.45474910736084,60,transformer.encoder.block.9.layer.1.DenseReluDense.wi.weight
t5-large,wiki_qa,5.778090953826904,61,transformer.encoder.block.9.layer.1.DenseReluDense.wo.weight
t5-large,wiki_qa,1.9684571027755737,62,transformer.encoder.block.10.layer.0.SelfAttention.q.weight
t5-large,wiki_qa,2.0496981143951416,63,transformer.encoder.block.10.layer.0.SelfAttention.k.weight
t5-large,wiki_qa,1.751179814338684,64,transformer.encoder.block.10.layer.0.SelfAttention.v.weight
t5-large,wiki_qa,1.6772547960281372,65,transformer.encoder.block.10.layer.0.SelfAttention.o.weight
t5-large,wiki_qa,5.476163387298584,66,transformer.encoder.block.10.layer.1.DenseReluDense.wi.weight
t5-large,wiki_qa,5.793076038360596,67,transformer.encoder.block.10.layer.1.DenseReluDense.wo.weight
t5-large,wiki_qa,2.0598106384277344,68,transformer.encoder.block.11.layer.0.SelfAttention.q.weight
t5-large,wiki_qa,2.175751209259033,69,transformer.encoder.block.11.layer.0.SelfAttention.k.weight
t5-large,wiki_qa,1.9128284454345703,70,transformer.encoder.block.11.layer.0.SelfAttention.v.weight
t5-large,wiki_qa,1.815972089767456,71,transformer.encoder.block.11.layer.0.SelfAttention.o.weight
t5-large,wiki_qa,5.5457658767700195,72,transformer.encoder.block.11.layer.1.DenseReluDense.wi.weight
t5-large,wiki_qa,5.901856422424316,73,transformer.encoder.block.11.layer.1.DenseReluDense.wo.weight
t5-large,wiki_qa,2.0625805854797363,74,transformer.encoder.block.12.layer.0.SelfAttention.q.weight
t5-large,wiki_qa,2.152658224105835,75,transformer.encoder.block.12.layer.0.SelfAttention.k.weight
t5-large,wiki_qa,1.9395132064819336,76,transformer.encoder.block.12.layer.0.SelfAttention.v.weight
t5-large,wiki_qa,1.8007769584655762,77,transformer.encoder.block.12.layer.0.SelfAttention.o.weight
t5-large,wiki_qa,5.532892227172852,78,transformer.encoder.block.12.layer.1.DenseReluDense.wi.weight
t5-large,wiki_qa,5.839666843414307,79,transformer.encoder.block.12.layer.1.DenseReluDense.wo.weight
t5-large,wiki_qa,1.9292609691619873,80,transformer.encoder.block.13.layer.0.SelfAttention.q.weight
t5-large,wiki_qa,2.0848255157470703,81,transformer.encoder.block.13.layer.0.SelfAttention.k.weight
t5-large,wiki_qa,1.836989164352417,82,transformer.encoder.block.13.layer.0.SelfAttention.v.weight
t5-large,wiki_qa,1.6755391359329224,83,transformer.encoder.block.13.layer.0.SelfAttention.o.weight
t5-large,wiki_qa,5.386047840118408,84,transformer.encoder.block.13.layer.1.DenseReluDense.wi.weight
t5-large,wiki_qa,5.734862804412842,85,transformer.encoder.block.13.layer.1.DenseReluDense.wo.weight
t5-large,wiki_qa,2.050553321838379,86,transformer.encoder.block.14.layer.0.SelfAttention.q.weight
t5-large,wiki_qa,2.1991260051727295,87,transformer.encoder.block.14.layer.0.SelfAttention.k.weight
t5-large,wiki_qa,1.8568326234817505,88,transformer.encoder.block.14.layer.0.SelfAttention.v.weight
t5-large,wiki_qa,1.7623486518859863,89,transformer.encoder.block.14.layer.0.SelfAttention.o.weight
t5-large,wiki_qa,5.161165237426758,90,transformer.encoder.block.14.layer.1.DenseReluDense.wi.weight
t5-large,wiki_qa,5.437785625457764,91,transformer.encoder.block.14.layer.1.DenseReluDense.wo.weight
t5-large,wiki_qa,1.9845153093338013,92,transformer.encoder.block.15.layer.0.SelfAttention.q.weight
t5-large,wiki_qa,2.0757248401641846,93,transformer.encoder.block.15.layer.0.SelfAttention.k.weight
t5-large,wiki_qa,1.79525625705719,94,transformer.encoder.block.15.layer.0.SelfAttention.v.weight
t5-large,wiki_qa,1.7047255039215088,95,transformer.encoder.block.15.layer.0.SelfAttention.o.weight
t5-large,wiki_qa,4.7740373611450195,96,transformer.encoder.block.15.layer.1.DenseReluDense.wi.weight
t5-large,wiki_qa,5.046239852905273,97,transformer.encoder.block.15.layer.1.DenseReluDense.wo.weight
t5-large,wiki_qa,1.8689242601394653,98,transformer.encoder.block.16.layer.0.SelfAttention.q.weight
t5-large,wiki_qa,1.9861644506454468,99,transformer.encoder.block.16.layer.0.SelfAttention.k.weight
t5-large,wiki_qa,1.7404260635375977,100,transformer.encoder.block.16.layer.0.SelfAttention.v.weight
t5-large,wiki_qa,1.5762104988098145,101,transformer.encoder.block.16.layer.0.SelfAttention.o.weight
t5-large,wiki_qa,4.1371026039123535,102,transformer.encoder.block.16.layer.1.DenseReluDense.wi.weight
t5-large,wiki_qa,4.286445140838623,103,transformer.encoder.block.16.layer.1.DenseReluDense.wo.weight
t5-large,wiki_qa,1.6049803495407104,104,transformer.encoder.block.17.layer.0.SelfAttention.q.weight
t5-large,wiki_qa,1.7596266269683838,105,transformer.encoder.block.17.layer.0.SelfAttention.k.weight
t5-large,wiki_qa,1.560443639755249,106,transformer.encoder.block.17.layer.0.SelfAttention.v.weight
t5-large,wiki_qa,1.5301992893218994,107,transformer.encoder.block.17.layer.0.SelfAttention.o.weight
t5-large,wiki_qa,3.916807174682617,108,transformer.encoder.block.17.layer.1.DenseReluDense.wi.weight
t5-large,wiki_qa,3.952080488204956,109,transformer.encoder.block.17.layer.1.DenseReluDense.wo.weight
t5-large,wiki_qa,1.6172714233398438,110,transformer.encoder.block.18.layer.0.SelfAttention.q.weight
t5-large,wiki_qa,1.7414803504943848,111,transformer.encoder.block.18.layer.0.SelfAttention.k.weight
t5-large,wiki_qa,1.5520644187927246,112,transformer.encoder.block.18.layer.0.SelfAttention.v.weight
t5-large,wiki_qa,1.5406627655029297,113,transformer.encoder.block.18.layer.0.SelfAttention.o.weight
t5-large,wiki_qa,3.6403303146362305,114,transformer.encoder.block.18.layer.1.DenseReluDense.wi.weight
t5-large,wiki_qa,3.7395503520965576,115,transformer.encoder.block.18.layer.1.DenseReluDense.wo.weight
t5-large,wiki_qa,1.4112591743469238,116,transformer.encoder.block.19.layer.0.SelfAttention.q.weight
t5-large,wiki_qa,1.582967758178711,117,transformer.encoder.block.19.layer.0.SelfAttention.k.weight
t5-large,wiki_qa,1.4476094245910645,118,transformer.encoder.block.19.layer.0.SelfAttention.v.weight
t5-large,wiki_qa,1.407334327697754,119,transformer.encoder.block.19.layer.0.SelfAttention.o.weight
t5-large,wiki_qa,3.4891858100891113,120,transformer.encoder.block.19.layer.1.DenseReluDense.wi.weight
t5-large,wiki_qa,3.466296672821045,121,transformer.encoder.block.19.layer.1.DenseReluDense.wo.weight
t5-large,wiki_qa,1.3975117206573486,122,transformer.encoder.block.20.layer.0.SelfAttention.q.weight
t5-large,wiki_qa,1.4452433586120605,123,transformer.encoder.block.20.layer.0.SelfAttention.k.weight
t5-large,wiki_qa,1.2882739305496216,124,transformer.encoder.block.20.layer.0.SelfAttention.v.weight
t5-large,wiki_qa,1.2706797122955322,125,transformer.encoder.block.20.layer.0.SelfAttention.o.weight
t5-large,wiki_qa,3.22052264213562,126,transformer.encoder.block.20.layer.1.DenseReluDense.wi.weight
t5-large,wiki_qa,3.1846516132354736,127,transformer.encoder.block.20.layer.1.DenseReluDense.wo.weight
t5-large,wiki_qa,1.0403019189834595,128,transformer.encoder.block.21.layer.0.SelfAttention.q.weight
t5-large,wiki_qa,1.091636061668396,129,transformer.encoder.block.21.layer.0.SelfAttention.k.weight
t5-large,wiki_qa,1.1181379556655884,130,transformer.encoder.block.21.layer.0.SelfAttention.v.weight
t5-large,wiki_qa,1.1202843189239502,131,transformer.encoder.block.21.layer.0.SelfAttention.o.weight
t5-large,wiki_qa,3.2363719940185547,132,transformer.encoder.block.21.layer.1.DenseReluDense.wi.weight
t5-large,wiki_qa,3.1699302196502686,133,transformer.encoder.block.21.layer.1.DenseReluDense.wo.weight
t5-large,wiki_qa,1.091469168663025,134,transformer.encoder.block.22.layer.0.SelfAttention.q.weight
t5-large,wiki_qa,1.168818712234497,135,transformer.encoder.block.22.layer.0.SelfAttention.k.weight
t5-large,wiki_qa,1.1367374658584595,136,transformer.encoder.block.22.layer.0.SelfAttention.v.weight
t5-large,wiki_qa,1.1347676515579224,137,transformer.encoder.block.22.layer.0.SelfAttention.o.weight
t5-large,wiki_qa,3.1184580326080322,138,transformer.encoder.block.22.layer.1.DenseReluDense.wi.weight
t5-large,wiki_qa,3.000840663909912,139,transformer.encoder.block.22.layer.1.DenseReluDense.wo.weight
t5-large,wiki_qa,0.9827809929847717,140,transformer.encoder.block.23.layer.0.SelfAttention.q.weight
t5-large,wiki_qa,1.0541762113571167,141,transformer.encoder.block.23.layer.0.SelfAttention.k.weight
t5-large,wiki_qa,0.9974781274795532,142,transformer.encoder.block.23.layer.0.SelfAttention.v.weight
t5-large,wiki_qa,1.0325688123703003,143,transformer.encoder.block.23.layer.0.SelfAttention.o.weight
t5-large,wiki_qa,2.6903879642486572,144,transformer.encoder.block.23.layer.1.DenseReluDense.wi.weight
t5-large,wiki_qa,2.450902223587036,145,transformer.encoder.block.23.layer.1.DenseReluDense.wo.weight
t5-large,wiki_qa,0.7387317419052124,146,transformer.decoder.block.0.layer.0.SelfAttention.q.weight
t5-large,wiki_qa,0.5970407724380493,147,transformer.decoder.block.0.layer.0.SelfAttention.k.weight
t5-large,wiki_qa,0.738838791847229,148,transformer.decoder.block.0.layer.0.SelfAttention.v.weight
t5-large,wiki_qa,0.7585853934288025,149,transformer.decoder.block.0.layer.0.SelfAttention.o.weight
t5-large,wiki_qa,0.0036499369889497757,150,transformer.decoder.block.0.layer.0.SelfAttention.relative_attention_bias.weight
t5-large,wiki_qa,0.6725583076477051,151,transformer.decoder.block.0.layer.1.EncDecAttention.q.weight
t5-large,wiki_qa,0.7242628931999207,152,transformer.decoder.block.0.layer.1.EncDecAttention.k.weight
t5-large,wiki_qa,0.8359412550926208,153,transformer.decoder.block.0.layer.1.EncDecAttention.v.weight
t5-large,wiki_qa,0.817342221736908,154,transformer.decoder.block.0.layer.1.EncDecAttention.o.weight
t5-large,wiki_qa,1.638515591621399,155,transformer.decoder.block.0.layer.2.DenseReluDense.wi.weight
t5-large,wiki_qa,1.5614392757415771,156,transformer.decoder.block.0.layer.2.DenseReluDense.wo.weight
t5-large,wiki_qa,0.6596319079399109,157,transformer.decoder.block.1.layer.0.SelfAttention.q.weight
t5-large,wiki_qa,0.6273148059844971,158,transformer.decoder.block.1.layer.0.SelfAttention.k.weight
t5-large,wiki_qa,0.7635692954063416,159,transformer.decoder.block.1.layer.0.SelfAttention.v.weight
t5-large,wiki_qa,0.7991512417793274,160,transformer.decoder.block.1.layer.0.SelfAttention.o.weight
t5-large,wiki_qa,0.6931795477867126,161,transformer.decoder.block.1.layer.1.EncDecAttention.q.weight
t5-large,wiki_qa,0.7172282934188843,162,transformer.decoder.block.1.layer.1.EncDecAttention.k.weight
t5-large,wiki_qa,0.825616180896759,163,transformer.decoder.block.1.layer.1.EncDecAttention.v.weight
t5-large,wiki_qa,0.8136264681816101,164,transformer.decoder.block.1.layer.1.EncDecAttention.o.weight
t5-large,wiki_qa,1.6416875123977661,165,transformer.decoder.block.1.layer.2.DenseReluDense.wi.weight
t5-large,wiki_qa,1.5946778059005737,166,transformer.decoder.block.1.layer.2.DenseReluDense.wo.weight
t5-large,wiki_qa,0.7228085398674011,167,transformer.decoder.block.2.layer.0.SelfAttention.q.weight
t5-large,wiki_qa,0.6996158957481384,168,transformer.decoder.block.2.layer.0.SelfAttention.k.weight
t5-large,wiki_qa,0.7880036234855652,169,transformer.decoder.block.2.layer.0.SelfAttention.v.weight
t5-large,wiki_qa,0.8055784106254578,170,transformer.decoder.block.2.layer.0.SelfAttention.o.weight
t5-large,wiki_qa,0.7445852160453796,171,transformer.decoder.block.2.layer.1.EncDecAttention.q.weight
t5-large,wiki_qa,0.7762017846107483,172,transformer.decoder.block.2.layer.1.EncDecAttention.k.weight
t5-large,wiki_qa,0.864872395992279,173,transformer.decoder.block.2.layer.1.EncDecAttention.v.weight
t5-large,wiki_qa,0.8390572667121887,174,transformer.decoder.block.2.layer.1.EncDecAttention.o.weight
t5-large,wiki_qa,1.3963823318481445,175,transformer.decoder.block.2.layer.2.DenseReluDense.wi.weight
t5-large,wiki_qa,1.2708369493484497,176,transformer.decoder.block.2.layer.2.DenseReluDense.wo.weight
t5-large,wiki_qa,0.6900529265403748,177,transformer.decoder.block.3.layer.0.SelfAttention.q.weight
t5-large,wiki_qa,0.6572344303131104,178,transformer.decoder.block.3.layer.0.SelfAttention.k.weight
t5-large,wiki_qa,0.8063657283782959,179,transformer.decoder.block.3.layer.0.SelfAttention.v.weight
t5-large,wiki_qa,0.8278482556343079,180,transformer.decoder.block.3.layer.0.SelfAttention.o.weight
t5-large,wiki_qa,0.7411817312240601,181,transformer.decoder.block.3.layer.1.EncDecAttention.q.weight
t5-large,wiki_qa,0.7537339329719543,182,transformer.decoder.block.3.layer.1.EncDecAttention.k.weight
t5-large,wiki_qa,0.8749507069587708,183,transformer.decoder.block.3.layer.1.EncDecAttention.v.weight
t5-large,wiki_qa,0.8883141875267029,184,transformer.decoder.block.3.layer.1.EncDecAttention.o.weight
t5-large,wiki_qa,1.5114169120788574,185,transformer.decoder.block.3.layer.2.DenseReluDense.wi.weight
t5-large,wiki_qa,1.3684569597244263,186,transformer.decoder.block.3.layer.2.DenseReluDense.wo.weight
t5-large,wiki_qa,0.667120635509491,187,transformer.decoder.block.4.layer.0.SelfAttention.q.weight
t5-large,wiki_qa,0.6494744420051575,188,transformer.decoder.block.4.layer.0.SelfAttention.k.weight
t5-large,wiki_qa,0.8371109366416931,189,transformer.decoder.block.4.layer.0.SelfAttention.v.weight
t5-large,wiki_qa,0.8756352663040161,190,transformer.decoder.block.4.layer.0.SelfAttention.o.weight
t5-large,wiki_qa,0.8047501444816589,191,transformer.decoder.block.4.layer.1.EncDecAttention.q.weight
t5-large,wiki_qa,0.8562833070755005,192,transformer.decoder.block.4.layer.1.EncDecAttention.k.weight
t5-large,wiki_qa,0.9261342287063599,193,transformer.decoder.block.4.layer.1.EncDecAttention.v.weight
t5-large,wiki_qa,0.922682523727417,194,transformer.decoder.block.4.layer.1.EncDecAttention.o.weight
t5-large,wiki_qa,1.4234137535095215,195,transformer.decoder.block.4.layer.2.DenseReluDense.wi.weight
t5-large,wiki_qa,1.3581538200378418,196,transformer.decoder.block.4.layer.2.DenseReluDense.wo.weight
t5-large,wiki_qa,0.6789688467979431,197,transformer.decoder.block.5.layer.0.SelfAttention.q.weight
t5-large,wiki_qa,0.6619007587432861,198,transformer.decoder.block.5.layer.0.SelfAttention.k.weight
t5-large,wiki_qa,0.8485308885574341,199,transformer.decoder.block.5.layer.0.SelfAttention.v.weight
t5-large,wiki_qa,0.8832713961601257,200,transformer.decoder.block.5.layer.0.SelfAttention.o.weight
t5-large,wiki_qa,0.8533235788345337,201,transformer.decoder.block.5.layer.1.EncDecAttention.q.weight
t5-large,wiki_qa,0.9039305448532104,202,transformer.decoder.block.5.layer.1.EncDecAttention.k.weight
t5-large,wiki_qa,1.0474046468734741,203,transformer.decoder.block.5.layer.1.EncDecAttention.v.weight
t5-large,wiki_qa,1.019915223121643,204,transformer.decoder.block.5.layer.1.EncDecAttention.o.weight
t5-large,wiki_qa,1.4494563341140747,205,transformer.decoder.block.5.layer.2.DenseReluDense.wi.weight
t5-large,wiki_qa,1.2930151224136353,206,transformer.decoder.block.5.layer.2.DenseReluDense.wo.weight
t5-large,wiki_qa,0.9373307824134827,207,transformer.decoder.block.6.layer.0.SelfAttention.q.weight
t5-large,wiki_qa,0.7729732990264893,208,transformer.decoder.block.6.layer.0.SelfAttention.k.weight
t5-large,wiki_qa,0.8485382199287415,209,transformer.decoder.block.6.layer.0.SelfAttention.v.weight
t5-large,wiki_qa,0.8781088590621948,210,transformer.decoder.block.6.layer.0.SelfAttention.o.weight
t5-large,wiki_qa,0.8995218276977539,211,transformer.decoder.block.6.layer.1.EncDecAttention.q.weight
t5-large,wiki_qa,0.9275314807891846,212,transformer.decoder.block.6.layer.1.EncDecAttention.k.weight
t5-large,wiki_qa,1.0249676704406738,213,transformer.decoder.block.6.layer.1.EncDecAttention.v.weight
t5-large,wiki_qa,0.997186541557312,214,transformer.decoder.block.6.layer.1.EncDecAttention.o.weight
t5-large,wiki_qa,1.4674850702285767,215,transformer.decoder.block.6.layer.2.DenseReluDense.wi.weight
t5-large,wiki_qa,1.30357027053833,216,transformer.decoder.block.6.layer.2.DenseReluDense.wo.weight
t5-large,wiki_qa,0.8781411647796631,217,transformer.decoder.block.7.layer.0.SelfAttention.q.weight
t5-large,wiki_qa,0.6747381687164307,218,transformer.decoder.block.7.layer.0.SelfAttention.k.weight
t5-large,wiki_qa,0.9052570462226868,219,transformer.decoder.block.7.layer.0.SelfAttention.v.weight
t5-large,wiki_qa,0.9111328721046448,220,transformer.decoder.block.7.layer.0.SelfAttention.o.weight
t5-large,wiki_qa,0.8988587260246277,221,transformer.decoder.block.7.layer.1.EncDecAttention.q.weight
t5-large,wiki_qa,0.9306333661079407,222,transformer.decoder.block.7.layer.1.EncDecAttention.k.weight
t5-large,wiki_qa,1.0635288953781128,223,transformer.decoder.block.7.layer.1.EncDecAttention.v.weight
t5-large,wiki_qa,1.0395926237106323,224,transformer.decoder.block.7.layer.1.EncDecAttention.o.weight
t5-large,wiki_qa,1.5918614864349365,225,transformer.decoder.block.7.layer.2.DenseReluDense.wi.weight
t5-large,wiki_qa,1.4966435432434082,226,transformer.decoder.block.7.layer.2.DenseReluDense.wo.weight
t5-large,wiki_qa,0.6805949211120605,227,transformer.decoder.block.8.layer.0.SelfAttention.q.weight
t5-large,wiki_qa,0.6451701521873474,228,transformer.decoder.block.8.layer.0.SelfAttention.k.weight
t5-large,wiki_qa,0.9080416560173035,229,transformer.decoder.block.8.layer.0.SelfAttention.v.weight
t5-large,wiki_qa,0.9165052771568298,230,transformer.decoder.block.8.layer.0.SelfAttention.o.weight
t5-large,wiki_qa,0.9903643727302551,231,transformer.decoder.block.8.layer.1.EncDecAttention.q.weight
t5-large,wiki_qa,1.0717219114303589,232,transformer.decoder.block.8.layer.1.EncDecAttention.k.weight
t5-large,wiki_qa,1.148310899734497,233,transformer.decoder.block.8.layer.1.EncDecAttention.v.weight
t5-large,wiki_qa,1.0879865884780884,234,transformer.decoder.block.8.layer.1.EncDecAttention.o.weight
t5-large,wiki_qa,1.522848129272461,235,transformer.decoder.block.8.layer.2.DenseReluDense.wi.weight
t5-large,wiki_qa,1.3689157962799072,236,transformer.decoder.block.8.layer.2.DenseReluDense.wo.weight
t5-large,wiki_qa,0.8639158606529236,237,transformer.decoder.block.9.layer.0.SelfAttention.q.weight
t5-large,wiki_qa,0.6717358827590942,238,transformer.decoder.block.9.layer.0.SelfAttention.k.weight
t5-large,wiki_qa,0.918727695941925,239,transformer.decoder.block.9.layer.0.SelfAttention.v.weight
t5-large,wiki_qa,0.9321295619010925,240,transformer.decoder.block.9.layer.0.SelfAttention.o.weight
t5-large,wiki_qa,0.9639918208122253,241,transformer.decoder.block.9.layer.1.EncDecAttention.q.weight
t5-large,wiki_qa,1.0257915258407593,242,transformer.decoder.block.9.layer.1.EncDecAttention.k.weight
t5-large,wiki_qa,1.109052062034607,243,transformer.decoder.block.9.layer.1.EncDecAttention.v.weight
t5-large,wiki_qa,1.1111557483673096,244,transformer.decoder.block.9.layer.1.EncDecAttention.o.weight
t5-large,wiki_qa,1.8027254343032837,245,transformer.decoder.block.9.layer.2.DenseReluDense.wi.weight
t5-large,wiki_qa,1.663167953491211,246,transformer.decoder.block.9.layer.2.DenseReluDense.wo.weight
t5-large,wiki_qa,0.6786683201789856,247,transformer.decoder.block.10.layer.0.SelfAttention.q.weight
t5-large,wiki_qa,0.6722580194473267,248,transformer.decoder.block.10.layer.0.SelfAttention.k.weight
t5-large,wiki_qa,0.9377869963645935,249,transformer.decoder.block.10.layer.0.SelfAttention.v.weight
t5-large,wiki_qa,0.9653099775314331,250,transformer.decoder.block.10.layer.0.SelfAttention.o.weight
t5-large,wiki_qa,1.0732041597366333,251,transformer.decoder.block.10.layer.1.EncDecAttention.q.weight
t5-large,wiki_qa,1.145753026008606,252,transformer.decoder.block.10.layer.1.EncDecAttention.k.weight
t5-large,wiki_qa,1.215637445449829,253,transformer.decoder.block.10.layer.1.EncDecAttention.v.weight
t5-large,wiki_qa,1.1425776481628418,254,transformer.decoder.block.10.layer.1.EncDecAttention.o.weight
t5-large,wiki_qa,1.7721428871154785,255,transformer.decoder.block.10.layer.2.DenseReluDense.wi.weight
t5-large,wiki_qa,1.6804693937301636,256,transformer.decoder.block.10.layer.2.DenseReluDense.wo.weight
t5-large,wiki_qa,0.6588287353515625,257,transformer.decoder.block.11.layer.0.SelfAttention.q.weight
t5-large,wiki_qa,0.6391157507896423,258,transformer.decoder.block.11.layer.0.SelfAttention.k.weight
t5-large,wiki_qa,0.9551630616188049,259,transformer.decoder.block.11.layer.0.SelfAttention.v.weight
t5-large,wiki_qa,1.0048933029174805,260,transformer.decoder.block.11.layer.0.SelfAttention.o.weight
t5-large,wiki_qa,0.9718217849731445,261,transformer.decoder.block.11.layer.1.EncDecAttention.q.weight
t5-large,wiki_qa,0.9930847883224487,262,transformer.decoder.block.11.layer.1.EncDecAttention.k.weight
t5-large,wiki_qa,1.0926334857940674,263,transformer.decoder.block.11.layer.1.EncDecAttention.v.weight
t5-large,wiki_qa,1.0562164783477783,264,transformer.decoder.block.11.layer.1.EncDecAttention.o.weight
t5-large,wiki_qa,1.9745278358459473,265,transformer.decoder.block.11.layer.2.DenseReluDense.wi.weight
t5-large,wiki_qa,1.9565905332565308,266,transformer.decoder.block.11.layer.2.DenseReluDense.wo.weight
t5-large,wiki_qa,0.8402235507965088,267,transformer.decoder.block.12.layer.0.SelfAttention.q.weight
t5-large,wiki_qa,0.7675748467445374,268,transformer.decoder.block.12.layer.0.SelfAttention.k.weight
t5-large,wiki_qa,0.9569817781448364,269,transformer.decoder.block.12.layer.0.SelfAttention.v.weight
t5-large,wiki_qa,0.9953867197036743,270,transformer.decoder.block.12.layer.0.SelfAttention.o.weight
t5-large,wiki_qa,1.1585261821746826,271,transformer.decoder.block.12.layer.1.EncDecAttention.q.weight
t5-large,wiki_qa,1.144881010055542,272,transformer.decoder.block.12.layer.1.EncDecAttention.k.weight
t5-large,wiki_qa,1.1550664901733398,273,transformer.decoder.block.12.layer.1.EncDecAttention.v.weight
t5-large,wiki_qa,1.156614065170288,274,transformer.decoder.block.12.layer.1.EncDecAttention.o.weight
t5-large,wiki_qa,1.7497336864471436,275,transformer.decoder.block.12.layer.2.DenseReluDense.wi.weight
t5-large,wiki_qa,1.6666339635849,276,transformer.decoder.block.12.layer.2.DenseReluDense.wo.weight
t5-large,wiki_qa,0.6957502365112305,277,transformer.decoder.block.13.layer.0.SelfAttention.q.weight
t5-large,wiki_qa,0.6911706328392029,278,transformer.decoder.block.13.layer.0.SelfAttention.k.weight
t5-large,wiki_qa,0.9580775499343872,279,transformer.decoder.block.13.layer.0.SelfAttention.v.weight
t5-large,wiki_qa,1.0006343126296997,280,transformer.decoder.block.13.layer.0.SelfAttention.o.weight
t5-large,wiki_qa,1.1886924505233765,281,transformer.decoder.block.13.layer.1.EncDecAttention.q.weight
t5-large,wiki_qa,1.1603883504867554,282,transformer.decoder.block.13.layer.1.EncDecAttention.k.weight
t5-large,wiki_qa,1.1558231115341187,283,transformer.decoder.block.13.layer.1.EncDecAttention.v.weight
t5-large,wiki_qa,1.1103731393814087,284,transformer.decoder.block.13.layer.1.EncDecAttention.o.weight
t5-large,wiki_qa,1.923988938331604,285,transformer.decoder.block.13.layer.2.DenseReluDense.wi.weight
t5-large,wiki_qa,1.8332525491714478,286,transformer.decoder.block.13.layer.2.DenseReluDense.wo.weight
t5-large,wiki_qa,0.6860451102256775,287,transformer.decoder.block.14.layer.0.SelfAttention.q.weight
t5-large,wiki_qa,0.6522173285484314,288,transformer.decoder.block.14.layer.0.SelfAttention.k.weight
t5-large,wiki_qa,0.985091507434845,289,transformer.decoder.block.14.layer.0.SelfAttention.v.weight
t5-large,wiki_qa,1.0281864404678345,290,transformer.decoder.block.14.layer.0.SelfAttention.o.weight
t5-large,wiki_qa,1.0417203903198242,291,transformer.decoder.block.14.layer.1.EncDecAttention.q.weight
t5-large,wiki_qa,1.0558102130889893,292,transformer.decoder.block.14.layer.1.EncDecAttention.k.weight
t5-large,wiki_qa,1.0543442964553833,293,transformer.decoder.block.14.layer.1.EncDecAttention.v.weight
t5-large,wiki_qa,0.9980536699295044,294,transformer.decoder.block.14.layer.1.EncDecAttention.o.weight
t5-large,wiki_qa,1.827511191368103,295,transformer.decoder.block.14.layer.2.DenseReluDense.wi.weight
t5-large,wiki_qa,1.7345876693725586,296,transformer.decoder.block.14.layer.2.DenseReluDense.wo.weight
t5-large,wiki_qa,0.6984972953796387,297,transformer.decoder.block.15.layer.0.SelfAttention.q.weight
t5-large,wiki_qa,0.6984713077545166,298,transformer.decoder.block.15.layer.0.SelfAttention.k.weight
t5-large,wiki_qa,0.9622169733047485,299,transformer.decoder.block.15.layer.0.SelfAttention.v.weight
t5-large,wiki_qa,1.0208693742752075,300,transformer.decoder.block.15.layer.0.SelfAttention.o.weight
t5-large,wiki_qa,1.1382395029067993,301,transformer.decoder.block.15.layer.1.EncDecAttention.q.weight
t5-large,wiki_qa,1.1285371780395508,302,transformer.decoder.block.15.layer.1.EncDecAttention.k.weight
t5-large,wiki_qa,1.2862002849578857,303,transformer.decoder.block.15.layer.1.EncDecAttention.v.weight
t5-large,wiki_qa,1.2148327827453613,304,transformer.decoder.block.15.layer.1.EncDecAttention.o.weight
t5-large,wiki_qa,1.7587761878967285,305,transformer.decoder.block.15.layer.2.DenseReluDense.wi.weight
t5-large,wiki_qa,1.702830195426941,306,transformer.decoder.block.15.layer.2.DenseReluDense.wo.weight
t5-large,wiki_qa,0.6923460960388184,307,transformer.decoder.block.16.layer.0.SelfAttention.q.weight
t5-large,wiki_qa,0.6746713519096375,308,transformer.decoder.block.16.layer.0.SelfAttention.k.weight
t5-large,wiki_qa,1.0248334407806396,309,transformer.decoder.block.16.layer.0.SelfAttention.v.weight
t5-large,wiki_qa,1.0387495756149292,310,transformer.decoder.block.16.layer.0.SelfAttention.o.weight
t5-large,wiki_qa,1.0460118055343628,311,transformer.decoder.block.16.layer.1.EncDecAttention.q.weight
t5-large,wiki_qa,1.0775383710861206,312,transformer.decoder.block.16.layer.1.EncDecAttention.k.weight
t5-large,wiki_qa,1.089969515800476,313,transformer.decoder.block.16.layer.1.EncDecAttention.v.weight
t5-large,wiki_qa,1.0562667846679688,314,transformer.decoder.block.16.layer.1.EncDecAttention.o.weight
t5-large,wiki_qa,2.0395805835723877,315,transformer.decoder.block.16.layer.2.DenseReluDense.wi.weight
t5-large,wiki_qa,1.9115101099014282,316,transformer.decoder.block.16.layer.2.DenseReluDense.wo.weight
t5-large,wiki_qa,0.6698594093322754,317,transformer.decoder.block.17.layer.0.SelfAttention.q.weight
t5-large,wiki_qa,0.6440305113792419,318,transformer.decoder.block.17.layer.0.SelfAttention.k.weight
t5-large,wiki_qa,1.0551549196243286,319,transformer.decoder.block.17.layer.0.SelfAttention.v.weight
t5-large,wiki_qa,1.0765799283981323,320,transformer.decoder.block.17.layer.0.SelfAttention.o.weight
t5-large,wiki_qa,1.1389626264572144,321,transformer.decoder.block.17.layer.1.EncDecAttention.q.weight
t5-large,wiki_qa,1.123529314994812,322,transformer.decoder.block.17.layer.1.EncDecAttention.k.weight
t5-large,wiki_qa,1.1836072206497192,323,transformer.decoder.block.17.layer.1.EncDecAttention.v.weight
t5-large,wiki_qa,1.1128991842269897,324,transformer.decoder.block.17.layer.1.EncDecAttention.o.weight
t5-large,wiki_qa,1.7695000171661377,325,transformer.decoder.block.17.layer.2.DenseReluDense.wi.weight
t5-large,wiki_qa,1.761436939239502,326,transformer.decoder.block.17.layer.2.DenseReluDense.wo.weight
t5-large,wiki_qa,0.6858495473861694,327,transformer.decoder.block.18.layer.0.SelfAttention.q.weight
t5-large,wiki_qa,0.668290913105011,328,transformer.decoder.block.18.layer.0.SelfAttention.k.weight
t5-large,wiki_qa,1.0341147184371948,329,transformer.decoder.block.18.layer.0.SelfAttention.v.weight
t5-large,wiki_qa,1.0725672245025635,330,transformer.decoder.block.18.layer.0.SelfAttention.o.weight
t5-large,wiki_qa,1.316497802734375,331,transformer.decoder.block.18.layer.1.EncDecAttention.q.weight
t5-large,wiki_qa,1.30662202835083,332,transformer.decoder.block.18.layer.1.EncDecAttention.k.weight
t5-large,wiki_qa,1.2091546058654785,333,transformer.decoder.block.18.layer.1.EncDecAttention.v.weight
t5-large,wiki_qa,1.1430327892303467,334,transformer.decoder.block.18.layer.1.EncDecAttention.o.weight
t5-large,wiki_qa,1.9895600080490112,335,transformer.decoder.block.18.layer.2.DenseReluDense.wi.weight
t5-large,wiki_qa,2.0356342792510986,336,transformer.decoder.block.18.layer.2.DenseReluDense.wo.weight
t5-large,wiki_qa,0.6573795080184937,337,transformer.decoder.block.19.layer.0.SelfAttention.q.weight
t5-large,wiki_qa,0.6379125714302063,338,transformer.decoder.block.19.layer.0.SelfAttention.k.weight
t5-large,wiki_qa,1.0702927112579346,339,transformer.decoder.block.19.layer.0.SelfAttention.v.weight
t5-large,wiki_qa,1.0772294998168945,340,transformer.decoder.block.19.layer.0.SelfAttention.o.weight
t5-large,wiki_qa,1.0821521282196045,341,transformer.decoder.block.19.layer.1.EncDecAttention.q.weight
t5-large,wiki_qa,1.0402923822402954,342,transformer.decoder.block.19.layer.1.EncDecAttention.k.weight
t5-large,wiki_qa,1.08455491065979,343,transformer.decoder.block.19.layer.1.EncDecAttention.v.weight
t5-large,wiki_qa,1.0705684423446655,344,transformer.decoder.block.19.layer.1.EncDecAttention.o.weight
t5-large,wiki_qa,1.8686352968215942,345,transformer.decoder.block.19.layer.2.DenseReluDense.wi.weight
t5-large,wiki_qa,1.8599629402160645,346,transformer.decoder.block.19.layer.2.DenseReluDense.wo.weight
t5-large,wiki_qa,0.6565433740615845,347,transformer.decoder.block.20.layer.0.SelfAttention.q.weight
t5-large,wiki_qa,0.6413963437080383,348,transformer.decoder.block.20.layer.0.SelfAttention.k.weight
t5-large,wiki_qa,1.1021819114685059,349,transformer.decoder.block.20.layer.0.SelfAttention.v.weight
t5-large,wiki_qa,1.103346586227417,350,transformer.decoder.block.20.layer.0.SelfAttention.o.weight
t5-large,wiki_qa,1.0946383476257324,351,transformer.decoder.block.20.layer.1.EncDecAttention.q.weight
t5-large,wiki_qa,1.1069005727767944,352,transformer.decoder.block.20.layer.1.EncDecAttention.k.weight
t5-large,wiki_qa,1.1099319458007812,353,transformer.decoder.block.20.layer.1.EncDecAttention.v.weight
t5-large,wiki_qa,1.0872722864151,354,transformer.decoder.block.20.layer.1.EncDecAttention.o.weight
t5-large,wiki_qa,1.6876182556152344,355,transformer.decoder.block.20.layer.2.DenseReluDense.wi.weight
t5-large,wiki_qa,1.6919875144958496,356,transformer.decoder.block.20.layer.2.DenseReluDense.wo.weight
t5-large,wiki_qa,0.7148207426071167,357,transformer.decoder.block.21.layer.0.SelfAttention.q.weight
t5-large,wiki_qa,0.6806187629699707,358,transformer.decoder.block.21.layer.0.SelfAttention.k.weight
t5-large,wiki_qa,1.0912528038024902,359,transformer.decoder.block.21.layer.0.SelfAttention.v.weight
t5-large,wiki_qa,1.1307432651519775,360,transformer.decoder.block.21.layer.0.SelfAttention.o.weight
t5-large,wiki_qa,1.1397467851638794,361,transformer.decoder.block.21.layer.1.EncDecAttention.q.weight
t5-large,wiki_qa,1.1122729778289795,362,transformer.decoder.block.21.layer.1.EncDecAttention.k.weight
t5-large,wiki_qa,1.0689753293991089,363,transformer.decoder.block.21.layer.1.EncDecAttention.v.weight
t5-large,wiki_qa,1.0727919340133667,364,transformer.decoder.block.21.layer.1.EncDecAttention.o.weight
t5-large,wiki_qa,1.7514959573745728,365,transformer.decoder.block.21.layer.2.DenseReluDense.wi.weight
t5-large,wiki_qa,1.7934629917144775,366,transformer.decoder.block.21.layer.2.DenseReluDense.wo.weight
t5-large,wiki_qa,0.6965252757072449,367,transformer.decoder.block.22.layer.0.SelfAttention.q.weight
t5-large,wiki_qa,0.6587294936180115,368,transformer.decoder.block.22.layer.0.SelfAttention.k.weight
t5-large,wiki_qa,1.0763241052627563,369,transformer.decoder.block.22.layer.0.SelfAttention.v.weight
t5-large,wiki_qa,1.0965241193771362,370,transformer.decoder.block.22.layer.0.SelfAttention.o.weight
t5-large,wiki_qa,1.0954041481018066,371,transformer.decoder.block.22.layer.1.EncDecAttention.q.weight
t5-large,wiki_qa,1.0665329694747925,372,transformer.decoder.block.22.layer.1.EncDecAttention.k.weight
t5-large,wiki_qa,1.0794597864151,373,transformer.decoder.block.22.layer.1.EncDecAttention.v.weight
t5-large,wiki_qa,1.08795166015625,374,transformer.decoder.block.22.layer.1.EncDecAttention.o.weight
t5-large,wiki_qa,1.565780758857727,375,transformer.decoder.block.22.layer.2.DenseReluDense.wi.weight
t5-large,wiki_qa,1.6125621795654297,376,transformer.decoder.block.22.layer.2.DenseReluDense.wo.weight
t5-large,wiki_qa,0.7050392627716064,377,transformer.decoder.block.23.layer.0.SelfAttention.q.weight
t5-large,wiki_qa,0.6898852586746216,378,transformer.decoder.block.23.layer.0.SelfAttention.k.weight
t5-large,wiki_qa,1.0906469821929932,379,transformer.decoder.block.23.layer.0.SelfAttention.v.weight
t5-large,wiki_qa,1.1090245246887207,380,transformer.decoder.block.23.layer.0.SelfAttention.o.weight
t5-large,wiki_qa,1.0230538845062256,381,transformer.decoder.block.23.layer.1.EncDecAttention.q.weight
t5-large,wiki_qa,1.0457781553268433,382,transformer.decoder.block.23.layer.1.EncDecAttention.k.weight
t5-large,wiki_qa,1.0878877639770508,383,transformer.decoder.block.23.layer.1.EncDecAttention.v.weight
t5-large,wiki_qa,1.0942659378051758,384,transformer.decoder.block.23.layer.1.EncDecAttention.o.weight
t5-large,wiki_qa,1.4561973810195923,385,transformer.decoder.block.23.layer.2.DenseReluDense.wi.weight
t5-large,wiki_qa,1.5208464860916138,386,transformer.decoder.block.23.layer.2.DenseReluDense.wo.weight
t5-large,quartz,3.7944893836975098,0,transformer.shared.weight
t5-large,quartz,0.7982186079025269,1,transformer.encoder.block.0.layer.0.SelfAttention.q.weight
t5-large,quartz,0.8020883202552795,2,transformer.encoder.block.0.layer.0.SelfAttention.k.weight
t5-large,quartz,0.8090810775756836,3,transformer.encoder.block.0.layer.0.SelfAttention.v.weight
t5-large,quartz,0.8220747709274292,4,transformer.encoder.block.0.layer.0.SelfAttention.o.weight
t5-large,quartz,0.02579856477677822,5,transformer.encoder.block.0.layer.0.SelfAttention.relative_attention_bias.weight
t5-large,quartz,2.4100701808929443,6,transformer.encoder.block.0.layer.1.DenseReluDense.wi.weight
t5-large,quartz,2.4673385620117188,7,transformer.encoder.block.0.layer.1.DenseReluDense.wo.weight
t5-large,quartz,0.7964040040969849,8,transformer.encoder.block.1.layer.0.SelfAttention.q.weight
t5-large,quartz,0.8057146668434143,9,transformer.encoder.block.1.layer.0.SelfAttention.k.weight
t5-large,quartz,0.7754916548728943,10,transformer.encoder.block.1.layer.0.SelfAttention.v.weight
t5-large,quartz,0.8069041967391968,11,transformer.encoder.block.1.layer.0.SelfAttention.o.weight
t5-large,quartz,2.410334348678589,12,transformer.encoder.block.1.layer.1.DenseReluDense.wi.weight
t5-large,quartz,2.478074312210083,13,transformer.encoder.block.1.layer.1.DenseReluDense.wo.weight
t5-large,quartz,0.8276255130767822,14,transformer.encoder.block.2.layer.0.SelfAttention.q.weight
t5-large,quartz,0.8378874659538269,15,transformer.encoder.block.2.layer.0.SelfAttention.k.weight
t5-large,quartz,0.7969986200332642,16,transformer.encoder.block.2.layer.0.SelfAttention.v.weight
t5-large,quartz,0.8222055435180664,17,transformer.encoder.block.2.layer.0.SelfAttention.o.weight
t5-large,quartz,2.498657464981079,18,transformer.encoder.block.2.layer.1.DenseReluDense.wi.weight
t5-large,quartz,2.591972827911377,19,transformer.encoder.block.2.layer.1.DenseReluDense.wo.weight
t5-large,quartz,0.8485409617424011,20,transformer.encoder.block.3.layer.0.SelfAttention.q.weight
t5-large,quartz,0.8666971325874329,21,transformer.encoder.block.3.layer.0.SelfAttention.k.weight
t5-large,quartz,0.8095759153366089,22,transformer.encoder.block.3.layer.0.SelfAttention.v.weight
t5-large,quartz,0.846680760383606,23,transformer.encoder.block.3.layer.0.SelfAttention.o.weight
t5-large,quartz,2.5979080200195312,24,transformer.encoder.block.3.layer.1.DenseReluDense.wi.weight
t5-large,quartz,2.708479642868042,25,transformer.encoder.block.3.layer.1.DenseReluDense.wo.weight
t5-large,quartz,0.8769104480743408,26,transformer.encoder.block.4.layer.0.SelfAttention.q.weight
t5-large,quartz,0.862785816192627,27,transformer.encoder.block.4.layer.0.SelfAttention.k.weight
t5-large,quartz,0.8176814317703247,28,transformer.encoder.block.4.layer.0.SelfAttention.v.weight
t5-large,quartz,0.8420645594596863,29,transformer.encoder.block.4.layer.0.SelfAttention.o.weight
t5-large,quartz,2.615900993347168,30,transformer.encoder.block.4.layer.1.DenseReluDense.wi.weight
t5-large,quartz,2.7288029193878174,31,transformer.encoder.block.4.layer.1.DenseReluDense.wo.weight
t5-large,quartz,0.8991066217422485,32,transformer.encoder.block.5.layer.0.SelfAttention.q.weight
t5-large,quartz,0.9050299525260925,33,transformer.encoder.block.5.layer.0.SelfAttention.k.weight
t5-large,quartz,0.8578045964241028,34,transformer.encoder.block.5.layer.0.SelfAttention.v.weight
t5-large,quartz,0.889454185962677,35,transformer.encoder.block.5.layer.0.SelfAttention.o.weight
t5-large,quartz,2.7056243419647217,36,transformer.encoder.block.5.layer.1.DenseReluDense.wi.weight
t5-large,quartz,2.801449775695801,37,transformer.encoder.block.5.layer.1.DenseReluDense.wo.weight
t5-large,quartz,0.8725628852844238,38,transformer.encoder.block.6.layer.0.SelfAttention.q.weight
t5-large,quartz,0.8701223731040955,39,transformer.encoder.block.6.layer.0.SelfAttention.k.weight
t5-large,quartz,0.8581201434135437,40,transformer.encoder.block.6.layer.0.SelfAttention.v.weight
t5-large,quartz,0.8862423300743103,41,transformer.encoder.block.6.layer.0.SelfAttention.o.weight
t5-large,quartz,2.738889694213867,42,transformer.encoder.block.6.layer.1.DenseReluDense.wi.weight
t5-large,quartz,2.871790885925293,43,transformer.encoder.block.6.layer.1.DenseReluDense.wo.weight
t5-large,quartz,0.8950667381286621,44,transformer.encoder.block.7.layer.0.SelfAttention.q.weight
t5-large,quartz,0.8946614861488342,45,transformer.encoder.block.7.layer.0.SelfAttention.k.weight
t5-large,quartz,0.8586370348930359,46,transformer.encoder.block.7.layer.0.SelfAttention.v.weight
t5-large,quartz,0.8929433822631836,47,transformer.encoder.block.7.layer.0.SelfAttention.o.weight
t5-large,quartz,2.747667074203491,48,transformer.encoder.block.7.layer.1.DenseReluDense.wi.weight
t5-large,quartz,2.876365900039673,49,transformer.encoder.block.7.layer.1.DenseReluDense.wo.weight
t5-large,quartz,0.9652867913246155,50,transformer.encoder.block.8.layer.0.SelfAttention.q.weight
t5-large,quartz,0.9783414602279663,51,transformer.encoder.block.8.layer.0.SelfAttention.k.weight
t5-large,quartz,0.9478107690811157,52,transformer.encoder.block.8.layer.0.SelfAttention.v.weight
t5-large,quartz,0.9752872586250305,53,transformer.encoder.block.8.layer.0.SelfAttention.o.weight
t5-large,quartz,2.8225579261779785,54,transformer.encoder.block.8.layer.1.DenseReluDense.wi.weight
t5-large,quartz,2.958437442779541,55,transformer.encoder.block.8.layer.1.DenseReluDense.wo.weight
t5-large,quartz,0.9214524030685425,56,transformer.encoder.block.9.layer.0.SelfAttention.q.weight
t5-large,quartz,0.9373084306716919,57,transformer.encoder.block.9.layer.0.SelfAttention.k.weight
t5-large,quartz,0.9011329412460327,58,transformer.encoder.block.9.layer.0.SelfAttention.v.weight
t5-large,quartz,0.9569031000137329,59,transformer.encoder.block.9.layer.0.SelfAttention.o.weight
t5-large,quartz,2.856114625930786,60,transformer.encoder.block.9.layer.1.DenseReluDense.wi.weight
t5-large,quartz,3.0146689414978027,61,transformer.encoder.block.9.layer.1.DenseReluDense.wo.weight
t5-large,quartz,0.9508434534072876,62,transformer.encoder.block.10.layer.0.SelfAttention.q.weight
t5-large,quartz,0.9487127065658569,63,transformer.encoder.block.10.layer.0.SelfAttention.k.weight
t5-large,quartz,0.8826636672019958,64,transformer.encoder.block.10.layer.0.SelfAttention.v.weight
t5-large,quartz,0.9374043941497803,65,transformer.encoder.block.10.layer.0.SelfAttention.o.weight
t5-large,quartz,2.8056375980377197,66,transformer.encoder.block.10.layer.1.DenseReluDense.wi.weight
t5-large,quartz,2.9480295181274414,67,transformer.encoder.block.10.layer.1.DenseReluDense.wo.weight
t5-large,quartz,0.9322213530540466,68,transformer.encoder.block.11.layer.0.SelfAttention.q.weight
t5-large,quartz,0.9459898471832275,69,transformer.encoder.block.11.layer.0.SelfAttention.k.weight
t5-large,quartz,0.9220302104949951,70,transformer.encoder.block.11.layer.0.SelfAttention.v.weight
t5-large,quartz,0.9721837043762207,71,transformer.encoder.block.11.layer.0.SelfAttention.o.weight
t5-large,quartz,2.831951856613159,72,transformer.encoder.block.11.layer.1.DenseReluDense.wi.weight
t5-large,quartz,2.9863429069519043,73,transformer.encoder.block.11.layer.1.DenseReluDense.wo.weight
t5-large,quartz,1.0170321464538574,74,transformer.encoder.block.12.layer.0.SelfAttention.q.weight
t5-large,quartz,1.0277845859527588,75,transformer.encoder.block.12.layer.0.SelfAttention.k.weight
t5-large,quartz,0.9806971549987793,76,transformer.encoder.block.12.layer.0.SelfAttention.v.weight
t5-large,quartz,1.0156784057617188,77,transformer.encoder.block.12.layer.0.SelfAttention.o.weight
t5-large,quartz,2.8645431995391846,78,transformer.encoder.block.12.layer.1.DenseReluDense.wi.weight
t5-large,quartz,3.0220725536346436,79,transformer.encoder.block.12.layer.1.DenseReluDense.wo.weight
t5-large,quartz,0.9812130928039551,80,transformer.encoder.block.13.layer.0.SelfAttention.q.weight
t5-large,quartz,0.990722119808197,81,transformer.encoder.block.13.layer.0.SelfAttention.k.weight
t5-large,quartz,0.9767946600914001,82,transformer.encoder.block.13.layer.0.SelfAttention.v.weight
t5-large,quartz,1.0239909887313843,83,transformer.encoder.block.13.layer.0.SelfAttention.o.weight
t5-large,quartz,2.9473299980163574,84,transformer.encoder.block.13.layer.1.DenseReluDense.wi.weight
t5-large,quartz,3.079549551010132,85,transformer.encoder.block.13.layer.1.DenseReluDense.wo.weight
t5-large,quartz,1.0301226377487183,86,transformer.encoder.block.14.layer.0.SelfAttention.q.weight
t5-large,quartz,1.0421068668365479,87,transformer.encoder.block.14.layer.0.SelfAttention.k.weight
t5-large,quartz,1.0112982988357544,88,transformer.encoder.block.14.layer.0.SelfAttention.v.weight
t5-large,quartz,1.0742886066436768,89,transformer.encoder.block.14.layer.0.SelfAttention.o.weight
t5-large,quartz,2.884140729904175,90,transformer.encoder.block.14.layer.1.DenseReluDense.wi.weight
t5-large,quartz,2.98050594329834,91,transformer.encoder.block.14.layer.1.DenseReluDense.wo.weight
t5-large,quartz,1.079810619354248,92,transformer.encoder.block.15.layer.0.SelfAttention.q.weight
t5-large,quartz,1.1036629676818848,93,transformer.encoder.block.15.layer.0.SelfAttention.k.weight
t5-large,quartz,1.102139949798584,94,transformer.encoder.block.15.layer.0.SelfAttention.v.weight
t5-large,quartz,1.1087239980697632,95,transformer.encoder.block.15.layer.0.SelfAttention.o.weight
t5-large,quartz,2.8810479640960693,96,transformer.encoder.block.15.layer.1.DenseReluDense.wi.weight
t5-large,quartz,2.9887266159057617,97,transformer.encoder.block.15.layer.1.DenseReluDense.wo.weight
t5-large,quartz,1.1229196786880493,98,transformer.encoder.block.16.layer.0.SelfAttention.q.weight
t5-large,quartz,1.1378705501556396,99,transformer.encoder.block.16.layer.0.SelfAttention.k.weight
t5-large,quartz,1.1148910522460938,100,transformer.encoder.block.16.layer.0.SelfAttention.v.weight
t5-large,quartz,1.1398738622665405,101,transformer.encoder.block.16.layer.0.SelfAttention.o.weight
t5-large,quartz,2.7760894298553467,102,transformer.encoder.block.16.layer.1.DenseReluDense.wi.weight
t5-large,quartz,2.8479132652282715,103,transformer.encoder.block.16.layer.1.DenseReluDense.wo.weight
t5-large,quartz,1.039937973022461,104,transformer.encoder.block.17.layer.0.SelfAttention.q.weight
t5-large,quartz,1.0656442642211914,105,transformer.encoder.block.17.layer.0.SelfAttention.k.weight
t5-large,quartz,1.0779653787612915,106,transformer.encoder.block.17.layer.0.SelfAttention.v.weight
t5-large,quartz,1.1217708587646484,107,transformer.encoder.block.17.layer.0.SelfAttention.o.weight
t5-large,quartz,2.7896387577056885,108,transformer.encoder.block.17.layer.1.DenseReluDense.wi.weight
t5-large,quartz,2.8582942485809326,109,transformer.encoder.block.17.layer.1.DenseReluDense.wo.weight
t5-large,quartz,1.165207862854004,110,transformer.encoder.block.18.layer.0.SelfAttention.q.weight
t5-large,quartz,1.2054105997085571,111,transformer.encoder.block.18.layer.0.SelfAttention.k.weight
t5-large,quartz,1.158725619316101,112,transformer.encoder.block.18.layer.0.SelfAttention.v.weight
t5-large,quartz,1.1571283340454102,113,transformer.encoder.block.18.layer.0.SelfAttention.o.weight
t5-large,quartz,2.7311513423919678,114,transformer.encoder.block.18.layer.1.DenseReluDense.wi.weight
t5-large,quartz,2.8114843368530273,115,transformer.encoder.block.18.layer.1.DenseReluDense.wo.weight
t5-large,quartz,1.2122375965118408,116,transformer.encoder.block.19.layer.0.SelfAttention.q.weight
t5-large,quartz,1.2835332155227661,117,transformer.encoder.block.19.layer.0.SelfAttention.k.weight
t5-large,quartz,1.2549127340316772,118,transformer.encoder.block.19.layer.0.SelfAttention.v.weight
t5-large,quartz,1.2357385158538818,119,transformer.encoder.block.19.layer.0.SelfAttention.o.weight
t5-large,quartz,2.7584989070892334,120,transformer.encoder.block.19.layer.1.DenseReluDense.wi.weight
t5-large,quartz,2.847933530807495,121,transformer.encoder.block.19.layer.1.DenseReluDense.wo.weight
t5-large,quartz,1.2399412393569946,122,transformer.encoder.block.20.layer.0.SelfAttention.q.weight
t5-large,quartz,1.2844969034194946,123,transformer.encoder.block.20.layer.0.SelfAttention.k.weight
t5-large,quartz,1.2511882781982422,124,transformer.encoder.block.20.layer.0.SelfAttention.v.weight
t5-large,quartz,1.282634973526001,125,transformer.encoder.block.20.layer.0.SelfAttention.o.weight
t5-large,quartz,2.7657392024993896,126,transformer.encoder.block.20.layer.1.DenseReluDense.wi.weight
t5-large,quartz,2.8191096782684326,127,transformer.encoder.block.20.layer.1.DenseReluDense.wo.weight
t5-large,quartz,1.2095826864242554,128,transformer.encoder.block.21.layer.0.SelfAttention.q.weight
t5-large,quartz,1.2234381437301636,129,transformer.encoder.block.21.layer.0.SelfAttention.k.weight
t5-large,quartz,1.2195888757705688,130,transformer.encoder.block.21.layer.0.SelfAttention.v.weight
t5-large,quartz,1.2321910858154297,131,transformer.encoder.block.21.layer.0.SelfAttention.o.weight
t5-large,quartz,2.7497456073760986,132,transformer.encoder.block.21.layer.1.DenseReluDense.wi.weight
t5-large,quartz,2.767486095428467,133,transformer.encoder.block.21.layer.1.DenseReluDense.wo.weight
t5-large,quartz,1.2884529829025269,134,transformer.encoder.block.22.layer.0.SelfAttention.q.weight
t5-large,quartz,1.3266123533248901,135,transformer.encoder.block.22.layer.0.SelfAttention.k.weight
t5-large,quartz,1.2179832458496094,136,transformer.encoder.block.22.layer.0.SelfAttention.v.weight
t5-large,quartz,1.1816608905792236,137,transformer.encoder.block.22.layer.0.SelfAttention.o.weight
t5-large,quartz,2.7460594177246094,138,transformer.encoder.block.22.layer.1.DenseReluDense.wi.weight
t5-large,quartz,2.766903877258301,139,transformer.encoder.block.22.layer.1.DenseReluDense.wo.weight
t5-large,quartz,1.1114461421966553,140,transformer.encoder.block.23.layer.0.SelfAttention.q.weight
t5-large,quartz,1.1423923969268799,141,transformer.encoder.block.23.layer.0.SelfAttention.k.weight
t5-large,quartz,1.1243740320205688,142,transformer.encoder.block.23.layer.0.SelfAttention.v.weight
t5-large,quartz,1.1217697858810425,143,transformer.encoder.block.23.layer.0.SelfAttention.o.weight
t5-large,quartz,2.632981061935425,144,transformer.encoder.block.23.layer.1.DenseReluDense.wi.weight
t5-large,quartz,2.5375213623046875,145,transformer.encoder.block.23.layer.1.DenseReluDense.wo.weight
t5-large,quartz,0.965578556060791,146,transformer.decoder.block.0.layer.0.SelfAttention.q.weight
t5-large,quartz,0.9573979377746582,147,transformer.decoder.block.0.layer.0.SelfAttention.k.weight
t5-large,quartz,0.878393292427063,148,transformer.decoder.block.0.layer.0.SelfAttention.v.weight
t5-large,quartz,0.8451921939849854,149,transformer.decoder.block.0.layer.0.SelfAttention.o.weight
t5-large,quartz,0.022340310737490654,150,transformer.decoder.block.0.layer.0.SelfAttention.relative_attention_bias.weight
t5-large,quartz,0.8626232147216797,151,transformer.decoder.block.0.layer.1.EncDecAttention.q.weight
t5-large,quartz,0.8127477169036865,152,transformer.decoder.block.0.layer.1.EncDecAttention.k.weight
t5-large,quartz,0.852150022983551,153,transformer.decoder.block.0.layer.1.EncDecAttention.v.weight
t5-large,quartz,0.7996755242347717,154,transformer.decoder.block.0.layer.1.EncDecAttention.o.weight
t5-large,quartz,1.9362375736236572,155,transformer.decoder.block.0.layer.2.DenseReluDense.wi.weight
t5-large,quartz,1.8589431047439575,156,transformer.decoder.block.0.layer.2.DenseReluDense.wo.weight
t5-large,quartz,0.9301642179489136,157,transformer.decoder.block.1.layer.0.SelfAttention.q.weight
t5-large,quartz,0.9247193336486816,158,transformer.decoder.block.1.layer.0.SelfAttention.k.weight
t5-large,quartz,0.79791259765625,159,transformer.decoder.block.1.layer.0.SelfAttention.v.weight
t5-large,quartz,0.7932606339454651,160,transformer.decoder.block.1.layer.0.SelfAttention.o.weight
t5-large,quartz,0.859845757484436,161,transformer.decoder.block.1.layer.1.EncDecAttention.q.weight
t5-large,quartz,0.8534147143363953,162,transformer.decoder.block.1.layer.1.EncDecAttention.k.weight
t5-large,quartz,0.8125148415565491,163,transformer.decoder.block.1.layer.1.EncDecAttention.v.weight
t5-large,quartz,0.7799822688102722,164,transformer.decoder.block.1.layer.1.EncDecAttention.o.weight
t5-large,quartz,1.8749744892120361,165,transformer.decoder.block.1.layer.2.DenseReluDense.wi.weight
t5-large,quartz,1.8706955909729004,166,transformer.decoder.block.1.layer.2.DenseReluDense.wo.weight
t5-large,quartz,0.8159149289131165,167,transformer.decoder.block.2.layer.0.SelfAttention.q.weight
t5-large,quartz,0.8185979723930359,168,transformer.decoder.block.2.layer.0.SelfAttention.k.weight
t5-large,quartz,0.7580438256263733,169,transformer.decoder.block.2.layer.0.SelfAttention.v.weight
t5-large,quartz,0.7841666340827942,170,transformer.decoder.block.2.layer.0.SelfAttention.o.weight
t5-large,quartz,0.7551057934761047,171,transformer.decoder.block.2.layer.1.EncDecAttention.q.weight
t5-large,quartz,0.7368836402893066,172,transformer.decoder.block.2.layer.1.EncDecAttention.k.weight
t5-large,quartz,0.8145880103111267,173,transformer.decoder.block.2.layer.1.EncDecAttention.v.weight
t5-large,quartz,0.7910584807395935,174,transformer.decoder.block.2.layer.1.EncDecAttention.o.weight
t5-large,quartz,1.6865718364715576,175,transformer.decoder.block.2.layer.2.DenseReluDense.wi.weight
t5-large,quartz,1.6815168857574463,176,transformer.decoder.block.2.layer.2.DenseReluDense.wo.weight
t5-large,quartz,0.900864839553833,177,transformer.decoder.block.3.layer.0.SelfAttention.q.weight
t5-large,quartz,0.9056783318519592,178,transformer.decoder.block.3.layer.0.SelfAttention.k.weight
t5-large,quartz,0.7631517052650452,179,transformer.decoder.block.3.layer.0.SelfAttention.v.weight
t5-large,quartz,0.8028748631477356,180,transformer.decoder.block.3.layer.0.SelfAttention.o.weight
t5-large,quartz,0.7948063015937805,181,transformer.decoder.block.3.layer.1.EncDecAttention.q.weight
t5-large,quartz,0.8018097281455994,182,transformer.decoder.block.3.layer.1.EncDecAttention.k.weight
t5-large,quartz,0.8823186755180359,183,transformer.decoder.block.3.layer.1.EncDecAttention.v.weight
t5-large,quartz,0.8946223258972168,184,transformer.decoder.block.3.layer.1.EncDecAttention.o.weight
t5-large,quartz,1.7438623905181885,185,transformer.decoder.block.3.layer.2.DenseReluDense.wi.weight
t5-large,quartz,1.7398769855499268,186,transformer.decoder.block.3.layer.2.DenseReluDense.wo.weight
t5-large,quartz,0.8811549544334412,187,transformer.decoder.block.4.layer.0.SelfAttention.q.weight
t5-large,quartz,0.8845337629318237,188,transformer.decoder.block.4.layer.0.SelfAttention.k.weight
t5-large,quartz,0.7789353728294373,189,transformer.decoder.block.4.layer.0.SelfAttention.v.weight
t5-large,quartz,0.8143607378005981,190,transformer.decoder.block.4.layer.0.SelfAttention.o.weight
t5-large,quartz,0.8574933409690857,191,transformer.decoder.block.4.layer.1.EncDecAttention.q.weight
t5-large,quartz,0.9032644629478455,192,transformer.decoder.block.4.layer.1.EncDecAttention.k.weight
t5-large,quartz,0.9475743174552917,193,transformer.decoder.block.4.layer.1.EncDecAttention.v.weight
t5-large,quartz,0.9102449417114258,194,transformer.decoder.block.4.layer.1.EncDecAttention.o.weight
t5-large,quartz,1.691092848777771,195,transformer.decoder.block.4.layer.2.DenseReluDense.wi.weight
t5-large,quartz,1.6734623908996582,196,transformer.decoder.block.4.layer.2.DenseReluDense.wo.weight
t5-large,quartz,0.8956574201583862,197,transformer.decoder.block.5.layer.0.SelfAttention.q.weight
t5-large,quartz,0.9044930934906006,198,transformer.decoder.block.5.layer.0.SelfAttention.k.weight
t5-large,quartz,0.7865906953811646,199,transformer.decoder.block.5.layer.0.SelfAttention.v.weight
t5-large,quartz,0.8245349526405334,200,transformer.decoder.block.5.layer.0.SelfAttention.o.weight
t5-large,quartz,0.8430252075195312,201,transformer.decoder.block.5.layer.1.EncDecAttention.q.weight
t5-large,quartz,0.8372820019721985,202,transformer.decoder.block.5.layer.1.EncDecAttention.k.weight
t5-large,quartz,0.9360759258270264,203,transformer.decoder.block.5.layer.1.EncDecAttention.v.weight
t5-large,quartz,0.8953102231025696,204,transformer.decoder.block.5.layer.1.EncDecAttention.o.weight
t5-large,quartz,1.6873435974121094,205,transformer.decoder.block.5.layer.2.DenseReluDense.wi.weight
t5-large,quartz,1.6654093265533447,206,transformer.decoder.block.5.layer.2.DenseReluDense.wo.weight
t5-large,quartz,0.9413563013076782,207,transformer.decoder.block.6.layer.0.SelfAttention.q.weight
t5-large,quartz,0.9658904075622559,208,transformer.decoder.block.6.layer.0.SelfAttention.k.weight
t5-large,quartz,0.8220465183258057,209,transformer.decoder.block.6.layer.0.SelfAttention.v.weight
t5-large,quartz,0.8604100942611694,210,transformer.decoder.block.6.layer.0.SelfAttention.o.weight
t5-large,quartz,0.920383870601654,211,transformer.decoder.block.6.layer.1.EncDecAttention.q.weight
t5-large,quartz,0.9578405618667603,212,transformer.decoder.block.6.layer.1.EncDecAttention.k.weight
t5-large,quartz,1.004534125328064,213,transformer.decoder.block.6.layer.1.EncDecAttention.v.weight
t5-large,quartz,0.936314046382904,214,transformer.decoder.block.6.layer.1.EncDecAttention.o.weight
t5-large,quartz,1.7005342245101929,215,transformer.decoder.block.6.layer.2.DenseReluDense.wi.weight
t5-large,quartz,1.6918470859527588,216,transformer.decoder.block.6.layer.2.DenseReluDense.wo.weight
t5-large,quartz,0.9090348482131958,217,transformer.decoder.block.7.layer.0.SelfAttention.q.weight
t5-large,quartz,0.9022566080093384,218,transformer.decoder.block.7.layer.0.SelfAttention.k.weight
t5-large,quartz,0.8287662267684937,219,transformer.decoder.block.7.layer.0.SelfAttention.v.weight
t5-large,quartz,0.8547630310058594,220,transformer.decoder.block.7.layer.0.SelfAttention.o.weight
t5-large,quartz,0.952404797077179,221,transformer.decoder.block.7.layer.1.EncDecAttention.q.weight
t5-large,quartz,1.0237118005752563,222,transformer.decoder.block.7.layer.1.EncDecAttention.k.weight
t5-large,quartz,1.091005802154541,223,transformer.decoder.block.7.layer.1.EncDecAttention.v.weight
t5-large,quartz,1.0018330812454224,224,transformer.decoder.block.7.layer.1.EncDecAttention.o.weight
t5-large,quartz,1.7207549810409546,225,transformer.decoder.block.7.layer.2.DenseReluDense.wi.weight
t5-large,quartz,1.7007942199707031,226,transformer.decoder.block.7.layer.2.DenseReluDense.wo.weight
t5-large,quartz,0.9551411271095276,227,transformer.decoder.block.8.layer.0.SelfAttention.q.weight
t5-large,quartz,0.9604069590568542,228,transformer.decoder.block.8.layer.0.SelfAttention.k.weight
t5-large,quartz,0.8393514752388,229,transformer.decoder.block.8.layer.0.SelfAttention.v.weight
t5-large,quartz,0.8874640464782715,230,transformer.decoder.block.8.layer.0.SelfAttention.o.weight
t5-large,quartz,1.0822516679763794,231,transformer.decoder.block.8.layer.1.EncDecAttention.q.weight
t5-large,quartz,1.1780104637145996,232,transformer.decoder.block.8.layer.1.EncDecAttention.k.weight
t5-large,quartz,1.1291234493255615,233,transformer.decoder.block.8.layer.1.EncDecAttention.v.weight
t5-large,quartz,1.0992703437805176,234,transformer.decoder.block.8.layer.1.EncDecAttention.o.weight
t5-large,quartz,1.7249280214309692,235,transformer.decoder.block.8.layer.2.DenseReluDense.wi.weight
t5-large,quartz,1.640210509300232,236,transformer.decoder.block.8.layer.2.DenseReluDense.wo.weight
t5-large,quartz,0.9583771824836731,237,transformer.decoder.block.9.layer.0.SelfAttention.q.weight
t5-large,quartz,0.9728896617889404,238,transformer.decoder.block.9.layer.0.SelfAttention.k.weight
t5-large,quartz,0.8711408972740173,239,transformer.decoder.block.9.layer.0.SelfAttention.v.weight
t5-large,quartz,0.9207302331924438,240,transformer.decoder.block.9.layer.0.SelfAttention.o.weight
t5-large,quartz,0.9941867589950562,241,transformer.decoder.block.9.layer.1.EncDecAttention.q.weight
t5-large,quartz,1.0503960847854614,242,transformer.decoder.block.9.layer.1.EncDecAttention.k.weight
t5-large,quartz,1.1111562252044678,243,transformer.decoder.block.9.layer.1.EncDecAttention.v.weight
t5-large,quartz,1.1026982069015503,244,transformer.decoder.block.9.layer.1.EncDecAttention.o.weight
t5-large,quartz,1.7810134887695312,245,transformer.decoder.block.9.layer.2.DenseReluDense.wi.weight
t5-large,quartz,1.7349547147750854,246,transformer.decoder.block.9.layer.2.DenseReluDense.wo.weight
t5-large,quartz,0.9390711188316345,247,transformer.decoder.block.10.layer.0.SelfAttention.q.weight
t5-large,quartz,0.9322199821472168,248,transformer.decoder.block.10.layer.0.SelfAttention.k.weight
t5-large,quartz,0.9070362448692322,249,transformer.decoder.block.10.layer.0.SelfAttention.v.weight
t5-large,quartz,0.9554390907287598,250,transformer.decoder.block.10.layer.0.SelfAttention.o.weight
t5-large,quartz,1.1226065158843994,251,transformer.decoder.block.10.layer.1.EncDecAttention.q.weight
t5-large,quartz,1.194411277770996,252,transformer.decoder.block.10.layer.1.EncDecAttention.k.weight
t5-large,quartz,1.1813218593597412,253,transformer.decoder.block.10.layer.1.EncDecAttention.v.weight
t5-large,quartz,1.1319154500961304,254,transformer.decoder.block.10.layer.1.EncDecAttention.o.weight
t5-large,quartz,1.9350248575210571,255,transformer.decoder.block.10.layer.2.DenseReluDense.wi.weight
t5-large,quartz,1.859742522239685,256,transformer.decoder.block.10.layer.2.DenseReluDense.wo.weight
t5-large,quartz,1.017078161239624,257,transformer.decoder.block.11.layer.0.SelfAttention.q.weight
t5-large,quartz,1.0080620050430298,258,transformer.decoder.block.11.layer.0.SelfAttention.k.weight
t5-large,quartz,0.9288513660430908,259,transformer.decoder.block.11.layer.0.SelfAttention.v.weight
t5-large,quartz,0.9854652881622314,260,transformer.decoder.block.11.layer.0.SelfAttention.o.weight
t5-large,quartz,1.0792120695114136,261,transformer.decoder.block.11.layer.1.EncDecAttention.q.weight
t5-large,quartz,1.060106873512268,262,transformer.decoder.block.11.layer.1.EncDecAttention.k.weight
t5-large,quartz,1.2159497737884521,263,transformer.decoder.block.11.layer.1.EncDecAttention.v.weight
t5-large,quartz,1.1182069778442383,264,transformer.decoder.block.11.layer.1.EncDecAttention.o.weight
t5-large,quartz,2.145282506942749,265,transformer.decoder.block.11.layer.2.DenseReluDense.wi.weight
t5-large,quartz,2.1624948978424072,266,transformer.decoder.block.11.layer.2.DenseReluDense.wo.weight
t5-large,quartz,0.9313687682151794,267,transformer.decoder.block.12.layer.0.SelfAttention.q.weight
t5-large,quartz,0.9636334180831909,268,transformer.decoder.block.12.layer.0.SelfAttention.k.weight
t5-large,quartz,0.935178816318512,269,transformer.decoder.block.12.layer.0.SelfAttention.v.weight
t5-large,quartz,0.9771145582199097,270,transformer.decoder.block.12.layer.0.SelfAttention.o.weight
t5-large,quartz,1.170551061630249,271,transformer.decoder.block.12.layer.1.EncDecAttention.q.weight
t5-large,quartz,1.1867938041687012,272,transformer.decoder.block.12.layer.1.EncDecAttention.k.weight
t5-large,quartz,1.1584736108779907,273,transformer.decoder.block.12.layer.1.EncDecAttention.v.weight
t5-large,quartz,1.0706158876419067,274,transformer.decoder.block.12.layer.1.EncDecAttention.o.weight
t5-large,quartz,2.1390304565429688,275,transformer.decoder.block.12.layer.2.DenseReluDense.wi.weight
t5-large,quartz,2.122772455215454,276,transformer.decoder.block.12.layer.2.DenseReluDense.wo.weight
t5-large,quartz,0.9358451962471008,277,transformer.decoder.block.13.layer.0.SelfAttention.q.weight
t5-large,quartz,0.9414153099060059,278,transformer.decoder.block.13.layer.0.SelfAttention.k.weight
t5-large,quartz,0.9754856824874878,279,transformer.decoder.block.13.layer.0.SelfAttention.v.weight
t5-large,quartz,0.9883677363395691,280,transformer.decoder.block.13.layer.0.SelfAttention.o.weight
t5-large,quartz,1.2136337757110596,281,transformer.decoder.block.13.layer.1.EncDecAttention.q.weight
t5-large,quartz,1.2040984630584717,282,transformer.decoder.block.13.layer.1.EncDecAttention.k.weight
t5-large,quartz,1.2133821249008179,283,transformer.decoder.block.13.layer.1.EncDecAttention.v.weight
t5-large,quartz,1.182456374168396,284,transformer.decoder.block.13.layer.1.EncDecAttention.o.weight
t5-large,quartz,2.154667854309082,285,transformer.decoder.block.13.layer.2.DenseReluDense.wi.weight
t5-large,quartz,2.1709580421447754,286,transformer.decoder.block.13.layer.2.DenseReluDense.wo.weight
t5-large,quartz,0.9083617329597473,287,transformer.decoder.block.14.layer.0.SelfAttention.q.weight
t5-large,quartz,0.9186246991157532,288,transformer.decoder.block.14.layer.0.SelfAttention.k.weight
t5-large,quartz,0.9711213111877441,289,transformer.decoder.block.14.layer.0.SelfAttention.v.weight
t5-large,quartz,1.0021110773086548,290,transformer.decoder.block.14.layer.0.SelfAttention.o.weight
t5-large,quartz,1.073238492012024,291,transformer.decoder.block.14.layer.1.EncDecAttention.q.weight
t5-large,quartz,1.069635033607483,292,transformer.decoder.block.14.layer.1.EncDecAttention.k.weight
t5-large,quartz,1.1958328485488892,293,transformer.decoder.block.14.layer.1.EncDecAttention.v.weight
t5-large,quartz,1.091728925704956,294,transformer.decoder.block.14.layer.1.EncDecAttention.o.weight
t5-large,quartz,2.186640739440918,295,transformer.decoder.block.14.layer.2.DenseReluDense.wi.weight
t5-large,quartz,2.2283506393432617,296,transformer.decoder.block.14.layer.2.DenseReluDense.wo.weight
t5-large,quartz,0.959080696105957,297,transformer.decoder.block.15.layer.0.SelfAttention.q.weight
t5-large,quartz,0.9719414710998535,298,transformer.decoder.block.15.layer.0.SelfAttention.k.weight
t5-large,quartz,1.0015941858291626,299,transformer.decoder.block.15.layer.0.SelfAttention.v.weight
t5-large,quartz,1.0333783626556396,300,transformer.decoder.block.15.layer.0.SelfAttention.o.weight
t5-large,quartz,1.356303334236145,301,transformer.decoder.block.15.layer.1.EncDecAttention.q.weight
t5-large,quartz,1.3888270854949951,302,transformer.decoder.block.15.layer.1.EncDecAttention.k.weight
t5-large,quartz,1.3848965167999268,303,transformer.decoder.block.15.layer.1.EncDecAttention.v.weight
t5-large,quartz,1.3064347505569458,304,transformer.decoder.block.15.layer.1.EncDecAttention.o.weight
t5-large,quartz,2.3314220905303955,305,transformer.decoder.block.15.layer.2.DenseReluDense.wi.weight
t5-large,quartz,2.3716697692871094,306,transformer.decoder.block.15.layer.2.DenseReluDense.wo.weight
t5-large,quartz,0.9927613139152527,307,transformer.decoder.block.16.layer.0.SelfAttention.q.weight
t5-large,quartz,0.9850593209266663,308,transformer.decoder.block.16.layer.0.SelfAttention.k.weight
t5-large,quartz,1.0284688472747803,309,transformer.decoder.block.16.layer.0.SelfAttention.v.weight
t5-large,quartz,1.046447515487671,310,transformer.decoder.block.16.layer.0.SelfAttention.o.weight
t5-large,quartz,1.2533116340637207,311,transformer.decoder.block.16.layer.1.EncDecAttention.q.weight
t5-large,quartz,1.2641408443450928,312,transformer.decoder.block.16.layer.1.EncDecAttention.k.weight
t5-large,quartz,1.294290542602539,313,transformer.decoder.block.16.layer.1.EncDecAttention.v.weight
t5-large,quartz,1.2271219491958618,314,transformer.decoder.block.16.layer.1.EncDecAttention.o.weight
t5-large,quartz,2.4212117195129395,315,transformer.decoder.block.16.layer.2.DenseReluDense.wi.weight
t5-large,quartz,2.4939498901367188,316,transformer.decoder.block.16.layer.2.DenseReluDense.wo.weight
t5-large,quartz,1.1222249269485474,317,transformer.decoder.block.17.layer.0.SelfAttention.q.weight
t5-large,quartz,1.1250993013381958,318,transformer.decoder.block.17.layer.0.SelfAttention.k.weight
t5-large,quartz,1.0537261962890625,319,transformer.decoder.block.17.layer.0.SelfAttention.v.weight
t5-large,quartz,1.0746060609817505,320,transformer.decoder.block.17.layer.0.SelfAttention.o.weight
t5-large,quartz,1.3693009614944458,321,transformer.decoder.block.17.layer.1.EncDecAttention.q.weight
t5-large,quartz,1.4341046810150146,322,transformer.decoder.block.17.layer.1.EncDecAttention.k.weight
t5-large,quartz,1.3893318176269531,323,transformer.decoder.block.17.layer.1.EncDecAttention.v.weight
t5-large,quartz,1.3083266019821167,324,transformer.decoder.block.17.layer.1.EncDecAttention.o.weight
t5-large,quartz,2.515986919403076,325,transformer.decoder.block.17.layer.2.DenseReluDense.wi.weight
t5-large,quartz,2.5969557762145996,326,transformer.decoder.block.17.layer.2.DenseReluDense.wo.weight
t5-large,quartz,0.9672635793685913,327,transformer.decoder.block.18.layer.0.SelfAttention.q.weight
t5-large,quartz,0.9874643087387085,328,transformer.decoder.block.18.layer.0.SelfAttention.k.weight
t5-large,quartz,1.036757469177246,329,transformer.decoder.block.18.layer.0.SelfAttention.v.weight
t5-large,quartz,1.0564751625061035,330,transformer.decoder.block.18.layer.0.SelfAttention.o.weight
t5-large,quartz,1.2906076908111572,331,transformer.decoder.block.18.layer.1.EncDecAttention.q.weight
t5-large,quartz,1.2896099090576172,332,transformer.decoder.block.18.layer.1.EncDecAttention.k.weight
t5-large,quartz,1.2081899642944336,333,transformer.decoder.block.18.layer.1.EncDecAttention.v.weight
t5-large,quartz,1.2190542221069336,334,transformer.decoder.block.18.layer.1.EncDecAttention.o.weight
t5-large,quartz,2.7082459926605225,335,transformer.decoder.block.18.layer.2.DenseReluDense.wi.weight
t5-large,quartz,2.853477954864502,336,transformer.decoder.block.18.layer.2.DenseReluDense.wo.weight
t5-large,quartz,0.942112922668457,337,transformer.decoder.block.19.layer.0.SelfAttention.q.weight
t5-large,quartz,0.9541354775428772,338,transformer.decoder.block.19.layer.0.SelfAttention.k.weight
t5-large,quartz,1.0343258380889893,339,transformer.decoder.block.19.layer.0.SelfAttention.v.weight
t5-large,quartz,1.102409839630127,340,transformer.decoder.block.19.layer.0.SelfAttention.o.weight
t5-large,quartz,1.3188492059707642,341,transformer.decoder.block.19.layer.1.EncDecAttention.q.weight
t5-large,quartz,1.3288899660110474,342,transformer.decoder.block.19.layer.1.EncDecAttention.k.weight
t5-large,quartz,1.2466274499893188,343,transformer.decoder.block.19.layer.1.EncDecAttention.v.weight
t5-large,quartz,1.1847821474075317,344,transformer.decoder.block.19.layer.1.EncDecAttention.o.weight
t5-large,quartz,2.7271616458892822,345,transformer.decoder.block.19.layer.2.DenseReluDense.wi.weight
t5-large,quartz,2.8597419261932373,346,transformer.decoder.block.19.layer.2.DenseReluDense.wo.weight
t5-large,quartz,0.9889178276062012,347,transformer.decoder.block.20.layer.0.SelfAttention.q.weight
t5-large,quartz,0.9999396204948425,348,transformer.decoder.block.20.layer.0.SelfAttention.k.weight
t5-large,quartz,1.0636123418807983,349,transformer.decoder.block.20.layer.0.SelfAttention.v.weight
t5-large,quartz,1.1135333776474,350,transformer.decoder.block.20.layer.0.SelfAttention.o.weight
t5-large,quartz,1.1988656520843506,351,transformer.decoder.block.20.layer.1.EncDecAttention.q.weight
t5-large,quartz,1.216188669204712,352,transformer.decoder.block.20.layer.1.EncDecAttention.k.weight
t5-large,quartz,1.2177915573120117,353,transformer.decoder.block.20.layer.1.EncDecAttention.v.weight
t5-large,quartz,1.1922941207885742,354,transformer.decoder.block.20.layer.1.EncDecAttention.o.weight
t5-large,quartz,2.6176021099090576,355,transformer.decoder.block.20.layer.2.DenseReluDense.wi.weight
t5-large,quartz,2.7898128032684326,356,transformer.decoder.block.20.layer.2.DenseReluDense.wo.weight
t5-large,quartz,1.069459319114685,357,transformer.decoder.block.21.layer.0.SelfAttention.q.weight
t5-large,quartz,1.0886589288711548,358,transformer.decoder.block.21.layer.0.SelfAttention.k.weight
t5-large,quartz,1.0837416648864746,359,transformer.decoder.block.21.layer.0.SelfAttention.v.weight
t5-large,quartz,1.1316070556640625,360,transformer.decoder.block.21.layer.0.SelfAttention.o.weight
t5-large,quartz,1.239794373512268,361,transformer.decoder.block.21.layer.1.EncDecAttention.q.weight
t5-large,quartz,1.2267180681228638,362,transformer.decoder.block.21.layer.1.EncDecAttention.k.weight
t5-large,quartz,1.2060526609420776,363,transformer.decoder.block.21.layer.1.EncDecAttention.v.weight
t5-large,quartz,1.1815614700317383,364,transformer.decoder.block.21.layer.1.EncDecAttention.o.weight
t5-large,quartz,2.5732228755950928,365,transformer.decoder.block.21.layer.2.DenseReluDense.wi.weight
t5-large,quartz,2.718761682510376,366,transformer.decoder.block.21.layer.2.DenseReluDense.wo.weight
t5-large,quartz,1.0819240808486938,367,transformer.decoder.block.22.layer.0.SelfAttention.q.weight
t5-large,quartz,1.1173007488250732,368,transformer.decoder.block.22.layer.0.SelfAttention.k.weight
t5-large,quartz,1.058052897453308,369,transformer.decoder.block.22.layer.0.SelfAttention.v.weight
t5-large,quartz,1.111505150794983,370,transformer.decoder.block.22.layer.0.SelfAttention.o.weight
t5-large,quartz,1.2357733249664307,371,transformer.decoder.block.22.layer.1.EncDecAttention.q.weight
t5-large,quartz,1.255836009979248,372,transformer.decoder.block.22.layer.1.EncDecAttention.k.weight
t5-large,quartz,1.1971474885940552,373,transformer.decoder.block.22.layer.1.EncDecAttention.v.weight
t5-large,quartz,1.193284034729004,374,transformer.decoder.block.22.layer.1.EncDecAttention.o.weight
t5-large,quartz,2.540217876434326,375,transformer.decoder.block.22.layer.2.DenseReluDense.wi.weight
t5-large,quartz,2.663583755493164,376,transformer.decoder.block.22.layer.2.DenseReluDense.wo.weight
t5-large,quartz,1.070034384727478,377,transformer.decoder.block.23.layer.0.SelfAttention.q.weight
t5-large,quartz,1.115383505821228,378,transformer.decoder.block.23.layer.0.SelfAttention.k.weight
t5-large,quartz,1.0903844833374023,379,transformer.decoder.block.23.layer.0.SelfAttention.v.weight
t5-large,quartz,1.0858721733093262,380,transformer.decoder.block.23.layer.0.SelfAttention.o.weight
t5-large,quartz,1.2652384042739868,381,transformer.decoder.block.23.layer.1.EncDecAttention.q.weight
t5-large,quartz,1.2953463792800903,382,transformer.decoder.block.23.layer.1.EncDecAttention.k.weight
t5-large,quartz,1.200303077697754,383,transformer.decoder.block.23.layer.1.EncDecAttention.v.weight
t5-large,quartz,1.1618871688842773,384,transformer.decoder.block.23.layer.1.EncDecAttention.o.weight
t5-large,quartz,2.662480592727661,385,transformer.decoder.block.23.layer.2.DenseReluDense.wi.weight
t5-large,quartz,2.7568602561950684,386,transformer.decoder.block.23.layer.2.DenseReluDense.wo.weight
t5-large,paws,6.960233211517334,0,transformer.shared.weight
t5-large,paws,0.6996012330055237,1,transformer.encoder.block.0.layer.0.SelfAttention.q.weight
t5-large,paws,0.7012305855751038,2,transformer.encoder.block.0.layer.0.SelfAttention.k.weight
t5-large,paws,0.6891871094703674,3,transformer.encoder.block.0.layer.0.SelfAttention.v.weight
t5-large,paws,0.6999161243438721,4,transformer.encoder.block.0.layer.0.SelfAttention.o.weight
t5-large,paws,0.023450324311852455,5,transformer.encoder.block.0.layer.0.SelfAttention.relative_attention_bias.weight
t5-large,paws,1.923486590385437,6,transformer.encoder.block.0.layer.1.DenseReluDense.wi.weight
t5-large,paws,1.9679362773895264,7,transformer.encoder.block.0.layer.1.DenseReluDense.wo.weight
t5-large,paws,0.713404655456543,8,transformer.encoder.block.1.layer.0.SelfAttention.q.weight
t5-large,paws,0.7122169733047485,9,transformer.encoder.block.1.layer.0.SelfAttention.k.weight
t5-large,paws,0.6887206435203552,10,transformer.encoder.block.1.layer.0.SelfAttention.v.weight
t5-large,paws,0.707339882850647,11,transformer.encoder.block.1.layer.0.SelfAttention.o.weight
t5-large,paws,2.003814697265625,12,transformer.encoder.block.1.layer.1.DenseReluDense.wi.weight
t5-large,paws,2.127883195877075,13,transformer.encoder.block.1.layer.1.DenseReluDense.wo.weight
t5-large,paws,0.7182329297065735,14,transformer.encoder.block.2.layer.0.SelfAttention.q.weight
t5-large,paws,0.7276551127433777,15,transformer.encoder.block.2.layer.0.SelfAttention.k.weight
t5-large,paws,0.6968051195144653,16,transformer.encoder.block.2.layer.0.SelfAttention.v.weight
t5-large,paws,0.7129137516021729,17,transformer.encoder.block.2.layer.0.SelfAttention.o.weight
t5-large,paws,2.150770664215088,18,transformer.encoder.block.2.layer.1.DenseReluDense.wi.weight
t5-large,paws,2.3468542098999023,19,transformer.encoder.block.2.layer.1.DenseReluDense.wo.weight
t5-large,paws,0.7293208837509155,20,transformer.encoder.block.3.layer.0.SelfAttention.q.weight
t5-large,paws,0.726018488407135,21,transformer.encoder.block.3.layer.0.SelfAttention.k.weight
t5-large,paws,0.7021676301956177,22,transformer.encoder.block.3.layer.0.SelfAttention.v.weight
t5-large,paws,0.7333963513374329,23,transformer.encoder.block.3.layer.0.SelfAttention.o.weight
t5-large,paws,2.3507938385009766,24,transformer.encoder.block.3.layer.1.DenseReluDense.wi.weight
t5-large,paws,2.566762685775757,25,transformer.encoder.block.3.layer.1.DenseReluDense.wo.weight
t5-large,paws,0.7385382652282715,26,transformer.encoder.block.4.layer.0.SelfAttention.q.weight
t5-large,paws,0.7271586060523987,27,transformer.encoder.block.4.layer.0.SelfAttention.k.weight
t5-large,paws,0.7168248295783997,28,transformer.encoder.block.4.layer.0.SelfAttention.v.weight
t5-large,paws,0.739966630935669,29,transformer.encoder.block.4.layer.0.SelfAttention.o.weight
t5-large,paws,2.5049049854278564,30,transformer.encoder.block.4.layer.1.DenseReluDense.wi.weight
t5-large,paws,2.7676749229431152,31,transformer.encoder.block.4.layer.1.DenseReluDense.wo.weight
t5-large,paws,0.8073707818984985,32,transformer.encoder.block.5.layer.0.SelfAttention.q.weight
t5-large,paws,0.803810179233551,33,transformer.encoder.block.5.layer.0.SelfAttention.k.weight
t5-large,paws,0.7542411684989929,34,transformer.encoder.block.5.layer.0.SelfAttention.v.weight
t5-large,paws,0.7898430824279785,35,transformer.encoder.block.5.layer.0.SelfAttention.o.weight
t5-large,paws,2.6292803287506104,36,transformer.encoder.block.5.layer.1.DenseReluDense.wi.weight
t5-large,paws,2.856262445449829,37,transformer.encoder.block.5.layer.1.DenseReluDense.wo.weight
t5-large,paws,0.8235635757446289,38,transformer.encoder.block.6.layer.0.SelfAttention.q.weight
t5-large,paws,0.8176270127296448,39,transformer.encoder.block.6.layer.0.SelfAttention.k.weight
t5-large,paws,0.7908385396003723,40,transformer.encoder.block.6.layer.0.SelfAttention.v.weight
t5-large,paws,0.8202311992645264,41,transformer.encoder.block.6.layer.0.SelfAttention.o.weight
t5-large,paws,2.7530412673950195,42,transformer.encoder.block.6.layer.1.DenseReluDense.wi.weight
t5-large,paws,3.0303795337677,43,transformer.encoder.block.6.layer.1.DenseReluDense.wo.weight
t5-large,paws,0.8363587856292725,44,transformer.encoder.block.7.layer.0.SelfAttention.q.weight
t5-large,paws,0.8239506483078003,45,transformer.encoder.block.7.layer.0.SelfAttention.k.weight
t5-large,paws,0.7933847904205322,46,transformer.encoder.block.7.layer.0.SelfAttention.v.weight
t5-large,paws,0.8167810440063477,47,transformer.encoder.block.7.layer.0.SelfAttention.o.weight
t5-large,paws,2.793102979660034,48,transformer.encoder.block.7.layer.1.DenseReluDense.wi.weight
t5-large,paws,3.040792465209961,49,transformer.encoder.block.7.layer.1.DenseReluDense.wo.weight
t5-large,paws,0.9009916186332703,50,transformer.encoder.block.8.layer.0.SelfAttention.q.weight
t5-large,paws,0.9165704250335693,51,transformer.encoder.block.8.layer.0.SelfAttention.k.weight
t5-large,paws,0.8536621332168579,52,transformer.encoder.block.8.layer.0.SelfAttention.v.weight
t5-large,paws,0.8735975623130798,53,transformer.encoder.block.8.layer.0.SelfAttention.o.weight
t5-large,paws,3.022960901260376,54,transformer.encoder.block.8.layer.1.DenseReluDense.wi.weight
t5-large,paws,3.3285610675811768,55,transformer.encoder.block.8.layer.1.DenseReluDense.wo.weight
t5-large,paws,0.8414050340652466,56,transformer.encoder.block.9.layer.0.SelfAttention.q.weight
t5-large,paws,0.8450976014137268,57,transformer.encoder.block.9.layer.0.SelfAttention.k.weight
t5-large,paws,0.8361839056015015,58,transformer.encoder.block.9.layer.0.SelfAttention.v.weight
t5-large,paws,0.8635610938072205,59,transformer.encoder.block.9.layer.0.SelfAttention.o.weight
t5-large,paws,3.0508577823638916,60,transformer.encoder.block.9.layer.1.DenseReluDense.wi.weight
t5-large,paws,3.374880790710449,61,transformer.encoder.block.9.layer.1.DenseReluDense.wo.weight
t5-large,paws,0.858310878276825,62,transformer.encoder.block.10.layer.0.SelfAttention.q.weight
t5-large,paws,0.8578808307647705,63,transformer.encoder.block.10.layer.0.SelfAttention.k.weight
t5-large,paws,0.838353157043457,64,transformer.encoder.block.10.layer.0.SelfAttention.v.weight
t5-large,paws,0.8545868396759033,65,transformer.encoder.block.10.layer.0.SelfAttention.o.weight
t5-large,paws,3.192894697189331,66,transformer.encoder.block.10.layer.1.DenseReluDense.wi.weight
t5-large,paws,3.492401123046875,67,transformer.encoder.block.10.layer.1.DenseReluDense.wo.weight
t5-large,paws,0.9337718486785889,68,transformer.encoder.block.11.layer.0.SelfAttention.q.weight
t5-large,paws,0.9602413773536682,69,transformer.encoder.block.11.layer.0.SelfAttention.k.weight
t5-large,paws,0.8787964582443237,70,transformer.encoder.block.11.layer.0.SelfAttention.v.weight
t5-large,paws,0.9102169275283813,71,transformer.encoder.block.11.layer.0.SelfAttention.o.weight
t5-large,paws,3.2528281211853027,72,transformer.encoder.block.11.layer.1.DenseReluDense.wi.weight
t5-large,paws,3.509788990020752,73,transformer.encoder.block.11.layer.1.DenseReluDense.wo.weight
t5-large,paws,0.9771559834480286,74,transformer.encoder.block.12.layer.0.SelfAttention.q.weight
t5-large,paws,0.9860609173774719,75,transformer.encoder.block.12.layer.0.SelfAttention.k.weight
t5-large,paws,0.9463907480239868,76,transformer.encoder.block.12.layer.0.SelfAttention.v.weight
t5-large,paws,0.9431367516517639,77,transformer.encoder.block.12.layer.0.SelfAttention.o.weight
t5-large,paws,3.203643321990967,78,transformer.encoder.block.12.layer.1.DenseReluDense.wi.weight
t5-large,paws,3.4899580478668213,79,transformer.encoder.block.12.layer.1.DenseReluDense.wo.weight
t5-large,paws,0.9490330815315247,80,transformer.encoder.block.13.layer.0.SelfAttention.q.weight
t5-large,paws,0.9662143588066101,81,transformer.encoder.block.13.layer.0.SelfAttention.k.weight
t5-large,paws,0.9554583430290222,82,transformer.encoder.block.13.layer.0.SelfAttention.v.weight
t5-large,paws,0.9596940279006958,83,transformer.encoder.block.13.layer.0.SelfAttention.o.weight
t5-large,paws,3.2560858726501465,84,transformer.encoder.block.13.layer.1.DenseReluDense.wi.weight
t5-large,paws,3.4414451122283936,85,transformer.encoder.block.13.layer.1.DenseReluDense.wo.weight
t5-large,paws,0.9524828791618347,86,transformer.encoder.block.14.layer.0.SelfAttention.q.weight
t5-large,paws,0.9707462787628174,87,transformer.encoder.block.14.layer.0.SelfAttention.k.weight
t5-large,paws,0.9580907821655273,88,transformer.encoder.block.14.layer.0.SelfAttention.v.weight
t5-large,paws,0.9713534116744995,89,transformer.encoder.block.14.layer.0.SelfAttention.o.weight
t5-large,paws,3.3224055767059326,90,transformer.encoder.block.14.layer.1.DenseReluDense.wi.weight
t5-large,paws,3.484647512435913,91,transformer.encoder.block.14.layer.1.DenseReluDense.wo.weight
t5-large,paws,1.0898231267929077,92,transformer.encoder.block.15.layer.0.SelfAttention.q.weight
t5-large,paws,1.1039869785308838,93,transformer.encoder.block.15.layer.0.SelfAttention.k.weight
t5-large,paws,1.0383280515670776,94,transformer.encoder.block.15.layer.0.SelfAttention.v.weight
t5-large,paws,1.0433905124664307,95,transformer.encoder.block.15.layer.0.SelfAttention.o.weight
t5-large,paws,3.344470739364624,96,transformer.encoder.block.15.layer.1.DenseReluDense.wi.weight
t5-large,paws,3.5523436069488525,97,transformer.encoder.block.15.layer.1.DenseReluDense.wo.weight
t5-large,paws,1.1365857124328613,98,transformer.encoder.block.16.layer.0.SelfAttention.q.weight
t5-large,paws,1.1607261896133423,99,transformer.encoder.block.16.layer.0.SelfAttention.k.weight
t5-large,paws,1.0619150400161743,100,transformer.encoder.block.16.layer.0.SelfAttention.v.weight
t5-large,paws,1.0525413751602173,101,transformer.encoder.block.16.layer.0.SelfAttention.o.weight
t5-large,paws,3.4324352741241455,102,transformer.encoder.block.16.layer.1.DenseReluDense.wi.weight
t5-large,paws,3.6130237579345703,103,transformer.encoder.block.16.layer.1.DenseReluDense.wo.weight
t5-large,paws,1.1460211277008057,104,transformer.encoder.block.17.layer.0.SelfAttention.q.weight
t5-large,paws,1.1985535621643066,105,transformer.encoder.block.17.layer.0.SelfAttention.k.weight
t5-large,paws,1.090016484260559,106,transformer.encoder.block.17.layer.0.SelfAttention.v.weight
t5-large,paws,1.0910334587097168,107,transformer.encoder.block.17.layer.0.SelfAttention.o.weight
t5-large,paws,3.668983221054077,108,transformer.encoder.block.17.layer.1.DenseReluDense.wi.weight
t5-large,paws,3.8286471366882324,109,transformer.encoder.block.17.layer.1.DenseReluDense.wo.weight
t5-large,paws,1.2276113033294678,110,transformer.encoder.block.18.layer.0.SelfAttention.q.weight
t5-large,paws,1.305620789527893,111,transformer.encoder.block.18.layer.0.SelfAttention.k.weight
t5-large,paws,1.1960985660552979,112,transformer.encoder.block.18.layer.0.SelfAttention.v.weight
t5-large,paws,1.132148027420044,113,transformer.encoder.block.18.layer.0.SelfAttention.o.weight
t5-large,paws,3.7396240234375,114,transformer.encoder.block.18.layer.1.DenseReluDense.wi.weight
t5-large,paws,3.89998722076416,115,transformer.encoder.block.18.layer.1.DenseReluDense.wo.weight
t5-large,paws,1.391111135482788,116,transformer.encoder.block.19.layer.0.SelfAttention.q.weight
t5-large,paws,1.429940938949585,117,transformer.encoder.block.19.layer.0.SelfAttention.k.weight
t5-large,paws,1.215767502784729,118,transformer.encoder.block.19.layer.0.SelfAttention.v.weight
t5-large,paws,1.191182017326355,119,transformer.encoder.block.19.layer.0.SelfAttention.o.weight
t5-large,paws,3.8141305446624756,120,transformer.encoder.block.19.layer.1.DenseReluDense.wi.weight
t5-large,paws,3.9205777645111084,121,transformer.encoder.block.19.layer.1.DenseReluDense.wo.weight
t5-large,paws,1.383616328239441,122,transformer.encoder.block.20.layer.0.SelfAttention.q.weight
t5-large,paws,1.4972753524780273,123,transformer.encoder.block.20.layer.0.SelfAttention.k.weight
t5-large,paws,1.30357825756073,124,transformer.encoder.block.20.layer.0.SelfAttention.v.weight
t5-large,paws,1.2364343404769897,125,transformer.encoder.block.20.layer.0.SelfAttention.o.weight
t5-large,paws,3.946046829223633,126,transformer.encoder.block.20.layer.1.DenseReluDense.wi.weight
t5-large,paws,3.9593770503997803,127,transformer.encoder.block.20.layer.1.DenseReluDense.wo.weight
t5-large,paws,1.2972978353500366,128,transformer.encoder.block.21.layer.0.SelfAttention.q.weight
t5-large,paws,1.363974928855896,129,transformer.encoder.block.21.layer.0.SelfAttention.k.weight
t5-large,paws,1.235452651977539,130,transformer.encoder.block.21.layer.0.SelfAttention.v.weight
t5-large,paws,1.1848790645599365,131,transformer.encoder.block.21.layer.0.SelfAttention.o.weight
t5-large,paws,3.780604124069214,132,transformer.encoder.block.21.layer.1.DenseReluDense.wi.weight
t5-large,paws,3.850430965423584,133,transformer.encoder.block.21.layer.1.DenseReluDense.wo.weight
t5-large,paws,1.3022191524505615,134,transformer.encoder.block.22.layer.0.SelfAttention.q.weight
t5-large,paws,1.404280185699463,135,transformer.encoder.block.22.layer.0.SelfAttention.k.weight
t5-large,paws,1.1751689910888672,136,transformer.encoder.block.22.layer.0.SelfAttention.v.weight
t5-large,paws,1.1063774824142456,137,transformer.encoder.block.22.layer.0.SelfAttention.o.weight
t5-large,paws,3.6840901374816895,138,transformer.encoder.block.22.layer.1.DenseReluDense.wi.weight
t5-large,paws,3.708608627319336,139,transformer.encoder.block.22.layer.1.DenseReluDense.wo.weight
t5-large,paws,1.0927244424819946,140,transformer.encoder.block.23.layer.0.SelfAttention.q.weight
t5-large,paws,1.1975375413894653,141,transformer.encoder.block.23.layer.0.SelfAttention.k.weight
t5-large,paws,1.0797146558761597,142,transformer.encoder.block.23.layer.0.SelfAttention.v.weight
t5-large,paws,1.10899817943573,143,transformer.encoder.block.23.layer.0.SelfAttention.o.weight
t5-large,paws,2.965968608856201,144,transformer.encoder.block.23.layer.1.DenseReluDense.wi.weight
t5-large,paws,2.884930372238159,145,transformer.encoder.block.23.layer.1.DenseReluDense.wo.weight
t5-large,paws,0.5604223012924194,146,transformer.decoder.block.0.layer.0.SelfAttention.q.weight
t5-large,paws,0.5556131601333618,147,transformer.decoder.block.0.layer.0.SelfAttention.k.weight
t5-large,paws,0.6731133460998535,148,transformer.decoder.block.0.layer.0.SelfAttention.v.weight
t5-large,paws,0.6838005781173706,149,transformer.decoder.block.0.layer.0.SelfAttention.o.weight
t5-large,paws,0.0038194209337234497,150,transformer.decoder.block.0.layer.0.SelfAttention.relative_attention_bias.weight
t5-large,paws,0.6444657444953918,151,transformer.decoder.block.0.layer.1.EncDecAttention.q.weight
t5-large,paws,0.6520514488220215,152,transformer.decoder.block.0.layer.1.EncDecAttention.k.weight
t5-large,paws,0.7438585758209229,153,transformer.decoder.block.0.layer.1.EncDecAttention.v.weight
t5-large,paws,0.7856747508049011,154,transformer.decoder.block.0.layer.1.EncDecAttention.o.weight
t5-large,paws,1.2334620952606201,155,transformer.decoder.block.0.layer.2.DenseReluDense.wi.weight
t5-large,paws,1.1941940784454346,156,transformer.decoder.block.0.layer.2.DenseReluDense.wo.weight
t5-large,paws,0.5896779298782349,157,transformer.decoder.block.1.layer.0.SelfAttention.q.weight
t5-large,paws,0.5774370431900024,158,transformer.decoder.block.1.layer.0.SelfAttention.k.weight
t5-large,paws,0.8396214842796326,159,transformer.decoder.block.1.layer.0.SelfAttention.v.weight
t5-large,paws,0.8753248453140259,160,transformer.decoder.block.1.layer.0.SelfAttention.o.weight
t5-large,paws,0.813719630241394,161,transformer.decoder.block.1.layer.1.EncDecAttention.q.weight
t5-large,paws,0.815365731716156,162,transformer.decoder.block.1.layer.1.EncDecAttention.k.weight
t5-large,paws,0.9007300138473511,163,transformer.decoder.block.1.layer.1.EncDecAttention.v.weight
t5-large,paws,0.9157423973083496,164,transformer.decoder.block.1.layer.1.EncDecAttention.o.weight
t5-large,paws,1.5620784759521484,165,transformer.decoder.block.1.layer.2.DenseReluDense.wi.weight
t5-large,paws,1.488675832748413,166,transformer.decoder.block.1.layer.2.DenseReluDense.wo.weight
t5-large,paws,0.6336250305175781,167,transformer.decoder.block.2.layer.0.SelfAttention.q.weight
t5-large,paws,0.6325544118881226,168,transformer.decoder.block.2.layer.0.SelfAttention.k.weight
t5-large,paws,0.9450816512107849,169,transformer.decoder.block.2.layer.0.SelfAttention.v.weight
t5-large,paws,0.9552187919616699,170,transformer.decoder.block.2.layer.0.SelfAttention.o.weight
t5-large,paws,0.7989038825035095,171,transformer.decoder.block.2.layer.1.EncDecAttention.q.weight
t5-large,paws,0.8182470202445984,172,transformer.decoder.block.2.layer.1.EncDecAttention.k.weight
t5-large,paws,0.9356297254562378,173,transformer.decoder.block.2.layer.1.EncDecAttention.v.weight
t5-large,paws,0.9529635310173035,174,transformer.decoder.block.2.layer.1.EncDecAttention.o.weight
t5-large,paws,1.6470035314559937,175,transformer.decoder.block.2.layer.2.DenseReluDense.wi.weight
t5-large,paws,1.5772658586502075,176,transformer.decoder.block.2.layer.2.DenseReluDense.wo.weight
t5-large,paws,0.5993934869766235,177,transformer.decoder.block.3.layer.0.SelfAttention.q.weight
t5-large,paws,0.592342734336853,178,transformer.decoder.block.3.layer.0.SelfAttention.k.weight
t5-large,paws,1.0130043029785156,179,transformer.decoder.block.3.layer.0.SelfAttention.v.weight
t5-large,paws,1.0443791151046753,180,transformer.decoder.block.3.layer.0.SelfAttention.o.weight
t5-large,paws,0.8136580586433411,181,transformer.decoder.block.3.layer.1.EncDecAttention.q.weight
t5-large,paws,0.8951309323310852,182,transformer.decoder.block.3.layer.1.EncDecAttention.k.weight
t5-large,paws,1.0855587720870972,183,transformer.decoder.block.3.layer.1.EncDecAttention.v.weight
t5-large,paws,1.0581178665161133,184,transformer.decoder.block.3.layer.1.EncDecAttention.o.weight
t5-large,paws,1.4518957138061523,185,transformer.decoder.block.3.layer.2.DenseReluDense.wi.weight
t5-large,paws,1.3666293621063232,186,transformer.decoder.block.3.layer.2.DenseReluDense.wo.weight
t5-large,paws,0.6203250288963318,187,transformer.decoder.block.4.layer.0.SelfAttention.q.weight
t5-large,paws,0.6111325621604919,188,transformer.decoder.block.4.layer.0.SelfAttention.k.weight
t5-large,paws,1.022573471069336,189,transformer.decoder.block.4.layer.0.SelfAttention.v.weight
t5-large,paws,1.0696667432785034,190,transformer.decoder.block.4.layer.0.SelfAttention.o.weight
t5-large,paws,0.8677616119384766,191,transformer.decoder.block.4.layer.1.EncDecAttention.q.weight
t5-large,paws,0.9317758679389954,192,transformer.decoder.block.4.layer.1.EncDecAttention.k.weight
t5-large,paws,1.0797964334487915,193,transformer.decoder.block.4.layer.1.EncDecAttention.v.weight
t5-large,paws,1.047871470451355,194,transformer.decoder.block.4.layer.1.EncDecAttention.o.weight
t5-large,paws,1.4001784324645996,195,transformer.decoder.block.4.layer.2.DenseReluDense.wi.weight
t5-large,paws,1.3224858045578003,196,transformer.decoder.block.4.layer.2.DenseReluDense.wo.weight
t5-large,paws,0.6001152396202087,197,transformer.decoder.block.5.layer.0.SelfAttention.q.weight
t5-large,paws,0.5739758014678955,198,transformer.decoder.block.5.layer.0.SelfAttention.k.weight
t5-large,paws,1.0361096858978271,199,transformer.decoder.block.5.layer.0.SelfAttention.v.weight
t5-large,paws,1.0825053453445435,200,transformer.decoder.block.5.layer.0.SelfAttention.o.weight
t5-large,paws,0.8981184959411621,201,transformer.decoder.block.5.layer.1.EncDecAttention.q.weight
t5-large,paws,1.0561683177947998,202,transformer.decoder.block.5.layer.1.EncDecAttention.k.weight
t5-large,paws,1.189509391784668,203,transformer.decoder.block.5.layer.1.EncDecAttention.v.weight
t5-large,paws,1.0712640285491943,204,transformer.decoder.block.5.layer.1.EncDecAttention.o.weight
t5-large,paws,1.223705530166626,205,transformer.decoder.block.5.layer.2.DenseReluDense.wi.weight
t5-large,paws,1.1394789218902588,206,transformer.decoder.block.5.layer.2.DenseReluDense.wo.weight
t5-large,paws,0.6060968041419983,207,transformer.decoder.block.6.layer.0.SelfAttention.q.weight
t5-large,paws,0.5905506610870361,208,transformer.decoder.block.6.layer.0.SelfAttention.k.weight
t5-large,paws,1.019627332687378,209,transformer.decoder.block.6.layer.0.SelfAttention.v.weight
t5-large,paws,1.0670369863510132,210,transformer.decoder.block.6.layer.0.SelfAttention.o.weight
t5-large,paws,0.8485287427902222,211,transformer.decoder.block.6.layer.1.EncDecAttention.q.weight
t5-large,paws,1.0322659015655518,212,transformer.decoder.block.6.layer.1.EncDecAttention.k.weight
t5-large,paws,1.1793980598449707,213,transformer.decoder.block.6.layer.1.EncDecAttention.v.weight
t5-large,paws,1.0885056257247925,214,transformer.decoder.block.6.layer.1.EncDecAttention.o.weight
t5-large,paws,1.3367772102355957,215,transformer.decoder.block.6.layer.2.DenseReluDense.wi.weight
t5-large,paws,1.221863031387329,216,transformer.decoder.block.6.layer.2.DenseReluDense.wo.weight
t5-large,paws,0.6088912487030029,217,transformer.decoder.block.7.layer.0.SelfAttention.q.weight
t5-large,paws,0.604065477848053,218,transformer.decoder.block.7.layer.0.SelfAttention.k.weight
t5-large,paws,1.0927163362503052,219,transformer.decoder.block.7.layer.0.SelfAttention.v.weight
t5-large,paws,1.0860791206359863,220,transformer.decoder.block.7.layer.0.SelfAttention.o.weight
t5-large,paws,1.0423115491867065,221,transformer.decoder.block.7.layer.1.EncDecAttention.q.weight
t5-large,paws,1.2567834854125977,222,transformer.decoder.block.7.layer.1.EncDecAttention.k.weight
t5-large,paws,1.2816407680511475,223,transformer.decoder.block.7.layer.1.EncDecAttention.v.weight
t5-large,paws,1.1332756280899048,224,transformer.decoder.block.7.layer.1.EncDecAttention.o.weight
t5-large,paws,1.4406952857971191,225,transformer.decoder.block.7.layer.2.DenseReluDense.wi.weight
t5-large,paws,1.32861328125,226,transformer.decoder.block.7.layer.2.DenseReluDense.wo.weight
t5-large,paws,0.6351426839828491,227,transformer.decoder.block.8.layer.0.SelfAttention.q.weight
t5-large,paws,0.6235503554344177,228,transformer.decoder.block.8.layer.0.SelfAttention.k.weight
t5-large,paws,1.0794827938079834,229,transformer.decoder.block.8.layer.0.SelfAttention.v.weight
t5-large,paws,1.1170196533203125,230,transformer.decoder.block.8.layer.0.SelfAttention.o.weight
t5-large,paws,1.1005313396453857,231,transformer.decoder.block.8.layer.1.EncDecAttention.q.weight
t5-large,paws,1.317848563194275,232,transformer.decoder.block.8.layer.1.EncDecAttention.k.weight
t5-large,paws,1.3741437196731567,233,transformer.decoder.block.8.layer.1.EncDecAttention.v.weight
t5-large,paws,1.2037054300308228,234,transformer.decoder.block.8.layer.1.EncDecAttention.o.weight
t5-large,paws,1.404222011566162,235,transformer.decoder.block.8.layer.2.DenseReluDense.wi.weight
t5-large,paws,1.2383121252059937,236,transformer.decoder.block.8.layer.2.DenseReluDense.wo.weight
t5-large,paws,0.6162147521972656,237,transformer.decoder.block.9.layer.0.SelfAttention.q.weight
t5-large,paws,0.6027852296829224,238,transformer.decoder.block.9.layer.0.SelfAttention.k.weight
t5-large,paws,1.1312601566314697,239,transformer.decoder.block.9.layer.0.SelfAttention.v.weight
t5-large,paws,1.1247256994247437,240,transformer.decoder.block.9.layer.0.SelfAttention.o.weight
t5-large,paws,1.1079506874084473,241,transformer.decoder.block.9.layer.1.EncDecAttention.q.weight
t5-large,paws,1.3131657838821411,242,transformer.decoder.block.9.layer.1.EncDecAttention.k.weight
t5-large,paws,1.381399154663086,243,transformer.decoder.block.9.layer.1.EncDecAttention.v.weight
t5-large,paws,1.238983154296875,244,transformer.decoder.block.9.layer.1.EncDecAttention.o.weight
t5-large,paws,1.6300512552261353,245,transformer.decoder.block.9.layer.2.DenseReluDense.wi.weight
t5-large,paws,1.4585798978805542,246,transformer.decoder.block.9.layer.2.DenseReluDense.wo.weight
t5-large,paws,0.618368923664093,247,transformer.decoder.block.10.layer.0.SelfAttention.q.weight
t5-large,paws,0.6171952486038208,248,transformer.decoder.block.10.layer.0.SelfAttention.k.weight
t5-large,paws,1.1278079748153687,249,transformer.decoder.block.10.layer.0.SelfAttention.v.weight
t5-large,paws,1.141425609588623,250,transformer.decoder.block.10.layer.0.SelfAttention.o.weight
t5-large,paws,1.0558501482009888,251,transformer.decoder.block.10.layer.1.EncDecAttention.q.weight
t5-large,paws,1.2922768592834473,252,transformer.decoder.block.10.layer.1.EncDecAttention.k.weight
t5-large,paws,1.3979930877685547,253,transformer.decoder.block.10.layer.1.EncDecAttention.v.weight
t5-large,paws,1.204854130744934,254,transformer.decoder.block.10.layer.1.EncDecAttention.o.weight
t5-large,paws,1.6135461330413818,255,transformer.decoder.block.10.layer.2.DenseReluDense.wi.weight
t5-large,paws,1.559763789176941,256,transformer.decoder.block.10.layer.2.DenseReluDense.wo.weight
t5-large,paws,0.6271198391914368,257,transformer.decoder.block.11.layer.0.SelfAttention.q.weight
t5-large,paws,0.6231999397277832,258,transformer.decoder.block.11.layer.0.SelfAttention.k.weight
t5-large,paws,1.166277527809143,259,transformer.decoder.block.11.layer.0.SelfAttention.v.weight
t5-large,paws,1.1749290227890015,260,transformer.decoder.block.11.layer.0.SelfAttention.o.weight
t5-large,paws,1.057044267654419,261,transformer.decoder.block.11.layer.1.EncDecAttention.q.weight
t5-large,paws,1.2829922437667847,262,transformer.decoder.block.11.layer.1.EncDecAttention.k.weight
t5-large,paws,1.3099079132080078,263,transformer.decoder.block.11.layer.1.EncDecAttention.v.weight
t5-large,paws,1.1400880813598633,264,transformer.decoder.block.11.layer.1.EncDecAttention.o.weight
t5-large,paws,1.8398627042770386,265,transformer.decoder.block.11.layer.2.DenseReluDense.wi.weight
t5-large,paws,1.7805333137512207,266,transformer.decoder.block.11.layer.2.DenseReluDense.wo.weight
t5-large,paws,0.6307528018951416,267,transformer.decoder.block.12.layer.0.SelfAttention.q.weight
t5-large,paws,0.6227194666862488,268,transformer.decoder.block.12.layer.0.SelfAttention.k.weight
t5-large,paws,1.1186881065368652,269,transformer.decoder.block.12.layer.0.SelfAttention.v.weight
t5-large,paws,1.1440207958221436,270,transformer.decoder.block.12.layer.0.SelfAttention.o.weight
t5-large,paws,1.131869912147522,271,transformer.decoder.block.12.layer.1.EncDecAttention.q.weight
t5-large,paws,1.3219274282455444,272,transformer.decoder.block.12.layer.1.EncDecAttention.k.weight
t5-large,paws,1.4420642852783203,273,transformer.decoder.block.12.layer.1.EncDecAttention.v.weight
t5-large,paws,1.2574926614761353,274,transformer.decoder.block.12.layer.1.EncDecAttention.o.weight
t5-large,paws,1.9148246049880981,275,transformer.decoder.block.12.layer.2.DenseReluDense.wi.weight
t5-large,paws,1.8502062559127808,276,transformer.decoder.block.12.layer.2.DenseReluDense.wo.weight
t5-large,paws,0.6126458644866943,277,transformer.decoder.block.13.layer.0.SelfAttention.q.weight
t5-large,paws,0.6121829748153687,278,transformer.decoder.block.13.layer.0.SelfAttention.k.weight
t5-large,paws,1.1419568061828613,279,transformer.decoder.block.13.layer.0.SelfAttention.v.weight
t5-large,paws,1.1847009658813477,280,transformer.decoder.block.13.layer.0.SelfAttention.o.weight
t5-large,paws,1.1198149919509888,281,transformer.decoder.block.13.layer.1.EncDecAttention.q.weight
t5-large,paws,1.2889145612716675,282,transformer.decoder.block.13.layer.1.EncDecAttention.k.weight
t5-large,paws,1.4158660173416138,283,transformer.decoder.block.13.layer.1.EncDecAttention.v.weight
t5-large,paws,1.2411562204360962,284,transformer.decoder.block.13.layer.1.EncDecAttention.o.weight
t5-large,paws,2.039672374725342,285,transformer.decoder.block.13.layer.2.DenseReluDense.wi.weight
t5-large,paws,2.0877201557159424,286,transformer.decoder.block.13.layer.2.DenseReluDense.wo.weight
t5-large,paws,0.6231067776679993,287,transformer.decoder.block.14.layer.0.SelfAttention.q.weight
t5-large,paws,0.6185176372528076,288,transformer.decoder.block.14.layer.0.SelfAttention.k.weight
t5-large,paws,1.1566988229751587,289,transformer.decoder.block.14.layer.0.SelfAttention.v.weight
t5-large,paws,1.180785059928894,290,transformer.decoder.block.14.layer.0.SelfAttention.o.weight
t5-large,paws,1.2392503023147583,291,transformer.decoder.block.14.layer.1.EncDecAttention.q.weight
t5-large,paws,1.337295413017273,292,transformer.decoder.block.14.layer.1.EncDecAttention.k.weight
t5-large,paws,1.4878177642822266,293,transformer.decoder.block.14.layer.1.EncDecAttention.v.weight
t5-large,paws,1.2569022178649902,294,transformer.decoder.block.14.layer.1.EncDecAttention.o.weight
t5-large,paws,2.16066575050354,295,transformer.decoder.block.14.layer.2.DenseReluDense.wi.weight
t5-large,paws,2.148533821105957,296,transformer.decoder.block.14.layer.2.DenseReluDense.wo.weight
t5-large,paws,0.631683349609375,297,transformer.decoder.block.15.layer.0.SelfAttention.q.weight
t5-large,paws,0.6304190754890442,298,transformer.decoder.block.15.layer.0.SelfAttention.k.weight
t5-large,paws,1.1650980710983276,299,transformer.decoder.block.15.layer.0.SelfAttention.v.weight
t5-large,paws,1.1695659160614014,300,transformer.decoder.block.15.layer.0.SelfAttention.o.weight
t5-large,paws,1.2228901386260986,301,transformer.decoder.block.15.layer.1.EncDecAttention.q.weight
t5-large,paws,1.3369016647338867,302,transformer.decoder.block.15.layer.1.EncDecAttention.k.weight
t5-large,paws,1.4188705682754517,303,transformer.decoder.block.15.layer.1.EncDecAttention.v.weight
t5-large,paws,1.3144829273223877,304,transformer.decoder.block.15.layer.1.EncDecAttention.o.weight
t5-large,paws,2.189520835876465,305,transformer.decoder.block.15.layer.2.DenseReluDense.wi.weight
t5-large,paws,2.31442928314209,306,transformer.decoder.block.15.layer.2.DenseReluDense.wo.weight
t5-large,paws,0.6935919523239136,307,transformer.decoder.block.16.layer.0.SelfAttention.q.weight
t5-large,paws,0.6150805950164795,308,transformer.decoder.block.16.layer.0.SelfAttention.k.weight
t5-large,paws,1.2108662128448486,309,transformer.decoder.block.16.layer.0.SelfAttention.v.weight
t5-large,paws,1.2330788373947144,310,transformer.decoder.block.16.layer.0.SelfAttention.o.weight
t5-large,paws,1.2692054510116577,311,transformer.decoder.block.16.layer.1.EncDecAttention.q.weight
t5-large,paws,1.347914218902588,312,transformer.decoder.block.16.layer.1.EncDecAttention.k.weight
t5-large,paws,1.565087914466858,313,transformer.decoder.block.16.layer.1.EncDecAttention.v.weight
t5-large,paws,1.359915018081665,314,transformer.decoder.block.16.layer.1.EncDecAttention.o.weight
t5-large,paws,2.374708890914917,315,transformer.decoder.block.16.layer.2.DenseReluDense.wi.weight
t5-large,paws,2.4485340118408203,316,transformer.decoder.block.16.layer.2.DenseReluDense.wo.weight
t5-large,paws,0.6300667524337769,317,transformer.decoder.block.17.layer.0.SelfAttention.q.weight
t5-large,paws,0.6249489784240723,318,transformer.decoder.block.17.layer.0.SelfAttention.k.weight
t5-large,paws,1.2378565073013306,319,transformer.decoder.block.17.layer.0.SelfAttention.v.weight
t5-large,paws,1.2731345891952515,320,transformer.decoder.block.17.layer.0.SelfAttention.o.weight
t5-large,paws,1.1251839399337769,321,transformer.decoder.block.17.layer.1.EncDecAttention.q.weight
t5-large,paws,1.1072403192520142,322,transformer.decoder.block.17.layer.1.EncDecAttention.k.weight
t5-large,paws,1.2450357675552368,323,transformer.decoder.block.17.layer.1.EncDecAttention.v.weight
t5-large,paws,1.1366618871688843,324,transformer.decoder.block.17.layer.1.EncDecAttention.o.weight
t5-large,paws,2.171679973602295,325,transformer.decoder.block.17.layer.2.DenseReluDense.wi.weight
t5-large,paws,2.2168633937835693,326,transformer.decoder.block.17.layer.2.DenseReluDense.wo.weight
t5-large,paws,0.613369345664978,327,transformer.decoder.block.18.layer.0.SelfAttention.q.weight
t5-large,paws,0.6121960878372192,328,transformer.decoder.block.18.layer.0.SelfAttention.k.weight
t5-large,paws,1.183342456817627,329,transformer.decoder.block.18.layer.0.SelfAttention.v.weight
t5-large,paws,1.2650355100631714,330,transformer.decoder.block.18.layer.0.SelfAttention.o.weight
t5-large,paws,1.2316101789474487,331,transformer.decoder.block.18.layer.1.EncDecAttention.q.weight
t5-large,paws,1.2624032497406006,332,transformer.decoder.block.18.layer.1.EncDecAttention.k.weight
t5-large,paws,1.33442223072052,333,transformer.decoder.block.18.layer.1.EncDecAttention.v.weight
t5-large,paws,1.2542741298675537,334,transformer.decoder.block.18.layer.1.EncDecAttention.o.weight
t5-large,paws,2.2712578773498535,335,transformer.decoder.block.18.layer.2.DenseReluDense.wi.weight
t5-large,paws,2.355771780014038,336,transformer.decoder.block.18.layer.2.DenseReluDense.wo.weight
t5-large,paws,0.626649022102356,337,transformer.decoder.block.19.layer.0.SelfAttention.q.weight
t5-large,paws,0.6202327609062195,338,transformer.decoder.block.19.layer.0.SelfAttention.k.weight
t5-large,paws,1.2409862279891968,339,transformer.decoder.block.19.layer.0.SelfAttention.v.weight
t5-large,paws,1.2820230722427368,340,transformer.decoder.block.19.layer.0.SelfAttention.o.weight
t5-large,paws,1.232700228691101,341,transformer.decoder.block.19.layer.1.EncDecAttention.q.weight
t5-large,paws,1.1549718379974365,342,transformer.decoder.block.19.layer.1.EncDecAttention.k.weight
t5-large,paws,1.2715401649475098,343,transformer.decoder.block.19.layer.1.EncDecAttention.v.weight
t5-large,paws,1.197313666343689,344,transformer.decoder.block.19.layer.1.EncDecAttention.o.weight
t5-large,paws,2.2631642818450928,345,transformer.decoder.block.19.layer.2.DenseReluDense.wi.weight
t5-large,paws,2.2930402755737305,346,transformer.decoder.block.19.layer.2.DenseReluDense.wo.weight
t5-large,paws,0.6257918477058411,347,transformer.decoder.block.20.layer.0.SelfAttention.q.weight
t5-large,paws,0.6172820925712585,348,transformer.decoder.block.20.layer.0.SelfAttention.k.weight
t5-large,paws,1.3106356859207153,349,transformer.decoder.block.20.layer.0.SelfAttention.v.weight
t5-large,paws,1.3586866855621338,350,transformer.decoder.block.20.layer.0.SelfAttention.o.weight
t5-large,paws,1.1717673540115356,351,transformer.decoder.block.20.layer.1.EncDecAttention.q.weight
t5-large,paws,1.1127009391784668,352,transformer.decoder.block.20.layer.1.EncDecAttention.k.weight
t5-large,paws,1.2264420986175537,353,transformer.decoder.block.20.layer.1.EncDecAttention.v.weight
t5-large,paws,1.2429004907608032,354,transformer.decoder.block.20.layer.1.EncDecAttention.o.weight
t5-large,paws,1.9512265920639038,355,transformer.decoder.block.20.layer.2.DenseReluDense.wi.weight
t5-large,paws,2.0163190364837646,356,transformer.decoder.block.20.layer.2.DenseReluDense.wo.weight
t5-large,paws,0.6356633305549622,357,transformer.decoder.block.21.layer.0.SelfAttention.q.weight
t5-large,paws,0.6222602725028992,358,transformer.decoder.block.21.layer.0.SelfAttention.k.weight
t5-large,paws,1.3213838338851929,359,transformer.decoder.block.21.layer.0.SelfAttention.v.weight
t5-large,paws,1.3597643375396729,360,transformer.decoder.block.21.layer.0.SelfAttention.o.weight
t5-large,paws,1.2387690544128418,361,transformer.decoder.block.21.layer.1.EncDecAttention.q.weight
t5-large,paws,1.205062747001648,362,transformer.decoder.block.21.layer.1.EncDecAttention.k.weight
t5-large,paws,1.326212763786316,363,transformer.decoder.block.21.layer.1.EncDecAttention.v.weight
t5-large,paws,1.3072946071624756,364,transformer.decoder.block.21.layer.1.EncDecAttention.o.weight
t5-large,paws,1.9469255208969116,365,transformer.decoder.block.21.layer.2.DenseReluDense.wi.weight
t5-large,paws,1.9277516603469849,366,transformer.decoder.block.21.layer.2.DenseReluDense.wo.weight
t5-large,paws,0.6262758374214172,367,transformer.decoder.block.22.layer.0.SelfAttention.q.weight
t5-large,paws,0.6238932013511658,368,transformer.decoder.block.22.layer.0.SelfAttention.k.weight
t5-large,paws,1.3344296216964722,369,transformer.decoder.block.22.layer.0.SelfAttention.v.weight
t5-large,paws,1.335506558418274,370,transformer.decoder.block.22.layer.0.SelfAttention.o.weight
t5-large,paws,1.1666083335876465,371,transformer.decoder.block.22.layer.1.EncDecAttention.q.weight
t5-large,paws,1.1343533992767334,372,transformer.decoder.block.22.layer.1.EncDecAttention.k.weight
t5-large,paws,1.3498753309249878,373,transformer.decoder.block.22.layer.1.EncDecAttention.v.weight
t5-large,paws,1.324480652809143,374,transformer.decoder.block.22.layer.1.EncDecAttention.o.weight
t5-large,paws,1.7360243797302246,375,transformer.decoder.block.22.layer.2.DenseReluDense.wi.weight
t5-large,paws,1.841217279434204,376,transformer.decoder.block.22.layer.2.DenseReluDense.wo.weight
t5-large,paws,0.6219707131385803,377,transformer.decoder.block.23.layer.0.SelfAttention.q.weight
t5-large,paws,0.616921067237854,378,transformer.decoder.block.23.layer.0.SelfAttention.k.weight
t5-large,paws,1.378282070159912,379,transformer.decoder.block.23.layer.0.SelfAttention.v.weight
t5-large,paws,1.3845382928848267,380,transformer.decoder.block.23.layer.0.SelfAttention.o.weight
t5-large,paws,1.1646782159805298,381,transformer.decoder.block.23.layer.1.EncDecAttention.q.weight
t5-large,paws,1.0585858821868896,382,transformer.decoder.block.23.layer.1.EncDecAttention.k.weight
t5-large,paws,1.286285638809204,383,transformer.decoder.block.23.layer.1.EncDecAttention.v.weight
t5-large,paws,1.2825534343719482,384,transformer.decoder.block.23.layer.1.EncDecAttention.o.weight
t5-large,paws,1.4529799222946167,385,transformer.decoder.block.23.layer.2.DenseReluDense.wi.weight
t5-large,paws,1.5483777523040771,386,transformer.decoder.block.23.layer.2.DenseReluDense.wo.weight
t5-large,story_cloze,3.5108482837677,0,transformer.shared.weight
t5-large,story_cloze,0.608795166015625,1,transformer.encoder.block.0.layer.0.SelfAttention.q.weight
t5-large,story_cloze,0.6242284178733826,2,transformer.encoder.block.0.layer.0.SelfAttention.k.weight
t5-large,story_cloze,0.6332623958587646,3,transformer.encoder.block.0.layer.0.SelfAttention.v.weight
t5-large,story_cloze,0.6310046315193176,4,transformer.encoder.block.0.layer.0.SelfAttention.o.weight
t5-large,story_cloze,0.011736495420336723,5,transformer.encoder.block.0.layer.0.SelfAttention.relative_attention_bias.weight
t5-large,story_cloze,1.2080343961715698,6,transformer.encoder.block.0.layer.1.DenseReluDense.wi.weight
t5-large,story_cloze,1.2126346826553345,7,transformer.encoder.block.0.layer.1.DenseReluDense.wo.weight
t5-large,story_cloze,0.6278737783432007,8,transformer.encoder.block.1.layer.0.SelfAttention.q.weight
t5-large,story_cloze,0.6321308016777039,9,transformer.encoder.block.1.layer.0.SelfAttention.k.weight
t5-large,story_cloze,0.623596727848053,10,transformer.encoder.block.1.layer.0.SelfAttention.v.weight
t5-large,story_cloze,0.6308700442314148,11,transformer.encoder.block.1.layer.0.SelfAttention.o.weight
t5-large,story_cloze,1.1875108480453491,12,transformer.encoder.block.1.layer.1.DenseReluDense.wi.weight
t5-large,story_cloze,1.1871522665023804,13,transformer.encoder.block.1.layer.1.DenseReluDense.wo.weight
t5-large,story_cloze,0.6131001114845276,14,transformer.encoder.block.2.layer.0.SelfAttention.q.weight
t5-large,story_cloze,0.6097550392150879,15,transformer.encoder.block.2.layer.0.SelfAttention.k.weight
t5-large,story_cloze,0.6304225921630859,16,transformer.encoder.block.2.layer.0.SelfAttention.v.weight
t5-large,story_cloze,0.6331567168235779,17,transformer.encoder.block.2.layer.0.SelfAttention.o.weight
t5-large,story_cloze,1.1582565307617188,18,transformer.encoder.block.2.layer.1.DenseReluDense.wi.weight
t5-large,story_cloze,1.165283441543579,19,transformer.encoder.block.2.layer.1.DenseReluDense.wo.weight
t5-large,story_cloze,0.6124382019042969,20,transformer.encoder.block.3.layer.0.SelfAttention.q.weight
t5-large,story_cloze,0.6141225695610046,21,transformer.encoder.block.3.layer.0.SelfAttention.k.weight
t5-large,story_cloze,0.6365158557891846,22,transformer.encoder.block.3.layer.0.SelfAttention.v.weight
t5-large,story_cloze,0.6377912759780884,23,transformer.encoder.block.3.layer.0.SelfAttention.o.weight
t5-large,story_cloze,1.109647512435913,24,transformer.encoder.block.3.layer.1.DenseReluDense.wi.weight
t5-large,story_cloze,1.121921420097351,25,transformer.encoder.block.3.layer.1.DenseReluDense.wo.weight
t5-large,story_cloze,0.6167924404144287,26,transformer.encoder.block.4.layer.0.SelfAttention.q.weight
t5-large,story_cloze,0.622838020324707,27,transformer.encoder.block.4.layer.0.SelfAttention.k.weight
t5-large,story_cloze,0.6439913511276245,28,transformer.encoder.block.4.layer.0.SelfAttention.v.weight
t5-large,story_cloze,0.6409664154052734,29,transformer.encoder.block.4.layer.0.SelfAttention.o.weight
t5-large,story_cloze,1.0589712858200073,30,transformer.encoder.block.4.layer.1.DenseReluDense.wi.weight
t5-large,story_cloze,1.0701186656951904,31,transformer.encoder.block.4.layer.1.DenseReluDense.wo.weight
t5-large,story_cloze,0.6190982460975647,32,transformer.encoder.block.5.layer.0.SelfAttention.q.weight
t5-large,story_cloze,0.6101468801498413,33,transformer.encoder.block.5.layer.0.SelfAttention.k.weight
t5-large,story_cloze,0.6386798024177551,34,transformer.encoder.block.5.layer.0.SelfAttention.v.weight
t5-large,story_cloze,0.6373059749603271,35,transformer.encoder.block.5.layer.0.SelfAttention.o.weight
t5-large,story_cloze,1.0228750705718994,36,transformer.encoder.block.5.layer.1.DenseReluDense.wi.weight
t5-large,story_cloze,1.0259451866149902,37,transformer.encoder.block.5.layer.1.DenseReluDense.wo.weight
t5-large,story_cloze,0.6266043186187744,38,transformer.encoder.block.6.layer.0.SelfAttention.q.weight
t5-large,story_cloze,0.6272894144058228,39,transformer.encoder.block.6.layer.0.SelfAttention.k.weight
t5-large,story_cloze,0.6490070819854736,40,transformer.encoder.block.6.layer.0.SelfAttention.v.weight
t5-large,story_cloze,0.6428701877593994,41,transformer.encoder.block.6.layer.0.SelfAttention.o.weight
t5-large,story_cloze,0.9992693066596985,42,transformer.encoder.block.6.layer.1.DenseReluDense.wi.weight
t5-large,story_cloze,1.0054658651351929,43,transformer.encoder.block.6.layer.1.DenseReluDense.wo.weight
t5-large,story_cloze,0.619827151298523,44,transformer.encoder.block.7.layer.0.SelfAttention.q.weight
t5-large,story_cloze,0.6197471618652344,45,transformer.encoder.block.7.layer.0.SelfAttention.k.weight
t5-large,story_cloze,0.6464577317237854,46,transformer.encoder.block.7.layer.0.SelfAttention.v.weight
t5-large,story_cloze,0.6426144242286682,47,transformer.encoder.block.7.layer.0.SelfAttention.o.weight
t5-large,story_cloze,1.0673290491104126,48,transformer.encoder.block.7.layer.1.DenseReluDense.wi.weight
t5-large,story_cloze,1.090192437171936,49,transformer.encoder.block.7.layer.1.DenseReluDense.wo.weight
t5-large,story_cloze,0.6253165006637573,50,transformer.encoder.block.8.layer.0.SelfAttention.q.weight
t5-large,story_cloze,0.625832200050354,51,transformer.encoder.block.8.layer.0.SelfAttention.k.weight
t5-large,story_cloze,0.6367917656898499,52,transformer.encoder.block.8.layer.0.SelfAttention.v.weight
t5-large,story_cloze,0.6461302638053894,53,transformer.encoder.block.8.layer.0.SelfAttention.o.weight
t5-large,story_cloze,0.9963120818138123,54,transformer.encoder.block.8.layer.1.DenseReluDense.wi.weight
t5-large,story_cloze,1.0086420774459839,55,transformer.encoder.block.8.layer.1.DenseReluDense.wo.weight
t5-large,story_cloze,0.6194391846656799,56,transformer.encoder.block.9.layer.0.SelfAttention.q.weight
t5-large,story_cloze,0.6140919327735901,57,transformer.encoder.block.9.layer.0.SelfAttention.k.weight
t5-large,story_cloze,0.6253492832183838,58,transformer.encoder.block.9.layer.0.SelfAttention.v.weight
t5-large,story_cloze,0.6427040696144104,59,transformer.encoder.block.9.layer.0.SelfAttention.o.weight
t5-large,story_cloze,1.0593441724777222,60,transformer.encoder.block.9.layer.1.DenseReluDense.wi.weight
t5-large,story_cloze,1.0577178001403809,61,transformer.encoder.block.9.layer.1.DenseReluDense.wo.weight
t5-large,story_cloze,0.6270116567611694,62,transformer.encoder.block.10.layer.0.SelfAttention.q.weight
t5-large,story_cloze,0.6275212168693542,63,transformer.encoder.block.10.layer.0.SelfAttention.k.weight
t5-large,story_cloze,0.6279574036598206,64,transformer.encoder.block.10.layer.0.SelfAttention.v.weight
t5-large,story_cloze,0.6389294266700745,65,transformer.encoder.block.10.layer.0.SelfAttention.o.weight
t5-large,story_cloze,1.0986921787261963,66,transformer.encoder.block.10.layer.1.DenseReluDense.wi.weight
t5-large,story_cloze,1.1064614057540894,67,transformer.encoder.block.10.layer.1.DenseReluDense.wo.weight
t5-large,story_cloze,0.6340041756629944,68,transformer.encoder.block.11.layer.0.SelfAttention.q.weight
t5-large,story_cloze,0.6394869685173035,69,transformer.encoder.block.11.layer.0.SelfAttention.k.weight
t5-large,story_cloze,0.6346056461334229,70,transformer.encoder.block.11.layer.0.SelfAttention.v.weight
t5-large,story_cloze,0.6495656967163086,71,transformer.encoder.block.11.layer.0.SelfAttention.o.weight
t5-large,story_cloze,1.0634654760360718,72,transformer.encoder.block.11.layer.1.DenseReluDense.wi.weight
t5-large,story_cloze,1.077143907546997,73,transformer.encoder.block.11.layer.1.DenseReluDense.wo.weight
t5-large,story_cloze,0.6221894025802612,74,transformer.encoder.block.12.layer.0.SelfAttention.q.weight
t5-large,story_cloze,0.6206534504890442,75,transformer.encoder.block.12.layer.0.SelfAttention.k.weight
t5-large,story_cloze,0.6254106163978577,76,transformer.encoder.block.12.layer.0.SelfAttention.v.weight
t5-large,story_cloze,0.6378933191299438,77,transformer.encoder.block.12.layer.0.SelfAttention.o.weight
t5-large,story_cloze,1.140831470489502,78,transformer.encoder.block.12.layer.1.DenseReluDense.wi.weight
t5-large,story_cloze,1.175576090812683,79,transformer.encoder.block.12.layer.1.DenseReluDense.wo.weight
t5-large,story_cloze,0.6176130175590515,80,transformer.encoder.block.13.layer.0.SelfAttention.q.weight
t5-large,story_cloze,0.6106230616569519,81,transformer.encoder.block.13.layer.0.SelfAttention.k.weight
t5-large,story_cloze,0.6406695246696472,82,transformer.encoder.block.13.layer.0.SelfAttention.v.weight
t5-large,story_cloze,0.6628633141517639,83,transformer.encoder.block.13.layer.0.SelfAttention.o.weight
t5-large,story_cloze,1.2053639888763428,84,transformer.encoder.block.13.layer.1.DenseReluDense.wi.weight
t5-large,story_cloze,1.2379608154296875,85,transformer.encoder.block.13.layer.1.DenseReluDense.wo.weight
t5-large,story_cloze,0.6186683177947998,86,transformer.encoder.block.14.layer.0.SelfAttention.q.weight
t5-large,story_cloze,0.6221051216125488,87,transformer.encoder.block.14.layer.0.SelfAttention.k.weight
t5-large,story_cloze,0.6480140089988708,88,transformer.encoder.block.14.layer.0.SelfAttention.v.weight
t5-large,story_cloze,0.6679601073265076,89,transformer.encoder.block.14.layer.0.SelfAttention.o.weight
t5-large,story_cloze,1.3030931949615479,90,transformer.encoder.block.14.layer.1.DenseReluDense.wi.weight
t5-large,story_cloze,1.3569828271865845,91,transformer.encoder.block.14.layer.1.DenseReluDense.wo.weight
t5-large,story_cloze,0.6464033722877502,92,transformer.encoder.block.15.layer.0.SelfAttention.q.weight
t5-large,story_cloze,0.6421464681625366,93,transformer.encoder.block.15.layer.0.SelfAttention.k.weight
t5-large,story_cloze,0.6637749075889587,94,transformer.encoder.block.15.layer.0.SelfAttention.v.weight
t5-large,story_cloze,0.6887673139572144,95,transformer.encoder.block.15.layer.0.SelfAttention.o.weight
t5-large,story_cloze,1.382543683052063,96,transformer.encoder.block.15.layer.1.DenseReluDense.wi.weight
t5-large,story_cloze,1.5169658660888672,97,transformer.encoder.block.15.layer.1.DenseReluDense.wo.weight
t5-large,story_cloze,0.644764244556427,98,transformer.encoder.block.16.layer.0.SelfAttention.q.weight
t5-large,story_cloze,0.653680145740509,99,transformer.encoder.block.16.layer.0.SelfAttention.k.weight
t5-large,story_cloze,0.6796286702156067,100,transformer.encoder.block.16.layer.0.SelfAttention.v.weight
t5-large,story_cloze,0.7313302159309387,101,transformer.encoder.block.16.layer.0.SelfAttention.o.weight
t5-large,story_cloze,1.351256012916565,102,transformer.encoder.block.16.layer.1.DenseReluDense.wi.weight
t5-large,story_cloze,1.4347882270812988,103,transformer.encoder.block.16.layer.1.DenseReluDense.wo.weight
t5-large,story_cloze,0.6613956093788147,104,transformer.encoder.block.17.layer.0.SelfAttention.q.weight
t5-large,story_cloze,0.661339282989502,105,transformer.encoder.block.17.layer.0.SelfAttention.k.weight
t5-large,story_cloze,0.7172558307647705,106,transformer.encoder.block.17.layer.0.SelfAttention.v.weight
t5-large,story_cloze,0.7532405257225037,107,transformer.encoder.block.17.layer.0.SelfAttention.o.weight
t5-large,story_cloze,1.4176169633865356,108,transformer.encoder.block.17.layer.1.DenseReluDense.wi.weight
t5-large,story_cloze,1.523311972618103,109,transformer.encoder.block.17.layer.1.DenseReluDense.wo.weight
t5-large,story_cloze,0.66490638256073,110,transformer.encoder.block.18.layer.0.SelfAttention.q.weight
t5-large,story_cloze,0.6551797389984131,111,transformer.encoder.block.18.layer.0.SelfAttention.k.weight
t5-large,story_cloze,0.7313168048858643,112,transformer.encoder.block.18.layer.0.SelfAttention.v.weight
t5-large,story_cloze,0.7951198816299438,113,transformer.encoder.block.18.layer.0.SelfAttention.o.weight
t5-large,story_cloze,1.4723173379898071,114,transformer.encoder.block.18.layer.1.DenseReluDense.wi.weight
t5-large,story_cloze,1.569813847541809,115,transformer.encoder.block.18.layer.1.DenseReluDense.wo.weight
t5-large,story_cloze,0.7026665210723877,116,transformer.encoder.block.19.layer.0.SelfAttention.q.weight
t5-large,story_cloze,0.6975625157356262,117,transformer.encoder.block.19.layer.0.SelfAttention.k.weight
t5-large,story_cloze,0.805203914642334,118,transformer.encoder.block.19.layer.0.SelfAttention.v.weight
t5-large,story_cloze,0.8890326619148254,119,transformer.encoder.block.19.layer.0.SelfAttention.o.weight
t5-large,story_cloze,1.5572630167007446,120,transformer.encoder.block.19.layer.1.DenseReluDense.wi.weight
t5-large,story_cloze,1.6693925857543945,121,transformer.encoder.block.19.layer.1.DenseReluDense.wo.weight
t5-large,story_cloze,0.74407958984375,122,transformer.encoder.block.20.layer.0.SelfAttention.q.weight
t5-large,story_cloze,0.7452791929244995,123,transformer.encoder.block.20.layer.0.SelfAttention.k.weight
t5-large,story_cloze,0.8882604241371155,124,transformer.encoder.block.20.layer.0.SelfAttention.v.weight
t5-large,story_cloze,0.9913983345031738,125,transformer.encoder.block.20.layer.0.SelfAttention.o.weight
t5-large,story_cloze,1.7376874685287476,126,transformer.encoder.block.20.layer.1.DenseReluDense.wi.weight
t5-large,story_cloze,1.8178746700286865,127,transformer.encoder.block.20.layer.1.DenseReluDense.wo.weight
t5-large,story_cloze,0.920803427696228,128,transformer.encoder.block.21.layer.0.SelfAttention.q.weight
t5-large,story_cloze,0.9276561737060547,129,transformer.encoder.block.21.layer.0.SelfAttention.k.weight
t5-large,story_cloze,0.9931983351707458,130,transformer.encoder.block.21.layer.0.SelfAttention.v.weight
t5-large,story_cloze,1.1132946014404297,131,transformer.encoder.block.21.layer.0.SelfAttention.o.weight
t5-large,story_cloze,1.9364525079727173,132,transformer.encoder.block.21.layer.1.DenseReluDense.wi.weight
t5-large,story_cloze,2.1027684211730957,133,transformer.encoder.block.21.layer.1.DenseReluDense.wo.weight
t5-large,story_cloze,1.1104207038879395,134,transformer.encoder.block.22.layer.0.SelfAttention.q.weight
t5-large,story_cloze,1.1065090894699097,135,transformer.encoder.block.22.layer.0.SelfAttention.k.weight
t5-large,story_cloze,1.157540202140808,136,transformer.encoder.block.22.layer.0.SelfAttention.v.weight
t5-large,story_cloze,1.1962109804153442,137,transformer.encoder.block.22.layer.0.SelfAttention.o.weight
t5-large,story_cloze,1.9919524192810059,138,transformer.encoder.block.22.layer.1.DenseReluDense.wi.weight
t5-large,story_cloze,2.1308300495147705,139,transformer.encoder.block.22.layer.1.DenseReluDense.wo.weight
t5-large,story_cloze,1.081536889076233,140,transformer.encoder.block.23.layer.0.SelfAttention.q.weight
t5-large,story_cloze,1.0863614082336426,141,transformer.encoder.block.23.layer.0.SelfAttention.k.weight
t5-large,story_cloze,1.1682599782943726,142,transformer.encoder.block.23.layer.0.SelfAttention.v.weight
t5-large,story_cloze,1.1979187726974487,143,transformer.encoder.block.23.layer.0.SelfAttention.o.weight
t5-large,story_cloze,2.196707010269165,144,transformer.encoder.block.23.layer.1.DenseReluDense.wi.weight
t5-large,story_cloze,2.3129420280456543,145,transformer.encoder.block.23.layer.1.DenseReluDense.wo.weight
t5-large,story_cloze,0.0,146,transformer.decoder.block.0.layer.0.SelfAttention.q.weight
t5-large,story_cloze,0.0,147,transformer.decoder.block.0.layer.0.SelfAttention.k.weight
t5-large,story_cloze,0.9801072478294373,148,transformer.decoder.block.0.layer.0.SelfAttention.v.weight
t5-large,story_cloze,1.0218461751937866,149,transformer.decoder.block.0.layer.0.SelfAttention.o.weight
t5-large,story_cloze,0.0,150,transformer.decoder.block.0.layer.0.SelfAttention.relative_attention_bias.weight
t5-large,story_cloze,1.009261131286621,151,transformer.decoder.block.0.layer.1.EncDecAttention.q.weight
t5-large,story_cloze,1.0995200872421265,152,transformer.decoder.block.0.layer.1.EncDecAttention.k.weight
t5-large,story_cloze,1.0979652404785156,153,transformer.decoder.block.0.layer.1.EncDecAttention.v.weight
t5-large,story_cloze,1.071480631828308,154,transformer.decoder.block.0.layer.1.EncDecAttention.o.weight
t5-large,story_cloze,1.1891064643859863,155,transformer.decoder.block.0.layer.2.DenseReluDense.wi.weight
t5-large,story_cloze,1.165596842765808,156,transformer.decoder.block.0.layer.2.DenseReluDense.wo.weight
t5-large,story_cloze,0.0,157,transformer.decoder.block.1.layer.0.SelfAttention.q.weight
t5-large,story_cloze,0.0,158,transformer.decoder.block.1.layer.0.SelfAttention.k.weight
t5-large,story_cloze,1.337627649307251,159,transformer.decoder.block.1.layer.0.SelfAttention.v.weight
t5-large,story_cloze,1.2340856790542603,160,transformer.decoder.block.1.layer.0.SelfAttention.o.weight
t5-large,story_cloze,1.2547075748443604,161,transformer.decoder.block.1.layer.1.EncDecAttention.q.weight
t5-large,story_cloze,1.188340187072754,162,transformer.decoder.block.1.layer.1.EncDecAttention.k.weight
t5-large,story_cloze,1.1411854028701782,163,transformer.decoder.block.1.layer.1.EncDecAttention.v.weight
t5-large,story_cloze,1.1500874757766724,164,transformer.decoder.block.1.layer.1.EncDecAttention.o.weight
t5-large,story_cloze,1.2328178882598877,165,transformer.decoder.block.1.layer.2.DenseReluDense.wi.weight
t5-large,story_cloze,1.2105047702789307,166,transformer.decoder.block.1.layer.2.DenseReluDense.wo.weight
t5-large,story_cloze,0.0,167,transformer.decoder.block.2.layer.0.SelfAttention.q.weight
t5-large,story_cloze,0.0,168,transformer.decoder.block.2.layer.0.SelfAttention.k.weight
t5-large,story_cloze,1.338398814201355,169,transformer.decoder.block.2.layer.0.SelfAttention.v.weight
t5-large,story_cloze,1.2614092826843262,170,transformer.decoder.block.2.layer.0.SelfAttention.o.weight
t5-large,story_cloze,1.357681155204773,171,transformer.decoder.block.2.layer.1.EncDecAttention.q.weight
t5-large,story_cloze,1.3313591480255127,172,transformer.decoder.block.2.layer.1.EncDecAttention.k.weight
t5-large,story_cloze,1.2088193893432617,173,transformer.decoder.block.2.layer.1.EncDecAttention.v.weight
t5-large,story_cloze,1.1763046979904175,174,transformer.decoder.block.2.layer.1.EncDecAttention.o.weight
t5-large,story_cloze,1.1391537189483643,175,transformer.decoder.block.2.layer.2.DenseReluDense.wi.weight
t5-large,story_cloze,1.1413774490356445,176,transformer.decoder.block.2.layer.2.DenseReluDense.wo.weight
t5-large,story_cloze,0.0,177,transformer.decoder.block.3.layer.0.SelfAttention.q.weight
t5-large,story_cloze,0.0,178,transformer.decoder.block.3.layer.0.SelfAttention.k.weight
t5-large,story_cloze,1.4315378665924072,179,transformer.decoder.block.3.layer.0.SelfAttention.v.weight
t5-large,story_cloze,1.3307740688323975,180,transformer.decoder.block.3.layer.0.SelfAttention.o.weight
t5-large,story_cloze,1.4642939567565918,181,transformer.decoder.block.3.layer.1.EncDecAttention.q.weight
t5-large,story_cloze,1.4674198627471924,182,transformer.decoder.block.3.layer.1.EncDecAttention.k.weight
t5-large,story_cloze,1.349295973777771,183,transformer.decoder.block.3.layer.1.EncDecAttention.v.weight
t5-large,story_cloze,1.2793736457824707,184,transformer.decoder.block.3.layer.1.EncDecAttention.o.weight
t5-large,story_cloze,1.4083807468414307,185,transformer.decoder.block.3.layer.2.DenseReluDense.wi.weight
t5-large,story_cloze,1.4084689617156982,186,transformer.decoder.block.3.layer.2.DenseReluDense.wo.weight
t5-large,story_cloze,0.0,187,transformer.decoder.block.4.layer.0.SelfAttention.q.weight
t5-large,story_cloze,0.0,188,transformer.decoder.block.4.layer.0.SelfAttention.k.weight
t5-large,story_cloze,1.4715768098831177,189,transformer.decoder.block.4.layer.0.SelfAttention.v.weight
t5-large,story_cloze,1.437506914138794,190,transformer.decoder.block.4.layer.0.SelfAttention.o.weight
t5-large,story_cloze,1.4333264827728271,191,transformer.decoder.block.4.layer.1.EncDecAttention.q.weight
t5-large,story_cloze,1.4848800897598267,192,transformer.decoder.block.4.layer.1.EncDecAttention.k.weight
t5-large,story_cloze,1.411333441734314,193,transformer.decoder.block.4.layer.1.EncDecAttention.v.weight
t5-large,story_cloze,1.351701259613037,194,transformer.decoder.block.4.layer.1.EncDecAttention.o.weight
t5-large,story_cloze,1.1508519649505615,195,transformer.decoder.block.4.layer.2.DenseReluDense.wi.weight
t5-large,story_cloze,1.1472266912460327,196,transformer.decoder.block.4.layer.2.DenseReluDense.wo.weight
t5-large,story_cloze,0.0,197,transformer.decoder.block.5.layer.0.SelfAttention.q.weight
t5-large,story_cloze,0.0,198,transformer.decoder.block.5.layer.0.SelfAttention.k.weight
t5-large,story_cloze,1.4986833333969116,199,transformer.decoder.block.5.layer.0.SelfAttention.v.weight
t5-large,story_cloze,1.4729684591293335,200,transformer.decoder.block.5.layer.0.SelfAttention.o.weight
t5-large,story_cloze,1.5545786619186401,201,transformer.decoder.block.5.layer.1.EncDecAttention.q.weight
t5-large,story_cloze,1.6530535221099854,202,transformer.decoder.block.5.layer.1.EncDecAttention.k.weight
t5-large,story_cloze,1.4739142656326294,203,transformer.decoder.block.5.layer.1.EncDecAttention.v.weight
t5-large,story_cloze,1.446833610534668,204,transformer.decoder.block.5.layer.1.EncDecAttention.o.weight
t5-large,story_cloze,1.0024676322937012,205,transformer.decoder.block.5.layer.2.DenseReluDense.wi.weight
t5-large,story_cloze,0.9938150644302368,206,transformer.decoder.block.5.layer.2.DenseReluDense.wo.weight
t5-large,story_cloze,0.0,207,transformer.decoder.block.6.layer.0.SelfAttention.q.weight
t5-large,story_cloze,0.0,208,transformer.decoder.block.6.layer.0.SelfAttention.k.weight
t5-large,story_cloze,1.5228570699691772,209,transformer.decoder.block.6.layer.0.SelfAttention.v.weight
t5-large,story_cloze,1.5211143493652344,210,transformer.decoder.block.6.layer.0.SelfAttention.o.weight
t5-large,story_cloze,1.544397234916687,211,transformer.decoder.block.6.layer.1.EncDecAttention.q.weight
t5-large,story_cloze,1.5881623029708862,212,transformer.decoder.block.6.layer.1.EncDecAttention.k.weight
t5-large,story_cloze,1.5350737571716309,213,transformer.decoder.block.6.layer.1.EncDecAttention.v.weight
t5-large,story_cloze,1.466570258140564,214,transformer.decoder.block.6.layer.1.EncDecAttention.o.weight
t5-large,story_cloze,1.2504785060882568,215,transformer.decoder.block.6.layer.2.DenseReluDense.wi.weight
t5-large,story_cloze,1.2716609239578247,216,transformer.decoder.block.6.layer.2.DenseReluDense.wo.weight
t5-large,story_cloze,0.0,217,transformer.decoder.block.7.layer.0.SelfAttention.q.weight
t5-large,story_cloze,0.0,218,transformer.decoder.block.7.layer.0.SelfAttention.k.weight
t5-large,story_cloze,1.542807698249817,219,transformer.decoder.block.7.layer.0.SelfAttention.v.weight
t5-large,story_cloze,1.5246635675430298,220,transformer.decoder.block.7.layer.0.SelfAttention.o.weight
t5-large,story_cloze,1.5828766822814941,221,transformer.decoder.block.7.layer.1.EncDecAttention.q.weight
t5-large,story_cloze,1.6220393180847168,222,transformer.decoder.block.7.layer.1.EncDecAttention.k.weight
t5-large,story_cloze,1.5259813070297241,223,transformer.decoder.block.7.layer.1.EncDecAttention.v.weight
t5-large,story_cloze,1.4693520069122314,224,transformer.decoder.block.7.layer.1.EncDecAttention.o.weight
t5-large,story_cloze,1.5540850162506104,225,transformer.decoder.block.7.layer.2.DenseReluDense.wi.weight
t5-large,story_cloze,1.6066404581069946,226,transformer.decoder.block.7.layer.2.DenseReluDense.wo.weight
t5-large,story_cloze,0.0,227,transformer.decoder.block.8.layer.0.SelfAttention.q.weight
t5-large,story_cloze,0.0,228,transformer.decoder.block.8.layer.0.SelfAttention.k.weight
t5-large,story_cloze,1.5488988161087036,229,transformer.decoder.block.8.layer.0.SelfAttention.v.weight
t5-large,story_cloze,1.5505701303482056,230,transformer.decoder.block.8.layer.0.SelfAttention.o.weight
t5-large,story_cloze,1.5175237655639648,231,transformer.decoder.block.8.layer.1.EncDecAttention.q.weight
t5-large,story_cloze,1.5594841241836548,232,transformer.decoder.block.8.layer.1.EncDecAttention.k.weight
t5-large,story_cloze,1.5485841035842896,233,transformer.decoder.block.8.layer.1.EncDecAttention.v.weight
t5-large,story_cloze,1.4929289817810059,234,transformer.decoder.block.8.layer.1.EncDecAttention.o.weight
t5-large,story_cloze,1.3341543674468994,235,transformer.decoder.block.8.layer.2.DenseReluDense.wi.weight
t5-large,story_cloze,1.3742694854736328,236,transformer.decoder.block.8.layer.2.DenseReluDense.wo.weight
t5-large,story_cloze,0.0,237,transformer.decoder.block.9.layer.0.SelfAttention.q.weight
t5-large,story_cloze,0.0,238,transformer.decoder.block.9.layer.0.SelfAttention.k.weight
t5-large,story_cloze,1.5519793033599854,239,transformer.decoder.block.9.layer.0.SelfAttention.v.weight
t5-large,story_cloze,1.5372133255004883,240,transformer.decoder.block.9.layer.0.SelfAttention.o.weight
t5-large,story_cloze,1.6358516216278076,241,transformer.decoder.block.9.layer.1.EncDecAttention.q.weight
t5-large,story_cloze,1.6113919019699097,242,transformer.decoder.block.9.layer.1.EncDecAttention.k.weight
t5-large,story_cloze,1.5363705158233643,243,transformer.decoder.block.9.layer.1.EncDecAttention.v.weight
t5-large,story_cloze,1.5244982242584229,244,transformer.decoder.block.9.layer.1.EncDecAttention.o.weight
t5-large,story_cloze,1.3694647550582886,245,transformer.decoder.block.9.layer.2.DenseReluDense.wi.weight
t5-large,story_cloze,1.407872200012207,246,transformer.decoder.block.9.layer.2.DenseReluDense.wo.weight
t5-large,story_cloze,0.0,247,transformer.decoder.block.10.layer.0.SelfAttention.q.weight
t5-large,story_cloze,0.0,248,transformer.decoder.block.10.layer.0.SelfAttention.k.weight
t5-large,story_cloze,1.5382577180862427,249,transformer.decoder.block.10.layer.0.SelfAttention.v.weight
t5-large,story_cloze,1.5295095443725586,250,transformer.decoder.block.10.layer.0.SelfAttention.o.weight
t5-large,story_cloze,1.5769596099853516,251,transformer.decoder.block.10.layer.1.EncDecAttention.q.weight
t5-large,story_cloze,1.6094411611557007,252,transformer.decoder.block.10.layer.1.EncDecAttention.k.weight
t5-large,story_cloze,1.535491943359375,253,transformer.decoder.block.10.layer.1.EncDecAttention.v.weight
t5-large,story_cloze,1.4684447050094604,254,transformer.decoder.block.10.layer.1.EncDecAttention.o.weight
t5-large,story_cloze,1.303574562072754,255,transformer.decoder.block.10.layer.2.DenseReluDense.wi.weight
t5-large,story_cloze,1.3480963706970215,256,transformer.decoder.block.10.layer.2.DenseReluDense.wo.weight
t5-large,story_cloze,0.0,257,transformer.decoder.block.11.layer.0.SelfAttention.q.weight
t5-large,story_cloze,0.0,258,transformer.decoder.block.11.layer.0.SelfAttention.k.weight
t5-large,story_cloze,1.5279594659805298,259,transformer.decoder.block.11.layer.0.SelfAttention.v.weight
t5-large,story_cloze,1.5327839851379395,260,transformer.decoder.block.11.layer.0.SelfAttention.o.weight
t5-large,story_cloze,1.541245460510254,261,transformer.decoder.block.11.layer.1.EncDecAttention.q.weight
t5-large,story_cloze,1.5499248504638672,262,transformer.decoder.block.11.layer.1.EncDecAttention.k.weight
t5-large,story_cloze,1.5540632009506226,263,transformer.decoder.block.11.layer.1.EncDecAttention.v.weight
t5-large,story_cloze,1.4866565465927124,264,transformer.decoder.block.11.layer.1.EncDecAttention.o.weight
t5-large,story_cloze,1.841093897819519,265,transformer.decoder.block.11.layer.2.DenseReluDense.wi.weight
t5-large,story_cloze,1.9329954385757446,266,transformer.decoder.block.11.layer.2.DenseReluDense.wo.weight
t5-large,story_cloze,0.0,267,transformer.decoder.block.12.layer.0.SelfAttention.q.weight
t5-large,story_cloze,0.0,268,transformer.decoder.block.12.layer.0.SelfAttention.k.weight
t5-large,story_cloze,1.5361782312393188,269,transformer.decoder.block.12.layer.0.SelfAttention.v.weight
t5-large,story_cloze,1.5418411493301392,270,transformer.decoder.block.12.layer.0.SelfAttention.o.weight
t5-large,story_cloze,1.6056671142578125,271,transformer.decoder.block.12.layer.1.EncDecAttention.q.weight
t5-large,story_cloze,1.593535304069519,272,transformer.decoder.block.12.layer.1.EncDecAttention.k.weight
t5-large,story_cloze,1.5516881942749023,273,transformer.decoder.block.12.layer.1.EncDecAttention.v.weight
t5-large,story_cloze,1.4801424741744995,274,transformer.decoder.block.12.layer.1.EncDecAttention.o.weight
t5-large,story_cloze,1.7722606658935547,275,transformer.decoder.block.12.layer.2.DenseReluDense.wi.weight
t5-large,story_cloze,1.83597731590271,276,transformer.decoder.block.12.layer.2.DenseReluDense.wo.weight
t5-large,story_cloze,0.0,277,transformer.decoder.block.13.layer.0.SelfAttention.q.weight
t5-large,story_cloze,0.0,278,transformer.decoder.block.13.layer.0.SelfAttention.k.weight
t5-large,story_cloze,1.5445057153701782,279,transformer.decoder.block.13.layer.0.SelfAttention.v.weight
t5-large,story_cloze,1.5559847354888916,280,transformer.decoder.block.13.layer.0.SelfAttention.o.weight
t5-large,story_cloze,1.4888341426849365,281,transformer.decoder.block.13.layer.1.EncDecAttention.q.weight
t5-large,story_cloze,1.4868122339248657,282,transformer.decoder.block.13.layer.1.EncDecAttention.k.weight
t5-large,story_cloze,1.5704379081726074,283,transformer.decoder.block.13.layer.1.EncDecAttention.v.weight
t5-large,story_cloze,1.4694091081619263,284,transformer.decoder.block.13.layer.1.EncDecAttention.o.weight
t5-large,story_cloze,1.7945019006729126,285,transformer.decoder.block.13.layer.2.DenseReluDense.wi.weight
t5-large,story_cloze,1.8820807933807373,286,transformer.decoder.block.13.layer.2.DenseReluDense.wo.weight
t5-large,story_cloze,0.0,287,transformer.decoder.block.14.layer.0.SelfAttention.q.weight
t5-large,story_cloze,0.0,288,transformer.decoder.block.14.layer.0.SelfAttention.k.weight
t5-large,story_cloze,1.5449132919311523,289,transformer.decoder.block.14.layer.0.SelfAttention.v.weight
t5-large,story_cloze,1.519612193107605,290,transformer.decoder.block.14.layer.0.SelfAttention.o.weight
t5-large,story_cloze,1.4634329080581665,291,transformer.decoder.block.14.layer.1.EncDecAttention.q.weight
t5-large,story_cloze,1.4182460308074951,292,transformer.decoder.block.14.layer.1.EncDecAttention.k.weight
t5-large,story_cloze,1.5298633575439453,293,transformer.decoder.block.14.layer.1.EncDecAttention.v.weight
t5-large,story_cloze,1.4813470840454102,294,transformer.decoder.block.14.layer.1.EncDecAttention.o.weight
t5-large,story_cloze,1.7683427333831787,295,transformer.decoder.block.14.layer.2.DenseReluDense.wi.weight
t5-large,story_cloze,1.8676189184188843,296,transformer.decoder.block.14.layer.2.DenseReluDense.wo.weight
t5-large,story_cloze,0.0,297,transformer.decoder.block.15.layer.0.SelfAttention.q.weight
t5-large,story_cloze,0.0,298,transformer.decoder.block.15.layer.0.SelfAttention.k.weight
t5-large,story_cloze,1.5623668432235718,299,transformer.decoder.block.15.layer.0.SelfAttention.v.weight
t5-large,story_cloze,1.5149953365325928,300,transformer.decoder.block.15.layer.0.SelfAttention.o.weight
t5-large,story_cloze,1.5943028926849365,301,transformer.decoder.block.15.layer.1.EncDecAttention.q.weight
t5-large,story_cloze,1.5338246822357178,302,transformer.decoder.block.15.layer.1.EncDecAttention.k.weight
t5-large,story_cloze,1.5358389616012573,303,transformer.decoder.block.15.layer.1.EncDecAttention.v.weight
t5-large,story_cloze,1.4871352910995483,304,transformer.decoder.block.15.layer.1.EncDecAttention.o.weight
t5-large,story_cloze,1.7515865564346313,305,transformer.decoder.block.15.layer.2.DenseReluDense.wi.weight
t5-large,story_cloze,1.8608640432357788,306,transformer.decoder.block.15.layer.2.DenseReluDense.wo.weight
t5-large,story_cloze,0.0,307,transformer.decoder.block.16.layer.0.SelfAttention.q.weight
t5-large,story_cloze,0.0,308,transformer.decoder.block.16.layer.0.SelfAttention.k.weight
t5-large,story_cloze,1.5824288129806519,309,transformer.decoder.block.16.layer.0.SelfAttention.v.weight
t5-large,story_cloze,1.5488758087158203,310,transformer.decoder.block.16.layer.0.SelfAttention.o.weight
t5-large,story_cloze,1.5428436994552612,311,transformer.decoder.block.16.layer.1.EncDecAttention.q.weight
t5-large,story_cloze,1.442189335823059,312,transformer.decoder.block.16.layer.1.EncDecAttention.k.weight
t5-large,story_cloze,1.522558569908142,313,transformer.decoder.block.16.layer.1.EncDecAttention.v.weight
t5-large,story_cloze,1.4737390279769897,314,transformer.decoder.block.16.layer.1.EncDecAttention.o.weight
t5-large,story_cloze,1.839784860610962,315,transformer.decoder.block.16.layer.2.DenseReluDense.wi.weight
t5-large,story_cloze,1.9389488697052002,316,transformer.decoder.block.16.layer.2.DenseReluDense.wo.weight
t5-large,story_cloze,0.0,317,transformer.decoder.block.17.layer.0.SelfAttention.q.weight
t5-large,story_cloze,0.0,318,transformer.decoder.block.17.layer.0.SelfAttention.k.weight
t5-large,story_cloze,1.5227056741714478,319,transformer.decoder.block.17.layer.0.SelfAttention.v.weight
t5-large,story_cloze,1.5469481945037842,320,transformer.decoder.block.17.layer.0.SelfAttention.o.weight
t5-large,story_cloze,1.4951727390289307,321,transformer.decoder.block.17.layer.1.EncDecAttention.q.weight
t5-large,story_cloze,1.3845810890197754,322,transformer.decoder.block.17.layer.1.EncDecAttention.k.weight
t5-large,story_cloze,1.4512935876846313,323,transformer.decoder.block.17.layer.1.EncDecAttention.v.weight
t5-large,story_cloze,1.453075885772705,324,transformer.decoder.block.17.layer.1.EncDecAttention.o.weight
t5-large,story_cloze,1.670952320098877,325,transformer.decoder.block.17.layer.2.DenseReluDense.wi.weight
t5-large,story_cloze,1.7908093929290771,326,transformer.decoder.block.17.layer.2.DenseReluDense.wo.weight
t5-large,story_cloze,0.0,327,transformer.decoder.block.18.layer.0.SelfAttention.q.weight
t5-large,story_cloze,0.0,328,transformer.decoder.block.18.layer.0.SelfAttention.k.weight
t5-large,story_cloze,1.5389639139175415,329,transformer.decoder.block.18.layer.0.SelfAttention.v.weight
t5-large,story_cloze,1.5437089204788208,330,transformer.decoder.block.18.layer.0.SelfAttention.o.weight
t5-large,story_cloze,1.4546152353286743,331,transformer.decoder.block.18.layer.1.EncDecAttention.q.weight
t5-large,story_cloze,1.3542993068695068,332,transformer.decoder.block.18.layer.1.EncDecAttention.k.weight
t5-large,story_cloze,1.4406625032424927,333,transformer.decoder.block.18.layer.1.EncDecAttention.v.weight
t5-large,story_cloze,1.4554318189620972,334,transformer.decoder.block.18.layer.1.EncDecAttention.o.weight
t5-large,story_cloze,2.0055463314056396,335,transformer.decoder.block.18.layer.2.DenseReluDense.wi.weight
t5-large,story_cloze,2.1329755783081055,336,transformer.decoder.block.18.layer.2.DenseReluDense.wo.weight
t5-large,story_cloze,0.0,337,transformer.decoder.block.19.layer.0.SelfAttention.q.weight
t5-large,story_cloze,0.0,338,transformer.decoder.block.19.layer.0.SelfAttention.k.weight
t5-large,story_cloze,1.5542041063308716,339,transformer.decoder.block.19.layer.0.SelfAttention.v.weight
t5-large,story_cloze,1.5320618152618408,340,transformer.decoder.block.19.layer.0.SelfAttention.o.weight
t5-large,story_cloze,1.452767252922058,341,transformer.decoder.block.19.layer.1.EncDecAttention.q.weight
t5-large,story_cloze,1.379289984703064,342,transformer.decoder.block.19.layer.1.EncDecAttention.k.weight
t5-large,story_cloze,1.481081247329712,343,transformer.decoder.block.19.layer.1.EncDecAttention.v.weight
t5-large,story_cloze,1.5099843740463257,344,transformer.decoder.block.19.layer.1.EncDecAttention.o.weight
t5-large,story_cloze,1.772551417350769,345,transformer.decoder.block.19.layer.2.DenseReluDense.wi.weight
t5-large,story_cloze,1.8603720664978027,346,transformer.decoder.block.19.layer.2.DenseReluDense.wo.weight
t5-large,story_cloze,0.0,347,transformer.decoder.block.20.layer.0.SelfAttention.q.weight
t5-large,story_cloze,0.0,348,transformer.decoder.block.20.layer.0.SelfAttention.k.weight
t5-large,story_cloze,1.6085965633392334,349,transformer.decoder.block.20.layer.0.SelfAttention.v.weight
t5-large,story_cloze,1.5800867080688477,350,transformer.decoder.block.20.layer.0.SelfAttention.o.weight
t5-large,story_cloze,1.490677833557129,351,transformer.decoder.block.20.layer.1.EncDecAttention.q.weight
t5-large,story_cloze,1.334420084953308,352,transformer.decoder.block.20.layer.1.EncDecAttention.k.weight
t5-large,story_cloze,1.4811466932296753,353,transformer.decoder.block.20.layer.1.EncDecAttention.v.weight
t5-large,story_cloze,1.4450490474700928,354,transformer.decoder.block.20.layer.1.EncDecAttention.o.weight
t5-large,story_cloze,1.6621946096420288,355,transformer.decoder.block.20.layer.2.DenseReluDense.wi.weight
t5-large,story_cloze,1.7368139028549194,356,transformer.decoder.block.20.layer.2.DenseReluDense.wo.weight
t5-large,story_cloze,0.0,357,transformer.decoder.block.21.layer.0.SelfAttention.q.weight
t5-large,story_cloze,0.0,358,transformer.decoder.block.21.layer.0.SelfAttention.k.weight
t5-large,story_cloze,1.591243028640747,359,transformer.decoder.block.21.layer.0.SelfAttention.v.weight
t5-large,story_cloze,1.5408949851989746,360,transformer.decoder.block.21.layer.0.SelfAttention.o.weight
t5-large,story_cloze,1.5188133716583252,361,transformer.decoder.block.21.layer.1.EncDecAttention.q.weight
t5-large,story_cloze,1.3932342529296875,362,transformer.decoder.block.21.layer.1.EncDecAttention.k.weight
t5-large,story_cloze,1.4586924314498901,363,transformer.decoder.block.21.layer.1.EncDecAttention.v.weight
t5-large,story_cloze,1.4682941436767578,364,transformer.decoder.block.21.layer.1.EncDecAttention.o.weight
t5-large,story_cloze,1.624285101890564,365,transformer.decoder.block.21.layer.2.DenseReluDense.wi.weight
t5-large,story_cloze,1.6864312887191772,366,transformer.decoder.block.21.layer.2.DenseReluDense.wo.weight
t5-large,story_cloze,0.0,367,transformer.decoder.block.22.layer.0.SelfAttention.q.weight
t5-large,story_cloze,0.0,368,transformer.decoder.block.22.layer.0.SelfAttention.k.weight
t5-large,story_cloze,1.6715540885925293,369,transformer.decoder.block.22.layer.0.SelfAttention.v.weight
t5-large,story_cloze,1.6161903142929077,370,transformer.decoder.block.22.layer.0.SelfAttention.o.weight
t5-large,story_cloze,1.5104202032089233,371,transformer.decoder.block.22.layer.1.EncDecAttention.q.weight
t5-large,story_cloze,1.3854546546936035,372,transformer.decoder.block.22.layer.1.EncDecAttention.k.weight
t5-large,story_cloze,1.4900516271591187,373,transformer.decoder.block.22.layer.1.EncDecAttention.v.weight
t5-large,story_cloze,1.5097110271453857,374,transformer.decoder.block.22.layer.1.EncDecAttention.o.weight
t5-large,story_cloze,1.4054298400878906,375,transformer.decoder.block.22.layer.2.DenseReluDense.wi.weight
t5-large,story_cloze,1.4578421115875244,376,transformer.decoder.block.22.layer.2.DenseReluDense.wo.weight
t5-large,story_cloze,0.0,377,transformer.decoder.block.23.layer.0.SelfAttention.q.weight
t5-large,story_cloze,0.0,378,transformer.decoder.block.23.layer.0.SelfAttention.k.weight
t5-large,story_cloze,1.6535274982452393,379,transformer.decoder.block.23.layer.0.SelfAttention.v.weight
t5-large,story_cloze,1.59731924533844,380,transformer.decoder.block.23.layer.0.SelfAttention.o.weight
t5-large,story_cloze,1.5121519565582275,381,transformer.decoder.block.23.layer.1.EncDecAttention.q.weight
t5-large,story_cloze,1.341731309890747,382,transformer.decoder.block.23.layer.1.EncDecAttention.k.weight
t5-large,story_cloze,1.397461175918579,383,transformer.decoder.block.23.layer.1.EncDecAttention.v.weight
t5-large,story_cloze,1.3726412057876587,384,transformer.decoder.block.23.layer.1.EncDecAttention.o.weight
t5-large,story_cloze,1.421531319618225,385,transformer.decoder.block.23.layer.2.DenseReluDense.wi.weight
t5-large,story_cloze,1.4822558164596558,386,transformer.decoder.block.23.layer.2.DenseReluDense.wo.weight
t5-large,winogrande,7.733944416046143,0,transformer.shared.weight
t5-large,winogrande,1.2637817859649658,1,transformer.encoder.block.0.layer.0.SelfAttention.q.weight
t5-large,winogrande,1.2982115745544434,2,transformer.encoder.block.0.layer.0.SelfAttention.k.weight
t5-large,winogrande,1.374678373336792,3,transformer.encoder.block.0.layer.0.SelfAttention.v.weight
t5-large,winogrande,1.3538528680801392,4,transformer.encoder.block.0.layer.0.SelfAttention.o.weight
t5-large,winogrande,0.031005144119262695,5,transformer.encoder.block.0.layer.0.SelfAttention.relative_attention_bias.weight
t5-large,winogrande,2.6743240356445312,6,transformer.encoder.block.0.layer.1.DenseReluDense.wi.weight
t5-large,winogrande,2.707932710647583,7,transformer.encoder.block.0.layer.1.DenseReluDense.wo.weight
t5-large,winogrande,1.2075186967849731,8,transformer.encoder.block.1.layer.0.SelfAttention.q.weight
t5-large,winogrande,1.211063027381897,9,transformer.encoder.block.1.layer.0.SelfAttention.k.weight
t5-large,winogrande,1.3079363107681274,10,transformer.encoder.block.1.layer.0.SelfAttention.v.weight
t5-large,winogrande,1.3236287832260132,11,transformer.encoder.block.1.layer.0.SelfAttention.o.weight
t5-large,winogrande,2.6954338550567627,12,transformer.encoder.block.1.layer.1.DenseReluDense.wi.weight
t5-large,winogrande,2.806957244873047,13,transformer.encoder.block.1.layer.1.DenseReluDense.wo.weight
t5-large,winogrande,1.192760705947876,14,transformer.encoder.block.2.layer.0.SelfAttention.q.weight
t5-large,winogrande,1.1821305751800537,15,transformer.encoder.block.2.layer.0.SelfAttention.k.weight
t5-large,winogrande,1.2481892108917236,16,transformer.encoder.block.2.layer.0.SelfAttention.v.weight
t5-large,winogrande,1.306585669517517,17,transformer.encoder.block.2.layer.0.SelfAttention.o.weight
t5-large,winogrande,2.4160284996032715,18,transformer.encoder.block.2.layer.1.DenseReluDense.wi.weight
t5-large,winogrande,2.479809284210205,19,transformer.encoder.block.2.layer.1.DenseReluDense.wo.weight
t5-large,winogrande,1.1895298957824707,20,transformer.encoder.block.3.layer.0.SelfAttention.q.weight
t5-large,winogrande,1.1972601413726807,21,transformer.encoder.block.3.layer.0.SelfAttention.k.weight
t5-large,winogrande,1.308046817779541,22,transformer.encoder.block.3.layer.0.SelfAttention.v.weight
t5-large,winogrande,1.3166472911834717,23,transformer.encoder.block.3.layer.0.SelfAttention.o.weight
t5-large,winogrande,2.5096683502197266,24,transformer.encoder.block.3.layer.1.DenseReluDense.wi.weight
t5-large,winogrande,2.5966427326202393,25,transformer.encoder.block.3.layer.1.DenseReluDense.wo.weight
t5-large,winogrande,1.2206766605377197,26,transformer.encoder.block.4.layer.0.SelfAttention.q.weight
t5-large,winogrande,1.230036735534668,27,transformer.encoder.block.4.layer.0.SelfAttention.k.weight
t5-large,winogrande,1.3520557880401611,28,transformer.encoder.block.4.layer.0.SelfAttention.v.weight
t5-large,winogrande,1.3571499586105347,29,transformer.encoder.block.4.layer.0.SelfAttention.o.weight
t5-large,winogrande,2.5646934509277344,30,transformer.encoder.block.4.layer.1.DenseReluDense.wi.weight
t5-large,winogrande,2.630735397338867,31,transformer.encoder.block.4.layer.1.DenseReluDense.wo.weight
t5-large,winogrande,1.2292436361312866,32,transformer.encoder.block.5.layer.0.SelfAttention.q.weight
t5-large,winogrande,1.2305595874786377,33,transformer.encoder.block.5.layer.0.SelfAttention.k.weight
t5-large,winogrande,1.3416794538497925,34,transformer.encoder.block.5.layer.0.SelfAttention.v.weight
t5-large,winogrande,1.3505600690841675,35,transformer.encoder.block.5.layer.0.SelfAttention.o.weight
t5-large,winogrande,2.6400861740112305,36,transformer.encoder.block.5.layer.1.DenseReluDense.wi.weight
t5-large,winogrande,2.707670211791992,37,transformer.encoder.block.5.layer.1.DenseReluDense.wo.weight
t5-large,winogrande,1.2659636735916138,38,transformer.encoder.block.6.layer.0.SelfAttention.q.weight
t5-large,winogrande,1.2862484455108643,39,transformer.encoder.block.6.layer.0.SelfAttention.k.weight
t5-large,winogrande,1.3343021869659424,40,transformer.encoder.block.6.layer.0.SelfAttention.v.weight
t5-large,winogrande,1.3660740852355957,41,transformer.encoder.block.6.layer.0.SelfAttention.o.weight
t5-large,winogrande,2.7028086185455322,42,transformer.encoder.block.6.layer.1.DenseReluDense.wi.weight
t5-large,winogrande,2.8135478496551514,43,transformer.encoder.block.6.layer.1.DenseReluDense.wo.weight
t5-large,winogrande,1.2472606897354126,44,transformer.encoder.block.7.layer.0.SelfAttention.q.weight
t5-large,winogrande,1.2575511932373047,45,transformer.encoder.block.7.layer.0.SelfAttention.k.weight
t5-large,winogrande,1.3373199701309204,46,transformer.encoder.block.7.layer.0.SelfAttention.v.weight
t5-large,winogrande,1.3678618669509888,47,transformer.encoder.block.7.layer.0.SelfAttention.o.weight
t5-large,winogrande,2.7466111183166504,48,transformer.encoder.block.7.layer.1.DenseReluDense.wi.weight
t5-large,winogrande,2.8785157203674316,49,transformer.encoder.block.7.layer.1.DenseReluDense.wo.weight
t5-large,winogrande,1.187090277671814,50,transformer.encoder.block.8.layer.0.SelfAttention.q.weight
t5-large,winogrande,1.2063626050949097,51,transformer.encoder.block.8.layer.0.SelfAttention.k.weight
t5-large,winogrande,1.2797695398330688,52,transformer.encoder.block.8.layer.0.SelfAttention.v.weight
t5-large,winogrande,1.3379077911376953,53,transformer.encoder.block.8.layer.0.SelfAttention.o.weight
t5-large,winogrande,2.8225769996643066,54,transformer.encoder.block.8.layer.1.DenseReluDense.wi.weight
t5-large,winogrande,2.993565082550049,55,transformer.encoder.block.8.layer.1.DenseReluDense.wo.weight
t5-large,winogrande,1.1975430250167847,56,transformer.encoder.block.9.layer.0.SelfAttention.q.weight
t5-large,winogrande,1.2199698686599731,57,transformer.encoder.block.9.layer.0.SelfAttention.k.weight
t5-large,winogrande,1.2760087251663208,58,transformer.encoder.block.9.layer.0.SelfAttention.v.weight
t5-large,winogrande,1.3807975053787231,59,transformer.encoder.block.9.layer.0.SelfAttention.o.weight
t5-large,winogrande,2.913341522216797,60,transformer.encoder.block.9.layer.1.DenseReluDense.wi.weight
t5-large,winogrande,3.058058500289917,61,transformer.encoder.block.9.layer.1.DenseReluDense.wo.weight
t5-large,winogrande,1.1623297929763794,62,transformer.encoder.block.10.layer.0.SelfAttention.q.weight
t5-large,winogrande,1.1858495473861694,63,transformer.encoder.block.10.layer.0.SelfAttention.k.weight
t5-large,winogrande,1.2850890159606934,64,transformer.encoder.block.10.layer.0.SelfAttention.v.weight
t5-large,winogrande,1.3735970258712769,65,transformer.encoder.block.10.layer.0.SelfAttention.o.weight
t5-large,winogrande,2.959226131439209,66,transformer.encoder.block.10.layer.1.DenseReluDense.wi.weight
t5-large,winogrande,3.129871129989624,67,transformer.encoder.block.10.layer.1.DenseReluDense.wo.weight
t5-large,winogrande,1.204661250114441,68,transformer.encoder.block.11.layer.0.SelfAttention.q.weight
t5-large,winogrande,1.2131723165512085,69,transformer.encoder.block.11.layer.0.SelfAttention.k.weight
t5-large,winogrande,1.3280848264694214,70,transformer.encoder.block.11.layer.0.SelfAttention.v.weight
t5-large,winogrande,1.4082459211349487,71,transformer.encoder.block.11.layer.0.SelfAttention.o.weight
t5-large,winogrande,3.060748338699341,72,transformer.encoder.block.11.layer.1.DenseReluDense.wi.weight
t5-large,winogrande,3.2152655124664307,73,transformer.encoder.block.11.layer.1.DenseReluDense.wo.weight
t5-large,winogrande,1.2207911014556885,74,transformer.encoder.block.12.layer.0.SelfAttention.q.weight
t5-large,winogrande,1.23404061794281,75,transformer.encoder.block.12.layer.0.SelfAttention.k.weight
t5-large,winogrande,1.3862886428833008,76,transformer.encoder.block.12.layer.0.SelfAttention.v.weight
t5-large,winogrande,1.4653570652008057,77,transformer.encoder.block.12.layer.0.SelfAttention.o.weight
t5-large,winogrande,3.075670003890991,78,transformer.encoder.block.12.layer.1.DenseReluDense.wi.weight
t5-large,winogrande,3.2574973106384277,79,transformer.encoder.block.12.layer.1.DenseReluDense.wo.weight
t5-large,winogrande,1.2236617803573608,80,transformer.encoder.block.13.layer.0.SelfAttention.q.weight
t5-large,winogrande,1.2303357124328613,81,transformer.encoder.block.13.layer.0.SelfAttention.k.weight
t5-large,winogrande,1.4172797203063965,82,transformer.encoder.block.13.layer.0.SelfAttention.v.weight
t5-large,winogrande,1.4731007814407349,83,transformer.encoder.block.13.layer.0.SelfAttention.o.weight
t5-large,winogrande,3.1894330978393555,84,transformer.encoder.block.13.layer.1.DenseReluDense.wi.weight
t5-large,winogrande,3.3486168384552,85,transformer.encoder.block.13.layer.1.DenseReluDense.wo.weight
t5-large,winogrande,1.2650237083435059,86,transformer.encoder.block.14.layer.0.SelfAttention.q.weight
t5-large,winogrande,1.273039698600769,87,transformer.encoder.block.14.layer.0.SelfAttention.k.weight
t5-large,winogrande,1.5164295434951782,88,transformer.encoder.block.14.layer.0.SelfAttention.v.weight
t5-large,winogrande,1.540568470954895,89,transformer.encoder.block.14.layer.0.SelfAttention.o.weight
t5-large,winogrande,3.3523378372192383,90,transformer.encoder.block.14.layer.1.DenseReluDense.wi.weight
t5-large,winogrande,3.5203306674957275,91,transformer.encoder.block.14.layer.1.DenseReluDense.wo.weight
t5-large,winogrande,1.390186071395874,92,transformer.encoder.block.15.layer.0.SelfAttention.q.weight
t5-large,winogrande,1.4246487617492676,93,transformer.encoder.block.15.layer.0.SelfAttention.k.weight
t5-large,winogrande,1.6004917621612549,94,transformer.encoder.block.15.layer.0.SelfAttention.v.weight
t5-large,winogrande,1.5755170583724976,95,transformer.encoder.block.15.layer.0.SelfAttention.o.weight
t5-large,winogrande,3.516718626022339,96,transformer.encoder.block.15.layer.1.DenseReluDense.wi.weight
t5-large,winogrande,3.7231452465057373,97,transformer.encoder.block.15.layer.1.DenseReluDense.wo.weight
t5-large,winogrande,1.4166723489761353,98,transformer.encoder.block.16.layer.0.SelfAttention.q.weight
t5-large,winogrande,1.4429811239242554,99,transformer.encoder.block.16.layer.0.SelfAttention.k.weight
t5-large,winogrande,1.628395915031433,100,transformer.encoder.block.16.layer.0.SelfAttention.v.weight
t5-large,winogrande,1.6049153804779053,101,transformer.encoder.block.16.layer.0.SelfAttention.o.weight
t5-large,winogrande,3.6959352493286133,102,transformer.encoder.block.16.layer.1.DenseReluDense.wi.weight
t5-large,winogrande,3.8759238719940186,103,transformer.encoder.block.16.layer.1.DenseReluDense.wo.weight
t5-large,winogrande,1.4721325635910034,104,transformer.encoder.block.17.layer.0.SelfAttention.q.weight
t5-large,winogrande,1.5159225463867188,105,transformer.encoder.block.17.layer.0.SelfAttention.k.weight
t5-large,winogrande,1.6499807834625244,106,transformer.encoder.block.17.layer.0.SelfAttention.v.weight
t5-large,winogrande,1.6144309043884277,107,transformer.encoder.block.17.layer.0.SelfAttention.o.weight
t5-large,winogrande,3.897717237472534,108,transformer.encoder.block.17.layer.1.DenseReluDense.wi.weight
t5-large,winogrande,4.085823059082031,109,transformer.encoder.block.17.layer.1.DenseReluDense.wo.weight
t5-large,winogrande,1.5837135314941406,110,transformer.encoder.block.18.layer.0.SelfAttention.q.weight
t5-large,winogrande,1.63739013671875,111,transformer.encoder.block.18.layer.0.SelfAttention.k.weight
t5-large,winogrande,1.7868651151657104,112,transformer.encoder.block.18.layer.0.SelfAttention.v.weight
t5-large,winogrande,1.7224382162094116,113,transformer.encoder.block.18.layer.0.SelfAttention.o.weight
t5-large,winogrande,3.7953381538391113,114,transformer.encoder.block.18.layer.1.DenseReluDense.wi.weight
t5-large,winogrande,4.117978572845459,115,transformer.encoder.block.18.layer.1.DenseReluDense.wo.weight
t5-large,winogrande,1.560925006866455,116,transformer.encoder.block.19.layer.0.SelfAttention.q.weight
t5-large,winogrande,1.6423312425613403,117,transformer.encoder.block.19.layer.0.SelfAttention.k.weight
t5-large,winogrande,1.664028525352478,118,transformer.encoder.block.19.layer.0.SelfAttention.v.weight
t5-large,winogrande,1.6402580738067627,119,transformer.encoder.block.19.layer.0.SelfAttention.o.weight
t5-large,winogrande,3.914721965789795,120,transformer.encoder.block.19.layer.1.DenseReluDense.wi.weight
t5-large,winogrande,4.155410289764404,121,transformer.encoder.block.19.layer.1.DenseReluDense.wo.weight
t5-large,winogrande,1.7169315814971924,122,transformer.encoder.block.20.layer.0.SelfAttention.q.weight
t5-large,winogrande,1.7767913341522217,123,transformer.encoder.block.20.layer.0.SelfAttention.k.weight
t5-large,winogrande,1.6913933753967285,124,transformer.encoder.block.20.layer.0.SelfAttention.v.weight
t5-large,winogrande,1.62916898727417,125,transformer.encoder.block.20.layer.0.SelfAttention.o.weight
t5-large,winogrande,3.9833762645721436,126,transformer.encoder.block.20.layer.1.DenseReluDense.wi.weight
t5-large,winogrande,4.115034103393555,127,transformer.encoder.block.20.layer.1.DenseReluDense.wo.weight
t5-large,winogrande,1.651861548423767,128,transformer.encoder.block.21.layer.0.SelfAttention.q.weight
t5-large,winogrande,1.7101163864135742,129,transformer.encoder.block.21.layer.0.SelfAttention.k.weight
t5-large,winogrande,1.6581395864486694,130,transformer.encoder.block.21.layer.0.SelfAttention.v.weight
t5-large,winogrande,1.600203514099121,131,transformer.encoder.block.21.layer.0.SelfAttention.o.weight
t5-large,winogrande,3.8016133308410645,132,transformer.encoder.block.21.layer.1.DenseReluDense.wi.weight
t5-large,winogrande,3.886183977127075,133,transformer.encoder.block.21.layer.1.DenseReluDense.wo.weight
t5-large,winogrande,1.6939680576324463,134,transformer.encoder.block.22.layer.0.SelfAttention.q.weight
t5-large,winogrande,1.7926044464111328,135,transformer.encoder.block.22.layer.0.SelfAttention.k.weight
t5-large,winogrande,1.650549054145813,136,transformer.encoder.block.22.layer.0.SelfAttention.v.weight
t5-large,winogrande,1.5867643356323242,137,transformer.encoder.block.22.layer.0.SelfAttention.o.weight
t5-large,winogrande,3.453312635421753,138,transformer.encoder.block.22.layer.1.DenseReluDense.wi.weight
t5-large,winogrande,3.6440348625183105,139,transformer.encoder.block.22.layer.1.DenseReluDense.wo.weight
t5-large,winogrande,1.5263843536376953,140,transformer.encoder.block.23.layer.0.SelfAttention.q.weight
t5-large,winogrande,1.5501112937927246,141,transformer.encoder.block.23.layer.0.SelfAttention.k.weight
t5-large,winogrande,1.5665457248687744,142,transformer.encoder.block.23.layer.0.SelfAttention.v.weight
t5-large,winogrande,1.519440770149231,143,transformer.encoder.block.23.layer.0.SelfAttention.o.weight
t5-large,winogrande,3.3242952823638916,144,transformer.encoder.block.23.layer.1.DenseReluDense.wi.weight
t5-large,winogrande,3.4230949878692627,145,transformer.encoder.block.23.layer.1.DenseReluDense.wo.weight
t5-large,winogrande,0.9783807992935181,146,transformer.decoder.block.0.layer.0.SelfAttention.q.weight
t5-large,winogrande,0.9702146053314209,147,transformer.decoder.block.0.layer.0.SelfAttention.k.weight
t5-large,winogrande,0.946257472038269,148,transformer.decoder.block.0.layer.0.SelfAttention.v.weight
t5-large,winogrande,1.0802922248840332,149,transformer.decoder.block.0.layer.0.SelfAttention.o.weight
t5-large,winogrande,0.012566198594868183,150,transformer.decoder.block.0.layer.0.SelfAttention.relative_attention_bias.weight
t5-large,winogrande,1.1146351099014282,151,transformer.decoder.block.0.layer.1.EncDecAttention.q.weight
t5-large,winogrande,1.262422800064087,152,transformer.decoder.block.0.layer.1.EncDecAttention.k.weight
t5-large,winogrande,1.3480546474456787,153,transformer.decoder.block.0.layer.1.EncDecAttention.v.weight
t5-large,winogrande,1.3170578479766846,154,transformer.decoder.block.0.layer.1.EncDecAttention.o.weight
t5-large,winogrande,2.008631706237793,155,transformer.decoder.block.0.layer.2.DenseReluDense.wi.weight
t5-large,winogrande,2.2123968601226807,156,transformer.decoder.block.0.layer.2.DenseReluDense.wo.weight
t5-large,winogrande,1.0633084774017334,157,transformer.decoder.block.1.layer.0.SelfAttention.q.weight
t5-large,winogrande,1.0808839797973633,158,transformer.decoder.block.1.layer.0.SelfAttention.k.weight
t5-large,winogrande,1.4116933345794678,159,transformer.decoder.block.1.layer.0.SelfAttention.v.weight
t5-large,winogrande,1.4083549976348877,160,transformer.decoder.block.1.layer.0.SelfAttention.o.weight
t5-large,winogrande,1.3012806177139282,161,transformer.decoder.block.1.layer.1.EncDecAttention.q.weight
t5-large,winogrande,1.4850372076034546,162,transformer.decoder.block.1.layer.1.EncDecAttention.k.weight
t5-large,winogrande,1.5518920421600342,163,transformer.decoder.block.1.layer.1.EncDecAttention.v.weight
t5-large,winogrande,1.4908264875411987,164,transformer.decoder.block.1.layer.1.EncDecAttention.o.weight
t5-large,winogrande,2.2517263889312744,165,transformer.decoder.block.1.layer.2.DenseReluDense.wi.weight
t5-large,winogrande,2.2828714847564697,166,transformer.decoder.block.1.layer.2.DenseReluDense.wo.weight
t5-large,winogrande,1.0526056289672852,167,transformer.decoder.block.2.layer.0.SelfAttention.q.weight
t5-large,winogrande,1.0687791109085083,168,transformer.decoder.block.2.layer.0.SelfAttention.k.weight
t5-large,winogrande,1.5784926414489746,169,transformer.decoder.block.2.layer.0.SelfAttention.v.weight
t5-large,winogrande,1.4683663845062256,170,transformer.decoder.block.2.layer.0.SelfAttention.o.weight
t5-large,winogrande,1.3420164585113525,171,transformer.decoder.block.2.layer.1.EncDecAttention.q.weight
t5-large,winogrande,1.5338103771209717,172,transformer.decoder.block.2.layer.1.EncDecAttention.k.weight
t5-large,winogrande,1.5822356939315796,173,transformer.decoder.block.2.layer.1.EncDecAttention.v.weight
t5-large,winogrande,1.4842092990875244,174,transformer.decoder.block.2.layer.1.EncDecAttention.o.weight
t5-large,winogrande,2.433997869491577,175,transformer.decoder.block.2.layer.2.DenseReluDense.wi.weight
t5-large,winogrande,2.343475341796875,176,transformer.decoder.block.2.layer.2.DenseReluDense.wo.weight
t5-large,winogrande,1.073330283164978,177,transformer.decoder.block.3.layer.0.SelfAttention.q.weight
t5-large,winogrande,1.0814979076385498,178,transformer.decoder.block.3.layer.0.SelfAttention.k.weight
t5-large,winogrande,1.5187512636184692,179,transformer.decoder.block.3.layer.0.SelfAttention.v.weight
t5-large,winogrande,1.4615644216537476,180,transformer.decoder.block.3.layer.0.SelfAttention.o.weight
t5-large,winogrande,1.2961751222610474,181,transformer.decoder.block.3.layer.1.EncDecAttention.q.weight
t5-large,winogrande,1.4758968353271484,182,transformer.decoder.block.3.layer.1.EncDecAttention.k.weight
t5-large,winogrande,1.4441734552383423,183,transformer.decoder.block.3.layer.1.EncDecAttention.v.weight
t5-large,winogrande,1.3744564056396484,184,transformer.decoder.block.3.layer.1.EncDecAttention.o.weight
t5-large,winogrande,2.368415594100952,185,transformer.decoder.block.3.layer.2.DenseReluDense.wi.weight
t5-large,winogrande,2.253268241882324,186,transformer.decoder.block.3.layer.2.DenseReluDense.wo.weight
t5-large,winogrande,1.0896815061569214,187,transformer.decoder.block.4.layer.0.SelfAttention.q.weight
t5-large,winogrande,1.0837993621826172,188,transformer.decoder.block.4.layer.0.SelfAttention.k.weight
t5-large,winogrande,1.484545350074768,189,transformer.decoder.block.4.layer.0.SelfAttention.v.weight
t5-large,winogrande,1.4176405668258667,190,transformer.decoder.block.4.layer.0.SelfAttention.o.weight
t5-large,winogrande,1.2412735223770142,191,transformer.decoder.block.4.layer.1.EncDecAttention.q.weight
t5-large,winogrande,1.50203537940979,192,transformer.decoder.block.4.layer.1.EncDecAttention.k.weight
t5-large,winogrande,1.4940110445022583,193,transformer.decoder.block.4.layer.1.EncDecAttention.v.weight
t5-large,winogrande,1.3877092599868774,194,transformer.decoder.block.4.layer.1.EncDecAttention.o.weight
t5-large,winogrande,2.1348092555999756,195,transformer.decoder.block.4.layer.2.DenseReluDense.wi.weight
t5-large,winogrande,2.034027576446533,196,transformer.decoder.block.4.layer.2.DenseReluDense.wo.weight
t5-large,winogrande,1.0554512739181519,197,transformer.decoder.block.5.layer.0.SelfAttention.q.weight
t5-large,winogrande,1.0517147779464722,198,transformer.decoder.block.5.layer.0.SelfAttention.k.weight
t5-large,winogrande,1.4815318584442139,199,transformer.decoder.block.5.layer.0.SelfAttention.v.weight
t5-large,winogrande,1.435494303703308,200,transformer.decoder.block.5.layer.0.SelfAttention.o.weight
t5-large,winogrande,1.2144126892089844,201,transformer.decoder.block.5.layer.1.EncDecAttention.q.weight
t5-large,winogrande,1.5425974130630493,202,transformer.decoder.block.5.layer.1.EncDecAttention.k.weight
t5-large,winogrande,1.5170286893844604,203,transformer.decoder.block.5.layer.1.EncDecAttention.v.weight
t5-large,winogrande,1.4036381244659424,204,transformer.decoder.block.5.layer.1.EncDecAttention.o.weight
t5-large,winogrande,1.9287859201431274,205,transformer.decoder.block.5.layer.2.DenseReluDense.wi.weight
t5-large,winogrande,1.8952544927597046,206,transformer.decoder.block.5.layer.2.DenseReluDense.wo.weight
t5-large,winogrande,1.0099471807479858,207,transformer.decoder.block.6.layer.0.SelfAttention.q.weight
t5-large,winogrande,0.9982434511184692,208,transformer.decoder.block.6.layer.0.SelfAttention.k.weight
t5-large,winogrande,1.462869644165039,209,transformer.decoder.block.6.layer.0.SelfAttention.v.weight
t5-large,winogrande,1.4015172719955444,210,transformer.decoder.block.6.layer.0.SelfAttention.o.weight
t5-large,winogrande,1.0751774311065674,211,transformer.decoder.block.6.layer.1.EncDecAttention.q.weight
t5-large,winogrande,1.3695415258407593,212,transformer.decoder.block.6.layer.1.EncDecAttention.k.weight
t5-large,winogrande,1.3762152194976807,213,transformer.decoder.block.6.layer.1.EncDecAttention.v.weight
t5-large,winogrande,1.3319264650344849,214,transformer.decoder.block.6.layer.1.EncDecAttention.o.weight
t5-large,winogrande,2.0887610912323,215,transformer.decoder.block.6.layer.2.DenseReluDense.wi.weight
t5-large,winogrande,2.0198850631713867,216,transformer.decoder.block.6.layer.2.DenseReluDense.wo.weight
t5-large,winogrande,1.0298131704330444,217,transformer.decoder.block.7.layer.0.SelfAttention.q.weight
t5-large,winogrande,1.0248963832855225,218,transformer.decoder.block.7.layer.0.SelfAttention.k.weight
t5-large,winogrande,1.4978265762329102,219,transformer.decoder.block.7.layer.0.SelfAttention.v.weight
t5-large,winogrande,1.4874906539916992,220,transformer.decoder.block.7.layer.0.SelfAttention.o.weight
t5-large,winogrande,1.1334370374679565,221,transformer.decoder.block.7.layer.1.EncDecAttention.q.weight
t5-large,winogrande,1.4334619045257568,222,transformer.decoder.block.7.layer.1.EncDecAttention.k.weight
t5-large,winogrande,1.4549939632415771,223,transformer.decoder.block.7.layer.1.EncDecAttention.v.weight
t5-large,winogrande,1.3836469650268555,224,transformer.decoder.block.7.layer.1.EncDecAttention.o.weight
t5-large,winogrande,2.274186372756958,225,transformer.decoder.block.7.layer.2.DenseReluDense.wi.weight
t5-large,winogrande,2.247865915298462,226,transformer.decoder.block.7.layer.2.DenseReluDense.wo.weight
t5-large,winogrande,0.9802208542823792,227,transformer.decoder.block.8.layer.0.SelfAttention.q.weight
t5-large,winogrande,0.9807836413383484,228,transformer.decoder.block.8.layer.0.SelfAttention.k.weight
t5-large,winogrande,1.5828170776367188,229,transformer.decoder.block.8.layer.0.SelfAttention.v.weight
t5-large,winogrande,1.50320303440094,230,transformer.decoder.block.8.layer.0.SelfAttention.o.weight
t5-large,winogrande,1.1870379447937012,231,transformer.decoder.block.8.layer.1.EncDecAttention.q.weight
t5-large,winogrande,1.503994345664978,232,transformer.decoder.block.8.layer.1.EncDecAttention.k.weight
t5-large,winogrande,1.4359532594680786,233,transformer.decoder.block.8.layer.1.EncDecAttention.v.weight
t5-large,winogrande,1.3965803384780884,234,transformer.decoder.block.8.layer.1.EncDecAttention.o.weight
t5-large,winogrande,2.1839685440063477,235,transformer.decoder.block.8.layer.2.DenseReluDense.wi.weight
t5-large,winogrande,2.137791395187378,236,transformer.decoder.block.8.layer.2.DenseReluDense.wo.weight
t5-large,winogrande,0.9347923398017883,237,transformer.decoder.block.9.layer.0.SelfAttention.q.weight
t5-large,winogrande,0.9420127272605896,238,transformer.decoder.block.9.layer.0.SelfAttention.k.weight
t5-large,winogrande,1.551454782485962,239,transformer.decoder.block.9.layer.0.SelfAttention.v.weight
t5-large,winogrande,1.5021370649337769,240,transformer.decoder.block.9.layer.0.SelfAttention.o.weight
t5-large,winogrande,1.1564406156539917,241,transformer.decoder.block.9.layer.1.EncDecAttention.q.weight
t5-large,winogrande,1.5091873407363892,242,transformer.decoder.block.9.layer.1.EncDecAttention.k.weight
t5-large,winogrande,1.5007965564727783,243,transformer.decoder.block.9.layer.1.EncDecAttention.v.weight
t5-large,winogrande,1.4707030057907104,244,transformer.decoder.block.9.layer.1.EncDecAttention.o.weight
t5-large,winogrande,2.400146961212158,245,transformer.decoder.block.9.layer.2.DenseReluDense.wi.weight
t5-large,winogrande,2.360067367553711,246,transformer.decoder.block.9.layer.2.DenseReluDense.wo.weight
t5-large,winogrande,1.0432202816009521,247,transformer.decoder.block.10.layer.0.SelfAttention.q.weight
t5-large,winogrande,1.0425437688827515,248,transformer.decoder.block.10.layer.0.SelfAttention.k.weight
t5-large,winogrande,1.6545991897583008,249,transformer.decoder.block.10.layer.0.SelfAttention.v.weight
t5-large,winogrande,1.5872100591659546,250,transformer.decoder.block.10.layer.0.SelfAttention.o.weight
t5-large,winogrande,1.2908480167388916,251,transformer.decoder.block.10.layer.1.EncDecAttention.q.weight
t5-large,winogrande,1.7250945568084717,252,transformer.decoder.block.10.layer.1.EncDecAttention.k.weight
t5-large,winogrande,1.5162502527236938,253,transformer.decoder.block.10.layer.1.EncDecAttention.v.weight
t5-large,winogrande,1.4603217840194702,254,transformer.decoder.block.10.layer.1.EncDecAttention.o.weight
t5-large,winogrande,2.429809093475342,255,transformer.decoder.block.10.layer.2.DenseReluDense.wi.weight
t5-large,winogrande,2.395333766937256,256,transformer.decoder.block.10.layer.2.DenseReluDense.wo.weight
t5-large,winogrande,1.031150460243225,257,transformer.decoder.block.11.layer.0.SelfAttention.q.weight
t5-large,winogrande,1.008681297302246,258,transformer.decoder.block.11.layer.0.SelfAttention.k.weight
t5-large,winogrande,1.6782017946243286,259,transformer.decoder.block.11.layer.0.SelfAttention.v.weight
t5-large,winogrande,1.6108863353729248,260,transformer.decoder.block.11.layer.0.SelfAttention.o.weight
t5-large,winogrande,1.313031792640686,261,transformer.decoder.block.11.layer.1.EncDecAttention.q.weight
t5-large,winogrande,1.6293789148330688,262,transformer.decoder.block.11.layer.1.EncDecAttention.k.weight
t5-large,winogrande,1.566630482673645,263,transformer.decoder.block.11.layer.1.EncDecAttention.v.weight
t5-large,winogrande,1.477103590965271,264,transformer.decoder.block.11.layer.1.EncDecAttention.o.weight
t5-large,winogrande,2.7707533836364746,265,transformer.decoder.block.11.layer.2.DenseReluDense.wi.weight
t5-large,winogrande,2.805516004562378,266,transformer.decoder.block.11.layer.2.DenseReluDense.wo.weight
t5-large,winogrande,1.1276867389678955,267,transformer.decoder.block.12.layer.0.SelfAttention.q.weight
t5-large,winogrande,1.1328891515731812,268,transformer.decoder.block.12.layer.0.SelfAttention.k.weight
t5-large,winogrande,1.7440992593765259,269,transformer.decoder.block.12.layer.0.SelfAttention.v.weight
t5-large,winogrande,1.6698609590530396,270,transformer.decoder.block.12.layer.0.SelfAttention.o.weight
t5-large,winogrande,1.3499101400375366,271,transformer.decoder.block.12.layer.1.EncDecAttention.q.weight
t5-large,winogrande,1.857381820678711,272,transformer.decoder.block.12.layer.1.EncDecAttention.k.weight
t5-large,winogrande,1.6172343492507935,273,transformer.decoder.block.12.layer.1.EncDecAttention.v.weight
t5-large,winogrande,1.5059027671813965,274,transformer.decoder.block.12.layer.1.EncDecAttention.o.weight
t5-large,winogrande,2.941035747528076,275,transformer.decoder.block.12.layer.2.DenseReluDense.wi.weight
t5-large,winogrande,3.0177013874053955,276,transformer.decoder.block.12.layer.2.DenseReluDense.wo.weight
t5-large,winogrande,1.0278480052947998,277,transformer.decoder.block.13.layer.0.SelfAttention.q.weight
t5-large,winogrande,1.0281386375427246,278,transformer.decoder.block.13.layer.0.SelfAttention.k.weight
t5-large,winogrande,1.7565876245498657,279,transformer.decoder.block.13.layer.0.SelfAttention.v.weight
t5-large,winogrande,1.6932555437088013,280,transformer.decoder.block.13.layer.0.SelfAttention.o.weight
t5-large,winogrande,1.3786441087722778,281,transformer.decoder.block.13.layer.1.EncDecAttention.q.weight
t5-large,winogrande,1.6537437438964844,282,transformer.decoder.block.13.layer.1.EncDecAttention.k.weight
t5-large,winogrande,1.5979708433151245,283,transformer.decoder.block.13.layer.1.EncDecAttention.v.weight
t5-large,winogrande,1.5242270231246948,284,transformer.decoder.block.13.layer.1.EncDecAttention.o.weight
t5-large,winogrande,2.9491281509399414,285,transformer.decoder.block.13.layer.2.DenseReluDense.wi.weight
t5-large,winogrande,3.0230257511138916,286,transformer.decoder.block.13.layer.2.DenseReluDense.wo.weight
t5-large,winogrande,1.0548040866851807,287,transformer.decoder.block.14.layer.0.SelfAttention.q.weight
t5-large,winogrande,1.0367892980575562,288,transformer.decoder.block.14.layer.0.SelfAttention.k.weight
t5-large,winogrande,1.6802924871444702,289,transformer.decoder.block.14.layer.0.SelfAttention.v.weight
t5-large,winogrande,1.6204655170440674,290,transformer.decoder.block.14.layer.0.SelfAttention.o.weight
t5-large,winogrande,1.3886198997497559,291,transformer.decoder.block.14.layer.1.EncDecAttention.q.weight
t5-large,winogrande,1.6454182863235474,292,transformer.decoder.block.14.layer.1.EncDecAttention.k.weight
t5-large,winogrande,1.6437358856201172,293,transformer.decoder.block.14.layer.1.EncDecAttention.v.weight
t5-large,winogrande,1.5375235080718994,294,transformer.decoder.block.14.layer.1.EncDecAttention.o.weight
t5-large,winogrande,3.0287346839904785,295,transformer.decoder.block.14.layer.2.DenseReluDense.wi.weight
t5-large,winogrande,3.0860800743103027,296,transformer.decoder.block.14.layer.2.DenseReluDense.wo.weight
t5-large,winogrande,1.1453102827072144,297,transformer.decoder.block.15.layer.0.SelfAttention.q.weight
t5-large,winogrande,1.1465399265289307,298,transformer.decoder.block.15.layer.0.SelfAttention.k.weight
t5-large,winogrande,1.7088208198547363,299,transformer.decoder.block.15.layer.0.SelfAttention.v.weight
t5-large,winogrande,1.6276284456253052,300,transformer.decoder.block.15.layer.0.SelfAttention.o.weight
t5-large,winogrande,1.5613234043121338,301,transformer.decoder.block.15.layer.1.EncDecAttention.q.weight
t5-large,winogrande,1.783619999885559,302,transformer.decoder.block.15.layer.1.EncDecAttention.k.weight
t5-large,winogrande,1.6135482788085938,303,transformer.decoder.block.15.layer.1.EncDecAttention.v.weight
t5-large,winogrande,1.5423451662063599,304,transformer.decoder.block.15.layer.1.EncDecAttention.o.weight
t5-large,winogrande,3.0607476234436035,305,transformer.decoder.block.15.layer.2.DenseReluDense.wi.weight
t5-large,winogrande,3.1321778297424316,306,transformer.decoder.block.15.layer.2.DenseReluDense.wo.weight
t5-large,winogrande,1.0462143421173096,307,transformer.decoder.block.16.layer.0.SelfAttention.q.weight
t5-large,winogrande,1.0426933765411377,308,transformer.decoder.block.16.layer.0.SelfAttention.k.weight
t5-large,winogrande,1.7472790479660034,309,transformer.decoder.block.16.layer.0.SelfAttention.v.weight
t5-large,winogrande,1.704850196838379,310,transformer.decoder.block.16.layer.0.SelfAttention.o.weight
t5-large,winogrande,1.6516070365905762,311,transformer.decoder.block.16.layer.1.EncDecAttention.q.weight
t5-large,winogrande,1.8900172710418701,312,transformer.decoder.block.16.layer.1.EncDecAttention.k.weight
t5-large,winogrande,1.6850411891937256,313,transformer.decoder.block.16.layer.1.EncDecAttention.v.weight
t5-large,winogrande,1.6139708757400513,314,transformer.decoder.block.16.layer.1.EncDecAttention.o.weight
t5-large,winogrande,3.194401502609253,315,transformer.decoder.block.16.layer.2.DenseReluDense.wi.weight
t5-large,winogrande,3.236398935317993,316,transformer.decoder.block.16.layer.2.DenseReluDense.wo.weight
t5-large,winogrande,1.1117671728134155,317,transformer.decoder.block.17.layer.0.SelfAttention.q.weight
t5-large,winogrande,1.093250036239624,318,transformer.decoder.block.17.layer.0.SelfAttention.k.weight
t5-large,winogrande,1.8416802883148193,319,transformer.decoder.block.17.layer.0.SelfAttention.v.weight
t5-large,winogrande,1.7680829763412476,320,transformer.decoder.block.17.layer.0.SelfAttention.o.weight
t5-large,winogrande,1.5361149311065674,321,transformer.decoder.block.17.layer.1.EncDecAttention.q.weight
t5-large,winogrande,1.672455072402954,322,transformer.decoder.block.17.layer.1.EncDecAttention.k.weight
t5-large,winogrande,1.6286543607711792,323,transformer.decoder.block.17.layer.1.EncDecAttention.v.weight
t5-large,winogrande,1.5779560804367065,324,transformer.decoder.block.17.layer.1.EncDecAttention.o.weight
t5-large,winogrande,3.0891551971435547,325,transformer.decoder.block.17.layer.2.DenseReluDense.wi.weight
t5-large,winogrande,3.0915563106536865,326,transformer.decoder.block.17.layer.2.DenseReluDense.wo.weight
t5-large,winogrande,1.0790079832077026,327,transformer.decoder.block.18.layer.0.SelfAttention.q.weight
t5-large,winogrande,1.07725989818573,328,transformer.decoder.block.18.layer.0.SelfAttention.k.weight
t5-large,winogrande,1.7024645805358887,329,transformer.decoder.block.18.layer.0.SelfAttention.v.weight
t5-large,winogrande,1.6473058462142944,330,transformer.decoder.block.18.layer.0.SelfAttention.o.weight
t5-large,winogrande,1.4816614389419556,331,transformer.decoder.block.18.layer.1.EncDecAttention.q.weight
t5-large,winogrande,1.6144332885742188,332,transformer.decoder.block.18.layer.1.EncDecAttention.k.weight
t5-large,winogrande,1.6205217838287354,333,transformer.decoder.block.18.layer.1.EncDecAttention.v.weight
t5-large,winogrande,1.574912190437317,334,transformer.decoder.block.18.layer.1.EncDecAttention.o.weight
t5-large,winogrande,3.1523079872131348,335,transformer.decoder.block.18.layer.2.DenseReluDense.wi.weight
t5-large,winogrande,3.2564024925231934,336,transformer.decoder.block.18.layer.2.DenseReluDense.wo.weight
t5-large,winogrande,1.1136157512664795,337,transformer.decoder.block.19.layer.0.SelfAttention.q.weight
t5-large,winogrande,1.1012884378433228,338,transformer.decoder.block.19.layer.0.SelfAttention.k.weight
t5-large,winogrande,1.7693655490875244,339,transformer.decoder.block.19.layer.0.SelfAttention.v.weight
t5-large,winogrande,1.6867859363555908,340,transformer.decoder.block.19.layer.0.SelfAttention.o.weight
t5-large,winogrande,1.5031732320785522,341,transformer.decoder.block.19.layer.1.EncDecAttention.q.weight
t5-large,winogrande,1.6404279470443726,342,transformer.decoder.block.19.layer.1.EncDecAttention.k.weight
t5-large,winogrande,1.6582045555114746,343,transformer.decoder.block.19.layer.1.EncDecAttention.v.weight
t5-large,winogrande,1.5896209478378296,344,transformer.decoder.block.19.layer.1.EncDecAttention.o.weight
t5-large,winogrande,3.1027584075927734,345,transformer.decoder.block.19.layer.2.DenseReluDense.wi.weight
t5-large,winogrande,3.1641571521759033,346,transformer.decoder.block.19.layer.2.DenseReluDense.wo.weight
t5-large,winogrande,1.1846370697021484,347,transformer.decoder.block.20.layer.0.SelfAttention.q.weight
t5-large,winogrande,1.198767066001892,348,transformer.decoder.block.20.layer.0.SelfAttention.k.weight
t5-large,winogrande,1.793821096420288,349,transformer.decoder.block.20.layer.0.SelfAttention.v.weight
t5-large,winogrande,1.7647366523742676,350,transformer.decoder.block.20.layer.0.SelfAttention.o.weight
t5-large,winogrande,1.5441542863845825,351,transformer.decoder.block.20.layer.1.EncDecAttention.q.weight
t5-large,winogrande,1.669237494468689,352,transformer.decoder.block.20.layer.1.EncDecAttention.k.weight
t5-large,winogrande,1.6466275453567505,353,transformer.decoder.block.20.layer.1.EncDecAttention.v.weight
t5-large,winogrande,1.6169413328170776,354,transformer.decoder.block.20.layer.1.EncDecAttention.o.weight
t5-large,winogrande,2.9971988201141357,355,transformer.decoder.block.20.layer.2.DenseReluDense.wi.weight
t5-large,winogrande,3.0920722484588623,356,transformer.decoder.block.20.layer.2.DenseReluDense.wo.weight
t5-large,winogrande,1.1581645011901855,357,transformer.decoder.block.21.layer.0.SelfAttention.q.weight
t5-large,winogrande,1.1439498662948608,358,transformer.decoder.block.21.layer.0.SelfAttention.k.weight
t5-large,winogrande,1.8100614547729492,359,transformer.decoder.block.21.layer.0.SelfAttention.v.weight
t5-large,winogrande,1.7973260879516602,360,transformer.decoder.block.21.layer.0.SelfAttention.o.weight
t5-large,winogrande,1.6794548034667969,361,transformer.decoder.block.21.layer.1.EncDecAttention.q.weight
t5-large,winogrande,1.7509936094284058,362,transformer.decoder.block.21.layer.1.EncDecAttention.k.weight
t5-large,winogrande,1.7041212320327759,363,transformer.decoder.block.21.layer.1.EncDecAttention.v.weight
t5-large,winogrande,1.691741704940796,364,transformer.decoder.block.21.layer.1.EncDecAttention.o.weight
t5-large,winogrande,3.0493390560150146,365,transformer.decoder.block.21.layer.2.DenseReluDense.wi.weight
t5-large,winogrande,3.1827094554901123,366,transformer.decoder.block.21.layer.2.DenseReluDense.wo.weight
t5-large,winogrande,1.1936203241348267,367,transformer.decoder.block.22.layer.0.SelfAttention.q.weight
t5-large,winogrande,1.186647653579712,368,transformer.decoder.block.22.layer.0.SelfAttention.k.weight
t5-large,winogrande,1.7687848806381226,369,transformer.decoder.block.22.layer.0.SelfAttention.v.weight
t5-large,winogrande,1.7811347246170044,370,transformer.decoder.block.22.layer.0.SelfAttention.o.weight
t5-large,winogrande,1.7178654670715332,371,transformer.decoder.block.22.layer.1.EncDecAttention.q.weight
t5-large,winogrande,1.7803748846054077,372,transformer.decoder.block.22.layer.1.EncDecAttention.k.weight
t5-large,winogrande,1.7414205074310303,373,transformer.decoder.block.22.layer.1.EncDecAttention.v.weight
t5-large,winogrande,1.7348395586013794,374,transformer.decoder.block.22.layer.1.EncDecAttention.o.weight
t5-large,winogrande,3.0587916374206543,375,transformer.decoder.block.22.layer.2.DenseReluDense.wi.weight
t5-large,winogrande,3.2188076972961426,376,transformer.decoder.block.22.layer.2.DenseReluDense.wo.weight
t5-large,winogrande,1.2306180000305176,377,transformer.decoder.block.23.layer.0.SelfAttention.q.weight
t5-large,winogrande,1.2476615905761719,378,transformer.decoder.block.23.layer.0.SelfAttention.k.weight
t5-large,winogrande,1.8132301568984985,379,transformer.decoder.block.23.layer.0.SelfAttention.v.weight
t5-large,winogrande,1.8160817623138428,380,transformer.decoder.block.23.layer.0.SelfAttention.o.weight
t5-large,winogrande,1.7039698362350464,381,transformer.decoder.block.23.layer.1.EncDecAttention.q.weight
t5-large,winogrande,1.846320390701294,382,transformer.decoder.block.23.layer.1.EncDecAttention.k.weight
t5-large,winogrande,1.6718997955322266,383,transformer.decoder.block.23.layer.1.EncDecAttention.v.weight
t5-large,winogrande,1.743294596672058,384,transformer.decoder.block.23.layer.1.EncDecAttention.o.weight
t5-large,winogrande,3.194014310836792,385,transformer.decoder.block.23.layer.2.DenseReluDense.wi.weight
t5-large,winogrande,3.1698219776153564,386,transformer.decoder.block.23.layer.2.DenseReluDense.wo.weight
t5-large,wsc,5.049345970153809,0,transformer.shared.weight
t5-large,wsc,1.0700377225875854,1,transformer.encoder.block.0.layer.0.SelfAttention.q.weight
t5-large,wsc,1.0800174474716187,2,transformer.encoder.block.0.layer.0.SelfAttention.k.weight
t5-large,wsc,1.1233422756195068,3,transformer.encoder.block.0.layer.0.SelfAttention.v.weight
t5-large,wsc,1.1272141933441162,4,transformer.encoder.block.0.layer.0.SelfAttention.o.weight
t5-large,wsc,0.029993824660778046,5,transformer.encoder.block.0.layer.0.SelfAttention.relative_attention_bias.weight
t5-large,wsc,2.529902219772339,6,transformer.encoder.block.0.layer.1.DenseReluDense.wi.weight
t5-large,wsc,2.6286919116973877,7,transformer.encoder.block.0.layer.1.DenseReluDense.wo.weight
t5-large,wsc,1.0273587703704834,8,transformer.encoder.block.1.layer.0.SelfAttention.q.weight
t5-large,wsc,1.0393728017807007,9,transformer.encoder.block.1.layer.0.SelfAttention.k.weight
t5-large,wsc,1.0667444467544556,10,transformer.encoder.block.1.layer.0.SelfAttention.v.weight
t5-large,wsc,1.0628230571746826,11,transformer.encoder.block.1.layer.0.SelfAttention.o.weight
t5-large,wsc,2.5652735233306885,12,transformer.encoder.block.1.layer.1.DenseReluDense.wi.weight
t5-large,wsc,2.7365403175354004,13,transformer.encoder.block.1.layer.1.DenseReluDense.wo.weight
t5-large,wsc,1.0711246728897095,14,transformer.encoder.block.2.layer.0.SelfAttention.q.weight
t5-large,wsc,1.0659739971160889,15,transformer.encoder.block.2.layer.0.SelfAttention.k.weight
t5-large,wsc,1.0691171884536743,16,transformer.encoder.block.2.layer.0.SelfAttention.v.weight
t5-large,wsc,1.065548300743103,17,transformer.encoder.block.2.layer.0.SelfAttention.o.weight
t5-large,wsc,2.6156702041625977,18,transformer.encoder.block.2.layer.1.DenseReluDense.wi.weight
t5-large,wsc,2.8052079677581787,19,transformer.encoder.block.2.layer.1.DenseReluDense.wo.weight
t5-large,wsc,1.0117839574813843,20,transformer.encoder.block.3.layer.0.SelfAttention.q.weight
t5-large,wsc,1.0305073261260986,21,transformer.encoder.block.3.layer.0.SelfAttention.k.weight
t5-large,wsc,1.0576685667037964,22,transformer.encoder.block.3.layer.0.SelfAttention.v.weight
t5-large,wsc,1.0524390935897827,23,transformer.encoder.block.3.layer.0.SelfAttention.o.weight
t5-large,wsc,2.8159687519073486,24,transformer.encoder.block.3.layer.1.DenseReluDense.wi.weight
t5-large,wsc,3.0068328380584717,25,transformer.encoder.block.3.layer.1.DenseReluDense.wo.weight
t5-large,wsc,1.016752004623413,26,transformer.encoder.block.4.layer.0.SelfAttention.q.weight
t5-large,wsc,1.0325993299484253,27,transformer.encoder.block.4.layer.0.SelfAttention.k.weight
t5-large,wsc,1.075472116470337,28,transformer.encoder.block.4.layer.0.SelfAttention.v.weight
t5-large,wsc,1.074496865272522,29,transformer.encoder.block.4.layer.0.SelfAttention.o.weight
t5-large,wsc,2.867220401763916,30,transformer.encoder.block.4.layer.1.DenseReluDense.wi.weight
t5-large,wsc,3.0778181552886963,31,transformer.encoder.block.4.layer.1.DenseReluDense.wo.weight
t5-large,wsc,1.02394437789917,32,transformer.encoder.block.5.layer.0.SelfAttention.q.weight
t5-large,wsc,1.0524073839187622,33,transformer.encoder.block.5.layer.0.SelfAttention.k.weight
t5-large,wsc,1.0519617795944214,34,transformer.encoder.block.5.layer.0.SelfAttention.v.weight
t5-large,wsc,1.0614497661590576,35,transformer.encoder.block.5.layer.0.SelfAttention.o.weight
t5-large,wsc,2.9193387031555176,36,transformer.encoder.block.5.layer.1.DenseReluDense.wi.weight
t5-large,wsc,3.1249799728393555,37,transformer.encoder.block.5.layer.1.DenseReluDense.wo.weight
t5-large,wsc,0.9630013108253479,38,transformer.encoder.block.6.layer.0.SelfAttention.q.weight
t5-large,wsc,0.9751495122909546,39,transformer.encoder.block.6.layer.0.SelfAttention.k.weight
t5-large,wsc,1.0257933139801025,40,transformer.encoder.block.6.layer.0.SelfAttention.v.weight
t5-large,wsc,1.0590124130249023,41,transformer.encoder.block.6.layer.0.SelfAttention.o.weight
t5-large,wsc,3.0458478927612305,42,transformer.encoder.block.6.layer.1.DenseReluDense.wi.weight
t5-large,wsc,3.2720518112182617,43,transformer.encoder.block.6.layer.1.DenseReluDense.wo.weight
t5-large,wsc,0.9874022006988525,44,transformer.encoder.block.7.layer.0.SelfAttention.q.weight
t5-large,wsc,1.0001256465911865,45,transformer.encoder.block.7.layer.0.SelfAttention.k.weight
t5-large,wsc,1.0303453207015991,46,transformer.encoder.block.7.layer.0.SelfAttention.v.weight
t5-large,wsc,1.0576447248458862,47,transformer.encoder.block.7.layer.0.SelfAttention.o.weight
t5-large,wsc,3.061079740524292,48,transformer.encoder.block.7.layer.1.DenseReluDense.wi.weight
t5-large,wsc,3.31413197517395,49,transformer.encoder.block.7.layer.1.DenseReluDense.wo.weight
t5-large,wsc,0.9818204641342163,50,transformer.encoder.block.8.layer.0.SelfAttention.q.weight
t5-large,wsc,0.9850386381149292,51,transformer.encoder.block.8.layer.0.SelfAttention.k.weight
t5-large,wsc,1.0003831386566162,52,transformer.encoder.block.8.layer.0.SelfAttention.v.weight
t5-large,wsc,1.0597730875015259,53,transformer.encoder.block.8.layer.0.SelfAttention.o.weight
t5-large,wsc,3.270651340484619,54,transformer.encoder.block.8.layer.1.DenseReluDense.wi.weight
t5-large,wsc,3.6413888931274414,55,transformer.encoder.block.8.layer.1.DenseReluDense.wo.weight
t5-large,wsc,0.960250198841095,56,transformer.encoder.block.9.layer.0.SelfAttention.q.weight
t5-large,wsc,0.9525296092033386,57,transformer.encoder.block.9.layer.0.SelfAttention.k.weight
t5-large,wsc,1.0079253911972046,58,transformer.encoder.block.9.layer.0.SelfAttention.v.weight
t5-large,wsc,1.0634232759475708,59,transformer.encoder.block.9.layer.0.SelfAttention.o.weight
t5-large,wsc,3.4592831134796143,60,transformer.encoder.block.9.layer.1.DenseReluDense.wi.weight
t5-large,wsc,3.7790942192077637,61,transformer.encoder.block.9.layer.1.DenseReluDense.wo.weight
t5-large,wsc,0.9912782907485962,62,transformer.encoder.block.10.layer.0.SelfAttention.q.weight
t5-large,wsc,1.0047584772109985,63,transformer.encoder.block.10.layer.0.SelfAttention.k.weight
t5-large,wsc,1.0090774297714233,64,transformer.encoder.block.10.layer.0.SelfAttention.v.weight
t5-large,wsc,1.0797696113586426,65,transformer.encoder.block.10.layer.0.SelfAttention.o.weight
t5-large,wsc,3.6547293663024902,66,transformer.encoder.block.10.layer.1.DenseReluDense.wi.weight
t5-large,wsc,3.945824384689331,67,transformer.encoder.block.10.layer.1.DenseReluDense.wo.weight
t5-large,wsc,1.0495901107788086,68,transformer.encoder.block.11.layer.0.SelfAttention.q.weight
t5-large,wsc,1.0593585968017578,69,transformer.encoder.block.11.layer.0.SelfAttention.k.weight
t5-large,wsc,1.0657424926757812,70,transformer.encoder.block.11.layer.0.SelfAttention.v.weight
t5-large,wsc,1.1404926776885986,71,transformer.encoder.block.11.layer.0.SelfAttention.o.weight
t5-large,wsc,3.887075901031494,72,transformer.encoder.block.11.layer.1.DenseReluDense.wi.weight
t5-large,wsc,4.1438984870910645,73,transformer.encoder.block.11.layer.1.DenseReluDense.wo.weight
t5-large,wsc,1.1040687561035156,74,transformer.encoder.block.12.layer.0.SelfAttention.q.weight
t5-large,wsc,1.1178312301635742,75,transformer.encoder.block.12.layer.0.SelfAttention.k.weight
t5-large,wsc,1.1363062858581543,76,transformer.encoder.block.12.layer.0.SelfAttention.v.weight
t5-large,wsc,1.2021136283874512,77,transformer.encoder.block.12.layer.0.SelfAttention.o.weight
t5-large,wsc,3.723933696746826,78,transformer.encoder.block.12.layer.1.DenseReluDense.wi.weight
t5-large,wsc,4.0079522132873535,79,transformer.encoder.block.12.layer.1.DenseReluDense.wo.weight
t5-large,wsc,1.0602678060531616,80,transformer.encoder.block.13.layer.0.SelfAttention.q.weight
t5-large,wsc,1.0723727941513062,81,transformer.encoder.block.13.layer.0.SelfAttention.k.weight
t5-large,wsc,1.0952458381652832,82,transformer.encoder.block.13.layer.0.SelfAttention.v.weight
t5-large,wsc,1.1915866136550903,83,transformer.encoder.block.13.layer.0.SelfAttention.o.weight
t5-large,wsc,3.900031328201294,84,transformer.encoder.block.13.layer.1.DenseReluDense.wi.weight
t5-large,wsc,4.174801349639893,85,transformer.encoder.block.13.layer.1.DenseReluDense.wo.weight
t5-large,wsc,1.1445846557617188,86,transformer.encoder.block.14.layer.0.SelfAttention.q.weight
t5-large,wsc,1.1928151845932007,87,transformer.encoder.block.14.layer.0.SelfAttention.k.weight
t5-large,wsc,1.1858607530593872,88,transformer.encoder.block.14.layer.0.SelfAttention.v.weight
t5-large,wsc,1.239638090133667,89,transformer.encoder.block.14.layer.0.SelfAttention.o.weight
t5-large,wsc,4.074275970458984,90,transformer.encoder.block.14.layer.1.DenseReluDense.wi.weight
t5-large,wsc,4.444694519042969,91,transformer.encoder.block.14.layer.1.DenseReluDense.wo.weight
t5-large,wsc,1.2914187908172607,92,transformer.encoder.block.15.layer.0.SelfAttention.q.weight
t5-large,wsc,1.3572484254837036,93,transformer.encoder.block.15.layer.0.SelfAttention.k.weight
t5-large,wsc,1.3474397659301758,94,transformer.encoder.block.15.layer.0.SelfAttention.v.weight
t5-large,wsc,1.3596912622451782,95,transformer.encoder.block.15.layer.0.SelfAttention.o.weight
t5-large,wsc,4.059983253479004,96,transformer.encoder.block.15.layer.1.DenseReluDense.wi.weight
t5-large,wsc,4.461981296539307,97,transformer.encoder.block.15.layer.1.DenseReluDense.wo.weight
t5-large,wsc,1.2011653184890747,98,transformer.encoder.block.16.layer.0.SelfAttention.q.weight
t5-large,wsc,1.2672854661941528,99,transformer.encoder.block.16.layer.0.SelfAttention.k.weight
t5-large,wsc,1.3714932203292847,100,transformer.encoder.block.16.layer.0.SelfAttention.v.weight
t5-large,wsc,1.3863437175750732,101,transformer.encoder.block.16.layer.0.SelfAttention.o.weight
t5-large,wsc,4.347233772277832,102,transformer.encoder.block.16.layer.1.DenseReluDense.wi.weight
t5-large,wsc,4.708777904510498,103,transformer.encoder.block.16.layer.1.DenseReluDense.wo.weight
t5-large,wsc,1.2768412828445435,104,transformer.encoder.block.17.layer.0.SelfAttention.q.weight
t5-large,wsc,1.3749281167984009,105,transformer.encoder.block.17.layer.0.SelfAttention.k.weight
t5-large,wsc,1.3994216918945312,106,transformer.encoder.block.17.layer.0.SelfAttention.v.weight
t5-large,wsc,1.4553498029708862,107,transformer.encoder.block.17.layer.0.SelfAttention.o.weight
t5-large,wsc,4.699298858642578,108,transformer.encoder.block.17.layer.1.DenseReluDense.wi.weight
t5-large,wsc,5.1809186935424805,109,transformer.encoder.block.17.layer.1.DenseReluDense.wo.weight
t5-large,wsc,1.420508623123169,110,transformer.encoder.block.18.layer.0.SelfAttention.q.weight
t5-large,wsc,1.5310332775115967,111,transformer.encoder.block.18.layer.0.SelfAttention.k.weight
t5-large,wsc,1.6417195796966553,112,transformer.encoder.block.18.layer.0.SelfAttention.v.weight
t5-large,wsc,1.6861598491668701,113,transformer.encoder.block.18.layer.0.SelfAttention.o.weight
t5-large,wsc,4.80830717086792,114,transformer.encoder.block.18.layer.1.DenseReluDense.wi.weight
t5-large,wsc,5.36001443862915,115,transformer.encoder.block.18.layer.1.DenseReluDense.wo.weight
t5-large,wsc,1.4398305416107178,116,transformer.encoder.block.19.layer.0.SelfAttention.q.weight
t5-large,wsc,1.568690538406372,117,transformer.encoder.block.19.layer.0.SelfAttention.k.weight
t5-large,wsc,1.6560887098312378,118,transformer.encoder.block.19.layer.0.SelfAttention.v.weight
t5-large,wsc,1.7051916122436523,119,transformer.encoder.block.19.layer.0.SelfAttention.o.weight
t5-large,wsc,5.509944438934326,120,transformer.encoder.block.19.layer.1.DenseReluDense.wi.weight
t5-large,wsc,5.998599529266357,121,transformer.encoder.block.19.layer.1.DenseReluDense.wo.weight
t5-large,wsc,1.7964714765548706,122,transformer.encoder.block.20.layer.0.SelfAttention.q.weight
t5-large,wsc,1.9458287954330444,123,transformer.encoder.block.20.layer.0.SelfAttention.k.weight
t5-large,wsc,1.8483163118362427,124,transformer.encoder.block.20.layer.0.SelfAttention.v.weight
t5-large,wsc,1.8296817541122437,125,transformer.encoder.block.20.layer.0.SelfAttention.o.weight
t5-large,wsc,6.362523555755615,126,transformer.encoder.block.20.layer.1.DenseReluDense.wi.weight
t5-large,wsc,6.78671932220459,127,transformer.encoder.block.20.layer.1.DenseReluDense.wo.weight
t5-large,wsc,1.9437509775161743,128,transformer.encoder.block.21.layer.0.SelfAttention.q.weight
t5-large,wsc,2.0701143741607666,129,transformer.encoder.block.21.layer.0.SelfAttention.k.weight
t5-large,wsc,1.8501594066619873,130,transformer.encoder.block.21.layer.0.SelfAttention.v.weight
t5-large,wsc,1.8514901399612427,131,transformer.encoder.block.21.layer.0.SelfAttention.o.weight
t5-large,wsc,6.400880813598633,132,transformer.encoder.block.21.layer.1.DenseReluDense.wi.weight
t5-large,wsc,6.6429829597473145,133,transformer.encoder.block.21.layer.1.DenseReluDense.wo.weight
t5-large,wsc,1.7893867492675781,134,transformer.encoder.block.22.layer.0.SelfAttention.q.weight
t5-large,wsc,1.8388092517852783,135,transformer.encoder.block.22.layer.0.SelfAttention.k.weight
t5-large,wsc,1.7428219318389893,136,transformer.encoder.block.22.layer.0.SelfAttention.v.weight
t5-large,wsc,1.7091130018234253,137,transformer.encoder.block.22.layer.0.SelfAttention.o.weight
t5-large,wsc,6.463212966918945,138,transformer.encoder.block.22.layer.1.DenseReluDense.wi.weight
t5-large,wsc,6.877773284912109,139,transformer.encoder.block.22.layer.1.DenseReluDense.wo.weight
t5-large,wsc,1.8047175407409668,140,transformer.encoder.block.23.layer.0.SelfAttention.q.weight
t5-large,wsc,1.9340590238571167,141,transformer.encoder.block.23.layer.0.SelfAttention.k.weight
t5-large,wsc,1.8407261371612549,142,transformer.encoder.block.23.layer.0.SelfAttention.v.weight
t5-large,wsc,1.8623902797698975,143,transformer.encoder.block.23.layer.0.SelfAttention.o.weight
t5-large,wsc,5.703244209289551,144,transformer.encoder.block.23.layer.1.DenseReluDense.wi.weight
t5-large,wsc,6.047327518463135,145,transformer.encoder.block.23.layer.1.DenseReluDense.wo.weight
t5-large,wsc,0.8161390423774719,146,transformer.decoder.block.0.layer.0.SelfAttention.q.weight
t5-large,wsc,0.8052536845207214,147,transformer.decoder.block.0.layer.0.SelfAttention.k.weight
t5-large,wsc,1.1166614294052124,148,transformer.decoder.block.0.layer.0.SelfAttention.v.weight
t5-large,wsc,1.1933724880218506,149,transformer.decoder.block.0.layer.0.SelfAttention.o.weight
t5-large,wsc,0.005513519514352083,150,transformer.decoder.block.0.layer.0.SelfAttention.relative_attention_bias.weight
t5-large,wsc,1.1737736463546753,151,transformer.decoder.block.0.layer.1.EncDecAttention.q.weight
t5-large,wsc,1.6227895021438599,152,transformer.decoder.block.0.layer.1.EncDecAttention.k.weight
t5-large,wsc,1.652044653892517,153,transformer.decoder.block.0.layer.1.EncDecAttention.v.weight
t5-large,wsc,1.4783916473388672,154,transformer.decoder.block.0.layer.1.EncDecAttention.o.weight
t5-large,wsc,4.261109352111816,155,transformer.decoder.block.0.layer.2.DenseReluDense.wi.weight
t5-large,wsc,5.127938747406006,156,transformer.decoder.block.0.layer.2.DenseReluDense.wo.weight
t5-large,wsc,1.17082941532135,157,transformer.decoder.block.1.layer.0.SelfAttention.q.weight
t5-large,wsc,1.0311726331710815,158,transformer.decoder.block.1.layer.0.SelfAttention.k.weight
t5-large,wsc,1.504022479057312,159,transformer.decoder.block.1.layer.0.SelfAttention.v.weight
t5-large,wsc,1.4473206996917725,160,transformer.decoder.block.1.layer.0.SelfAttention.o.weight
t5-large,wsc,1.1382116079330444,161,transformer.decoder.block.1.layer.1.EncDecAttention.q.weight
t5-large,wsc,1.3826146125793457,162,transformer.decoder.block.1.layer.1.EncDecAttention.k.weight
t5-large,wsc,1.4963773488998413,163,transformer.decoder.block.1.layer.1.EncDecAttention.v.weight
t5-large,wsc,1.3780345916748047,164,transformer.decoder.block.1.layer.1.EncDecAttention.o.weight
t5-large,wsc,2.7228243350982666,165,transformer.decoder.block.1.layer.2.DenseReluDense.wi.weight
t5-large,wsc,2.7123959064483643,166,transformer.decoder.block.1.layer.2.DenseReluDense.wo.weight
t5-large,wsc,1.0313811302185059,167,transformer.decoder.block.2.layer.0.SelfAttention.q.weight
t5-large,wsc,0.992925226688385,168,transformer.decoder.block.2.layer.0.SelfAttention.k.weight
t5-large,wsc,1.5444927215576172,169,transformer.decoder.block.2.layer.0.SelfAttention.v.weight
t5-large,wsc,1.5159602165222168,170,transformer.decoder.block.2.layer.0.SelfAttention.o.weight
t5-large,wsc,1.1177436113357544,171,transformer.decoder.block.2.layer.1.EncDecAttention.q.weight
t5-large,wsc,1.4738271236419678,172,transformer.decoder.block.2.layer.1.EncDecAttention.k.weight
t5-large,wsc,1.5523277521133423,173,transformer.decoder.block.2.layer.1.EncDecAttention.v.weight
t5-large,wsc,1.4668048620224,174,transformer.decoder.block.2.layer.1.EncDecAttention.o.weight
t5-large,wsc,3.3348350524902344,175,transformer.decoder.block.2.layer.2.DenseReluDense.wi.weight
t5-large,wsc,3.036224126815796,176,transformer.decoder.block.2.layer.2.DenseReluDense.wo.weight
t5-large,wsc,0.8379159569740295,177,transformer.decoder.block.3.layer.0.SelfAttention.q.weight
t5-large,wsc,0.8323421478271484,178,transformer.decoder.block.3.layer.0.SelfAttention.k.weight
t5-large,wsc,1.3824130296707153,179,transformer.decoder.block.3.layer.0.SelfAttention.v.weight
t5-large,wsc,1.4163450002670288,180,transformer.decoder.block.3.layer.0.SelfAttention.o.weight
t5-large,wsc,1.0552949905395508,181,transformer.decoder.block.3.layer.1.EncDecAttention.q.weight
t5-large,wsc,1.415589690208435,182,transformer.decoder.block.3.layer.1.EncDecAttention.k.weight
t5-large,wsc,1.5263957977294922,183,transformer.decoder.block.3.layer.1.EncDecAttention.v.weight
t5-large,wsc,1.4234179258346558,184,transformer.decoder.block.3.layer.1.EncDecAttention.o.weight
t5-large,wsc,3.5168676376342773,185,transformer.decoder.block.3.layer.2.DenseReluDense.wi.weight
t5-large,wsc,3.207171678543091,186,transformer.decoder.block.3.layer.2.DenseReluDense.wo.weight
t5-large,wsc,1.0950450897216797,187,transformer.decoder.block.4.layer.0.SelfAttention.q.weight
t5-large,wsc,1.0851454734802246,188,transformer.decoder.block.4.layer.0.SelfAttention.k.weight
t5-large,wsc,1.4743404388427734,189,transformer.decoder.block.4.layer.0.SelfAttention.v.weight
t5-large,wsc,1.475848913192749,190,transformer.decoder.block.4.layer.0.SelfAttention.o.weight
t5-large,wsc,1.007104516029358,191,transformer.decoder.block.4.layer.1.EncDecAttention.q.weight
t5-large,wsc,1.4666271209716797,192,transformer.decoder.block.4.layer.1.EncDecAttention.k.weight
t5-large,wsc,1.5490174293518066,193,transformer.decoder.block.4.layer.1.EncDecAttention.v.weight
t5-large,wsc,1.427438735961914,194,transformer.decoder.block.4.layer.1.EncDecAttention.o.weight
t5-large,wsc,3.431330919265747,195,transformer.decoder.block.4.layer.2.DenseReluDense.wi.weight
t5-large,wsc,3.1055281162261963,196,transformer.decoder.block.4.layer.2.DenseReluDense.wo.weight
t5-large,wsc,0.9155177474021912,197,transformer.decoder.block.5.layer.0.SelfAttention.q.weight
t5-large,wsc,0.8850803375244141,198,transformer.decoder.block.5.layer.0.SelfAttention.k.weight
t5-large,wsc,1.623880386352539,199,transformer.decoder.block.5.layer.0.SelfAttention.v.weight
t5-large,wsc,1.5875930786132812,200,transformer.decoder.block.5.layer.0.SelfAttention.o.weight
t5-large,wsc,1.0240994691848755,201,transformer.decoder.block.5.layer.1.EncDecAttention.q.weight
t5-large,wsc,1.7129368782043457,202,transformer.decoder.block.5.layer.1.EncDecAttention.k.weight
t5-large,wsc,1.7620692253112793,203,transformer.decoder.block.5.layer.1.EncDecAttention.v.weight
t5-large,wsc,1.579225778579712,204,transformer.decoder.block.5.layer.1.EncDecAttention.o.weight
t5-large,wsc,2.80407452583313,205,transformer.decoder.block.5.layer.2.DenseReluDense.wi.weight
t5-large,wsc,2.5207138061523438,206,transformer.decoder.block.5.layer.2.DenseReluDense.wo.weight
t5-large,wsc,0.8762809038162231,207,transformer.decoder.block.6.layer.0.SelfAttention.q.weight
t5-large,wsc,0.820845365524292,208,transformer.decoder.block.6.layer.0.SelfAttention.k.weight
t5-large,wsc,1.5708223581314087,209,transformer.decoder.block.6.layer.0.SelfAttention.v.weight
t5-large,wsc,1.5433146953582764,210,transformer.decoder.block.6.layer.0.SelfAttention.o.weight
t5-large,wsc,1.0046412944793701,211,transformer.decoder.block.6.layer.1.EncDecAttention.q.weight
t5-large,wsc,1.8085064888000488,212,transformer.decoder.block.6.layer.1.EncDecAttention.k.weight
t5-large,wsc,1.642958402633667,213,transformer.decoder.block.6.layer.1.EncDecAttention.v.weight
t5-large,wsc,1.445957064628601,214,transformer.decoder.block.6.layer.1.EncDecAttention.o.weight
t5-large,wsc,3.752110004425049,215,transformer.decoder.block.6.layer.2.DenseReluDense.wi.weight
t5-large,wsc,3.4986391067504883,216,transformer.decoder.block.6.layer.2.DenseReluDense.wo.weight
t5-large,wsc,0.945924699306488,217,transformer.decoder.block.7.layer.0.SelfAttention.q.weight
t5-large,wsc,0.9353089332580566,218,transformer.decoder.block.7.layer.0.SelfAttention.k.weight
t5-large,wsc,1.6775895357131958,219,transformer.decoder.block.7.layer.0.SelfAttention.v.weight
t5-large,wsc,1.617560625076294,220,transformer.decoder.block.7.layer.0.SelfAttention.o.weight
t5-large,wsc,0.9083505272865295,221,transformer.decoder.block.7.layer.1.EncDecAttention.q.weight
t5-large,wsc,1.409170389175415,222,transformer.decoder.block.7.layer.1.EncDecAttention.k.weight
t5-large,wsc,1.5465587377548218,223,transformer.decoder.block.7.layer.1.EncDecAttention.v.weight
t5-large,wsc,1.489809513092041,224,transformer.decoder.block.7.layer.1.EncDecAttention.o.weight
t5-large,wsc,4.040145397186279,225,transformer.decoder.block.7.layer.2.DenseReluDense.wi.weight
t5-large,wsc,3.903447151184082,226,transformer.decoder.block.7.layer.2.DenseReluDense.wo.weight
t5-large,wsc,0.8963955640792847,227,transformer.decoder.block.8.layer.0.SelfAttention.q.weight
t5-large,wsc,0.8590909838676453,228,transformer.decoder.block.8.layer.0.SelfAttention.k.weight
t5-large,wsc,1.712001085281372,229,transformer.decoder.block.8.layer.0.SelfAttention.v.weight
t5-large,wsc,1.6861662864685059,230,transformer.decoder.block.8.layer.0.SelfAttention.o.weight
t5-large,wsc,0.9840106964111328,231,transformer.decoder.block.8.layer.1.EncDecAttention.q.weight
t5-large,wsc,1.461445927619934,232,transformer.decoder.block.8.layer.1.EncDecAttention.k.weight
t5-large,wsc,1.5359621047973633,233,transformer.decoder.block.8.layer.1.EncDecAttention.v.weight
t5-large,wsc,1.4476091861724854,234,transformer.decoder.block.8.layer.1.EncDecAttention.o.weight
t5-large,wsc,3.5698914527893066,235,transformer.decoder.block.8.layer.2.DenseReluDense.wi.weight
t5-large,wsc,3.4611334800720215,236,transformer.decoder.block.8.layer.2.DenseReluDense.wo.weight
t5-large,wsc,0.8540148138999939,237,transformer.decoder.block.9.layer.0.SelfAttention.q.weight
t5-large,wsc,0.835712730884552,238,transformer.decoder.block.9.layer.0.SelfAttention.k.weight
t5-large,wsc,1.6696901321411133,239,transformer.decoder.block.9.layer.0.SelfAttention.v.weight
t5-large,wsc,1.6325210332870483,240,transformer.decoder.block.9.layer.0.SelfAttention.o.weight
t5-large,wsc,0.950145423412323,241,transformer.decoder.block.9.layer.1.EncDecAttention.q.weight
t5-large,wsc,1.3331776857376099,242,transformer.decoder.block.9.layer.1.EncDecAttention.k.weight
t5-large,wsc,1.4293137788772583,243,transformer.decoder.block.9.layer.1.EncDecAttention.v.weight
t5-large,wsc,1.417561411857605,244,transformer.decoder.block.9.layer.1.EncDecAttention.o.weight
t5-large,wsc,3.9799954891204834,245,transformer.decoder.block.9.layer.2.DenseReluDense.wi.weight
t5-large,wsc,3.831631898880005,246,transformer.decoder.block.9.layer.2.DenseReluDense.wo.weight
t5-large,wsc,0.8580411672592163,247,transformer.decoder.block.10.layer.0.SelfAttention.q.weight
t5-large,wsc,0.8499383926391602,248,transformer.decoder.block.10.layer.0.SelfAttention.k.weight
t5-large,wsc,1.7747001647949219,249,transformer.decoder.block.10.layer.0.SelfAttention.v.weight
t5-large,wsc,1.729032039642334,250,transformer.decoder.block.10.layer.0.SelfAttention.o.weight
t5-large,wsc,0.9828598499298096,251,transformer.decoder.block.10.layer.1.EncDecAttention.q.weight
t5-large,wsc,1.400430679321289,252,transformer.decoder.block.10.layer.1.EncDecAttention.k.weight
t5-large,wsc,1.4306830167770386,253,transformer.decoder.block.10.layer.1.EncDecAttention.v.weight
t5-large,wsc,1.4557217359542847,254,transformer.decoder.block.10.layer.1.EncDecAttention.o.weight
t5-large,wsc,3.6312172412872314,255,transformer.decoder.block.10.layer.2.DenseReluDense.wi.weight
t5-large,wsc,3.578922748565674,256,transformer.decoder.block.10.layer.2.DenseReluDense.wo.weight
t5-large,wsc,0.8328607678413391,257,transformer.decoder.block.11.layer.0.SelfAttention.q.weight
t5-large,wsc,0.8318036198616028,258,transformer.decoder.block.11.layer.0.SelfAttention.k.weight
t5-large,wsc,1.961360216140747,259,transformer.decoder.block.11.layer.0.SelfAttention.v.weight
t5-large,wsc,1.9191654920578003,260,transformer.decoder.block.11.layer.0.SelfAttention.o.weight
t5-large,wsc,1.1333036422729492,261,transformer.decoder.block.11.layer.1.EncDecAttention.q.weight
t5-large,wsc,1.680198311805725,262,transformer.decoder.block.11.layer.1.EncDecAttention.k.weight
t5-large,wsc,1.8090616464614868,263,transformer.decoder.block.11.layer.1.EncDecAttention.v.weight
t5-large,wsc,1.7042597532272339,264,transformer.decoder.block.11.layer.1.EncDecAttention.o.weight
t5-large,wsc,4.689550399780273,265,transformer.decoder.block.11.layer.2.DenseReluDense.wi.weight
t5-large,wsc,4.850122451782227,266,transformer.decoder.block.11.layer.2.DenseReluDense.wo.weight
t5-large,wsc,0.8870901465415955,267,transformer.decoder.block.12.layer.0.SelfAttention.q.weight
t5-large,wsc,0.8228530883789062,268,transformer.decoder.block.12.layer.0.SelfAttention.k.weight
t5-large,wsc,1.953500509262085,269,transformer.decoder.block.12.layer.0.SelfAttention.v.weight
t5-large,wsc,1.9060264825820923,270,transformer.decoder.block.12.layer.0.SelfAttention.o.weight
t5-large,wsc,1.2418683767318726,271,transformer.decoder.block.12.layer.1.EncDecAttention.q.weight
t5-large,wsc,1.8132350444793701,272,transformer.decoder.block.12.layer.1.EncDecAttention.k.weight
t5-large,wsc,1.8423510789871216,273,transformer.decoder.block.12.layer.1.EncDecAttention.v.weight
t5-large,wsc,1.723482370376587,274,transformer.decoder.block.12.layer.1.EncDecAttention.o.weight
t5-large,wsc,4.607078552246094,275,transformer.decoder.block.12.layer.2.DenseReluDense.wi.weight
t5-large,wsc,4.790040493011475,276,transformer.decoder.block.12.layer.2.DenseReluDense.wo.weight
t5-large,wsc,0.8029985427856445,277,transformer.decoder.block.13.layer.0.SelfAttention.q.weight
t5-large,wsc,0.7849324345588684,278,transformer.decoder.block.13.layer.0.SelfAttention.k.weight
t5-large,wsc,2.077626943588257,279,transformer.decoder.block.13.layer.0.SelfAttention.v.weight
t5-large,wsc,2.0246636867523193,280,transformer.decoder.block.13.layer.0.SelfAttention.o.weight
t5-large,wsc,1.4302126169204712,281,transformer.decoder.block.13.layer.1.EncDecAttention.q.weight
t5-large,wsc,1.8782597780227661,282,transformer.decoder.block.13.layer.1.EncDecAttention.k.weight
t5-large,wsc,1.9864346981048584,283,transformer.decoder.block.13.layer.1.EncDecAttention.v.weight
t5-large,wsc,1.8179689645767212,284,transformer.decoder.block.13.layer.1.EncDecAttention.o.weight
t5-large,wsc,4.7683186531066895,285,transformer.decoder.block.13.layer.2.DenseReluDense.wi.weight
t5-large,wsc,5.154506683349609,286,transformer.decoder.block.13.layer.2.DenseReluDense.wo.weight
t5-large,wsc,0.767372190952301,287,transformer.decoder.block.14.layer.0.SelfAttention.q.weight
t5-large,wsc,0.7631744742393494,288,transformer.decoder.block.14.layer.0.SelfAttention.k.weight
t5-large,wsc,1.9969635009765625,289,transformer.decoder.block.14.layer.0.SelfAttention.v.weight
t5-large,wsc,2.037973403930664,290,transformer.decoder.block.14.layer.0.SelfAttention.o.weight
t5-large,wsc,1.3012276887893677,291,transformer.decoder.block.14.layer.1.EncDecAttention.q.weight
t5-large,wsc,1.9705015420913696,292,transformer.decoder.block.14.layer.1.EncDecAttention.k.weight
t5-large,wsc,2.0943002700805664,293,transformer.decoder.block.14.layer.1.EncDecAttention.v.weight
t5-large,wsc,1.9231239557266235,294,transformer.decoder.block.14.layer.1.EncDecAttention.o.weight
t5-large,wsc,4.616020679473877,295,transformer.decoder.block.14.layer.2.DenseReluDense.wi.weight
t5-large,wsc,4.87269401550293,296,transformer.decoder.block.14.layer.2.DenseReluDense.wo.weight
t5-large,wsc,0.8423253297805786,297,transformer.decoder.block.15.layer.0.SelfAttention.q.weight
t5-large,wsc,0.8354970216751099,298,transformer.decoder.block.15.layer.0.SelfAttention.k.weight
t5-large,wsc,2.083160161972046,299,transformer.decoder.block.15.layer.0.SelfAttention.v.weight
t5-large,wsc,2.027413845062256,300,transformer.decoder.block.15.layer.0.SelfAttention.o.weight
t5-large,wsc,1.534576654434204,301,transformer.decoder.block.15.layer.1.EncDecAttention.q.weight
t5-large,wsc,2.0453758239746094,302,transformer.decoder.block.15.layer.1.EncDecAttention.k.weight
t5-large,wsc,2.122570753097534,303,transformer.decoder.block.15.layer.1.EncDecAttention.v.weight
t5-large,wsc,2.0567967891693115,304,transformer.decoder.block.15.layer.1.EncDecAttention.o.weight
t5-large,wsc,4.799571990966797,305,transformer.decoder.block.15.layer.2.DenseReluDense.wi.weight
t5-large,wsc,5.221250534057617,306,transformer.decoder.block.15.layer.2.DenseReluDense.wo.weight
t5-large,wsc,0.9911599159240723,307,transformer.decoder.block.16.layer.0.SelfAttention.q.weight
t5-large,wsc,0.8788929581642151,308,transformer.decoder.block.16.layer.0.SelfAttention.k.weight
t5-large,wsc,2.3202805519104004,309,transformer.decoder.block.16.layer.0.SelfAttention.v.weight
t5-large,wsc,2.230360984802246,310,transformer.decoder.block.16.layer.0.SelfAttention.o.weight
t5-large,wsc,1.7028381824493408,311,transformer.decoder.block.16.layer.1.EncDecAttention.q.weight
t5-large,wsc,2.3301281929016113,312,transformer.decoder.block.16.layer.1.EncDecAttention.k.weight
t5-large,wsc,2.441931962966919,313,transformer.decoder.block.16.layer.1.EncDecAttention.v.weight
t5-large,wsc,2.1601881980895996,314,transformer.decoder.block.16.layer.1.EncDecAttention.o.weight
t5-large,wsc,5.077578067779541,315,transformer.decoder.block.16.layer.2.DenseReluDense.wi.weight
t5-large,wsc,5.581465244293213,316,transformer.decoder.block.16.layer.2.DenseReluDense.wo.weight
t5-large,wsc,0.8853931427001953,317,transformer.decoder.block.17.layer.0.SelfAttention.q.weight
t5-large,wsc,0.8491583466529846,318,transformer.decoder.block.17.layer.0.SelfAttention.k.weight
t5-large,wsc,2.3314781188964844,319,transformer.decoder.block.17.layer.0.SelfAttention.v.weight
t5-large,wsc,2.338531732559204,320,transformer.decoder.block.17.layer.0.SelfAttention.o.weight
t5-large,wsc,1.8910256624221802,321,transformer.decoder.block.17.layer.1.EncDecAttention.q.weight
t5-large,wsc,2.267033338546753,322,transformer.decoder.block.17.layer.1.EncDecAttention.k.weight
t5-large,wsc,2.233579158782959,323,transformer.decoder.block.17.layer.1.EncDecAttention.v.weight
t5-large,wsc,1.9706968069076538,324,transformer.decoder.block.17.layer.1.EncDecAttention.o.weight
t5-large,wsc,4.936474323272705,325,transformer.decoder.block.17.layer.2.DenseReluDense.wi.weight
t5-large,wsc,5.272892951965332,326,transformer.decoder.block.17.layer.2.DenseReluDense.wo.weight
t5-large,wsc,0.8785874247550964,327,transformer.decoder.block.18.layer.0.SelfAttention.q.weight
t5-large,wsc,0.8550289273262024,328,transformer.decoder.block.18.layer.0.SelfAttention.k.weight
t5-large,wsc,2.118201971054077,329,transformer.decoder.block.18.layer.0.SelfAttention.v.weight
t5-large,wsc,2.1830458641052246,330,transformer.decoder.block.18.layer.0.SelfAttention.o.weight
t5-large,wsc,1.919256567955017,331,transformer.decoder.block.18.layer.1.EncDecAttention.q.weight
t5-large,wsc,2.2058961391448975,332,transformer.decoder.block.18.layer.1.EncDecAttention.k.weight
t5-large,wsc,2.3986992835998535,333,transformer.decoder.block.18.layer.1.EncDecAttention.v.weight
t5-large,wsc,2.2149624824523926,334,transformer.decoder.block.18.layer.1.EncDecAttention.o.weight
t5-large,wsc,4.897304058074951,335,transformer.decoder.block.18.layer.2.DenseReluDense.wi.weight
t5-large,wsc,5.427705764770508,336,transformer.decoder.block.18.layer.2.DenseReluDense.wo.weight
t5-large,wsc,0.8250670433044434,337,transformer.decoder.block.19.layer.0.SelfAttention.q.weight
t5-large,wsc,0.8338653445243835,338,transformer.decoder.block.19.layer.0.SelfAttention.k.weight
t5-large,wsc,2.1403756141662598,339,transformer.decoder.block.19.layer.0.SelfAttention.v.weight
t5-large,wsc,2.174048662185669,340,transformer.decoder.block.19.layer.0.SelfAttention.o.weight
t5-large,wsc,2.1123054027557373,341,transformer.decoder.block.19.layer.1.EncDecAttention.q.weight
t5-large,wsc,2.405245542526245,342,transformer.decoder.block.19.layer.1.EncDecAttention.k.weight
t5-large,wsc,2.63314151763916,343,transformer.decoder.block.19.layer.1.EncDecAttention.v.weight
t5-large,wsc,2.3578438758850098,344,transformer.decoder.block.19.layer.1.EncDecAttention.o.weight
t5-large,wsc,4.763098239898682,345,transformer.decoder.block.19.layer.2.DenseReluDense.wi.weight
t5-large,wsc,5.189716815948486,346,transformer.decoder.block.19.layer.2.DenseReluDense.wo.weight
t5-large,wsc,0.8777145147323608,347,transformer.decoder.block.20.layer.0.SelfAttention.q.weight
t5-large,wsc,0.8750637769699097,348,transformer.decoder.block.20.layer.0.SelfAttention.k.weight
t5-large,wsc,2.345156669616699,349,transformer.decoder.block.20.layer.0.SelfAttention.v.weight
t5-large,wsc,2.443941593170166,350,transformer.decoder.block.20.layer.0.SelfAttention.o.weight
t5-large,wsc,2.2204089164733887,351,transformer.decoder.block.20.layer.1.EncDecAttention.q.weight
t5-large,wsc,2.4093339443206787,352,transformer.decoder.block.20.layer.1.EncDecAttention.k.weight
t5-large,wsc,2.564882278442383,353,transformer.decoder.block.20.layer.1.EncDecAttention.v.weight
t5-large,wsc,2.44679856300354,354,transformer.decoder.block.20.layer.1.EncDecAttention.o.weight
t5-large,wsc,4.468573570251465,355,transformer.decoder.block.20.layer.2.DenseReluDense.wi.weight
t5-large,wsc,4.858268737792969,356,transformer.decoder.block.20.layer.2.DenseReluDense.wo.weight
t5-large,wsc,0.8502959609031677,357,transformer.decoder.block.21.layer.0.SelfAttention.q.weight
t5-large,wsc,0.8564298152923584,358,transformer.decoder.block.21.layer.0.SelfAttention.k.weight
t5-large,wsc,2.3380515575408936,359,transformer.decoder.block.21.layer.0.SelfAttention.v.weight
t5-large,wsc,2.4604318141937256,360,transformer.decoder.block.21.layer.0.SelfAttention.o.weight
t5-large,wsc,2.262685775756836,361,transformer.decoder.block.21.layer.1.EncDecAttention.q.weight
t5-large,wsc,2.4994070529937744,362,transformer.decoder.block.21.layer.1.EncDecAttention.k.weight
t5-large,wsc,2.56440806388855,363,transformer.decoder.block.21.layer.1.EncDecAttention.v.weight
t5-large,wsc,2.4166297912597656,364,transformer.decoder.block.21.layer.1.EncDecAttention.o.weight
t5-large,wsc,4.5669331550598145,365,transformer.decoder.block.21.layer.2.DenseReluDense.wi.weight
t5-large,wsc,4.948814868927002,366,transformer.decoder.block.21.layer.2.DenseReluDense.wo.weight
t5-large,wsc,0.8531365990638733,367,transformer.decoder.block.22.layer.0.SelfAttention.q.weight
t5-large,wsc,0.865353524684906,368,transformer.decoder.block.22.layer.0.SelfAttention.k.weight
t5-large,wsc,2.357388496398926,369,transformer.decoder.block.22.layer.0.SelfAttention.v.weight
t5-large,wsc,2.4036381244659424,370,transformer.decoder.block.22.layer.0.SelfAttention.o.weight
t5-large,wsc,2.385547161102295,371,transformer.decoder.block.22.layer.1.EncDecAttention.q.weight
t5-large,wsc,2.5681917667388916,372,transformer.decoder.block.22.layer.1.EncDecAttention.k.weight
t5-large,wsc,2.772538900375366,373,transformer.decoder.block.22.layer.1.EncDecAttention.v.weight
t5-large,wsc,2.8170785903930664,374,transformer.decoder.block.22.layer.1.EncDecAttention.o.weight
t5-large,wsc,4.294912815093994,375,transformer.decoder.block.22.layer.2.DenseReluDense.wi.weight
t5-large,wsc,4.711145401000977,376,transformer.decoder.block.22.layer.2.DenseReluDense.wo.weight
t5-large,wsc,0.9198835492134094,377,transformer.decoder.block.23.layer.0.SelfAttention.q.weight
t5-large,wsc,0.9134563207626343,378,transformer.decoder.block.23.layer.0.SelfAttention.k.weight
t5-large,wsc,2.508897304534912,379,transformer.decoder.block.23.layer.0.SelfAttention.v.weight
t5-large,wsc,2.5307774543762207,380,transformer.decoder.block.23.layer.0.SelfAttention.o.weight
t5-large,wsc,2.212409496307373,381,transformer.decoder.block.23.layer.1.EncDecAttention.q.weight
t5-large,wsc,2.526618242263794,382,transformer.decoder.block.23.layer.1.EncDecAttention.k.weight
t5-large,wsc,2.380413770675659,383,transformer.decoder.block.23.layer.1.EncDecAttention.v.weight
t5-large,wsc,2.541921377182007,384,transformer.decoder.block.23.layer.1.EncDecAttention.o.weight
t5-large,wsc,3.6195197105407715,385,transformer.decoder.block.23.layer.2.DenseReluDense.wi.weight
t5-large,wsc,4.121793270111084,386,transformer.decoder.block.23.layer.2.DenseReluDense.wo.weight
Olmo-3-7b,Math,0.3100730776786804,0,model.layers.0.mlp.down_proj.weight
Olmo-3-7b,Math,0.30716806650161743,1,model.layers.0.mlp.gate_proj.weight
Olmo-3-7b,Math,0.3086460828781128,2,model.layers.0.mlp.up_proj.weight
Olmo-3-7b,Math,0.10295283794403076,3,model.layers.0.self_attn.k_proj.weight
Olmo-3-7b,Math,0.18281319737434387,4,model.layers.0.self_attn.o_proj.weight
Olmo-3-7b,Math,0.08804395794868469,5,model.layers.0.self_attn.q_proj.weight
Olmo-3-7b,Math,0.1796250343322754,6,model.layers.0.self_attn.v_proj.weight
Olmo-3-7b,Math,0.31524956226348877,7,model.layers.1.mlp.down_proj.weight
Olmo-3-7b,Math,0.31022873520851135,8,model.layers.1.mlp.gate_proj.weight
Olmo-3-7b,Math,0.3138349652290344,9,model.layers.1.mlp.up_proj.weight
Olmo-3-7b,Math,0.14416243135929108,10,model.layers.1.self_attn.k_proj.weight
Olmo-3-7b,Math,0.19089162349700928,11,model.layers.1.self_attn.o_proj.weight
Olmo-3-7b,Math,0.14453455805778503,12,model.layers.1.self_attn.q_proj.weight
Olmo-3-7b,Math,0.18546278774738312,13,model.layers.1.self_attn.v_proj.weight
Olmo-3-7b,Math,0.32371920347213745,14,model.layers.10.mlp.down_proj.weight
Olmo-3-7b,Math,0.31992682814598083,15,model.layers.10.mlp.gate_proj.weight
Olmo-3-7b,Math,0.3218177556991577,16,model.layers.10.mlp.up_proj.weight
Olmo-3-7b,Math,0.17584647238254547,17,model.layers.10.self_attn.k_proj.weight
Olmo-3-7b,Math,0.2015945315361023,18,model.layers.10.self_attn.o_proj.weight
Olmo-3-7b,Math,0.1779893934726715,19,model.layers.10.self_attn.q_proj.weight
Olmo-3-7b,Math,0.19999772310256958,20,model.layers.10.self_attn.v_proj.weight
Olmo-3-7b,Math,0.32475927472114563,21,model.layers.11.mlp.down_proj.weight
Olmo-3-7b,Math,0.32187119126319885,22,model.layers.11.mlp.gate_proj.weight
Olmo-3-7b,Math,0.322458952665329,23,model.layers.11.mlp.up_proj.weight
Olmo-3-7b,Math,0.17264392971992493,24,model.layers.11.self_attn.k_proj.weight
Olmo-3-7b,Math,0.20043492317199707,25,model.layers.11.self_attn.o_proj.weight
Olmo-3-7b,Math,0.18305860459804535,26,model.layers.11.self_attn.q_proj.weight
Olmo-3-7b,Math,0.20068269968032837,27,model.layers.11.self_attn.v_proj.weight
Olmo-3-7b,Math,0.32568833231925964,28,model.layers.12.mlp.down_proj.weight
Olmo-3-7b,Math,0.3225988447666168,29,model.layers.12.mlp.gate_proj.weight
Olmo-3-7b,Math,0.32396939396858215,30,model.layers.12.mlp.up_proj.weight
Olmo-3-7b,Math,0.17699183523654938,31,model.layers.12.self_attn.k_proj.weight
Olmo-3-7b,Math,0.20142792165279388,32,model.layers.12.self_attn.o_proj.weight
Olmo-3-7b,Math,0.17372483015060425,33,model.layers.12.self_attn.q_proj.weight
Olmo-3-7b,Math,0.2036910206079483,34,model.layers.12.self_attn.v_proj.weight
Olmo-3-7b,Math,0.3267265260219574,35,model.layers.13.mlp.down_proj.weight
Olmo-3-7b,Math,0.32348936796188354,36,model.layers.13.mlp.gate_proj.weight
Olmo-3-7b,Math,0.323936402797699,37,model.layers.13.mlp.up_proj.weight
Olmo-3-7b,Math,0.1618535816669464,38,model.layers.13.self_attn.k_proj.weight
Olmo-3-7b,Math,0.20333370566368103,39,model.layers.13.self_attn.o_proj.weight
Olmo-3-7b,Math,0.16090096533298492,40,model.layers.13.self_attn.q_proj.weight
Olmo-3-7b,Math,0.20551398396492004,41,model.layers.13.self_attn.v_proj.weight
Olmo-3-7b,Math,0.32705041766166687,42,model.layers.14.mlp.down_proj.weight
Olmo-3-7b,Math,0.3246833384037018,43,model.layers.14.mlp.gate_proj.weight
Olmo-3-7b,Math,0.324398934841156,44,model.layers.14.mlp.up_proj.weight
Olmo-3-7b,Math,0.18296244740486145,45,model.layers.14.self_attn.k_proj.weight
Olmo-3-7b,Math,0.20261839032173157,46,model.layers.14.self_attn.o_proj.weight
Olmo-3-7b,Math,0.18074478209018707,47,model.layers.14.self_attn.q_proj.weight
Olmo-3-7b,Math,0.2060685157775879,48,model.layers.14.self_attn.v_proj.weight
Olmo-3-7b,Math,0.3274517357349396,49,model.layers.15.mlp.down_proj.weight
Olmo-3-7b,Math,0.32442227005958557,50,model.layers.15.mlp.gate_proj.weight
Olmo-3-7b,Math,0.32375243306159973,51,model.layers.15.mlp.up_proj.weight
Olmo-3-7b,Math,0.17963339388370514,52,model.layers.15.self_attn.k_proj.weight
Olmo-3-7b,Math,0.2050742357969284,53,model.layers.15.self_attn.o_proj.weight
Olmo-3-7b,Math,0.17663075029850006,54,model.layers.15.self_attn.q_proj.weight
Olmo-3-7b,Math,0.20682857930660248,55,model.layers.15.self_attn.v_proj.weight
Olmo-3-7b,Math,0.3285467326641083,56,model.layers.16.mlp.down_proj.weight
Olmo-3-7b,Math,0.3245043456554413,57,model.layers.16.mlp.gate_proj.weight
Olmo-3-7b,Math,0.323849081993103,58,model.layers.16.mlp.up_proj.weight
Olmo-3-7b,Math,0.18100056052207947,59,model.layers.16.self_attn.k_proj.weight
Olmo-3-7b,Math,0.20274941623210907,60,model.layers.16.self_attn.o_proj.weight
Olmo-3-7b,Math,0.18292772769927979,61,model.layers.16.self_attn.q_proj.weight
Olmo-3-7b,Math,0.20482401549816132,62,model.layers.16.self_attn.v_proj.weight
Olmo-3-7b,Math,0.33096688985824585,63,model.layers.17.mlp.down_proj.weight
Olmo-3-7b,Math,0.327734112739563,64,model.layers.17.mlp.gate_proj.weight
Olmo-3-7b,Math,0.326280415058136,65,model.layers.17.mlp.up_proj.weight
Olmo-3-7b,Math,0.18167167901992798,66,model.layers.17.self_attn.k_proj.weight
Olmo-3-7b,Math,0.20214597880840302,67,model.layers.17.self_attn.o_proj.weight
Olmo-3-7b,Math,0.18238584697246552,68,model.layers.17.self_attn.q_proj.weight
Olmo-3-7b,Math,0.2025253027677536,69,model.layers.17.self_attn.v_proj.weight
Olmo-3-7b,Math,0.33220401406288147,70,model.layers.18.mlp.down_proj.weight
Olmo-3-7b,Math,0.3301754891872406,71,model.layers.18.mlp.gate_proj.weight
Olmo-3-7b,Math,0.3277539610862732,72,model.layers.18.mlp.up_proj.weight
Olmo-3-7b,Math,0.17913228273391724,73,model.layers.18.self_attn.k_proj.weight
Olmo-3-7b,Math,0.20677226781845093,74,model.layers.18.self_attn.o_proj.weight
Olmo-3-7b,Math,0.17962661385536194,75,model.layers.18.self_attn.q_proj.weight
Olmo-3-7b,Math,0.2069607675075531,76,model.layers.18.self_attn.v_proj.weight
Olmo-3-7b,Math,0.33577388525009155,77,model.layers.19.mlp.down_proj.weight
Olmo-3-7b,Math,0.33227136731147766,78,model.layers.19.mlp.gate_proj.weight
Olmo-3-7b,Math,0.3301885724067688,79,model.layers.19.mlp.up_proj.weight
Olmo-3-7b,Math,0.18537637591362,80,model.layers.19.self_attn.k_proj.weight
Olmo-3-7b,Math,0.20708654820919037,81,model.layers.19.self_attn.o_proj.weight
Olmo-3-7b,Math,0.1781645268201828,82,model.layers.19.self_attn.q_proj.weight
Olmo-3-7b,Math,0.20960575342178345,83,model.layers.19.self_attn.v_proj.weight
Olmo-3-7b,Math,0.31687507033348083,84,model.layers.2.mlp.down_proj.weight
Olmo-3-7b,Math,0.3149183690547943,85,model.layers.2.mlp.gate_proj.weight
Olmo-3-7b,Math,0.3164556622505188,86,model.layers.2.mlp.up_proj.weight
Olmo-3-7b,Math,0.1513027846813202,87,model.layers.2.self_attn.k_proj.weight
Olmo-3-7b,Math,0.19310879707336426,88,model.layers.2.self_attn.o_proj.weight
Olmo-3-7b,Math,0.15487073361873627,89,model.layers.2.self_attn.q_proj.weight
Olmo-3-7b,Math,0.18965856730937958,90,model.layers.2.self_attn.v_proj.weight
Olmo-3-7b,Math,0.3406437635421753,91,model.layers.20.mlp.down_proj.weight
Olmo-3-7b,Math,0.3379172384738922,92,model.layers.20.mlp.gate_proj.weight
Olmo-3-7b,Math,0.33502620458602905,93,model.layers.20.mlp.up_proj.weight
Olmo-3-7b,Math,0.1796618402004242,94,model.layers.20.self_attn.k_proj.weight
Olmo-3-7b,Math,0.21030505001544952,95,model.layers.20.self_attn.o_proj.weight
Olmo-3-7b,Math,0.18208153545856476,96,model.layers.20.self_attn.q_proj.weight
Olmo-3-7b,Math,0.21106074750423431,97,model.layers.20.self_attn.v_proj.weight
Olmo-3-7b,Math,0.3431094288825989,98,model.layers.21.mlp.down_proj.weight
Olmo-3-7b,Math,0.3398241102695465,99,model.layers.21.mlp.gate_proj.weight
Olmo-3-7b,Math,0.33804696798324585,100,model.layers.21.mlp.up_proj.weight
Olmo-3-7b,Math,0.1887388676404953,101,model.layers.21.self_attn.k_proj.weight
Olmo-3-7b,Math,0.2143273651599884,102,model.layers.21.self_attn.o_proj.weight
Olmo-3-7b,Math,0.18927504122257233,103,model.layers.21.self_attn.q_proj.weight
Olmo-3-7b,Math,0.21374200284481049,104,model.layers.21.self_attn.v_proj.weight
Olmo-3-7b,Math,0.346236914396286,105,model.layers.22.mlp.down_proj.weight
Olmo-3-7b,Math,0.34337466955184937,106,model.layers.22.mlp.gate_proj.weight
Olmo-3-7b,Math,0.3418493866920471,107,model.layers.22.mlp.up_proj.weight
Olmo-3-7b,Math,0.18479058146476746,108,model.layers.22.self_attn.k_proj.weight
Olmo-3-7b,Math,0.21445849537849426,109,model.layers.22.self_attn.o_proj.weight
Olmo-3-7b,Math,0.1849098950624466,110,model.layers.22.self_attn.q_proj.weight
Olmo-3-7b,Math,0.21617799997329712,111,model.layers.22.self_attn.v_proj.weight
Olmo-3-7b,Math,0.34978052973747253,112,model.layers.23.mlp.down_proj.weight
Olmo-3-7b,Math,0.3477621376514435,113,model.layers.23.mlp.gate_proj.weight
Olmo-3-7b,Math,0.34642526507377625,114,model.layers.23.mlp.up_proj.weight
Olmo-3-7b,Math,0.17821104824543,115,model.layers.23.self_attn.k_proj.weight
Olmo-3-7b,Math,0.22061574459075928,116,model.layers.23.self_attn.o_proj.weight
Olmo-3-7b,Math,0.18100479245185852,117,model.layers.23.self_attn.q_proj.weight
Olmo-3-7b,Math,0.21767239272594452,118,model.layers.23.self_attn.v_proj.weight
Olmo-3-7b,Math,0.3521694540977478,119,model.layers.24.mlp.down_proj.weight
Olmo-3-7b,Math,0.3496965765953064,120,model.layers.24.mlp.gate_proj.weight
Olmo-3-7b,Math,0.3496933579444885,121,model.layers.24.mlp.up_proj.weight
Olmo-3-7b,Math,0.18515247106552124,122,model.layers.24.self_attn.k_proj.weight
Olmo-3-7b,Math,0.2129947692155838,123,model.layers.24.self_attn.o_proj.weight
Olmo-3-7b,Math,0.1863400936126709,124,model.layers.24.self_attn.q_proj.weight
Olmo-3-7b,Math,0.21300439536571503,125,model.layers.24.self_attn.v_proj.weight
Olmo-3-7b,Math,0.35234349966049194,126,model.layers.25.mlp.down_proj.weight
Olmo-3-7b,Math,0.3497503995895386,127,model.layers.25.mlp.gate_proj.weight
Olmo-3-7b,Math,0.3497944474220276,128,model.layers.25.mlp.up_proj.weight
Olmo-3-7b,Math,0.18448108434677124,129,model.layers.25.self_attn.k_proj.weight
Olmo-3-7b,Math,0.22528454661369324,130,model.layers.25.self_attn.o_proj.weight
Olmo-3-7b,Math,0.18457448482513428,131,model.layers.25.self_attn.q_proj.weight
Olmo-3-7b,Math,0.22260726988315582,132,model.layers.25.self_attn.v_proj.weight
Olmo-3-7b,Math,0.3525923192501068,133,model.layers.26.mlp.down_proj.weight
Olmo-3-7b,Math,0.3492906987667084,134,model.layers.26.mlp.gate_proj.weight
Olmo-3-7b,Math,0.3494918644428253,135,model.layers.26.mlp.up_proj.weight
Olmo-3-7b,Math,0.1928274780511856,136,model.layers.26.self_attn.k_proj.weight
Olmo-3-7b,Math,0.224577397108078,137,model.layers.26.self_attn.o_proj.weight
Olmo-3-7b,Math,0.19488102197647095,138,model.layers.26.self_attn.q_proj.weight
Olmo-3-7b,Math,0.2245740443468094,139,model.layers.26.self_attn.v_proj.weight
Olmo-3-7b,Math,0.35523343086242676,140,model.layers.27.mlp.down_proj.weight
Olmo-3-7b,Math,0.35089555382728577,141,model.layers.27.mlp.gate_proj.weight
Olmo-3-7b,Math,0.3517213761806488,142,model.layers.27.mlp.up_proj.weight
Olmo-3-7b,Math,0.19501270353794098,143,model.layers.27.self_attn.k_proj.weight
Olmo-3-7b,Math,0.23797759413719177,144,model.layers.27.self_attn.o_proj.weight
Olmo-3-7b,Math,0.19955994188785553,145,model.layers.27.self_attn.q_proj.weight
Olmo-3-7b,Math,0.24161970615386963,146,model.layers.27.self_attn.v_proj.weight
Olmo-3-7b,Math,0.35707488656044006,147,model.layers.28.mlp.down_proj.weight
Olmo-3-7b,Math,0.34891006350517273,148,model.layers.28.mlp.gate_proj.weight
Olmo-3-7b,Math,0.34931689500808716,149,model.layers.28.mlp.up_proj.weight
Olmo-3-7b,Math,0.2010887861251831,150,model.layers.28.self_attn.k_proj.weight
Olmo-3-7b,Math,0.24092429876327515,151,model.layers.28.self_attn.o_proj.weight
Olmo-3-7b,Math,0.19466382265090942,152,model.layers.28.self_attn.q_proj.weight
Olmo-3-7b,Math,0.2442661076784134,153,model.layers.28.self_attn.v_proj.weight
Olmo-3-7b,Math,0.3642405569553375,154,model.layers.29.mlp.down_proj.weight
Olmo-3-7b,Math,0.34974533319473267,155,model.layers.29.mlp.gate_proj.weight
Olmo-3-7b,Math,0.3505324423313141,156,model.layers.29.mlp.up_proj.weight
Olmo-3-7b,Math,0.19740945100784302,157,model.layers.29.self_attn.k_proj.weight
Olmo-3-7b,Math,0.23233577609062195,158,model.layers.29.self_attn.o_proj.weight
Olmo-3-7b,Math,0.1959352046251297,159,model.layers.29.self_attn.q_proj.weight
Olmo-3-7b,Math,0.23767757415771484,160,model.layers.29.self_attn.v_proj.weight
Olmo-3-7b,Math,0.31845754384994507,161,model.layers.3.mlp.down_proj.weight
Olmo-3-7b,Math,0.3144873082637787,162,model.layers.3.mlp.gate_proj.weight
Olmo-3-7b,Math,0.3163072168827057,163,model.layers.3.mlp.up_proj.weight
Olmo-3-7b,Math,0.16234566271305084,164,model.layers.3.self_attn.k_proj.weight
Olmo-3-7b,Math,0.19338199496269226,165,model.layers.3.self_attn.o_proj.weight
Olmo-3-7b,Math,0.1716015487909317,166,model.layers.3.self_attn.q_proj.weight
Olmo-3-7b,Math,0.19153551757335663,167,model.layers.3.self_attn.v_proj.weight
Olmo-3-7b,Math,0.3691350817680359,168,model.layers.30.mlp.down_proj.weight
Olmo-3-7b,Math,0.35373273491859436,169,model.layers.30.mlp.gate_proj.weight
Olmo-3-7b,Math,0.35437989234924316,170,model.layers.30.mlp.up_proj.weight
Olmo-3-7b,Math,0.20755711197853088,171,model.layers.30.self_attn.k_proj.weight
Olmo-3-7b,Math,0.25405436754226685,172,model.layers.30.self_attn.o_proj.weight
Olmo-3-7b,Math,0.20467542111873627,173,model.layers.30.self_attn.q_proj.weight
Olmo-3-7b,Math,0.26356032490730286,174,model.layers.30.self_attn.v_proj.weight
Olmo-3-7b,Math,0.37603098154067993,175,model.layers.31.mlp.down_proj.weight
Olmo-3-7b,Math,0.3512183725833893,176,model.layers.31.mlp.gate_proj.weight
Olmo-3-7b,Math,0.35191747546195984,177,model.layers.31.mlp.up_proj.weight
Olmo-3-7b,Math,0.19643040001392365,178,model.layers.31.self_attn.k_proj.weight
Olmo-3-7b,Math,0.22378960251808167,179,model.layers.31.self_attn.o_proj.weight
Olmo-3-7b,Math,0.18805603682994843,180,model.layers.31.self_attn.q_proj.weight
Olmo-3-7b,Math,0.2561829686164856,181,model.layers.31.self_attn.v_proj.weight
Olmo-3-7b,Math,0.31794342398643494,182,model.layers.4.mlp.down_proj.weight
Olmo-3-7b,Math,0.3137073218822479,183,model.layers.4.mlp.gate_proj.weight
Olmo-3-7b,Math,0.3157360553741455,184,model.layers.4.mlp.up_proj.weight
Olmo-3-7b,Math,0.15646402537822723,185,model.layers.4.self_attn.k_proj.weight
Olmo-3-7b,Math,0.1968308687210083,186,model.layers.4.self_attn.o_proj.weight
Olmo-3-7b,Math,0.16077080368995667,187,model.layers.4.self_attn.q_proj.weight
Olmo-3-7b,Math,0.19432930648326874,188,model.layers.4.self_attn.v_proj.weight
Olmo-3-7b,Math,0.3185198903083801,189,model.layers.5.mlp.down_proj.weight
Olmo-3-7b,Math,0.31448444724082947,190,model.layers.5.mlp.gate_proj.weight
Olmo-3-7b,Math,0.3162173926830292,191,model.layers.5.mlp.up_proj.weight
Olmo-3-7b,Math,0.1585543304681778,192,model.layers.5.self_attn.k_proj.weight
Olmo-3-7b,Math,0.19499412178993225,193,model.layers.5.self_attn.o_proj.weight
Olmo-3-7b,Math,0.16175805032253265,194,model.layers.5.self_attn.q_proj.weight
Olmo-3-7b,Math,0.19409342110157013,195,model.layers.5.self_attn.v_proj.weight
Olmo-3-7b,Math,0.3196759521961212,196,model.layers.6.mlp.down_proj.weight
Olmo-3-7b,Math,0.31539198756217957,197,model.layers.6.mlp.gate_proj.weight
Olmo-3-7b,Math,0.3173687756061554,198,model.layers.6.mlp.up_proj.weight
Olmo-3-7b,Math,0.15644042193889618,199,model.layers.6.self_attn.k_proj.weight
Olmo-3-7b,Math,0.19456931948661804,200,model.layers.6.self_attn.o_proj.weight
Olmo-3-7b,Math,0.16003376245498657,201,model.layers.6.self_attn.q_proj.weight
Olmo-3-7b,Math,0.19238899648189545,202,model.layers.6.self_attn.v_proj.weight
Olmo-3-7b,Math,0.32180875539779663,203,model.layers.7.mlp.down_proj.weight
Olmo-3-7b,Math,0.31650310754776,204,model.layers.7.mlp.gate_proj.weight
Olmo-3-7b,Math,0.318972110748291,205,model.layers.7.mlp.up_proj.weight
Olmo-3-7b,Math,0.1643705517053604,206,model.layers.7.self_attn.k_proj.weight
Olmo-3-7b,Math,0.19683189690113068,207,model.layers.7.self_attn.o_proj.weight
Olmo-3-7b,Math,0.1720229983329773,208,model.layers.7.self_attn.q_proj.weight
Olmo-3-7b,Math,0.19625358283519745,209,model.layers.7.self_attn.v_proj.weight
Olmo-3-7b,Math,0.3214249312877655,210,model.layers.8.mlp.down_proj.weight
Olmo-3-7b,Math,0.31763213872909546,211,model.layers.8.mlp.gate_proj.weight
Olmo-3-7b,Math,0.31965309381484985,212,model.layers.8.mlp.up_proj.weight
Olmo-3-7b,Math,0.15177130699157715,213,model.layers.8.self_attn.k_proj.weight
Olmo-3-7b,Math,0.19764405488967896,214,model.layers.8.self_attn.o_proj.weight
Olmo-3-7b,Math,0.1537656933069229,215,model.layers.8.self_attn.q_proj.weight
Olmo-3-7b,Math,0.19754143059253693,216,model.layers.8.self_attn.v_proj.weight
Olmo-3-7b,Math,0.3223614990711212,217,model.layers.9.mlp.down_proj.weight
Olmo-3-7b,Math,0.31902143359184265,218,model.layers.9.mlp.gate_proj.weight
Olmo-3-7b,Math,0.3204112946987152,219,model.layers.9.mlp.up_proj.weight
Olmo-3-7b,Math,0.14647488296031952,220,model.layers.9.self_attn.k_proj.weight
Olmo-3-7b,Math,0.19935473799705505,221,model.layers.9.self_attn.o_proj.weight
Olmo-3-7b,Math,0.14861777424812317,222,model.layers.9.self_attn.q_proj.weight
Olmo-3-7b,Math,0.19840168952941895,223,model.layers.9.self_attn.v_proj.weight
Olmo-3-7b,Code,0.37615880370140076,0,model.layers.0.mlp.down_proj.weight
Olmo-3-7b,Code,0.37129583954811096,1,model.layers.0.mlp.gate_proj.weight
Olmo-3-7b,Code,0.3769015669822693,2,model.layers.0.mlp.up_proj.weight
Olmo-3-7b,Code,0.16986140608787537,3,model.layers.0.self_attn.k_proj.weight
Olmo-3-7b,Code,0.22056646645069122,4,model.layers.0.self_attn.o_proj.weight
Olmo-3-7b,Code,0.11371782422065735,5,model.layers.0.self_attn.q_proj.weight
Olmo-3-7b,Code,0.22440165281295776,6,model.layers.0.self_attn.v_proj.weight
Olmo-3-7b,Code,0.38144227862358093,7,model.layers.1.mlp.down_proj.weight
Olmo-3-7b,Code,0.3703247606754303,8,model.layers.1.mlp.gate_proj.weight
Olmo-3-7b,Code,0.3799936771392822,9,model.layers.1.mlp.up_proj.weight
Olmo-3-7b,Code,0.1823708713054657,10,model.layers.1.self_attn.k_proj.weight
Olmo-3-7b,Code,0.23609955608844757,11,model.layers.1.self_attn.o_proj.weight
Olmo-3-7b,Code,0.17884422838687897,12,model.layers.1.self_attn.q_proj.weight
Olmo-3-7b,Code,0.2399633675813675,13,model.layers.1.self_attn.v_proj.weight
Olmo-3-7b,Code,0.3833741843700409,14,model.layers.10.mlp.down_proj.weight
Olmo-3-7b,Code,0.37679243087768555,15,model.layers.10.mlp.gate_proj.weight
Olmo-3-7b,Code,0.3807833790779114,16,model.layers.10.mlp.up_proj.weight
Olmo-3-7b,Code,0.20481261610984802,17,model.layers.10.self_attn.k_proj.weight
Olmo-3-7b,Code,0.23878328502178192,18,model.layers.10.self_attn.o_proj.weight
Olmo-3-7b,Code,0.20739084482192993,19,model.layers.10.self_attn.q_proj.weight
Olmo-3-7b,Code,0.23718972504138947,20,model.layers.10.self_attn.v_proj.weight
Olmo-3-7b,Code,0.3860071301460266,21,model.layers.11.mlp.down_proj.weight
Olmo-3-7b,Code,0.3799034357070923,22,model.layers.11.mlp.gate_proj.weight
Olmo-3-7b,Code,0.38237693905830383,23,model.layers.11.mlp.up_proj.weight
Olmo-3-7b,Code,0.19982393085956573,24,model.layers.11.self_attn.k_proj.weight
Olmo-3-7b,Code,0.2396937757730484,25,model.layers.11.self_attn.o_proj.weight
Olmo-3-7b,Code,0.2108922004699707,26,model.layers.11.self_attn.q_proj.weight
Olmo-3-7b,Code,0.23948341608047485,27,model.layers.11.self_attn.v_proj.weight
Olmo-3-7b,Code,0.38819658756256104,28,model.layers.12.mlp.down_proj.weight
Olmo-3-7b,Code,0.38350987434387207,29,model.layers.12.mlp.gate_proj.weight
Olmo-3-7b,Code,0.3849364221096039,30,model.layers.12.mlp.up_proj.weight
Olmo-3-7b,Code,0.2045072317123413,31,model.layers.12.self_attn.k_proj.weight
Olmo-3-7b,Code,0.2397848665714264,32,model.layers.12.self_attn.o_proj.weight
Olmo-3-7b,Code,0.20387162268161774,33,model.layers.12.self_attn.q_proj.weight
Olmo-3-7b,Code,0.2410467267036438,34,model.layers.12.self_attn.v_proj.weight
Olmo-3-7b,Code,0.38910818099975586,35,model.layers.13.mlp.down_proj.weight
Olmo-3-7b,Code,0.38517194986343384,36,model.layers.13.mlp.gate_proj.weight
Olmo-3-7b,Code,0.38642197847366333,37,model.layers.13.mlp.up_proj.weight
Olmo-3-7b,Code,0.18784959614276886,38,model.layers.13.self_attn.k_proj.weight
Olmo-3-7b,Code,0.2438463568687439,39,model.layers.13.self_attn.o_proj.weight
Olmo-3-7b,Code,0.18943320214748383,40,model.layers.13.self_attn.q_proj.weight
Olmo-3-7b,Code,0.24505235254764557,41,model.layers.13.self_attn.v_proj.weight
Olmo-3-7b,Code,0.3881034255027771,42,model.layers.14.mlp.down_proj.weight
Olmo-3-7b,Code,0.3853920102119446,43,model.layers.14.mlp.gate_proj.weight
Olmo-3-7b,Code,0.38550055027008057,44,model.layers.14.mlp.up_proj.weight
Olmo-3-7b,Code,0.21433500945568085,45,model.layers.14.self_attn.k_proj.weight
Olmo-3-7b,Code,0.24341446161270142,46,model.layers.14.self_attn.o_proj.weight
Olmo-3-7b,Code,0.21507206559181213,47,model.layers.14.self_attn.q_proj.weight
Olmo-3-7b,Code,0.2474735677242279,48,model.layers.14.self_attn.v_proj.weight
Olmo-3-7b,Code,0.38855090737342834,49,model.layers.15.mlp.down_proj.weight
Olmo-3-7b,Code,0.38419580459594727,50,model.layers.15.mlp.gate_proj.weight
Olmo-3-7b,Code,0.3855281472206116,51,model.layers.15.mlp.up_proj.weight
Olmo-3-7b,Code,0.2069137990474701,52,model.layers.15.self_attn.k_proj.weight
Olmo-3-7b,Code,0.2447952926158905,53,model.layers.15.self_attn.o_proj.weight
Olmo-3-7b,Code,0.20556755363941193,54,model.layers.15.self_attn.q_proj.weight
Olmo-3-7b,Code,0.2478126734495163,55,model.layers.15.self_attn.v_proj.weight
Olmo-3-7b,Code,0.3904685378074646,56,model.layers.16.mlp.down_proj.weight
Olmo-3-7b,Code,0.3866701126098633,57,model.layers.16.mlp.gate_proj.weight
Olmo-3-7b,Code,0.3871782720088959,58,model.layers.16.mlp.up_proj.weight
Olmo-3-7b,Code,0.21493469178676605,59,model.layers.16.self_attn.k_proj.weight
Olmo-3-7b,Code,0.24330772459506989,60,model.layers.16.self_attn.o_proj.weight
Olmo-3-7b,Code,0.21666286885738373,61,model.layers.16.self_attn.q_proj.weight
Olmo-3-7b,Code,0.24530896544456482,62,model.layers.16.self_attn.v_proj.weight
Olmo-3-7b,Code,0.3912743031978607,63,model.layers.17.mlp.down_proj.weight
Olmo-3-7b,Code,0.38746196031570435,64,model.layers.17.mlp.gate_proj.weight
Olmo-3-7b,Code,0.38808372616767883,65,model.layers.17.mlp.up_proj.weight
Olmo-3-7b,Code,0.22071592509746552,66,model.layers.17.self_attn.k_proj.weight
Olmo-3-7b,Code,0.24588516354560852,67,model.layers.17.self_attn.o_proj.weight
Olmo-3-7b,Code,0.22020210325717926,68,model.layers.17.self_attn.q_proj.weight
Olmo-3-7b,Code,0.24608319997787476,69,model.layers.17.self_attn.v_proj.weight
Olmo-3-7b,Code,0.39320608973503113,70,model.layers.18.mlp.down_proj.weight
Olmo-3-7b,Code,0.38873377442359924,71,model.layers.18.mlp.gate_proj.weight
Olmo-3-7b,Code,0.3891852796077728,72,model.layers.18.mlp.up_proj.weight
Olmo-3-7b,Code,0.2176140546798706,73,model.layers.18.self_attn.k_proj.weight
Olmo-3-7b,Code,0.25120601058006287,74,model.layers.18.self_attn.o_proj.weight
Olmo-3-7b,Code,0.21804408729076385,75,model.layers.18.self_attn.q_proj.weight
Olmo-3-7b,Code,0.2513928711414337,76,model.layers.18.self_attn.v_proj.weight
Olmo-3-7b,Code,0.39593228697776794,77,model.layers.19.mlp.down_proj.weight
Olmo-3-7b,Code,0.39072951674461365,78,model.layers.19.mlp.gate_proj.weight
Olmo-3-7b,Code,0.3914478123188019,79,model.layers.19.mlp.up_proj.weight
Olmo-3-7b,Code,0.21538616716861725,80,model.layers.19.self_attn.k_proj.weight
Olmo-3-7b,Code,0.2533017098903656,81,model.layers.19.self_attn.o_proj.weight
Olmo-3-7b,Code,0.2116897851228714,82,model.layers.19.self_attn.q_proj.weight
Olmo-3-7b,Code,0.25592759251594543,83,model.layers.19.self_attn.v_proj.weight
Olmo-3-7b,Code,0.37860408425331116,84,model.layers.2.mlp.down_proj.weight
Olmo-3-7b,Code,0.3733951151371002,85,model.layers.2.mlp.gate_proj.weight
Olmo-3-7b,Code,0.3779602348804474,86,model.layers.2.mlp.up_proj.weight
Olmo-3-7b,Code,0.1856199949979782,87,model.layers.2.self_attn.k_proj.weight
Olmo-3-7b,Code,0.2336682379245758,88,model.layers.2.self_attn.o_proj.weight
Olmo-3-7b,Code,0.18852797150611877,89,model.layers.2.self_attn.q_proj.weight
Olmo-3-7b,Code,0.23744399845600128,90,model.layers.2.self_attn.v_proj.weight
Olmo-3-7b,Code,0.39836734533309937,91,model.layers.20.mlp.down_proj.weight
Olmo-3-7b,Code,0.39245930314064026,92,model.layers.20.mlp.gate_proj.weight
Olmo-3-7b,Code,0.39347314834594727,93,model.layers.20.mlp.up_proj.weight
Olmo-3-7b,Code,0.21329155564308167,94,model.layers.20.self_attn.k_proj.weight
Olmo-3-7b,Code,0.2554069459438324,95,model.layers.20.self_attn.o_proj.weight
Olmo-3-7b,Code,0.2120387852191925,96,model.layers.20.self_attn.q_proj.weight
Olmo-3-7b,Code,0.25380730628967285,97,model.layers.20.self_attn.v_proj.weight
Olmo-3-7b,Code,0.3994075655937195,98,model.layers.21.mlp.down_proj.weight
Olmo-3-7b,Code,0.393690824508667,99,model.layers.21.mlp.gate_proj.weight
Olmo-3-7b,Code,0.3950634300708771,100,model.layers.21.mlp.up_proj.weight
Olmo-3-7b,Code,0.22166560590267181,101,model.layers.21.self_attn.k_proj.weight
Olmo-3-7b,Code,0.26277798414230347,102,model.layers.21.self_attn.o_proj.weight
Olmo-3-7b,Code,0.22021105885505676,103,model.layers.21.self_attn.q_proj.weight
Olmo-3-7b,Code,0.26443952322006226,104,model.layers.21.self_attn.v_proj.weight
Olmo-3-7b,Code,0.40077510476112366,105,model.layers.22.mlp.down_proj.weight
Olmo-3-7b,Code,0.3938075006008148,106,model.layers.22.mlp.gate_proj.weight
Olmo-3-7b,Code,0.39595383405685425,107,model.layers.22.mlp.up_proj.weight
Olmo-3-7b,Code,0.2147291898727417,108,model.layers.22.self_attn.k_proj.weight
Olmo-3-7b,Code,0.26364848017692566,109,model.layers.22.self_attn.o_proj.weight
Olmo-3-7b,Code,0.21394306421279907,110,model.layers.22.self_attn.q_proj.weight
Olmo-3-7b,Code,0.264412522315979,111,model.layers.22.self_attn.v_proj.weight
Olmo-3-7b,Code,0.4025944173336029,112,model.layers.23.mlp.down_proj.weight
Olmo-3-7b,Code,0.39746832847595215,113,model.layers.23.mlp.gate_proj.weight
Olmo-3-7b,Code,0.3987315595149994,114,model.layers.23.mlp.up_proj.weight
Olmo-3-7b,Code,0.20958562195301056,115,model.layers.23.self_attn.k_proj.weight
Olmo-3-7b,Code,0.27431339025497437,116,model.layers.23.self_attn.o_proj.weight
Olmo-3-7b,Code,0.21523073315620422,117,model.layers.23.self_attn.q_proj.weight
Olmo-3-7b,Code,0.2749365568161011,118,model.layers.23.self_attn.v_proj.weight
Olmo-3-7b,Code,0.4036993086338043,119,model.layers.24.mlp.down_proj.weight
Olmo-3-7b,Code,0.39937329292297363,120,model.layers.24.mlp.gate_proj.weight
Olmo-3-7b,Code,0.4004179835319519,121,model.layers.24.mlp.up_proj.weight
Olmo-3-7b,Code,0.2170594185590744,122,model.layers.24.self_attn.k_proj.weight
Olmo-3-7b,Code,0.26572635769844055,123,model.layers.24.self_attn.o_proj.weight
Olmo-3-7b,Code,0.21862167119979858,124,model.layers.24.self_attn.q_proj.weight
Olmo-3-7b,Code,0.27052968740463257,125,model.layers.24.self_attn.v_proj.weight
Olmo-3-7b,Code,0.40255773067474365,126,model.layers.25.mlp.down_proj.weight
Olmo-3-7b,Code,0.39892062544822693,127,model.layers.25.mlp.gate_proj.weight
Olmo-3-7b,Code,0.39946848154067993,128,model.layers.25.mlp.up_proj.weight
Olmo-3-7b,Code,0.21769696474075317,129,model.layers.25.self_attn.k_proj.weight
Olmo-3-7b,Code,0.27933356165885925,130,model.layers.25.self_attn.o_proj.weight
Olmo-3-7b,Code,0.21370825171470642,131,model.layers.25.self_attn.q_proj.weight
Olmo-3-7b,Code,0.2808816432952881,132,model.layers.25.self_attn.v_proj.weight
Olmo-3-7b,Code,0.4029902219772339,133,model.layers.26.mlp.down_proj.weight
Olmo-3-7b,Code,0.3986698389053345,134,model.layers.26.mlp.gate_proj.weight
Olmo-3-7b,Code,0.39912042021751404,135,model.layers.26.mlp.up_proj.weight
Olmo-3-7b,Code,0.21531260013580322,136,model.layers.26.self_attn.k_proj.weight
Olmo-3-7b,Code,0.2718152105808258,137,model.layers.26.self_attn.o_proj.weight
Olmo-3-7b,Code,0.21571476757526398,138,model.layers.26.self_attn.q_proj.weight
Olmo-3-7b,Code,0.2735428810119629,139,model.layers.26.self_attn.v_proj.weight
Olmo-3-7b,Code,0.40682467818260193,140,model.layers.27.mlp.down_proj.weight
Olmo-3-7b,Code,0.40146124362945557,141,model.layers.27.mlp.gate_proj.weight
Olmo-3-7b,Code,0.4012513756752014,142,model.layers.27.mlp.up_proj.weight
Olmo-3-7b,Code,0.21993659436702728,143,model.layers.27.self_attn.k_proj.weight
Olmo-3-7b,Code,0.2985551357269287,144,model.layers.27.self_attn.o_proj.weight
Olmo-3-7b,Code,0.21898247301578522,145,model.layers.27.self_attn.q_proj.weight
Olmo-3-7b,Code,0.2997720539569855,146,model.layers.27.self_attn.v_proj.weight
Olmo-3-7b,Code,0.4095798134803772,147,model.layers.28.mlp.down_proj.weight
Olmo-3-7b,Code,0.40070316195487976,148,model.layers.28.mlp.gate_proj.weight
Olmo-3-7b,Code,0.40102800726890564,149,model.layers.28.mlp.up_proj.weight
Olmo-3-7b,Code,0.21461816132068634,150,model.layers.28.self_attn.k_proj.weight
Olmo-3-7b,Code,0.2913042902946472,151,model.layers.28.self_attn.o_proj.weight
Olmo-3-7b,Code,0.21244147419929504,152,model.layers.28.self_attn.q_proj.weight
Olmo-3-7b,Code,0.29682186245918274,153,model.layers.28.self_attn.v_proj.weight
Olmo-3-7b,Code,0.42188534140586853,154,model.layers.29.mlp.down_proj.weight
Olmo-3-7b,Code,0.40757066011428833,155,model.layers.29.mlp.gate_proj.weight
Olmo-3-7b,Code,0.4074564278125763,156,model.layers.29.mlp.up_proj.weight
Olmo-3-7b,Code,0.22452029585838318,157,model.layers.29.self_attn.k_proj.weight
Olmo-3-7b,Code,0.29417529702186584,158,model.layers.29.self_attn.o_proj.weight
Olmo-3-7b,Code,0.22207710146903992,159,model.layers.29.self_attn.q_proj.weight
Olmo-3-7b,Code,0.30449241399765015,160,model.layers.29.self_attn.v_proj.weight
Olmo-3-7b,Code,0.38018059730529785,161,model.layers.3.mlp.down_proj.weight
Olmo-3-7b,Code,0.37422648072242737,162,model.layers.3.mlp.gate_proj.weight
Olmo-3-7b,Code,0.37912988662719727,163,model.layers.3.mlp.up_proj.weight
Olmo-3-7b,Code,0.19135510921478271,164,model.layers.3.self_attn.k_proj.weight
Olmo-3-7b,Code,0.23324277997016907,165,model.layers.3.self_attn.o_proj.weight
Olmo-3-7b,Code,0.20089223980903625,166,model.layers.3.self_attn.q_proj.weight
Olmo-3-7b,Code,0.23475192487239838,167,model.layers.3.self_attn.v_proj.weight
Olmo-3-7b,Code,0.4217251241207123,168,model.layers.30.mlp.down_proj.weight
Olmo-3-7b,Code,0.40994390845298767,169,model.layers.30.mlp.gate_proj.weight
Olmo-3-7b,Code,0.40998372435569763,170,model.layers.30.mlp.up_proj.weight
Olmo-3-7b,Code,0.2399197816848755,171,model.layers.30.self_attn.k_proj.weight
Olmo-3-7b,Code,0.3162568211555481,172,model.layers.30.self_attn.o_proj.weight
Olmo-3-7b,Code,0.2349175065755844,173,model.layers.30.self_attn.q_proj.weight
Olmo-3-7b,Code,0.33383244276046753,174,model.layers.30.self_attn.v_proj.weight
Olmo-3-7b,Code,0.4123408794403076,175,model.layers.31.mlp.down_proj.weight
Olmo-3-7b,Code,0.4049086570739746,176,model.layers.31.mlp.gate_proj.weight
Olmo-3-7b,Code,0.4026010036468506,177,model.layers.31.mlp.up_proj.weight
Olmo-3-7b,Code,0.21176975965499878,178,model.layers.31.self_attn.k_proj.weight
Olmo-3-7b,Code,0.2687035799026489,179,model.layers.31.self_attn.o_proj.weight
Olmo-3-7b,Code,0.20193983614444733,180,model.layers.31.self_attn.q_proj.weight
Olmo-3-7b,Code,0.3195006847381592,181,model.layers.31.self_attn.v_proj.weight
Olmo-3-7b,Code,0.3799232244491577,182,model.layers.4.mlp.down_proj.weight
Olmo-3-7b,Code,0.37455761432647705,183,model.layers.4.mlp.gate_proj.weight
Olmo-3-7b,Code,0.37892091274261475,184,model.layers.4.mlp.up_proj.weight
Olmo-3-7b,Code,0.18610985577106476,185,model.layers.4.self_attn.k_proj.weight
Olmo-3-7b,Code,0.23498623073101044,186,model.layers.4.self_attn.o_proj.weight
Olmo-3-7b,Code,0.18985584378242493,187,model.layers.4.self_attn.q_proj.weight
Olmo-3-7b,Code,0.23579931259155273,188,model.layers.4.self_attn.v_proj.weight
Olmo-3-7b,Code,0.37908700108528137,189,model.layers.5.mlp.down_proj.weight
Olmo-3-7b,Code,0.37351569533348083,190,model.layers.5.mlp.gate_proj.weight
Olmo-3-7b,Code,0.3770066201686859,191,model.layers.5.mlp.up_proj.weight
Olmo-3-7b,Code,0.19215701520442963,192,model.layers.5.self_attn.k_proj.weight
Olmo-3-7b,Code,0.23568770289421082,193,model.layers.5.self_attn.o_proj.weight
Olmo-3-7b,Code,0.19425517320632935,194,model.layers.5.self_attn.q_proj.weight
Olmo-3-7b,Code,0.23690468072891235,195,model.layers.5.self_attn.v_proj.weight
Olmo-3-7b,Code,0.38017189502716064,196,model.layers.6.mlp.down_proj.weight
Olmo-3-7b,Code,0.3723607361316681,197,model.layers.6.mlp.gate_proj.weight
Olmo-3-7b,Code,0.37669363617897034,198,model.layers.6.mlp.up_proj.weight
Olmo-3-7b,Code,0.18865494430065155,199,model.layers.6.self_attn.k_proj.weight
Olmo-3-7b,Code,0.23502004146575928,200,model.layers.6.self_attn.o_proj.weight
Olmo-3-7b,Code,0.19250740110874176,201,model.layers.6.self_attn.q_proj.weight
Olmo-3-7b,Code,0.233828604221344,202,model.layers.6.self_attn.v_proj.weight
Olmo-3-7b,Code,0.3817068338394165,203,model.layers.7.mlp.down_proj.weight
Olmo-3-7b,Code,0.374148964881897,204,model.layers.7.mlp.gate_proj.weight
Olmo-3-7b,Code,0.37821164727211,205,model.layers.7.mlp.up_proj.weight
Olmo-3-7b,Code,0.18904082477092743,206,model.layers.7.self_attn.k_proj.weight
Olmo-3-7b,Code,0.23414532840251923,207,model.layers.7.self_attn.o_proj.weight
Olmo-3-7b,Code,0.19933216273784637,208,model.layers.7.self_attn.q_proj.weight
Olmo-3-7b,Code,0.23346716165542603,209,model.layers.7.self_attn.v_proj.weight
Olmo-3-7b,Code,0.3805175721645355,210,model.layers.8.mlp.down_proj.weight
Olmo-3-7b,Code,0.37498846650123596,211,model.layers.8.mlp.gate_proj.weight
Olmo-3-7b,Code,0.3771559000015259,212,model.layers.8.mlp.up_proj.weight
Olmo-3-7b,Code,0.17988114058971405,213,model.layers.8.self_attn.k_proj.weight
Olmo-3-7b,Code,0.2373664230108261,214,model.layers.8.self_attn.o_proj.weight
Olmo-3-7b,Code,0.18060427904129028,215,model.layers.8.self_attn.q_proj.weight
Olmo-3-7b,Code,0.23813217878341675,216,model.layers.8.self_attn.v_proj.weight
Olmo-3-7b,Code,0.3813059628009796,217,model.layers.9.mlp.down_proj.weight
Olmo-3-7b,Code,0.37477269768714905,218,model.layers.9.mlp.gate_proj.weight
Olmo-3-7b,Code,0.37801074981689453,219,model.layers.9.mlp.up_proj.weight
Olmo-3-7b,Code,0.17368723452091217,220,model.layers.9.self_attn.k_proj.weight
Olmo-3-7b,Code,0.23802891373634338,221,model.layers.9.self_attn.o_proj.weight
Olmo-3-7b,Code,0.17541366815567017,222,model.layers.9.self_attn.q_proj.weight
Olmo-3-7b,Code,0.23927627503871918,223,model.layers.9.self_attn.v_proj.weight
Olmo-3-7b,IF,0.36135172843933105,0,model.layers.0.mlp.down_proj.weight
Olmo-3-7b,IF,0.365849107503891,1,model.layers.0.mlp.gate_proj.weight
Olmo-3-7b,IF,0.3612673878669739,2,model.layers.0.mlp.up_proj.weight
Olmo-3-7b,IF,0.16980867087841034,3,model.layers.0.self_attn.k_proj.weight
Olmo-3-7b,IF,0.2106609344482422,4,model.layers.0.self_attn.o_proj.weight
Olmo-3-7b,IF,0.10552574694156647,5,model.layers.0.self_attn.q_proj.weight
Olmo-3-7b,IF,0.20613078773021698,6,model.layers.0.self_attn.v_proj.weight
Olmo-3-7b,IF,0.3567183315753937,7,model.layers.1.mlp.down_proj.weight
Olmo-3-7b,IF,0.35790666937828064,8,model.layers.1.mlp.gate_proj.weight
Olmo-3-7b,IF,0.3550204336643219,9,model.layers.1.mlp.up_proj.weight
Olmo-3-7b,IF,0.18005284667015076,10,model.layers.1.self_attn.k_proj.weight
Olmo-3-7b,IF,0.21711967885494232,11,model.layers.1.self_attn.o_proj.weight
Olmo-3-7b,IF,0.16660583019256592,12,model.layers.1.self_attn.q_proj.weight
Olmo-3-7b,IF,0.2162153571844101,13,model.layers.1.self_attn.v_proj.weight
Olmo-3-7b,IF,0.38485148549079895,14,model.layers.10.mlp.down_proj.weight
Olmo-3-7b,IF,0.38280975818634033,15,model.layers.10.mlp.gate_proj.weight
Olmo-3-7b,IF,0.38636285066604614,16,model.layers.10.mlp.up_proj.weight
Olmo-3-7b,IF,0.2122218906879425,17,model.layers.10.self_attn.k_proj.weight
Olmo-3-7b,IF,0.2352282553911209,18,model.layers.10.self_attn.o_proj.weight
Olmo-3-7b,IF,0.211251363158226,19,model.layers.10.self_attn.q_proj.weight
Olmo-3-7b,IF,0.23693491518497467,20,model.layers.10.self_attn.v_proj.weight
Olmo-3-7b,IF,0.3857641816139221,21,model.layers.11.mlp.down_proj.weight
Olmo-3-7b,IF,0.38476821780204773,22,model.layers.11.mlp.gate_proj.weight
Olmo-3-7b,IF,0.3871541917324066,23,model.layers.11.mlp.up_proj.weight
Olmo-3-7b,IF,0.21736657619476318,24,model.layers.11.self_attn.k_proj.weight
Olmo-3-7b,IF,0.23342077434062958,25,model.layers.11.self_attn.o_proj.weight
Olmo-3-7b,IF,0.22171105444431305,26,model.layers.11.self_attn.q_proj.weight
Olmo-3-7b,IF,0.23428907990455627,27,model.layers.11.self_attn.v_proj.weight
Olmo-3-7b,IF,0.3854384124279022,28,model.layers.12.mlp.down_proj.weight
Olmo-3-7b,IF,0.38506683707237244,29,model.layers.12.mlp.gate_proj.weight
Olmo-3-7b,IF,0.3874066472053528,30,model.layers.12.mlp.up_proj.weight
Olmo-3-7b,IF,0.2101178616285324,31,model.layers.12.self_attn.k_proj.weight
Olmo-3-7b,IF,0.23546001315116882,32,model.layers.12.self_attn.o_proj.weight
Olmo-3-7b,IF,0.20606191456317902,33,model.layers.12.self_attn.q_proj.weight
Olmo-3-7b,IF,0.23754996061325073,34,model.layers.12.self_attn.v_proj.weight
Olmo-3-7b,IF,0.38171085715293884,35,model.layers.13.mlp.down_proj.weight
Olmo-3-7b,IF,0.3830217123031616,36,model.layers.13.mlp.gate_proj.weight
Olmo-3-7b,IF,0.3835219740867615,37,model.layers.13.mlp.up_proj.weight
Olmo-3-7b,IF,0.1943151354789734,38,model.layers.13.self_attn.k_proj.weight
Olmo-3-7b,IF,0.2339445948600769,39,model.layers.13.self_attn.o_proj.weight
Olmo-3-7b,IF,0.18763184547424316,40,model.layers.13.self_attn.q_proj.weight
Olmo-3-7b,IF,0.23274146020412445,41,model.layers.13.self_attn.v_proj.weight
Olmo-3-7b,IF,0.3809347152709961,42,model.layers.14.mlp.down_proj.weight
Olmo-3-7b,IF,0.3835340142250061,43,model.layers.14.mlp.gate_proj.weight
Olmo-3-7b,IF,0.3842259347438812,44,model.layers.14.mlp.up_proj.weight
Olmo-3-7b,IF,0.21539199352264404,45,model.layers.14.self_attn.k_proj.weight
Olmo-3-7b,IF,0.2350102663040161,46,model.layers.14.self_attn.o_proj.weight
Olmo-3-7b,IF,0.2141350507736206,47,model.layers.14.self_attn.q_proj.weight
Olmo-3-7b,IF,0.23873628675937653,48,model.layers.14.self_attn.v_proj.weight
Olmo-3-7b,IF,0.3745303750038147,49,model.layers.15.mlp.down_proj.weight
Olmo-3-7b,IF,0.3745693266391754,50,model.layers.15.mlp.gate_proj.weight
Olmo-3-7b,IF,0.37523987889289856,51,model.layers.15.mlp.up_proj.weight
Olmo-3-7b,IF,0.22348067164421082,52,model.layers.15.self_attn.k_proj.weight
Olmo-3-7b,IF,0.23326006531715393,53,model.layers.15.self_attn.o_proj.weight
Olmo-3-7b,IF,0.2139352709054947,54,model.layers.15.self_attn.q_proj.weight
Olmo-3-7b,IF,0.23201021552085876,55,model.layers.15.self_attn.v_proj.weight
Olmo-3-7b,IF,0.3710383176803589,56,model.layers.16.mlp.down_proj.weight
Olmo-3-7b,IF,0.37211257219314575,57,model.layers.16.mlp.gate_proj.weight
Olmo-3-7b,IF,0.37365394830703735,58,model.layers.16.mlp.up_proj.weight
Olmo-3-7b,IF,0.21600598096847534,59,model.layers.16.self_attn.k_proj.weight
Olmo-3-7b,IF,0.2331189662218094,60,model.layers.16.self_attn.o_proj.weight
Olmo-3-7b,IF,0.21648737788200378,61,model.layers.16.self_attn.q_proj.weight
Olmo-3-7b,IF,0.23198604583740234,62,model.layers.16.self_attn.v_proj.weight
Olmo-3-7b,IF,0.3656570017337799,63,model.layers.17.mlp.down_proj.weight
Olmo-3-7b,IF,0.3662450611591339,64,model.layers.17.mlp.gate_proj.weight
Olmo-3-7b,IF,0.36749982833862305,65,model.layers.17.mlp.up_proj.weight
Olmo-3-7b,IF,0.21563909947872162,66,model.layers.17.self_attn.k_proj.weight
Olmo-3-7b,IF,0.23001514375209808,67,model.layers.17.self_attn.o_proj.weight
Olmo-3-7b,IF,0.2140946388244629,68,model.layers.17.self_attn.q_proj.weight
Olmo-3-7b,IF,0.23077954351902008,69,model.layers.17.self_attn.v_proj.weight
Olmo-3-7b,IF,0.3612769544124603,70,model.layers.18.mlp.down_proj.weight
Olmo-3-7b,IF,0.3604869246482849,71,model.layers.18.mlp.gate_proj.weight
Olmo-3-7b,IF,0.3633614480495453,72,model.layers.18.mlp.up_proj.weight
Olmo-3-7b,IF,0.20327475666999817,73,model.layers.18.self_attn.k_proj.weight
Olmo-3-7b,IF,0.22106078267097473,74,model.layers.18.self_attn.o_proj.weight
Olmo-3-7b,IF,0.2034623622894287,75,model.layers.18.self_attn.q_proj.weight
Olmo-3-7b,IF,0.2224510759115219,76,model.layers.18.self_attn.v_proj.weight
Olmo-3-7b,IF,0.3594875633716583,77,model.layers.19.mlp.down_proj.weight
Olmo-3-7b,IF,0.35955315828323364,78,model.layers.19.mlp.gate_proj.weight
Olmo-3-7b,IF,0.36146706342697144,79,model.layers.19.mlp.up_proj.weight
Olmo-3-7b,IF,0.2105119675397873,80,model.layers.19.self_attn.k_proj.weight
Olmo-3-7b,IF,0.22139392793178558,81,model.layers.19.self_attn.o_proj.weight
Olmo-3-7b,IF,0.19869282841682434,82,model.layers.19.self_attn.q_proj.weight
Olmo-3-7b,IF,0.22233617305755615,83,model.layers.19.self_attn.v_proj.weight
Olmo-3-7b,IF,0.3598989248275757,84,model.layers.2.mlp.down_proj.weight
Olmo-3-7b,IF,0.3602583706378937,85,model.layers.2.mlp.gate_proj.weight
Olmo-3-7b,IF,0.3604690730571747,86,model.layers.2.mlp.up_proj.weight
Olmo-3-7b,IF,0.17851848900318146,87,model.layers.2.self_attn.k_proj.weight
Olmo-3-7b,IF,0.22482174634933472,88,model.layers.2.self_attn.o_proj.weight
Olmo-3-7b,IF,0.17864370346069336,89,model.layers.2.self_attn.q_proj.weight
Olmo-3-7b,IF,0.22066819667816162,90,model.layers.2.self_attn.v_proj.weight
Olmo-3-7b,IF,0.3554002046585083,91,model.layers.20.mlp.down_proj.weight
Olmo-3-7b,IF,0.354714035987854,92,model.layers.20.mlp.gate_proj.weight
Olmo-3-7b,IF,0.35779255628585815,93,model.layers.20.mlp.up_proj.weight
Olmo-3-7b,IF,0.20829032361507416,94,model.layers.20.self_attn.k_proj.weight
Olmo-3-7b,IF,0.2211143970489502,95,model.layers.20.self_attn.o_proj.weight
Olmo-3-7b,IF,0.20551368594169617,96,model.layers.20.self_attn.q_proj.weight
Olmo-3-7b,IF,0.22517648339271545,97,model.layers.20.self_attn.v_proj.weight
Olmo-3-7b,IF,0.355831116437912,98,model.layers.21.mlp.down_proj.weight
Olmo-3-7b,IF,0.35502946376800537,99,model.layers.21.mlp.gate_proj.weight
Olmo-3-7b,IF,0.35761573910713196,100,model.layers.21.mlp.up_proj.weight
Olmo-3-7b,IF,0.2015964239835739,101,model.layers.21.self_attn.k_proj.weight
Olmo-3-7b,IF,0.2161753624677658,102,model.layers.21.self_attn.o_proj.weight
Olmo-3-7b,IF,0.19970335066318512,103,model.layers.21.self_attn.q_proj.weight
Olmo-3-7b,IF,0.21760766208171844,104,model.layers.21.self_attn.v_proj.weight
Olmo-3-7b,IF,0.3506256937980652,105,model.layers.22.mlp.down_proj.weight
Olmo-3-7b,IF,0.35079309344291687,106,model.layers.22.mlp.gate_proj.weight
Olmo-3-7b,IF,0.35344958305358887,107,model.layers.22.mlp.up_proj.weight
Olmo-3-7b,IF,0.20451559126377106,108,model.layers.22.self_attn.k_proj.weight
Olmo-3-7b,IF,0.21889659762382507,109,model.layers.22.self_attn.o_proj.weight
Olmo-3-7b,IF,0.20092107355594635,110,model.layers.22.self_attn.q_proj.weight
Olmo-3-7b,IF,0.22508050501346588,111,model.layers.22.self_attn.v_proj.weight
Olmo-3-7b,IF,0.34583020210266113,112,model.layers.23.mlp.down_proj.weight
Olmo-3-7b,IF,0.3479914665222168,113,model.layers.23.mlp.gate_proj.weight
Olmo-3-7b,IF,0.3498516380786896,114,model.layers.23.mlp.up_proj.weight
Olmo-3-7b,IF,0.21490363776683807,115,model.layers.23.self_attn.k_proj.weight
Olmo-3-7b,IF,0.21818043291568756,116,model.layers.23.self_attn.o_proj.weight
Olmo-3-7b,IF,0.20491015911102295,117,model.layers.23.self_attn.q_proj.weight
Olmo-3-7b,IF,0.21980980038642883,118,model.layers.23.self_attn.v_proj.weight
Olmo-3-7b,IF,0.3436836302280426,119,model.layers.24.mlp.down_proj.weight
Olmo-3-7b,IF,0.34762218594551086,120,model.layers.24.mlp.gate_proj.weight
Olmo-3-7b,IF,0.3489193320274353,121,model.layers.24.mlp.up_proj.weight
Olmo-3-7b,IF,0.19426247477531433,122,model.layers.24.self_attn.k_proj.weight
Olmo-3-7b,IF,0.21256023645401,123,model.layers.24.self_attn.o_proj.weight
Olmo-3-7b,IF,0.19102013111114502,124,model.layers.24.self_attn.q_proj.weight
Olmo-3-7b,IF,0.21492621302604675,125,model.layers.24.self_attn.v_proj.weight
Olmo-3-7b,IF,0.3403077721595764,126,model.layers.25.mlp.down_proj.weight
Olmo-3-7b,IF,0.3435933589935303,127,model.layers.25.mlp.gate_proj.weight
Olmo-3-7b,IF,0.34389904141426086,128,model.layers.25.mlp.up_proj.weight
Olmo-3-7b,IF,0.1939082145690918,129,model.layers.25.self_attn.k_proj.weight
Olmo-3-7b,IF,0.2102745920419693,130,model.layers.25.self_attn.o_proj.weight
Olmo-3-7b,IF,0.19194458425045013,131,model.layers.25.self_attn.q_proj.weight
Olmo-3-7b,IF,0.2141352891921997,132,model.layers.25.self_attn.v_proj.weight
Olmo-3-7b,IF,0.33958375453948975,133,model.layers.26.mlp.down_proj.weight
Olmo-3-7b,IF,0.3449329733848572,134,model.layers.26.mlp.gate_proj.weight
Olmo-3-7b,IF,0.34341222047805786,135,model.layers.26.mlp.up_proj.weight
Olmo-3-7b,IF,0.19504287838935852,136,model.layers.26.self_attn.k_proj.weight
Olmo-3-7b,IF,0.20983578264713287,137,model.layers.26.self_attn.o_proj.weight
Olmo-3-7b,IF,0.1931801587343216,138,model.layers.26.self_attn.q_proj.weight
Olmo-3-7b,IF,0.2114786058664322,139,model.layers.26.self_attn.v_proj.weight
Olmo-3-7b,IF,0.33683934807777405,140,model.layers.27.mlp.down_proj.weight
Olmo-3-7b,IF,0.34222039580345154,141,model.layers.27.mlp.gate_proj.weight
Olmo-3-7b,IF,0.3399750590324402,142,model.layers.27.mlp.up_proj.weight
Olmo-3-7b,IF,0.19136381149291992,143,model.layers.27.self_attn.k_proj.weight
Olmo-3-7b,IF,0.20761312544345856,144,model.layers.27.self_attn.o_proj.weight
Olmo-3-7b,IF,0.19488494098186493,145,model.layers.27.self_attn.q_proj.weight
Olmo-3-7b,IF,0.2094910740852356,146,model.layers.27.self_attn.v_proj.weight
Olmo-3-7b,IF,0.33342158794403076,147,model.layers.28.mlp.down_proj.weight
Olmo-3-7b,IF,0.3381165564060211,148,model.layers.28.mlp.gate_proj.weight
Olmo-3-7b,IF,0.33412840962409973,149,model.layers.28.mlp.up_proj.weight
Olmo-3-7b,IF,0.1964905560016632,150,model.layers.28.self_attn.k_proj.weight
Olmo-3-7b,IF,0.20566250383853912,151,model.layers.28.self_attn.o_proj.weight
Olmo-3-7b,IF,0.19107036292552948,152,model.layers.28.self_attn.q_proj.weight
Olmo-3-7b,IF,0.21145765483379364,153,model.layers.28.self_attn.v_proj.weight
Olmo-3-7b,IF,0.3352213501930237,154,model.layers.29.mlp.down_proj.weight
Olmo-3-7b,IF,0.3372724950313568,155,model.layers.29.mlp.gate_proj.weight
Olmo-3-7b,IF,0.3313020169734955,156,model.layers.29.mlp.up_proj.weight
Olmo-3-7b,IF,0.2017774134874344,157,model.layers.29.self_attn.k_proj.weight
Olmo-3-7b,IF,0.20816153287887573,158,model.layers.29.self_attn.o_proj.weight
Olmo-3-7b,IF,0.1972159594297409,159,model.layers.29.self_attn.q_proj.weight
Olmo-3-7b,IF,0.2155868262052536,160,model.layers.29.self_attn.v_proj.weight
Olmo-3-7b,IF,0.36373212933540344,161,model.layers.3.mlp.down_proj.weight
Olmo-3-7b,IF,0.35679301619529724,162,model.layers.3.mlp.gate_proj.weight
Olmo-3-7b,IF,0.3608485460281372,163,model.layers.3.mlp.up_proj.weight
Olmo-3-7b,IF,0.19974207878112793,164,model.layers.3.self_attn.k_proj.weight
Olmo-3-7b,IF,0.2258995622396469,165,model.layers.3.self_attn.o_proj.weight
Olmo-3-7b,IF,0.2044665515422821,166,model.layers.3.self_attn.q_proj.weight
Olmo-3-7b,IF,0.22571121156215668,167,model.layers.3.self_attn.v_proj.weight
Olmo-3-7b,IF,0.3355954587459564,168,model.layers.30.mlp.down_proj.weight
Olmo-3-7b,IF,0.33401134610176086,169,model.layers.30.mlp.gate_proj.weight
Olmo-3-7b,IF,0.3250580430030823,170,model.layers.30.mlp.up_proj.weight
Olmo-3-7b,IF,0.19397109746932983,171,model.layers.30.self_attn.k_proj.weight
Olmo-3-7b,IF,0.2172396034002304,172,model.layers.30.self_attn.o_proj.weight
Olmo-3-7b,IF,0.19137179851531982,173,model.layers.30.self_attn.q_proj.weight
Olmo-3-7b,IF,0.21843698620796204,174,model.layers.30.self_attn.v_proj.weight
Olmo-3-7b,IF,0.3289863169193268,175,model.layers.31.mlp.down_proj.weight
Olmo-3-7b,IF,0.3232111930847168,176,model.layers.31.mlp.gate_proj.weight
Olmo-3-7b,IF,0.31185540556907654,177,model.layers.31.mlp.up_proj.weight
Olmo-3-7b,IF,0.1852646768093109,178,model.layers.31.self_attn.k_proj.weight
Olmo-3-7b,IF,0.2000683695077896,179,model.layers.31.self_attn.o_proj.weight
Olmo-3-7b,IF,0.18643701076507568,180,model.layers.31.self_attn.q_proj.weight
Olmo-3-7b,IF,0.20927324891090393,181,model.layers.31.self_attn.v_proj.weight
Olmo-3-7b,IF,0.36866435408592224,182,model.layers.4.mlp.down_proj.weight
Olmo-3-7b,IF,0.36020782589912415,183,model.layers.4.mlp.gate_proj.weight
Olmo-3-7b,IF,0.36525312066078186,184,model.layers.4.mlp.up_proj.weight
Olmo-3-7b,IF,0.18660999834537506,185,model.layers.4.self_attn.k_proj.weight
Olmo-3-7b,IF,0.22386859357357025,186,model.layers.4.self_attn.o_proj.weight
Olmo-3-7b,IF,0.18833677470684052,187,model.layers.4.self_attn.q_proj.weight
Olmo-3-7b,IF,0.22439220547676086,188,model.layers.4.self_attn.v_proj.weight
Olmo-3-7b,IF,0.3746817111968994,189,model.layers.5.mlp.down_proj.weight
Olmo-3-7b,IF,0.3697577714920044,190,model.layers.5.mlp.gate_proj.weight
Olmo-3-7b,IF,0.37270569801330566,191,model.layers.5.mlp.up_proj.weight
Olmo-3-7b,IF,0.1890154629945755,192,model.layers.5.self_attn.k_proj.weight
Olmo-3-7b,IF,0.22714991867542267,193,model.layers.5.self_attn.o_proj.weight
Olmo-3-7b,IF,0.1866668462753296,194,model.layers.5.self_attn.q_proj.weight
Olmo-3-7b,IF,0.22553960978984833,195,model.layers.5.self_attn.v_proj.weight
Olmo-3-7b,IF,0.3829604387283325,196,model.layers.6.mlp.down_proj.weight
Olmo-3-7b,IF,0.37792399525642395,197,model.layers.6.mlp.gate_proj.weight
Olmo-3-7b,IF,0.38134026527404785,198,model.layers.6.mlp.up_proj.weight
Olmo-3-7b,IF,0.18515560030937195,199,model.layers.6.self_attn.k_proj.weight
Olmo-3-7b,IF,0.23154938220977783,200,model.layers.6.self_attn.o_proj.weight
Olmo-3-7b,IF,0.1876993030309677,201,model.layers.6.self_attn.q_proj.weight
Olmo-3-7b,IF,0.22822342813014984,202,model.layers.6.self_attn.v_proj.weight
Olmo-3-7b,IF,0.3854638636112213,203,model.layers.7.mlp.down_proj.weight
Olmo-3-7b,IF,0.38076770305633545,204,model.layers.7.mlp.gate_proj.weight
Olmo-3-7b,IF,0.3851363956928253,205,model.layers.7.mlp.up_proj.weight
Olmo-3-7b,IF,0.2016398310661316,206,model.layers.7.self_attn.k_proj.weight
Olmo-3-7b,IF,0.23174701631069183,207,model.layers.7.self_attn.o_proj.weight
Olmo-3-7b,IF,0.2051996886730194,208,model.layers.7.self_attn.q_proj.weight
Olmo-3-7b,IF,0.23265260457992554,209,model.layers.7.self_attn.v_proj.weight
Olmo-3-7b,IF,0.38727453351020813,210,model.layers.8.mlp.down_proj.weight
Olmo-3-7b,IF,0.3843575417995453,211,model.layers.8.mlp.gate_proj.weight
Olmo-3-7b,IF,0.3860539197921753,212,model.layers.8.mlp.up_proj.weight
Olmo-3-7b,IF,0.17637911438941956,213,model.layers.8.self_attn.k_proj.weight
Olmo-3-7b,IF,0.23435592651367188,214,model.layers.8.self_attn.o_proj.weight
Olmo-3-7b,IF,0.17944848537445068,215,model.layers.8.self_attn.q_proj.weight
Olmo-3-7b,IF,0.23510470986366272,216,model.layers.8.self_attn.v_proj.weight
Olmo-3-7b,IF,0.3907352387905121,217,model.layers.9.mlp.down_proj.weight
Olmo-3-7b,IF,0.3883839249610901,218,model.layers.9.mlp.gate_proj.weight
Olmo-3-7b,IF,0.3910445272922516,219,model.layers.9.mlp.up_proj.weight
Olmo-3-7b,IF,0.18087466061115265,220,model.layers.9.self_attn.k_proj.weight
Olmo-3-7b,IF,0.23499958217144012,221,model.layers.9.self_attn.o_proj.weight
Olmo-3-7b,IF,0.17781558632850647,222,model.layers.9.self_attn.q_proj.weight
Olmo-3-7b,IF,0.23469653725624084,223,model.layers.9.self_attn.v_proj.weight
gemma-2-2b-it,instruction,0.5929539799690247,0,model.layers.0.mlp.down_proj.weight
gemma-2-2b-it,instruction,0.6011013984680176,1,model.layers.0.mlp.gate_proj.weight
gemma-2-2b-it,instruction,0.5830780267715454,2,model.layers.0.mlp.up_proj.weight
gemma-2-2b-it,instruction,0.32071056962013245,3,model.layers.0.self_attn.k_proj.weight
gemma-2-2b-it,instruction,0.2551746070384979,4,model.layers.0.self_attn.o_proj.weight
gemma-2-2b-it,instruction,0.36514660716056824,5,model.layers.0.self_attn.q_proj.weight
gemma-2-2b-it,instruction,0.22886121273040771,6,model.layers.0.self_attn.v_proj.weight
gemma-2-2b-it,instruction,0.5958898663520813,7,model.layers.1.mlp.down_proj.weight
gemma-2-2b-it,instruction,0.6305462718009949,8,model.layers.1.mlp.gate_proj.weight
gemma-2-2b-it,instruction,0.6036230325698853,9,model.layers.1.mlp.up_proj.weight
gemma-2-2b-it,instruction,0.2395513504743576,10,model.layers.1.self_attn.k_proj.weight
gemma-2-2b-it,instruction,0.2790626883506775,11,model.layers.1.self_attn.o_proj.weight
gemma-2-2b-it,instruction,0.3065558969974518,12,model.layers.1.self_attn.q_proj.weight
gemma-2-2b-it,instruction,0.20370781421661377,13,model.layers.1.self_attn.v_proj.weight
gemma-2-2b-it,instruction,0.584229052066803,14,model.layers.10.mlp.down_proj.weight
gemma-2-2b-it,instruction,0.6639595627784729,15,model.layers.10.mlp.gate_proj.weight
gemma-2-2b-it,instruction,0.5883578062057495,16,model.layers.10.mlp.up_proj.weight
gemma-2-2b-it,instruction,0.21427395939826965,17,model.layers.10.self_attn.k_proj.weight
gemma-2-2b-it,instruction,0.23541827499866486,18,model.layers.10.self_attn.o_proj.weight
gemma-2-2b-it,instruction,0.3025833070278168,19,model.layers.10.self_attn.q_proj.weight
gemma-2-2b-it,instruction,0.16162429749965668,20,model.layers.10.self_attn.v_proj.weight
gemma-2-2b-it,instruction,0.5885660648345947,21,model.layers.11.mlp.down_proj.weight
gemma-2-2b-it,instruction,0.6794702410697937,22,model.layers.11.mlp.gate_proj.weight
gemma-2-2b-it,instruction,0.593520998954773,23,model.layers.11.mlp.up_proj.weight
gemma-2-2b-it,instruction,0.19741377234458923,24,model.layers.11.self_attn.k_proj.weight
gemma-2-2b-it,instruction,0.22915664315223694,25,model.layers.11.self_attn.o_proj.weight
gemma-2-2b-it,instruction,0.2818855345249176,26,model.layers.11.self_attn.q_proj.weight
gemma-2-2b-it,instruction,0.1600557118654251,27,model.layers.11.self_attn.v_proj.weight
gemma-2-2b-it,instruction,0.6145349740982056,28,model.layers.12.mlp.down_proj.weight
gemma-2-2b-it,instruction,0.6787170767784119,29,model.layers.12.mlp.gate_proj.weight
gemma-2-2b-it,instruction,0.6266506910324097,30,model.layers.12.mlp.up_proj.weight
gemma-2-2b-it,instruction,0.21659399569034576,31,model.layers.12.self_attn.k_proj.weight
gemma-2-2b-it,instruction,0.20003828406333923,32,model.layers.12.self_attn.o_proj.weight
gemma-2-2b-it,instruction,0.2966093122959137,33,model.layers.12.self_attn.q_proj.weight
gemma-2-2b-it,instruction,0.15526041388511658,34,model.layers.12.self_attn.v_proj.weight
gemma-2-2b-it,instruction,0.6038286685943604,35,model.layers.13.mlp.down_proj.weight
gemma-2-2b-it,instruction,0.6957912445068359,36,model.layers.13.mlp.gate_proj.weight
gemma-2-2b-it,instruction,0.6148965954780579,37,model.layers.13.mlp.up_proj.weight
gemma-2-2b-it,instruction,0.2202969193458557,38,model.layers.13.self_attn.k_proj.weight
gemma-2-2b-it,instruction,0.25110724568367004,39,model.layers.13.self_attn.o_proj.weight
gemma-2-2b-it,instruction,0.3108212351799011,40,model.layers.13.self_attn.q_proj.weight
gemma-2-2b-it,instruction,0.17441704869270325,41,model.layers.13.self_attn.v_proj.weight
gemma-2-2b-it,instruction,0.6482937932014465,42,model.layers.14.mlp.down_proj.weight
gemma-2-2b-it,instruction,0.7244448661804199,43,model.layers.14.mlp.gate_proj.weight
gemma-2-2b-it,instruction,0.6538608074188232,44,model.layers.14.mlp.up_proj.weight
gemma-2-2b-it,instruction,0.20636935532093048,45,model.layers.14.self_attn.k_proj.weight
gemma-2-2b-it,instruction,0.22610855102539062,46,model.layers.14.self_attn.o_proj.weight
gemma-2-2b-it,instruction,0.28749093413352966,47,model.layers.14.self_attn.q_proj.weight
gemma-2-2b-it,instruction,0.15504132211208344,48,model.layers.14.self_attn.v_proj.weight
gemma-2-2b-it,instruction,0.6802966594696045,49,model.layers.15.mlp.down_proj.weight
gemma-2-2b-it,instruction,0.769074022769928,50,model.layers.15.mlp.gate_proj.weight
gemma-2-2b-it,instruction,0.6976302862167358,51,model.layers.15.mlp.up_proj.weight
gemma-2-2b-it,instruction,0.21044912934303284,52,model.layers.15.self_attn.k_proj.weight
gemma-2-2b-it,instruction,0.2697995603084564,53,model.layers.15.self_attn.o_proj.weight
gemma-2-2b-it,instruction,0.2909106910228729,54,model.layers.15.self_attn.q_proj.weight
gemma-2-2b-it,instruction,0.19391584396362305,55,model.layers.15.self_attn.v_proj.weight
gemma-2-2b-it,instruction,0.7291024327278137,56,model.layers.16.mlp.down_proj.weight
gemma-2-2b-it,instruction,0.8103348612785339,57,model.layers.16.mlp.gate_proj.weight
gemma-2-2b-it,instruction,0.7549599409103394,58,model.layers.16.mlp.up_proj.weight
gemma-2-2b-it,instruction,0.23868098855018616,59,model.layers.16.self_attn.k_proj.weight
gemma-2-2b-it,instruction,0.3100115656852722,60,model.layers.16.self_attn.o_proj.weight
gemma-2-2b-it,instruction,0.349972128868103,61,model.layers.16.self_attn.q_proj.weight
gemma-2-2b-it,instruction,0.20637698471546173,62,model.layers.16.self_attn.v_proj.weight
gemma-2-2b-it,instruction,0.7231897711753845,63,model.layers.17.mlp.down_proj.weight
gemma-2-2b-it,instruction,0.8117605447769165,64,model.layers.17.mlp.gate_proj.weight
gemma-2-2b-it,instruction,0.7445846199989319,65,model.layers.17.mlp.up_proj.weight
gemma-2-2b-it,instruction,0.2183510810136795,66,model.layers.17.self_attn.k_proj.weight
gemma-2-2b-it,instruction,0.29500913619995117,67,model.layers.17.self_attn.o_proj.weight
gemma-2-2b-it,instruction,0.3185179829597473,68,model.layers.17.self_attn.q_proj.weight
gemma-2-2b-it,instruction,0.21024608612060547,69,model.layers.17.self_attn.v_proj.weight
gemma-2-2b-it,instruction,0.7261607646942139,70,model.layers.18.mlp.down_proj.weight
gemma-2-2b-it,instruction,0.8046851754188538,71,model.layers.18.mlp.gate_proj.weight
gemma-2-2b-it,instruction,0.7447860836982727,72,model.layers.18.mlp.up_proj.weight
gemma-2-2b-it,instruction,0.24444174766540527,73,model.layers.18.self_attn.k_proj.weight
gemma-2-2b-it,instruction,0.3204197287559509,74,model.layers.18.self_attn.o_proj.weight
gemma-2-2b-it,instruction,0.3572831153869629,75,model.layers.18.self_attn.q_proj.weight
gemma-2-2b-it,instruction,0.22099266946315765,76,model.layers.18.self_attn.v_proj.weight
gemma-2-2b-it,instruction,0.7361235618591309,77,model.layers.19.mlp.down_proj.weight
gemma-2-2b-it,instruction,0.7955349087715149,78,model.layers.19.mlp.gate_proj.weight
gemma-2-2b-it,instruction,0.7481639981269836,79,model.layers.19.mlp.up_proj.weight
gemma-2-2b-it,instruction,0.22427985072135925,80,model.layers.19.self_attn.k_proj.weight
gemma-2-2b-it,instruction,0.2934710681438446,81,model.layers.19.self_attn.o_proj.weight
gemma-2-2b-it,instruction,0.3307982087135315,82,model.layers.19.self_attn.q_proj.weight
gemma-2-2b-it,instruction,0.203749418258667,83,model.layers.19.self_attn.v_proj.weight
gemma-2-2b-it,instruction,0.5476770997047424,84,model.layers.2.mlp.down_proj.weight
gemma-2-2b-it,instruction,0.6139614582061768,85,model.layers.2.mlp.gate_proj.weight
gemma-2-2b-it,instruction,0.5543379187583923,86,model.layers.2.mlp.up_proj.weight
gemma-2-2b-it,instruction,0.2552083134651184,87,model.layers.2.self_attn.k_proj.weight
gemma-2-2b-it,instruction,0.2702908217906952,88,model.layers.2.self_attn.o_proj.weight
gemma-2-2b-it,instruction,0.32055938243865967,89,model.layers.2.self_attn.q_proj.weight
gemma-2-2b-it,instruction,0.2028983235359192,90,model.layers.2.self_attn.v_proj.weight
gemma-2-2b-it,instruction,0.7414867877960205,91,model.layers.20.mlp.down_proj.weight
gemma-2-2b-it,instruction,0.7949110865592957,92,model.layers.20.mlp.gate_proj.weight
gemma-2-2b-it,instruction,0.7488879561424255,93,model.layers.20.mlp.up_proj.weight
gemma-2-2b-it,instruction,0.26554763317108154,94,model.layers.20.self_attn.k_proj.weight
gemma-2-2b-it,instruction,0.31968414783477783,95,model.layers.20.self_attn.o_proj.weight
gemma-2-2b-it,instruction,0.36734017729759216,96,model.layers.20.self_attn.q_proj.weight
gemma-2-2b-it,instruction,0.2255823016166687,97,model.layers.20.self_attn.v_proj.weight
gemma-2-2b-it,instruction,0.7552677989006042,98,model.layers.21.mlp.down_proj.weight
gemma-2-2b-it,instruction,0.8006213307380676,99,model.layers.21.mlp.gate_proj.weight
gemma-2-2b-it,instruction,0.766061007976532,100,model.layers.21.mlp.up_proj.weight
gemma-2-2b-it,instruction,0.22483569383621216,101,model.layers.21.self_attn.k_proj.weight
gemma-2-2b-it,instruction,0.2843313217163086,102,model.layers.21.self_attn.o_proj.weight
gemma-2-2b-it,instruction,0.33002525568008423,103,model.layers.21.self_attn.q_proj.weight
gemma-2-2b-it,instruction,0.20123796164989471,104,model.layers.21.self_attn.v_proj.weight
gemma-2-2b-it,instruction,0.7696086168289185,105,model.layers.22.mlp.down_proj.weight
gemma-2-2b-it,instruction,0.808583676815033,106,model.layers.22.mlp.gate_proj.weight
gemma-2-2b-it,instruction,0.777632474899292,107,model.layers.22.mlp.up_proj.weight
gemma-2-2b-it,instruction,0.2557651698589325,108,model.layers.22.self_attn.k_proj.weight
gemma-2-2b-it,instruction,0.31166988611221313,109,model.layers.22.self_attn.o_proj.weight
gemma-2-2b-it,instruction,0.3661282956600189,110,model.layers.22.self_attn.q_proj.weight
gemma-2-2b-it,instruction,0.20630156993865967,111,model.layers.22.self_attn.v_proj.weight
gemma-2-2b-it,instruction,0.7774584293365479,112,model.layers.23.mlp.down_proj.weight
gemma-2-2b-it,instruction,0.8198220133781433,113,model.layers.23.mlp.gate_proj.weight
gemma-2-2b-it,instruction,0.7922964692115784,114,model.layers.23.mlp.up_proj.weight
gemma-2-2b-it,instruction,0.25127458572387695,115,model.layers.23.self_attn.k_proj.weight
gemma-2-2b-it,instruction,0.30958622694015503,116,model.layers.23.self_attn.o_proj.weight
gemma-2-2b-it,instruction,0.36130574345588684,117,model.layers.23.self_attn.q_proj.weight
gemma-2-2b-it,instruction,0.20953026413917542,118,model.layers.23.self_attn.v_proj.weight
gemma-2-2b-it,instruction,0.7737967371940613,119,model.layers.24.mlp.down_proj.weight
gemma-2-2b-it,instruction,0.8190359473228455,120,model.layers.24.mlp.gate_proj.weight
gemma-2-2b-it,instruction,0.7932079434394836,121,model.layers.24.mlp.up_proj.weight
gemma-2-2b-it,instruction,0.25258105993270874,122,model.layers.24.self_attn.k_proj.weight
gemma-2-2b-it,instruction,0.3062272071838379,123,model.layers.24.self_attn.o_proj.weight
gemma-2-2b-it,instruction,0.3623238503932953,124,model.layers.24.self_attn.q_proj.weight
gemma-2-2b-it,instruction,0.21166329085826874,125,model.layers.24.self_attn.v_proj.weight
gemma-2-2b-it,instruction,0.7052921652793884,126,model.layers.25.mlp.down_proj.weight
gemma-2-2b-it,instruction,0.8041343092918396,127,model.layers.25.mlp.gate_proj.weight
gemma-2-2b-it,instruction,0.7751583456993103,128,model.layers.25.mlp.up_proj.weight
gemma-2-2b-it,instruction,0.25104159116744995,129,model.layers.25.self_attn.k_proj.weight
gemma-2-2b-it,instruction,0.3027784824371338,130,model.layers.25.self_attn.o_proj.weight
gemma-2-2b-it,instruction,0.36089882254600525,131,model.layers.25.self_attn.q_proj.weight
gemma-2-2b-it,instruction,0.20939558744430542,132,model.layers.25.self_attn.v_proj.weight
gemma-2-2b-it,instruction,0.5312369465827942,133,model.layers.3.mlp.down_proj.weight
gemma-2-2b-it,instruction,0.6146666407585144,134,model.layers.3.mlp.gate_proj.weight
gemma-2-2b-it,instruction,0.5247049331665039,135,model.layers.3.mlp.up_proj.weight
gemma-2-2b-it,instruction,0.23320430517196655,136,model.layers.3.self_attn.k_proj.weight
gemma-2-2b-it,instruction,0.25504904985427856,137,model.layers.3.self_attn.o_proj.weight
gemma-2-2b-it,instruction,0.3072553277015686,138,model.layers.3.self_attn.q_proj.weight
gemma-2-2b-it,instruction,0.18002207577228546,139,model.layers.3.self_attn.v_proj.weight
gemma-2-2b-it,instruction,0.5162986516952515,140,model.layers.4.mlp.down_proj.weight
gemma-2-2b-it,instruction,0.5969671607017517,141,model.layers.4.mlp.gate_proj.weight
gemma-2-2b-it,instruction,0.5042095184326172,142,model.layers.4.mlp.up_proj.weight
gemma-2-2b-it,instruction,0.26633548736572266,143,model.layers.4.self_attn.k_proj.weight
gemma-2-2b-it,instruction,0.23209501802921295,144,model.layers.4.self_attn.o_proj.weight
gemma-2-2b-it,instruction,0.3618322014808655,145,model.layers.4.self_attn.q_proj.weight
gemma-2-2b-it,instruction,0.1659395694732666,146,model.layers.4.self_attn.v_proj.weight
gemma-2-2b-it,instruction,0.5296454429626465,147,model.layers.5.mlp.down_proj.weight
gemma-2-2b-it,instruction,0.592157244682312,148,model.layers.5.mlp.gate_proj.weight
gemma-2-2b-it,instruction,0.52635657787323,149,model.layers.5.mlp.up_proj.weight
gemma-2-2b-it,instruction,0.231888547539711,150,model.layers.5.self_attn.k_proj.weight
gemma-2-2b-it,instruction,0.22316545248031616,151,model.layers.5.self_attn.o_proj.weight
gemma-2-2b-it,instruction,0.30996865034103394,152,model.layers.5.self_attn.q_proj.weight
gemma-2-2b-it,instruction,0.15537160634994507,153,model.layers.5.self_attn.v_proj.weight
gemma-2-2b-it,instruction,0.5846127867698669,154,model.layers.6.mlp.down_proj.weight
gemma-2-2b-it,instruction,0.6075499057769775,155,model.layers.6.mlp.gate_proj.weight
gemma-2-2b-it,instruction,0.5502523183822632,156,model.layers.6.mlp.up_proj.weight
gemma-2-2b-it,instruction,0.17500241100788116,157,model.layers.6.self_attn.k_proj.weight
gemma-2-2b-it,instruction,0.19606903195381165,158,model.layers.6.self_attn.o_proj.weight
gemma-2-2b-it,instruction,0.2496231198310852,159,model.layers.6.self_attn.q_proj.weight
gemma-2-2b-it,instruction,0.14715956151485443,160,model.layers.6.self_attn.v_proj.weight
gemma-2-2b-it,instruction,0.57338547706604,161,model.layers.7.mlp.down_proj.weight
gemma-2-2b-it,instruction,0.6423627138137817,162,model.layers.7.mlp.gate_proj.weight
gemma-2-2b-it,instruction,0.5569469332695007,163,model.layers.7.mlp.up_proj.weight
gemma-2-2b-it,instruction,0.19292998313903809,164,model.layers.7.self_attn.k_proj.weight
gemma-2-2b-it,instruction,0.22389623522758484,165,model.layers.7.self_attn.o_proj.weight
gemma-2-2b-it,instruction,0.27000507712364197,166,model.layers.7.self_attn.q_proj.weight
gemma-2-2b-it,instruction,0.16307559609413147,167,model.layers.7.self_attn.v_proj.weight
gemma-2-2b-it,instruction,0.5936692953109741,168,model.layers.8.mlp.down_proj.weight
gemma-2-2b-it,instruction,0.6664550304412842,169,model.layers.8.mlp.gate_proj.weight
gemma-2-2b-it,instruction,0.5776556730270386,170,model.layers.8.mlp.up_proj.weight
gemma-2-2b-it,instruction,0.1899639070034027,171,model.layers.8.self_attn.k_proj.weight
gemma-2-2b-it,instruction,0.2174796313047409,172,model.layers.8.self_attn.o_proj.weight
gemma-2-2b-it,instruction,0.2633003890514374,173,model.layers.8.self_attn.q_proj.weight
gemma-2-2b-it,instruction,0.1472250521183014,174,model.layers.8.self_attn.v_proj.weight
gemma-2-2b-it,instruction,0.5956761837005615,175,model.layers.9.mlp.down_proj.weight
gemma-2-2b-it,instruction,0.6811520457267761,176,model.layers.9.mlp.gate_proj.weight
gemma-2-2b-it,instruction,0.6035006642341614,177,model.layers.9.mlp.up_proj.weight
gemma-2-2b-it,instruction,0.19104133546352386,178,model.layers.9.self_attn.k_proj.weight
gemma-2-2b-it,instruction,0.23139722645282745,179,model.layers.9.self_attn.o_proj.weight
gemma-2-2b-it,instruction,0.2714073359966278,180,model.layers.9.self_attn.q_proj.weight
gemma-2-2b-it,instruction,0.15389017760753632,181,model.layers.9.self_attn.v_proj.weight
gemma-2-2b-it,math,0.9516380429267883,0,model.layers.0.mlp.down_proj.weight
gemma-2-2b-it,math,0.9362051486968994,1,model.layers.0.mlp.gate_proj.weight
gemma-2-2b-it,math,0.9312044382095337,2,model.layers.0.mlp.up_proj.weight
gemma-2-2b-it,math,0.2668936848640442,3,model.layers.0.self_attn.k_proj.weight
gemma-2-2b-it,math,0.36529141664505005,4,model.layers.0.self_attn.o_proj.weight
gemma-2-2b-it,math,0.38438108563423157,5,model.layers.0.self_attn.q_proj.weight
gemma-2-2b-it,math,0.2825605273246765,6,model.layers.0.self_attn.v_proj.weight
gemma-2-2b-it,math,0.9485634565353394,7,model.layers.1.mlp.down_proj.weight
gemma-2-2b-it,math,0.9545291066169739,8,model.layers.1.mlp.gate_proj.weight
gemma-2-2b-it,math,0.9342664480209351,9,model.layers.1.mlp.up_proj.weight
gemma-2-2b-it,math,0.27669116854667664,10,model.layers.1.self_attn.k_proj.weight
gemma-2-2b-it,math,0.3730672001838684,11,model.layers.1.self_attn.o_proj.weight
gemma-2-2b-it,math,0.40249258279800415,12,model.layers.1.self_attn.q_proj.weight
gemma-2-2b-it,math,0.26372969150543213,13,model.layers.1.self_attn.v_proj.weight
gemma-2-2b-it,math,1.0539759397506714,14,model.layers.10.mlp.down_proj.weight
gemma-2-2b-it,math,1.0880992412567139,15,model.layers.10.mlp.gate_proj.weight
gemma-2-2b-it,math,1.048895239830017,16,model.layers.10.mlp.up_proj.weight
gemma-2-2b-it,math,0.290174275636673,17,model.layers.10.self_attn.k_proj.weight
gemma-2-2b-it,math,0.39959168434143066,18,model.layers.10.self_attn.o_proj.weight
gemma-2-2b-it,math,0.40964657068252563,19,model.layers.10.self_attn.q_proj.weight
gemma-2-2b-it,math,0.276305228471756,20,model.layers.10.self_attn.v_proj.weight
gemma-2-2b-it,math,1.060714840888977,21,model.layers.11.mlp.down_proj.weight
gemma-2-2b-it,math,1.0993914604187012,22,model.layers.11.mlp.gate_proj.weight
gemma-2-2b-it,math,1.058600902557373,23,model.layers.11.mlp.up_proj.weight
gemma-2-2b-it,math,0.2858751118183136,24,model.layers.11.self_attn.k_proj.weight
gemma-2-2b-it,math,0.3981712758541107,25,model.layers.11.self_attn.o_proj.weight
gemma-2-2b-it,math,0.4000842571258545,26,model.layers.11.self_attn.q_proj.weight
gemma-2-2b-it,math,0.2741852402687073,27,model.layers.11.self_attn.v_proj.weight
gemma-2-2b-it,math,1.0712103843688965,28,model.layers.12.mlp.down_proj.weight
gemma-2-2b-it,math,1.1163259744644165,29,model.layers.12.mlp.gate_proj.weight
gemma-2-2b-it,math,1.0781066417694092,30,model.layers.12.mlp.up_proj.weight
gemma-2-2b-it,math,0.3000588119029999,31,model.layers.12.self_attn.k_proj.weight
gemma-2-2b-it,math,0.40272119641304016,32,model.layers.12.self_attn.o_proj.weight
gemma-2-2b-it,math,0.4056554138660431,33,model.layers.12.self_attn.q_proj.weight
gemma-2-2b-it,math,0.28301945328712463,34,model.layers.12.self_attn.v_proj.weight
gemma-2-2b-it,math,1.078217625617981,35,model.layers.13.mlp.down_proj.weight
gemma-2-2b-it,math,1.1177210807800293,36,model.layers.13.mlp.gate_proj.weight
gemma-2-2b-it,math,1.0700719356536865,37,model.layers.13.mlp.up_proj.weight
gemma-2-2b-it,math,0.3048480451107025,38,model.layers.13.self_attn.k_proj.weight
gemma-2-2b-it,math,0.4165637195110321,39,model.layers.13.self_attn.o_proj.weight
gemma-2-2b-it,math,0.4211541414260864,40,model.layers.13.self_attn.q_proj.weight
gemma-2-2b-it,math,0.2823614180088043,41,model.layers.13.self_attn.v_proj.weight
gemma-2-2b-it,math,1.0865774154663086,42,model.layers.14.mlp.down_proj.weight
gemma-2-2b-it,math,1.1304670572280884,43,model.layers.14.mlp.gate_proj.weight
gemma-2-2b-it,math,1.0828338861465454,44,model.layers.14.mlp.up_proj.weight
gemma-2-2b-it,math,0.31072327494621277,45,model.layers.14.self_attn.k_proj.weight
gemma-2-2b-it,math,0.40837225317955017,46,model.layers.14.self_attn.o_proj.weight
gemma-2-2b-it,math,0.4186839759349823,47,model.layers.14.self_attn.q_proj.weight
gemma-2-2b-it,math,0.28554096817970276,48,model.layers.14.self_attn.v_proj.weight
gemma-2-2b-it,math,1.0629196166992188,49,model.layers.15.mlp.down_proj.weight
gemma-2-2b-it,math,1.1276615858078003,50,model.layers.15.mlp.gate_proj.weight
gemma-2-2b-it,math,1.0727254152297974,51,model.layers.15.mlp.up_proj.weight
gemma-2-2b-it,math,0.2897222936153412,52,model.layers.15.self_attn.k_proj.weight
gemma-2-2b-it,math,0.3982372581958771,53,model.layers.15.self_attn.o_proj.weight
gemma-2-2b-it,math,0.43051987886428833,54,model.layers.15.self_attn.q_proj.weight
gemma-2-2b-it,math,0.28807854652404785,55,model.layers.15.self_attn.v_proj.weight
gemma-2-2b-it,math,1.0610682964324951,56,model.layers.16.mlp.down_proj.weight
gemma-2-2b-it,math,1.1434322595596313,57,model.layers.16.mlp.gate_proj.weight
gemma-2-2b-it,math,1.0793852806091309,58,model.layers.16.mlp.up_proj.weight
gemma-2-2b-it,math,0.30619022250175476,59,model.layers.16.self_attn.k_proj.weight
gemma-2-2b-it,math,0.4157247245311737,60,model.layers.16.self_attn.o_proj.weight
gemma-2-2b-it,math,0.41902297735214233,61,model.layers.16.self_attn.q_proj.weight
gemma-2-2b-it,math,0.284332275390625,62,model.layers.16.self_attn.v_proj.weight
gemma-2-2b-it,math,1.0463842153549194,63,model.layers.17.mlp.down_proj.weight
gemma-2-2b-it,math,1.1250094175338745,64,model.layers.17.mlp.gate_proj.weight
gemma-2-2b-it,math,1.0572423934936523,65,model.layers.17.mlp.up_proj.weight
gemma-2-2b-it,math,0.29913902282714844,66,model.layers.17.self_attn.k_proj.weight
gemma-2-2b-it,math,0.39857590198516846,67,model.layers.17.self_attn.o_proj.weight
gemma-2-2b-it,math,0.43486639857292175,68,model.layers.17.self_attn.q_proj.weight
gemma-2-2b-it,math,0.28049781918525696,69,model.layers.17.self_attn.v_proj.weight
gemma-2-2b-it,math,1.029263973236084,70,model.layers.18.mlp.down_proj.weight
gemma-2-2b-it,math,1.1086453199386597,71,model.layers.18.mlp.gate_proj.weight
gemma-2-2b-it,math,1.0399537086486816,72,model.layers.18.mlp.up_proj.weight
gemma-2-2b-it,math,0.2932049334049225,73,model.layers.18.self_attn.k_proj.weight
gemma-2-2b-it,math,0.408575177192688,74,model.layers.18.self_attn.o_proj.weight
gemma-2-2b-it,math,0.4137306213378906,75,model.layers.18.self_attn.q_proj.weight
gemma-2-2b-it,math,0.28984466195106506,76,model.layers.18.self_attn.v_proj.weight
gemma-2-2b-it,math,1.028683066368103,77,model.layers.19.mlp.down_proj.weight
gemma-2-2b-it,math,1.0899317264556885,78,model.layers.19.mlp.gate_proj.weight
gemma-2-2b-it,math,1.0366977453231812,79,model.layers.19.mlp.up_proj.weight
gemma-2-2b-it,math,0.2909247577190399,80,model.layers.19.self_attn.k_proj.weight
gemma-2-2b-it,math,0.40195947885513306,81,model.layers.19.self_attn.o_proj.weight
gemma-2-2b-it,math,0.4116446077823639,82,model.layers.19.self_attn.q_proj.weight
gemma-2-2b-it,math,0.287055104970932,83,model.layers.19.self_attn.v_proj.weight
gemma-2-2b-it,math,0.9624121189117432,84,model.layers.2.mlp.down_proj.weight
gemma-2-2b-it,math,0.9522438645362854,85,model.layers.2.mlp.gate_proj.weight
gemma-2-2b-it,math,0.9426647424697876,86,model.layers.2.mlp.up_proj.weight
gemma-2-2b-it,math,0.25610265135765076,87,model.layers.2.self_attn.k_proj.weight
gemma-2-2b-it,math,0.38146793842315674,88,model.layers.2.self_attn.o_proj.weight
gemma-2-2b-it,math,0.3645777404308319,89,model.layers.2.self_attn.q_proj.weight
gemma-2-2b-it,math,0.2641485035419464,90,model.layers.2.self_attn.v_proj.weight
gemma-2-2b-it,math,1.0248477458953857,91,model.layers.20.mlp.down_proj.weight
gemma-2-2b-it,math,1.0818216800689697,92,model.layers.20.mlp.gate_proj.weight
gemma-2-2b-it,math,1.0354219675064087,93,model.layers.20.mlp.up_proj.weight
gemma-2-2b-it,math,0.2898372709751129,94,model.layers.20.self_attn.k_proj.weight
gemma-2-2b-it,math,0.40183985233306885,95,model.layers.20.self_attn.o_proj.weight
gemma-2-2b-it,math,0.41779211163520813,96,model.layers.20.self_attn.q_proj.weight
gemma-2-2b-it,math,0.28780752420425415,97,model.layers.20.self_attn.v_proj.weight
gemma-2-2b-it,math,1.0231118202209473,98,model.layers.21.mlp.down_proj.weight
gemma-2-2b-it,math,1.0718913078308105,99,model.layers.21.mlp.gate_proj.weight
gemma-2-2b-it,math,1.0352908372879028,100,model.layers.21.mlp.up_proj.weight
gemma-2-2b-it,math,0.2851836681365967,101,model.layers.21.self_attn.k_proj.weight
gemma-2-2b-it,math,0.38942453265190125,102,model.layers.21.self_attn.o_proj.weight
gemma-2-2b-it,math,0.40937569737434387,103,model.layers.21.self_attn.q_proj.weight
gemma-2-2b-it,math,0.2712363600730896,104,model.layers.21.self_attn.v_proj.weight
gemma-2-2b-it,math,1.025397539138794,105,model.layers.22.mlp.down_proj.weight
gemma-2-2b-it,math,1.0706143379211426,106,model.layers.22.mlp.gate_proj.weight
gemma-2-2b-it,math,1.040166974067688,107,model.layers.22.mlp.up_proj.weight
gemma-2-2b-it,math,0.3141854405403137,108,model.layers.22.self_attn.k_proj.weight
gemma-2-2b-it,math,0.40400710701942444,109,model.layers.22.self_attn.o_proj.weight
gemma-2-2b-it,math,0.4170903265476227,110,model.layers.22.self_attn.q_proj.weight
gemma-2-2b-it,math,0.2802191972732544,111,model.layers.22.self_attn.v_proj.weight
gemma-2-2b-it,math,1.0242726802825928,112,model.layers.23.mlp.down_proj.weight
gemma-2-2b-it,math,1.0628941059112549,113,model.layers.23.mlp.gate_proj.weight
gemma-2-2b-it,math,1.0337258577346802,114,model.layers.23.mlp.up_proj.weight
gemma-2-2b-it,math,0.3009306788444519,115,model.layers.23.self_attn.k_proj.weight
gemma-2-2b-it,math,0.38490721583366394,116,model.layers.23.self_attn.o_proj.weight
gemma-2-2b-it,math,0.41428524255752563,117,model.layers.23.self_attn.q_proj.weight
gemma-2-2b-it,math,0.27896949648857117,118,model.layers.23.self_attn.v_proj.weight
gemma-2-2b-it,math,1.0057318210601807,119,model.layers.24.mlp.down_proj.weight
gemma-2-2b-it,math,1.0551855564117432,120,model.layers.24.mlp.gate_proj.weight
gemma-2-2b-it,math,1.0171787738800049,121,model.layers.24.mlp.up_proj.weight
gemma-2-2b-it,math,0.2892965078353882,122,model.layers.24.self_attn.k_proj.weight
gemma-2-2b-it,math,0.4065164029598236,123,model.layers.24.self_attn.o_proj.weight
gemma-2-2b-it,math,0.4440511465072632,124,model.layers.24.self_attn.q_proj.weight
gemma-2-2b-it,math,0.2851015329360962,125,model.layers.24.self_attn.v_proj.weight
gemma-2-2b-it,math,0.9552926421165466,126,model.layers.25.mlp.down_proj.weight
gemma-2-2b-it,math,1.0464606285095215,127,model.layers.25.mlp.gate_proj.weight
gemma-2-2b-it,math,0.9823052287101746,128,model.layers.25.mlp.up_proj.weight
gemma-2-2b-it,math,0.29114601016044617,129,model.layers.25.self_attn.k_proj.weight
gemma-2-2b-it,math,0.3953345715999603,130,model.layers.25.self_attn.o_proj.weight
gemma-2-2b-it,math,0.4265018701553345,131,model.layers.25.self_attn.q_proj.weight
gemma-2-2b-it,math,0.30840930342674255,132,model.layers.25.self_attn.v_proj.weight
gemma-2-2b-it,math,0.9761732220649719,133,model.layers.3.mlp.down_proj.weight
gemma-2-2b-it,math,0.9681827425956726,134,model.layers.3.mlp.gate_proj.weight
gemma-2-2b-it,math,0.9518663287162781,135,model.layers.3.mlp.up_proj.weight
gemma-2-2b-it,math,0.26593345403671265,136,model.layers.3.self_attn.k_proj.weight
gemma-2-2b-it,math,0.3792487382888794,137,model.layers.3.self_attn.o_proj.weight
gemma-2-2b-it,math,0.3765133023262024,138,model.layers.3.self_attn.q_proj.weight
gemma-2-2b-it,math,0.2620575428009033,139,model.layers.3.self_attn.v_proj.weight
gemma-2-2b-it,math,1.0006524324417114,140,model.layers.4.mlp.down_proj.weight
gemma-2-2b-it,math,1.01473867893219,141,model.layers.4.mlp.gate_proj.weight
gemma-2-2b-it,math,0.9828853011131287,142,model.layers.4.mlp.up_proj.weight
gemma-2-2b-it,math,0.2713620662689209,143,model.layers.4.self_attn.k_proj.weight
gemma-2-2b-it,math,0.3841714859008789,144,model.layers.4.self_attn.o_proj.weight
gemma-2-2b-it,math,0.3906441926956177,145,model.layers.4.self_attn.q_proj.weight
gemma-2-2b-it,math,0.2681872248649597,146,model.layers.4.self_attn.v_proj.weight
gemma-2-2b-it,math,1.0109432935714722,147,model.layers.5.mlp.down_proj.weight
gemma-2-2b-it,math,1.0328984260559082,148,model.layers.5.mlp.gate_proj.weight
gemma-2-2b-it,math,0.9975426197052002,149,model.layers.5.mlp.up_proj.weight
gemma-2-2b-it,math,0.28365615010261536,150,model.layers.5.self_attn.k_proj.weight
gemma-2-2b-it,math,0.38004931807518005,151,model.layers.5.self_attn.o_proj.weight
gemma-2-2b-it,math,0.415481835603714,152,model.layers.5.self_attn.q_proj.weight
gemma-2-2b-it,math,0.2707943618297577,153,model.layers.5.self_attn.v_proj.weight
gemma-2-2b-it,math,1.0248595476150513,154,model.layers.6.mlp.down_proj.weight
gemma-2-2b-it,math,1.0559219121932983,155,model.layers.6.mlp.gate_proj.weight
gemma-2-2b-it,math,1.009594440460205,156,model.layers.6.mlp.up_proj.weight
gemma-2-2b-it,math,0.30754706263542175,157,model.layers.6.self_attn.k_proj.weight
gemma-2-2b-it,math,0.4029834568500519,158,model.layers.6.self_attn.o_proj.weight
gemma-2-2b-it,math,0.429769903421402,159,model.layers.6.self_attn.q_proj.weight
gemma-2-2b-it,math,0.27964600920677185,160,model.layers.6.self_attn.v_proj.weight
gemma-2-2b-it,math,1.0197969675064087,161,model.layers.7.mlp.down_proj.weight
gemma-2-2b-it,math,1.0796451568603516,162,model.layers.7.mlp.gate_proj.weight
gemma-2-2b-it,math,1.0184992551803589,163,model.layers.7.mlp.up_proj.weight
gemma-2-2b-it,math,0.2927580177783966,164,model.layers.7.self_attn.k_proj.weight
gemma-2-2b-it,math,0.3740561604499817,165,model.layers.7.self_attn.o_proj.weight
gemma-2-2b-it,math,0.4356634020805359,166,model.layers.7.self_attn.q_proj.weight
gemma-2-2b-it,math,0.2702144682407379,167,model.layers.7.self_attn.v_proj.weight
gemma-2-2b-it,math,1.021979570388794,168,model.layers.8.mlp.down_proj.weight
gemma-2-2b-it,math,1.0744949579238892,169,model.layers.8.mlp.gate_proj.weight
gemma-2-2b-it,math,1.014773964881897,170,model.layers.8.mlp.up_proj.weight
gemma-2-2b-it,math,0.3022189438343048,171,model.layers.8.self_attn.k_proj.weight
gemma-2-2b-it,math,0.3900477886199951,172,model.layers.8.self_attn.o_proj.weight
gemma-2-2b-it,math,0.40806955099105835,173,model.layers.8.self_attn.q_proj.weight
gemma-2-2b-it,math,0.27678266167640686,174,model.layers.8.self_attn.v_proj.weight
gemma-2-2b-it,math,1.0419549942016602,175,model.layers.9.mlp.down_proj.weight
gemma-2-2b-it,math,1.0782310962677002,176,model.layers.9.mlp.gate_proj.weight
gemma-2-2b-it,math,1.03559410572052,177,model.layers.9.mlp.up_proj.weight
gemma-2-2b-it,math,0.2942901849746704,178,model.layers.9.self_attn.k_proj.weight
gemma-2-2b-it,math,0.3878464102745056,179,model.layers.9.self_attn.o_proj.weight
gemma-2-2b-it,math,0.4069066345691681,180,model.layers.9.self_attn.q_proj.weight
gemma-2-2b-it,math,0.2682499885559082,181,model.layers.9.self_attn.v_proj.weight
gemma-2-2b-it,coding,0.5764312148094177,0,model.layers.0.mlp.down_proj.weight
gemma-2-2b-it,coding,0.5888389348983765,1,model.layers.0.mlp.gate_proj.weight
gemma-2-2b-it,coding,0.5724853873252869,2,model.layers.0.mlp.up_proj.weight
gemma-2-2b-it,coding,0.20107309520244598,3,model.layers.0.self_attn.k_proj.weight
gemma-2-2b-it,coding,0.24682603776454926,4,model.layers.0.self_attn.o_proj.weight
gemma-2-2b-it,coding,0.28080323338508606,5,model.layers.0.self_attn.q_proj.weight
gemma-2-2b-it,coding,0.18557868897914886,6,model.layers.0.self_attn.v_proj.weight
gemma-2-2b-it,coding,0.5773184895515442,7,model.layers.1.mlp.down_proj.weight
gemma-2-2b-it,coding,0.6006254553794861,8,model.layers.1.mlp.gate_proj.weight
gemma-2-2b-it,coding,0.5771653056144714,9,model.layers.1.mlp.up_proj.weight
gemma-2-2b-it,coding,0.19491931796073914,10,model.layers.1.self_attn.k_proj.weight
gemma-2-2b-it,coding,0.2584279477596283,11,model.layers.1.self_attn.o_proj.weight
gemma-2-2b-it,coding,0.27927976846694946,12,model.layers.1.self_attn.q_proj.weight
gemma-2-2b-it,coding,0.18784606456756592,13,model.layers.1.self_attn.v_proj.weight
gemma-2-2b-it,coding,0.5919224619865417,14,model.layers.10.mlp.down_proj.weight
gemma-2-2b-it,coding,0.6365381479263306,15,model.layers.10.mlp.gate_proj.weight
gemma-2-2b-it,coding,0.6069579124450684,16,model.layers.10.mlp.up_proj.weight
gemma-2-2b-it,coding,0.21287323534488678,17,model.layers.10.self_attn.k_proj.weight
gemma-2-2b-it,coding,0.2648674547672272,18,model.layers.10.self_attn.o_proj.weight
gemma-2-2b-it,coding,0.3043214976787567,19,model.layers.10.self_attn.q_proj.weight
gemma-2-2b-it,coding,0.18704207241535187,20,model.layers.10.self_attn.v_proj.weight
gemma-2-2b-it,coding,0.5892816185951233,21,model.layers.11.mlp.down_proj.weight
gemma-2-2b-it,coding,0.6440771818161011,22,model.layers.11.mlp.gate_proj.weight
gemma-2-2b-it,coding,0.610000491142273,23,model.layers.11.mlp.up_proj.weight
gemma-2-2b-it,coding,0.2184019535779953,24,model.layers.11.self_attn.k_proj.weight
gemma-2-2b-it,coding,0.26386940479278564,25,model.layers.11.self_attn.o_proj.weight
gemma-2-2b-it,coding,0.3084896504878998,26,model.layers.11.self_attn.q_proj.weight
gemma-2-2b-it,coding,0.18440695106983185,27,model.layers.11.self_attn.v_proj.weight
gemma-2-2b-it,coding,0.5989178419113159,28,model.layers.12.mlp.down_proj.weight
gemma-2-2b-it,coding,0.6385825872421265,29,model.layers.12.mlp.gate_proj.weight
gemma-2-2b-it,coding,0.6075688004493713,30,model.layers.12.mlp.up_proj.weight
gemma-2-2b-it,coding,0.21510259807109833,31,model.layers.12.self_attn.k_proj.weight
gemma-2-2b-it,coding,0.25783446431159973,32,model.layers.12.self_attn.o_proj.weight
gemma-2-2b-it,coding,0.305074542760849,33,model.layers.12.self_attn.q_proj.weight
gemma-2-2b-it,coding,0.18863461911678314,34,model.layers.12.self_attn.v_proj.weight
gemma-2-2b-it,coding,0.5980861783027649,35,model.layers.13.mlp.down_proj.weight
gemma-2-2b-it,coding,0.6479281187057495,36,model.layers.13.mlp.gate_proj.weight
gemma-2-2b-it,coding,0.6158050298690796,37,model.layers.13.mlp.up_proj.weight
gemma-2-2b-it,coding,0.22794529795646667,38,model.layers.13.self_attn.k_proj.weight
gemma-2-2b-it,coding,0.2681191563606262,39,model.layers.13.self_attn.o_proj.weight
gemma-2-2b-it,coding,0.32351329922676086,40,model.layers.13.self_attn.q_proj.weight
gemma-2-2b-it,coding,0.18296796083450317,41,model.layers.13.self_attn.v_proj.weight
gemma-2-2b-it,coding,0.6047946214675903,42,model.layers.14.mlp.down_proj.weight
gemma-2-2b-it,coding,0.6496099233627319,43,model.layers.14.mlp.gate_proj.weight
gemma-2-2b-it,coding,0.6164823174476624,44,model.layers.14.mlp.up_proj.weight
gemma-2-2b-it,coding,0.22082816064357758,45,model.layers.14.self_attn.k_proj.weight
gemma-2-2b-it,coding,0.2644682228565216,46,model.layers.14.self_attn.o_proj.weight
gemma-2-2b-it,coding,0.31183478236198425,47,model.layers.14.self_attn.q_proj.weight
gemma-2-2b-it,coding,0.1894146353006363,48,model.layers.14.self_attn.v_proj.weight
gemma-2-2b-it,coding,0.5962854027748108,49,model.layers.15.mlp.down_proj.weight
gemma-2-2b-it,coding,0.6517372727394104,50,model.layers.15.mlp.gate_proj.weight
gemma-2-2b-it,coding,0.6165912747383118,51,model.layers.15.mlp.up_proj.weight
gemma-2-2b-it,coding,0.2177991420030594,52,model.layers.15.self_attn.k_proj.weight
gemma-2-2b-it,coding,0.2627160847187042,53,model.layers.15.self_attn.o_proj.weight
gemma-2-2b-it,coding,0.30782684683799744,54,model.layers.15.self_attn.q_proj.weight
gemma-2-2b-it,coding,0.18885710835456848,55,model.layers.15.self_attn.v_proj.weight
gemma-2-2b-it,coding,0.5982829928398132,56,model.layers.16.mlp.down_proj.weight
gemma-2-2b-it,coding,0.6558418869972229,57,model.layers.16.mlp.gate_proj.weight
gemma-2-2b-it,coding,0.6198808550834656,58,model.layers.16.mlp.up_proj.weight
gemma-2-2b-it,coding,0.2226966917514801,59,model.layers.16.self_attn.k_proj.weight
gemma-2-2b-it,coding,0.271679550409317,60,model.layers.16.self_attn.o_proj.weight
gemma-2-2b-it,coding,0.31432315707206726,61,model.layers.16.self_attn.q_proj.weight
gemma-2-2b-it,coding,0.1841583251953125,62,model.layers.16.self_attn.v_proj.weight
gemma-2-2b-it,coding,0.5928404331207275,63,model.layers.17.mlp.down_proj.weight
gemma-2-2b-it,coding,0.6552226543426514,64,model.layers.17.mlp.gate_proj.weight
gemma-2-2b-it,coding,0.6108156442642212,65,model.layers.17.mlp.up_proj.weight
gemma-2-2b-it,coding,0.21839623153209686,66,model.layers.17.self_attn.k_proj.weight
gemma-2-2b-it,coding,0.2636612057685852,67,model.layers.17.self_attn.o_proj.weight
gemma-2-2b-it,coding,0.30739471316337585,68,model.layers.17.self_attn.q_proj.weight
gemma-2-2b-it,coding,0.1916208267211914,69,model.layers.17.self_attn.v_proj.weight
gemma-2-2b-it,coding,0.5947015285491943,70,model.layers.18.mlp.down_proj.weight
gemma-2-2b-it,coding,0.6532161235809326,71,model.layers.18.mlp.gate_proj.weight
gemma-2-2b-it,coding,0.6092089414596558,72,model.layers.18.mlp.up_proj.weight
gemma-2-2b-it,coding,0.22164079546928406,73,model.layers.18.self_attn.k_proj.weight
gemma-2-2b-it,coding,0.2732975482940674,74,model.layers.18.self_attn.o_proj.weight
gemma-2-2b-it,coding,0.31192776560783386,75,model.layers.18.self_attn.q_proj.weight
gemma-2-2b-it,coding,0.1863275021314621,76,model.layers.18.self_attn.v_proj.weight
gemma-2-2b-it,coding,0.5962672829627991,77,model.layers.19.mlp.down_proj.weight
gemma-2-2b-it,coding,0.6450893878936768,78,model.layers.19.mlp.gate_proj.weight
gemma-2-2b-it,coding,0.6087818145751953,79,model.layers.19.mlp.up_proj.weight
gemma-2-2b-it,coding,0.20946423709392548,80,model.layers.19.self_attn.k_proj.weight
gemma-2-2b-it,coding,0.268454909324646,81,model.layers.19.self_attn.o_proj.weight
gemma-2-2b-it,coding,0.3009437322616577,82,model.layers.19.self_attn.q_proj.weight
gemma-2-2b-it,coding,0.18491482734680176,83,model.layers.19.self_attn.v_proj.weight
gemma-2-2b-it,coding,0.5762064456939697,84,model.layers.2.mlp.down_proj.weight
gemma-2-2b-it,coding,0.5992096662521362,85,model.layers.2.mlp.gate_proj.weight
gemma-2-2b-it,coding,0.5734750032424927,86,model.layers.2.mlp.up_proj.weight
gemma-2-2b-it,coding,0.19484615325927734,87,model.layers.2.self_attn.k_proj.weight
gemma-2-2b-it,coding,0.26226523518562317,88,model.layers.2.self_attn.o_proj.weight
gemma-2-2b-it,coding,0.2788213789463043,89,model.layers.2.self_attn.q_proj.weight
gemma-2-2b-it,coding,0.18699900805950165,90,model.layers.2.self_attn.v_proj.weight
gemma-2-2b-it,coding,0.5988096594810486,91,model.layers.20.mlp.down_proj.weight
gemma-2-2b-it,coding,0.6415975093841553,92,model.layers.20.mlp.gate_proj.weight
gemma-2-2b-it,coding,0.610612154006958,93,model.layers.20.mlp.up_proj.weight
gemma-2-2b-it,coding,0.2120601087808609,94,model.layers.20.self_attn.k_proj.weight
gemma-2-2b-it,coding,0.27159109711647034,95,model.layers.20.self_attn.o_proj.weight
gemma-2-2b-it,coding,0.300933301448822,96,model.layers.20.self_attn.q_proj.weight
gemma-2-2b-it,coding,0.19036224484443665,97,model.layers.20.self_attn.v_proj.weight
gemma-2-2b-it,coding,0.6035063862800598,98,model.layers.21.mlp.down_proj.weight
gemma-2-2b-it,coding,0.6389812231063843,99,model.layers.21.mlp.gate_proj.weight
gemma-2-2b-it,coding,0.6120852828025818,100,model.layers.21.mlp.up_proj.weight
gemma-2-2b-it,coding,0.20864465832710266,101,model.layers.21.self_attn.k_proj.weight
gemma-2-2b-it,coding,0.261577308177948,102,model.layers.21.self_attn.o_proj.weight
gemma-2-2b-it,coding,0.2968570590019226,103,model.layers.21.self_attn.q_proj.weight
gemma-2-2b-it,coding,0.1824028640985489,104,model.layers.21.self_attn.v_proj.weight
gemma-2-2b-it,coding,0.609721839427948,105,model.layers.22.mlp.down_proj.weight
gemma-2-2b-it,coding,0.6430666446685791,106,model.layers.22.mlp.gate_proj.weight
gemma-2-2b-it,coding,0.6197264194488525,107,model.layers.22.mlp.up_proj.weight
gemma-2-2b-it,coding,0.21720291674137115,108,model.layers.22.self_attn.k_proj.weight
gemma-2-2b-it,coding,0.28422778844833374,109,model.layers.22.self_attn.o_proj.weight
gemma-2-2b-it,coding,0.3080325424671173,110,model.layers.22.self_attn.q_proj.weight
gemma-2-2b-it,coding,0.18410861492156982,111,model.layers.22.self_attn.v_proj.weight
gemma-2-2b-it,coding,0.605861246585846,112,model.layers.23.mlp.down_proj.weight
gemma-2-2b-it,coding,0.6390449404716492,113,model.layers.23.mlp.gate_proj.weight
gemma-2-2b-it,coding,0.6180447340011597,114,model.layers.23.mlp.up_proj.weight
gemma-2-2b-it,coding,0.21102721989154816,115,model.layers.23.self_attn.k_proj.weight
gemma-2-2b-it,coding,0.2718168795108795,116,model.layers.23.self_attn.o_proj.weight
gemma-2-2b-it,coding,0.2966153919696808,117,model.layers.23.self_attn.q_proj.weight
gemma-2-2b-it,coding,0.18711771070957184,118,model.layers.23.self_attn.v_proj.weight
gemma-2-2b-it,coding,0.5917016863822937,119,model.layers.24.mlp.down_proj.weight
gemma-2-2b-it,coding,0.6308591365814209,120,model.layers.24.mlp.gate_proj.weight
gemma-2-2b-it,coding,0.6072314381599426,121,model.layers.24.mlp.up_proj.weight
gemma-2-2b-it,coding,0.2045908421278,122,model.layers.24.self_attn.k_proj.weight
gemma-2-2b-it,coding,0.27030178904533386,123,model.layers.24.self_attn.o_proj.weight
gemma-2-2b-it,coding,0.29795539379119873,124,model.layers.24.self_attn.q_proj.weight
gemma-2-2b-it,coding,0.1870095431804657,125,model.layers.24.self_attn.v_proj.weight
gemma-2-2b-it,coding,0.536352276802063,126,model.layers.25.mlp.down_proj.weight
gemma-2-2b-it,coding,0.6021215319633484,127,model.layers.25.mlp.gate_proj.weight
gemma-2-2b-it,coding,0.5754511952400208,128,model.layers.25.mlp.up_proj.weight
gemma-2-2b-it,coding,0.1987340748310089,129,model.layers.25.self_attn.k_proj.weight
gemma-2-2b-it,coding,0.2512897849082947,130,model.layers.25.self_attn.o_proj.weight
gemma-2-2b-it,coding,0.28598442673683167,131,model.layers.25.self_attn.q_proj.weight
gemma-2-2b-it,coding,0.18539001047611237,132,model.layers.25.self_attn.v_proj.weight
gemma-2-2b-it,coding,0.5823826193809509,133,model.layers.3.mlp.down_proj.weight
gemma-2-2b-it,coding,0.599790632724762,134,model.layers.3.mlp.gate_proj.weight
gemma-2-2b-it,coding,0.5745400786399841,135,model.layers.3.mlp.up_proj.weight
gemma-2-2b-it,coding,0.2004832774400711,136,model.layers.3.self_attn.k_proj.weight
gemma-2-2b-it,coding,0.26762592792510986,137,model.layers.3.self_attn.o_proj.weight
gemma-2-2b-it,coding,0.2826288640499115,138,model.layers.3.self_attn.q_proj.weight
gemma-2-2b-it,coding,0.18675492703914642,139,model.layers.3.self_attn.v_proj.weight
gemma-2-2b-it,coding,0.5778898000717163,140,model.layers.4.mlp.down_proj.weight
gemma-2-2b-it,coding,0.6081865429878235,141,model.layers.4.mlp.gate_proj.weight
gemma-2-2b-it,coding,0.5780642032623291,142,model.layers.4.mlp.up_proj.weight
gemma-2-2b-it,coding,0.19908107817173004,143,model.layers.4.self_attn.k_proj.weight
gemma-2-2b-it,coding,0.2622605264186859,144,model.layers.4.self_attn.o_proj.weight
gemma-2-2b-it,coding,0.28619205951690674,145,model.layers.4.self_attn.q_proj.weight
gemma-2-2b-it,coding,0.1869196891784668,146,model.layers.4.self_attn.v_proj.weight
gemma-2-2b-it,coding,0.5733959674835205,147,model.layers.5.mlp.down_proj.weight
gemma-2-2b-it,coding,0.6088120937347412,148,model.layers.5.mlp.gate_proj.weight
gemma-2-2b-it,coding,0.5815851092338562,149,model.layers.5.mlp.up_proj.weight
gemma-2-2b-it,coding,0.21592742204666138,150,model.layers.5.self_attn.k_proj.weight
gemma-2-2b-it,coding,0.25796788930892944,151,model.layers.5.self_attn.o_proj.weight
gemma-2-2b-it,coding,0.30062586069107056,152,model.layers.5.self_attn.q_proj.weight
gemma-2-2b-it,coding,0.1862906515598297,153,model.layers.5.self_attn.v_proj.weight
gemma-2-2b-it,coding,0.5897215008735657,154,model.layers.6.mlp.down_proj.weight
gemma-2-2b-it,coding,0.612510621547699,155,model.layers.6.mlp.gate_proj.weight
gemma-2-2b-it,coding,0.5790123343467712,156,model.layers.6.mlp.up_proj.weight
gemma-2-2b-it,coding,0.203858882188797,157,model.layers.6.self_attn.k_proj.weight
gemma-2-2b-it,coding,0.25918617844581604,158,model.layers.6.self_attn.o_proj.weight
gemma-2-2b-it,coding,0.29276242852211,159,model.layers.6.self_attn.q_proj.weight
gemma-2-2b-it,coding,0.18848147988319397,160,model.layers.6.self_attn.v_proj.weight
gemma-2-2b-it,coding,0.5741816759109497,161,model.layers.7.mlp.down_proj.weight
gemma-2-2b-it,coding,0.6267796158790588,162,model.layers.7.mlp.gate_proj.weight
gemma-2-2b-it,coding,0.5893101096153259,163,model.layers.7.mlp.up_proj.weight
gemma-2-2b-it,coding,0.2105889767408371,164,model.layers.7.self_attn.k_proj.weight
gemma-2-2b-it,coding,0.259403795003891,165,model.layers.7.self_attn.o_proj.weight
gemma-2-2b-it,coding,0.30073410272598267,166,model.layers.7.self_attn.q_proj.weight
gemma-2-2b-it,coding,0.18648751080036163,167,model.layers.7.self_attn.v_proj.weight
gemma-2-2b-it,coding,0.5810160636901855,168,model.layers.8.mlp.down_proj.weight
gemma-2-2b-it,coding,0.6328793168067932,169,model.layers.8.mlp.gate_proj.weight
gemma-2-2b-it,coding,0.5917568802833557,170,model.layers.8.mlp.up_proj.weight
gemma-2-2b-it,coding,0.21047939360141754,171,model.layers.8.self_attn.k_proj.weight
gemma-2-2b-it,coding,0.26039060950279236,172,model.layers.8.self_attn.o_proj.weight
gemma-2-2b-it,coding,0.29970481991767883,173,model.layers.8.self_attn.q_proj.weight
gemma-2-2b-it,coding,0.1857326179742813,174,model.layers.8.self_attn.v_proj.weight
gemma-2-2b-it,coding,0.5865857601165771,175,model.layers.9.mlp.down_proj.weight
gemma-2-2b-it,coding,0.6332164406776428,176,model.layers.9.mlp.gate_proj.weight
gemma-2-2b-it,coding,0.6003088355064392,177,model.layers.9.mlp.up_proj.weight
gemma-2-2b-it,coding,0.21864977478981018,178,model.layers.9.self_attn.k_proj.weight
gemma-2-2b-it,coding,0.26381930708885193,179,model.layers.9.self_attn.o_proj.weight
gemma-2-2b-it,coding,0.30573976039886475,180,model.layers.9.self_attn.q_proj.weight
gemma-2-2b-it,coding,0.18477419018745422,181,model.layers.9.self_attn.v_proj.weight
gemma-2-2b-it,multilingual,0.6863512992858887,0,model.layers.0.mlp.down_proj.weight
gemma-2-2b-it,multilingual,0.6584585309028625,1,model.layers.0.mlp.gate_proj.weight
gemma-2-2b-it,multilingual,0.6702655553817749,2,model.layers.0.mlp.up_proj.weight
gemma-2-2b-it,multilingual,0.22036822140216827,3,model.layers.0.self_attn.k_proj.weight
gemma-2-2b-it,multilingual,0.27169328927993774,4,model.layers.0.self_attn.o_proj.weight
gemma-2-2b-it,multilingual,0.28553974628448486,5,model.layers.0.self_attn.q_proj.weight
gemma-2-2b-it,multilingual,0.21674902737140656,6,model.layers.0.self_attn.v_proj.weight
gemma-2-2b-it,multilingual,0.6829503178596497,7,model.layers.1.mlp.down_proj.weight
gemma-2-2b-it,multilingual,0.6555940508842468,8,model.layers.1.mlp.gate_proj.weight
gemma-2-2b-it,multilingual,0.6656572222709656,9,model.layers.1.mlp.up_proj.weight
gemma-2-2b-it,multilingual,0.20414310693740845,10,model.layers.1.self_attn.k_proj.weight
gemma-2-2b-it,multilingual,0.2838526666164398,11,model.layers.1.self_attn.o_proj.weight
gemma-2-2b-it,multilingual,0.2862885892391205,12,model.layers.1.self_attn.q_proj.weight
gemma-2-2b-it,multilingual,0.19545117020606995,13,model.layers.1.self_attn.v_proj.weight
gemma-2-2b-it,multilingual,0.8111647963523865,14,model.layers.10.mlp.down_proj.weight
gemma-2-2b-it,multilingual,0.8031846880912781,15,model.layers.10.mlp.gate_proj.weight
gemma-2-2b-it,multilingual,0.7812040448188782,16,model.layers.10.mlp.up_proj.weight
gemma-2-2b-it,multilingual,0.21976204216480255,17,model.layers.10.self_attn.k_proj.weight
gemma-2-2b-it,multilingual,0.2911335229873657,18,model.layers.10.self_attn.o_proj.weight
gemma-2-2b-it,multilingual,0.31069234013557434,19,model.layers.10.self_attn.q_proj.weight
gemma-2-2b-it,multilingual,0.2004631906747818,20,model.layers.10.self_attn.v_proj.weight
gemma-2-2b-it,multilingual,0.8299002051353455,21,model.layers.11.mlp.down_proj.weight
gemma-2-2b-it,multilingual,0.8289749026298523,22,model.layers.11.mlp.gate_proj.weight
gemma-2-2b-it,multilingual,0.8046878576278687,23,model.layers.11.mlp.up_proj.weight
gemma-2-2b-it,multilingual,0.21458470821380615,24,model.layers.11.self_attn.k_proj.weight
gemma-2-2b-it,multilingual,0.29400306940078735,25,model.layers.11.self_attn.o_proj.weight
gemma-2-2b-it,multilingual,0.30517256259918213,26,model.layers.11.self_attn.q_proj.weight
gemma-2-2b-it,multilingual,0.2012057900428772,27,model.layers.11.self_attn.v_proj.weight
gemma-2-2b-it,multilingual,0.8564853072166443,28,model.layers.12.mlp.down_proj.weight
gemma-2-2b-it,multilingual,0.8663262128829956,29,model.layers.12.mlp.gate_proj.weight
gemma-2-2b-it,multilingual,0.8366954922676086,30,model.layers.12.mlp.up_proj.weight
gemma-2-2b-it,multilingual,0.23292309045791626,31,model.layers.12.self_attn.k_proj.weight
gemma-2-2b-it,multilingual,0.29432469606399536,32,model.layers.12.self_attn.o_proj.weight
gemma-2-2b-it,multilingual,0.3156760334968567,33,model.layers.12.self_attn.q_proj.weight
gemma-2-2b-it,multilingual,0.2068527489900589,34,model.layers.12.self_attn.v_proj.weight
gemma-2-2b-it,multilingual,0.8702580332756042,35,model.layers.13.mlp.down_proj.weight
gemma-2-2b-it,multilingual,0.8847914338111877,36,model.layers.13.mlp.gate_proj.weight
gemma-2-2b-it,multilingual,0.8421586751937866,37,model.layers.13.mlp.up_proj.weight
gemma-2-2b-it,multilingual,0.24687016010284424,38,model.layers.13.self_attn.k_proj.weight
gemma-2-2b-it,multilingual,0.31081700325012207,39,model.layers.13.self_attn.o_proj.weight
gemma-2-2b-it,multilingual,0.33643078804016113,40,model.layers.13.self_attn.q_proj.weight
gemma-2-2b-it,multilingual,0.21310076117515564,41,model.layers.13.self_attn.v_proj.weight
gemma-2-2b-it,multilingual,0.8909509778022766,42,model.layers.14.mlp.down_proj.weight
gemma-2-2b-it,multilingual,0.9065747261047363,43,model.layers.14.mlp.gate_proj.weight
gemma-2-2b-it,multilingual,0.8642666339874268,44,model.layers.14.mlp.up_proj.weight
gemma-2-2b-it,multilingual,0.2493985891342163,45,model.layers.14.self_attn.k_proj.weight
gemma-2-2b-it,multilingual,0.31150609254837036,46,model.layers.14.self_attn.o_proj.weight
gemma-2-2b-it,multilingual,0.34264740347862244,47,model.layers.14.self_attn.q_proj.weight
gemma-2-2b-it,multilingual,0.21455010771751404,48,model.layers.14.self_attn.v_proj.weight
gemma-2-2b-it,multilingual,0.8854596614837646,49,model.layers.15.mlp.down_proj.weight
gemma-2-2b-it,multilingual,0.9273012280464172,50,model.layers.15.mlp.gate_proj.weight
gemma-2-2b-it,multilingual,0.8749545216560364,51,model.layers.15.mlp.up_proj.weight
gemma-2-2b-it,multilingual,0.23942236602306366,52,model.layers.15.self_attn.k_proj.weight
gemma-2-2b-it,multilingual,0.32409200072288513,53,model.layers.15.self_attn.o_proj.weight
gemma-2-2b-it,multilingual,0.3530725836753845,54,model.layers.15.self_attn.q_proj.weight
gemma-2-2b-it,multilingual,0.23255448043346405,55,model.layers.15.self_attn.v_proj.weight
gemma-2-2b-it,multilingual,0.8961495757102966,56,model.layers.16.mlp.down_proj.weight
gemma-2-2b-it,multilingual,0.9348987340927124,57,model.layers.16.mlp.gate_proj.weight
gemma-2-2b-it,multilingual,0.8837540745735168,58,model.layers.16.mlp.up_proj.weight
gemma-2-2b-it,multilingual,0.25454407930374146,59,model.layers.16.self_attn.k_proj.weight
gemma-2-2b-it,multilingual,0.3364952802658081,60,model.layers.16.self_attn.o_proj.weight
gemma-2-2b-it,multilingual,0.3554839789867401,61,model.layers.16.self_attn.q_proj.weight
gemma-2-2b-it,multilingual,0.21964751183986664,62,model.layers.16.self_attn.v_proj.weight
gemma-2-2b-it,multilingual,0.8885756134986877,63,model.layers.17.mlp.down_proj.weight
gemma-2-2b-it,multilingual,0.9334450960159302,64,model.layers.17.mlp.gate_proj.weight
gemma-2-2b-it,multilingual,0.8791311979293823,65,model.layers.17.mlp.up_proj.weight
gemma-2-2b-it,multilingual,0.2507079839706421,66,model.layers.17.self_attn.k_proj.weight
gemma-2-2b-it,multilingual,0.33218303322792053,67,model.layers.17.self_attn.o_proj.weight
gemma-2-2b-it,multilingual,0.37296828627586365,68,model.layers.17.self_attn.q_proj.weight
gemma-2-2b-it,multilingual,0.23302733898162842,69,model.layers.17.self_attn.v_proj.weight
gemma-2-2b-it,multilingual,0.8843846917152405,70,model.layers.18.mlp.down_proj.weight
gemma-2-2b-it,multilingual,0.9182751178741455,71,model.layers.18.mlp.gate_proj.weight
gemma-2-2b-it,multilingual,0.8782016038894653,72,model.layers.18.mlp.up_proj.weight
gemma-2-2b-it,multilingual,0.24914471805095673,73,model.layers.18.self_attn.k_proj.weight
gemma-2-2b-it,multilingual,0.3427332937717438,74,model.layers.18.self_attn.o_proj.weight
gemma-2-2b-it,multilingual,0.35245856642723083,75,model.layers.18.self_attn.q_proj.weight
gemma-2-2b-it,multilingual,0.2364383488893509,76,model.layers.18.self_attn.v_proj.weight
gemma-2-2b-it,multilingual,0.8715362548828125,77,model.layers.19.mlp.down_proj.weight
gemma-2-2b-it,multilingual,0.897437334060669,78,model.layers.19.mlp.gate_proj.weight
gemma-2-2b-it,multilingual,0.8679314851760864,79,model.layers.19.mlp.up_proj.weight
gemma-2-2b-it,multilingual,0.24360185861587524,80,model.layers.19.self_attn.k_proj.weight
gemma-2-2b-it,multilingual,0.33678343892097473,81,model.layers.19.self_attn.o_proj.weight
gemma-2-2b-it,multilingual,0.351078063249588,82,model.layers.19.self_attn.q_proj.weight
gemma-2-2b-it,multilingual,0.23975129425525665,83,model.layers.19.self_attn.v_proj.weight
gemma-2-2b-it,multilingual,0.6895533204078674,84,model.layers.2.mlp.down_proj.weight
gemma-2-2b-it,multilingual,0.6634570956230164,85,model.layers.2.mlp.gate_proj.weight
gemma-2-2b-it,multilingual,0.6745377779006958,86,model.layers.2.mlp.up_proj.weight
gemma-2-2b-it,multilingual,0.19704607129096985,87,model.layers.2.self_attn.k_proj.weight
gemma-2-2b-it,multilingual,0.28431436419487,88,model.layers.2.self_attn.o_proj.weight
gemma-2-2b-it,multilingual,0.26592758297920227,89,model.layers.2.self_attn.q_proj.weight
gemma-2-2b-it,multilingual,0.19762277603149414,90,model.layers.2.self_attn.v_proj.weight
gemma-2-2b-it,multilingual,0.8489231467247009,91,model.layers.20.mlp.down_proj.weight
gemma-2-2b-it,multilingual,0.8710291385650635,92,model.layers.20.mlp.gate_proj.weight
gemma-2-2b-it,multilingual,0.8543215990066528,93,model.layers.20.mlp.up_proj.weight
gemma-2-2b-it,multilingual,0.2503531873226166,94,model.layers.20.self_attn.k_proj.weight
gemma-2-2b-it,multilingual,0.34418487548828125,95,model.layers.20.self_attn.o_proj.weight
gemma-2-2b-it,multilingual,0.3687021732330322,96,model.layers.20.self_attn.q_proj.weight
gemma-2-2b-it,multilingual,0.24420465528964996,97,model.layers.20.self_attn.v_proj.weight
gemma-2-2b-it,multilingual,0.8296131491661072,98,model.layers.21.mlp.down_proj.weight
gemma-2-2b-it,multilingual,0.8505067229270935,99,model.layers.21.mlp.gate_proj.weight
gemma-2-2b-it,multilingual,0.8366809487342834,100,model.layers.21.mlp.up_proj.weight
gemma-2-2b-it,multilingual,0.23636142909526825,101,model.layers.21.self_attn.k_proj.weight
gemma-2-2b-it,multilingual,0.3295759856700897,102,model.layers.21.self_attn.o_proj.weight
gemma-2-2b-it,multilingual,0.3384111523628235,103,model.layers.21.self_attn.q_proj.weight
gemma-2-2b-it,multilingual,0.22833716869354248,104,model.layers.21.self_attn.v_proj.weight
gemma-2-2b-it,multilingual,0.8163596987724304,105,model.layers.22.mlp.down_proj.weight
gemma-2-2b-it,multilingual,0.8351288437843323,106,model.layers.22.mlp.gate_proj.weight
gemma-2-2b-it,multilingual,0.8228650093078613,107,model.layers.22.mlp.up_proj.weight
gemma-2-2b-it,multilingual,0.2820655107498169,108,model.layers.22.self_attn.k_proj.weight
gemma-2-2b-it,multilingual,0.3475668132305145,109,model.layers.22.self_attn.o_proj.weight
gemma-2-2b-it,multilingual,0.3741287887096405,110,model.layers.22.self_attn.q_proj.weight
gemma-2-2b-it,multilingual,0.2394033670425415,111,model.layers.22.self_attn.v_proj.weight
gemma-2-2b-it,multilingual,0.8079962134361267,112,model.layers.23.mlp.down_proj.weight
gemma-2-2b-it,multilingual,0.8278725147247314,113,model.layers.23.mlp.gate_proj.weight
gemma-2-2b-it,multilingual,0.8125703930854797,114,model.layers.23.mlp.up_proj.weight
gemma-2-2b-it,multilingual,0.25940871238708496,115,model.layers.23.self_attn.k_proj.weight
gemma-2-2b-it,multilingual,0.32331278920173645,116,model.layers.23.self_attn.o_proj.weight
gemma-2-2b-it,multilingual,0.36330220103263855,117,model.layers.23.self_attn.q_proj.weight
gemma-2-2b-it,multilingual,0.22391273081302643,118,model.layers.23.self_attn.v_proj.weight
gemma-2-2b-it,multilingual,0.8011757731437683,119,model.layers.24.mlp.down_proj.weight
gemma-2-2b-it,multilingual,0.8349515199661255,120,model.layers.24.mlp.gate_proj.weight
gemma-2-2b-it,multilingual,0.8115012645721436,121,model.layers.24.mlp.up_proj.weight
gemma-2-2b-it,multilingual,0.23919405043125153,122,model.layers.24.self_attn.k_proj.weight
gemma-2-2b-it,multilingual,0.30936679244041443,123,model.layers.24.self_attn.o_proj.weight
gemma-2-2b-it,multilingual,0.37516266107559204,124,model.layers.24.self_attn.q_proj.weight
gemma-2-2b-it,multilingual,0.22289513051509857,125,model.layers.24.self_attn.v_proj.weight
gemma-2-2b-it,multilingual,0.7931116223335266,126,model.layers.25.mlp.down_proj.weight
gemma-2-2b-it,multilingual,0.843970775604248,127,model.layers.25.mlp.gate_proj.weight
gemma-2-2b-it,multilingual,0.7975069284439087,128,model.layers.25.mlp.up_proj.weight
gemma-2-2b-it,multilingual,0.23863406479358673,129,model.layers.25.self_attn.k_proj.weight
gemma-2-2b-it,multilingual,0.3058994710445404,130,model.layers.25.self_attn.o_proj.weight
gemma-2-2b-it,multilingual,0.34648898243904114,131,model.layers.25.self_attn.q_proj.weight
gemma-2-2b-it,multilingual,0.21695859730243683,132,model.layers.25.self_attn.v_proj.weight
gemma-2-2b-it,multilingual,0.695558488368988,133,model.layers.3.mlp.down_proj.weight
gemma-2-2b-it,multilingual,0.6655294895172119,134,model.layers.3.mlp.gate_proj.weight
gemma-2-2b-it,multilingual,0.6761602163314819,135,model.layers.3.mlp.up_proj.weight
gemma-2-2b-it,multilingual,0.19571679830551147,136,model.layers.3.self_attn.k_proj.weight
gemma-2-2b-it,multilingual,0.2759697735309601,137,model.layers.3.self_attn.o_proj.weight
gemma-2-2b-it,multilingual,0.266046941280365,138,model.layers.3.self_attn.q_proj.weight
gemma-2-2b-it,multilingual,0.19118908047676086,139,model.layers.3.self_attn.v_proj.weight
gemma-2-2b-it,multilingual,0.7203236222267151,140,model.layers.4.mlp.down_proj.weight
gemma-2-2b-it,multilingual,0.7014110684394836,141,model.layers.4.mlp.gate_proj.weight
gemma-2-2b-it,multilingual,0.698180615901947,142,model.layers.4.mlp.up_proj.weight
gemma-2-2b-it,multilingual,0.19790303707122803,143,model.layers.4.self_attn.k_proj.weight
gemma-2-2b-it,multilingual,0.27120256423950195,144,model.layers.4.self_attn.o_proj.weight
gemma-2-2b-it,multilingual,0.27465298771858215,145,model.layers.4.self_attn.q_proj.weight
gemma-2-2b-it,multilingual,0.18838973343372345,146,model.layers.4.self_attn.v_proj.weight
gemma-2-2b-it,multilingual,0.7400710582733154,147,model.layers.5.mlp.down_proj.weight
gemma-2-2b-it,multilingual,0.7196085453033447,148,model.layers.5.mlp.gate_proj.weight
gemma-2-2b-it,multilingual,0.7124297618865967,149,model.layers.5.mlp.up_proj.weight
gemma-2-2b-it,multilingual,0.23143184185028076,150,model.layers.5.self_attn.k_proj.weight
gemma-2-2b-it,multilingual,0.27593663334846497,151,model.layers.5.self_attn.o_proj.weight
gemma-2-2b-it,multilingual,0.3007715046405792,152,model.layers.5.self_attn.q_proj.weight
gemma-2-2b-it,multilingual,0.19114641845226288,153,model.layers.5.self_attn.v_proj.weight
gemma-2-2b-it,multilingual,0.7533704042434692,154,model.layers.6.mlp.down_proj.weight
gemma-2-2b-it,multilingual,0.7419658899307251,155,model.layers.6.mlp.gate_proj.weight
gemma-2-2b-it,multilingual,0.7274584770202637,156,model.layers.6.mlp.up_proj.weight
gemma-2-2b-it,multilingual,0.2158077210187912,157,model.layers.6.self_attn.k_proj.weight
gemma-2-2b-it,multilingual,0.2787397801876068,158,model.layers.6.self_attn.o_proj.weight
gemma-2-2b-it,multilingual,0.3010353446006775,159,model.layers.6.self_attn.q_proj.weight
gemma-2-2b-it,multilingual,0.19749832153320312,160,model.layers.6.self_attn.v_proj.weight
gemma-2-2b-it,multilingual,0.7587829232215881,161,model.layers.7.mlp.down_proj.weight
gemma-2-2b-it,multilingual,0.7494256496429443,162,model.layers.7.mlp.gate_proj.weight
gemma-2-2b-it,multilingual,0.7294978499412537,163,model.layers.7.mlp.up_proj.weight
gemma-2-2b-it,multilingual,0.20428864657878876,164,model.layers.7.self_attn.k_proj.weight
gemma-2-2b-it,multilingual,0.28007766604423523,165,model.layers.7.self_attn.o_proj.weight
gemma-2-2b-it,multilingual,0.30181020498275757,166,model.layers.7.self_attn.q_proj.weight
gemma-2-2b-it,multilingual,0.19103209674358368,167,model.layers.7.self_attn.v_proj.weight
gemma-2-2b-it,multilingual,0.7716213464736938,168,model.layers.8.mlp.down_proj.weight
gemma-2-2b-it,multilingual,0.7606365084648132,169,model.layers.8.mlp.gate_proj.weight
gemma-2-2b-it,multilingual,0.7388367652893066,170,model.layers.8.mlp.up_proj.weight
gemma-2-2b-it,multilingual,0.2149524986743927,171,model.layers.8.self_attn.k_proj.weight
gemma-2-2b-it,multilingual,0.27710047364234924,172,model.layers.8.self_attn.o_proj.weight
gemma-2-2b-it,multilingual,0.2938358783721924,173,model.layers.8.self_attn.q_proj.weight
gemma-2-2b-it,multilingual,0.19115030765533447,174,model.layers.8.self_attn.v_proj.weight
gemma-2-2b-it,multilingual,0.7905498743057251,175,model.layers.9.mlp.down_proj.weight
gemma-2-2b-it,multilingual,0.7799504995346069,176,model.layers.9.mlp.gate_proj.weight
gemma-2-2b-it,multilingual,0.7625680565834045,177,model.layers.9.mlp.up_proj.weight
gemma-2-2b-it,multilingual,0.20706097781658173,178,model.layers.9.self_attn.k_proj.weight
gemma-2-2b-it,multilingual,0.2797597348690033,179,model.layers.9.self_attn.o_proj.weight
gemma-2-2b-it,multilingual,0.28752073645591736,180,model.layers.9.self_attn.q_proj.weight
gemma-2-2b-it,multilingual,0.18983423709869385,181,model.layers.9.self_attn.v_proj.weight
gemma-2-9b-it,instruction,0.6666298508644104,0,model.layers.0.mlp.down_proj.weight
gemma-2-9b-it,instruction,0.6766054630279541,1,model.layers.0.mlp.gate_proj.weight
gemma-2-9b-it,instruction,0.6738047003746033,2,model.layers.0.mlp.up_proj.weight
gemma-2-9b-it,instruction,0.3066489100456238,3,model.layers.0.self_attn.k_proj.weight
gemma-2-9b-it,instruction,0.33932697772979736,4,model.layers.0.self_attn.o_proj.weight
gemma-2-9b-it,instruction,0.4123387932777405,5,model.layers.0.self_attn.q_proj.weight
gemma-2-9b-it,instruction,0.2776009738445282,6,model.layers.0.self_attn.v_proj.weight
gemma-2-9b-it,instruction,0.6669070720672607,7,model.layers.1.mlp.down_proj.weight
gemma-2-9b-it,instruction,0.6650652289390564,8,model.layers.1.mlp.gate_proj.weight
gemma-2-9b-it,instruction,0.6680224537849426,9,model.layers.1.mlp.up_proj.weight
gemma-2-9b-it,instruction,0.25861483812332153,10,model.layers.1.self_attn.k_proj.weight
gemma-2-9b-it,instruction,0.3628910779953003,11,model.layers.1.self_attn.o_proj.weight
gemma-2-9b-it,instruction,0.35858258605003357,12,model.layers.1.self_attn.q_proj.weight
gemma-2-9b-it,instruction,0.2713184058666229,13,model.layers.1.self_attn.v_proj.weight
gemma-2-9b-it,instruction,0.6687541007995605,14,model.layers.10.mlp.down_proj.weight
gemma-2-9b-it,instruction,0.680770993232727,15,model.layers.10.mlp.gate_proj.weight
gemma-2-9b-it,instruction,0.66473788022995,16,model.layers.10.mlp.up_proj.weight
gemma-2-9b-it,instruction,0.27612733840942383,17,model.layers.10.self_attn.k_proj.weight
gemma-2-9b-it,instruction,0.3321327865123749,18,model.layers.10.self_attn.o_proj.weight
gemma-2-9b-it,instruction,0.3948228359222412,19,model.layers.10.self_attn.q_proj.weight
gemma-2-9b-it,instruction,0.24218563735485077,20,model.layers.10.self_attn.v_proj.weight
gemma-2-9b-it,instruction,0.6674637198448181,21,model.layers.11.mlp.down_proj.weight
gemma-2-9b-it,instruction,0.6832365393638611,22,model.layers.11.mlp.gate_proj.weight
gemma-2-9b-it,instruction,0.6680472493171692,23,model.layers.11.mlp.up_proj.weight
gemma-2-9b-it,instruction,0.25855958461761475,24,model.layers.11.self_attn.k_proj.weight
gemma-2-9b-it,instruction,0.32665061950683594,25,model.layers.11.self_attn.o_proj.weight
gemma-2-9b-it,instruction,0.36526939272880554,26,model.layers.11.self_attn.q_proj.weight
gemma-2-9b-it,instruction,0.24088197946548462,27,model.layers.11.self_attn.v_proj.weight
gemma-2-9b-it,instruction,0.6660652756690979,28,model.layers.12.mlp.down_proj.weight
gemma-2-9b-it,instruction,0.6845802664756775,29,model.layers.12.mlp.gate_proj.weight
gemma-2-9b-it,instruction,0.6663426756858826,30,model.layers.12.mlp.up_proj.weight
gemma-2-9b-it,instruction,0.25872331857681274,31,model.layers.12.self_attn.k_proj.weight
gemma-2-9b-it,instruction,0.32905063033103943,32,model.layers.12.self_attn.o_proj.weight
gemma-2-9b-it,instruction,0.3675697147846222,33,model.layers.12.self_attn.q_proj.weight
gemma-2-9b-it,instruction,0.24094133079051971,34,model.layers.12.self_attn.v_proj.weight
gemma-2-9b-it,instruction,0.6675137877464294,35,model.layers.13.mlp.down_proj.weight
gemma-2-9b-it,instruction,0.6873012781143188,36,model.layers.13.mlp.gate_proj.weight
gemma-2-9b-it,instruction,0.6687496900558472,37,model.layers.13.mlp.up_proj.weight
gemma-2-9b-it,instruction,0.25844621658325195,38,model.layers.13.self_attn.k_proj.weight
gemma-2-9b-it,instruction,0.32601043581962585,39,model.layers.13.self_attn.o_proj.weight
gemma-2-9b-it,instruction,0.36848536133766174,40,model.layers.13.self_attn.q_proj.weight
gemma-2-9b-it,instruction,0.2385295182466507,41,model.layers.13.self_attn.v_proj.weight
gemma-2-9b-it,instruction,0.6650423407554626,42,model.layers.14.mlp.down_proj.weight
gemma-2-9b-it,instruction,0.6896242499351501,43,model.layers.14.mlp.gate_proj.weight
gemma-2-9b-it,instruction,0.6704968810081482,44,model.layers.14.mlp.up_proj.weight
gemma-2-9b-it,instruction,0.2626452147960663,45,model.layers.14.self_attn.k_proj.weight
gemma-2-9b-it,instruction,0.3261742889881134,46,model.layers.14.self_attn.o_proj.weight
gemma-2-9b-it,instruction,0.37293586134910583,47,model.layers.14.self_attn.q_proj.weight
gemma-2-9b-it,instruction,0.23571087419986725,48,model.layers.14.self_attn.v_proj.weight
gemma-2-9b-it,instruction,0.6673963665962219,49,model.layers.15.mlp.down_proj.weight
gemma-2-9b-it,instruction,0.6924532651901245,50,model.layers.15.mlp.gate_proj.weight
gemma-2-9b-it,instruction,0.6737651824951172,51,model.layers.15.mlp.up_proj.weight
gemma-2-9b-it,instruction,0.2628856897354126,52,model.layers.15.self_attn.k_proj.weight
gemma-2-9b-it,instruction,0.3260640501976013,53,model.layers.15.self_attn.o_proj.weight
gemma-2-9b-it,instruction,0.37646976113319397,54,model.layers.15.self_attn.q_proj.weight
gemma-2-9b-it,instruction,0.23666106164455414,55,model.layers.15.self_attn.v_proj.weight
gemma-2-9b-it,instruction,0.6850019097328186,56,model.layers.16.mlp.down_proj.weight
gemma-2-9b-it,instruction,0.6927546262741089,57,model.layers.16.mlp.gate_proj.weight
gemma-2-9b-it,instruction,0.6693869233131409,58,model.layers.16.mlp.up_proj.weight
gemma-2-9b-it,instruction,0.26326218247413635,59,model.layers.16.self_attn.k_proj.weight
gemma-2-9b-it,instruction,0.322476327419281,60,model.layers.16.self_attn.o_proj.weight
gemma-2-9b-it,instruction,0.3774723708629608,61,model.layers.16.self_attn.q_proj.weight
gemma-2-9b-it,instruction,0.22927047312259674,62,model.layers.16.self_attn.v_proj.weight
gemma-2-9b-it,instruction,0.6739211082458496,63,model.layers.17.mlp.down_proj.weight
gemma-2-9b-it,instruction,0.7050618529319763,64,model.layers.17.mlp.gate_proj.weight
gemma-2-9b-it,instruction,0.6828333139419556,65,model.layers.17.mlp.up_proj.weight
gemma-2-9b-it,instruction,0.2615220546722412,66,model.layers.17.self_attn.k_proj.weight
gemma-2-9b-it,instruction,0.3312586843967438,67,model.layers.17.self_attn.o_proj.weight
gemma-2-9b-it,instruction,0.38215571641921997,68,model.layers.17.self_attn.q_proj.weight
gemma-2-9b-it,instruction,0.22762411832809448,69,model.layers.17.self_attn.v_proj.weight
gemma-2-9b-it,instruction,0.685171365737915,70,model.layers.18.mlp.down_proj.weight
gemma-2-9b-it,instruction,0.7171351313591003,71,model.layers.18.mlp.gate_proj.weight
gemma-2-9b-it,instruction,0.6877672076225281,72,model.layers.18.mlp.up_proj.weight
gemma-2-9b-it,instruction,0.26758602261543274,73,model.layers.18.self_attn.k_proj.weight
gemma-2-9b-it,instruction,0.3318825960159302,74,model.layers.18.self_attn.o_proj.weight
gemma-2-9b-it,instruction,0.38954249024391174,75,model.layers.18.self_attn.q_proj.weight
gemma-2-9b-it,instruction,0.22862306237220764,76,model.layers.18.self_attn.v_proj.weight
gemma-2-9b-it,instruction,0.6910744309425354,77,model.layers.19.mlp.down_proj.weight
gemma-2-9b-it,instruction,0.7217621207237244,78,model.layers.19.mlp.gate_proj.weight
gemma-2-9b-it,instruction,0.694796621799469,79,model.layers.19.mlp.up_proj.weight
gemma-2-9b-it,instruction,0.2732740044593811,80,model.layers.19.self_attn.k_proj.weight
gemma-2-9b-it,instruction,0.3325241804122925,81,model.layers.19.self_attn.o_proj.weight
gemma-2-9b-it,instruction,0.388750821352005,82,model.layers.19.self_attn.q_proj.weight
gemma-2-9b-it,instruction,0.2367691844701767,83,model.layers.19.self_attn.v_proj.weight
gemma-2-9b-it,instruction,0.6636924743652344,84,model.layers.2.mlp.down_proj.weight
gemma-2-9b-it,instruction,0.6620034575462341,85,model.layers.2.mlp.gate_proj.weight
gemma-2-9b-it,instruction,0.6626859307289124,86,model.layers.2.mlp.up_proj.weight
gemma-2-9b-it,instruction,0.25456702709198,87,model.layers.2.self_attn.k_proj.weight
gemma-2-9b-it,instruction,0.35574352741241455,88,model.layers.2.self_attn.o_proj.weight
gemma-2-9b-it,instruction,0.3565274178981781,89,model.layers.2.self_attn.q_proj.weight
gemma-2-9b-it,instruction,0.2570655345916748,90,model.layers.2.self_attn.v_proj.weight
gemma-2-9b-it,instruction,0.7009872794151306,91,model.layers.20.mlp.down_proj.weight
gemma-2-9b-it,instruction,0.7264269590377808,92,model.layers.20.mlp.gate_proj.weight
gemma-2-9b-it,instruction,0.6998000144958496,93,model.layers.20.mlp.up_proj.weight
gemma-2-9b-it,instruction,0.2707786560058594,94,model.layers.20.self_attn.k_proj.weight
gemma-2-9b-it,instruction,0.3340291976928711,95,model.layers.20.self_attn.o_proj.weight
gemma-2-9b-it,instruction,0.3922457993030548,96,model.layers.20.self_attn.q_proj.weight
gemma-2-9b-it,instruction,0.232980877161026,97,model.layers.20.self_attn.v_proj.weight
gemma-2-9b-it,instruction,0.7058727145195007,98,model.layers.21.mlp.down_proj.weight
gemma-2-9b-it,instruction,0.7418993711471558,99,model.layers.21.mlp.gate_proj.weight
gemma-2-9b-it,instruction,0.7125183939933777,100,model.layers.21.mlp.up_proj.weight
gemma-2-9b-it,instruction,0.27529457211494446,101,model.layers.21.self_attn.k_proj.weight
gemma-2-9b-it,instruction,0.3411743640899658,102,model.layers.21.self_attn.o_proj.weight
gemma-2-9b-it,instruction,0.3987632095813751,103,model.layers.21.self_attn.q_proj.weight
gemma-2-9b-it,instruction,0.23984697461128235,104,model.layers.21.self_attn.v_proj.weight
gemma-2-9b-it,instruction,0.7130556702613831,105,model.layers.22.mlp.down_proj.weight
gemma-2-9b-it,instruction,0.7526546716690063,106,model.layers.22.mlp.gate_proj.weight
gemma-2-9b-it,instruction,0.7217373847961426,107,model.layers.22.mlp.up_proj.weight
gemma-2-9b-it,instruction,0.2835058271884918,108,model.layers.22.self_attn.k_proj.weight
gemma-2-9b-it,instruction,0.33549320697784424,109,model.layers.22.self_attn.o_proj.weight
gemma-2-9b-it,instruction,0.4028160274028778,110,model.layers.22.self_attn.q_proj.weight
gemma-2-9b-it,instruction,0.2467840313911438,111,model.layers.22.self_attn.v_proj.weight
gemma-2-9b-it,instruction,0.7186937928199768,112,model.layers.23.mlp.down_proj.weight
gemma-2-9b-it,instruction,0.7631453275680542,113,model.layers.23.mlp.gate_proj.weight
gemma-2-9b-it,instruction,0.730130672454834,114,model.layers.23.mlp.up_proj.weight
gemma-2-9b-it,instruction,0.28613725304603577,115,model.layers.23.self_attn.k_proj.weight
gemma-2-9b-it,instruction,0.35450106859207153,116,model.layers.23.self_attn.o_proj.weight
gemma-2-9b-it,instruction,0.4104560613632202,117,model.layers.23.self_attn.q_proj.weight
gemma-2-9b-it,instruction,0.2470492571592331,118,model.layers.23.self_attn.v_proj.weight
gemma-2-9b-it,instruction,0.7258896231651306,119,model.layers.24.mlp.down_proj.weight
gemma-2-9b-it,instruction,0.7708035111427307,120,model.layers.24.mlp.gate_proj.weight
gemma-2-9b-it,instruction,0.7373484373092651,121,model.layers.24.mlp.up_proj.weight
gemma-2-9b-it,instruction,0.28871941566467285,122,model.layers.24.self_attn.k_proj.weight
gemma-2-9b-it,instruction,0.3461051881313324,123,model.layers.24.self_attn.o_proj.weight
gemma-2-9b-it,instruction,0.415058434009552,124,model.layers.24.self_attn.q_proj.weight
gemma-2-9b-it,instruction,0.24504922330379486,125,model.layers.24.self_attn.v_proj.weight
gemma-2-9b-it,instruction,0.7324784994125366,126,model.layers.25.mlp.down_proj.weight
gemma-2-9b-it,instruction,0.7787419557571411,127,model.layers.25.mlp.gate_proj.weight
gemma-2-9b-it,instruction,0.7465195059776306,128,model.layers.25.mlp.up_proj.weight
gemma-2-9b-it,instruction,0.295866459608078,129,model.layers.25.self_attn.k_proj.weight
gemma-2-9b-it,instruction,0.3669058084487915,130,model.layers.25.self_attn.o_proj.weight
gemma-2-9b-it,instruction,0.4201618432998657,131,model.layers.25.self_attn.q_proj.weight
gemma-2-9b-it,instruction,0.2566535472869873,132,model.layers.25.self_attn.v_proj.weight
gemma-2-9b-it,instruction,0.7361978888511658,133,model.layers.26.mlp.down_proj.weight
gemma-2-9b-it,instruction,0.7829297780990601,134,model.layers.26.mlp.gate_proj.weight
gemma-2-9b-it,instruction,0.752666711807251,135,model.layers.26.mlp.up_proj.weight
gemma-2-9b-it,instruction,0.30178433656692505,136,model.layers.26.self_attn.k_proj.weight
gemma-2-9b-it,instruction,0.36924365162849426,137,model.layers.26.self_attn.o_proj.weight
gemma-2-9b-it,instruction,0.42596542835235596,138,model.layers.26.self_attn.q_proj.weight
gemma-2-9b-it,instruction,0.2602597177028656,139,model.layers.26.self_attn.v_proj.weight
gemma-2-9b-it,instruction,0.7378615736961365,140,model.layers.27.mlp.down_proj.weight
gemma-2-9b-it,instruction,0.7860909700393677,141,model.layers.27.mlp.gate_proj.weight
gemma-2-9b-it,instruction,0.7525113821029663,142,model.layers.27.mlp.up_proj.weight
gemma-2-9b-it,instruction,0.30217596888542175,143,model.layers.27.self_attn.k_proj.weight
gemma-2-9b-it,instruction,0.3661157786846161,144,model.layers.27.self_attn.o_proj.weight
gemma-2-9b-it,instruction,0.4205756187438965,145,model.layers.27.self_attn.q_proj.weight
gemma-2-9b-it,instruction,0.2691890597343445,146,model.layers.27.self_attn.v_proj.weight
gemma-2-9b-it,instruction,0.7424560189247131,147,model.layers.28.mlp.down_proj.weight
gemma-2-9b-it,instruction,0.7882095575332642,148,model.layers.28.mlp.gate_proj.weight
gemma-2-9b-it,instruction,0.7541425824165344,149,model.layers.28.mlp.up_proj.weight
gemma-2-9b-it,instruction,0.3069504499435425,150,model.layers.28.self_attn.k_proj.weight
gemma-2-9b-it,instruction,0.3863532841205597,151,model.layers.28.self_attn.o_proj.weight
gemma-2-9b-it,instruction,0.4359336793422699,152,model.layers.28.self_attn.q_proj.weight
gemma-2-9b-it,instruction,0.2742457091808319,153,model.layers.28.self_attn.v_proj.weight
gemma-2-9b-it,instruction,0.7421602606773376,154,model.layers.29.mlp.down_proj.weight
gemma-2-9b-it,instruction,0.7863088250160217,155,model.layers.29.mlp.gate_proj.weight
gemma-2-9b-it,instruction,0.7531660795211792,156,model.layers.29.mlp.up_proj.weight
gemma-2-9b-it,instruction,0.29402345418930054,157,model.layers.29.self_attn.k_proj.weight
gemma-2-9b-it,instruction,0.3774596154689789,158,model.layers.29.self_attn.o_proj.weight
gemma-2-9b-it,instruction,0.4190578758716583,159,model.layers.29.self_attn.q_proj.weight
gemma-2-9b-it,instruction,0.26783689856529236,160,model.layers.29.self_attn.v_proj.weight
gemma-2-9b-it,instruction,0.6579453945159912,161,model.layers.3.mlp.down_proj.weight
gemma-2-9b-it,instruction,0.6587274670600891,162,model.layers.3.mlp.gate_proj.weight
gemma-2-9b-it,instruction,0.6565968990325928,163,model.layers.3.mlp.up_proj.weight
gemma-2-9b-it,instruction,0.2503993809223175,164,model.layers.3.self_attn.k_proj.weight
gemma-2-9b-it,instruction,0.34792423248291016,165,model.layers.3.self_attn.o_proj.weight
gemma-2-9b-it,instruction,0.34730494022369385,166,model.layers.3.self_attn.q_proj.weight
gemma-2-9b-it,instruction,0.2558126747608185,167,model.layers.3.self_attn.v_proj.weight
gemma-2-9b-it,instruction,0.7450476288795471,168,model.layers.30.mlp.down_proj.weight
gemma-2-9b-it,instruction,0.786899983882904,169,model.layers.30.mlp.gate_proj.weight
gemma-2-9b-it,instruction,0.7536909580230713,170,model.layers.30.mlp.up_proj.weight
gemma-2-9b-it,instruction,0.3057086169719696,171,model.layers.30.self_attn.k_proj.weight
gemma-2-9b-it,instruction,0.3947964906692505,172,model.layers.30.self_attn.o_proj.weight
gemma-2-9b-it,instruction,0.4331197142601013,173,model.layers.30.self_attn.q_proj.weight
gemma-2-9b-it,instruction,0.2801533341407776,174,model.layers.30.self_attn.v_proj.weight
gemma-2-9b-it,instruction,0.7450748682022095,175,model.layers.31.mlp.down_proj.weight
gemma-2-9b-it,instruction,0.7825235724449158,176,model.layers.31.mlp.gate_proj.weight
gemma-2-9b-it,instruction,0.7520570158958435,177,model.layers.31.mlp.up_proj.weight
gemma-2-9b-it,instruction,0.30074575543403625,178,model.layers.31.self_attn.k_proj.weight
gemma-2-9b-it,instruction,0.3862348794937134,179,model.layers.31.self_attn.o_proj.weight
gemma-2-9b-it,instruction,0.42383694648742676,180,model.layers.31.self_attn.q_proj.weight
gemma-2-9b-it,instruction,0.2750605642795563,181,model.layers.31.self_attn.v_proj.weight
gemma-2-9b-it,instruction,0.7453111410140991,182,model.layers.32.mlp.down_proj.weight
gemma-2-9b-it,instruction,0.7780328392982483,183,model.layers.32.mlp.gate_proj.weight
gemma-2-9b-it,instruction,0.7516121864318848,184,model.layers.32.mlp.up_proj.weight
gemma-2-9b-it,instruction,0.3089078366756439,185,model.layers.32.self_attn.k_proj.weight
gemma-2-9b-it,instruction,0.4031185209751129,186,model.layers.32.self_attn.o_proj.weight
gemma-2-9b-it,instruction,0.43843957781791687,187,model.layers.32.self_attn.q_proj.weight
gemma-2-9b-it,instruction,0.28169354796409607,188,model.layers.32.self_attn.v_proj.weight
gemma-2-9b-it,instruction,0.7463456988334656,189,model.layers.33.mlp.down_proj.weight
gemma-2-9b-it,instruction,0.7741066217422485,190,model.layers.33.mlp.gate_proj.weight
gemma-2-9b-it,instruction,0.7513903975486755,191,model.layers.33.mlp.up_proj.weight
gemma-2-9b-it,instruction,0.29847452044487,192,model.layers.33.self_attn.k_proj.weight
gemma-2-9b-it,instruction,0.39850813150405884,193,model.layers.33.self_attn.o_proj.weight
gemma-2-9b-it,instruction,0.4235249161720276,194,model.layers.33.self_attn.q_proj.weight
gemma-2-9b-it,instruction,0.28163352608680725,195,model.layers.33.self_attn.v_proj.weight
gemma-2-9b-it,instruction,0.7490846514701843,196,model.layers.34.mlp.down_proj.weight
gemma-2-9b-it,instruction,0.7729359269142151,197,model.layers.34.mlp.gate_proj.weight
gemma-2-9b-it,instruction,0.7537319660186768,198,model.layers.34.mlp.up_proj.weight
gemma-2-9b-it,instruction,0.29529058933258057,199,model.layers.34.self_attn.k_proj.weight
gemma-2-9b-it,instruction,0.3903656601905823,200,model.layers.34.self_attn.o_proj.weight
gemma-2-9b-it,instruction,0.4203409254550934,201,model.layers.34.self_attn.q_proj.weight
gemma-2-9b-it,instruction,0.2807968258857727,202,model.layers.34.self_attn.v_proj.weight
gemma-2-9b-it,instruction,0.754425048828125,203,model.layers.35.mlp.down_proj.weight
gemma-2-9b-it,instruction,0.7750982046127319,204,model.layers.35.mlp.gate_proj.weight
gemma-2-9b-it,instruction,0.7587184309959412,205,model.layers.35.mlp.up_proj.weight
gemma-2-9b-it,instruction,0.2935805320739746,206,model.layers.35.self_attn.k_proj.weight
gemma-2-9b-it,instruction,0.39826688170433044,207,model.layers.35.self_attn.o_proj.weight
gemma-2-9b-it,instruction,0.4143328368663788,208,model.layers.35.self_attn.q_proj.weight
gemma-2-9b-it,instruction,0.2792956829071045,209,model.layers.35.self_attn.v_proj.weight
gemma-2-9b-it,instruction,0.7571881413459778,210,model.layers.36.mlp.down_proj.weight
gemma-2-9b-it,instruction,0.7767585515975952,211,model.layers.36.mlp.gate_proj.weight
gemma-2-9b-it,instruction,0.7604668736457825,212,model.layers.36.mlp.up_proj.weight
gemma-2-9b-it,instruction,0.29555222392082214,213,model.layers.36.self_attn.k_proj.weight
gemma-2-9b-it,instruction,0.3978901207447052,214,model.layers.36.self_attn.o_proj.weight
gemma-2-9b-it,instruction,0.42099320888519287,215,model.layers.36.self_attn.q_proj.weight
gemma-2-9b-it,instruction,0.2823474705219269,216,model.layers.36.self_attn.v_proj.weight
gemma-2-9b-it,instruction,0.7587376236915588,217,model.layers.37.mlp.down_proj.weight
gemma-2-9b-it,instruction,0.78089439868927,218,model.layers.37.mlp.gate_proj.weight
gemma-2-9b-it,instruction,0.7629362344741821,219,model.layers.37.mlp.up_proj.weight
gemma-2-9b-it,instruction,0.29591840505599976,220,model.layers.37.self_attn.k_proj.weight
gemma-2-9b-it,instruction,0.3929832875728607,221,model.layers.37.self_attn.o_proj.weight
gemma-2-9b-it,instruction,0.41909259557724,222,model.layers.37.self_attn.q_proj.weight
gemma-2-9b-it,instruction,0.2787970304489136,223,model.layers.37.self_attn.v_proj.weight
gemma-2-9b-it,instruction,0.761146605014801,224,model.layers.38.mlp.down_proj.weight
gemma-2-9b-it,instruction,0.7875739336013794,225,model.layers.38.mlp.gate_proj.weight
gemma-2-9b-it,instruction,0.7678659558296204,226,model.layers.38.mlp.up_proj.weight
gemma-2-9b-it,instruction,0.30057743191719055,227,model.layers.38.self_attn.k_proj.weight
gemma-2-9b-it,instruction,0.37793442606925964,228,model.layers.38.self_attn.o_proj.weight
gemma-2-9b-it,instruction,0.42153093218803406,229,model.layers.38.self_attn.q_proj.weight
gemma-2-9b-it,instruction,0.27595123648643494,230,model.layers.38.self_attn.v_proj.weight
gemma-2-9b-it,instruction,0.7540560364723206,231,model.layers.39.mlp.down_proj.weight
gemma-2-9b-it,instruction,0.7885452508926392,232,model.layers.39.mlp.gate_proj.weight
gemma-2-9b-it,instruction,0.7673702836036682,233,model.layers.39.mlp.up_proj.weight
gemma-2-9b-it,instruction,0.2913917899131775,234,model.layers.39.self_attn.k_proj.weight
gemma-2-9b-it,instruction,0.3873090445995331,235,model.layers.39.self_attn.o_proj.weight
gemma-2-9b-it,instruction,0.41055288910865784,236,model.layers.39.self_attn.q_proj.weight
gemma-2-9b-it,instruction,0.2760031521320343,237,model.layers.39.self_attn.v_proj.weight
gemma-2-9b-it,instruction,0.6555251479148865,238,model.layers.4.mlp.down_proj.weight
gemma-2-9b-it,instruction,0.6636735796928406,239,model.layers.4.mlp.gate_proj.weight
gemma-2-9b-it,instruction,0.6568446159362793,240,model.layers.4.mlp.up_proj.weight
gemma-2-9b-it,instruction,0.2516908049583435,241,model.layers.4.self_attn.k_proj.weight
gemma-2-9b-it,instruction,0.3424597680568695,242,model.layers.4.self_attn.o_proj.weight
gemma-2-9b-it,instruction,0.3519568145275116,243,model.layers.4.self_attn.q_proj.weight
gemma-2-9b-it,instruction,0.2510869801044464,244,model.layers.4.self_attn.v_proj.weight
gemma-2-9b-it,instruction,0.7476390600204468,245,model.layers.40.mlp.down_proj.weight
gemma-2-9b-it,instruction,0.7852102518081665,246,model.layers.40.mlp.gate_proj.weight
gemma-2-9b-it,instruction,0.7638155221939087,247,model.layers.40.mlp.up_proj.weight
gemma-2-9b-it,instruction,0.2880434989929199,248,model.layers.40.self_attn.k_proj.weight
gemma-2-9b-it,instruction,0.3788430392742157,249,model.layers.40.self_attn.o_proj.weight
gemma-2-9b-it,instruction,0.4073936343193054,250,model.layers.40.self_attn.q_proj.weight
gemma-2-9b-it,instruction,0.26660481095314026,251,model.layers.40.self_attn.v_proj.weight
gemma-2-9b-it,instruction,0.7309330701828003,252,model.layers.41.mlp.down_proj.weight
gemma-2-9b-it,instruction,0.7738462686538696,253,model.layers.41.mlp.gate_proj.weight
gemma-2-9b-it,instruction,0.7581756114959717,254,model.layers.41.mlp.up_proj.weight
gemma-2-9b-it,instruction,0.29154831171035767,255,model.layers.41.self_attn.k_proj.weight
gemma-2-9b-it,instruction,0.370808869600296,256,model.layers.41.self_attn.o_proj.weight
gemma-2-9b-it,instruction,0.41399911046028137,257,model.layers.41.self_attn.q_proj.weight
gemma-2-9b-it,instruction,0.275149405002594,258,model.layers.41.self_attn.v_proj.weight
gemma-2-9b-it,instruction,0.6526252627372742,259,model.layers.5.mlp.down_proj.weight
gemma-2-9b-it,instruction,0.6666672825813293,260,model.layers.5.mlp.gate_proj.weight
gemma-2-9b-it,instruction,0.659619927406311,261,model.layers.5.mlp.up_proj.weight
gemma-2-9b-it,instruction,0.25862249732017517,262,model.layers.5.self_attn.k_proj.weight
gemma-2-9b-it,instruction,0.3450157642364502,263,model.layers.5.self_attn.o_proj.weight
gemma-2-9b-it,instruction,0.36029142141342163,264,model.layers.5.self_attn.q_proj.weight
gemma-2-9b-it,instruction,0.2544953525066376,265,model.layers.5.self_attn.v_proj.weight
gemma-2-9b-it,instruction,0.6566593647003174,266,model.layers.6.mlp.down_proj.weight
gemma-2-9b-it,instruction,0.6650509238243103,267,model.layers.6.mlp.gate_proj.weight
gemma-2-9b-it,instruction,0.6536839008331299,268,model.layers.6.mlp.up_proj.weight
gemma-2-9b-it,instruction,0.2628317177295685,269,model.layers.6.self_attn.k_proj.weight
gemma-2-9b-it,instruction,0.3409499228000641,270,model.layers.6.self_attn.o_proj.weight
gemma-2-9b-it,instruction,0.3637526035308838,271,model.layers.6.self_attn.q_proj.weight
gemma-2-9b-it,instruction,0.24627603590488434,272,model.layers.6.self_attn.v_proj.weight
gemma-2-9b-it,instruction,0.6615957617759705,273,model.layers.7.mlp.down_proj.weight
gemma-2-9b-it,instruction,0.6689322590827942,274,model.layers.7.mlp.gate_proj.weight
gemma-2-9b-it,instruction,0.6557185053825378,275,model.layers.7.mlp.up_proj.weight
gemma-2-9b-it,instruction,0.2572101354598999,276,model.layers.7.self_attn.k_proj.weight
gemma-2-9b-it,instruction,0.34086012840270996,277,model.layers.7.self_attn.o_proj.weight
gemma-2-9b-it,instruction,0.3627677261829376,278,model.layers.7.self_attn.q_proj.weight
gemma-2-9b-it,instruction,0.24805483222007751,279,model.layers.7.self_attn.v_proj.weight
gemma-2-9b-it,instruction,0.6638124585151672,280,model.layers.8.mlp.down_proj.weight
gemma-2-9b-it,instruction,0.6717202067375183,281,model.layers.8.mlp.gate_proj.weight
gemma-2-9b-it,instruction,0.6563318371772766,282,model.layers.8.mlp.up_proj.weight
gemma-2-9b-it,instruction,0.26212653517723083,283,model.layers.8.self_attn.k_proj.weight
gemma-2-9b-it,instruction,0.3365572690963745,284,model.layers.8.self_attn.o_proj.weight
gemma-2-9b-it,instruction,0.37098392844200134,285,model.layers.8.self_attn.q_proj.weight
gemma-2-9b-it,instruction,0.24272505939006805,286,model.layers.8.self_attn.v_proj.weight
gemma-2-9b-it,instruction,0.6685875654220581,287,model.layers.9.mlp.down_proj.weight
gemma-2-9b-it,instruction,0.6765825152397156,288,model.layers.9.mlp.gate_proj.weight
gemma-2-9b-it,instruction,0.6611868143081665,289,model.layers.9.mlp.up_proj.weight
gemma-2-9b-it,instruction,0.254140704870224,290,model.layers.9.self_attn.k_proj.weight
gemma-2-9b-it,instruction,0.3354770839214325,291,model.layers.9.self_attn.o_proj.weight
gemma-2-9b-it,instruction,0.360707551240921,292,model.layers.9.self_attn.q_proj.weight
gemma-2-9b-it,instruction,0.24261780083179474,293,model.layers.9.self_attn.v_proj.weight
gemma-2-9b-it,math,4.963253498077393,0,model.layers.0.mlp.down_proj.weight
gemma-2-9b-it,math,5.3337225914001465,1,model.layers.0.mlp.gate_proj.weight
gemma-2-9b-it,math,5.129870891571045,2,model.layers.0.mlp.up_proj.weight
gemma-2-9b-it,math,1.823050856590271,3,model.layers.0.self_attn.k_proj.weight
gemma-2-9b-it,math,2.1522014141082764,4,model.layers.0.self_attn.o_proj.weight
gemma-2-9b-it,math,2.6824607849121094,5,model.layers.0.self_attn.q_proj.weight
gemma-2-9b-it,math,1.4496062994003296,6,model.layers.0.self_attn.v_proj.weight
gemma-2-9b-it,math,5.207217216491699,7,model.layers.1.mlp.down_proj.weight
gemma-2-9b-it,math,5.412228584289551,8,model.layers.1.mlp.gate_proj.weight
gemma-2-9b-it,math,5.268986225128174,9,model.layers.1.mlp.up_proj.weight
gemma-2-9b-it,math,2.142707586288452,10,model.layers.1.self_attn.k_proj.weight
gemma-2-9b-it,math,2.577131986618042,11,model.layers.1.self_attn.o_proj.weight
gemma-2-9b-it,math,3.0606327056884766,12,model.layers.1.self_attn.q_proj.weight
gemma-2-9b-it,math,1.8791698217391968,13,model.layers.1.self_attn.v_proj.weight
gemma-2-9b-it,math,4.497982501983643,14,model.layers.10.mlp.down_proj.weight
gemma-2-9b-it,math,4.936386585235596,15,model.layers.10.mlp.gate_proj.weight
gemma-2-9b-it,math,4.490771293640137,16,model.layers.10.mlp.up_proj.weight
gemma-2-9b-it,math,1.910446047782898,17,model.layers.10.self_attn.k_proj.weight
gemma-2-9b-it,math,2.2908506393432617,18,model.layers.10.self_attn.o_proj.weight
gemma-2-9b-it,math,2.795616388320923,19,model.layers.10.self_attn.q_proj.weight
gemma-2-9b-it,math,1.6293696165084839,20,model.layers.10.self_attn.v_proj.weight
gemma-2-9b-it,math,4.503684997558594,21,model.layers.11.mlp.down_proj.weight
gemma-2-9b-it,math,4.923558712005615,22,model.layers.11.mlp.gate_proj.weight
gemma-2-9b-it,math,4.531131267547607,23,model.layers.11.mlp.up_proj.weight
gemma-2-9b-it,math,1.982150673866272,24,model.layers.11.self_attn.k_proj.weight
gemma-2-9b-it,math,2.363696336746216,25,model.layers.11.self_attn.o_proj.weight
gemma-2-9b-it,math,2.8843281269073486,26,model.layers.11.self_attn.q_proj.weight
gemma-2-9b-it,math,1.6742839813232422,27,model.layers.11.self_attn.v_proj.weight
gemma-2-9b-it,math,4.67032527923584,28,model.layers.12.mlp.down_proj.weight
gemma-2-9b-it,math,5.051218032836914,29,model.layers.12.mlp.gate_proj.weight
gemma-2-9b-it,math,4.692330360412598,30,model.layers.12.mlp.up_proj.weight
gemma-2-9b-it,math,2.047330617904663,31,model.layers.12.self_attn.k_proj.weight
gemma-2-9b-it,math,2.3768081665039062,32,model.layers.12.self_attn.o_proj.weight
gemma-2-9b-it,math,2.9581146240234375,33,model.layers.12.self_attn.q_proj.weight
gemma-2-9b-it,math,1.7181042432785034,34,model.layers.12.self_attn.v_proj.weight
gemma-2-9b-it,math,4.728550910949707,35,model.layers.13.mlp.down_proj.weight
gemma-2-9b-it,math,5.166768550872803,36,model.layers.13.mlp.gate_proj.weight
gemma-2-9b-it,math,4.762218475341797,37,model.layers.13.mlp.up_proj.weight
gemma-2-9b-it,math,2.1022963523864746,38,model.layers.13.self_attn.k_proj.weight
gemma-2-9b-it,math,2.4028964042663574,39,model.layers.13.self_attn.o_proj.weight
gemma-2-9b-it,math,3.0549087524414062,40,model.layers.13.self_attn.q_proj.weight
gemma-2-9b-it,math,1.7134286165237427,41,model.layers.13.self_attn.v_proj.weight
gemma-2-9b-it,math,4.7278733253479,42,model.layers.14.mlp.down_proj.weight
gemma-2-9b-it,math,5.191016674041748,43,model.layers.14.mlp.gate_proj.weight
gemma-2-9b-it,math,4.7862653732299805,44,model.layers.14.mlp.up_proj.weight
gemma-2-9b-it,math,2.0691604614257812,45,model.layers.14.self_attn.k_proj.weight
gemma-2-9b-it,math,2.3507726192474365,46,model.layers.14.self_attn.o_proj.weight
gemma-2-9b-it,math,3.0202808380126953,47,model.layers.14.self_attn.q_proj.weight
gemma-2-9b-it,math,1.7222713232040405,48,model.layers.14.self_attn.v_proj.weight
gemma-2-9b-it,math,4.821700096130371,49,model.layers.15.mlp.down_proj.weight
gemma-2-9b-it,math,5.27168083190918,50,model.layers.15.mlp.gate_proj.weight
gemma-2-9b-it,math,4.909547328948975,51,model.layers.15.mlp.up_proj.weight
gemma-2-9b-it,math,2.1154239177703857,52,model.layers.15.self_attn.k_proj.weight
gemma-2-9b-it,math,2.3611862659454346,53,model.layers.15.self_attn.o_proj.weight
gemma-2-9b-it,math,3.091677665710449,54,model.layers.15.self_attn.q_proj.weight
gemma-2-9b-it,math,1.7106150388717651,55,model.layers.15.self_attn.v_proj.weight
gemma-2-9b-it,math,5.079058647155762,56,model.layers.16.mlp.down_proj.weight
gemma-2-9b-it,math,5.340605735778809,57,model.layers.16.mlp.gate_proj.weight
gemma-2-9b-it,math,4.945067405700684,58,model.layers.16.mlp.up_proj.weight
gemma-2-9b-it,math,2.125309467315674,59,model.layers.16.self_attn.k_proj.weight
gemma-2-9b-it,math,2.3722894191741943,60,model.layers.16.self_attn.o_proj.weight
gemma-2-9b-it,math,3.0961170196533203,61,model.layers.16.self_attn.q_proj.weight
gemma-2-9b-it,math,1.6828844547271729,62,model.layers.16.self_attn.v_proj.weight
gemma-2-9b-it,math,4.871476173400879,63,model.layers.17.mlp.down_proj.weight
gemma-2-9b-it,math,5.540649890899658,64,model.layers.17.mlp.gate_proj.weight
gemma-2-9b-it,math,5.050946235656738,65,model.layers.17.mlp.up_proj.weight
gemma-2-9b-it,math,2.2073848247528076,66,model.layers.17.self_attn.k_proj.weight
gemma-2-9b-it,math,2.465775728225708,67,model.layers.17.self_attn.o_proj.weight
gemma-2-9b-it,math,3.2304155826568604,68,model.layers.17.self_attn.q_proj.weight
gemma-2-9b-it,math,1.7142657041549683,69,model.layers.17.self_attn.v_proj.weight
gemma-2-9b-it,math,4.858623504638672,70,model.layers.18.mlp.down_proj.weight
gemma-2-9b-it,math,5.640591621398926,71,model.layers.18.mlp.gate_proj.weight
gemma-2-9b-it,math,5.035952091217041,72,model.layers.18.mlp.up_proj.weight
gemma-2-9b-it,math,2.3117311000823975,73,model.layers.18.self_attn.k_proj.weight
gemma-2-9b-it,math,2.4471068382263184,74,model.layers.18.self_attn.o_proj.weight
gemma-2-9b-it,math,3.3295631408691406,75,model.layers.18.self_attn.q_proj.weight
gemma-2-9b-it,math,1.7325868606567383,76,model.layers.18.self_attn.v_proj.weight
gemma-2-9b-it,math,4.894439697265625,77,model.layers.19.mlp.down_proj.weight
gemma-2-9b-it,math,5.542794227600098,78,model.layers.19.mlp.gate_proj.weight
gemma-2-9b-it,math,5.063014507293701,79,model.layers.19.mlp.up_proj.weight
gemma-2-9b-it,math,2.29875111579895,80,model.layers.19.self_attn.k_proj.weight
gemma-2-9b-it,math,2.4267382621765137,81,model.layers.19.self_attn.o_proj.weight
gemma-2-9b-it,math,3.2630152702331543,82,model.layers.19.self_attn.q_proj.weight
gemma-2-9b-it,math,1.7688838243484497,83,model.layers.19.self_attn.v_proj.weight
gemma-2-9b-it,math,5.497946739196777,84,model.layers.2.mlp.down_proj.weight
gemma-2-9b-it,math,5.555890083312988,85,model.layers.2.mlp.gate_proj.weight
gemma-2-9b-it,math,5.415626525878906,86,model.layers.2.mlp.up_proj.weight
gemma-2-9b-it,math,1.9880510568618774,87,model.layers.2.self_attn.k_proj.weight
gemma-2-9b-it,math,2.5919814109802246,88,model.layers.2.self_attn.o_proj.weight
gemma-2-9b-it,math,2.8684561252593994,89,model.layers.2.self_attn.q_proj.weight
gemma-2-9b-it,math,1.8203855752944946,90,model.layers.2.self_attn.v_proj.weight
gemma-2-9b-it,math,5.066311359405518,91,model.layers.20.mlp.down_proj.weight
gemma-2-9b-it,math,5.5925445556640625,92,model.layers.20.mlp.gate_proj.weight
gemma-2-9b-it,math,5.169797420501709,93,model.layers.20.mlp.up_proj.weight
gemma-2-9b-it,math,2.310215711593628,94,model.layers.20.self_attn.k_proj.weight
gemma-2-9b-it,math,2.3834645748138428,95,model.layers.20.self_attn.o_proj.weight
gemma-2-9b-it,math,3.3151378631591797,96,model.layers.20.self_attn.q_proj.weight
gemma-2-9b-it,math,1.6979646682739258,97,model.layers.20.self_attn.v_proj.weight
gemma-2-9b-it,math,4.948304176330566,98,model.layers.21.mlp.down_proj.weight
gemma-2-9b-it,math,5.764227390289307,99,model.layers.21.mlp.gate_proj.weight
gemma-2-9b-it,math,5.13008975982666,100,model.layers.21.mlp.up_proj.weight
gemma-2-9b-it,math,2.2867743968963623,101,model.layers.21.self_attn.k_proj.weight
gemma-2-9b-it,math,2.395273447036743,102,model.layers.21.self_attn.o_proj.weight
gemma-2-9b-it,math,3.2991952896118164,103,model.layers.21.self_attn.q_proj.weight
gemma-2-9b-it,math,1.7398635149002075,104,model.layers.21.self_attn.v_proj.weight
gemma-2-9b-it,math,5.01530647277832,105,model.layers.22.mlp.down_proj.weight
gemma-2-9b-it,math,5.747097015380859,106,model.layers.22.mlp.gate_proj.weight
gemma-2-9b-it,math,5.175120830535889,107,model.layers.22.mlp.up_proj.weight
gemma-2-9b-it,math,2.3013312816619873,108,model.layers.22.self_attn.k_proj.weight
gemma-2-9b-it,math,2.2443063259124756,109,model.layers.22.self_attn.o_proj.weight
gemma-2-9b-it,math,3.2374465465545654,110,model.layers.22.self_attn.q_proj.weight
gemma-2-9b-it,math,1.7679522037506104,111,model.layers.22.self_attn.v_proj.weight
gemma-2-9b-it,math,5.022845268249512,112,model.layers.23.mlp.down_proj.weight
gemma-2-9b-it,math,5.7950334548950195,113,model.layers.23.mlp.gate_proj.weight
gemma-2-9b-it,math,5.165798187255859,114,model.layers.23.mlp.up_proj.weight
gemma-2-9b-it,math,2.3783481121063232,115,model.layers.23.self_attn.k_proj.weight
gemma-2-9b-it,math,2.5175483226776123,116,model.layers.23.self_attn.o_proj.weight
gemma-2-9b-it,math,3.3925960063934326,117,model.layers.23.self_attn.q_proj.weight
gemma-2-9b-it,math,1.7696036100387573,118,model.layers.23.self_attn.v_proj.weight
gemma-2-9b-it,math,5.05930233001709,119,model.layers.24.mlp.down_proj.weight
gemma-2-9b-it,math,5.777176856994629,120,model.layers.24.mlp.gate_proj.weight
gemma-2-9b-it,math,5.169034004211426,121,model.layers.24.mlp.up_proj.weight
gemma-2-9b-it,math,2.360543966293335,122,model.layers.24.self_attn.k_proj.weight
gemma-2-9b-it,math,2.389488697052002,123,model.layers.24.self_attn.o_proj.weight
gemma-2-9b-it,math,3.3775627613067627,124,model.layers.24.self_attn.q_proj.weight
gemma-2-9b-it,math,1.7456536293029785,125,model.layers.24.self_attn.v_proj.weight
gemma-2-9b-it,math,5.050659656524658,126,model.layers.25.mlp.down_proj.weight
gemma-2-9b-it,math,5.806699275970459,127,model.layers.25.mlp.gate_proj.weight
gemma-2-9b-it,math,5.20242166519165,128,model.layers.25.mlp.up_proj.weight
gemma-2-9b-it,math,2.4149813652038574,129,model.layers.25.self_attn.k_proj.weight
gemma-2-9b-it,math,2.5818533897399902,130,model.layers.25.self_attn.o_proj.weight
gemma-2-9b-it,math,3.4377176761627197,131,model.layers.25.self_attn.q_proj.weight
gemma-2-9b-it,math,1.8786226511001587,132,model.layers.25.self_attn.v_proj.weight
gemma-2-9b-it,math,5.0279765129089355,133,model.layers.26.mlp.down_proj.weight
gemma-2-9b-it,math,5.8649444580078125,134,model.layers.26.mlp.gate_proj.weight
gemma-2-9b-it,math,5.204193592071533,135,model.layers.26.mlp.up_proj.weight
gemma-2-9b-it,math,2.385481834411621,136,model.layers.26.self_attn.k_proj.weight
gemma-2-9b-it,math,2.502168655395508,137,model.layers.26.self_attn.o_proj.weight
gemma-2-9b-it,math,3.377383232116699,138,model.layers.26.self_attn.q_proj.weight
gemma-2-9b-it,math,1.8254808187484741,139,model.layers.26.self_attn.v_proj.weight
gemma-2-9b-it,math,4.999650955200195,140,model.layers.27.mlp.down_proj.weight
gemma-2-9b-it,math,5.9334893226623535,141,model.layers.27.mlp.gate_proj.weight
gemma-2-9b-it,math,5.153046607971191,142,model.layers.27.mlp.up_proj.weight
gemma-2-9b-it,math,2.2034876346588135,143,model.layers.27.self_attn.k_proj.weight
gemma-2-9b-it,math,2.3879106044769287,144,model.layers.27.self_attn.o_proj.weight
gemma-2-9b-it,math,3.085359573364258,145,model.layers.27.self_attn.q_proj.weight
gemma-2-9b-it,math,1.7882139682769775,146,model.layers.27.self_attn.v_proj.weight
gemma-2-9b-it,math,5.1456756591796875,147,model.layers.28.mlp.down_proj.weight
gemma-2-9b-it,math,6.0272321701049805,148,model.layers.28.mlp.gate_proj.weight
gemma-2-9b-it,math,5.24683141708374,149,model.layers.28.mlp.up_proj.weight
gemma-2-9b-it,math,2.3737757205963135,150,model.layers.28.self_attn.k_proj.weight
gemma-2-9b-it,math,2.5780234336853027,151,model.layers.28.self_attn.o_proj.weight
gemma-2-9b-it,math,3.4225189685821533,152,model.layers.28.self_attn.q_proj.weight
gemma-2-9b-it,math,1.844717025756836,153,model.layers.28.self_attn.v_proj.weight
gemma-2-9b-it,math,5.123249053955078,154,model.layers.29.mlp.down_proj.weight
gemma-2-9b-it,math,6.030921936035156,155,model.layers.29.mlp.gate_proj.weight
gemma-2-9b-it,math,5.20427131652832,156,model.layers.29.mlp.up_proj.weight
gemma-2-9b-it,math,2.3473763465881348,157,model.layers.29.self_attn.k_proj.weight
gemma-2-9b-it,math,2.683913469314575,158,model.layers.29.self_attn.o_proj.weight
gemma-2-9b-it,math,3.458125114440918,159,model.layers.29.self_attn.q_proj.weight
gemma-2-9b-it,math,1.8439748287200928,160,model.layers.29.self_attn.v_proj.weight
gemma-2-9b-it,math,5.374438285827637,161,model.layers.3.mlp.down_proj.weight
gemma-2-9b-it,math,5.590787410736084,162,model.layers.3.mlp.gate_proj.weight
gemma-2-9b-it,math,5.180512428283691,163,model.layers.3.mlp.up_proj.weight
gemma-2-9b-it,math,1.9327633380889893,164,model.layers.3.self_attn.k_proj.weight
gemma-2-9b-it,math,2.4771769046783447,165,model.layers.3.self_attn.o_proj.weight
gemma-2-9b-it,math,2.8583872318267822,166,model.layers.3.self_attn.q_proj.weight
gemma-2-9b-it,math,1.7878302335739136,167,model.layers.3.self_attn.v_proj.weight
gemma-2-9b-it,math,5.216936111450195,168,model.layers.30.mlp.down_proj.weight
gemma-2-9b-it,math,5.995352745056152,169,model.layers.30.mlp.gate_proj.weight
gemma-2-9b-it,math,5.249626159667969,170,model.layers.30.mlp.up_proj.weight
gemma-2-9b-it,math,2.4141783714294434,171,model.layers.30.self_attn.k_proj.weight
gemma-2-9b-it,math,2.786017894744873,172,model.layers.30.self_attn.o_proj.weight
gemma-2-9b-it,math,3.4288785457611084,173,model.layers.30.self_attn.q_proj.weight
gemma-2-9b-it,math,1.9530816078186035,174,model.layers.30.self_attn.v_proj.weight
gemma-2-9b-it,math,5.369184494018555,175,model.layers.31.mlp.down_proj.weight
gemma-2-9b-it,math,6.04061222076416,176,model.layers.31.mlp.gate_proj.weight
gemma-2-9b-it,math,5.3424811363220215,177,model.layers.31.mlp.up_proj.weight
gemma-2-9b-it,math,2.327106237411499,178,model.layers.31.self_attn.k_proj.weight
gemma-2-9b-it,math,2.683422565460205,179,model.layers.31.self_attn.o_proj.weight
gemma-2-9b-it,math,3.283338785171509,180,model.layers.31.self_attn.q_proj.weight
gemma-2-9b-it,math,1.917404055595398,181,model.layers.31.self_attn.v_proj.weight
gemma-2-9b-it,math,5.5012335777282715,182,model.layers.32.mlp.down_proj.weight
gemma-2-9b-it,math,6.081205368041992,183,model.layers.32.mlp.gate_proj.weight
gemma-2-9b-it,math,5.454466342926025,184,model.layers.32.mlp.up_proj.weight
gemma-2-9b-it,math,2.3935649394989014,185,model.layers.32.self_attn.k_proj.weight
gemma-2-9b-it,math,2.9166758060455322,186,model.layers.32.self_attn.o_proj.weight
gemma-2-9b-it,math,3.4365437030792236,187,model.layers.32.self_attn.q_proj.weight
gemma-2-9b-it,math,2.0079991817474365,188,model.layers.32.self_attn.v_proj.weight
gemma-2-9b-it,math,5.654862403869629,189,model.layers.33.mlp.down_proj.weight
gemma-2-9b-it,math,6.1915764808654785,190,model.layers.33.mlp.gate_proj.weight
gemma-2-9b-it,math,5.617903709411621,191,model.layers.33.mlp.up_proj.weight
gemma-2-9b-it,math,2.3252148628234863,192,model.layers.33.self_attn.k_proj.weight
gemma-2-9b-it,math,2.785167694091797,193,model.layers.33.self_attn.o_proj.weight
gemma-2-9b-it,math,3.3294074535369873,194,model.layers.33.self_attn.q_proj.weight
gemma-2-9b-it,math,1.9748706817626953,195,model.layers.33.self_attn.v_proj.weight
gemma-2-9b-it,math,5.771453380584717,196,model.layers.34.mlp.down_proj.weight
gemma-2-9b-it,math,6.200294494628906,197,model.layers.34.mlp.gate_proj.weight
gemma-2-9b-it,math,5.7385382652282715,198,model.layers.34.mlp.up_proj.weight
gemma-2-9b-it,math,2.328056812286377,199,model.layers.34.self_attn.k_proj.weight
gemma-2-9b-it,math,2.72273850440979,200,model.layers.34.self_attn.o_proj.weight
gemma-2-9b-it,math,3.3301432132720947,201,model.layers.34.self_attn.q_proj.weight
gemma-2-9b-it,math,1.9376641511917114,202,model.layers.34.self_attn.v_proj.weight
gemma-2-9b-it,math,5.862483024597168,203,model.layers.35.mlp.down_proj.weight
gemma-2-9b-it,math,6.258885383605957,204,model.layers.35.mlp.gate_proj.weight
gemma-2-9b-it,math,5.853403568267822,205,model.layers.35.mlp.up_proj.weight
gemma-2-9b-it,math,2.3039259910583496,206,model.layers.35.self_attn.k_proj.weight
gemma-2-9b-it,math,2.8800337314605713,207,model.layers.35.self_attn.o_proj.weight
gemma-2-9b-it,math,3.2703683376312256,208,model.layers.35.self_attn.q_proj.weight
gemma-2-9b-it,math,1.9806809425354004,209,model.layers.35.self_attn.v_proj.weight
gemma-2-9b-it,math,5.85011625289917,210,model.layers.36.mlp.down_proj.weight
gemma-2-9b-it,math,6.324790954589844,211,model.layers.36.mlp.gate_proj.weight
gemma-2-9b-it,math,5.87587308883667,212,model.layers.36.mlp.up_proj.weight
gemma-2-9b-it,math,2.292264461517334,213,model.layers.36.self_attn.k_proj.weight
gemma-2-9b-it,math,2.70143461227417,214,model.layers.36.self_attn.o_proj.weight
gemma-2-9b-it,math,3.2957680225372314,215,model.layers.36.self_attn.q_proj.weight
gemma-2-9b-it,math,1.9102171659469604,216,model.layers.36.self_attn.v_proj.weight
gemma-2-9b-it,math,5.74161434173584,217,model.layers.37.mlp.down_proj.weight
gemma-2-9b-it,math,6.336806297302246,218,model.layers.37.mlp.gate_proj.weight
gemma-2-9b-it,math,5.817685604095459,219,model.layers.37.mlp.up_proj.weight
gemma-2-9b-it,math,2.3285162448883057,220,model.layers.37.self_attn.k_proj.weight
gemma-2-9b-it,math,2.5938472747802734,221,model.layers.37.self_attn.o_proj.weight
gemma-2-9b-it,math,3.3875954151153564,222,model.layers.37.self_attn.q_proj.weight
gemma-2-9b-it,math,1.8070393800735474,223,model.layers.37.self_attn.v_proj.weight
gemma-2-9b-it,math,5.6874470710754395,224,model.layers.38.mlp.down_proj.weight
gemma-2-9b-it,math,6.259079933166504,225,model.layers.38.mlp.gate_proj.weight
gemma-2-9b-it,math,5.772843360900879,226,model.layers.38.mlp.up_proj.weight
gemma-2-9b-it,math,2.1726059913635254,227,model.layers.38.self_attn.k_proj.weight
gemma-2-9b-it,math,2.4443373680114746,228,model.layers.38.self_attn.o_proj.weight
gemma-2-9b-it,math,3.1254749298095703,229,model.layers.38.self_attn.q_proj.weight
gemma-2-9b-it,math,1.8334510326385498,230,model.layers.38.self_attn.v_proj.weight
gemma-2-9b-it,math,5.508426666259766,231,model.layers.39.mlp.down_proj.weight
gemma-2-9b-it,math,6.098564147949219,232,model.layers.39.mlp.gate_proj.weight
gemma-2-9b-it,math,5.615860939025879,233,model.layers.39.mlp.up_proj.weight
gemma-2-9b-it,math,2.1329805850982666,234,model.layers.39.self_attn.k_proj.weight
gemma-2-9b-it,math,2.5102367401123047,235,model.layers.39.self_attn.o_proj.weight
gemma-2-9b-it,math,3.093538284301758,236,model.layers.39.self_attn.q_proj.weight
gemma-2-9b-it,math,1.791196346282959,237,model.layers.39.self_attn.v_proj.weight
gemma-2-9b-it,math,4.663414001464844,238,model.layers.4.mlp.down_proj.weight
gemma-2-9b-it,math,5.308666706085205,239,model.layers.4.mlp.gate_proj.weight
gemma-2-9b-it,math,4.687509536743164,240,model.layers.4.mlp.up_proj.weight
gemma-2-9b-it,math,1.9997692108154297,241,model.layers.4.self_attn.k_proj.weight
gemma-2-9b-it,math,2.4084200859069824,242,model.layers.4.self_attn.o_proj.weight
gemma-2-9b-it,math,2.9050683975219727,243,model.layers.4.self_attn.q_proj.weight
gemma-2-9b-it,math,1.7173701524734497,244,model.layers.4.self_attn.v_proj.weight
gemma-2-9b-it,math,5.111613750457764,245,model.layers.40.mlp.down_proj.weight
gemma-2-9b-it,math,5.862104892730713,246,model.layers.40.mlp.gate_proj.weight
gemma-2-9b-it,math,5.32968282699585,247,model.layers.40.mlp.up_proj.weight
gemma-2-9b-it,math,1.9851269721984863,248,model.layers.40.self_attn.k_proj.weight
gemma-2-9b-it,math,2.4762227535247803,249,model.layers.40.self_attn.o_proj.weight
gemma-2-9b-it,math,2.9025955200195312,250,model.layers.40.self_attn.q_proj.weight
gemma-2-9b-it,math,1.7559484243392944,251,model.layers.40.self_attn.v_proj.weight
gemma-2-9b-it,math,4.3953351974487305,252,model.layers.41.mlp.down_proj.weight
gemma-2-9b-it,math,5.210455417633057,253,model.layers.41.mlp.gate_proj.weight
gemma-2-9b-it,math,4.833110809326172,254,model.layers.41.mlp.up_proj.weight
gemma-2-9b-it,math,1.7987011671066284,255,model.layers.41.self_attn.k_proj.weight
gemma-2-9b-it,math,2.160459518432617,256,model.layers.41.self_attn.o_proj.weight
gemma-2-9b-it,math,2.6927552223205566,257,model.layers.41.self_attn.q_proj.weight
gemma-2-9b-it,math,1.5209778547286987,258,model.layers.41.self_attn.v_proj.weight
gemma-2-9b-it,math,4.736743450164795,259,model.layers.5.mlp.down_proj.weight
gemma-2-9b-it,math,5.1833624839782715,260,model.layers.5.mlp.gate_proj.weight
gemma-2-9b-it,math,4.6894378662109375,261,model.layers.5.mlp.up_proj.weight
gemma-2-9b-it,math,1.9792137145996094,262,model.layers.5.self_attn.k_proj.weight
gemma-2-9b-it,math,2.4240212440490723,263,model.layers.5.self_attn.o_proj.weight
gemma-2-9b-it,math,2.886948347091675,264,model.layers.5.self_attn.q_proj.weight
gemma-2-9b-it,math,1.7286887168884277,265,model.layers.5.self_attn.v_proj.weight
gemma-2-9b-it,math,4.61016321182251,266,model.layers.6.mlp.down_proj.weight
gemma-2-9b-it,math,5.113287448883057,267,model.layers.6.mlp.gate_proj.weight
gemma-2-9b-it,math,4.5547709465026855,268,model.layers.6.mlp.up_proj.weight
gemma-2-9b-it,math,1.958242416381836,269,model.layers.6.self_attn.k_proj.weight
gemma-2-9b-it,math,2.4426982402801514,270,model.layers.6.self_attn.o_proj.weight
gemma-2-9b-it,math,2.913701295852661,271,model.layers.6.self_attn.q_proj.weight
gemma-2-9b-it,math,1.7573626041412354,272,model.layers.6.self_attn.v_proj.weight
gemma-2-9b-it,math,4.625409126281738,273,model.layers.7.mlp.down_proj.weight
gemma-2-9b-it,math,5.098699569702148,274,model.layers.7.mlp.gate_proj.weight
gemma-2-9b-it,math,4.515139102935791,275,model.layers.7.mlp.up_proj.weight
gemma-2-9b-it,math,2.084965705871582,276,model.layers.7.self_attn.k_proj.weight
gemma-2-9b-it,math,2.563276767730713,277,model.layers.7.self_attn.o_proj.weight
gemma-2-9b-it,math,3.03631591796875,278,model.layers.7.self_attn.q_proj.weight
gemma-2-9b-it,math,1.7884294986724854,279,model.layers.7.self_attn.v_proj.weight
gemma-2-9b-it,math,4.586920738220215,280,model.layers.8.mlp.down_proj.weight
gemma-2-9b-it,math,5.103914260864258,281,model.layers.8.mlp.gate_proj.weight
gemma-2-9b-it,math,4.468739986419678,282,model.layers.8.mlp.up_proj.weight
gemma-2-9b-it,math,1.8791838884353638,283,model.layers.8.self_attn.k_proj.weight
gemma-2-9b-it,math,2.3182430267333984,284,model.layers.8.self_attn.o_proj.weight
gemma-2-9b-it,math,2.7815608978271484,285,model.layers.8.self_attn.q_proj.weight
gemma-2-9b-it,math,1.653829574584961,286,model.layers.8.self_attn.v_proj.weight
gemma-2-9b-it,math,4.473917007446289,287,model.layers.9.mlp.down_proj.weight
gemma-2-9b-it,math,5.0614094734191895,288,model.layers.9.mlp.gate_proj.weight
gemma-2-9b-it,math,4.4255499839782715,289,model.layers.9.mlp.up_proj.weight
gemma-2-9b-it,math,1.9787245988845825,290,model.layers.9.self_attn.k_proj.weight
gemma-2-9b-it,math,2.3785722255706787,291,model.layers.9.self_attn.o_proj.weight
gemma-2-9b-it,math,2.9157254695892334,292,model.layers.9.self_attn.q_proj.weight
gemma-2-9b-it,math,1.6845587491989136,293,model.layers.9.self_attn.v_proj.weight
gemma-2-9b-it,coding,3.2807490825653076,0,model.layers.0.mlp.down_proj.weight
gemma-2-9b-it,coding,3.392103910446167,1,model.layers.0.mlp.gate_proj.weight
gemma-2-9b-it,coding,3.315122127532959,2,model.layers.0.mlp.up_proj.weight
gemma-2-9b-it,coding,1.2142117023468018,3,model.layers.0.self_attn.k_proj.weight
gemma-2-9b-it,coding,1.5259597301483154,4,model.layers.0.self_attn.o_proj.weight
gemma-2-9b-it,coding,1.7733293771743774,5,model.layers.0.self_attn.q_proj.weight
gemma-2-9b-it,coding,1.0197139978408813,6,model.layers.0.self_attn.v_proj.weight
gemma-2-9b-it,coding,3.424887180328369,7,model.layers.1.mlp.down_proj.weight
gemma-2-9b-it,coding,3.457082748413086,8,model.layers.1.mlp.gate_proj.weight
gemma-2-9b-it,coding,3.422910690307617,9,model.layers.1.mlp.up_proj.weight
gemma-2-9b-it,coding,1.3340461254119873,10,model.layers.1.self_attn.k_proj.weight
gemma-2-9b-it,coding,1.7472524642944336,11,model.layers.1.self_attn.o_proj.weight
gemma-2-9b-it,coding,1.9087097644805908,12,model.layers.1.self_attn.q_proj.weight
gemma-2-9b-it,coding,1.2366095781326294,13,model.layers.1.self_attn.v_proj.weight
gemma-2-9b-it,coding,3.2466700077056885,14,model.layers.10.mlp.down_proj.weight
gemma-2-9b-it,coding,3.4255940914154053,15,model.layers.10.mlp.gate_proj.weight
gemma-2-9b-it,coding,3.290022611618042,16,model.layers.10.mlp.up_proj.weight
gemma-2-9b-it,coding,1.2889864444732666,17,model.layers.10.self_attn.k_proj.weight
gemma-2-9b-it,coding,1.631500244140625,18,model.layers.10.self_attn.o_proj.weight
gemma-2-9b-it,coding,1.843200922012329,19,model.layers.10.self_attn.q_proj.weight
gemma-2-9b-it,coding,1.1785049438476562,20,model.layers.10.self_attn.v_proj.weight
gemma-2-9b-it,coding,3.220662832260132,21,model.layers.11.mlp.down_proj.weight
gemma-2-9b-it,coding,3.4093613624572754,22,model.layers.11.mlp.gate_proj.weight
gemma-2-9b-it,coding,3.2777886390686035,23,model.layers.11.mlp.up_proj.weight
gemma-2-9b-it,coding,1.3177293539047241,24,model.layers.11.self_attn.k_proj.weight
gemma-2-9b-it,coding,1.6350553035736084,25,model.layers.11.self_attn.o_proj.weight
gemma-2-9b-it,coding,1.878389835357666,26,model.layers.11.self_attn.q_proj.weight
gemma-2-9b-it,coding,1.1871339082717896,27,model.layers.11.self_attn.v_proj.weight
gemma-2-9b-it,coding,3.2340176105499268,28,model.layers.12.mlp.down_proj.weight
gemma-2-9b-it,coding,3.4152681827545166,29,model.layers.12.mlp.gate_proj.weight
gemma-2-9b-it,coding,3.288276433944702,30,model.layers.12.mlp.up_proj.weight
gemma-2-9b-it,coding,1.3308813571929932,31,model.layers.12.self_attn.k_proj.weight
gemma-2-9b-it,coding,1.6393167972564697,32,model.layers.12.self_attn.o_proj.weight
gemma-2-9b-it,coding,1.89101243019104,33,model.layers.12.self_attn.q_proj.weight
gemma-2-9b-it,coding,1.200150489807129,34,model.layers.12.self_attn.v_proj.weight
gemma-2-9b-it,coding,3.2314271926879883,35,model.layers.13.mlp.down_proj.weight
gemma-2-9b-it,coding,3.421858310699463,36,model.layers.13.mlp.gate_proj.weight
gemma-2-9b-it,coding,3.2840685844421387,37,model.layers.13.mlp.up_proj.weight
gemma-2-9b-it,coding,1.3558950424194336,38,model.layers.13.self_attn.k_proj.weight
gemma-2-9b-it,coding,1.6483681201934814,39,model.layers.13.self_attn.o_proj.weight
gemma-2-9b-it,coding,1.9355348348617554,40,model.layers.13.self_attn.q_proj.weight
gemma-2-9b-it,coding,1.1872735023498535,41,model.layers.13.self_attn.v_proj.weight
gemma-2-9b-it,coding,3.206397533416748,42,model.layers.14.mlp.down_proj.weight
gemma-2-9b-it,coding,3.4101226329803467,43,model.layers.14.mlp.gate_proj.weight
gemma-2-9b-it,coding,3.2673192024230957,44,model.layers.14.mlp.up_proj.weight
gemma-2-9b-it,coding,1.321218729019165,45,model.layers.14.self_attn.k_proj.weight
gemma-2-9b-it,coding,1.6003645658493042,46,model.layers.14.self_attn.o_proj.weight
gemma-2-9b-it,coding,1.8888914585113525,47,model.layers.14.self_attn.q_proj.weight
gemma-2-9b-it,coding,1.1686441898345947,48,model.layers.14.self_attn.v_proj.weight
gemma-2-9b-it,coding,3.224719524383545,49,model.layers.15.mlp.down_proj.weight
gemma-2-9b-it,coding,3.4086380004882812,50,model.layers.15.mlp.gate_proj.weight
gemma-2-9b-it,coding,3.2782881259918213,51,model.layers.15.mlp.up_proj.weight
gemma-2-9b-it,coding,1.298984169960022,52,model.layers.15.self_attn.k_proj.weight
gemma-2-9b-it,coding,1.5698461532592773,53,model.layers.15.self_attn.o_proj.weight
gemma-2-9b-it,coding,1.9011653661727905,54,model.layers.15.self_attn.q_proj.weight
gemma-2-9b-it,coding,1.1467595100402832,55,model.layers.15.self_attn.v_proj.weight
gemma-2-9b-it,coding,3.312532901763916,56,model.layers.16.mlp.down_proj.weight
gemma-2-9b-it,coding,3.4189465045928955,57,model.layers.16.mlp.gate_proj.weight
gemma-2-9b-it,coding,3.2699050903320312,58,model.layers.16.mlp.up_proj.weight
gemma-2-9b-it,coding,1.30618155002594,59,model.layers.16.self_attn.k_proj.weight
gemma-2-9b-it,coding,1.5666104555130005,60,model.layers.16.self_attn.o_proj.weight
gemma-2-9b-it,coding,1.872172474861145,61,model.layers.16.self_attn.q_proj.weight
gemma-2-9b-it,coding,1.1209197044372559,62,model.layers.16.self_attn.v_proj.weight
gemma-2-9b-it,coding,3.220181941986084,63,model.layers.17.mlp.down_proj.weight
gemma-2-9b-it,coding,3.4794325828552246,64,model.layers.17.mlp.gate_proj.weight
gemma-2-9b-it,coding,3.304654598236084,65,model.layers.17.mlp.up_proj.weight
gemma-2-9b-it,coding,1.2840486764907837,66,model.layers.17.self_attn.k_proj.weight
gemma-2-9b-it,coding,1.5975552797317505,67,model.layers.17.self_attn.o_proj.weight
gemma-2-9b-it,coding,1.899829626083374,68,model.layers.17.self_attn.q_proj.weight
gemma-2-9b-it,coding,1.1160269975662231,69,model.layers.17.self_attn.v_proj.weight
gemma-2-9b-it,coding,3.2377352714538574,70,model.layers.18.mlp.down_proj.weight
gemma-2-9b-it,coding,3.5518946647644043,71,model.layers.18.mlp.gate_proj.weight
gemma-2-9b-it,coding,3.325252056121826,72,model.layers.18.mlp.up_proj.weight
gemma-2-9b-it,coding,1.2972558736801147,73,model.layers.18.self_attn.k_proj.weight
gemma-2-9b-it,coding,1.5974383354187012,74,model.layers.18.self_attn.o_proj.weight
gemma-2-9b-it,coding,1.9107964038848877,75,model.layers.18.self_attn.q_proj.weight
gemma-2-9b-it,coding,1.1251792907714844,76,model.layers.18.self_attn.v_proj.weight
gemma-2-9b-it,coding,3.2571728229522705,77,model.layers.19.mlp.down_proj.weight
gemma-2-9b-it,coding,3.525482416152954,78,model.layers.19.mlp.gate_proj.weight
gemma-2-9b-it,coding,3.3339033126831055,79,model.layers.19.mlp.up_proj.weight
gemma-2-9b-it,coding,1.3644516468048096,80,model.layers.19.self_attn.k_proj.weight
gemma-2-9b-it,coding,1.5898749828338623,81,model.layers.19.self_attn.o_proj.weight
gemma-2-9b-it,coding,1.9471174478530884,82,model.layers.19.self_attn.q_proj.weight
gemma-2-9b-it,coding,1.1453155279159546,83,model.layers.19.self_attn.v_proj.weight
gemma-2-9b-it,coding,3.505445957183838,84,model.layers.2.mlp.down_proj.weight
gemma-2-9b-it,coding,3.5392916202545166,85,model.layers.2.mlp.gate_proj.weight
gemma-2-9b-it,coding,3.4632716178894043,86,model.layers.2.mlp.up_proj.weight
gemma-2-9b-it,coding,1.3280854225158691,87,model.layers.2.self_attn.k_proj.weight
gemma-2-9b-it,coding,1.773758053779602,88,model.layers.2.self_attn.o_proj.weight
gemma-2-9b-it,coding,1.9087218046188354,89,model.layers.2.self_attn.q_proj.weight
gemma-2-9b-it,coding,1.2570362091064453,90,model.layers.2.self_attn.v_proj.weight
gemma-2-9b-it,coding,3.3126094341278076,91,model.layers.20.mlp.down_proj.weight
gemma-2-9b-it,coding,3.527064085006714,92,model.layers.20.mlp.gate_proj.weight
gemma-2-9b-it,coding,3.3464276790618896,93,model.layers.20.mlp.up_proj.weight
gemma-2-9b-it,coding,1.3481471538543701,94,model.layers.20.self_attn.k_proj.weight
gemma-2-9b-it,coding,1.5555909872055054,95,model.layers.20.self_attn.o_proj.weight
gemma-2-9b-it,coding,1.9431099891662598,96,model.layers.20.self_attn.q_proj.weight
gemma-2-9b-it,coding,1.1046968698501587,97,model.layers.20.self_attn.v_proj.weight
gemma-2-9b-it,coding,3.274775266647339,98,model.layers.21.mlp.down_proj.weight
gemma-2-9b-it,coding,3.5874972343444824,99,model.layers.21.mlp.gate_proj.weight
gemma-2-9b-it,coding,3.341787815093994,100,model.layers.21.mlp.up_proj.weight
gemma-2-9b-it,coding,1.3760098218917847,101,model.layers.21.self_attn.k_proj.weight
gemma-2-9b-it,coding,1.5736989974975586,102,model.layers.21.self_attn.o_proj.weight
gemma-2-9b-it,coding,1.968072772026062,103,model.layers.21.self_attn.q_proj.weight
gemma-2-9b-it,coding,1.1297860145568848,104,model.layers.21.self_attn.v_proj.weight
gemma-2-9b-it,coding,3.2736563682556152,105,model.layers.22.mlp.down_proj.weight
gemma-2-9b-it,coding,3.560244083404541,106,model.layers.22.mlp.gate_proj.weight
gemma-2-9b-it,coding,3.333205461502075,107,model.layers.22.mlp.up_proj.weight
gemma-2-9b-it,coding,1.3758437633514404,108,model.layers.22.self_attn.k_proj.weight
gemma-2-9b-it,coding,1.5036736726760864,109,model.layers.22.self_attn.o_proj.weight
gemma-2-9b-it,coding,1.9428902864456177,110,model.layers.22.self_attn.q_proj.weight
gemma-2-9b-it,coding,1.148053526878357,111,model.layers.22.self_attn.v_proj.weight
gemma-2-9b-it,coding,3.2564501762390137,112,model.layers.23.mlp.down_proj.weight
gemma-2-9b-it,coding,3.5704421997070312,113,model.layers.23.mlp.gate_proj.weight
gemma-2-9b-it,coding,3.321179151535034,114,model.layers.23.mlp.up_proj.weight
gemma-2-9b-it,coding,1.3958537578582764,115,model.layers.23.self_attn.k_proj.weight
gemma-2-9b-it,coding,1.5944420099258423,116,model.layers.23.self_attn.o_proj.weight
gemma-2-9b-it,coding,1.9852629899978638,117,model.layers.23.self_attn.q_proj.weight
gemma-2-9b-it,coding,1.1209717988967896,118,model.layers.23.self_attn.v_proj.weight
gemma-2-9b-it,coding,3.2719268798828125,119,model.layers.24.mlp.down_proj.weight
gemma-2-9b-it,coding,3.5603480339050293,120,model.layers.24.mlp.gate_proj.weight
gemma-2-9b-it,coding,3.318044662475586,121,model.layers.24.mlp.up_proj.weight
gemma-2-9b-it,coding,1.380217432975769,122,model.layers.24.self_attn.k_proj.weight
gemma-2-9b-it,coding,1.5304498672485352,123,model.layers.24.self_attn.o_proj.weight
gemma-2-9b-it,coding,1.9643781185150146,124,model.layers.24.self_attn.q_proj.weight
gemma-2-9b-it,coding,1.10056734085083,125,model.layers.24.self_attn.v_proj.weight
gemma-2-9b-it,coding,3.2530179023742676,126,model.layers.25.mlp.down_proj.weight
gemma-2-9b-it,coding,3.5653183460235596,127,model.layers.25.mlp.gate_proj.weight
gemma-2-9b-it,coding,3.324965476989746,128,model.layers.25.mlp.up_proj.weight
gemma-2-9b-it,coding,1.4164737462997437,129,model.layers.25.self_attn.k_proj.weight
gemma-2-9b-it,coding,1.624955654144287,130,model.layers.25.self_attn.o_proj.weight
gemma-2-9b-it,coding,2.001751184463501,131,model.layers.25.self_attn.q_proj.weight
gemma-2-9b-it,coding,1.1623018980026245,132,model.layers.25.self_attn.v_proj.weight
gemma-2-9b-it,coding,3.2387242317199707,133,model.layers.26.mlp.down_proj.weight
gemma-2-9b-it,coding,3.577427864074707,134,model.layers.26.mlp.gate_proj.weight
gemma-2-9b-it,coding,3.322472095489502,135,model.layers.26.mlp.up_proj.weight
gemma-2-9b-it,coding,1.3908581733703613,136,model.layers.26.self_attn.k_proj.weight
gemma-2-9b-it,coding,1.5893542766571045,137,model.layers.26.self_attn.o_proj.weight
gemma-2-9b-it,coding,1.9656049013137817,138,model.layers.26.self_attn.q_proj.weight
gemma-2-9b-it,coding,1.1336544752120972,139,model.layers.26.self_attn.v_proj.weight
gemma-2-9b-it,coding,3.2387044429779053,140,model.layers.27.mlp.down_proj.weight
gemma-2-9b-it,coding,3.6111202239990234,141,model.layers.27.mlp.gate_proj.weight
gemma-2-9b-it,coding,3.313098192214966,142,model.layers.27.mlp.up_proj.weight
gemma-2-9b-it,coding,1.3289978504180908,143,model.layers.27.self_attn.k_proj.weight
gemma-2-9b-it,coding,1.5759344100952148,144,model.layers.27.self_attn.o_proj.weight
gemma-2-9b-it,coding,1.8656851053237915,145,model.layers.27.self_attn.q_proj.weight
gemma-2-9b-it,coding,1.1677993535995483,146,model.layers.27.self_attn.v_proj.weight
gemma-2-9b-it,coding,3.2505524158477783,147,model.layers.28.mlp.down_proj.weight
gemma-2-9b-it,coding,3.6144750118255615,148,model.layers.28.mlp.gate_proj.weight
gemma-2-9b-it,coding,3.313462257385254,149,model.layers.28.mlp.up_proj.weight
gemma-2-9b-it,coding,1.4141452312469482,150,model.layers.28.self_attn.k_proj.weight
gemma-2-9b-it,coding,1.6550984382629395,151,model.layers.28.self_attn.o_proj.weight
gemma-2-9b-it,coding,2.0135841369628906,152,model.layers.28.self_attn.q_proj.weight
gemma-2-9b-it,coding,1.1807771921157837,153,model.layers.28.self_attn.v_proj.weight
gemma-2-9b-it,coding,3.257063627243042,154,model.layers.29.mlp.down_proj.weight
gemma-2-9b-it,coding,3.627516508102417,155,model.layers.29.mlp.gate_proj.weight
gemma-2-9b-it,coding,3.3212618827819824,156,model.layers.29.mlp.up_proj.weight
gemma-2-9b-it,coding,1.38697350025177,157,model.layers.29.self_attn.k_proj.weight
gemma-2-9b-it,coding,1.6913701295852661,158,model.layers.29.self_attn.o_proj.weight
gemma-2-9b-it,coding,1.991420865058899,159,model.layers.29.self_attn.q_proj.weight
gemma-2-9b-it,coding,1.1737457513809204,160,model.layers.29.self_attn.v_proj.weight
gemma-2-9b-it,coding,3.5008726119995117,161,model.layers.3.mlp.down_proj.weight
gemma-2-9b-it,coding,3.5849692821502686,162,model.layers.3.mlp.gate_proj.weight
gemma-2-9b-it,coding,3.471147298812866,163,model.layers.3.mlp.up_proj.weight
gemma-2-9b-it,coding,1.3251051902770996,164,model.layers.3.self_attn.k_proj.weight
gemma-2-9b-it,coding,1.716303825378418,165,model.layers.3.self_attn.o_proj.weight
gemma-2-9b-it,coding,1.8992043733596802,166,model.layers.3.self_attn.q_proj.weight
gemma-2-9b-it,coding,1.2235287427902222,167,model.layers.3.self_attn.v_proj.weight
gemma-2-9b-it,coding,3.310208797454834,168,model.layers.30.mlp.down_proj.weight
gemma-2-9b-it,coding,3.627016305923462,169,model.layers.30.mlp.gate_proj.weight
gemma-2-9b-it,coding,3.3580355644226074,170,model.layers.30.mlp.up_proj.weight
gemma-2-9b-it,coding,1.4131486415863037,171,model.layers.30.self_attn.k_proj.weight
gemma-2-9b-it,coding,1.7320927381515503,172,model.layers.30.self_attn.o_proj.weight
gemma-2-9b-it,coding,1.998658537864685,173,model.layers.30.self_attn.q_proj.weight
gemma-2-9b-it,coding,1.1909904479980469,174,model.layers.30.self_attn.v_proj.weight
gemma-2-9b-it,coding,3.3624556064605713,175,model.layers.31.mlp.down_proj.weight
gemma-2-9b-it,coding,3.6265618801116943,176,model.layers.31.mlp.gate_proj.weight
gemma-2-9b-it,coding,3.3971989154815674,177,model.layers.31.mlp.up_proj.weight
gemma-2-9b-it,coding,1.3702917098999023,178,model.layers.31.self_attn.k_proj.weight
gemma-2-9b-it,coding,1.7178531885147095,179,model.layers.31.self_attn.o_proj.weight
gemma-2-9b-it,coding,1.9354926347732544,180,model.layers.31.self_attn.q_proj.weight
gemma-2-9b-it,coding,1.2066314220428467,181,model.layers.31.self_attn.v_proj.weight
gemma-2-9b-it,coding,3.4064109325408936,182,model.layers.32.mlp.down_proj.weight
gemma-2-9b-it,coding,3.633660316467285,183,model.layers.32.mlp.gate_proj.weight
gemma-2-9b-it,coding,3.4356071949005127,184,model.layers.32.mlp.up_proj.weight
gemma-2-9b-it,coding,1.380204200744629,185,model.layers.32.self_attn.k_proj.weight
gemma-2-9b-it,coding,1.7799603939056396,186,model.layers.32.self_attn.o_proj.weight
gemma-2-9b-it,coding,1.983153223991394,187,model.layers.32.self_attn.q_proj.weight
gemma-2-9b-it,coding,1.2415838241577148,188,model.layers.32.self_attn.v_proj.weight
gemma-2-9b-it,coding,3.438020706176758,189,model.layers.33.mlp.down_proj.weight
gemma-2-9b-it,coding,3.646853446960449,190,model.layers.33.mlp.gate_proj.weight
gemma-2-9b-it,coding,3.468249797821045,191,model.layers.33.mlp.up_proj.weight
gemma-2-9b-it,coding,1.3810726404190063,192,model.layers.33.self_attn.k_proj.weight
gemma-2-9b-it,coding,1.7290984392166138,193,model.layers.33.self_attn.o_proj.weight
gemma-2-9b-it,coding,1.9577261209487915,194,model.layers.33.self_attn.q_proj.weight
gemma-2-9b-it,coding,1.2212995290756226,195,model.layers.33.self_attn.v_proj.weight
gemma-2-9b-it,coding,3.4640164375305176,196,model.layers.34.mlp.down_proj.weight
gemma-2-9b-it,coding,3.641660451889038,197,model.layers.34.mlp.gate_proj.weight
gemma-2-9b-it,coding,3.503152370452881,198,model.layers.34.mlp.up_proj.weight
gemma-2-9b-it,coding,1.3791096210479736,199,model.layers.34.self_attn.k_proj.weight
gemma-2-9b-it,coding,1.7132648229599,200,model.layers.34.self_attn.o_proj.weight
gemma-2-9b-it,coding,1.9619286060333252,201,model.layers.34.self_attn.q_proj.weight
gemma-2-9b-it,coding,1.2158219814300537,202,model.layers.34.self_attn.v_proj.weight
gemma-2-9b-it,coding,3.468517303466797,203,model.layers.35.mlp.down_proj.weight
gemma-2-9b-it,coding,3.63169002532959,204,model.layers.35.mlp.gate_proj.weight
gemma-2-9b-it,coding,3.5064053535461426,205,model.layers.35.mlp.up_proj.weight
gemma-2-9b-it,coding,1.3793351650238037,206,model.layers.35.self_attn.k_proj.weight
gemma-2-9b-it,coding,1.7598391771316528,207,model.layers.35.self_attn.o_proj.weight
gemma-2-9b-it,coding,1.9481828212738037,208,model.layers.35.self_attn.q_proj.weight
gemma-2-9b-it,coding,1.2299968004226685,209,model.layers.35.self_attn.v_proj.weight
gemma-2-9b-it,coding,3.4334895610809326,210,model.layers.36.mlp.down_proj.weight
gemma-2-9b-it,coding,3.630228042602539,211,model.layers.36.mlp.gate_proj.weight
gemma-2-9b-it,coding,3.481442928314209,212,model.layers.36.mlp.up_proj.weight
gemma-2-9b-it,coding,1.3832035064697266,213,model.layers.36.self_attn.k_proj.weight
gemma-2-9b-it,coding,1.6954660415649414,214,model.layers.36.self_attn.o_proj.weight
gemma-2-9b-it,coding,1.9592819213867188,215,model.layers.36.self_attn.q_proj.weight
gemma-2-9b-it,coding,1.216782569885254,216,model.layers.36.self_attn.v_proj.weight
gemma-2-9b-it,coding,3.361029624938965,217,model.layers.37.mlp.down_proj.weight
gemma-2-9b-it,coding,3.611067533493042,218,model.layers.37.mlp.gate_proj.weight
gemma-2-9b-it,coding,3.43428897857666,219,model.layers.37.mlp.up_proj.weight
gemma-2-9b-it,coding,1.3443145751953125,220,model.layers.37.self_attn.k_proj.weight
gemma-2-9b-it,coding,1.6050153970718384,221,model.layers.37.self_attn.o_proj.weight
gemma-2-9b-it,coding,1.9342372417449951,222,model.layers.37.self_attn.q_proj.weight
gemma-2-9b-it,coding,1.129590630531311,223,model.layers.37.self_attn.v_proj.weight
gemma-2-9b-it,coding,3.314234972000122,224,model.layers.38.mlp.down_proj.weight
gemma-2-9b-it,coding,3.5900020599365234,225,model.layers.38.mlp.gate_proj.weight
gemma-2-9b-it,coding,3.3913016319274902,226,model.layers.38.mlp.up_proj.weight
gemma-2-9b-it,coding,1.3153338432312012,227,model.layers.38.self_attn.k_proj.weight
gemma-2-9b-it,coding,1.6174838542938232,228,model.layers.38.self_attn.o_proj.weight
gemma-2-9b-it,coding,1.888349175453186,229,model.layers.38.self_attn.q_proj.weight
gemma-2-9b-it,coding,1.157243251800537,230,model.layers.38.self_attn.v_proj.weight
gemma-2-9b-it,coding,3.1933727264404297,231,model.layers.39.mlp.down_proj.weight
gemma-2-9b-it,coding,3.5373849868774414,232,model.layers.39.mlp.gate_proj.weight
gemma-2-9b-it,coding,3.3033862113952637,233,model.layers.39.mlp.up_proj.weight
gemma-2-9b-it,coding,1.3595958948135376,234,model.layers.39.self_attn.k_proj.weight
gemma-2-9b-it,coding,1.5720280408859253,235,model.layers.39.self_attn.o_proj.weight
gemma-2-9b-it,coding,1.928072214126587,236,model.layers.39.self_attn.q_proj.weight
gemma-2-9b-it,coding,1.1360280513763428,237,model.layers.39.self_attn.v_proj.weight
gemma-2-9b-it,coding,3.2576680183410645,238,model.layers.4.mlp.down_proj.weight
gemma-2-9b-it,coding,3.444535732269287,239,model.layers.4.mlp.gate_proj.weight
gemma-2-9b-it,coding,3.275114059448242,240,model.layers.4.mlp.up_proj.weight
gemma-2-9b-it,coding,1.2833688259124756,241,model.layers.4.self_attn.k_proj.weight
gemma-2-9b-it,coding,1.681401014328003,242,model.layers.4.self_attn.o_proj.weight
gemma-2-9b-it,coding,1.8547840118408203,243,model.layers.4.self_attn.q_proj.weight
gemma-2-9b-it,coding,1.200081467628479,244,model.layers.4.self_attn.v_proj.weight
gemma-2-9b-it,coding,3.0231409072875977,245,model.layers.40.mlp.down_proj.weight
gemma-2-9b-it,coding,3.479632616043091,246,model.layers.40.mlp.gate_proj.weight
gemma-2-9b-it,coding,3.1797502040863037,247,model.layers.40.mlp.up_proj.weight
gemma-2-9b-it,coding,1.2858325242996216,248,model.layers.40.self_attn.k_proj.weight
gemma-2-9b-it,coding,1.5422309637069702,249,model.layers.40.self_attn.o_proj.weight
gemma-2-9b-it,coding,1.8316493034362793,250,model.layers.40.self_attn.q_proj.weight
gemma-2-9b-it,coding,1.105403184890747,251,model.layers.40.self_attn.v_proj.weight
gemma-2-9b-it,coding,2.7968332767486572,252,model.layers.41.mlp.down_proj.weight
gemma-2-9b-it,coding,3.2683796882629395,253,model.layers.41.mlp.gate_proj.weight
gemma-2-9b-it,coding,3.0375916957855225,254,model.layers.41.mlp.up_proj.weight
gemma-2-9b-it,coding,1.1617534160614014,255,model.layers.41.self_attn.k_proj.weight
gemma-2-9b-it,coding,1.4304975271224976,256,model.layers.41.self_attn.o_proj.weight
gemma-2-9b-it,coding,1.6952542066574097,257,model.layers.41.self_attn.q_proj.weight
gemma-2-9b-it,coding,1.0345408916473389,258,model.layers.41.self_attn.v_proj.weight
gemma-2-9b-it,coding,3.258375406265259,259,model.layers.5.mlp.down_proj.weight
gemma-2-9b-it,coding,3.4267659187316895,260,model.layers.5.mlp.gate_proj.weight
gemma-2-9b-it,coding,3.2839412689208984,261,model.layers.5.mlp.up_proj.weight
gemma-2-9b-it,coding,1.3164747953414917,262,model.layers.5.self_attn.k_proj.weight
gemma-2-9b-it,coding,1.7255442142486572,263,model.layers.5.self_attn.o_proj.weight
gemma-2-9b-it,coding,1.8839919567108154,264,model.layers.5.self_attn.q_proj.weight
gemma-2-9b-it,coding,1.2267842292785645,265,model.layers.5.self_attn.v_proj.weight
gemma-2-9b-it,coding,3.277395725250244,266,model.layers.6.mlp.down_proj.weight
gemma-2-9b-it,coding,3.463942050933838,267,model.layers.6.mlp.gate_proj.weight
gemma-2-9b-it,coding,3.3029391765594482,268,model.layers.6.mlp.up_proj.weight
gemma-2-9b-it,coding,1.3139761686325073,269,model.layers.6.self_attn.k_proj.weight
gemma-2-9b-it,coding,1.7119289636611938,270,model.layers.6.self_attn.o_proj.weight
gemma-2-9b-it,coding,1.895728349685669,271,model.layers.6.self_attn.q_proj.weight
gemma-2-9b-it,coding,1.2291009426116943,272,model.layers.6.self_attn.v_proj.weight
gemma-2-9b-it,coding,3.2951841354370117,273,model.layers.7.mlp.down_proj.weight
gemma-2-9b-it,coding,3.4632210731506348,274,model.layers.7.mlp.gate_proj.weight
gemma-2-9b-it,coding,3.293356418609619,275,model.layers.7.mlp.up_proj.weight
gemma-2-9b-it,coding,1.3423326015472412,276,model.layers.7.self_attn.k_proj.weight
gemma-2-9b-it,coding,1.736370325088501,277,model.layers.7.self_attn.o_proj.weight
gemma-2-9b-it,coding,1.9161345958709717,278,model.layers.7.self_attn.q_proj.weight
gemma-2-9b-it,coding,1.2456434965133667,279,model.layers.7.self_attn.v_proj.weight
gemma-2-9b-it,coding,3.2825939655303955,280,model.layers.8.mlp.down_proj.weight
gemma-2-9b-it,coding,3.479778528213501,281,model.layers.8.mlp.gate_proj.weight
gemma-2-9b-it,coding,3.295896530151367,282,model.layers.8.mlp.up_proj.weight
gemma-2-9b-it,coding,1.3133058547973633,283,model.layers.8.self_attn.k_proj.weight
gemma-2-9b-it,coding,1.66200590133667,284,model.layers.8.self_attn.o_proj.weight
gemma-2-9b-it,coding,1.871585488319397,285,model.layers.8.self_attn.q_proj.weight
gemma-2-9b-it,coding,1.2045866250991821,286,model.layers.8.self_attn.v_proj.weight
gemma-2-9b-it,coding,3.242192029953003,287,model.layers.9.mlp.down_proj.weight
gemma-2-9b-it,coding,3.458326816558838,288,model.layers.9.mlp.gate_proj.weight
gemma-2-9b-it,coding,3.265807628631592,289,model.layers.9.mlp.up_proj.weight
gemma-2-9b-it,coding,1.3144510984420776,290,model.layers.9.self_attn.k_proj.weight
gemma-2-9b-it,coding,1.6481267213821411,291,model.layers.9.self_attn.o_proj.weight
gemma-2-9b-it,coding,1.878404140472412,292,model.layers.9.self_attn.q_proj.weight
gemma-2-9b-it,coding,1.1986608505249023,293,model.layers.9.self_attn.v_proj.weight
gemma-2-9b-it,multilingual,0.2586624026298523,0,model.layers.0.mlp.down_proj.weight
gemma-2-9b-it,multilingual,0.2586735785007477,1,model.layers.0.mlp.gate_proj.weight
gemma-2-9b-it,multilingual,0.25941652059555054,2,model.layers.0.mlp.up_proj.weight
gemma-2-9b-it,multilingual,0.10215660184621811,3,model.layers.0.self_attn.k_proj.weight
gemma-2-9b-it,multilingual,0.13745561242103577,4,model.layers.0.self_attn.o_proj.weight
gemma-2-9b-it,multilingual,0.1440812200307846,5,model.layers.0.self_attn.q_proj.weight
gemma-2-9b-it,multilingual,0.10001560300588608,6,model.layers.0.self_attn.v_proj.weight
gemma-2-9b-it,multilingual,0.2594732344150543,7,model.layers.1.mlp.down_proj.weight
gemma-2-9b-it,multilingual,0.2574317157268524,8,model.layers.1.mlp.gate_proj.weight
gemma-2-9b-it,multilingual,0.2598215639591217,9,model.layers.1.mlp.up_proj.weight
gemma-2-9b-it,multilingual,0.10044854134321213,10,model.layers.1.self_attn.k_proj.weight
gemma-2-9b-it,multilingual,0.14135265350341797,11,model.layers.1.self_attn.o_proj.weight
gemma-2-9b-it,multilingual,0.14146246016025543,12,model.layers.1.self_attn.q_proj.weight
gemma-2-9b-it,multilingual,0.10081120580434799,13,model.layers.1.self_attn.v_proj.weight
gemma-2-9b-it,multilingual,0.26601770520210266,14,model.layers.10.mlp.down_proj.weight
gemma-2-9b-it,multilingual,0.26536259055137634,15,model.layers.10.mlp.gate_proj.weight
gemma-2-9b-it,multilingual,0.26628628373146057,16,model.layers.10.mlp.up_proj.weight
gemma-2-9b-it,multilingual,0.1006346046924591,17,model.layers.10.self_attn.k_proj.weight
gemma-2-9b-it,multilingual,0.14281927049160004,18,model.layers.10.self_attn.o_proj.weight
gemma-2-9b-it,multilingual,0.1427352875471115,19,model.layers.10.self_attn.q_proj.weight
gemma-2-9b-it,multilingual,0.10135380178689957,20,model.layers.10.self_attn.v_proj.weight
gemma-2-9b-it,multilingual,0.2677082121372223,21,model.layers.11.mlp.down_proj.weight
gemma-2-9b-it,multilingual,0.2668667435646057,22,model.layers.11.mlp.gate_proj.weight
gemma-2-9b-it,multilingual,0.26822033524513245,23,model.layers.11.mlp.up_proj.weight
gemma-2-9b-it,multilingual,0.1011323630809784,24,model.layers.11.self_attn.k_proj.weight
gemma-2-9b-it,multilingual,0.14240486919879913,25,model.layers.11.self_attn.o_proj.weight
gemma-2-9b-it,multilingual,0.14276084303855896,26,model.layers.11.self_attn.q_proj.weight
gemma-2-9b-it,multilingual,0.10070484131574631,27,model.layers.11.self_attn.v_proj.weight
gemma-2-9b-it,multilingual,0.2686857283115387,28,model.layers.12.mlp.down_proj.weight
gemma-2-9b-it,multilingual,0.2674342691898346,29,model.layers.12.mlp.gate_proj.weight
gemma-2-9b-it,multilingual,0.26824110746383667,30,model.layers.12.mlp.up_proj.weight
gemma-2-9b-it,multilingual,0.10246342420578003,31,model.layers.12.self_attn.k_proj.weight
gemma-2-9b-it,multilingual,0.1424902379512787,32,model.layers.12.self_attn.o_proj.weight
gemma-2-9b-it,multilingual,0.14431416988372803,33,model.layers.12.self_attn.q_proj.weight
gemma-2-9b-it,multilingual,0.10038037598133087,34,model.layers.12.self_attn.v_proj.weight
gemma-2-9b-it,multilingual,0.2695598900318146,35,model.layers.13.mlp.down_proj.weight
gemma-2-9b-it,multilingual,0.26848262548446655,36,model.layers.13.mlp.gate_proj.weight
gemma-2-9b-it,multilingual,0.2691038250923157,37,model.layers.13.mlp.up_proj.weight
gemma-2-9b-it,multilingual,0.10364758223295212,38,model.layers.13.self_attn.k_proj.weight
gemma-2-9b-it,multilingual,0.14355556666851044,39,model.layers.13.self_attn.o_proj.weight
gemma-2-9b-it,multilingual,0.14519597589969635,40,model.layers.13.self_attn.q_proj.weight
gemma-2-9b-it,multilingual,0.10225661098957062,41,model.layers.13.self_attn.v_proj.weight
gemma-2-9b-it,multilingual,0.2707933485507965,42,model.layers.14.mlp.down_proj.weight
gemma-2-9b-it,multilingual,0.2700909376144409,43,model.layers.14.mlp.gate_proj.weight
gemma-2-9b-it,multilingual,0.27109748125076294,44,model.layers.14.mlp.up_proj.weight
gemma-2-9b-it,multilingual,0.10203815251588821,45,model.layers.14.self_attn.k_proj.weight
gemma-2-9b-it,multilingual,0.14405815303325653,46,model.layers.14.self_attn.o_proj.weight
gemma-2-9b-it,multilingual,0.14472128450870514,47,model.layers.14.self_attn.q_proj.weight
gemma-2-9b-it,multilingual,0.10146018862724304,48,model.layers.14.self_attn.v_proj.weight
gemma-2-9b-it,multilingual,0.27183422446250916,49,model.layers.15.mlp.down_proj.weight
gemma-2-9b-it,multilingual,0.27140793204307556,50,model.layers.15.mlp.gate_proj.weight
gemma-2-9b-it,multilingual,0.271786093711853,51,model.layers.15.mlp.up_proj.weight
gemma-2-9b-it,multilingual,0.1029469445347786,52,model.layers.15.self_attn.k_proj.weight
gemma-2-9b-it,multilingual,0.14636380970478058,53,model.layers.15.self_attn.o_proj.weight
gemma-2-9b-it,multilingual,0.14406993985176086,54,model.layers.15.self_attn.q_proj.weight
gemma-2-9b-it,multilingual,0.10383980721235275,55,model.layers.15.self_attn.v_proj.weight
gemma-2-9b-it,multilingual,0.27344247698783875,56,model.layers.16.mlp.down_proj.weight
gemma-2-9b-it,multilingual,0.27362141013145447,57,model.layers.16.mlp.gate_proj.weight
gemma-2-9b-it,multilingual,0.27369755506515503,58,model.layers.16.mlp.up_proj.weight
gemma-2-9b-it,multilingual,0.10411155223846436,59,model.layers.16.self_attn.k_proj.weight
gemma-2-9b-it,multilingual,0.14628243446350098,60,model.layers.16.self_attn.o_proj.weight
gemma-2-9b-it,multilingual,0.14772020280361176,61,model.layers.16.self_attn.q_proj.weight
gemma-2-9b-it,multilingual,0.10357129573822021,62,model.layers.16.self_attn.v_proj.weight
gemma-2-9b-it,multilingual,0.27259597182273865,63,model.layers.17.mlp.down_proj.weight
gemma-2-9b-it,multilingual,0.2726559638977051,64,model.layers.17.mlp.gate_proj.weight
gemma-2-9b-it,multilingual,0.2731238603591919,65,model.layers.17.mlp.up_proj.weight
gemma-2-9b-it,multilingual,0.10308828949928284,66,model.layers.17.self_attn.k_proj.weight
gemma-2-9b-it,multilingual,0.14542117714881897,67,model.layers.17.self_attn.o_proj.weight
gemma-2-9b-it,multilingual,0.1464160978794098,68,model.layers.17.self_attn.q_proj.weight
gemma-2-9b-it,multilingual,0.10326315462589264,69,model.layers.17.self_attn.v_proj.weight
gemma-2-9b-it,multilingual,0.27298158407211304,70,model.layers.18.mlp.down_proj.weight
gemma-2-9b-it,multilingual,0.2730277478694916,71,model.layers.18.mlp.gate_proj.weight
gemma-2-9b-it,multilingual,0.2735460698604584,72,model.layers.18.mlp.up_proj.weight
gemma-2-9b-it,multilingual,0.10370326042175293,73,model.layers.18.self_attn.k_proj.weight
gemma-2-9b-it,multilingual,0.14642849564552307,74,model.layers.18.self_attn.o_proj.weight
gemma-2-9b-it,multilingual,0.1471537947654724,75,model.layers.18.self_attn.q_proj.weight
gemma-2-9b-it,multilingual,0.10344347357749939,76,model.layers.18.self_attn.v_proj.weight
gemma-2-9b-it,multilingual,0.27370548248291016,77,model.layers.19.mlp.down_proj.weight
gemma-2-9b-it,multilingual,0.2738185524940491,78,model.layers.19.mlp.gate_proj.weight
gemma-2-9b-it,multilingual,0.27380403876304626,79,model.layers.19.mlp.up_proj.weight
gemma-2-9b-it,multilingual,0.10226526856422424,80,model.layers.19.self_attn.k_proj.weight
gemma-2-9b-it,multilingual,0.1461278200149536,81,model.layers.19.self_attn.o_proj.weight
gemma-2-9b-it,multilingual,0.1450129896402359,82,model.layers.19.self_attn.q_proj.weight
gemma-2-9b-it,multilingual,0.10396642237901688,83,model.layers.19.self_attn.v_proj.weight
gemma-2-9b-it,multilingual,0.2577754855155945,84,model.layers.2.mlp.down_proj.weight
gemma-2-9b-it,multilingual,0.25762635469436646,85,model.layers.2.mlp.gate_proj.weight
gemma-2-9b-it,multilingual,0.2579270601272583,86,model.layers.2.mlp.up_proj.weight
gemma-2-9b-it,multilingual,0.10077060014009476,87,model.layers.2.self_attn.k_proj.weight
gemma-2-9b-it,multilingual,0.14211022853851318,88,model.layers.2.self_attn.o_proj.weight
gemma-2-9b-it,multilingual,0.14073187112808228,89,model.layers.2.self_attn.q_proj.weight
gemma-2-9b-it,multilingual,0.10037289559841156,90,model.layers.2.self_attn.v_proj.weight
gemma-2-9b-it,multilingual,0.27465543150901794,91,model.layers.20.mlp.down_proj.weight
gemma-2-9b-it,multilingual,0.27442508935928345,92,model.layers.20.mlp.gate_proj.weight
gemma-2-9b-it,multilingual,0.2744637429714203,93,model.layers.20.mlp.up_proj.weight
gemma-2-9b-it,multilingual,0.10223070532083511,94,model.layers.20.self_attn.k_proj.weight
gemma-2-9b-it,multilingual,0.14679330587387085,95,model.layers.20.self_attn.o_proj.weight
gemma-2-9b-it,multilingual,0.1449994146823883,96,model.layers.20.self_attn.q_proj.weight
gemma-2-9b-it,multilingual,0.10424204170703888,97,model.layers.20.self_attn.v_proj.weight
gemma-2-9b-it,multilingual,0.2760396897792816,98,model.layers.21.mlp.down_proj.weight
gemma-2-9b-it,multilingual,0.27505722641944885,99,model.layers.21.mlp.gate_proj.weight
gemma-2-9b-it,multilingual,0.27572786808013916,100,model.layers.21.mlp.up_proj.weight
gemma-2-9b-it,multilingual,0.1028309240937233,101,model.layers.21.self_attn.k_proj.weight
gemma-2-9b-it,multilingual,0.14748820662498474,102,model.layers.21.self_attn.o_proj.weight
gemma-2-9b-it,multilingual,0.14687754213809967,103,model.layers.21.self_attn.q_proj.weight
gemma-2-9b-it,multilingual,0.1039629653096199,104,model.layers.21.self_attn.v_proj.weight
gemma-2-9b-it,multilingual,0.2757309377193451,105,model.layers.22.mlp.down_proj.weight
gemma-2-9b-it,multilingual,0.27548104524612427,106,model.layers.22.mlp.gate_proj.weight
gemma-2-9b-it,multilingual,0.274922639131546,107,model.layers.22.mlp.up_proj.weight
gemma-2-9b-it,multilingual,0.10351894795894623,108,model.layers.22.self_attn.k_proj.weight
gemma-2-9b-it,multilingual,0.14760011434555054,109,model.layers.22.self_attn.o_proj.weight
gemma-2-9b-it,multilingual,0.14585621654987335,110,model.layers.22.self_attn.q_proj.weight
gemma-2-9b-it,multilingual,0.1043609231710434,111,model.layers.22.self_attn.v_proj.weight
gemma-2-9b-it,multilingual,0.2755510210990906,112,model.layers.23.mlp.down_proj.weight
gemma-2-9b-it,multilingual,0.27591559290885925,113,model.layers.23.mlp.gate_proj.weight
gemma-2-9b-it,multilingual,0.27497851848602295,114,model.layers.23.mlp.up_proj.weight
gemma-2-9b-it,multilingual,0.10353760421276093,115,model.layers.23.self_attn.k_proj.weight
gemma-2-9b-it,multilingual,0.14837637543678284,116,model.layers.23.self_attn.o_proj.weight
gemma-2-9b-it,multilingual,0.14653559029102325,117,model.layers.23.self_attn.q_proj.weight
gemma-2-9b-it,multilingual,0.10612340271472931,118,model.layers.23.self_attn.v_proj.weight
gemma-2-9b-it,multilingual,0.2750754952430725,119,model.layers.24.mlp.down_proj.weight
gemma-2-9b-it,multilingual,0.2754655182361603,120,model.layers.24.mlp.gate_proj.weight
gemma-2-9b-it,multilingual,0.2741469740867615,121,model.layers.24.mlp.up_proj.weight
gemma-2-9b-it,multilingual,0.10365759581327438,122,model.layers.24.self_attn.k_proj.weight
gemma-2-9b-it,multilingual,0.1467558741569519,123,model.layers.24.self_attn.o_proj.weight
gemma-2-9b-it,multilingual,0.1460576206445694,124,model.layers.24.self_attn.q_proj.weight
gemma-2-9b-it,multilingual,0.10434433817863464,125,model.layers.24.self_attn.v_proj.weight
gemma-2-9b-it,multilingual,0.2734013795852661,126,model.layers.25.mlp.down_proj.weight
gemma-2-9b-it,multilingual,0.27349698543548584,127,model.layers.25.mlp.gate_proj.weight
gemma-2-9b-it,multilingual,0.2726918160915375,128,model.layers.25.mlp.up_proj.weight
gemma-2-9b-it,multilingual,0.10401400178670883,129,model.layers.25.self_attn.k_proj.weight
gemma-2-9b-it,multilingual,0.14730070531368256,130,model.layers.25.self_attn.o_proj.weight
gemma-2-9b-it,multilingual,0.14676547050476074,131,model.layers.25.self_attn.q_proj.weight
gemma-2-9b-it,multilingual,0.10310819745063782,132,model.layers.25.self_attn.v_proj.weight
gemma-2-9b-it,multilingual,0.2728344798088074,133,model.layers.26.mlp.down_proj.weight
gemma-2-9b-it,multilingual,0.2736246585845947,134,model.layers.26.mlp.gate_proj.weight
gemma-2-9b-it,multilingual,0.2718779444694519,135,model.layers.26.mlp.up_proj.weight
gemma-2-9b-it,multilingual,0.10206928104162216,136,model.layers.26.self_attn.k_proj.weight
gemma-2-9b-it,multilingual,0.14817671477794647,137,model.layers.26.self_attn.o_proj.weight
gemma-2-9b-it,multilingual,0.14437584578990936,138,model.layers.26.self_attn.q_proj.weight
gemma-2-9b-it,multilingual,0.1029449999332428,139,model.layers.26.self_attn.v_proj.weight
gemma-2-9b-it,multilingual,0.27381300926208496,140,model.layers.27.mlp.down_proj.weight
gemma-2-9b-it,multilingual,0.27479177713394165,141,model.layers.27.mlp.gate_proj.weight
gemma-2-9b-it,multilingual,0.27316462993621826,142,model.layers.27.mlp.up_proj.weight
gemma-2-9b-it,multilingual,0.10210555046796799,143,model.layers.27.self_attn.k_proj.weight
gemma-2-9b-it,multilingual,0.1458524465560913,144,model.layers.27.self_attn.o_proj.weight
gemma-2-9b-it,multilingual,0.1445866972208023,145,model.layers.27.self_attn.q_proj.weight
gemma-2-9b-it,multilingual,0.1037575900554657,146,model.layers.27.self_attn.v_proj.weight
gemma-2-9b-it,multilingual,0.2718144655227661,147,model.layers.28.mlp.down_proj.weight
gemma-2-9b-it,multilingual,0.2738870084285736,148,model.layers.28.mlp.gate_proj.weight
gemma-2-9b-it,multilingual,0.27248868346214294,149,model.layers.28.mlp.up_proj.weight
gemma-2-9b-it,multilingual,0.10236072540283203,150,model.layers.28.self_attn.k_proj.weight
gemma-2-9b-it,multilingual,0.14490878582000732,151,model.layers.28.self_attn.o_proj.weight
gemma-2-9b-it,multilingual,0.1444210708141327,152,model.layers.28.self_attn.q_proj.weight
gemma-2-9b-it,multilingual,0.10329961031675339,153,model.layers.28.self_attn.v_proj.weight
gemma-2-9b-it,multilingual,0.2718111574649811,154,model.layers.29.mlp.down_proj.weight
gemma-2-9b-it,multilingual,0.27418044209480286,155,model.layers.29.mlp.gate_proj.weight
gemma-2-9b-it,multilingual,0.27218034863471985,156,model.layers.29.mlp.up_proj.weight
gemma-2-9b-it,multilingual,0.10370448976755142,157,model.layers.29.self_attn.k_proj.weight
gemma-2-9b-it,multilingual,0.14513280987739563,158,model.layers.29.self_attn.o_proj.weight
gemma-2-9b-it,multilingual,0.14546936750411987,159,model.layers.29.self_attn.q_proj.weight
gemma-2-9b-it,multilingual,0.10352717339992523,160,model.layers.29.self_attn.v_proj.weight
gemma-2-9b-it,multilingual,0.2587282359600067,161,model.layers.3.mlp.down_proj.weight
gemma-2-9b-it,multilingual,0.258493572473526,162,model.layers.3.mlp.gate_proj.weight
gemma-2-9b-it,multilingual,0.25906533002853394,163,model.layers.3.mlp.up_proj.weight
gemma-2-9b-it,multilingual,0.10108604282140732,164,model.layers.3.self_attn.k_proj.weight
gemma-2-9b-it,multilingual,0.1405416578054428,165,model.layers.3.self_attn.o_proj.weight
gemma-2-9b-it,multilingual,0.1423949897289276,166,model.layers.3.self_attn.q_proj.weight
gemma-2-9b-it,multilingual,0.09961435198783875,167,model.layers.3.self_attn.v_proj.weight
gemma-2-9b-it,multilingual,0.27156001329421997,168,model.layers.30.mlp.down_proj.weight
gemma-2-9b-it,multilingual,0.27325713634490967,169,model.layers.30.mlp.gate_proj.weight
gemma-2-9b-it,multilingual,0.2719094753265381,170,model.layers.30.mlp.up_proj.weight
gemma-2-9b-it,multilingual,0.1008857935667038,171,model.layers.30.self_attn.k_proj.weight
gemma-2-9b-it,multilingual,0.14599046111106873,172,model.layers.30.self_attn.o_proj.weight
gemma-2-9b-it,multilingual,0.14382582902908325,173,model.layers.30.self_attn.q_proj.weight
gemma-2-9b-it,multilingual,0.10218818485736847,174,model.layers.30.self_attn.v_proj.weight
gemma-2-9b-it,multilingual,0.27166399359703064,175,model.layers.31.mlp.down_proj.weight
gemma-2-9b-it,multilingual,0.2723182737827301,176,model.layers.31.mlp.gate_proj.weight
gemma-2-9b-it,multilingual,0.2718667984008789,177,model.layers.31.mlp.up_proj.weight
gemma-2-9b-it,multilingual,0.1034000813961029,178,model.layers.31.self_attn.k_proj.weight
gemma-2-9b-it,multilingual,0.14599549770355225,179,model.layers.31.self_attn.o_proj.weight
gemma-2-9b-it,multilingual,0.14494040608406067,180,model.layers.31.self_attn.q_proj.weight
gemma-2-9b-it,multilingual,0.10395600646734238,181,model.layers.31.self_attn.v_proj.weight
gemma-2-9b-it,multilingual,0.2707676589488983,182,model.layers.32.mlp.down_proj.weight
gemma-2-9b-it,multilingual,0.2711107134819031,183,model.layers.32.mlp.gate_proj.weight
gemma-2-9b-it,multilingual,0.27114811539649963,184,model.layers.32.mlp.up_proj.weight
gemma-2-9b-it,multilingual,0.10404093563556671,185,model.layers.32.self_attn.k_proj.weight
gemma-2-9b-it,multilingual,0.14987674355506897,186,model.layers.32.self_attn.o_proj.weight
gemma-2-9b-it,multilingual,0.14628103375434875,187,model.layers.32.self_attn.q_proj.weight
gemma-2-9b-it,multilingual,0.10518857091665268,188,model.layers.32.self_attn.v_proj.weight
gemma-2-9b-it,multilingual,0.2690056264400482,189,model.layers.33.mlp.down_proj.weight
gemma-2-9b-it,multilingual,0.2682955861091614,190,model.layers.33.mlp.gate_proj.weight
gemma-2-9b-it,multilingual,0.2684762179851532,191,model.layers.33.mlp.up_proj.weight
gemma-2-9b-it,multilingual,0.10290400683879852,192,model.layers.33.self_attn.k_proj.weight
gemma-2-9b-it,multilingual,0.14888688921928406,193,model.layers.33.self_attn.o_proj.weight
gemma-2-9b-it,multilingual,0.14654022455215454,194,model.layers.33.self_attn.q_proj.weight
gemma-2-9b-it,multilingual,0.1041344478726387,195,model.layers.33.self_attn.v_proj.weight
gemma-2-9b-it,multilingual,0.26781389117240906,196,model.layers.34.mlp.down_proj.weight
gemma-2-9b-it,multilingual,0.2664315700531006,197,model.layers.34.mlp.gate_proj.weight
gemma-2-9b-it,multilingual,0.2668395936489105,198,model.layers.34.mlp.up_proj.weight
gemma-2-9b-it,multilingual,0.10318414121866226,199,model.layers.34.self_attn.k_proj.weight
gemma-2-9b-it,multilingual,0.14648494124412537,200,model.layers.34.self_attn.o_proj.weight
gemma-2-9b-it,multilingual,0.1453908383846283,201,model.layers.34.self_attn.q_proj.weight
gemma-2-9b-it,multilingual,0.10269041359424591,202,model.layers.34.self_attn.v_proj.weight
gemma-2-9b-it,multilingual,0.2688010334968567,203,model.layers.35.mlp.down_proj.weight
gemma-2-9b-it,multilingual,0.26622164249420166,204,model.layers.35.mlp.gate_proj.weight
gemma-2-9b-it,multilingual,0.26667019724845886,205,model.layers.35.mlp.up_proj.weight
gemma-2-9b-it,multilingual,0.1015927717089653,206,model.layers.35.self_attn.k_proj.weight
gemma-2-9b-it,multilingual,0.1472548544406891,207,model.layers.35.self_attn.o_proj.weight
gemma-2-9b-it,multilingual,0.1434231400489807,208,model.layers.35.self_attn.q_proj.weight
gemma-2-9b-it,multilingual,0.10430563241243362,209,model.layers.35.self_attn.v_proj.weight
gemma-2-9b-it,multilingual,0.2674173414707184,210,model.layers.36.mlp.down_proj.weight
gemma-2-9b-it,multilingual,0.26581546664237976,211,model.layers.36.mlp.gate_proj.weight
gemma-2-9b-it,multilingual,0.2660266160964966,212,model.layers.36.mlp.up_proj.weight
gemma-2-9b-it,multilingual,0.10287131369113922,213,model.layers.36.self_attn.k_proj.weight
gemma-2-9b-it,multilingual,0.1465405970811844,214,model.layers.36.self_attn.o_proj.weight
gemma-2-9b-it,multilingual,0.1453806459903717,215,model.layers.36.self_attn.q_proj.weight
gemma-2-9b-it,multilingual,0.10398434847593307,216,model.layers.36.self_attn.v_proj.weight
gemma-2-9b-it,multilingual,0.26738452911376953,217,model.layers.37.mlp.down_proj.weight
gemma-2-9b-it,multilingual,0.2660171687602997,218,model.layers.37.mlp.gate_proj.weight
gemma-2-9b-it,multilingual,0.26611074805259705,219,model.layers.37.mlp.up_proj.weight
gemma-2-9b-it,multilingual,0.10460145026445389,220,model.layers.37.self_attn.k_proj.weight
gemma-2-9b-it,multilingual,0.14541684091091156,221,model.layers.37.self_attn.o_proj.weight
gemma-2-9b-it,multilingual,0.14651831984519958,222,model.layers.37.self_attn.q_proj.weight
gemma-2-9b-it,multilingual,0.10413210093975067,223,model.layers.37.self_attn.v_proj.weight
gemma-2-9b-it,multilingual,0.2668395936489105,224,model.layers.38.mlp.down_proj.weight
gemma-2-9b-it,multilingual,0.2664451599121094,225,model.layers.38.mlp.gate_proj.weight
gemma-2-9b-it,multilingual,0.26608631014823914,226,model.layers.38.mlp.up_proj.weight
gemma-2-9b-it,multilingual,0.10642638057470322,227,model.layers.38.self_attn.k_proj.weight
gemma-2-9b-it,multilingual,0.14487683773040771,228,model.layers.38.self_attn.o_proj.weight
gemma-2-9b-it,multilingual,0.14843516051769257,229,model.layers.38.self_attn.q_proj.weight
gemma-2-9b-it,multilingual,0.10483209788799286,230,model.layers.38.self_attn.v_proj.weight
gemma-2-9b-it,multilingual,0.2649152874946594,231,model.layers.39.mlp.down_proj.weight
gemma-2-9b-it,multilingual,0.2662983536720276,232,model.layers.39.mlp.gate_proj.weight
gemma-2-9b-it,multilingual,0.26530230045318604,233,model.layers.39.mlp.up_proj.weight
gemma-2-9b-it,multilingual,0.10504818707704544,234,model.layers.39.self_attn.k_proj.weight
gemma-2-9b-it,multilingual,0.14354339241981506,235,model.layers.39.self_attn.o_proj.weight
gemma-2-9b-it,multilingual,0.1468329131603241,236,model.layers.39.self_attn.q_proj.weight
gemma-2-9b-it,multilingual,0.10230036824941635,237,model.layers.39.self_attn.v_proj.weight
gemma-2-9b-it,multilingual,0.2615247666835785,238,model.layers.4.mlp.down_proj.weight
gemma-2-9b-it,multilingual,0.26080191135406494,239,model.layers.4.mlp.gate_proj.weight
gemma-2-9b-it,multilingual,0.2612420916557312,240,model.layers.4.mlp.up_proj.weight
gemma-2-9b-it,multilingual,0.10070202499628067,241,model.layers.4.self_attn.k_proj.weight
gemma-2-9b-it,multilingual,0.14208638668060303,242,model.layers.4.self_attn.o_proj.weight
gemma-2-9b-it,multilingual,0.14378835260868073,243,model.layers.4.self_attn.q_proj.weight
gemma-2-9b-it,multilingual,0.100411556661129,244,model.layers.4.self_attn.v_proj.weight
gemma-2-9b-it,multilingual,0.262921005487442,245,model.layers.40.mlp.down_proj.weight
gemma-2-9b-it,multilingual,0.26431596279144287,246,model.layers.40.mlp.gate_proj.weight
gemma-2-9b-it,multilingual,0.262490451335907,247,model.layers.40.mlp.up_proj.weight
gemma-2-9b-it,multilingual,0.103621706366539,248,model.layers.40.self_attn.k_proj.weight
gemma-2-9b-it,multilingual,0.14515891671180725,249,model.layers.40.self_attn.o_proj.weight
gemma-2-9b-it,multilingual,0.14567303657531738,250,model.layers.40.self_attn.q_proj.weight
gemma-2-9b-it,multilingual,0.10334464907646179,251,model.layers.40.self_attn.v_proj.weight
gemma-2-9b-it,multilingual,0.26185959577560425,252,model.layers.41.mlp.down_proj.weight
gemma-2-9b-it,multilingual,0.26227107644081116,253,model.layers.41.mlp.gate_proj.weight
gemma-2-9b-it,multilingual,0.2606278657913208,254,model.layers.41.mlp.up_proj.weight
gemma-2-9b-it,multilingual,0.10900318622589111,255,model.layers.41.self_attn.k_proj.weight
gemma-2-9b-it,multilingual,0.14222580194473267,256,model.layers.41.self_attn.o_proj.weight
gemma-2-9b-it,multilingual,0.15093228220939636,257,model.layers.41.self_attn.q_proj.weight
gemma-2-9b-it,multilingual,0.10316630452871323,258,model.layers.41.self_attn.v_proj.weight
gemma-2-9b-it,multilingual,0.26241394877433777,259,model.layers.5.mlp.down_proj.weight
gemma-2-9b-it,multilingual,0.26215606927871704,260,model.layers.5.mlp.gate_proj.weight
gemma-2-9b-it,multilingual,0.262068510055542,261,model.layers.5.mlp.up_proj.weight
gemma-2-9b-it,multilingual,0.09959342330694199,262,model.layers.5.self_attn.k_proj.weight
gemma-2-9b-it,multilingual,0.141255185008049,263,model.layers.5.self_attn.o_proj.weight
gemma-2-9b-it,multilingual,0.14089219272136688,264,model.layers.5.self_attn.q_proj.weight
gemma-2-9b-it,multilingual,0.09968547523021698,265,model.layers.5.self_attn.v_proj.weight
gemma-2-9b-it,multilingual,0.263142466545105,266,model.layers.6.mlp.down_proj.weight
gemma-2-9b-it,multilingual,0.26153725385665894,267,model.layers.6.mlp.gate_proj.weight
gemma-2-9b-it,multilingual,0.261968195438385,268,model.layers.6.mlp.up_proj.weight
gemma-2-9b-it,multilingual,0.09994762390851974,269,model.layers.6.self_attn.k_proj.weight
gemma-2-9b-it,multilingual,0.14164148271083832,270,model.layers.6.self_attn.o_proj.weight
gemma-2-9b-it,multilingual,0.1418013721704483,271,model.layers.6.self_attn.q_proj.weight
gemma-2-9b-it,multilingual,0.10003875941038132,272,model.layers.6.self_attn.v_proj.weight
gemma-2-9b-it,multilingual,0.2643416225910187,273,model.layers.7.mlp.down_proj.weight
gemma-2-9b-it,multilingual,0.26375532150268555,274,model.layers.7.mlp.gate_proj.weight
gemma-2-9b-it,multilingual,0.26351287961006165,275,model.layers.7.mlp.up_proj.weight
gemma-2-9b-it,multilingual,0.0991833284497261,276,model.layers.7.self_attn.k_proj.weight
gemma-2-9b-it,multilingual,0.1408357173204422,277,model.layers.7.self_attn.o_proj.weight
gemma-2-9b-it,multilingual,0.14075492322444916,278,model.layers.7.self_attn.q_proj.weight
gemma-2-9b-it,multilingual,0.0999988317489624,279,model.layers.7.self_attn.v_proj.weight
gemma-2-9b-it,multilingual,0.2646949887275696,280,model.layers.8.mlp.down_proj.weight
gemma-2-9b-it,multilingual,0.26378729939460754,281,model.layers.8.mlp.gate_proj.weight
gemma-2-9b-it,multilingual,0.2641897201538086,282,model.layers.8.mlp.up_proj.weight
gemma-2-9b-it,multilingual,0.10077714920043945,283,model.layers.8.self_attn.k_proj.weight
gemma-2-9b-it,multilingual,0.14195388555526733,284,model.layers.8.self_attn.o_proj.weight
gemma-2-9b-it,multilingual,0.14306314289569855,285,model.layers.8.self_attn.q_proj.weight
gemma-2-9b-it,multilingual,0.100290946662426,286,model.layers.8.self_attn.v_proj.weight
gemma-2-9b-it,multilingual,0.26598453521728516,287,model.layers.9.mlp.down_proj.weight
gemma-2-9b-it,multilingual,0.26485466957092285,288,model.layers.9.mlp.gate_proj.weight
gemma-2-9b-it,multilingual,0.26579031348228455,289,model.layers.9.mlp.up_proj.weight
gemma-2-9b-it,multilingual,0.09861480444669724,290,model.layers.9.self_attn.k_proj.weight
gemma-2-9b-it,multilingual,0.14107690751552582,291,model.layers.9.self_attn.o_proj.weight
gemma-2-9b-it,multilingual,0.14003872871398926,292,model.layers.9.self_attn.q_proj.weight
gemma-2-9b-it,multilingual,0.10017845034599304,293,model.layers.9.self_attn.v_proj.weight
roberta-base,cola,0.10718057304620743,0,roberta.encoder.layer.0.attention.output.dense.weight
roberta-base,cola,0.09928189218044281,1,roberta.encoder.layer.0.attention.self.key.weight
roberta-base,cola,0.1011863574385643,2,roberta.encoder.layer.0.attention.self.query.weight
roberta-base,cola,0.10523701459169388,3,roberta.encoder.layer.0.attention.self.value.weight
roberta-base,cola,0.2393360435962677,4,roberta.encoder.layer.0.intermediate.dense.weight
roberta-base,cola,0.24106499552726746,5,roberta.encoder.layer.0.output.dense.weight
roberta-base,cola,0.11077197641134262,6,roberta.encoder.layer.1.attention.output.dense.weight
roberta-base,cola,0.1105307936668396,7,roberta.encoder.layer.1.attention.self.key.weight
roberta-base,cola,0.11017032712697983,8,roberta.encoder.layer.1.attention.self.query.weight
roberta-base,cola,0.11379612237215042,9,roberta.encoder.layer.1.attention.self.value.weight
roberta-base,cola,0.2506379187107086,10,roberta.encoder.layer.1.intermediate.dense.weight
roberta-base,cola,0.2373671531677246,11,roberta.encoder.layer.1.output.dense.weight
roberta-base,cola,0.22193706035614014,12,roberta.encoder.layer.10.attention.output.dense.weight
roberta-base,cola,0.16010932624340057,13,roberta.encoder.layer.10.attention.self.key.weight
roberta-base,cola,0.16487766802310944,14,roberta.encoder.layer.10.attention.self.query.weight
roberta-base,cola,0.20929251611232758,15,roberta.encoder.layer.10.attention.self.value.weight
roberta-base,cola,0.32944273948669434,16,roberta.encoder.layer.10.intermediate.dense.weight
roberta-base,cola,0.3505919277667999,17,roberta.encoder.layer.10.output.dense.weight
roberta-base,cola,0.2533959746360779,18,roberta.encoder.layer.11.attention.output.dense.weight
roberta-base,cola,0.21416307985782623,19,roberta.encoder.layer.11.attention.self.key.weight
roberta-base,cola,0.17819149792194366,20,roberta.encoder.layer.11.attention.self.query.weight
roberta-base,cola,0.26768335700035095,21,roberta.encoder.layer.11.attention.self.value.weight
roberta-base,cola,0.3975163698196411,22,roberta.encoder.layer.11.intermediate.dense.weight
roberta-base,cola,0.2599828839302063,23,roberta.encoder.layer.11.output.dense.weight
roberta-base,cola,0.11855198442935944,24,roberta.encoder.layer.2.attention.output.dense.weight
roberta-base,cola,0.11506818234920502,25,roberta.encoder.layer.2.attention.self.key.weight
roberta-base,cola,0.11434068530797958,26,roberta.encoder.layer.2.attention.self.query.weight
roberta-base,cola,0.11838249117136002,27,roberta.encoder.layer.2.attention.self.value.weight
roberta-base,cola,0.261107861995697,28,roberta.encoder.layer.2.intermediate.dense.weight
roberta-base,cola,0.24358819425106049,29,roberta.encoder.layer.2.output.dense.weight
roberta-base,cola,0.12286451458930969,30,roberta.encoder.layer.3.attention.output.dense.weight
roberta-base,cola,0.1180853471159935,31,roberta.encoder.layer.3.attention.self.key.weight
roberta-base,cola,0.11728128045797348,32,roberta.encoder.layer.3.attention.self.query.weight
roberta-base,cola,0.12186917662620544,33,roberta.encoder.layer.3.attention.self.value.weight
roberta-base,cola,0.27341198921203613,34,roberta.encoder.layer.3.intermediate.dense.weight
roberta-base,cola,0.26563239097595215,35,roberta.encoder.layer.3.output.dense.weight
roberta-base,cola,0.13832899928092957,36,roberta.encoder.layer.4.attention.output.dense.weight
roberta-base,cola,0.1309797167778015,37,roberta.encoder.layer.4.attention.self.key.weight
roberta-base,cola,0.13283339142799377,38,roberta.encoder.layer.4.attention.self.query.weight
roberta-base,cola,0.1353878229856491,39,roberta.encoder.layer.4.attention.self.value.weight
roberta-base,cola,0.28667929768562317,40,roberta.encoder.layer.4.intermediate.dense.weight
roberta-base,cola,0.2864041328430176,41,roberta.encoder.layer.4.output.dense.weight
roberta-base,cola,0.14771993458271027,42,roberta.encoder.layer.5.attention.output.dense.weight
roberta-base,cola,0.14004135131835938,43,roberta.encoder.layer.5.attention.self.key.weight
roberta-base,cola,0.15008671581745148,44,roberta.encoder.layer.5.attention.self.query.weight
roberta-base,cola,0.14429129660129547,45,roberta.encoder.layer.5.attention.self.value.weight
roberta-base,cola,0.2991568148136139,46,roberta.encoder.layer.5.intermediate.dense.weight
roberta-base,cola,0.3027592897415161,47,roberta.encoder.layer.5.output.dense.weight
roberta-base,cola,0.15443384647369385,48,roberta.encoder.layer.6.attention.output.dense.weight
roberta-base,cola,0.14177635312080383,49,roberta.encoder.layer.6.attention.self.key.weight
roberta-base,cola,0.1485084742307663,50,roberta.encoder.layer.6.attention.self.query.weight
roberta-base,cola,0.15007410943508148,51,roberta.encoder.layer.6.attention.self.value.weight
roberta-base,cola,0.3055219352245331,52,roberta.encoder.layer.6.intermediate.dense.weight
roberta-base,cola,0.3133499324321747,53,roberta.encoder.layer.6.output.dense.weight
roberta-base,cola,0.16102948784828186,54,roberta.encoder.layer.7.attention.output.dense.weight
roberta-base,cola,0.14930422604084015,55,roberta.encoder.layer.7.attention.self.key.weight
roberta-base,cola,0.1491478830575943,56,roberta.encoder.layer.7.attention.self.query.weight
roberta-base,cola,0.1578308641910553,57,roberta.encoder.layer.7.attention.self.value.weight
roberta-base,cola,0.30891934037208557,58,roberta.encoder.layer.7.intermediate.dense.weight
roberta-base,cola,0.32939425110816956,59,roberta.encoder.layer.7.output.dense.weight
roberta-base,cola,0.1684805005788803,60,roberta.encoder.layer.8.attention.output.dense.weight
roberta-base,cola,0.14631690084934235,61,roberta.encoder.layer.8.attention.self.key.weight
roberta-base,cola,0.15198899805545807,62,roberta.encoder.layer.8.attention.self.query.weight
roberta-base,cola,0.16507840156555176,63,roberta.encoder.layer.8.attention.self.value.weight
roberta-base,cola,0.3088226318359375,64,roberta.encoder.layer.8.intermediate.dense.weight
roberta-base,cola,0.3383951187133789,65,roberta.encoder.layer.8.output.dense.weight
roberta-base,cola,0.1864347904920578,66,roberta.encoder.layer.9.attention.output.dense.weight
roberta-base,cola,0.14945726096630096,67,roberta.encoder.layer.9.attention.self.key.weight
roberta-base,cola,0.1523904651403427,68,roberta.encoder.layer.9.attention.self.query.weight
roberta-base,cola,0.18159720301628113,69,roberta.encoder.layer.9.attention.self.value.weight
roberta-base,cola,0.3226151168346405,70,roberta.encoder.layer.9.intermediate.dense.weight
roberta-base,cola,0.36651501059532166,71,roberta.encoder.layer.9.output.dense.weight
roberta-base,mnli,0.6672481298446655,0,roberta.encoder.layer.0.attention.output.dense.weight
roberta-base,mnli,0.6573793888092041,1,roberta.encoder.layer.0.attention.self.key.weight
roberta-base,mnli,0.6637043356895447,2,roberta.encoder.layer.0.attention.self.query.weight
roberta-base,mnli,0.6500628590583801,3,roberta.encoder.layer.0.attention.self.value.weight
roberta-base,mnli,1.396079182624817,4,roberta.encoder.layer.0.intermediate.dense.weight
roberta-base,mnli,1.289151668548584,5,roberta.encoder.layer.0.output.dense.weight
roberta-base,mnli,0.6628527045249939,6,roberta.encoder.layer.1.attention.output.dense.weight
roberta-base,mnli,0.6691892743110657,7,roberta.encoder.layer.1.attention.self.key.weight
roberta-base,mnli,0.6626937389373779,8,roberta.encoder.layer.1.attention.self.query.weight
roberta-base,mnli,0.6550688147544861,9,roberta.encoder.layer.1.attention.self.value.weight
roberta-base,mnli,1.4300012588500977,10,roberta.encoder.layer.1.intermediate.dense.weight
roberta-base,mnli,1.2900218963623047,11,roberta.encoder.layer.1.output.dense.weight
roberta-base,mnli,0.5680863261222839,12,roberta.encoder.layer.10.attention.output.dense.weight
roberta-base,mnli,0.7101731300354004,13,roberta.encoder.layer.10.attention.self.key.weight
roberta-base,mnli,0.7176935076713562,14,roberta.encoder.layer.10.attention.self.query.weight
roberta-base,mnli,0.5782552361488342,15,roberta.encoder.layer.10.attention.self.value.weight
roberta-base,mnli,1.1796048879623413,16,roberta.encoder.layer.10.intermediate.dense.weight
roberta-base,mnli,0.8040269017219543,17,roberta.encoder.layer.10.output.dense.weight
roberta-base,mnli,0.5931942462921143,18,roberta.encoder.layer.11.attention.output.dense.weight
roberta-base,mnli,0.6313503980636597,19,roberta.encoder.layer.11.attention.self.key.weight
roberta-base,mnli,0.6833098530769348,20,roberta.encoder.layer.11.attention.self.query.weight
roberta-base,mnli,0.5542808175086975,21,roberta.encoder.layer.11.attention.self.value.weight
roberta-base,mnli,1.2451847791671753,22,roberta.encoder.layer.11.intermediate.dense.weight
roberta-base,mnli,0.8881612420082092,23,roberta.encoder.layer.11.output.dense.weight
roberta-base,mnli,0.7106956839561462,24,roberta.encoder.layer.2.attention.output.dense.weight
roberta-base,mnli,0.6949746608734131,25,roberta.encoder.layer.2.attention.self.key.weight
roberta-base,mnli,0.6898144483566284,26,roberta.encoder.layer.2.attention.self.query.weight
roberta-base,mnli,0.6959118247032166,27,roberta.encoder.layer.2.attention.self.value.weight
roberta-base,mnli,1.485780954360962,28,roberta.encoder.layer.2.intermediate.dense.weight
roberta-base,mnli,1.2963017225265503,29,roberta.encoder.layer.2.output.dense.weight
roberta-base,mnli,0.7252704501152039,30,roberta.encoder.layer.3.attention.output.dense.weight
roberta-base,mnli,0.7459909915924072,31,roberta.encoder.layer.3.attention.self.key.weight
roberta-base,mnli,0.7421446442604065,32,roberta.encoder.layer.3.attention.self.query.weight
roberta-base,mnli,0.7193682193756104,33,roberta.encoder.layer.3.attention.self.value.weight
roberta-base,mnli,1.5419248342514038,34,roberta.encoder.layer.3.intermediate.dense.weight
roberta-base,mnli,1.3002759218215942,35,roberta.encoder.layer.3.output.dense.weight
roberta-base,mnli,0.7500225901603699,36,roberta.encoder.layer.4.attention.output.dense.weight
roberta-base,mnli,0.7797600626945496,37,roberta.encoder.layer.4.attention.self.key.weight
roberta-base,mnli,0.7773987650871277,38,roberta.encoder.layer.4.attention.self.query.weight
roberta-base,mnli,0.7457540035247803,39,roberta.encoder.layer.4.attention.self.value.weight
roberta-base,mnli,1.5912827253341675,40,roberta.encoder.layer.4.intermediate.dense.weight
roberta-base,mnli,1.3391830921173096,41,roberta.encoder.layer.4.output.dense.weight
roberta-base,mnli,0.7535578012466431,42,roberta.encoder.layer.5.attention.output.dense.weight
roberta-base,mnli,0.8216477036476135,43,roberta.encoder.layer.5.attention.self.key.weight
roberta-base,mnli,0.8244033455848694,44,roberta.encoder.layer.5.attention.self.query.weight
roberta-base,mnli,0.754043459892273,45,roberta.encoder.layer.5.attention.self.value.weight
roberta-base,mnli,1.6503793001174927,46,roberta.encoder.layer.5.intermediate.dense.weight
roberta-base,mnli,1.3365448713302612,47,roberta.encoder.layer.5.output.dense.weight
roberta-base,mnli,0.777980625629425,48,roberta.encoder.layer.6.attention.output.dense.weight
roberta-base,mnli,0.8742278814315796,49,roberta.encoder.layer.6.attention.self.key.weight
roberta-base,mnli,0.8771668076515198,50,roberta.encoder.layer.6.attention.self.query.weight
roberta-base,mnli,0.7821575999259949,51,roberta.encoder.layer.6.attention.self.value.weight
roberta-base,mnli,1.6999818086624146,52,roberta.encoder.layer.6.intermediate.dense.weight
roberta-base,mnli,1.314525842666626,53,roberta.encoder.layer.6.output.dense.weight
roberta-base,mnli,0.7677672505378723,54,roberta.encoder.layer.7.attention.output.dense.weight
roberta-base,mnli,0.9048337340354919,55,roberta.encoder.layer.7.attention.self.key.weight
roberta-base,mnli,0.92107093334198,56,roberta.encoder.layer.7.attention.self.query.weight
roberta-base,mnli,0.7747823596000671,57,roberta.encoder.layer.7.attention.self.value.weight
roberta-base,mnli,1.68660569190979,58,roberta.encoder.layer.7.intermediate.dense.weight
roberta-base,mnli,1.2178651094436646,59,roberta.encoder.layer.7.output.dense.weight
roberta-base,mnli,0.7351982593536377,60,roberta.encoder.layer.8.attention.output.dense.weight
roberta-base,mnli,0.911227285861969,61,roberta.encoder.layer.8.attention.self.key.weight
roberta-base,mnli,0.9159458875656128,62,roberta.encoder.layer.8.attention.self.query.weight
roberta-base,mnli,0.7290252447128296,63,roberta.encoder.layer.8.attention.self.value.weight
roberta-base,mnli,1.5162749290466309,64,roberta.encoder.layer.8.intermediate.dense.weight
roberta-base,mnli,1.0840164422988892,65,roberta.encoder.layer.8.output.dense.weight
roberta-base,mnli,0.6478356719017029,66,roberta.encoder.layer.9.attention.output.dense.weight
roberta-base,mnli,0.8343969583511353,67,roberta.encoder.layer.9.attention.self.key.weight
roberta-base,mnli,0.8071019649505615,68,roberta.encoder.layer.9.attention.self.query.weight
roberta-base,mnli,0.6341768503189087,69,roberta.encoder.layer.9.attention.self.value.weight
roberta-base,mnli,1.3437087535858154,70,roberta.encoder.layer.9.intermediate.dense.weight
roberta-base,mnli,0.9410830140113831,71,roberta.encoder.layer.9.output.dense.weight
roberta-base,mrpc,0.06703723222017288,0,roberta.encoder.layer.0.attention.output.dense.weight
roberta-base,mrpc,0.058082547038793564,1,roberta.encoder.layer.0.attention.self.key.weight
roberta-base,mrpc,0.059255171567201614,2,roberta.encoder.layer.0.attention.self.query.weight
roberta-base,mrpc,0.06657416373491287,3,roberta.encoder.layer.0.attention.self.value.weight
roberta-base,mrpc,0.13856248557567596,4,roberta.encoder.layer.0.intermediate.dense.weight
roberta-base,mrpc,0.15202432870864868,5,roberta.encoder.layer.0.output.dense.weight
roberta-base,mrpc,0.0717717707157135,6,roberta.encoder.layer.1.attention.output.dense.weight
roberta-base,mrpc,0.06370283663272858,7,roberta.encoder.layer.1.attention.self.key.weight
roberta-base,mrpc,0.06351162493228912,8,roberta.encoder.layer.1.attention.self.query.weight
roberta-base,mrpc,0.07167994976043701,9,roberta.encoder.layer.1.attention.self.value.weight
roberta-base,mrpc,0.14982761442661285,10,roberta.encoder.layer.1.intermediate.dense.weight
roberta-base,mrpc,0.16514652967453003,11,roberta.encoder.layer.1.output.dense.weight
roberta-base,mrpc,0.12739628553390503,12,roberta.encoder.layer.10.attention.output.dense.weight
roberta-base,mrpc,0.09650067985057831,13,roberta.encoder.layer.10.attention.self.key.weight
roberta-base,mrpc,0.1023041307926178,14,roberta.encoder.layer.10.attention.self.query.weight
roberta-base,mrpc,0.13934805989265442,15,roberta.encoder.layer.10.attention.self.value.weight
roberta-base,mrpc,0.19753164052963257,16,roberta.encoder.layer.10.intermediate.dense.weight
roberta-base,mrpc,0.17212113738059998,17,roberta.encoder.layer.10.output.dense.weight
roberta-base,mrpc,0.1275327056646347,18,roberta.encoder.layer.11.attention.output.dense.weight
roberta-base,mrpc,0.09444328397512436,19,roberta.encoder.layer.11.attention.self.key.weight
roberta-base,mrpc,0.09458541870117188,20,roberta.encoder.layer.11.attention.self.query.weight
roberta-base,mrpc,0.1383505016565323,21,roberta.encoder.layer.11.attention.self.value.weight
roberta-base,mrpc,0.21188808977603912,22,roberta.encoder.layer.11.intermediate.dense.weight
roberta-base,mrpc,0.12350764125585556,23,roberta.encoder.layer.11.output.dense.weight
roberta-base,mrpc,0.07924943417310715,24,roberta.encoder.layer.2.attention.output.dense.weight
roberta-base,mrpc,0.06961124390363693,25,roberta.encoder.layer.2.attention.self.key.weight
roberta-base,mrpc,0.06983088701963425,26,roberta.encoder.layer.2.attention.self.query.weight
roberta-base,mrpc,0.0792069062590599,27,roberta.encoder.layer.2.attention.self.value.weight
roberta-base,mrpc,0.16379736363887787,28,roberta.encoder.layer.2.intermediate.dense.weight
roberta-base,mrpc,0.17721451818943024,29,roberta.encoder.layer.2.output.dense.weight
roberta-base,mrpc,0.09244757890701294,30,roberta.encoder.layer.3.attention.output.dense.weight
roberta-base,mrpc,0.08027147501707077,31,roberta.encoder.layer.3.attention.self.key.weight
roberta-base,mrpc,0.07831083238124847,32,roberta.encoder.layer.3.attention.self.query.weight
roberta-base,mrpc,0.08824876695871353,33,roberta.encoder.layer.3.attention.self.value.weight
roberta-base,mrpc,0.17996478080749512,34,roberta.encoder.layer.3.intermediate.dense.weight
roberta-base,mrpc,0.19261541962623596,35,roberta.encoder.layer.3.output.dense.weight
roberta-base,mrpc,0.10680288076400757,36,roberta.encoder.layer.4.attention.output.dense.weight
roberta-base,mrpc,0.09147636592388153,37,roberta.encoder.layer.4.attention.self.key.weight
roberta-base,mrpc,0.09314300864934921,38,roberta.encoder.layer.4.attention.self.query.weight
roberta-base,mrpc,0.10220980644226074,39,roberta.encoder.layer.4.attention.self.value.weight
roberta-base,mrpc,0.19883257150650024,40,roberta.encoder.layer.4.intermediate.dense.weight
roberta-base,mrpc,0.2157168835401535,41,roberta.encoder.layer.4.output.dense.weight
roberta-base,mrpc,0.1188458576798439,42,roberta.encoder.layer.5.attention.output.dense.weight
roberta-base,mrpc,0.10168168693780899,43,roberta.encoder.layer.5.attention.self.key.weight
roberta-base,mrpc,0.10323010385036469,44,roberta.encoder.layer.5.attention.self.query.weight
roberta-base,mrpc,0.11440623551607132,45,roberta.encoder.layer.5.attention.self.value.weight
roberta-base,mrpc,0.2148342877626419,46,roberta.encoder.layer.5.intermediate.dense.weight
roberta-base,mrpc,0.23205293715000153,47,roberta.encoder.layer.5.output.dense.weight
roberta-base,mrpc,0.12356889992952347,48,roberta.encoder.layer.6.attention.output.dense.weight
roberta-base,mrpc,0.10243771970272064,49,roberta.encoder.layer.6.attention.self.key.weight
roberta-base,mrpc,0.1060861125588417,50,roberta.encoder.layer.6.attention.self.query.weight
roberta-base,mrpc,0.1228690892457962,51,roberta.encoder.layer.6.attention.self.value.weight
roberta-base,mrpc,0.22649963200092316,52,roberta.encoder.layer.6.intermediate.dense.weight
roberta-base,mrpc,0.24656662344932556,53,roberta.encoder.layer.6.output.dense.weight
roberta-base,mrpc,0.14173053205013275,54,roberta.encoder.layer.7.attention.output.dense.weight
roberta-base,mrpc,0.1122833862900734,55,roberta.encoder.layer.7.attention.self.key.weight
roberta-base,mrpc,0.11628654599189758,56,roberta.encoder.layer.7.attention.self.query.weight
roberta-base,mrpc,0.13237625360488892,57,roberta.encoder.layer.7.attention.self.value.weight
roberta-base,mrpc,0.23627689480781555,58,roberta.encoder.layer.7.intermediate.dense.weight
roberta-base,mrpc,0.23246195912361145,59,roberta.encoder.layer.7.output.dense.weight
roberta-base,mrpc,0.13709412515163422,60,roberta.encoder.layer.8.attention.output.dense.weight
roberta-base,mrpc,0.10925818979740143,61,roberta.encoder.layer.8.attention.self.key.weight
roberta-base,mrpc,0.11390281468629837,62,roberta.encoder.layer.8.attention.self.query.weight
roberta-base,mrpc,0.13648834824562073,63,roberta.encoder.layer.8.attention.self.value.weight
roberta-base,mrpc,0.2325311303138733,64,roberta.encoder.layer.8.intermediate.dense.weight
roberta-base,mrpc,0.22057241201400757,65,roberta.encoder.layer.8.output.dense.weight
roberta-base,mrpc,0.13633880019187927,66,roberta.encoder.layer.9.attention.output.dense.weight
roberta-base,mrpc,0.10109063982963562,67,roberta.encoder.layer.9.attention.self.key.weight
roberta-base,mrpc,0.10760407894849777,68,roberta.encoder.layer.9.attention.self.query.weight
roberta-base,mrpc,0.13658569753170013,69,roberta.encoder.layer.9.attention.self.value.weight
roberta-base,mrpc,0.2320578545331955,70,roberta.encoder.layer.9.intermediate.dense.weight
roberta-base,mrpc,0.22075560688972473,71,roberta.encoder.layer.9.output.dense.weight
roberta-base,qnli,0.3591991364955902,0,roberta.encoder.layer.0.attention.output.dense.weight
roberta-base,qnli,0.34224313497543335,1,roberta.encoder.layer.0.attention.self.key.weight
roberta-base,qnli,0.3519611358642578,2,roberta.encoder.layer.0.attention.self.query.weight
roberta-base,qnli,0.35426223278045654,3,roberta.encoder.layer.0.attention.self.value.weight
roberta-base,qnli,0.7472423315048218,4,roberta.encoder.layer.0.intermediate.dense.weight
roberta-base,qnli,0.7014279961585999,5,roberta.encoder.layer.0.output.dense.weight
roberta-base,qnli,0.3529431223869324,6,roberta.encoder.layer.1.attention.output.dense.weight
roberta-base,qnli,0.34282222390174866,7,roberta.encoder.layer.1.attention.self.key.weight
roberta-base,qnli,0.3506048917770386,8,roberta.encoder.layer.1.attention.self.query.weight
roberta-base,qnli,0.3492278754711151,9,roberta.encoder.layer.1.attention.self.value.weight
roberta-base,qnli,0.7628070712089539,10,roberta.encoder.layer.1.intermediate.dense.weight
roberta-base,qnli,0.6922017335891724,11,roberta.encoder.layer.1.output.dense.weight
roberta-base,qnli,0.33359599113464355,12,roberta.encoder.layer.10.attention.output.dense.weight
roberta-base,qnli,0.3699668347835541,13,roberta.encoder.layer.10.attention.self.key.weight
roberta-base,qnli,0.3704064190387726,14,roberta.encoder.layer.10.attention.self.query.weight
roberta-base,qnli,0.3644315004348755,15,roberta.encoder.layer.10.attention.self.value.weight
roberta-base,qnli,0.5421204566955566,16,roberta.encoder.layer.10.intermediate.dense.weight
roberta-base,qnli,0.36964282393455505,17,roberta.encoder.layer.10.output.dense.weight
roberta-base,qnli,0.3348660469055176,18,roberta.encoder.layer.11.attention.output.dense.weight
roberta-base,qnli,0.32582056522369385,19,roberta.encoder.layer.11.attention.self.key.weight
roberta-base,qnli,0.3436032235622406,20,roberta.encoder.layer.11.attention.self.query.weight
roberta-base,qnli,0.3249444365501404,21,roberta.encoder.layer.11.attention.self.value.weight
roberta-base,qnli,0.6132678985595703,22,roberta.encoder.layer.11.intermediate.dense.weight
roberta-base,qnli,0.3495767116546631,23,roberta.encoder.layer.11.output.dense.weight
roberta-base,qnli,0.3774704337120056,24,roberta.encoder.layer.2.attention.output.dense.weight
roberta-base,qnli,0.36123722791671753,25,roberta.encoder.layer.2.attention.self.key.weight
roberta-base,qnli,0.3623234033584595,26,roberta.encoder.layer.2.attention.self.query.weight
roberta-base,qnli,0.3706364631652832,27,roberta.encoder.layer.2.attention.self.value.weight
roberta-base,qnli,0.7976804971694946,28,roberta.encoder.layer.2.intermediate.dense.weight
roberta-base,qnli,0.6950412392616272,29,roberta.encoder.layer.2.output.dense.weight
roberta-base,qnli,0.3920097351074219,30,roberta.encoder.layer.3.attention.output.dense.weight
roberta-base,qnli,0.39687028527259827,31,roberta.encoder.layer.3.attention.self.key.weight
roberta-base,qnli,0.39398106932640076,32,roberta.encoder.layer.3.attention.self.query.weight
roberta-base,qnli,0.3930913209915161,33,roberta.encoder.layer.3.attention.self.value.weight
roberta-base,qnli,0.8321825265884399,34,roberta.encoder.layer.3.intermediate.dense.weight
roberta-base,qnli,0.6949604153633118,35,roberta.encoder.layer.3.output.dense.weight
roberta-base,qnli,0.4072893261909485,36,roberta.encoder.layer.4.attention.output.dense.weight
roberta-base,qnli,0.4233226180076599,37,roberta.encoder.layer.4.attention.self.key.weight
roberta-base,qnli,0.4263659715652466,38,roberta.encoder.layer.4.attention.self.query.weight
roberta-base,qnli,0.39726853370666504,39,roberta.encoder.layer.4.attention.self.value.weight
roberta-base,qnli,0.8721386194229126,40,roberta.encoder.layer.4.intermediate.dense.weight
roberta-base,qnli,0.7345374226570129,41,roberta.encoder.layer.4.output.dense.weight
roberta-base,qnli,0.41803494095802307,42,roberta.encoder.layer.5.attention.output.dense.weight
roberta-base,qnli,0.45944613218307495,43,roberta.encoder.layer.5.attention.self.key.weight
roberta-base,qnli,0.47285374999046326,44,roberta.encoder.layer.5.attention.self.query.weight
roberta-base,qnli,0.4158840775489807,45,roberta.encoder.layer.5.attention.self.value.weight
roberta-base,qnli,0.8954133987426758,46,roberta.encoder.layer.5.intermediate.dense.weight
roberta-base,qnli,0.7478245496749878,47,roberta.encoder.layer.5.output.dense.weight
roberta-base,qnli,0.4082741141319275,48,roberta.encoder.layer.6.attention.output.dense.weight
roberta-base,qnli,0.48956170678138733,49,roberta.encoder.layer.6.attention.self.key.weight
roberta-base,qnli,0.4941444993019104,50,roberta.encoder.layer.6.attention.self.query.weight
roberta-base,qnli,0.42811673879623413,51,roberta.encoder.layer.6.attention.self.value.weight
roberta-base,qnli,0.877530574798584,52,roberta.encoder.layer.6.intermediate.dense.weight
roberta-base,qnli,0.6833010315895081,53,roberta.encoder.layer.6.output.dense.weight
roberta-base,qnli,0.40942105650901794,54,roberta.encoder.layer.7.attention.output.dense.weight
roberta-base,qnli,0.47599706053733826,55,roberta.encoder.layer.7.attention.self.key.weight
roberta-base,qnli,0.4732218384742737,56,roberta.encoder.layer.7.attention.self.query.weight
roberta-base,qnli,0.4015994071960449,57,roberta.encoder.layer.7.attention.self.value.weight
roberta-base,qnli,0.8604738712310791,58,roberta.encoder.layer.7.intermediate.dense.weight
roberta-base,qnli,0.6511087417602539,59,roberta.encoder.layer.7.output.dense.weight
roberta-base,qnli,0.4029061198234558,60,roberta.encoder.layer.8.attention.output.dense.weight
roberta-base,qnli,0.44386205077171326,61,roberta.encoder.layer.8.attention.self.key.weight
roberta-base,qnli,0.44654572010040283,62,roberta.encoder.layer.8.attention.self.query.weight
roberta-base,qnli,0.39879411458969116,63,roberta.encoder.layer.8.attention.self.value.weight
roberta-base,qnli,0.7913556694984436,64,roberta.encoder.layer.8.intermediate.dense.weight
roberta-base,qnli,0.6087773442268372,65,roberta.encoder.layer.8.output.dense.weight
roberta-base,qnli,0.36746662855148315,66,roberta.encoder.layer.9.attention.output.dense.weight
roberta-base,qnli,0.4118337631225586,67,roberta.encoder.layer.9.attention.self.key.weight
roberta-base,qnli,0.41321319341659546,68,roberta.encoder.layer.9.attention.self.query.weight
roberta-base,qnli,0.3794899880886078,69,roberta.encoder.layer.9.attention.self.value.weight
roberta-base,qnli,0.707467794418335,70,roberta.encoder.layer.9.intermediate.dense.weight
roberta-base,qnli,0.554148256778717,71,roberta.encoder.layer.9.output.dense.weight
roberta-base,qqp,0.7430543303489685,0,roberta.encoder.layer.0.attention.output.dense.weight
roberta-base,qqp,0.7563995122909546,1,roberta.encoder.layer.0.attention.self.key.weight
roberta-base,qqp,0.7672760486602783,2,roberta.encoder.layer.0.attention.self.query.weight
roberta-base,qqp,0.7296667098999023,3,roberta.encoder.layer.0.attention.self.value.weight
roberta-base,qqp,1.5565389394760132,4,roberta.encoder.layer.0.intermediate.dense.weight
roberta-base,qqp,1.4199609756469727,5,roberta.encoder.layer.0.output.dense.weight
roberta-base,qqp,0.7167358994483948,6,roberta.encoder.layer.1.attention.output.dense.weight
roberta-base,qqp,0.7178732752799988,7,roberta.encoder.layer.1.attention.self.key.weight
roberta-base,qqp,0.7215200066566467,8,roberta.encoder.layer.1.attention.self.query.weight
roberta-base,qqp,0.7049674391746521,9,roberta.encoder.layer.1.attention.self.value.weight
roberta-base,qqp,1.576377511024475,10,roberta.encoder.layer.1.intermediate.dense.weight
roberta-base,qqp,1.3769208192825317,11,roberta.encoder.layer.1.output.dense.weight
roberta-base,qqp,0.5243071913719177,12,roberta.encoder.layer.10.attention.output.dense.weight
roberta-base,qqp,0.6451378464698792,13,roberta.encoder.layer.10.attention.self.key.weight
roberta-base,qqp,0.6479127407073975,14,roberta.encoder.layer.10.attention.self.query.weight
roberta-base,qqp,0.5091933012008667,15,roberta.encoder.layer.10.attention.self.value.weight
roberta-base,qqp,1.079598069190979,16,roberta.encoder.layer.10.intermediate.dense.weight
roberta-base,qqp,0.7611139416694641,17,roberta.encoder.layer.10.output.dense.weight
roberta-base,qqp,0.5800817012786865,18,roberta.encoder.layer.11.attention.output.dense.weight
roberta-base,qqp,0.5821945667266846,19,roberta.encoder.layer.11.attention.self.key.weight
roberta-base,qqp,0.6008763313293457,20,roberta.encoder.layer.11.attention.self.query.weight
roberta-base,qqp,0.5112515091896057,21,roberta.encoder.layer.11.attention.self.value.weight
roberta-base,qqp,1.1676191091537476,22,roberta.encoder.layer.11.intermediate.dense.weight
roberta-base,qqp,0.865574836730957,23,roberta.encoder.layer.11.output.dense.weight
roberta-base,qqp,0.7361569404602051,24,roberta.encoder.layer.2.attention.output.dense.weight
roberta-base,qqp,0.7534130215644836,25,roberta.encoder.layer.2.attention.self.key.weight
roberta-base,qqp,0.7481934428215027,26,roberta.encoder.layer.2.attention.self.query.weight
roberta-base,qqp,0.7220759987831116,27,roberta.encoder.layer.2.attention.self.value.weight
roberta-base,qqp,1.6202558279037476,28,roberta.encoder.layer.2.intermediate.dense.weight
roberta-base,qqp,1.345760703086853,29,roberta.encoder.layer.2.output.dense.weight
roberta-base,qqp,0.7354776263237,30,roberta.encoder.layer.3.attention.output.dense.weight
roberta-base,qqp,0.7983356714248657,31,roberta.encoder.layer.3.attention.self.key.weight
roberta-base,qqp,0.7943438291549683,32,roberta.encoder.layer.3.attention.self.query.weight
roberta-base,qqp,0.7342485785484314,33,roberta.encoder.layer.3.attention.self.value.weight
roberta-base,qqp,1.658196210861206,34,roberta.encoder.layer.3.intermediate.dense.weight
roberta-base,qqp,1.3212554454803467,35,roberta.encoder.layer.3.output.dense.weight
roberta-base,qqp,0.7284574508666992,36,roberta.encoder.layer.4.attention.output.dense.weight
roberta-base,qqp,0.821195662021637,37,roberta.encoder.layer.4.attention.self.key.weight
roberta-base,qqp,0.8105678558349609,38,roberta.encoder.layer.4.attention.self.query.weight
roberta-base,qqp,0.7311539053916931,39,roberta.encoder.layer.4.attention.self.value.weight
roberta-base,qqp,1.6838083267211914,40,roberta.encoder.layer.4.intermediate.dense.weight
roberta-base,qqp,1.3208211660385132,41,roberta.encoder.layer.4.output.dense.weight
roberta-base,qqp,0.7197406888008118,42,roberta.encoder.layer.5.attention.output.dense.weight
roberta-base,qqp,0.8565466403961182,43,roberta.encoder.layer.5.attention.self.key.weight
roberta-base,qqp,0.8474084138870239,44,roberta.encoder.layer.5.attention.self.query.weight
roberta-base,qqp,0.7287728786468506,45,roberta.encoder.layer.5.attention.self.value.weight
roberta-base,qqp,1.7104333639144897,46,roberta.encoder.layer.5.intermediate.dense.weight
roberta-base,qqp,1.3193928003311157,47,roberta.encoder.layer.5.output.dense.weight
roberta-base,qqp,0.6987130641937256,48,roberta.encoder.layer.6.attention.output.dense.weight
roberta-base,qqp,0.8888131380081177,49,roberta.encoder.layer.6.attention.self.key.weight
roberta-base,qqp,0.868592381477356,50,roberta.encoder.layer.6.attention.self.query.weight
roberta-base,qqp,0.7229723930358887,51,roberta.encoder.layer.6.attention.self.value.weight
roberta-base,qqp,1.6920421123504639,52,roberta.encoder.layer.6.intermediate.dense.weight
roberta-base,qqp,1.2902495861053467,53,roberta.encoder.layer.6.output.dense.weight
roberta-base,qqp,0.6516834497451782,54,roberta.encoder.layer.7.attention.output.dense.weight
roberta-base,qqp,0.8447741270065308,55,roberta.encoder.layer.7.attention.self.key.weight
roberta-base,qqp,0.8658106923103333,56,roberta.encoder.layer.7.attention.self.query.weight
roberta-base,qqp,0.6508371233940125,57,roberta.encoder.layer.7.attention.self.value.weight
roberta-base,qqp,1.5393308401107788,58,roberta.encoder.layer.7.intermediate.dense.weight
roberta-base,qqp,1.0961883068084717,59,roberta.encoder.layer.7.output.dense.weight
roberta-base,qqp,0.6057741641998291,60,roberta.encoder.layer.8.attention.output.dense.weight
roberta-base,qqp,0.8187562823295593,61,roberta.encoder.layer.8.attention.self.key.weight
roberta-base,qqp,0.7963020205497742,62,roberta.encoder.layer.8.attention.self.query.weight
roberta-base,qqp,0.6101619601249695,63,roberta.encoder.layer.8.attention.self.value.weight
roberta-base,qqp,1.4027615785598755,64,roberta.encoder.layer.8.intermediate.dense.weight
roberta-base,qqp,1.0360817909240723,65,roberta.encoder.layer.8.output.dense.weight
roberta-base,qqp,0.5585799813270569,66,roberta.encoder.layer.9.attention.output.dense.weight
roberta-base,qqp,0.7271284461021423,67,roberta.encoder.layer.9.attention.self.key.weight
roberta-base,qqp,0.7178350687026978,68,roberta.encoder.layer.9.attention.self.query.weight
roberta-base,qqp,0.5489571690559387,69,roberta.encoder.layer.9.attention.self.value.weight
roberta-base,qqp,1.2173353433609009,70,roberta.encoder.layer.9.intermediate.dense.weight
roberta-base,qqp,0.894751250743866,71,roberta.encoder.layer.9.output.dense.weight
roberta-base,rte,0.06600598990917206,0,roberta.encoder.layer.0.attention.output.dense.weight
roberta-base,rte,0.05579792335629463,1,roberta.encoder.layer.0.attention.self.key.weight
roberta-base,rte,0.05561380088329315,2,roberta.encoder.layer.0.attention.self.query.weight
roberta-base,rte,0.06324279308319092,3,roberta.encoder.layer.0.attention.self.value.weight
roberta-base,rte,0.12256447970867157,4,roberta.encoder.layer.0.intermediate.dense.weight
roberta-base,rte,0.1376960426568985,5,roberta.encoder.layer.0.output.dense.weight
roberta-base,rte,0.0677579864859581,6,roberta.encoder.layer.1.attention.output.dense.weight
roberta-base,rte,0.05722902715206146,7,roberta.encoder.layer.1.attention.self.key.weight
roberta-base,rte,0.05709997937083244,8,roberta.encoder.layer.1.attention.self.query.weight
roberta-base,rte,0.06339014321565628,9,roberta.encoder.layer.1.attention.self.value.weight
roberta-base,rte,0.12655764818191528,10,roberta.encoder.layer.1.intermediate.dense.weight
roberta-base,rte,0.14243023097515106,11,roberta.encoder.layer.1.output.dense.weight
roberta-base,rte,0.10177630186080933,12,roberta.encoder.layer.10.attention.output.dense.weight
roberta-base,rte,0.09794782102108002,13,roberta.encoder.layer.10.attention.self.key.weight
roberta-base,rte,0.1023530587553978,14,roberta.encoder.layer.10.attention.self.query.weight
roberta-base,rte,0.11330896615982056,15,roberta.encoder.layer.10.attention.self.value.weight
roberta-base,rte,0.1714901179075241,16,roberta.encoder.layer.10.intermediate.dense.weight
roberta-base,rte,0.161708801984787,17,roberta.encoder.layer.10.output.dense.weight
roberta-base,rte,0.10552573204040527,18,roberta.encoder.layer.11.attention.output.dense.weight
roberta-base,rte,0.09503795206546783,19,roberta.encoder.layer.11.attention.self.key.weight
roberta-base,rte,0.08524401485919952,20,roberta.encoder.layer.11.attention.self.query.weight
roberta-base,rte,0.11063691228628159,21,roberta.encoder.layer.11.attention.self.value.weight
roberta-base,rte,0.16778428852558136,22,roberta.encoder.layer.11.intermediate.dense.weight
roberta-base,rte,0.1295369565486908,23,roberta.encoder.layer.11.output.dense.weight
roberta-base,rte,0.07032861560583115,24,roberta.encoder.layer.2.attention.output.dense.weight
roberta-base,rte,0.057536423206329346,25,roberta.encoder.layer.2.attention.self.key.weight
roberta-base,rte,0.058009352535009384,26,roberta.encoder.layer.2.attention.self.query.weight
roberta-base,rte,0.06673354655504227,27,roberta.encoder.layer.2.attention.self.value.weight
roberta-base,rte,0.1378251016139984,28,roberta.encoder.layer.2.intermediate.dense.weight
roberta-base,rte,0.1661483198404312,29,roberta.encoder.layer.2.output.dense.weight
roberta-base,rte,0.08302701264619827,30,roberta.encoder.layer.3.attention.output.dense.weight
roberta-base,rte,0.06499458849430084,31,roberta.encoder.layer.3.attention.self.key.weight
roberta-base,rte,0.06497135013341904,32,roberta.encoder.layer.3.attention.self.query.weight
roberta-base,rte,0.07668925076723099,33,roberta.encoder.layer.3.attention.self.value.weight
roberta-base,rte,0.14689689874649048,34,roberta.encoder.layer.3.intermediate.dense.weight
roberta-base,rte,0.18311923742294312,35,roberta.encoder.layer.3.output.dense.weight
roberta-base,rte,0.09229222685098648,36,roberta.encoder.layer.4.attention.output.dense.weight
roberta-base,rte,0.06408955901861191,37,roberta.encoder.layer.4.attention.self.key.weight
roberta-base,rte,0.06327686458826065,38,roberta.encoder.layer.4.attention.self.query.weight
roberta-base,rte,0.08503016084432602,39,roberta.encoder.layer.4.attention.self.value.weight
roberta-base,rte,0.15853121876716614,40,roberta.encoder.layer.4.intermediate.dense.weight
roberta-base,rte,0.199820876121521,41,roberta.encoder.layer.4.output.dense.weight
roberta-base,rte,0.09924866259098053,42,roberta.encoder.layer.5.attention.output.dense.weight
roberta-base,rte,0.07338634878396988,43,roberta.encoder.layer.5.attention.self.key.weight
roberta-base,rte,0.07492808252573013,44,roberta.encoder.layer.5.attention.self.query.weight
roberta-base,rte,0.09371625632047653,45,roberta.encoder.layer.5.attention.self.value.weight
roberta-base,rte,0.16903139650821686,46,roberta.encoder.layer.5.intermediate.dense.weight
roberta-base,rte,0.21622948348522186,47,roberta.encoder.layer.5.output.dense.weight
roberta-base,rte,0.10936873406171799,48,roberta.encoder.layer.6.attention.output.dense.weight
roberta-base,rte,0.07567047327756882,49,roberta.encoder.layer.6.attention.self.key.weight
roberta-base,rte,0.07743807137012482,50,roberta.encoder.layer.6.attention.self.query.weight
roberta-base,rte,0.10523039102554321,51,roberta.encoder.layer.6.attention.self.value.weight
roberta-base,rte,0.18534398078918457,52,roberta.encoder.layer.6.intermediate.dense.weight
roberta-base,rte,0.22906847298145294,53,roberta.encoder.layer.6.output.dense.weight
roberta-base,rte,0.11512523144483566,54,roberta.encoder.layer.7.attention.output.dense.weight
roberta-base,rte,0.08328127861022949,55,roberta.encoder.layer.7.attention.self.key.weight
roberta-base,rte,0.08715153485536575,56,roberta.encoder.layer.7.attention.self.query.weight
roberta-base,rte,0.11044546961784363,57,roberta.encoder.layer.7.attention.self.value.weight
roberta-base,rte,0.196756973862648,58,roberta.encoder.layer.7.intermediate.dense.weight
roberta-base,rte,0.22313520312309265,59,roberta.encoder.layer.7.output.dense.weight
roberta-base,rte,0.11548243463039398,60,roberta.encoder.layer.8.attention.output.dense.weight
roberta-base,rte,0.09135720133781433,61,roberta.encoder.layer.8.attention.self.key.weight
roberta-base,rte,0.09242422133684158,62,roberta.encoder.layer.8.attention.self.query.weight
roberta-base,rte,0.11584542691707611,63,roberta.encoder.layer.8.attention.self.value.weight
roberta-base,rte,0.19742682576179504,64,roberta.encoder.layer.8.intermediate.dense.weight
roberta-base,rte,0.20689213275909424,65,roberta.encoder.layer.8.output.dense.weight
roberta-base,rte,0.10585126280784607,66,roberta.encoder.layer.9.attention.output.dense.weight
roberta-base,rte,0.09118500351905823,67,roberta.encoder.layer.9.attention.self.key.weight
roberta-base,rte,0.09546006470918655,68,roberta.encoder.layer.9.attention.self.query.weight
roberta-base,rte,0.1103220134973526,69,roberta.encoder.layer.9.attention.self.value.weight
roberta-base,rte,0.1885290890932083,70,roberta.encoder.layer.9.intermediate.dense.weight
roberta-base,rte,0.18719421327114105,71,roberta.encoder.layer.9.output.dense.weight
roberta-base,sst2,0.4875095784664154,0,roberta.encoder.layer.0.attention.output.dense.weight
roberta-base,sst2,0.5214166641235352,1,roberta.encoder.layer.0.attention.self.key.weight
roberta-base,sst2,0.5215064287185669,2,roberta.encoder.layer.0.attention.self.query.weight
roberta-base,sst2,0.5033475160598755,3,roberta.encoder.layer.0.attention.self.value.weight
roberta-base,sst2,1.0073963403701782,4,roberta.encoder.layer.0.intermediate.dense.weight
roberta-base,sst2,0.9118838906288147,5,roberta.encoder.layer.0.output.dense.weight
roberta-base,sst2,0.44753915071487427,6,roberta.encoder.layer.1.attention.output.dense.weight
roberta-base,sst2,0.46644067764282227,7,roberta.encoder.layer.1.attention.self.key.weight
roberta-base,sst2,0.47365981340408325,8,roberta.encoder.layer.1.attention.self.query.weight
roberta-base,sst2,0.44809266924858093,9,roberta.encoder.layer.1.attention.self.value.weight
roberta-base,sst2,1.0168108940124512,10,roberta.encoder.layer.1.intermediate.dense.weight
roberta-base,sst2,0.9108849167823792,11,roberta.encoder.layer.1.output.dense.weight
roberta-base,sst2,0.4215974807739258,12,roberta.encoder.layer.10.attention.output.dense.weight
roberta-base,sst2,0.4870617389678955,13,roberta.encoder.layer.10.attention.self.key.weight
roberta-base,sst2,0.5212693214416504,14,roberta.encoder.layer.10.attention.self.query.weight
roberta-base,sst2,0.4084995985031128,15,roberta.encoder.layer.10.attention.self.value.weight
roberta-base,sst2,0.8365287184715271,16,roberta.encoder.layer.10.intermediate.dense.weight
roberta-base,sst2,0.6922059059143066,17,roberta.encoder.layer.10.output.dense.weight
roberta-base,sst2,0.42277970910072327,18,roberta.encoder.layer.11.attention.output.dense.weight
roberta-base,sst2,0.42958584427833557,19,roberta.encoder.layer.11.attention.self.key.weight
roberta-base,sst2,0.4711911678314209,20,roberta.encoder.layer.11.attention.self.query.weight
roberta-base,sst2,0.4064066410064697,21,roberta.encoder.layer.11.attention.self.value.weight
roberta-base,sst2,0.8948920369148254,22,roberta.encoder.layer.11.intermediate.dense.weight
roberta-base,sst2,0.6165862679481506,23,roberta.encoder.layer.11.output.dense.weight
roberta-base,sst2,0.45018672943115234,24,roberta.encoder.layer.2.attention.output.dense.weight
roberta-base,sst2,0.4874042570590973,25,roberta.encoder.layer.2.attention.self.key.weight
roberta-base,sst2,0.48748305439949036,26,roberta.encoder.layer.2.attention.self.query.weight
roberta-base,sst2,0.44752010703086853,27,roberta.encoder.layer.2.attention.self.value.weight
roberta-base,sst2,1.0039924383163452,28,roberta.encoder.layer.2.intermediate.dense.weight
roberta-base,sst2,0.8355695605278015,29,roberta.encoder.layer.2.output.dense.weight
roberta-base,sst2,0.4230661392211914,30,roberta.encoder.layer.3.attention.output.dense.weight
roberta-base,sst2,0.47760602831840515,31,roberta.encoder.layer.3.attention.self.key.weight
roberta-base,sst2,0.4847652316093445,32,roberta.encoder.layer.3.attention.self.query.weight
roberta-base,sst2,0.41671109199523926,33,roberta.encoder.layer.3.attention.self.value.weight
roberta-base,sst2,1.0111913681030273,34,roberta.encoder.layer.3.intermediate.dense.weight
roberta-base,sst2,0.8212606310844421,35,roberta.encoder.layer.3.output.dense.weight
roberta-base,sst2,0.43431442975997925,36,roberta.encoder.layer.4.attention.output.dense.weight
roberta-base,sst2,0.49951860308647156,37,roberta.encoder.layer.4.attention.self.key.weight
roberta-base,sst2,0.5038033723831177,38,roberta.encoder.layer.4.attention.self.query.weight
roberta-base,sst2,0.436833918094635,39,roberta.encoder.layer.4.attention.self.value.weight
roberta-base,sst2,1.023433804512024,40,roberta.encoder.layer.4.intermediate.dense.weight
roberta-base,sst2,0.8308379650115967,41,roberta.encoder.layer.4.output.dense.weight
roberta-base,sst2,0.45517852902412415,42,roberta.encoder.layer.5.attention.output.dense.weight
roberta-base,sst2,0.5300526022911072,43,roberta.encoder.layer.5.attention.self.key.weight
roberta-base,sst2,0.5254937410354614,44,roberta.encoder.layer.5.attention.self.query.weight
roberta-base,sst2,0.4479251205921173,45,roberta.encoder.layer.5.attention.self.value.weight
roberta-base,sst2,1.0612659454345703,46,roberta.encoder.layer.5.intermediate.dense.weight
roberta-base,sst2,0.8429615497589111,47,roberta.encoder.layer.5.output.dense.weight
roberta-base,sst2,0.4764607548713684,48,roberta.encoder.layer.6.attention.output.dense.weight
roberta-base,sst2,0.557920515537262,49,roberta.encoder.layer.6.attention.self.key.weight
roberta-base,sst2,0.5561938285827637,50,roberta.encoder.layer.6.attention.self.query.weight
roberta-base,sst2,0.4605845510959625,51,roberta.encoder.layer.6.attention.self.value.weight
roberta-base,sst2,1.06686270236969,52,roberta.encoder.layer.6.intermediate.dense.weight
roberta-base,sst2,0.8233163356781006,53,roberta.encoder.layer.6.output.dense.weight
roberta-base,sst2,0.46828582882881165,54,roberta.encoder.layer.7.attention.output.dense.weight
roberta-base,sst2,0.5462275147438049,55,roberta.encoder.layer.7.attention.self.key.weight
roberta-base,sst2,0.5490772724151611,56,roberta.encoder.layer.7.attention.self.query.weight
roberta-base,sst2,0.45170602202415466,57,roberta.encoder.layer.7.attention.self.value.weight
roberta-base,sst2,1.0544259548187256,58,roberta.encoder.layer.7.intermediate.dense.weight
roberta-base,sst2,0.8155238032341003,59,roberta.encoder.layer.7.output.dense.weight
roberta-base,sst2,0.4585201144218445,60,roberta.encoder.layer.8.attention.output.dense.weight
roberta-base,sst2,0.5456723570823669,61,roberta.encoder.layer.8.attention.self.key.weight
roberta-base,sst2,0.548170268535614,62,roberta.encoder.layer.8.attention.self.query.weight
roberta-base,sst2,0.4546176493167877,63,roberta.encoder.layer.8.attention.self.value.weight
roberta-base,sst2,1.0191054344177246,64,roberta.encoder.layer.8.intermediate.dense.weight
roberta-base,sst2,0.8200002312660217,65,roberta.encoder.layer.8.output.dense.weight
roberta-base,sst2,0.4507156312465668,66,roberta.encoder.layer.9.attention.output.dense.weight
roberta-base,sst2,0.5237478613853455,67,roberta.encoder.layer.9.attention.self.key.weight
roberta-base,sst2,0.521971583366394,68,roberta.encoder.layer.9.attention.self.query.weight
roberta-base,sst2,0.4427841007709503,69,roberta.encoder.layer.9.attention.self.value.weight
roberta-base,sst2,0.9494591355323792,70,roberta.encoder.layer.9.intermediate.dense.weight
roberta-base,sst2,0.7565045356750488,71,roberta.encoder.layer.9.output.dense.weight
roberta-base,stsb,0.09526608139276505,0,roberta.encoder.layer.0.attention.output.dense.weight
roberta-base,stsb,0.0784166231751442,1,roberta.encoder.layer.0.attention.self.key.weight
roberta-base,stsb,0.08345166593790054,2,roberta.encoder.layer.0.attention.self.query.weight
roberta-base,stsb,0.09265463054180145,3,roberta.encoder.layer.0.attention.self.value.weight
roberta-base,stsb,0.20834268629550934,4,roberta.encoder.layer.0.intermediate.dense.weight
roberta-base,stsb,0.23892749845981598,5,roberta.encoder.layer.0.output.dense.weight
roberta-base,stsb,0.10899856686592102,6,roberta.encoder.layer.1.attention.output.dense.weight
roberta-base,stsb,0.0869843065738678,7,roberta.encoder.layer.1.attention.self.key.weight
roberta-base,stsb,0.0911969393491745,8,roberta.encoder.layer.1.attention.self.query.weight
roberta-base,stsb,0.102419912815094,9,roberta.encoder.layer.1.attention.self.value.weight
roberta-base,stsb,0.2253188043832779,10,roberta.encoder.layer.1.intermediate.dense.weight
roberta-base,stsb,0.2543288469314575,11,roberta.encoder.layer.1.output.dense.weight
roberta-base,stsb,0.18300092220306396,12,roberta.encoder.layer.10.attention.output.dense.weight
roberta-base,stsb,0.1535363346338272,13,roberta.encoder.layer.10.attention.self.key.weight
roberta-base,stsb,0.15677082538604736,14,roberta.encoder.layer.10.attention.self.query.weight
roberta-base,stsb,0.18407614529132843,15,roberta.encoder.layer.10.attention.self.value.weight
roberta-base,stsb,0.35437607765197754,16,roberta.encoder.layer.10.intermediate.dense.weight
roberta-base,stsb,0.351642370223999,17,roberta.encoder.layer.10.output.dense.weight
roberta-base,stsb,0.2053130865097046,18,roberta.encoder.layer.11.attention.output.dense.weight
roberta-base,stsb,0.18874648213386536,19,roberta.encoder.layer.11.attention.self.key.weight
roberta-base,stsb,0.18343617022037506,20,roberta.encoder.layer.11.attention.self.query.weight
roberta-base,stsb,0.19309428334236145,21,roberta.encoder.layer.11.attention.self.value.weight
roberta-base,stsb,0.38269364833831787,22,roberta.encoder.layer.11.intermediate.dense.weight
roberta-base,stsb,0.42865967750549316,23,roberta.encoder.layer.11.output.dense.weight
roberta-base,stsb,0.1219143494963646,24,roberta.encoder.layer.2.attention.output.dense.weight
roberta-base,stsb,0.10521306842565536,25,roberta.encoder.layer.2.attention.self.key.weight
roberta-base,stsb,0.10736223310232162,26,roberta.encoder.layer.2.attention.self.query.weight
roberta-base,stsb,0.1165933758020401,27,roberta.encoder.layer.2.attention.self.value.weight
roberta-base,stsb,0.26140519976615906,28,roberta.encoder.layer.2.intermediate.dense.weight
roberta-base,stsb,0.29029038548469543,29,roberta.encoder.layer.2.output.dense.weight
roberta-base,stsb,0.1479337066411972,30,roberta.encoder.layer.3.attention.output.dense.weight
roberta-base,stsb,0.11685530096292496,31,roberta.encoder.layer.3.attention.self.key.weight
roberta-base,stsb,0.11904103308916092,32,roberta.encoder.layer.3.attention.self.query.weight
roberta-base,stsb,0.14144366979599,33,roberta.encoder.layer.3.attention.self.value.weight
roberta-base,stsb,0.29322803020477295,34,roberta.encoder.layer.3.intermediate.dense.weight
roberta-base,stsb,0.3258660137653351,35,roberta.encoder.layer.3.output.dense.weight
roberta-base,stsb,0.16654714941978455,36,roberta.encoder.layer.4.attention.output.dense.weight
roberta-base,stsb,0.1462695449590683,37,roberta.encoder.layer.4.attention.self.key.weight
roberta-base,stsb,0.1446150243282318,38,roberta.encoder.layer.4.attention.self.query.weight
roberta-base,stsb,0.15896417200565338,39,roberta.encoder.layer.4.attention.self.value.weight
roberta-base,stsb,0.314759761095047,40,roberta.encoder.layer.4.intermediate.dense.weight
roberta-base,stsb,0.35413140058517456,41,roberta.encoder.layer.4.output.dense.weight
roberta-base,stsb,0.17454738914966583,42,roberta.encoder.layer.5.attention.output.dense.weight
roberta-base,stsb,0.15970538556575775,43,roberta.encoder.layer.5.attention.self.key.weight
roberta-base,stsb,0.1639036387205124,44,roberta.encoder.layer.5.attention.self.query.weight
roberta-base,stsb,0.16738416254520416,45,roberta.encoder.layer.5.attention.self.value.weight
roberta-base,stsb,0.3248695433139801,46,roberta.encoder.layer.5.intermediate.dense.weight
roberta-base,stsb,0.3656999468803406,47,roberta.encoder.layer.5.output.dense.weight
roberta-base,stsb,0.1726946085691452,48,roberta.encoder.layer.6.attention.output.dense.weight
roberta-base,stsb,0.16182255744934082,49,roberta.encoder.layer.6.attention.self.key.weight
roberta-base,stsb,0.1652643084526062,50,roberta.encoder.layer.6.attention.self.query.weight
roberta-base,stsb,0.17423857748508453,51,roberta.encoder.layer.6.attention.self.value.weight
roberta-base,stsb,0.3376066982746124,52,roberta.encoder.layer.6.intermediate.dense.weight
roberta-base,stsb,0.36199840903282166,53,roberta.encoder.layer.6.output.dense.weight
roberta-base,stsb,0.18210719525814056,54,roberta.encoder.layer.7.attention.output.dense.weight
roberta-base,stsb,0.15948355197906494,55,roberta.encoder.layer.7.attention.self.key.weight
roberta-base,stsb,0.16151174902915955,56,roberta.encoder.layer.7.attention.self.query.weight
roberta-base,stsb,0.17280346155166626,57,roberta.encoder.layer.7.attention.self.value.weight
roberta-base,stsb,0.3463231921195984,58,roberta.encoder.layer.7.intermediate.dense.weight
roberta-base,stsb,0.3704676330089569,59,roberta.encoder.layer.7.output.dense.weight
roberta-base,stsb,0.1838720589876175,60,roberta.encoder.layer.8.attention.output.dense.weight
roberta-base,stsb,0.17347821593284607,61,roberta.encoder.layer.8.attention.self.key.weight
roberta-base,stsb,0.17315830290317535,62,roberta.encoder.layer.8.attention.self.query.weight
roberta-base,stsb,0.18470822274684906,63,roberta.encoder.layer.8.attention.self.value.weight
roberta-base,stsb,0.3484310209751129,64,roberta.encoder.layer.8.intermediate.dense.weight
roberta-base,stsb,0.3748535215854645,65,roberta.encoder.layer.8.output.dense.weight
roberta-base,stsb,0.18107518553733826,66,roberta.encoder.layer.9.attention.output.dense.weight
roberta-base,stsb,0.16372618079185486,67,roberta.encoder.layer.9.attention.self.key.weight
roberta-base,stsb,0.16534262895584106,68,roberta.encoder.layer.9.attention.self.query.weight
roberta-base,stsb,0.1840655505657196,69,roberta.encoder.layer.9.attention.self.value.weight
roberta-base,stsb,0.3487153649330139,70,roberta.encoder.layer.9.intermediate.dense.weight
roberta-base,stsb,0.37326735258102417,71,roberta.encoder.layer.9.output.dense.weight
roberta-large,cola,0.12446266412734985,0,roberta.encoder.layer.0.attention.output.dense.weight
roberta-large,cola,0.12219589948654175,1,roberta.encoder.layer.0.attention.self.key.weight
roberta-large,cola,0.12272343784570694,2,roberta.encoder.layer.0.attention.self.query.weight
roberta-large,cola,0.12460484355688095,3,roberta.encoder.layer.0.attention.self.value.weight
roberta-large,cola,0.24137917160987854,4,roberta.encoder.layer.0.intermediate.dense.weight
roberta-large,cola,0.24108350276947021,5,roberta.encoder.layer.0.output.dense.weight
roberta-large,cola,0.12449061870574951,6,roberta.encoder.layer.1.attention.output.dense.weight
roberta-large,cola,0.12374639511108398,7,roberta.encoder.layer.1.attention.self.key.weight
roberta-large,cola,0.12469615042209625,8,roberta.encoder.layer.1.attention.self.query.weight
roberta-large,cola,0.12328489869832993,9,roberta.encoder.layer.1.attention.self.value.weight
roberta-large,cola,0.22040463984012604,10,roberta.encoder.layer.1.intermediate.dense.weight
roberta-large,cola,0.21996565163135529,11,roberta.encoder.layer.1.output.dense.weight
roberta-large,cola,0.141813725233078,12,roberta.encoder.layer.10.attention.output.dense.weight
roberta-large,cola,0.14210163056850433,13,roberta.encoder.layer.10.attention.self.key.weight
roberta-large,cola,0.14122004806995392,14,roberta.encoder.layer.10.attention.self.query.weight
roberta-large,cola,0.138242706656456,15,roberta.encoder.layer.10.attention.self.value.weight
roberta-large,cola,0.3031855821609497,16,roberta.encoder.layer.10.intermediate.dense.weight
roberta-large,cola,0.28568029403686523,17,roberta.encoder.layer.10.output.dense.weight
roberta-large,cola,0.1453557312488556,18,roberta.encoder.layer.11.attention.output.dense.weight
roberta-large,cola,0.14339809119701385,19,roberta.encoder.layer.11.attention.self.key.weight
roberta-large,cola,0.1467723250389099,20,roberta.encoder.layer.11.attention.self.query.weight
roberta-large,cola,0.14223448932170868,21,roberta.encoder.layer.11.attention.self.value.weight
roberta-large,cola,0.3065972924232483,22,roberta.encoder.layer.11.intermediate.dense.weight
roberta-large,cola,0.26852142810821533,23,roberta.encoder.layer.11.output.dense.weight
roberta-large,cola,0.14498069882392883,24,roberta.encoder.layer.12.attention.output.dense.weight
roberta-large,cola,0.14766740798950195,25,roberta.encoder.layer.12.attention.self.key.weight
roberta-large,cola,0.1492578238248825,26,roberta.encoder.layer.12.attention.self.query.weight
roberta-large,cola,0.14145256578922272,27,roberta.encoder.layer.12.attention.self.value.weight
roberta-large,cola,0.30882617831230164,28,roberta.encoder.layer.12.intermediate.dense.weight
roberta-large,cola,0.27317777276039124,29,roberta.encoder.layer.12.output.dense.weight
roberta-large,cola,0.14207762479782104,30,roberta.encoder.layer.13.attention.output.dense.weight
roberta-large,cola,0.15156470239162445,31,roberta.encoder.layer.13.attention.self.key.weight
roberta-large,cola,0.1523403525352478,32,roberta.encoder.layer.13.attention.self.query.weight
roberta-large,cola,0.14156000316143036,33,roberta.encoder.layer.13.attention.self.value.weight
roberta-large,cola,0.30774256587028503,34,roberta.encoder.layer.13.intermediate.dense.weight
roberta-large,cola,0.2610170841217041,35,roberta.encoder.layer.13.output.dense.weight
roberta-large,cola,0.13957653939723969,36,roberta.encoder.layer.14.attention.output.dense.weight
roberta-large,cola,0.1463952511548996,37,roberta.encoder.layer.14.attention.self.key.weight
roberta-large,cola,0.1476186215877533,38,roberta.encoder.layer.14.attention.self.query.weight
roberta-large,cola,0.13680380582809448,39,roberta.encoder.layer.14.attention.self.value.weight
roberta-large,cola,0.30686521530151367,40,roberta.encoder.layer.14.intermediate.dense.weight
roberta-large,cola,0.2694377899169922,41,roberta.encoder.layer.14.output.dense.weight
roberta-large,cola,0.14141295850276947,42,roberta.encoder.layer.15.attention.output.dense.weight
roberta-large,cola,0.15589870512485504,43,roberta.encoder.layer.15.attention.self.key.weight
roberta-large,cola,0.1562223732471466,44,roberta.encoder.layer.15.attention.self.query.weight
roberta-large,cola,0.14137791097164154,45,roberta.encoder.layer.15.attention.self.value.weight
roberta-large,cola,0.30081483721733093,46,roberta.encoder.layer.15.intermediate.dense.weight
roberta-large,cola,0.2445598542690277,47,roberta.encoder.layer.15.output.dense.weight
roberta-large,cola,0.14770019054412842,48,roberta.encoder.layer.16.attention.output.dense.weight
roberta-large,cola,0.15527407824993134,49,roberta.encoder.layer.16.attention.self.key.weight
roberta-large,cola,0.1582767218351364,50,roberta.encoder.layer.16.attention.self.query.weight
roberta-large,cola,0.14097005128860474,51,roberta.encoder.layer.16.attention.self.value.weight
roberta-large,cola,0.2908594608306885,52,roberta.encoder.layer.16.intermediate.dense.weight
roberta-large,cola,0.24399986863136292,53,roberta.encoder.layer.16.output.dense.weight
roberta-large,cola,0.1464938372373581,54,roberta.encoder.layer.17.attention.output.dense.weight
roberta-large,cola,0.14482805132865906,55,roberta.encoder.layer.17.attention.self.key.weight
roberta-large,cola,0.147767573595047,56,roberta.encoder.layer.17.attention.self.query.weight
roberta-large,cola,0.14406462013721466,57,roberta.encoder.layer.17.attention.self.value.weight
roberta-large,cola,0.284515917301178,58,roberta.encoder.layer.17.intermediate.dense.weight
roberta-large,cola,0.23573116958141327,59,roberta.encoder.layer.17.output.dense.weight
roberta-large,cola,0.1476920247077942,60,roberta.encoder.layer.18.attention.output.dense.weight
roberta-large,cola,0.147670716047287,61,roberta.encoder.layer.18.attention.self.key.weight
roberta-large,cola,0.1488693505525589,62,roberta.encoder.layer.18.attention.self.query.weight
roberta-large,cola,0.148049995303154,63,roberta.encoder.layer.18.attention.self.value.weight
roberta-large,cola,0.28721845149993896,64,roberta.encoder.layer.18.intermediate.dense.weight
roberta-large,cola,0.2361290603876114,65,roberta.encoder.layer.18.output.dense.weight
roberta-large,cola,0.14909863471984863,66,roberta.encoder.layer.19.attention.output.dense.weight
roberta-large,cola,0.14780539274215698,67,roberta.encoder.layer.19.attention.self.key.weight
roberta-large,cola,0.15067553520202637,68,roberta.encoder.layer.19.attention.self.query.weight
roberta-large,cola,0.149824321269989,69,roberta.encoder.layer.19.attention.self.value.weight
roberta-large,cola,0.2841241955757141,70,roberta.encoder.layer.19.intermediate.dense.weight
roberta-large,cola,0.2233455777168274,71,roberta.encoder.layer.19.output.dense.weight
roberta-large,cola,0.12256510555744171,72,roberta.encoder.layer.2.attention.output.dense.weight
roberta-large,cola,0.10492875427007675,73,roberta.encoder.layer.2.attention.self.key.weight
roberta-large,cola,0.10546120256185532,74,roberta.encoder.layer.2.attention.self.query.weight
roberta-large,cola,0.12087845802307129,75,roberta.encoder.layer.2.attention.self.value.weight
roberta-large,cola,0.23703177273273468,76,roberta.encoder.layer.2.intermediate.dense.weight
roberta-large,cola,0.2337711900472641,77,roberta.encoder.layer.2.output.dense.weight
roberta-large,cola,0.1495056003332138,78,roberta.encoder.layer.20.attention.output.dense.weight
roberta-large,cola,0.14265373349189758,79,roberta.encoder.layer.20.attention.self.key.weight
roberta-large,cola,0.14523163437843323,80,roberta.encoder.layer.20.attention.self.query.weight
roberta-large,cola,0.15210549533367157,81,roberta.encoder.layer.20.attention.self.value.weight
roberta-large,cola,0.27741357684135437,82,roberta.encoder.layer.20.intermediate.dense.weight
roberta-large,cola,0.22212567925453186,83,roberta.encoder.layer.20.output.dense.weight
roberta-large,cola,0.1477167159318924,84,roberta.encoder.layer.21.attention.output.dense.weight
roberta-large,cola,0.15113353729248047,85,roberta.encoder.layer.21.attention.self.key.weight
roberta-large,cola,0.1554846316576004,86,roberta.encoder.layer.21.attention.self.query.weight
roberta-large,cola,0.15531837940216064,87,roberta.encoder.layer.21.attention.self.value.weight
roberta-large,cola,0.26968973875045776,88,roberta.encoder.layer.21.intermediate.dense.weight
roberta-large,cola,0.2056746780872345,89,roberta.encoder.layer.21.output.dense.weight
roberta-large,cola,0.15973380208015442,90,roberta.encoder.layer.22.attention.output.dense.weight
roberta-large,cola,0.14062175154685974,91,roberta.encoder.layer.22.attention.self.key.weight
roberta-large,cola,0.1396670937538147,92,roberta.encoder.layer.22.attention.self.query.weight
roberta-large,cola,0.16002178192138672,93,roberta.encoder.layer.22.attention.self.value.weight
roberta-large,cola,0.2603456974029541,94,roberta.encoder.layer.22.intermediate.dense.weight
roberta-large,cola,0.22572174668312073,95,roberta.encoder.layer.22.output.dense.weight
roberta-large,cola,0.19542795419692993,96,roberta.encoder.layer.23.attention.output.dense.weight
roberta-large,cola,0.1477101743221283,97,roberta.encoder.layer.23.attention.self.key.weight
roberta-large,cola,0.13370591402053833,98,roberta.encoder.layer.23.attention.self.query.weight
roberta-large,cola,0.18612149357795715,99,roberta.encoder.layer.23.attention.self.value.weight
roberta-large,cola,0.32342520356178284,100,roberta.encoder.layer.23.intermediate.dense.weight
roberta-large,cola,0.2489653080701828,101,roberta.encoder.layer.23.output.dense.weight
roberta-large,cola,0.12408271431922913,102,roberta.encoder.layer.3.attention.output.dense.weight
roberta-large,cola,0.11789394915103912,103,roberta.encoder.layer.3.attention.self.key.weight
roberta-large,cola,0.11749432981014252,104,roberta.encoder.layer.3.attention.self.query.weight
roberta-large,cola,0.12437444180250168,105,roberta.encoder.layer.3.attention.self.value.weight
roberta-large,cola,0.2574620246887207,106,roberta.encoder.layer.3.intermediate.dense.weight
roberta-large,cola,0.2552184760570526,107,roberta.encoder.layer.3.output.dense.weight
roberta-large,cola,0.12360159307718277,108,roberta.encoder.layer.4.attention.output.dense.weight
roberta-large,cola,0.12316978722810745,109,roberta.encoder.layer.4.attention.self.key.weight
roberta-large,cola,0.12480323761701584,110,roberta.encoder.layer.4.attention.self.query.weight
roberta-large,cola,0.1230134665966034,111,roberta.encoder.layer.4.attention.self.value.weight
roberta-large,cola,0.2640177309513092,112,roberta.encoder.layer.4.intermediate.dense.weight
roberta-large,cola,0.26114094257354736,113,roberta.encoder.layer.4.output.dense.weight
roberta-large,cola,0.12778528034687042,114,roberta.encoder.layer.5.attention.output.dense.weight
roberta-large,cola,0.12708142399787903,115,roberta.encoder.layer.5.attention.self.key.weight
roberta-large,cola,0.126883864402771,116,roberta.encoder.layer.5.attention.self.query.weight
roberta-large,cola,0.1278868019580841,117,roberta.encoder.layer.5.attention.self.value.weight
roberta-large,cola,0.2713986933231354,118,roberta.encoder.layer.5.intermediate.dense.weight
roberta-large,cola,0.2689144015312195,119,roberta.encoder.layer.5.output.dense.weight
roberta-large,cola,0.13556097447872162,120,roberta.encoder.layer.6.attention.output.dense.weight
roberta-large,cola,0.13312877714633942,121,roberta.encoder.layer.6.attention.self.key.weight
roberta-large,cola,0.1320236176252365,122,roberta.encoder.layer.6.attention.self.query.weight
roberta-large,cola,0.1358759105205536,123,roberta.encoder.layer.6.attention.self.value.weight
roberta-large,cola,0.2775811553001404,124,roberta.encoder.layer.6.intermediate.dense.weight
roberta-large,cola,0.27246028184890747,125,roberta.encoder.layer.6.output.dense.weight
roberta-large,cola,0.1331707090139389,126,roberta.encoder.layer.7.attention.output.dense.weight
roberta-large,cola,0.12960068881511688,127,roberta.encoder.layer.7.attention.self.key.weight
roberta-large,cola,0.1309889703989029,128,roberta.encoder.layer.7.attention.self.query.weight
roberta-large,cola,0.1337205022573471,129,roberta.encoder.layer.7.attention.self.value.weight
roberta-large,cola,0.28446272015571594,130,roberta.encoder.layer.7.intermediate.dense.weight
roberta-large,cola,0.28536027669906616,131,roberta.encoder.layer.7.output.dense.weight
roberta-large,cola,0.13835814595222473,132,roberta.encoder.layer.8.attention.output.dense.weight
roberta-large,cola,0.13156211376190186,133,roberta.encoder.layer.8.attention.self.key.weight
roberta-large,cola,0.13278356194496155,134,roberta.encoder.layer.8.attention.self.query.weight
roberta-large,cola,0.1391899436712265,135,roberta.encoder.layer.8.attention.self.value.weight
roberta-large,cola,0.2929036617279053,136,roberta.encoder.layer.8.intermediate.dense.weight
roberta-large,cola,0.28712955117225647,137,roberta.encoder.layer.8.output.dense.weight
roberta-large,cola,0.13890108466148376,138,roberta.encoder.layer.9.attention.output.dense.weight
roberta-large,cola,0.13851843774318695,139,roberta.encoder.layer.9.attention.self.key.weight
roberta-large,cola,0.13929793238639832,140,roberta.encoder.layer.9.attention.self.query.weight
roberta-large,cola,0.1386421024799347,141,roberta.encoder.layer.9.attention.self.value.weight
roberta-large,cola,0.29768338799476624,142,roberta.encoder.layer.9.intermediate.dense.weight
roberta-large,cola,0.28110378980636597,143,roberta.encoder.layer.9.output.dense.weight
roberta-large,mnli,0.6147512197494507,0,roberta.encoder.layer.0.attention.output.dense.weight
roberta-large,mnli,0.6342844367027283,1,roberta.encoder.layer.0.attention.self.key.weight
roberta-large,mnli,0.6361616253852844,2,roberta.encoder.layer.0.attention.self.query.weight
roberta-large,mnli,0.6056918501853943,3,roberta.encoder.layer.0.attention.self.value.weight
roberta-large,mnli,1.2840023040771484,4,roberta.encoder.layer.0.intermediate.dense.weight
roberta-large,mnli,1.2896710634231567,5,roberta.encoder.layer.0.output.dense.weight
roberta-large,mnli,0.591985821723938,6,roberta.encoder.layer.1.attention.output.dense.weight
roberta-large,mnli,0.6074214577674866,7,roberta.encoder.layer.1.attention.self.key.weight
roberta-large,mnli,0.6213871240615845,8,roberta.encoder.layer.1.attention.self.query.weight
roberta-large,mnli,0.5902541875839233,9,roberta.encoder.layer.1.attention.self.value.weight
roberta-large,mnli,1.1405771970748901,10,roberta.encoder.layer.1.intermediate.dense.weight
roberta-large,mnli,1.1493195295333862,11,roberta.encoder.layer.1.output.dense.weight
roberta-large,mnli,0.7103391885757446,12,roberta.encoder.layer.10.attention.output.dense.weight
roberta-large,mnli,0.7638116478919983,13,roberta.encoder.layer.10.attention.self.key.weight
roberta-large,mnli,0.7687525153160095,14,roberta.encoder.layer.10.attention.self.query.weight
roberta-large,mnli,0.7168833613395691,15,roberta.encoder.layer.10.attention.self.value.weight
roberta-large,mnli,1.5493136644363403,16,roberta.encoder.layer.10.intermediate.dense.weight
roberta-large,mnli,1.3031589984893799,17,roberta.encoder.layer.10.output.dense.weight
roberta-large,mnli,0.7256968021392822,18,roberta.encoder.layer.11.attention.output.dense.weight
roberta-large,mnli,0.7787253856658936,19,roberta.encoder.layer.11.attention.self.key.weight
roberta-large,mnli,0.7838444113731384,20,roberta.encoder.layer.11.attention.self.query.weight
roberta-large,mnli,0.7231230735778809,21,roberta.encoder.layer.11.attention.self.value.weight
roberta-large,mnli,1.5654739141464233,22,roberta.encoder.layer.11.intermediate.dense.weight
roberta-large,mnli,1.2600353956222534,23,roberta.encoder.layer.11.output.dense.weight
roberta-large,mnli,0.7253426313400269,24,roberta.encoder.layer.12.attention.output.dense.weight
roberta-large,mnli,0.7917910218238831,25,roberta.encoder.layer.12.attention.self.key.weight
roberta-large,mnli,0.7847102284431458,26,roberta.encoder.layer.12.attention.self.query.weight
roberta-large,mnli,0.7146188616752625,27,roberta.encoder.layer.12.attention.self.value.weight
roberta-large,mnli,1.5733704566955566,28,roberta.encoder.layer.12.intermediate.dense.weight
roberta-large,mnli,1.2540041208267212,29,roberta.encoder.layer.12.output.dense.weight
roberta-large,mnli,0.7346792817115784,30,roberta.encoder.layer.13.attention.output.dense.weight
roberta-large,mnli,0.7994793057441711,31,roberta.encoder.layer.13.attention.self.key.weight
roberta-large,mnli,0.8008362650871277,32,roberta.encoder.layer.13.attention.self.query.weight
roberta-large,mnli,0.7173736691474915,33,roberta.encoder.layer.13.attention.self.value.weight
roberta-large,mnli,1.5986665487289429,34,roberta.encoder.layer.13.intermediate.dense.weight
roberta-large,mnli,1.2640256881713867,35,roberta.encoder.layer.13.output.dense.weight
roberta-large,mnli,0.687125563621521,36,roberta.encoder.layer.14.attention.output.dense.weight
roberta-large,mnli,0.8061027526855469,37,roberta.encoder.layer.14.attention.self.key.weight
roberta-large,mnli,0.8147453665733337,38,roberta.encoder.layer.14.attention.self.query.weight
roberta-large,mnli,0.6790030598640442,39,roberta.encoder.layer.14.attention.self.value.weight
roberta-large,mnli,1.6034108400344849,40,roberta.encoder.layer.14.intermediate.dense.weight
roberta-large,mnli,1.2251492738723755,41,roberta.encoder.layer.14.output.dense.weight
roberta-large,mnli,0.686182975769043,42,roberta.encoder.layer.15.attention.output.dense.weight
roberta-large,mnli,0.8068309426307678,43,roberta.encoder.layer.15.attention.self.key.weight
roberta-large,mnli,0.8160844445228577,44,roberta.encoder.layer.15.attention.self.query.weight
roberta-large,mnli,0.6785939931869507,45,roberta.encoder.layer.15.attention.self.value.weight
roberta-large,mnli,1.6180078983306885,46,roberta.encoder.layer.15.intermediate.dense.weight
roberta-large,mnli,1.1601824760437012,47,roberta.encoder.layer.15.output.dense.weight
roberta-large,mnli,0.6848933696746826,48,roberta.encoder.layer.16.attention.output.dense.weight
roberta-large,mnli,0.8316354155540466,49,roberta.encoder.layer.16.attention.self.key.weight
roberta-large,mnli,0.8222219944000244,50,roberta.encoder.layer.16.attention.self.query.weight
roberta-large,mnli,0.7014656066894531,51,roberta.encoder.layer.16.attention.self.value.weight
roberta-large,mnli,1.583411455154419,52,roberta.encoder.layer.16.intermediate.dense.weight
roberta-large,mnli,1.0654404163360596,53,roberta.encoder.layer.16.output.dense.weight
roberta-large,mnli,0.6785017251968384,54,roberta.encoder.layer.17.attention.output.dense.weight
roberta-large,mnli,0.858331561088562,55,roberta.encoder.layer.17.attention.self.key.weight
roberta-large,mnli,0.8517163395881653,56,roberta.encoder.layer.17.attention.self.query.weight
roberta-large,mnli,0.666746199131012,57,roberta.encoder.layer.17.attention.self.value.weight
roberta-large,mnli,1.534247875213623,58,roberta.encoder.layer.17.intermediate.dense.weight
roberta-large,mnli,0.9919677972793579,59,roberta.encoder.layer.17.output.dense.weight
roberta-large,mnli,0.6289469599723816,60,roberta.encoder.layer.18.attention.output.dense.weight
roberta-large,mnli,0.8208731412887573,61,roberta.encoder.layer.18.attention.self.key.weight
roberta-large,mnli,0.8093374967575073,62,roberta.encoder.layer.18.attention.self.query.weight
roberta-large,mnli,0.6182860136032104,63,roberta.encoder.layer.18.attention.self.value.weight
roberta-large,mnli,1.471895694732666,64,roberta.encoder.layer.18.intermediate.dense.weight
roberta-large,mnli,0.8923846483230591,65,roberta.encoder.layer.18.output.dense.weight
roberta-large,mnli,0.5855881571769714,66,roberta.encoder.layer.19.attention.output.dense.weight
roberta-large,mnli,0.8226765990257263,67,roberta.encoder.layer.19.attention.self.key.weight
roberta-large,mnli,0.815129816532135,68,roberta.encoder.layer.19.attention.self.query.weight
roberta-large,mnli,0.5738247632980347,69,roberta.encoder.layer.19.attention.self.value.weight
roberta-large,mnli,1.3427817821502686,70,roberta.encoder.layer.19.intermediate.dense.weight
roberta-large,mnli,0.7820444703102112,71,roberta.encoder.layer.19.output.dense.weight
roberta-large,mnli,0.5674342513084412,72,roberta.encoder.layer.2.attention.output.dense.weight
roberta-large,mnli,0.5172874331474304,73,roberta.encoder.layer.2.attention.self.key.weight
roberta-large,mnli,0.5166643261909485,74,roberta.encoder.layer.2.attention.self.query.weight
roberta-large,mnli,0.5536590218544006,75,roberta.encoder.layer.2.attention.self.value.weight
roberta-large,mnli,1.2220534086227417,76,roberta.encoder.layer.2.intermediate.dense.weight
roberta-large,mnli,1.223491907119751,77,roberta.encoder.layer.2.output.dense.weight
roberta-large,mnli,0.5685673356056213,78,roberta.encoder.layer.20.attention.output.dense.weight
roberta-large,mnli,0.7513020038604736,79,roberta.encoder.layer.20.attention.self.key.weight
roberta-large,mnli,0.7649154663085938,80,roberta.encoder.layer.20.attention.self.query.weight
roberta-large,mnli,0.5675705075263977,81,roberta.encoder.layer.20.attention.self.value.weight
roberta-large,mnli,1.207968831062317,82,roberta.encoder.layer.20.intermediate.dense.weight
roberta-large,mnli,0.7283015847206116,83,roberta.encoder.layer.20.output.dense.weight
roberta-large,mnli,0.5078874826431274,84,roberta.encoder.layer.21.attention.output.dense.weight
roberta-large,mnli,0.6659147143363953,85,roberta.encoder.layer.21.attention.self.key.weight
roberta-large,mnli,0.6901682019233704,86,roberta.encoder.layer.21.attention.self.query.weight
roberta-large,mnli,0.521243155002594,87,roberta.encoder.layer.21.attention.self.value.weight
roberta-large,mnli,1.0918387174606323,88,roberta.encoder.layer.21.intermediate.dense.weight
roberta-large,mnli,0.63280189037323,89,roberta.encoder.layer.21.output.dense.weight
roberta-large,mnli,0.500212550163269,90,roberta.encoder.layer.22.attention.output.dense.weight
roberta-large,mnli,0.6241741180419922,91,roberta.encoder.layer.22.attention.self.key.weight
roberta-large,mnli,0.6288647651672363,92,roberta.encoder.layer.22.attention.self.query.weight
roberta-large,mnli,0.510125994682312,93,roberta.encoder.layer.22.attention.self.value.weight
roberta-large,mnli,0.9899770021438599,94,roberta.encoder.layer.22.intermediate.dense.weight
roberta-large,mnli,0.6141771674156189,95,roberta.encoder.layer.22.output.dense.weight
roberta-large,mnli,0.5103477239608765,96,roberta.encoder.layer.23.attention.output.dense.weight
roberta-large,mnli,0.5617713928222656,97,roberta.encoder.layer.23.attention.self.key.weight
roberta-large,mnli,0.5539701581001282,98,roberta.encoder.layer.23.attention.self.query.weight
roberta-large,mnli,0.5018776655197144,99,roberta.encoder.layer.23.attention.self.value.weight
roberta-large,mnli,1.0186351537704468,100,roberta.encoder.layer.23.intermediate.dense.weight
roberta-large,mnli,0.8546477556228638,101,roberta.encoder.layer.23.output.dense.weight
roberta-large,mnli,0.5954973101615906,102,roberta.encoder.layer.3.attention.output.dense.weight
roberta-large,mnli,0.5903833508491516,103,roberta.encoder.layer.3.attention.self.key.weight
roberta-large,mnli,0.5937462449073792,104,roberta.encoder.layer.3.attention.self.query.weight
roberta-large,mnli,0.5773447751998901,105,roberta.encoder.layer.3.attention.self.value.weight
roberta-large,mnli,1.3221379518508911,106,roberta.encoder.layer.3.intermediate.dense.weight
roberta-large,mnli,1.3028024435043335,107,roberta.encoder.layer.3.output.dense.weight
roberta-large,mnli,0.6049818992614746,108,roberta.encoder.layer.4.attention.output.dense.weight
roberta-large,mnli,0.6273897290229797,109,roberta.encoder.layer.4.attention.self.key.weight
roberta-large,mnli,0.6413690447807312,110,roberta.encoder.layer.4.attention.self.query.weight
roberta-large,mnli,0.5837201476097107,111,roberta.encoder.layer.4.attention.self.value.weight
roberta-large,mnli,1.3783715963363647,112,roberta.encoder.layer.4.intermediate.dense.weight
roberta-large,mnli,1.3452723026275635,113,roberta.encoder.layer.4.output.dense.weight
roberta-large,mnli,0.6365788578987122,114,roberta.encoder.layer.5.attention.output.dense.weight
roberta-large,mnli,0.6527741551399231,115,roberta.encoder.layer.5.attention.self.key.weight
roberta-large,mnli,0.6621221303939819,116,roberta.encoder.layer.5.attention.self.query.weight
roberta-large,mnli,0.6137417554855347,117,roberta.encoder.layer.5.attention.self.value.weight
roberta-large,mnli,1.4240854978561401,118,roberta.encoder.layer.5.intermediate.dense.weight
roberta-large,mnli,1.3722468614578247,119,roberta.encoder.layer.5.output.dense.weight
roberta-large,mnli,0.6518725752830505,120,roberta.encoder.layer.6.attention.output.dense.weight
roberta-large,mnli,0.6698457598686218,121,roberta.encoder.layer.6.attention.self.key.weight
roberta-large,mnli,0.6734427213668823,122,roberta.encoder.layer.6.attention.self.query.weight
roberta-large,mnli,0.6395156383514404,123,roberta.encoder.layer.6.attention.self.value.weight
roberta-large,mnli,1.470767617225647,124,roberta.encoder.layer.6.intermediate.dense.weight
roberta-large,mnli,1.3786762952804565,125,roberta.encoder.layer.6.output.dense.weight
roberta-large,mnli,0.6751304864883423,126,roberta.encoder.layer.7.attention.output.dense.weight
roberta-large,mnli,0.7172780632972717,127,roberta.encoder.layer.7.attention.self.key.weight
roberta-large,mnli,0.7206478118896484,128,roberta.encoder.layer.7.attention.self.query.weight
roberta-large,mnli,0.6678223609924316,129,roberta.encoder.layer.7.attention.self.value.weight
roberta-large,mnli,1.5022300481796265,130,roberta.encoder.layer.7.intermediate.dense.weight
roberta-large,mnli,1.3741384744644165,131,roberta.encoder.layer.7.output.dense.weight
roberta-large,mnli,0.6813854575157166,132,roberta.encoder.layer.8.attention.output.dense.weight
roberta-large,mnli,0.7363223433494568,133,roberta.encoder.layer.8.attention.self.key.weight
roberta-large,mnli,0.7415064573287964,134,roberta.encoder.layer.8.attention.self.query.weight
roberta-large,mnli,0.6836118102073669,135,roberta.encoder.layer.8.attention.self.value.weight
roberta-large,mnli,1.5169126987457275,136,roberta.encoder.layer.8.intermediate.dense.weight
roberta-large,mnli,1.3489007949829102,137,roberta.encoder.layer.8.output.dense.weight
roberta-large,mnli,0.7000091671943665,138,roberta.encoder.layer.9.attention.output.dense.weight
roberta-large,mnli,0.7495853304862976,139,roberta.encoder.layer.9.attention.self.key.weight
roberta-large,mnli,0.7485768795013428,140,roberta.encoder.layer.9.attention.self.query.weight
roberta-large,mnli,0.6985844373703003,141,roberta.encoder.layer.9.attention.self.value.weight
roberta-large,mnli,1.5304882526397705,142,roberta.encoder.layer.9.intermediate.dense.weight
roberta-large,mnli,1.3413031101226807,143,roberta.encoder.layer.9.output.dense.weight
roberta-large,mrpc,0.07474025338888168,0,roberta.encoder.layer.0.attention.output.dense.weight
roberta-large,mrpc,0.07355934381484985,1,roberta.encoder.layer.0.attention.self.key.weight
roberta-large,mrpc,0.07437006384134293,2,roberta.encoder.layer.0.attention.self.query.weight
roberta-large,mrpc,0.07374214380979538,3,roberta.encoder.layer.0.attention.self.value.weight
roberta-large,mrpc,0.14020204544067383,4,roberta.encoder.layer.0.intermediate.dense.weight
roberta-large,mrpc,0.14289774000644684,5,roberta.encoder.layer.0.output.dense.weight
roberta-large,mrpc,0.07282309234142303,6,roberta.encoder.layer.1.attention.output.dense.weight
roberta-large,mrpc,0.07215309888124466,7,roberta.encoder.layer.1.attention.self.key.weight
roberta-large,mrpc,0.07319705933332443,8,roberta.encoder.layer.1.attention.self.query.weight
roberta-large,mrpc,0.07152501493692398,9,roberta.encoder.layer.1.attention.self.value.weight
roberta-large,mrpc,0.12575370073318481,10,roberta.encoder.layer.1.intermediate.dense.weight
roberta-large,mrpc,0.12447813153266907,11,roberta.encoder.layer.1.output.dense.weight
roberta-large,mrpc,0.09787702560424805,12,roberta.encoder.layer.10.attention.output.dense.weight
roberta-large,mrpc,0.09436123818159103,13,roberta.encoder.layer.10.attention.self.key.weight
roberta-large,mrpc,0.09417218714952469,14,roberta.encoder.layer.10.attention.self.query.weight
roberta-large,mrpc,0.09350787848234177,15,roberta.encoder.layer.10.attention.self.value.weight
roberta-large,mrpc,0.1774788200855255,16,roberta.encoder.layer.10.intermediate.dense.weight
roberta-large,mrpc,0.17368704080581665,17,roberta.encoder.layer.10.output.dense.weight
roberta-large,mrpc,0.09890253841876984,18,roberta.encoder.layer.11.attention.output.dense.weight
roberta-large,mrpc,0.092777319252491,19,roberta.encoder.layer.11.attention.self.key.weight
roberta-large,mrpc,0.09246040880680084,20,roberta.encoder.layer.11.attention.self.query.weight
roberta-large,mrpc,0.09439148753881454,21,roberta.encoder.layer.11.attention.self.value.weight
roberta-large,mrpc,0.17651629447937012,22,roberta.encoder.layer.11.intermediate.dense.weight
roberta-large,mrpc,0.18220418691635132,23,roberta.encoder.layer.11.output.dense.weight
roberta-large,mrpc,0.10468129068613052,24,roberta.encoder.layer.12.attention.output.dense.weight
roberta-large,mrpc,0.08925393223762512,25,roberta.encoder.layer.12.attention.self.key.weight
roberta-large,mrpc,0.08956488221883774,26,roberta.encoder.layer.12.attention.self.query.weight
roberta-large,mrpc,0.09882289171218872,27,roberta.encoder.layer.12.attention.self.value.weight
roberta-large,mrpc,0.18391835689544678,28,roberta.encoder.layer.12.intermediate.dense.weight
roberta-large,mrpc,0.18794788420200348,29,roberta.encoder.layer.12.output.dense.weight
roberta-large,mrpc,0.10811714082956314,30,roberta.encoder.layer.13.attention.output.dense.weight
roberta-large,mrpc,0.10085466504096985,31,roberta.encoder.layer.13.attention.self.key.weight
roberta-large,mrpc,0.10066376626491547,32,roberta.encoder.layer.13.attention.self.query.weight
roberta-large,mrpc,0.10681622475385666,33,roberta.encoder.layer.13.attention.self.value.weight
roberta-large,mrpc,0.18263347446918488,34,roberta.encoder.layer.13.intermediate.dense.weight
roberta-large,mrpc,0.1944604516029358,35,roberta.encoder.layer.13.output.dense.weight
roberta-large,mrpc,0.11293011903762817,36,roberta.encoder.layer.14.attention.output.dense.weight
roberta-large,mrpc,0.09798935055732727,37,roberta.encoder.layer.14.attention.self.key.weight
roberta-large,mrpc,0.0967152863740921,38,roberta.encoder.layer.14.attention.self.query.weight
roberta-large,mrpc,0.10964470356702805,39,roberta.encoder.layer.14.attention.self.value.weight
roberta-large,mrpc,0.18599878251552582,40,roberta.encoder.layer.14.intermediate.dense.weight
roberta-large,mrpc,0.18894462287425995,41,roberta.encoder.layer.14.output.dense.weight
roberta-large,mrpc,0.10902608931064606,42,roberta.encoder.layer.15.attention.output.dense.weight
roberta-large,mrpc,0.09758100658655167,43,roberta.encoder.layer.15.attention.self.key.weight
roberta-large,mrpc,0.09858522564172745,44,roberta.encoder.layer.15.attention.self.query.weight
roberta-large,mrpc,0.11062891036272049,45,roberta.encoder.layer.15.attention.self.value.weight
roberta-large,mrpc,0.1871311068534851,46,roberta.encoder.layer.15.intermediate.dense.weight
roberta-large,mrpc,0.18578796088695526,47,roberta.encoder.layer.15.output.dense.weight
roberta-large,mrpc,0.11602529883384705,48,roberta.encoder.layer.16.attention.output.dense.weight
roberta-large,mrpc,0.09939751774072647,49,roberta.encoder.layer.16.attention.self.key.weight
roberta-large,mrpc,0.09840184450149536,50,roberta.encoder.layer.16.attention.self.query.weight
roberta-large,mrpc,0.11715658754110336,51,roberta.encoder.layer.16.attention.self.value.weight
roberta-large,mrpc,0.1923496127128601,52,roberta.encoder.layer.16.intermediate.dense.weight
roberta-large,mrpc,0.18871808052062988,53,roberta.encoder.layer.16.output.dense.weight
roberta-large,mrpc,0.11600619554519653,54,roberta.encoder.layer.17.attention.output.dense.weight
roberta-large,mrpc,0.0971222072839737,55,roberta.encoder.layer.17.attention.self.key.weight
roberta-large,mrpc,0.10278801620006561,56,roberta.encoder.layer.17.attention.self.query.weight
roberta-large,mrpc,0.11521796882152557,57,roberta.encoder.layer.17.attention.self.value.weight
roberta-large,mrpc,0.18686990439891815,58,roberta.encoder.layer.17.intermediate.dense.weight
roberta-large,mrpc,0.1749432384967804,59,roberta.encoder.layer.17.output.dense.weight
roberta-large,mrpc,0.11234728246927261,60,roberta.encoder.layer.18.attention.output.dense.weight
roberta-large,mrpc,0.0992157831788063,61,roberta.encoder.layer.18.attention.self.key.weight
roberta-large,mrpc,0.10080591589212418,62,roberta.encoder.layer.18.attention.self.query.weight
roberta-large,mrpc,0.11920403689146042,63,roberta.encoder.layer.18.attention.self.value.weight
roberta-large,mrpc,0.19551816582679749,64,roberta.encoder.layer.18.intermediate.dense.weight
roberta-large,mrpc,0.17376796901226044,65,roberta.encoder.layer.18.output.dense.weight
roberta-large,mrpc,0.1214822381734848,66,roberta.encoder.layer.19.attention.output.dense.weight
roberta-large,mrpc,0.10296467691659927,67,roberta.encoder.layer.19.attention.self.key.weight
roberta-large,mrpc,0.10258059948682785,68,roberta.encoder.layer.19.attention.self.query.weight
roberta-large,mrpc,0.12737654149532318,69,roberta.encoder.layer.19.attention.self.value.weight
roberta-large,mrpc,0.20783933997154236,70,roberta.encoder.layer.19.intermediate.dense.weight
roberta-large,mrpc,0.17946632206439972,71,roberta.encoder.layer.19.output.dense.weight
roberta-large,mrpc,0.07280834764242172,72,roberta.encoder.layer.2.attention.output.dense.weight
roberta-large,mrpc,0.06153858080506325,73,roberta.encoder.layer.2.attention.self.key.weight
roberta-large,mrpc,0.0603097602725029,74,roberta.encoder.layer.2.attention.self.query.weight
roberta-large,mrpc,0.07344327867031097,75,roberta.encoder.layer.2.attention.self.value.weight
roberta-large,mrpc,0.13414619863033295,76,roberta.encoder.layer.2.intermediate.dense.weight
roberta-large,mrpc,0.13442853093147278,77,roberta.encoder.layer.2.output.dense.weight
roberta-large,mrpc,0.12264372408390045,78,roberta.encoder.layer.20.attention.output.dense.weight
roberta-large,mrpc,0.10100478678941727,79,roberta.encoder.layer.20.attention.self.key.weight
roberta-large,mrpc,0.10282369703054428,80,roberta.encoder.layer.20.attention.self.query.weight
roberta-large,mrpc,0.12716029584407806,81,roberta.encoder.layer.20.attention.self.value.weight
roberta-large,mrpc,0.20127533376216888,82,roberta.encoder.layer.20.intermediate.dense.weight
roberta-large,mrpc,0.1745845526456833,83,roberta.encoder.layer.20.output.dense.weight
roberta-large,mrpc,0.11559977382421494,84,roberta.encoder.layer.21.attention.output.dense.weight
roberta-large,mrpc,0.10201043635606766,85,roberta.encoder.layer.21.attention.self.key.weight
roberta-large,mrpc,0.10421722382307053,86,roberta.encoder.layer.21.attention.self.query.weight
roberta-large,mrpc,0.12420684099197388,87,roberta.encoder.layer.21.attention.self.value.weight
roberta-large,mrpc,0.19477194547653198,88,roberta.encoder.layer.21.intermediate.dense.weight
roberta-large,mrpc,0.18055684864521027,89,roberta.encoder.layer.21.output.dense.weight
roberta-large,mrpc,0.10930243134498596,90,roberta.encoder.layer.22.attention.output.dense.weight
roberta-large,mrpc,0.10343684256076813,91,roberta.encoder.layer.22.attention.self.key.weight
roberta-large,mrpc,0.10213237255811691,92,roberta.encoder.layer.22.attention.self.query.weight
roberta-large,mrpc,0.11680034548044205,93,roberta.encoder.layer.22.attention.self.value.weight
roberta-large,mrpc,0.17206542193889618,94,roberta.encoder.layer.22.intermediate.dense.weight
roberta-large,mrpc,0.1583990901708603,95,roberta.encoder.layer.22.output.dense.weight
roberta-large,mrpc,0.13062378764152527,96,roberta.encoder.layer.23.attention.output.dense.weight
roberta-large,mrpc,0.10357591509819031,97,roberta.encoder.layer.23.attention.self.key.weight
roberta-large,mrpc,0.1034640446305275,98,roberta.encoder.layer.23.attention.self.query.weight
roberta-large,mrpc,0.1366790533065796,99,roberta.encoder.layer.23.attention.self.value.weight
roberta-large,mrpc,0.20709194242954254,100,roberta.encoder.layer.23.intermediate.dense.weight
roberta-large,mrpc,0.16867835819721222,101,roberta.encoder.layer.23.output.dense.weight
roberta-large,mrpc,0.07162375003099442,102,roberta.encoder.layer.3.attention.output.dense.weight
roberta-large,mrpc,0.06941603869199753,103,roberta.encoder.layer.3.attention.self.key.weight
roberta-large,mrpc,0.07128871232271194,104,roberta.encoder.layer.3.attention.self.query.weight
roberta-large,mrpc,0.07248467206954956,105,roberta.encoder.layer.3.attention.self.value.weight
roberta-large,mrpc,0.14157406985759735,106,roberta.encoder.layer.3.intermediate.dense.weight
roberta-large,mrpc,0.13589762151241302,107,roberta.encoder.layer.3.output.dense.weight
roberta-large,mrpc,0.06936798244714737,108,roberta.encoder.layer.4.attention.output.dense.weight
roberta-large,mrpc,0.06965910643339157,109,roberta.encoder.layer.4.attention.self.key.weight
roberta-large,mrpc,0.0720006451010704,110,roberta.encoder.layer.4.attention.self.query.weight
roberta-large,mrpc,0.06807322055101395,111,roberta.encoder.layer.4.attention.self.value.weight
roberta-large,mrpc,0.14623911678791046,112,roberta.encoder.layer.4.intermediate.dense.weight
roberta-large,mrpc,0.13826504349708557,113,roberta.encoder.layer.4.output.dense.weight
roberta-large,mrpc,0.06912638992071152,114,roberta.encoder.layer.5.attention.output.dense.weight
roberta-large,mrpc,0.06978517025709152,115,roberta.encoder.layer.5.attention.self.key.weight
roberta-large,mrpc,0.07034111022949219,116,roberta.encoder.layer.5.attention.self.query.weight
roberta-large,mrpc,0.06803104281425476,117,roberta.encoder.layer.5.attention.self.value.weight
roberta-large,mrpc,0.1508457511663437,118,roberta.encoder.layer.5.intermediate.dense.weight
roberta-large,mrpc,0.14457695186138153,119,roberta.encoder.layer.5.output.dense.weight
roberta-large,mrpc,0.07469342648983002,120,roberta.encoder.layer.6.attention.output.dense.weight
roberta-large,mrpc,0.07422810792922974,121,roberta.encoder.layer.6.attention.self.key.weight
roberta-large,mrpc,0.07540810108184814,122,roberta.encoder.layer.6.attention.self.query.weight
roberta-large,mrpc,0.07356945425271988,123,roberta.encoder.layer.6.attention.self.value.weight
roberta-large,mrpc,0.15895837545394897,124,roberta.encoder.layer.6.intermediate.dense.weight
roberta-large,mrpc,0.15826290845870972,125,roberta.encoder.layer.6.output.dense.weight
roberta-large,mrpc,0.0791693851351738,126,roberta.encoder.layer.7.attention.output.dense.weight
roberta-large,mrpc,0.07968904823064804,127,roberta.encoder.layer.7.attention.self.key.weight
roberta-large,mrpc,0.07996413111686707,128,roberta.encoder.layer.7.attention.self.query.weight
roberta-large,mrpc,0.07756098359823227,129,roberta.encoder.layer.7.attention.self.value.weight
roberta-large,mrpc,0.16830968856811523,130,roberta.encoder.layer.7.intermediate.dense.weight
roberta-large,mrpc,0.16864022612571716,131,roberta.encoder.layer.7.output.dense.weight
roberta-large,mrpc,0.08900825679302216,132,roberta.encoder.layer.8.attention.output.dense.weight
roberta-large,mrpc,0.08432719856500626,133,roberta.encoder.layer.8.attention.self.key.weight
roberta-large,mrpc,0.08527621626853943,134,roberta.encoder.layer.8.attention.self.query.weight
roberta-large,mrpc,0.08813776075839996,135,roberta.encoder.layer.8.attention.self.value.weight
roberta-large,mrpc,0.17677098512649536,136,roberta.encoder.layer.8.intermediate.dense.weight
roberta-large,mrpc,0.17689360678195953,137,roberta.encoder.layer.8.output.dense.weight
roberta-large,mrpc,0.09313712269067764,138,roberta.encoder.layer.9.attention.output.dense.weight
roberta-large,mrpc,0.09138223528862,139,roberta.encoder.layer.9.attention.self.key.weight
roberta-large,mrpc,0.09016142785549164,140,roberta.encoder.layer.9.attention.self.query.weight
roberta-large,mrpc,0.09130335599184036,141,roberta.encoder.layer.9.attention.self.value.weight
roberta-large,mrpc,0.17856231331825256,142,roberta.encoder.layer.9.intermediate.dense.weight
roberta-large,mrpc,0.17630206048488617,143,roberta.encoder.layer.9.output.dense.weight
roberta-large,qnli,0.3075273633003235,0,roberta.encoder.layer.0.attention.output.dense.weight
roberta-large,qnli,0.2997928261756897,1,roberta.encoder.layer.0.attention.self.key.weight
roberta-large,qnli,0.30145499110221863,2,roberta.encoder.layer.0.attention.self.query.weight
roberta-large,qnli,0.30374354124069214,3,roberta.encoder.layer.0.attention.self.value.weight
roberta-large,qnli,0.6502940058708191,4,roberta.encoder.layer.0.intermediate.dense.weight
roberta-large,qnli,0.6597433090209961,5,roberta.encoder.layer.0.output.dense.weight
roberta-large,qnli,0.2938724756240845,6,roberta.encoder.layer.1.attention.output.dense.weight
roberta-large,qnli,0.29423096776008606,7,roberta.encoder.layer.1.attention.self.key.weight
roberta-large,qnli,0.29855528473854065,8,roberta.encoder.layer.1.attention.self.query.weight
roberta-large,qnli,0.29400473833084106,9,roberta.encoder.layer.1.attention.self.value.weight
roberta-large,qnli,0.5650954246520996,10,roberta.encoder.layer.1.intermediate.dense.weight
roberta-large,qnli,0.572981595993042,11,roberta.encoder.layer.1.output.dense.weight
roberta-large,qnli,0.38722002506256104,12,roberta.encoder.layer.10.attention.output.dense.weight
roberta-large,qnli,0.4155527651309967,13,roberta.encoder.layer.10.attention.self.key.weight
roberta-large,qnli,0.41677987575531006,14,roberta.encoder.layer.10.attention.self.query.weight
roberta-large,qnli,0.38713985681533813,15,roberta.encoder.layer.10.attention.self.value.weight
roberta-large,qnli,0.8610143661499023,16,roberta.encoder.layer.10.intermediate.dense.weight
roberta-large,qnli,0.6855862736701965,17,roberta.encoder.layer.10.output.dense.weight
roberta-large,qnli,0.4057754874229431,18,roberta.encoder.layer.11.attention.output.dense.weight
roberta-large,qnli,0.44479215145111084,19,roberta.encoder.layer.11.attention.self.key.weight
roberta-large,qnli,0.44610509276390076,20,roberta.encoder.layer.11.attention.self.query.weight
roberta-large,qnli,0.39699119329452515,21,roberta.encoder.layer.11.attention.self.value.weight
roberta-large,qnli,0.8791233897209167,22,roberta.encoder.layer.11.intermediate.dense.weight
roberta-large,qnli,0.6701133847236633,23,roberta.encoder.layer.11.output.dense.weight
roberta-large,qnli,0.4118354916572571,24,roberta.encoder.layer.12.attention.output.dense.weight
roberta-large,qnli,0.4500011205673218,25,roberta.encoder.layer.12.attention.self.key.weight
roberta-large,qnli,0.452136754989624,26,roberta.encoder.layer.12.attention.self.query.weight
roberta-large,qnli,0.4003266394138336,27,roberta.encoder.layer.12.attention.self.value.weight
roberta-large,qnli,0.9028772115707397,28,roberta.encoder.layer.12.intermediate.dense.weight
roberta-large,qnli,0.6971675753593445,29,roberta.encoder.layer.12.output.dense.weight
roberta-large,qnli,0.41870972514152527,30,roberta.encoder.layer.13.attention.output.dense.weight
roberta-large,qnli,0.46849414706230164,31,roberta.encoder.layer.13.attention.self.key.weight
roberta-large,qnli,0.473198264837265,32,roberta.encoder.layer.13.attention.self.query.weight
roberta-large,qnli,0.4160703718662262,33,roberta.encoder.layer.13.attention.self.value.weight
roberta-large,qnli,0.9020581841468811,34,roberta.encoder.layer.13.intermediate.dense.weight
roberta-large,qnli,0.6945674419403076,35,roberta.encoder.layer.13.output.dense.weight
roberta-large,qnli,0.39348676800727844,36,roberta.encoder.layer.14.attention.output.dense.weight
roberta-large,qnli,0.46644413471221924,37,roberta.encoder.layer.14.attention.self.key.weight
roberta-large,qnli,0.4648977816104889,38,roberta.encoder.layer.14.attention.self.query.weight
roberta-large,qnli,0.394176721572876,39,roberta.encoder.layer.14.attention.self.value.weight
roberta-large,qnli,0.888831615447998,40,roberta.encoder.layer.14.intermediate.dense.weight
roberta-large,qnli,0.6660223603248596,41,roberta.encoder.layer.14.output.dense.weight
roberta-large,qnli,0.3806464672088623,42,roberta.encoder.layer.15.attention.output.dense.weight
roberta-large,qnli,0.46918216347694397,43,roberta.encoder.layer.15.attention.self.key.weight
roberta-large,qnli,0.4667878746986389,44,roberta.encoder.layer.15.attention.self.query.weight
roberta-large,qnli,0.3864295780658722,45,roberta.encoder.layer.15.attention.self.value.weight
roberta-large,qnli,0.8831002712249756,46,roberta.encoder.layer.15.intermediate.dense.weight
roberta-large,qnli,0.6094729900360107,47,roberta.encoder.layer.15.output.dense.weight
roberta-large,qnli,0.37800541520118713,48,roberta.encoder.layer.16.attention.output.dense.weight
roberta-large,qnli,0.4767451882362366,49,roberta.encoder.layer.16.attention.self.key.weight
roberta-large,qnli,0.4770630896091461,50,roberta.encoder.layer.16.attention.self.query.weight
roberta-large,qnli,0.39817991852760315,51,roberta.encoder.layer.16.attention.self.value.weight
roberta-large,qnli,0.8474221229553223,52,roberta.encoder.layer.16.intermediate.dense.weight
roberta-large,qnli,0.559809148311615,53,roberta.encoder.layer.16.output.dense.weight
roberta-large,qnli,0.3558565378189087,54,roberta.encoder.layer.17.attention.output.dense.weight
roberta-large,qnli,0.483832985162735,55,roberta.encoder.layer.17.attention.self.key.weight
roberta-large,qnli,0.4771404564380646,56,roberta.encoder.layer.17.attention.self.query.weight
roberta-large,qnli,0.3739459812641144,57,roberta.encoder.layer.17.attention.self.value.weight
roberta-large,qnli,0.7588562965393066,58,roberta.encoder.layer.17.intermediate.dense.weight
roberta-large,qnli,0.4416397213935852,59,roberta.encoder.layer.17.output.dense.weight
roberta-large,qnli,0.3313390016555786,60,roberta.encoder.layer.18.attention.output.dense.weight
roberta-large,qnli,0.4516841769218445,61,roberta.encoder.layer.18.attention.self.key.weight
roberta-large,qnli,0.4473578631877899,62,roberta.encoder.layer.18.attention.self.query.weight
roberta-large,qnli,0.34816378355026245,63,roberta.encoder.layer.18.attention.self.value.weight
roberta-large,qnli,0.6957379579544067,64,roberta.encoder.layer.18.intermediate.dense.weight
roberta-large,qnli,0.3647526204586029,65,roberta.encoder.layer.18.output.dense.weight
roberta-large,qnli,0.307851105928421,66,roberta.encoder.layer.19.attention.output.dense.weight
roberta-large,qnli,0.4217125475406647,67,roberta.encoder.layer.19.attention.self.key.weight
roberta-large,qnli,0.41894546151161194,68,roberta.encoder.layer.19.attention.self.query.weight
roberta-large,qnli,0.31644555926322937,69,roberta.encoder.layer.19.attention.self.value.weight
roberta-large,qnli,0.6343655586242676,70,roberta.encoder.layer.19.intermediate.dense.weight
roberta-large,qnli,0.3505910634994507,71,roberta.encoder.layer.19.output.dense.weight
roberta-large,qnli,0.2907123565673828,72,roberta.encoder.layer.2.attention.output.dense.weight
roberta-large,qnli,0.2386515885591507,73,roberta.encoder.layer.2.attention.self.key.weight
roberta-large,qnli,0.24151688814163208,74,roberta.encoder.layer.2.attention.self.query.weight
roberta-large,qnli,0.2835291028022766,75,roberta.encoder.layer.2.attention.self.value.weight
roberta-large,qnli,0.6175565719604492,76,roberta.encoder.layer.2.intermediate.dense.weight
roberta-large,qnli,0.6127123832702637,77,roberta.encoder.layer.2.output.dense.weight
roberta-large,qnli,0.30730876326560974,78,roberta.encoder.layer.20.attention.output.dense.weight
roberta-large,qnli,0.35385069251060486,79,roberta.encoder.layer.20.attention.self.key.weight
roberta-large,qnli,0.35248294472694397,80,roberta.encoder.layer.20.attention.self.query.weight
roberta-large,qnli,0.3208935558795929,81,roberta.encoder.layer.20.attention.self.value.weight
roberta-large,qnli,0.5723034143447876,82,roberta.encoder.layer.20.intermediate.dense.weight
roberta-large,qnli,0.34649112820625305,83,roberta.encoder.layer.20.output.dense.weight
roberta-large,qnli,0.2786380350589752,84,roberta.encoder.layer.21.attention.output.dense.weight
roberta-large,qnli,0.3154970705509186,85,roberta.encoder.layer.21.attention.self.key.weight
roberta-large,qnli,0.3070962131023407,86,roberta.encoder.layer.21.attention.self.query.weight
roberta-large,qnli,0.2984221875667572,87,roberta.encoder.layer.21.attention.self.value.weight
roberta-large,qnli,0.5145514011383057,88,roberta.encoder.layer.21.intermediate.dense.weight
roberta-large,qnli,0.29935285449028015,89,roberta.encoder.layer.21.output.dense.weight
roberta-large,qnli,0.28662896156311035,90,roberta.encoder.layer.22.attention.output.dense.weight
roberta-large,qnli,0.2972177267074585,91,roberta.encoder.layer.22.attention.self.key.weight
roberta-large,qnli,0.28798532485961914,92,roberta.encoder.layer.22.attention.self.query.weight
roberta-large,qnli,0.3015318810939789,93,roberta.encoder.layer.22.attention.self.value.weight
roberta-large,qnli,0.4565068781375885,94,roberta.encoder.layer.22.intermediate.dense.weight
roberta-large,qnli,0.2813741862773895,95,roberta.encoder.layer.22.output.dense.weight
roberta-large,qnli,0.28324392437934875,96,roberta.encoder.layer.23.attention.output.dense.weight
roberta-large,qnli,0.2806352376937866,97,roberta.encoder.layer.23.attention.self.key.weight
roberta-large,qnli,0.281383216381073,98,roberta.encoder.layer.23.attention.self.query.weight
roberta-large,qnli,0.3033604025840759,99,roberta.encoder.layer.23.attention.self.value.weight
roberta-large,qnli,0.5106995105743408,100,roberta.encoder.layer.23.intermediate.dense.weight
roberta-large,qnli,0.3874455690383911,101,roberta.encoder.layer.23.output.dense.weight
roberta-large,qnli,0.2878013551235199,102,roberta.encoder.layer.3.attention.output.dense.weight
roberta-large,qnli,0.27380308508872986,103,roberta.encoder.layer.3.attention.self.key.weight
roberta-large,qnli,0.27907025814056396,104,roberta.encoder.layer.3.attention.self.query.weight
roberta-large,qnli,0.2795465588569641,105,roberta.encoder.layer.3.attention.self.value.weight
roberta-large,qnli,0.6777967214584351,106,roberta.encoder.layer.3.intermediate.dense.weight
roberta-large,qnli,0.655151903629303,107,roberta.encoder.layer.3.output.dense.weight
roberta-large,qnli,0.29352709650993347,108,roberta.encoder.layer.4.attention.output.dense.weight
roberta-large,qnli,0.29225316643714905,109,roberta.encoder.layer.4.attention.self.key.weight
roberta-large,qnli,0.304767370223999,110,roberta.encoder.layer.4.attention.self.query.weight
roberta-large,qnli,0.2801661491394043,111,roberta.encoder.layer.4.attention.self.value.weight
roberta-large,qnli,0.7109076380729675,112,roberta.encoder.layer.4.intermediate.dense.weight
roberta-large,qnli,0.6833123564720154,113,roberta.encoder.layer.4.output.dense.weight
roberta-large,qnli,0.32020968198776245,114,roberta.encoder.layer.5.attention.output.dense.weight
roberta-large,qnli,0.31923314929008484,115,roberta.encoder.layer.5.attention.self.key.weight
roberta-large,qnli,0.3247334361076355,116,roberta.encoder.layer.5.attention.self.query.weight
roberta-large,qnli,0.3057613670825958,117,roberta.encoder.layer.5.attention.self.value.weight
roberta-large,qnli,0.7480517625808716,118,roberta.encoder.layer.5.intermediate.dense.weight
roberta-large,qnli,0.7124584913253784,119,roberta.encoder.layer.5.output.dense.weight
roberta-large,qnli,0.3424745500087738,120,roberta.encoder.layer.6.attention.output.dense.weight
roberta-large,qnli,0.33451321721076965,121,roberta.encoder.layer.6.attention.self.key.weight
roberta-large,qnli,0.3406568765640259,122,roberta.encoder.layer.6.attention.self.query.weight
roberta-large,qnli,0.33391228318214417,123,roberta.encoder.layer.6.attention.self.value.weight
roberta-large,qnli,0.7949842810630798,124,roberta.encoder.layer.6.intermediate.dense.weight
roberta-large,qnli,0.7405296564102173,125,roberta.encoder.layer.6.output.dense.weight
roberta-large,qnli,0.3676456809043884,126,roberta.encoder.layer.7.attention.output.dense.weight
roberta-large,qnli,0.3688774108886719,127,roberta.encoder.layer.7.attention.self.key.weight
roberta-large,qnli,0.37810733914375305,128,roberta.encoder.layer.7.attention.self.query.weight
roberta-large,qnli,0.3588857352733612,129,roberta.encoder.layer.7.attention.self.value.weight
roberta-large,qnli,0.8217344284057617,130,roberta.encoder.layer.7.intermediate.dense.weight
roberta-large,qnli,0.7333990931510925,131,roberta.encoder.layer.7.output.dense.weight
roberta-large,qnli,0.38257157802581787,132,roberta.encoder.layer.8.attention.output.dense.weight
roberta-large,qnli,0.39493700861930847,133,roberta.encoder.layer.8.attention.self.key.weight
roberta-large,qnli,0.3973598778247833,134,roberta.encoder.layer.8.attention.self.query.weight
roberta-large,qnli,0.3823082447052002,135,roberta.encoder.layer.8.attention.self.value.weight
roberta-large,qnli,0.8441353440284729,136,roberta.encoder.layer.8.intermediate.dense.weight
roberta-large,qnli,0.731402575969696,137,roberta.encoder.layer.8.output.dense.weight
roberta-large,qnli,0.3848491609096527,138,roberta.encoder.layer.9.attention.output.dense.weight
roberta-large,qnli,0.4132784307003021,139,roberta.encoder.layer.9.attention.self.key.weight
roberta-large,qnli,0.4144228994846344,140,roberta.encoder.layer.9.attention.self.query.weight
roberta-large,qnli,0.3857634365558624,141,roberta.encoder.layer.9.attention.self.value.weight
roberta-large,qnli,0.8520283102989197,142,roberta.encoder.layer.9.intermediate.dense.weight
roberta-large,qnli,0.7248125076293945,143,roberta.encoder.layer.9.output.dense.weight
roberta-large,qqp,0.7398005723953247,0,roberta.encoder.layer.0.attention.output.dense.weight
roberta-large,qqp,0.7570699453353882,1,roberta.encoder.layer.0.attention.self.key.weight
roberta-large,qqp,0.763706624507904,2,roberta.encoder.layer.0.attention.self.query.weight
roberta-large,qqp,0.7228128910064697,3,roberta.encoder.layer.0.attention.self.value.weight
roberta-large,qqp,1.577490210533142,4,roberta.encoder.layer.0.intermediate.dense.weight
roberta-large,qqp,1.6135681867599487,5,roberta.encoder.layer.0.output.dense.weight
roberta-large,qqp,0.6871011257171631,6,roberta.encoder.layer.1.attention.output.dense.weight
roberta-large,qqp,0.7308135628700256,7,roberta.encoder.layer.1.attention.self.key.weight
roberta-large,qqp,0.7466856241226196,8,roberta.encoder.layer.1.attention.self.query.weight
roberta-large,qqp,0.6790938973426819,9,roberta.encoder.layer.1.attention.self.value.weight
roberta-large,qqp,1.3903011083602905,10,roberta.encoder.layer.1.intermediate.dense.weight
roberta-large,qqp,1.413016438484192,11,roberta.encoder.layer.1.output.dense.weight
roberta-large,qqp,0.8217100501060486,12,roberta.encoder.layer.10.attention.output.dense.weight
roberta-large,qqp,0.9444410800933838,13,roberta.encoder.layer.10.attention.self.key.weight
roberta-large,qqp,0.9477517604827881,14,roberta.encoder.layer.10.attention.self.query.weight
roberta-large,qqp,0.8476119637489319,15,roberta.encoder.layer.10.attention.self.value.weight
roberta-large,qqp,1.9651278257369995,16,roberta.encoder.layer.10.intermediate.dense.weight
roberta-large,qqp,1.583490014076233,17,roberta.encoder.layer.10.output.dense.weight
roberta-large,qqp,0.8433389067649841,18,roberta.encoder.layer.11.attention.output.dense.weight
roberta-large,qqp,0.9834023118019104,19,roberta.encoder.layer.11.attention.self.key.weight
roberta-large,qqp,0.985097348690033,20,roberta.encoder.layer.11.attention.self.query.weight
roberta-large,qqp,0.8502310514450073,21,roberta.encoder.layer.11.attention.self.value.weight
roberta-large,qqp,1.9574977159500122,22,roberta.encoder.layer.11.intermediate.dense.weight
roberta-large,qqp,1.5207732915878296,23,roberta.encoder.layer.11.output.dense.weight
roberta-large,qqp,0.8384441137313843,24,roberta.encoder.layer.12.attention.output.dense.weight
roberta-large,qqp,0.995431125164032,25,roberta.encoder.layer.12.attention.self.key.weight
roberta-large,qqp,0.9757320284843445,26,roberta.encoder.layer.12.attention.self.query.weight
roberta-large,qqp,0.8335378170013428,27,roberta.encoder.layer.12.attention.self.value.weight
roberta-large,qqp,1.9199910163879395,28,roberta.encoder.layer.12.intermediate.dense.weight
roberta-large,qqp,1.4698641300201416,29,roberta.encoder.layer.12.output.dense.weight
roberta-large,qqp,0.796245276927948,30,roberta.encoder.layer.13.attention.output.dense.weight
roberta-large,qqp,0.9558054804801941,31,roberta.encoder.layer.13.attention.self.key.weight
roberta-large,qqp,0.9572768807411194,32,roberta.encoder.layer.13.attention.self.query.weight
roberta-large,qqp,0.8055500984191895,33,roberta.encoder.layer.13.attention.self.value.weight
roberta-large,qqp,1.917984962463379,34,roberta.encoder.layer.13.intermediate.dense.weight
roberta-large,qqp,1.4520939588546753,35,roberta.encoder.layer.13.output.dense.weight
roberta-large,qqp,0.7414216995239258,36,roberta.encoder.layer.14.attention.output.dense.weight
roberta-large,qqp,0.9621762037277222,37,roberta.encoder.layer.14.attention.self.key.weight
roberta-large,qqp,0.9588882923126221,38,roberta.encoder.layer.14.attention.self.query.weight
roberta-large,qqp,0.7360518574714661,39,roberta.encoder.layer.14.attention.self.value.weight
roberta-large,qqp,1.8464046716690063,40,roberta.encoder.layer.14.intermediate.dense.weight
roberta-large,qqp,1.3879647254943848,41,roberta.encoder.layer.14.output.dense.weight
roberta-large,qqp,0.7311121225357056,42,roberta.encoder.layer.15.attention.output.dense.weight
roberta-large,qqp,0.9484387040138245,43,roberta.encoder.layer.15.attention.self.key.weight
roberta-large,qqp,0.9478092193603516,44,roberta.encoder.layer.15.attention.self.query.weight
roberta-large,qqp,0.7284317016601562,45,roberta.encoder.layer.15.attention.self.value.weight
roberta-large,qqp,1.769061803817749,46,roberta.encoder.layer.15.intermediate.dense.weight
roberta-large,qqp,1.2709028720855713,47,roberta.encoder.layer.15.output.dense.weight
roberta-large,qqp,0.6983388662338257,48,roberta.encoder.layer.16.attention.output.dense.weight
roberta-large,qqp,0.9247528910636902,49,roberta.encoder.layer.16.attention.self.key.weight
roberta-large,qqp,0.9154152870178223,50,roberta.encoder.layer.16.attention.self.query.weight
roberta-large,qqp,0.7175306081771851,51,roberta.encoder.layer.16.attention.self.value.weight
roberta-large,qqp,1.6796817779541016,52,roberta.encoder.layer.16.intermediate.dense.weight
roberta-large,qqp,1.2319860458374023,53,roberta.encoder.layer.16.output.dense.weight
roberta-large,qqp,0.6572754979133606,54,roberta.encoder.layer.17.attention.output.dense.weight
roberta-large,qqp,0.8803836703300476,55,roberta.encoder.layer.17.attention.self.key.weight
roberta-large,qqp,0.8675518035888672,56,roberta.encoder.layer.17.attention.self.query.weight
roberta-large,qqp,0.6492301225662231,57,roberta.encoder.layer.17.attention.self.value.weight
roberta-large,qqp,1.5166860818862915,58,roberta.encoder.layer.17.intermediate.dense.weight
roberta-large,qqp,1.0802114009857178,59,roberta.encoder.layer.17.output.dense.weight
roberta-large,qqp,0.6098998188972473,60,roberta.encoder.layer.18.attention.output.dense.weight
roberta-large,qqp,0.8065493106842041,61,roberta.encoder.layer.18.attention.self.key.weight
roberta-large,qqp,0.7989922761917114,62,roberta.encoder.layer.18.attention.self.query.weight
roberta-large,qqp,0.6130881905555725,63,roberta.encoder.layer.18.attention.self.value.weight
roberta-large,qqp,1.4198507070541382,64,roberta.encoder.layer.18.intermediate.dense.weight
roberta-large,qqp,0.9825620055198669,65,roberta.encoder.layer.18.output.dense.weight
roberta-large,qqp,0.5540956258773804,66,roberta.encoder.layer.19.attention.output.dense.weight
roberta-large,qqp,0.7730530500411987,67,roberta.encoder.layer.19.attention.self.key.weight
roberta-large,qqp,0.7652087211608887,68,roberta.encoder.layer.19.attention.self.query.weight
roberta-large,qqp,0.5606657862663269,69,roberta.encoder.layer.19.attention.self.value.weight
roberta-large,qqp,1.2962620258331299,70,roberta.encoder.layer.19.intermediate.dense.weight
roberta-large,qqp,0.9194300770759583,71,roberta.encoder.layer.19.output.dense.weight
roberta-large,qqp,0.6409265398979187,72,roberta.encoder.layer.2.attention.output.dense.weight
roberta-large,qqp,0.5870760679244995,73,roberta.encoder.layer.2.attention.self.key.weight
roberta-large,qqp,0.5926769971847534,74,roberta.encoder.layer.2.attention.self.query.weight
roberta-large,qqp,0.6235890984535217,75,roberta.encoder.layer.2.attention.self.value.weight
roberta-large,qqp,1.4794996976852417,76,roberta.encoder.layer.2.intermediate.dense.weight
roberta-large,qqp,1.4833769798278809,77,roberta.encoder.layer.2.output.dense.weight
roberta-large,qqp,0.5174791812896729,78,roberta.encoder.layer.20.attention.output.dense.weight
roberta-large,qqp,0.6854326128959656,79,roberta.encoder.layer.20.attention.self.key.weight
roberta-large,qqp,0.6823731064796448,80,roberta.encoder.layer.20.attention.self.query.weight
roberta-large,qqp,0.5317230224609375,81,roberta.encoder.layer.20.attention.self.value.weight
roberta-large,qqp,1.1936464309692383,82,roberta.encoder.layer.20.intermediate.dense.weight
roberta-large,qqp,0.832798182964325,83,roberta.encoder.layer.20.output.dense.weight
roberta-large,qqp,0.5031227469444275,84,roberta.encoder.layer.21.attention.output.dense.weight
roberta-large,qqp,0.6645587086677551,85,roberta.encoder.layer.21.attention.self.key.weight
roberta-large,qqp,0.6706709861755371,86,roberta.encoder.layer.21.attention.self.query.weight
roberta-large,qqp,0.5139551162719727,87,roberta.encoder.layer.21.attention.self.value.weight
roberta-large,qqp,1.0982468128204346,88,roberta.encoder.layer.21.intermediate.dense.weight
roberta-large,qqp,0.7719972729682922,89,roberta.encoder.layer.21.output.dense.weight
roberta-large,qqp,0.4864098131656647,90,roberta.encoder.layer.22.attention.output.dense.weight
roberta-large,qqp,0.6232349872589111,91,roberta.encoder.layer.22.attention.self.key.weight
roberta-large,qqp,0.614962637424469,92,roberta.encoder.layer.22.attention.self.query.weight
roberta-large,qqp,0.4888138175010681,93,roberta.encoder.layer.22.attention.self.value.weight
roberta-large,qqp,1.0091911554336548,94,roberta.encoder.layer.22.intermediate.dense.weight
roberta-large,qqp,0.7634527683258057,95,roberta.encoder.layer.22.output.dense.weight
roberta-large,qqp,0.5147463083267212,96,roberta.encoder.layer.23.attention.output.dense.weight
roberta-large,qqp,0.6513950228691101,97,roberta.encoder.layer.23.attention.self.key.weight
roberta-large,qqp,0.6425686478614807,98,roberta.encoder.layer.23.attention.self.query.weight
roberta-large,qqp,0.5096781253814697,99,roberta.encoder.layer.23.attention.self.value.weight
roberta-large,qqp,1.1382468938827515,100,roberta.encoder.layer.23.intermediate.dense.weight
roberta-large,qqp,1.102790117263794,101,roberta.encoder.layer.23.output.dense.weight
roberta-large,qqp,0.6702138185501099,102,roberta.encoder.layer.3.attention.output.dense.weight
roberta-large,qqp,0.6833263039588928,103,roberta.encoder.layer.3.attention.self.key.weight
roberta-large,qqp,0.6871662735939026,104,roberta.encoder.layer.3.attention.self.query.weight
roberta-large,qqp,0.6508209109306335,105,roberta.encoder.layer.3.attention.self.value.weight
roberta-large,qqp,1.6041638851165771,106,roberta.encoder.layer.3.intermediate.dense.weight
roberta-large,qqp,1.5669736862182617,107,roberta.encoder.layer.3.output.dense.weight
roberta-large,qqp,0.6833223700523376,108,roberta.encoder.layer.4.attention.output.dense.weight
roberta-large,qqp,0.7203746438026428,109,roberta.encoder.layer.4.attention.self.key.weight
roberta-large,qqp,0.7434133887290955,110,roberta.encoder.layer.4.attention.self.query.weight
roberta-large,qqp,0.6558261513710022,111,roberta.encoder.layer.4.attention.self.value.weight
roberta-large,qqp,1.6919242143630981,112,roberta.encoder.layer.4.intermediate.dense.weight
roberta-large,qqp,1.6398379802703857,113,roberta.encoder.layer.4.output.dense.weight
roberta-large,qqp,0.7439424991607666,114,roberta.encoder.layer.5.attention.output.dense.weight
roberta-large,qqp,0.7884366512298584,115,roberta.encoder.layer.5.attention.self.key.weight
roberta-large,qqp,0.790759265422821,116,roberta.encoder.layer.5.attention.self.query.weight
roberta-large,qqp,0.7086881399154663,117,roberta.encoder.layer.5.attention.self.value.weight
roberta-large,qqp,1.7685353755950928,118,roberta.encoder.layer.5.intermediate.dense.weight
roberta-large,qqp,1.6890908479690552,119,roberta.encoder.layer.5.output.dense.weight
roberta-large,qqp,0.7685852646827698,120,roberta.encoder.layer.6.attention.output.dense.weight
roberta-large,qqp,0.8270887136459351,121,roberta.encoder.layer.6.attention.self.key.weight
roberta-large,qqp,0.8306381702423096,122,roberta.encoder.layer.6.attention.self.query.weight
roberta-large,qqp,0.7423456311225891,123,roberta.encoder.layer.6.attention.self.value.weight
roberta-large,qqp,1.8554514646530151,124,roberta.encoder.layer.6.intermediate.dense.weight
roberta-large,qqp,1.72184157371521,125,roberta.encoder.layer.6.output.dense.weight
roberta-large,qqp,0.8145927786827087,126,roberta.encoder.layer.7.attention.output.dense.weight
roberta-large,qqp,0.9005244970321655,127,roberta.encoder.layer.7.attention.self.key.weight
roberta-large,qqp,0.9061865210533142,128,roberta.encoder.layer.7.attention.self.query.weight
roberta-large,qqp,0.7885702252388,129,roberta.encoder.layer.7.attention.self.value.weight
roberta-large,qqp,1.9000791311264038,130,roberta.encoder.layer.7.intermediate.dense.weight
roberta-large,qqp,1.6951299905776978,131,roberta.encoder.layer.7.output.dense.weight
roberta-large,qqp,0.8256106972694397,132,roberta.encoder.layer.8.attention.output.dense.weight
roberta-large,qqp,0.9192553758621216,133,roberta.encoder.layer.8.attention.self.key.weight
roberta-large,qqp,0.9274933338165283,134,roberta.encoder.layer.8.attention.self.query.weight
roberta-large,qqp,0.825004518032074,135,roberta.encoder.layer.8.attention.self.value.weight
roberta-large,qqp,1.9400393962860107,136,roberta.encoder.layer.8.intermediate.dense.weight
roberta-large,qqp,1.6749626398086548,137,roberta.encoder.layer.8.output.dense.weight
roberta-large,qqp,0.8336896896362305,138,roberta.encoder.layer.9.attention.output.dense.weight
roberta-large,qqp,0.9414625763893127,139,roberta.encoder.layer.9.attention.self.key.weight
roberta-large,qqp,0.9467093348503113,140,roberta.encoder.layer.9.attention.self.query.weight
roberta-large,qqp,0.8390701413154602,141,roberta.encoder.layer.9.attention.self.value.weight
roberta-large,qqp,1.939788579940796,142,roberta.encoder.layer.9.intermediate.dense.weight
roberta-large,qqp,1.6467297077178955,143,roberta.encoder.layer.9.output.dense.weight
roberta-large,rte,0.058194350451231,0,roberta.encoder.layer.0.attention.output.dense.weight
roberta-large,rte,0.058025553822517395,1,roberta.encoder.layer.0.attention.self.key.weight
roberta-large,rte,0.058669716119766235,2,roberta.encoder.layer.0.attention.self.query.weight
roberta-large,rte,0.05852292478084564,3,roberta.encoder.layer.0.attention.self.value.weight
roberta-large,rte,0.11688201129436493,4,roberta.encoder.layer.0.intermediate.dense.weight
roberta-large,rte,0.12306313216686249,5,roberta.encoder.layer.0.output.dense.weight
roberta-large,rte,0.057884685695171356,6,roberta.encoder.layer.1.attention.output.dense.weight
roberta-large,rte,0.05786759406328201,7,roberta.encoder.layer.1.attention.self.key.weight
roberta-large,rte,0.05803418904542923,8,roberta.encoder.layer.1.attention.self.query.weight
roberta-large,rte,0.057354703545570374,9,roberta.encoder.layer.1.attention.self.value.weight
roberta-large,rte,0.10442513972520828,10,roberta.encoder.layer.1.intermediate.dense.weight
roberta-large,rte,0.10578280687332153,11,roberta.encoder.layer.1.output.dense.weight
roberta-large,rte,0.09132115542888641,12,roberta.encoder.layer.10.attention.output.dense.weight
roberta-large,rte,0.08835376054048538,13,roberta.encoder.layer.10.attention.self.key.weight
roberta-large,rte,0.08790837973356247,14,roberta.encoder.layer.10.attention.self.query.weight
roberta-large,rte,0.09264091402292252,15,roberta.encoder.layer.10.attention.self.value.weight
roberta-large,rte,0.1715000718832016,16,roberta.encoder.layer.10.intermediate.dense.weight
roberta-large,rte,0.16754448413848877,17,roberta.encoder.layer.10.output.dense.weight
roberta-large,rte,0.09536559879779816,18,roberta.encoder.layer.11.attention.output.dense.weight
roberta-large,rte,0.09158848971128464,19,roberta.encoder.layer.11.attention.self.key.weight
roberta-large,rte,0.09146326780319214,20,roberta.encoder.layer.11.attention.self.query.weight
roberta-large,rte,0.09374935179948807,21,roberta.encoder.layer.11.attention.self.value.weight
roberta-large,rte,0.1709827035665512,22,roberta.encoder.layer.11.intermediate.dense.weight
roberta-large,rte,0.16848811507225037,23,roberta.encoder.layer.11.output.dense.weight
roberta-large,rte,0.0986994057893753,24,roberta.encoder.layer.12.attention.output.dense.weight
roberta-large,rte,0.09362223744392395,25,roberta.encoder.layer.12.attention.self.key.weight
roberta-large,rte,0.09449468553066254,26,roberta.encoder.layer.12.attention.self.query.weight
roberta-large,rte,0.09493700414896011,27,roberta.encoder.layer.12.attention.self.value.weight
roberta-large,rte,0.1714649349451065,28,roberta.encoder.layer.12.intermediate.dense.weight
roberta-large,rte,0.1611955165863037,29,roberta.encoder.layer.12.output.dense.weight
roberta-large,rte,0.10218649357557297,30,roberta.encoder.layer.13.attention.output.dense.weight
roberta-large,rte,0.1012442409992218,31,roberta.encoder.layer.13.attention.self.key.weight
roberta-large,rte,0.09897202253341675,32,roberta.encoder.layer.13.attention.self.query.weight
roberta-large,rte,0.09969965368509293,33,roberta.encoder.layer.13.attention.self.value.weight
roberta-large,rte,0.17372800409793854,34,roberta.encoder.layer.13.intermediate.dense.weight
roberta-large,rte,0.1624021828174591,35,roberta.encoder.layer.13.output.dense.weight
roberta-large,rte,0.10143013298511505,36,roberta.encoder.layer.14.attention.output.dense.weight
roberta-large,rte,0.10222674161195755,37,roberta.encoder.layer.14.attention.self.key.weight
roberta-large,rte,0.09647005051374435,38,roberta.encoder.layer.14.attention.self.query.weight
roberta-large,rte,0.10142720490694046,39,roberta.encoder.layer.14.attention.self.value.weight
roberta-large,rte,0.1762763410806656,40,roberta.encoder.layer.14.intermediate.dense.weight
roberta-large,rte,0.15738379955291748,41,roberta.encoder.layer.14.output.dense.weight
roberta-large,rte,0.10041699558496475,42,roberta.encoder.layer.15.attention.output.dense.weight
roberta-large,rte,0.10000264644622803,43,roberta.encoder.layer.15.attention.self.key.weight
roberta-large,rte,0.09733131527900696,44,roberta.encoder.layer.15.attention.self.query.weight
roberta-large,rte,0.10263536870479584,45,roberta.encoder.layer.15.attention.self.value.weight
roberta-large,rte,0.17865560948848724,46,roberta.encoder.layer.15.intermediate.dense.weight
roberta-large,rte,0.14320781826972961,47,roberta.encoder.layer.15.output.dense.weight
roberta-large,rte,0.10367541015148163,48,roberta.encoder.layer.16.attention.output.dense.weight
roberta-large,rte,0.10031773149967194,49,roberta.encoder.layer.16.attention.self.key.weight
roberta-large,rte,0.09516316652297974,50,roberta.encoder.layer.16.attention.self.query.weight
roberta-large,rte,0.10577946156263351,51,roberta.encoder.layer.16.attention.self.value.weight
roberta-large,rte,0.1821480393409729,52,roberta.encoder.layer.16.intermediate.dense.weight
roberta-large,rte,0.14350181818008423,53,roberta.encoder.layer.16.output.dense.weight
roberta-large,rte,0.10306425392627716,54,roberta.encoder.layer.17.attention.output.dense.weight
roberta-large,rte,0.10014310479164124,55,roberta.encoder.layer.17.attention.self.key.weight
roberta-large,rte,0.09847603738307953,56,roberta.encoder.layer.17.attention.self.query.weight
roberta-large,rte,0.10863954573869705,57,roberta.encoder.layer.17.attention.self.value.weight
roberta-large,rte,0.1822534054517746,58,roberta.encoder.layer.17.intermediate.dense.weight
roberta-large,rte,0.13120457530021667,59,roberta.encoder.layer.17.output.dense.weight
roberta-large,rte,0.0978924110531807,60,roberta.encoder.layer.18.attention.output.dense.weight
roberta-large,rte,0.1014026403427124,61,roberta.encoder.layer.18.attention.self.key.weight
roberta-large,rte,0.10102976113557816,62,roberta.encoder.layer.18.attention.self.query.weight
roberta-large,rte,0.10992858558893204,63,roberta.encoder.layer.18.attention.self.value.weight
roberta-large,rte,0.17511065304279327,64,roberta.encoder.layer.18.intermediate.dense.weight
roberta-large,rte,0.12610679864883423,65,roberta.encoder.layer.18.output.dense.weight
roberta-large,rte,0.0946735218167305,66,roberta.encoder.layer.19.attention.output.dense.weight
roberta-large,rte,0.09792132675647736,67,roberta.encoder.layer.19.attention.self.key.weight
roberta-large,rte,0.09447233378887177,68,roberta.encoder.layer.19.attention.self.query.weight
roberta-large,rte,0.10038339346647263,69,roberta.encoder.layer.19.attention.self.value.weight
roberta-large,rte,0.17200468480587006,70,roberta.encoder.layer.19.intermediate.dense.weight
roberta-large,rte,0.1195264682173729,71,roberta.encoder.layer.19.output.dense.weight
roberta-large,rte,0.05769750103354454,72,roberta.encoder.layer.2.attention.output.dense.weight
roberta-large,rte,0.05014119669795036,73,roberta.encoder.layer.2.attention.self.key.weight
roberta-large,rte,0.05003737285733223,74,roberta.encoder.layer.2.attention.self.query.weight
roberta-large,rte,0.05710471421480179,75,roberta.encoder.layer.2.attention.self.value.weight
roberta-large,rte,0.10926784574985504,76,roberta.encoder.layer.2.intermediate.dense.weight
roberta-large,rte,0.11094116419553757,77,roberta.encoder.layer.2.output.dense.weight
roberta-large,rte,0.08694759756326675,78,roberta.encoder.layer.20.attention.output.dense.weight
roberta-large,rte,0.092336505651474,79,roberta.encoder.layer.20.attention.self.key.weight
roberta-large,rte,0.09138615429401398,80,roberta.encoder.layer.20.attention.self.query.weight
roberta-large,rte,0.09523451328277588,81,roberta.encoder.layer.20.attention.self.value.weight
roberta-large,rte,0.16042718291282654,82,roberta.encoder.layer.20.intermediate.dense.weight
roberta-large,rte,0.11792983114719391,83,roberta.encoder.layer.20.output.dense.weight
roberta-large,rte,0.08470340818166733,84,roberta.encoder.layer.21.attention.output.dense.weight
roberta-large,rte,0.09059129655361176,85,roberta.encoder.layer.21.attention.self.key.weight
roberta-large,rte,0.09211079031229019,86,roberta.encoder.layer.21.attention.self.query.weight
roberta-large,rte,0.08994948863983154,87,roberta.encoder.layer.21.attention.self.value.weight
roberta-large,rte,0.1605687141418457,88,roberta.encoder.layer.21.intermediate.dense.weight
roberta-large,rte,0.12295406311750412,89,roberta.encoder.layer.21.output.dense.weight
roberta-large,rte,0.08673886209726334,90,roberta.encoder.layer.22.attention.output.dense.weight
roberta-large,rte,0.0894978940486908,91,roberta.encoder.layer.22.attention.self.key.weight
roberta-large,rte,0.08609393239021301,92,roberta.encoder.layer.22.attention.self.query.weight
roberta-large,rte,0.09048069268465042,93,roberta.encoder.layer.22.attention.self.value.weight
roberta-large,rte,0.15555912256240845,94,roberta.encoder.layer.22.intermediate.dense.weight
roberta-large,rte,0.13139185309410095,95,roberta.encoder.layer.22.output.dense.weight
roberta-large,rte,0.09745895117521286,96,roberta.encoder.layer.23.attention.output.dense.weight
roberta-large,rte,0.09392981231212616,97,roberta.encoder.layer.23.attention.self.key.weight
roberta-large,rte,0.09566737711429596,98,roberta.encoder.layer.23.attention.self.query.weight
roberta-large,rte,0.10291130840778351,99,roberta.encoder.layer.23.attention.self.value.weight
roberta-large,rte,0.14362889528274536,100,roberta.encoder.layer.23.intermediate.dense.weight
roberta-large,rte,0.1034243181347847,101,roberta.encoder.layer.23.output.dense.weight
roberta-large,rte,0.05802391096949577,102,roberta.encoder.layer.3.attention.output.dense.weight
roberta-large,rte,0.055551230907440186,103,roberta.encoder.layer.3.attention.self.key.weight
roberta-large,rte,0.05490945279598236,104,roberta.encoder.layer.3.attention.self.query.weight
roberta-large,rte,0.05787156894803047,105,roberta.encoder.layer.3.attention.self.value.weight
roberta-large,rte,0.11797168850898743,106,roberta.encoder.layer.3.intermediate.dense.weight
roberta-large,rte,0.11778189241886139,107,roberta.encoder.layer.3.output.dense.weight
roberta-large,rte,0.05868437513709068,108,roberta.encoder.layer.4.attention.output.dense.weight
roberta-large,rte,0.059111855924129486,109,roberta.encoder.layer.4.attention.self.key.weight
roberta-large,rte,0.05866001546382904,110,roberta.encoder.layer.4.attention.self.query.weight
roberta-large,rte,0.05892300605773926,111,roberta.encoder.layer.4.attention.self.value.weight
roberta-large,rte,0.12037632614374161,112,roberta.encoder.layer.4.intermediate.dense.weight
roberta-large,rte,0.120277538895607,113,roberta.encoder.layer.4.output.dense.weight
roberta-large,rte,0.05951389670372009,114,roberta.encoder.layer.5.attention.output.dense.weight
roberta-large,rte,0.05915314331650734,115,roberta.encoder.layer.5.attention.self.key.weight
roberta-large,rte,0.05842076614499092,116,roberta.encoder.layer.5.attention.self.query.weight
roberta-large,rte,0.05908852070569992,117,roberta.encoder.layer.5.attention.self.value.weight
roberta-large,rte,0.12567344307899475,118,roberta.encoder.layer.5.intermediate.dense.weight
roberta-large,rte,0.12371758371591568,119,roberta.encoder.layer.5.output.dense.weight
roberta-large,rte,0.06207163631916046,120,roberta.encoder.layer.6.attention.output.dense.weight
roberta-large,rte,0.05841393023729324,121,roberta.encoder.layer.6.attention.self.key.weight
roberta-large,rte,0.05824177339673042,122,roberta.encoder.layer.6.attention.self.query.weight
roberta-large,rte,0.06122835353016853,123,roberta.encoder.layer.6.attention.self.value.weight
roberta-large,rte,0.13402946293354034,124,roberta.encoder.layer.6.intermediate.dense.weight
roberta-large,rte,0.132762148976326,125,roberta.encoder.layer.6.output.dense.weight
roberta-large,rte,0.06732027232646942,126,roberta.encoder.layer.7.attention.output.dense.weight
roberta-large,rte,0.06237288936972618,127,roberta.encoder.layer.7.attention.self.key.weight
roberta-large,rte,0.06345047801733017,128,roberta.encoder.layer.7.attention.self.query.weight
roberta-large,rte,0.06717510521411896,129,roberta.encoder.layer.7.attention.self.value.weight
roberta-large,rte,0.14373810589313507,130,roberta.encoder.layer.7.intermediate.dense.weight
roberta-large,rte,0.1399366855621338,131,roberta.encoder.layer.7.output.dense.weight
roberta-large,rte,0.07477670162916183,132,roberta.encoder.layer.8.attention.output.dense.weight
roberta-large,rte,0.06985637545585632,133,roberta.encoder.layer.8.attention.self.key.weight
roberta-large,rte,0.06991040706634521,134,roberta.encoder.layer.8.attention.self.query.weight
roberta-large,rte,0.07555194944143295,135,roberta.encoder.layer.8.attention.self.value.weight
roberta-large,rte,0.158489391207695,136,roberta.encoder.layer.8.intermediate.dense.weight
roberta-large,rte,0.1553243100643158,137,roberta.encoder.layer.8.output.dense.weight
roberta-large,rte,0.08555274456739426,138,roberta.encoder.layer.9.attention.output.dense.weight
roberta-large,rte,0.07978423684835434,139,roberta.encoder.layer.9.attention.self.key.weight
roberta-large,rte,0.08091716468334198,140,roberta.encoder.layer.9.attention.self.query.weight
roberta-large,rte,0.08546897023916245,141,roberta.encoder.layer.9.attention.self.value.weight
roberta-large,rte,0.16767866909503937,142,roberta.encoder.layer.9.intermediate.dense.weight
roberta-large,rte,0.16560041904449463,143,roberta.encoder.layer.9.output.dense.weight
roberta-large,sst2,0.282852441072464,0,roberta.encoder.layer.0.attention.output.dense.weight
roberta-large,sst2,0.2729490101337433,1,roberta.encoder.layer.0.attention.self.key.weight
roberta-large,sst2,0.27668002247810364,2,roberta.encoder.layer.0.attention.self.query.weight
roberta-large,sst2,0.28751862049102783,3,roberta.encoder.layer.0.attention.self.value.weight
roberta-large,sst2,0.5681522488594055,4,roberta.encoder.layer.0.intermediate.dense.weight
roberta-large,sst2,0.5632481575012207,5,roberta.encoder.layer.0.output.dense.weight
roberta-large,sst2,0.2652917802333832,6,roberta.encoder.layer.1.attention.output.dense.weight
roberta-large,sst2,0.2572498023509979,7,roberta.encoder.layer.1.attention.self.key.weight
roberta-large,sst2,0.2618710994720459,8,roberta.encoder.layer.1.attention.self.query.weight
roberta-large,sst2,0.26687443256378174,9,roberta.encoder.layer.1.attention.self.value.weight
roberta-large,sst2,0.5094890594482422,10,roberta.encoder.layer.1.intermediate.dense.weight
roberta-large,sst2,0.5056638717651367,11,roberta.encoder.layer.1.output.dense.weight
roberta-large,sst2,0.2798719108104706,12,roberta.encoder.layer.10.attention.output.dense.weight
roberta-large,sst2,0.31665873527526855,13,roberta.encoder.layer.10.attention.self.key.weight
roberta-large,sst2,0.3215848505496979,14,roberta.encoder.layer.10.attention.self.query.weight
roberta-large,sst2,0.2748481333255768,15,roberta.encoder.layer.10.attention.self.value.weight
roberta-large,sst2,0.6639809012413025,16,roberta.encoder.layer.10.intermediate.dense.weight
roberta-large,sst2,0.5433753728866577,17,roberta.encoder.layer.10.output.dense.weight
roberta-large,sst2,0.2915149927139282,18,roberta.encoder.layer.11.attention.output.dense.weight
roberta-large,sst2,0.3243495225906372,19,roberta.encoder.layer.11.attention.self.key.weight
roberta-large,sst2,0.32499003410339355,20,roberta.encoder.layer.11.attention.self.query.weight
roberta-large,sst2,0.28276434540748596,21,roberta.encoder.layer.11.attention.self.value.weight
roberta-large,sst2,0.6668205857276917,22,roberta.encoder.layer.11.intermediate.dense.weight
roberta-large,sst2,0.5409033894538879,23,roberta.encoder.layer.11.output.dense.weight
roberta-large,sst2,0.2989097237586975,24,roberta.encoder.layer.12.attention.output.dense.weight
roberta-large,sst2,0.3308093547821045,25,roberta.encoder.layer.12.attention.self.key.weight
roberta-large,sst2,0.33313024044036865,26,roberta.encoder.layer.12.attention.self.query.weight
roberta-large,sst2,0.28561273217201233,27,roberta.encoder.layer.12.attention.self.value.weight
roberta-large,sst2,0.66866135597229,28,roberta.encoder.layer.12.intermediate.dense.weight
roberta-large,sst2,0.5386167764663696,29,roberta.encoder.layer.12.output.dense.weight
roberta-large,sst2,0.2936583459377289,30,roberta.encoder.layer.13.attention.output.dense.weight
roberta-large,sst2,0.3367883563041687,31,roberta.encoder.layer.13.attention.self.key.weight
roberta-large,sst2,0.34455958008766174,32,roberta.encoder.layer.13.attention.self.query.weight
roberta-large,sst2,0.28472456336021423,33,roberta.encoder.layer.13.attention.self.value.weight
roberta-large,sst2,0.6749699711799622,34,roberta.encoder.layer.13.intermediate.dense.weight
roberta-large,sst2,0.5365254878997803,35,roberta.encoder.layer.13.output.dense.weight
roberta-large,sst2,0.2902360260486603,36,roberta.encoder.layer.14.attention.output.dense.weight
roberta-large,sst2,0.34562376141548157,37,roberta.encoder.layer.14.attention.self.key.weight
roberta-large,sst2,0.3493475615978241,38,roberta.encoder.layer.14.attention.self.query.weight
roberta-large,sst2,0.2837589979171753,39,roberta.encoder.layer.14.attention.self.value.weight
roberta-large,sst2,0.6789886951446533,40,roberta.encoder.layer.14.intermediate.dense.weight
roberta-large,sst2,0.5311317443847656,41,roberta.encoder.layer.14.output.dense.weight
roberta-large,sst2,0.288129061460495,42,roberta.encoder.layer.15.attention.output.dense.weight
roberta-large,sst2,0.3415047824382782,43,roberta.encoder.layer.15.attention.self.key.weight
roberta-large,sst2,0.34563422203063965,44,roberta.encoder.layer.15.attention.self.query.weight
roberta-large,sst2,0.2793053984642029,45,roberta.encoder.layer.15.attention.self.value.weight
roberta-large,sst2,0.6734432578086853,46,roberta.encoder.layer.15.intermediate.dense.weight
roberta-large,sst2,0.4874349534511566,47,roberta.encoder.layer.15.output.dense.weight
roberta-large,sst2,0.28459349274635315,48,roberta.encoder.layer.16.attention.output.dense.weight
roberta-large,sst2,0.3539404571056366,49,roberta.encoder.layer.16.attention.self.key.weight
roberta-large,sst2,0.3557862639427185,50,roberta.encoder.layer.16.attention.self.query.weight
roberta-large,sst2,0.2861645221710205,51,roberta.encoder.layer.16.attention.self.value.weight
roberta-large,sst2,0.6492969393730164,52,roberta.encoder.layer.16.intermediate.dense.weight
roberta-large,sst2,0.4764964282512665,53,roberta.encoder.layer.16.output.dense.weight
roberta-large,sst2,0.2923886179924011,54,roberta.encoder.layer.17.attention.output.dense.weight
roberta-large,sst2,0.34352928400039673,55,roberta.encoder.layer.17.attention.self.key.weight
roberta-large,sst2,0.3516574800014496,56,roberta.encoder.layer.17.attention.self.query.weight
roberta-large,sst2,0.27660277485847473,57,roberta.encoder.layer.17.attention.self.value.weight
roberta-large,sst2,0.6205376982688904,58,roberta.encoder.layer.17.intermediate.dense.weight
roberta-large,sst2,0.44821763038635254,59,roberta.encoder.layer.17.output.dense.weight
roberta-large,sst2,0.30010470747947693,60,roberta.encoder.layer.18.attention.output.dense.weight
roberta-large,sst2,0.3343104422092438,61,roberta.encoder.layer.18.attention.self.key.weight
roberta-large,sst2,0.34329092502593994,62,roberta.encoder.layer.18.attention.self.query.weight
roberta-large,sst2,0.27711188793182373,63,roberta.encoder.layer.18.attention.self.value.weight
roberta-large,sst2,0.5893701314926147,64,roberta.encoder.layer.18.intermediate.dense.weight
roberta-large,sst2,0.4005652368068695,65,roberta.encoder.layer.18.output.dense.weight
roberta-large,sst2,0.2491360455751419,66,roberta.encoder.layer.19.attention.output.dense.weight
roberta-large,sst2,0.3258745074272156,67,roberta.encoder.layer.19.attention.self.key.weight
roberta-large,sst2,0.32556918263435364,68,roberta.encoder.layer.19.attention.self.query.weight
roberta-large,sst2,0.2551833987236023,69,roberta.encoder.layer.19.attention.self.value.weight
roberta-large,sst2,0.5390999913215637,70,roberta.encoder.layer.19.intermediate.dense.weight
roberta-large,sst2,0.3761778175830841,71,roberta.encoder.layer.19.output.dense.weight
roberta-large,sst2,0.2559783160686493,72,roberta.encoder.layer.2.attention.output.dense.weight
roberta-large,sst2,0.21951548755168915,73,roberta.encoder.layer.2.attention.self.key.weight
roberta-large,sst2,0.21883901953697205,74,roberta.encoder.layer.2.attention.self.query.weight
roberta-large,sst2,0.25202614068984985,75,roberta.encoder.layer.2.attention.self.value.weight
roberta-large,sst2,0.5461935997009277,76,roberta.encoder.layer.2.intermediate.dense.weight
roberta-large,sst2,0.5366039276123047,77,roberta.encoder.layer.2.output.dense.weight
roberta-large,sst2,0.25332871079444885,78,roberta.encoder.layer.20.attention.output.dense.weight
roberta-large,sst2,0.28257492184638977,79,roberta.encoder.layer.20.attention.self.key.weight
roberta-large,sst2,0.2814686596393585,80,roberta.encoder.layer.20.attention.self.query.weight
roberta-large,sst2,0.26313650608062744,81,roberta.encoder.layer.20.attention.self.value.weight
roberta-large,sst2,0.4956578314304352,82,roberta.encoder.layer.20.intermediate.dense.weight
roberta-large,sst2,0.3561747968196869,83,roberta.encoder.layer.20.output.dense.weight
roberta-large,sst2,0.23889324069023132,84,roberta.encoder.layer.21.attention.output.dense.weight
roberta-large,sst2,0.24480153620243073,85,roberta.encoder.layer.21.attention.self.key.weight
roberta-large,sst2,0.25829818844795227,86,roberta.encoder.layer.21.attention.self.query.weight
roberta-large,sst2,0.24821656942367554,87,roberta.encoder.layer.21.attention.self.value.weight
roberta-large,sst2,0.4614199101924896,88,roberta.encoder.layer.21.intermediate.dense.weight
roberta-large,sst2,0.330741822719574,89,roberta.encoder.layer.21.output.dense.weight
roberta-large,sst2,0.22895418107509613,90,roberta.encoder.layer.22.attention.output.dense.weight
roberta-large,sst2,0.2215559035539627,91,roberta.encoder.layer.22.attention.self.key.weight
roberta-large,sst2,0.24716942012310028,92,roberta.encoder.layer.22.attention.self.query.weight
roberta-large,sst2,0.2308194488286972,93,roberta.encoder.layer.22.attention.self.value.weight
roberta-large,sst2,0.4342702329158783,94,roberta.encoder.layer.22.intermediate.dense.weight
roberta-large,sst2,0.31671342253685,95,roberta.encoder.layer.22.output.dense.weight
roberta-large,sst2,0.23436187207698822,96,roberta.encoder.layer.23.attention.output.dense.weight
roberta-large,sst2,0.21259257197380066,97,roberta.encoder.layer.23.attention.self.key.weight
roberta-large,sst2,0.2451961189508438,98,roberta.encoder.layer.23.attention.self.query.weight
roberta-large,sst2,0.23188936710357666,99,roberta.encoder.layer.23.attention.self.value.weight
roberta-large,sst2,0.48071014881134033,100,roberta.encoder.layer.23.intermediate.dense.weight
roberta-large,sst2,0.39587584137916565,101,roberta.encoder.layer.23.output.dense.weight
roberta-large,sst2,0.2542474567890167,102,roberta.encoder.layer.3.attention.output.dense.weight
roberta-large,sst2,0.25020623207092285,103,roberta.encoder.layer.3.attention.self.key.weight
roberta-large,sst2,0.24944904446601868,104,roberta.encoder.layer.3.attention.self.query.weight
roberta-large,sst2,0.24821050465106964,105,roberta.encoder.layer.3.attention.self.value.weight
roberta-large,sst2,0.5730853080749512,106,roberta.encoder.layer.3.intermediate.dense.weight
roberta-large,sst2,0.5544272065162659,107,roberta.encoder.layer.3.output.dense.weight
roberta-large,sst2,0.24329273402690887,108,roberta.encoder.layer.4.attention.output.dense.weight
roberta-large,sst2,0.23942357301712036,109,roberta.encoder.layer.4.attention.self.key.weight
roberta-large,sst2,0.24923013150691986,110,roberta.encoder.layer.4.attention.self.query.weight
roberta-large,sst2,0.2423098385334015,111,roberta.encoder.layer.4.attention.self.value.weight
roberta-large,sst2,0.5931999683380127,112,roberta.encoder.layer.4.intermediate.dense.weight
roberta-large,sst2,0.5743842720985413,113,roberta.encoder.layer.4.output.dense.weight
roberta-large,sst2,0.25519445538520813,114,roberta.encoder.layer.5.attention.output.dense.weight
roberta-large,sst2,0.26210230588912964,115,roberta.encoder.layer.5.attention.self.key.weight
roberta-large,sst2,0.2673281729221344,116,roberta.encoder.layer.5.attention.self.query.weight
roberta-large,sst2,0.25261497497558594,117,roberta.encoder.layer.5.attention.self.value.weight
roberta-large,sst2,0.6046923398971558,118,roberta.encoder.layer.5.intermediate.dense.weight
roberta-large,sst2,0.5799506306648254,119,roberta.encoder.layer.5.output.dense.weight
roberta-large,sst2,0.26218903064727783,120,roberta.encoder.layer.6.attention.output.dense.weight
roberta-large,sst2,0.2765786349773407,121,roberta.encoder.layer.6.attention.self.key.weight
roberta-large,sst2,0.2773357927799225,122,roberta.encoder.layer.6.attention.self.query.weight
roberta-large,sst2,0.2630375325679779,123,roberta.encoder.layer.6.attention.self.value.weight
roberta-large,sst2,0.6244415044784546,124,roberta.encoder.layer.6.intermediate.dense.weight
roberta-large,sst2,0.5827004909515381,125,roberta.encoder.layer.6.output.dense.weight
roberta-large,sst2,0.2691982388496399,126,roberta.encoder.layer.7.attention.output.dense.weight
roberta-large,sst2,0.2859281599521637,127,roberta.encoder.layer.7.attention.self.key.weight
roberta-large,sst2,0.2882358729839325,128,roberta.encoder.layer.7.attention.self.query.weight
roberta-large,sst2,0.26746705174446106,129,roberta.encoder.layer.7.attention.self.value.weight
roberta-large,sst2,0.634796679019928,130,roberta.encoder.layer.7.intermediate.dense.weight
roberta-large,sst2,0.5744189620018005,131,roberta.encoder.layer.7.output.dense.weight
roberta-large,sst2,0.2719848155975342,132,roberta.encoder.layer.8.attention.output.dense.weight
roberta-large,sst2,0.29672548174858093,133,roberta.encoder.layer.8.attention.self.key.weight
roberta-large,sst2,0.29790738224983215,134,roberta.encoder.layer.8.attention.self.query.weight
roberta-large,sst2,0.2699749767780304,135,roberta.encoder.layer.8.attention.self.value.weight
roberta-large,sst2,0.6427762508392334,136,roberta.encoder.layer.8.intermediate.dense.weight
roberta-large,sst2,0.5573825836181641,137,roberta.encoder.layer.8.output.dense.weight
roberta-large,sst2,0.27722838521003723,138,roberta.encoder.layer.9.attention.output.dense.weight
roberta-large,sst2,0.3083522319793701,139,roberta.encoder.layer.9.attention.self.key.weight
roberta-large,sst2,0.3114030659198761,140,roberta.encoder.layer.9.attention.self.query.weight
roberta-large,sst2,0.27681252360343933,141,roberta.encoder.layer.9.attention.self.value.weight
roberta-large,sst2,0.6492358446121216,142,roberta.encoder.layer.9.intermediate.dense.weight
roberta-large,sst2,0.5481778979301453,143,roberta.encoder.layer.9.output.dense.weight
roberta-large,stsb,0.08888794481754303,0,roberta.encoder.layer.0.attention.output.dense.weight
roberta-large,stsb,0.09110017120838165,1,roberta.encoder.layer.0.attention.self.key.weight
roberta-large,stsb,0.09056927263736725,2,roberta.encoder.layer.0.attention.self.query.weight
roberta-large,stsb,0.08966965973377228,3,roberta.encoder.layer.0.attention.self.value.weight
roberta-large,stsb,0.18921376764774323,4,roberta.encoder.layer.0.intermediate.dense.weight
roberta-large,stsb,0.1974627822637558,5,roberta.encoder.layer.0.output.dense.weight
roberta-large,stsb,0.08747246861457825,6,roberta.encoder.layer.1.attention.output.dense.weight
roberta-large,stsb,0.08930142223834991,7,roberta.encoder.layer.1.attention.self.key.weight
roberta-large,stsb,0.08953192085027695,8,roberta.encoder.layer.1.attention.self.query.weight
roberta-large,stsb,0.08811497688293457,9,roberta.encoder.layer.1.attention.self.value.weight
roberta-large,stsb,0.16716821491718292,10,roberta.encoder.layer.1.intermediate.dense.weight
roberta-large,stsb,0.17257463932037354,11,roberta.encoder.layer.1.output.dense.weight
roberta-large,stsb,0.14231108129024506,12,roberta.encoder.layer.10.attention.output.dense.weight
roberta-large,stsb,0.1453428715467453,13,roberta.encoder.layer.10.attention.self.key.weight
roberta-large,stsb,0.14696411788463593,14,roberta.encoder.layer.10.attention.self.query.weight
roberta-large,stsb,0.1435001939535141,15,roberta.encoder.layer.10.attention.self.value.weight
roberta-large,stsb,0.2840576171875,16,roberta.encoder.layer.10.intermediate.dense.weight
roberta-large,stsb,0.26196351647377014,17,roberta.encoder.layer.10.output.dense.weight
roberta-large,stsb,0.14840012788772583,18,roberta.encoder.layer.11.attention.output.dense.weight
roberta-large,stsb,0.1523156762123108,19,roberta.encoder.layer.11.attention.self.key.weight
roberta-large,stsb,0.14975906908512115,20,roberta.encoder.layer.11.attention.self.query.weight
roberta-large,stsb,0.13973861932754517,21,roberta.encoder.layer.11.attention.self.value.weight
roberta-large,stsb,0.2754857540130615,22,roberta.encoder.layer.11.intermediate.dense.weight
roberta-large,stsb,0.2617871165275574,23,roberta.encoder.layer.11.output.dense.weight
roberta-large,stsb,0.15313628315925598,24,roberta.encoder.layer.12.attention.output.dense.weight
roberta-large,stsb,0.14581379294395447,25,roberta.encoder.layer.12.attention.self.key.weight
roberta-large,stsb,0.14545181393623352,26,roberta.encoder.layer.12.attention.self.query.weight
roberta-large,stsb,0.14790867269039154,27,roberta.encoder.layer.12.attention.self.value.weight
roberta-large,stsb,0.28026083111763,28,roberta.encoder.layer.12.intermediate.dense.weight
roberta-large,stsb,0.26108255982398987,29,roberta.encoder.layer.12.output.dense.weight
roberta-large,stsb,0.15516991913318634,30,roberta.encoder.layer.13.attention.output.dense.weight
roberta-large,stsb,0.15992692112922668,31,roberta.encoder.layer.13.attention.self.key.weight
roberta-large,stsb,0.15653318166732788,32,roberta.encoder.layer.13.attention.self.query.weight
roberta-large,stsb,0.1535235494375229,33,roberta.encoder.layer.13.attention.self.value.weight
roberta-large,stsb,0.2758728563785553,34,roberta.encoder.layer.13.intermediate.dense.weight
roberta-large,stsb,0.2538450360298157,35,roberta.encoder.layer.13.output.dense.weight
roberta-large,stsb,0.1499919891357422,36,roberta.encoder.layer.14.attention.output.dense.weight
roberta-large,stsb,0.14971202611923218,37,roberta.encoder.layer.14.attention.self.key.weight
roberta-large,stsb,0.1497727930545807,38,roberta.encoder.layer.14.attention.self.query.weight
roberta-large,stsb,0.1464715301990509,39,roberta.encoder.layer.14.attention.self.value.weight
roberta-large,stsb,0.26828089356422424,40,roberta.encoder.layer.14.intermediate.dense.weight
roberta-large,stsb,0.24134297668933868,41,roberta.encoder.layer.14.output.dense.weight
roberta-large,stsb,0.148267462849617,42,roberta.encoder.layer.15.attention.output.dense.weight
roberta-large,stsb,0.14950449764728546,43,roberta.encoder.layer.15.attention.self.key.weight
roberta-large,stsb,0.14866358041763306,44,roberta.encoder.layer.15.attention.self.query.weight
roberta-large,stsb,0.14334636926651,45,roberta.encoder.layer.15.attention.self.value.weight
roberta-large,stsb,0.26924481987953186,46,roberta.encoder.layer.15.intermediate.dense.weight
roberta-large,stsb,0.23561273515224457,47,roberta.encoder.layer.15.output.dense.weight
roberta-large,stsb,0.15084418654441833,48,roberta.encoder.layer.16.attention.output.dense.weight
roberta-large,stsb,0.13618138432502747,49,roberta.encoder.layer.16.attention.self.key.weight
roberta-large,stsb,0.13740813732147217,50,roberta.encoder.layer.16.attention.self.query.weight
roberta-large,stsb,0.14804905652999878,51,roberta.encoder.layer.16.attention.self.value.weight
roberta-large,stsb,0.2729373574256897,52,roberta.encoder.layer.16.intermediate.dense.weight
roberta-large,stsb,0.2362852692604065,53,roberta.encoder.layer.16.output.dense.weight
roberta-large,stsb,0.1529756337404251,54,roberta.encoder.layer.17.attention.output.dense.weight
roberta-large,stsb,0.14198637008666992,55,roberta.encoder.layer.17.attention.self.key.weight
roberta-large,stsb,0.14900563657283783,56,roberta.encoder.layer.17.attention.self.query.weight
roberta-large,stsb,0.14989830553531647,57,roberta.encoder.layer.17.attention.self.value.weight
roberta-large,stsb,0.2688089609146118,58,roberta.encoder.layer.17.intermediate.dense.weight
roberta-large,stsb,0.22993649542331696,59,roberta.encoder.layer.17.output.dense.weight
roberta-large,stsb,0.1455942839384079,60,roberta.encoder.layer.18.attention.output.dense.weight
roberta-large,stsb,0.1360047608613968,61,roberta.encoder.layer.18.attention.self.key.weight
roberta-large,stsb,0.13442692160606384,62,roberta.encoder.layer.18.attention.self.query.weight
roberta-large,stsb,0.14760912954807281,63,roberta.encoder.layer.18.attention.self.value.weight
roberta-large,stsb,0.26162874698638916,64,roberta.encoder.layer.18.intermediate.dense.weight
roberta-large,stsb,0.23161043226718903,65,roberta.encoder.layer.18.output.dense.weight
roberta-large,stsb,0.1373796910047531,66,roberta.encoder.layer.19.attention.output.dense.weight
roberta-large,stsb,0.12294663488864899,67,roberta.encoder.layer.19.attention.self.key.weight
roberta-large,stsb,0.12587256729602814,68,roberta.encoder.layer.19.attention.self.query.weight
roberta-large,stsb,0.1397152990102768,69,roberta.encoder.layer.19.attention.self.value.weight
roberta-large,stsb,0.2552987039089203,70,roberta.encoder.layer.19.intermediate.dense.weight
roberta-large,stsb,0.23236902058124542,71,roberta.encoder.layer.19.output.dense.weight
roberta-large,stsb,0.08786535263061523,72,roberta.encoder.layer.2.attention.output.dense.weight
roberta-large,stsb,0.0791509598493576,73,roberta.encoder.layer.2.attention.self.key.weight
roberta-large,stsb,0.07897953689098358,74,roberta.encoder.layer.2.attention.self.query.weight
roberta-large,stsb,0.08821361511945724,75,roberta.encoder.layer.2.attention.self.value.weight
roberta-large,stsb,0.1800599992275238,76,roberta.encoder.layer.2.intermediate.dense.weight
roberta-large,stsb,0.17963404953479767,77,roberta.encoder.layer.2.output.dense.weight
roberta-large,stsb,0.13506779074668884,78,roberta.encoder.layer.20.attention.output.dense.weight
roberta-large,stsb,0.12379087507724762,79,roberta.encoder.layer.20.attention.self.key.weight
roberta-large,stsb,0.12166718393564224,80,roberta.encoder.layer.20.attention.self.query.weight
roberta-large,stsb,0.13690800964832306,81,roberta.encoder.layer.20.attention.self.value.weight
roberta-large,stsb,0.24622465670108795,82,roberta.encoder.layer.20.intermediate.dense.weight
roberta-large,stsb,0.23389121890068054,83,roberta.encoder.layer.20.output.dense.weight
roberta-large,stsb,0.12919996678829193,84,roberta.encoder.layer.21.attention.output.dense.weight
roberta-large,stsb,0.11851081252098083,85,roberta.encoder.layer.21.attention.self.key.weight
roberta-large,stsb,0.12278145551681519,86,roberta.encoder.layer.21.attention.self.query.weight
roberta-large,stsb,0.13052895665168762,87,roberta.encoder.layer.21.attention.self.value.weight
roberta-large,stsb,0.24352990090847015,88,roberta.encoder.layer.21.intermediate.dense.weight
roberta-large,stsb,0.23125560581684113,89,roberta.encoder.layer.21.output.dense.weight
roberta-large,stsb,0.12749622762203217,90,roberta.encoder.layer.22.attention.output.dense.weight
roberta-large,stsb,0.12926706671714783,91,roberta.encoder.layer.22.attention.self.key.weight
roberta-large,stsb,0.12649384140968323,92,roberta.encoder.layer.22.attention.self.query.weight
roberta-large,stsb,0.13229812681674957,93,roberta.encoder.layer.22.attention.self.value.weight
roberta-large,stsb,0.24078625440597534,94,roberta.encoder.layer.22.intermediate.dense.weight
roberta-large,stsb,0.2304493635892868,95,roberta.encoder.layer.22.output.dense.weight
roberta-large,stsb,0.14322888851165771,96,roberta.encoder.layer.23.attention.output.dense.weight
roberta-large,stsb,0.12381549924612045,97,roberta.encoder.layer.23.attention.self.key.weight
roberta-large,stsb,0.11594296991825104,98,roberta.encoder.layer.23.attention.self.query.weight
roberta-large,stsb,0.14117085933685303,99,roberta.encoder.layer.23.attention.self.value.weight
roberta-large,stsb,0.2585776448249817,100,roberta.encoder.layer.23.intermediate.dense.weight
roberta-large,stsb,0.3117814064025879,101,roberta.encoder.layer.23.output.dense.weight
roberta-large,stsb,0.09035821259021759,102,roberta.encoder.layer.3.attention.output.dense.weight
roberta-large,stsb,0.08657419681549072,103,roberta.encoder.layer.3.attention.self.key.weight
roberta-large,stsb,0.08752290904521942,104,roberta.encoder.layer.3.attention.self.query.weight
roberta-large,stsb,0.09045819193124771,105,roberta.encoder.layer.3.attention.self.value.weight
roberta-large,stsb,0.19270795583724976,106,roberta.encoder.layer.3.intermediate.dense.weight
roberta-large,stsb,0.1923060268163681,107,roberta.encoder.layer.3.output.dense.weight
roberta-large,stsb,0.09321678429841995,108,roberta.encoder.layer.4.attention.output.dense.weight
roberta-large,stsb,0.08894263952970505,109,roberta.encoder.layer.4.attention.self.key.weight
roberta-large,stsb,0.09049583971500397,110,roberta.encoder.layer.4.attention.self.query.weight
roberta-large,stsb,0.09190423041582108,111,roberta.encoder.layer.4.attention.self.value.weight
roberta-large,stsb,0.20624308288097382,112,roberta.encoder.layer.4.intermediate.dense.weight
roberta-large,stsb,0.20971521735191345,113,roberta.encoder.layer.4.output.dense.weight
roberta-large,stsb,0.10132904350757599,114,roberta.encoder.layer.5.attention.output.dense.weight
roberta-large,stsb,0.09678329527378082,115,roberta.encoder.layer.5.attention.self.key.weight
roberta-large,stsb,0.09651344269514084,116,roberta.encoder.layer.5.attention.self.query.weight
roberta-large,stsb,0.1012321263551712,117,roberta.encoder.layer.5.attention.self.value.weight
roberta-large,stsb,0.2201128602027893,118,roberta.encoder.layer.5.intermediate.dense.weight
roberta-large,stsb,0.2225460261106491,119,roberta.encoder.layer.5.output.dense.weight
roberta-large,stsb,0.11269842833280563,120,roberta.encoder.layer.6.attention.output.dense.weight
roberta-large,stsb,0.10356027632951736,121,roberta.encoder.layer.6.attention.self.key.weight
roberta-large,stsb,0.1054038405418396,122,roberta.encoder.layer.6.attention.self.query.weight
roberta-large,stsb,0.11074014008045197,123,roberta.encoder.layer.6.attention.self.value.weight
roberta-large,stsb,0.2383309304714203,124,roberta.encoder.layer.6.intermediate.dense.weight
roberta-large,stsb,0.2368384450674057,125,roberta.encoder.layer.6.output.dense.weight
roberta-large,stsb,0.11997512727975845,126,roberta.encoder.layer.7.attention.output.dense.weight
roberta-large,stsb,0.11843413859605789,127,roberta.encoder.layer.7.attention.self.key.weight
roberta-large,stsb,0.11680962145328522,128,roberta.encoder.layer.7.attention.self.query.weight
roberta-large,stsb,0.12044327706098557,129,roberta.encoder.layer.7.attention.self.value.weight
roberta-large,stsb,0.252800852060318,130,roberta.encoder.layer.7.intermediate.dense.weight
roberta-large,stsb,0.2539230287075043,131,roberta.encoder.layer.7.output.dense.weight
roberta-large,stsb,0.1262696385383606,132,roberta.encoder.layer.8.attention.output.dense.weight
roberta-large,stsb,0.12263628095388412,133,roberta.encoder.layer.8.attention.self.key.weight
roberta-large,stsb,0.12307829409837723,134,roberta.encoder.layer.8.attention.self.query.weight
roberta-large,stsb,0.12754231691360474,135,roberta.encoder.layer.8.attention.self.value.weight
roberta-large,stsb,0.26530885696411133,136,roberta.encoder.layer.8.intermediate.dense.weight
roberta-large,stsb,0.25975045561790466,137,roberta.encoder.layer.8.output.dense.weight
roberta-large,stsb,0.13303682208061218,138,roberta.encoder.layer.9.attention.output.dense.weight
roberta-large,stsb,0.13782255351543427,139,roberta.encoder.layer.9.attention.self.key.weight
roberta-large,stsb,0.13750557601451874,140,roberta.encoder.layer.9.attention.self.query.weight
roberta-large,stsb,0.13198404014110565,141,roberta.encoder.layer.9.attention.self.value.weight
roberta-large,stsb,0.279225617647171,142,roberta.encoder.layer.9.intermediate.dense.weight
roberta-large,stsb,0.2682725191116333,143,roberta.encoder.layer.9.output.dense.weight
