dataset,layer_name,layer_idx,angular_distance,type
wsc,transformer.encoder.block.0.layer.0.SelfAttention.q,0,0.2851400673389435,cross
wsc,transformer.encoder.block.0.layer.0.SelfAttention.q,0,0.4650161564350128,corr
wsc,transformer.encoder.block.0.layer.0.SelfAttention.q,0,0.4482637047767639,drift
wsc,transformer.encoder.block.0.layer.0.SelfAttention.q,0,0.3400501310825348,tot
wsc,transformer.encoder.block.0.layer.0.SelfAttention.q,0,-0.22301369905471802,$\delta_\text{gsc}$
wsc,transformer.encoder.block.0.layer.0.SelfAttention.q,0,-0.635356068611145,$\delta_\text{ssc}$
wsc,transformer.encoder.block.0.layer.0.SelfAttention.k,1,0.2905946671962738,cross
wsc,transformer.encoder.block.0.layer.0.SelfAttention.k,1,0.46482428908348083,corr
wsc,transformer.encoder.block.0.layer.0.SelfAttention.k,1,0.44818803668022156,drift
wsc,transformer.encoder.block.0.layer.0.SelfAttention.k,1,0.3215143084526062,tot
wsc,transformer.encoder.block.0.layer.0.SelfAttention.k,1,-0.2245577573776245,$\delta_\text{gsc}$
wsc,transformer.encoder.block.0.layer.0.SelfAttention.k,1,-0.6575349569320679,$\delta_\text{ssc}$
wsc,transformer.encoder.block.0.layer.0.SelfAttention.v,2,0.2781975567340851,cross
wsc,transformer.encoder.block.0.layer.0.SelfAttention.v,2,0.45899537205696106,corr
wsc,transformer.encoder.block.0.layer.0.SelfAttention.v,2,0.44655126333236694,drift
wsc,transformer.encoder.block.0.layer.0.SelfAttention.v,2,0.309597373008728,tot
wsc,transformer.encoder.block.0.layer.0.SelfAttention.v,2,-0.19913539290428162,$\delta_\text{gsc}$
wsc,transformer.encoder.block.0.layer.0.SelfAttention.v,2,-0.675011396408081,$\delta_\text{ssc}$
wsc,transformer.encoder.block.0.layer.0.SelfAttention.o,3,0.15252885222434998,cross
wsc,transformer.encoder.block.0.layer.0.SelfAttention.o,3,0.24563390016555786,corr
wsc,transformer.encoder.block.0.layer.0.SelfAttention.o,3,0.22275805473327637,drift
wsc,transformer.encoder.block.0.layer.0.SelfAttention.o,3,0.16382203996181488,tot
wsc,transformer.encoder.block.0.layer.0.SelfAttention.o,3,-0.10422684252262115,$\delta_\text{gsc}$
wsc,transformer.encoder.block.0.layer.0.SelfAttention.o,3,-0.35287192463874817,$\delta_\text{ssc}$
wsc,transformer.encoder.block.0.layer.1.DenseReluDense.wi,4,0.14960157871246338,cross
wsc,transformer.encoder.block.0.layer.1.DenseReluDense.wi,4,0.4160919189453125,corr
wsc,transformer.encoder.block.0.layer.1.DenseReluDense.wi,4,0.40783119201660156,drift
wsc,transformer.encoder.block.0.layer.1.DenseReluDense.wi,4,0.172240749001503,tot
wsc,transformer.encoder.block.0.layer.1.DenseReluDense.wi,4,-0.11727400124073029,$\delta_\text{gsc}$
wsc,transformer.encoder.block.0.layer.1.DenseReluDense.wi,4,-0.6840099096298218,$\delta_\text{ssc}$
wsc,transformer.encoder.block.0.layer.1.DenseReluDense.wo,5,0.1653333604335785,cross
wsc,transformer.encoder.block.0.layer.1.DenseReluDense.wo,5,0.45248934626579285,corr
wsc,transformer.encoder.block.0.layer.1.DenseReluDense.wo,5,0.4507843852043152,drift
wsc,transformer.encoder.block.0.layer.1.DenseReluDense.wo,5,0.233388751745224,tot
wsc,transformer.encoder.block.0.layer.1.DenseReluDense.wo,5,-0.09671983122825623,$\delta_\text{gsc}$
wsc,transformer.encoder.block.0.layer.1.DenseReluDense.wo,5,-0.7384985089302063,$\delta_\text{ssc}$
wsc,transformer.encoder.block.1.layer.0.SelfAttention.q,6,0.24242308735847473,cross
wsc,transformer.encoder.block.1.layer.0.SelfAttention.q,6,0.4514184892177582,corr
wsc,transformer.encoder.block.1.layer.0.SelfAttention.q,6,0.44178900122642517,drift
wsc,transformer.encoder.block.1.layer.0.SelfAttention.q,6,0.2809332013130188,tot
wsc,transformer.encoder.block.1.layer.0.SelfAttention.q,6,-0.15764901041984558,$\delta_\text{gsc}$
wsc,transformer.encoder.block.1.layer.0.SelfAttention.q,6,-0.6970483660697937,$\delta_\text{ssc}$
wsc,transformer.encoder.block.1.layer.0.SelfAttention.k,7,0.3088637888431549,cross
wsc,transformer.encoder.block.1.layer.0.SelfAttention.k,7,0.4526984691619873,corr
wsc,transformer.encoder.block.1.layer.0.SelfAttention.k,7,0.4414178431034088,drift
wsc,transformer.encoder.block.1.layer.0.SelfAttention.k,7,0.35007792711257935,tot
wsc,transformer.encoder.block.1.layer.0.SelfAttention.k,7,-0.17378069460391998,$\delta_\text{gsc}$
wsc,transformer.encoder.block.1.layer.0.SelfAttention.k,7,-0.6791214942932129,$\delta_\text{ssc}$
wsc,transformer.encoder.block.1.layer.0.SelfAttention.v,8,0.1867057979106903,cross
wsc,transformer.encoder.block.1.layer.0.SelfAttention.v,8,0.4717106521129608,corr
wsc,transformer.encoder.block.1.layer.0.SelfAttention.v,8,0.4421861171722412,drift
wsc,transformer.encoder.block.1.layer.0.SelfAttention.v,8,0.3492780327796936,tot
wsc,transformer.encoder.block.1.layer.0.SelfAttention.v,8,-0.1953209638595581,$\delta_\text{gsc}$
wsc,transformer.encoder.block.1.layer.0.SelfAttention.v,8,-0.5560035705566406,$\delta_\text{ssc}$
wsc,transformer.encoder.block.1.layer.0.SelfAttention.o,9,0.16982488334178925,cross
wsc,transformer.encoder.block.1.layer.0.SelfAttention.o,9,0.3367935121059418,corr
wsc,transformer.encoder.block.1.layer.0.SelfAttention.o,9,0.3275201916694641,drift
wsc,transformer.encoder.block.1.layer.0.SelfAttention.o,9,0.19204509258270264,tot
wsc,transformer.encoder.block.1.layer.0.SelfAttention.o,9,-0.13707764446735382,$\delta_\text{gsc}$
wsc,transformer.encoder.block.1.layer.0.SelfAttention.o,9,-0.5050158500671387,$\delta_\text{ssc}$
wsc,transformer.encoder.block.1.layer.1.DenseReluDense.wi,10,0.11241147667169571,cross
wsc,transformer.encoder.block.1.layer.1.DenseReluDense.wi,10,0.37514668703079224,corr
wsc,transformer.encoder.block.1.layer.1.DenseReluDense.wi,10,0.37170761823654175,drift
wsc,transformer.encoder.block.1.layer.1.DenseReluDense.wi,10,0.14637455344200134,tot
wsc,transformer.encoder.block.1.layer.1.DenseReluDense.wi,10,-0.0638655573129654,$\delta_\text{gsc}$
wsc,transformer.encoder.block.1.layer.1.DenseReluDense.wi,10,-0.6490256786346436,$\delta_\text{ssc}$
wsc,transformer.encoder.block.1.layer.1.DenseReluDense.wo,11,0.1967455893754959,cross
wsc,transformer.encoder.block.1.layer.1.DenseReluDense.wo,11,0.4389144778251648,corr
wsc,transformer.encoder.block.1.layer.1.DenseReluDense.wo,11,0.4340295195579529,drift
wsc,transformer.encoder.block.1.layer.1.DenseReluDense.wo,11,0.22913102805614471,tot
wsc,transformer.encoder.block.1.layer.1.DenseReluDense.wo,11,-0.1437319666147232,$\delta_\text{gsc}$
wsc,transformer.encoder.block.1.layer.1.DenseReluDense.wo,11,-0.6968265771865845,$\delta_\text{ssc}$
wsc,transformer.encoder.block.2.layer.0.SelfAttention.q,12,0.2598382532596588,cross
wsc,transformer.encoder.block.2.layer.0.SelfAttention.q,12,0.45209357142448425,corr
wsc,transformer.encoder.block.2.layer.0.SelfAttention.q,12,0.4457239806652069,drift
wsc,transformer.encoder.block.2.layer.0.SelfAttention.q,12,0.2846459448337555,tot
wsc,transformer.encoder.block.2.layer.0.SelfAttention.q,12,-0.16943208873271942,$\delta_\text{gsc}$
wsc,transformer.encoder.block.2.layer.0.SelfAttention.q,12,-0.7035777568817139,$\delta_\text{ssc}$
wsc,transformer.encoder.block.2.layer.0.SelfAttention.k,13,0.30973368883132935,cross
wsc,transformer.encoder.block.2.layer.0.SelfAttention.k,13,0.4505983293056488,corr
wsc,transformer.encoder.block.2.layer.0.SelfAttention.k,13,0.44540876150131226,drift
wsc,transformer.encoder.block.2.layer.0.SelfAttention.k,13,0.34564337134361267,tot
wsc,transformer.encoder.block.2.layer.0.SelfAttention.k,13,-0.1397240161895752,$\delta_\text{gsc}$
wsc,transformer.encoder.block.2.layer.0.SelfAttention.k,13,-0.7203733921051025,$\delta_\text{ssc}$
wsc,transformer.encoder.block.2.layer.0.SelfAttention.v,14,0.25813087821006775,cross
wsc,transformer.encoder.block.2.layer.0.SelfAttention.v,14,0.47144362330436707,corr
wsc,transformer.encoder.block.2.layer.0.SelfAttention.v,14,0.44593966007232666,drift
wsc,transformer.encoder.block.2.layer.0.SelfAttention.v,14,0.32169681787490845,tot
wsc,transformer.encoder.block.2.layer.0.SelfAttention.v,14,-0.29311510920524597,$\delta_\text{gsc}$
wsc,transformer.encoder.block.2.layer.0.SelfAttention.v,14,-0.5607022047042847,$\delta_\text{ssc}$
wsc,transformer.encoder.block.2.layer.0.SelfAttention.o,15,0.17454402148723602,cross
wsc,transformer.encoder.block.2.layer.0.SelfAttention.o,15,0.21303695440292358,corr
wsc,transformer.encoder.block.2.layer.0.SelfAttention.o,15,0.20916086435317993,drift
wsc,transformer.encoder.block.2.layer.0.SelfAttention.o,15,0.2202470451593399,tot
wsc,transformer.encoder.block.2.layer.0.SelfAttention.o,15,-0.12048137187957764,$\delta_\text{gsc}$
wsc,transformer.encoder.block.2.layer.0.SelfAttention.o,15,-0.256013423204422,$\delta_\text{ssc}$
wsc,transformer.encoder.block.2.layer.1.DenseReluDense.wi,16,0.123450867831707,cross
wsc,transformer.encoder.block.2.layer.1.DenseReluDense.wi,16,0.3150937557220459,corr
wsc,transformer.encoder.block.2.layer.1.DenseReluDense.wi,16,0.3129386007785797,drift
wsc,transformer.encoder.block.2.layer.1.DenseReluDense.wi,16,0.14741069078445435,tot
wsc,transformer.encoder.block.2.layer.1.DenseReluDense.wi,16,-0.06403663009405136,$\delta_\text{gsc}$
wsc,transformer.encoder.block.2.layer.1.DenseReluDense.wi,16,-0.5400359034538269,$\delta_\text{ssc}$
wsc,transformer.encoder.block.2.layer.1.DenseReluDense.wo,17,0.16252507269382477,cross
wsc,transformer.encoder.block.2.layer.1.DenseReluDense.wo,17,0.25791433453559875,corr
wsc,transformer.encoder.block.2.layer.1.DenseReluDense.wo,17,0.2321879267692566,drift
wsc,transformer.encoder.block.2.layer.1.DenseReluDense.wo,17,0.17836454510688782,tot
wsc,transformer.encoder.block.2.layer.1.DenseReluDense.wo,17,-0.12159952521324158,$\delta_\text{gsc}$
wsc,transformer.encoder.block.2.layer.1.DenseReluDense.wo,17,-0.3526632785797119,$\delta_\text{ssc}$
wsc,transformer.encoder.block.3.layer.0.SelfAttention.q,18,0.27286767959594727,cross
wsc,transformer.encoder.block.3.layer.0.SelfAttention.q,18,0.44591593742370605,corr
wsc,transformer.encoder.block.3.layer.0.SelfAttention.q,18,0.43675684928894043,drift
wsc,transformer.encoder.block.3.layer.0.SelfAttention.q,18,0.29774951934814453,tot
wsc,transformer.encoder.block.3.layer.0.SelfAttention.q,18,-0.20055228471755981,$\delta_\text{gsc}$
wsc,transformer.encoder.block.3.layer.0.SelfAttention.q,18,-0.6572386622428894,$\delta_\text{ssc}$
wsc,transformer.encoder.block.3.layer.0.SelfAttention.k,19,0.284897118806839,cross
wsc,transformer.encoder.block.3.layer.0.SelfAttention.k,19,0.44886523485183716,corr
wsc,transformer.encoder.block.3.layer.0.SelfAttention.k,19,0.43613123893737793,drift
wsc,transformer.encoder.block.3.layer.0.SelfAttention.k,19,0.35955291986465454,tot
wsc,transformer.encoder.block.3.layer.0.SelfAttention.k,19,-0.14847207069396973,$\delta_\text{gsc}$
wsc,transformer.encoder.block.3.layer.0.SelfAttention.k,19,-0.6618685722351074,$\delta_\text{ssc}$
wsc,transformer.encoder.block.3.layer.0.SelfAttention.v,20,0.19133174419403076,cross
wsc,transformer.encoder.block.3.layer.0.SelfAttention.v,20,0.4760056734085083,corr
wsc,transformer.encoder.block.3.layer.0.SelfAttention.v,20,0.4359244406223297,drift
wsc,transformer.encoder.block.3.layer.0.SelfAttention.v,20,0.34589001536369324,tot
wsc,transformer.encoder.block.3.layer.0.SelfAttention.v,20,-0.24950256943702698,$\delta_\text{gsc}$
wsc,transformer.encoder.block.3.layer.0.SelfAttention.v,20,-0.5078692436218262,$\delta_\text{ssc}$
wsc,transformer.encoder.block.3.layer.0.SelfAttention.o,21,0.1554282307624817,cross
wsc,transformer.encoder.block.3.layer.0.SelfAttention.o,21,0.27550971508026123,corr
wsc,transformer.encoder.block.3.layer.0.SelfAttention.o,21,0.3134182393550873,drift
wsc,transformer.encoder.block.3.layer.0.SelfAttention.o,21,0.2336561679840088,tot
wsc,transformer.encoder.block.3.layer.0.SelfAttention.o,21,-0.08630526065826416,$\delta_\text{gsc}$
wsc,transformer.encoder.block.3.layer.0.SelfAttention.o,21,-0.42439475655555725,$\delta_\text{ssc}$
wsc,transformer.encoder.block.3.layer.1.DenseReluDense.wi,22,0.1408933848142624,cross
wsc,transformer.encoder.block.3.layer.1.DenseReluDense.wi,22,0.29585063457489014,corr
wsc,transformer.encoder.block.3.layer.1.DenseReluDense.wi,22,0.29857081174850464,drift
wsc,transformer.encoder.block.3.layer.1.DenseReluDense.wi,22,0.18703711032867432,tot
wsc,transformer.encoder.block.3.layer.1.DenseReluDense.wi,22,-0.040723033249378204,$\delta_\text{gsc}$
wsc,transformer.encoder.block.3.layer.1.DenseReluDense.wi,22,-0.5075546503067017,$\delta_\text{ssc}$
wsc,transformer.encoder.block.3.layer.1.DenseReluDense.wo,23,0.08450695127248764,cross
wsc,transformer.encoder.block.3.layer.1.DenseReluDense.wo,23,0.1273244023323059,corr
wsc,transformer.encoder.block.3.layer.1.DenseReluDense.wo,23,0.1032908707857132,drift
wsc,transformer.encoder.block.3.layer.1.DenseReluDense.wo,23,0.08418573439121246,tot
wsc,transformer.encoder.block.3.layer.1.DenseReluDense.wo,23,-0.08143313229084015,$\delta_\text{gsc}$
wsc,transformer.encoder.block.3.layer.1.DenseReluDense.wo,23,-0.14950335025787354,$\delta_\text{ssc}$
wsc,transformer.encoder.block.4.layer.0.SelfAttention.q,24,0.28449681401252747,cross
wsc,transformer.encoder.block.4.layer.0.SelfAttention.q,24,0.4451736807823181,corr
wsc,transformer.encoder.block.4.layer.0.SelfAttention.q,24,0.43898823857307434,drift
wsc,transformer.encoder.block.4.layer.0.SelfAttention.q,24,0.31098610162734985,tot
wsc,transformer.encoder.block.4.layer.0.SelfAttention.q,24,-0.18840157985687256,$\delta_\text{gsc}$
wsc,transformer.encoder.block.4.layer.0.SelfAttention.q,24,-0.6692710518836975,$\delta_\text{ssc}$
wsc,transformer.encoder.block.4.layer.0.SelfAttention.k,25,0.3019045889377594,cross
wsc,transformer.encoder.block.4.layer.0.SelfAttention.k,25,0.44417113065719604,corr
wsc,transformer.encoder.block.4.layer.0.SelfAttention.k,25,0.43868422508239746,drift
wsc,transformer.encoder.block.4.layer.0.SelfAttention.k,25,0.36083346605300903,tot
wsc,transformer.encoder.block.4.layer.0.SelfAttention.k,25,-0.1345057338476181,$\delta_\text{gsc}$
wsc,transformer.encoder.block.4.layer.0.SelfAttention.k,25,-0.689420759677887,$\delta_\text{ssc}$
wsc,transformer.encoder.block.4.layer.0.SelfAttention.v,26,0.2554292678833008,cross
wsc,transformer.encoder.block.4.layer.0.SelfAttention.v,26,0.4668385088443756,corr
wsc,transformer.encoder.block.4.layer.0.SelfAttention.v,26,0.43986234068870544,drift
wsc,transformer.encoder.block.4.layer.0.SelfAttention.v,26,0.3152216970920563,tot
wsc,transformer.encoder.block.4.layer.0.SelfAttention.v,26,-0.28425419330596924,$\delta_\text{gsc}$
wsc,transformer.encoder.block.4.layer.0.SelfAttention.v,26,-0.5626542568206787,$\delta_\text{ssc}$
wsc,transformer.encoder.block.4.layer.0.SelfAttention.o,27,0.17267008125782013,cross
wsc,transformer.encoder.block.4.layer.0.SelfAttention.o,27,0.2340700328350067,corr
wsc,transformer.encoder.block.4.layer.0.SelfAttention.o,27,0.22737130522727966,drift
wsc,transformer.encoder.block.4.layer.0.SelfAttention.o,27,0.22313904762268066,tot
wsc,transformer.encoder.block.4.layer.0.SelfAttention.o,27,-0.12204454839229584,$\delta_\text{gsc}$
wsc,transformer.encoder.block.4.layer.0.SelfAttention.o,27,-0.28892782330513,$\delta_\text{ssc}$
wsc,transformer.encoder.block.4.layer.1.DenseReluDense.wi,28,0.1313181072473526,cross
wsc,transformer.encoder.block.4.layer.1.DenseReluDense.wi,28,0.2906132936477661,corr
wsc,transformer.encoder.block.4.layer.1.DenseReluDense.wi,28,0.2931251525878906,drift
wsc,transformer.encoder.block.4.layer.1.DenseReluDense.wi,28,0.16988791525363922,tot
wsc,transformer.encoder.block.4.layer.1.DenseReluDense.wi,28,-0.055832475423812866,$\delta_\text{gsc}$
wsc,transformer.encoder.block.4.layer.1.DenseReluDense.wi,28,-0.48933616280555725,$\delta_\text{ssc}$
wsc,transformer.encoder.block.4.layer.1.DenseReluDense.wo,29,0.07513618469238281,cross
wsc,transformer.encoder.block.4.layer.1.DenseReluDense.wo,29,0.08679500222206116,corr
wsc,transformer.encoder.block.4.layer.1.DenseReluDense.wo,29,0.05422879382967949,drift
wsc,transformer.encoder.block.4.layer.1.DenseReluDense.wo,29,0.06925757229328156,tot
wsc,transformer.encoder.block.4.layer.1.DenseReluDense.wo,29,-0.078994981944561,$\delta_\text{gsc}$
wsc,transformer.encoder.block.4.layer.1.DenseReluDense.wo,29,-0.0679074227809906,$\delta_\text{ssc}$
wsc,transformer.encoder.block.5.layer.0.SelfAttention.q,30,0.2613450288772583,cross
wsc,transformer.encoder.block.5.layer.0.SelfAttention.q,30,0.451483815908432,corr
wsc,transformer.encoder.block.5.layer.0.SelfAttention.q,30,0.4413154721260071,drift
wsc,transformer.encoder.block.5.layer.0.SelfAttention.q,30,0.2624492049217224,tot
wsc,transformer.encoder.block.5.layer.0.SelfAttention.q,30,-0.24702361226081848,$\delta_\text{gsc}$
wsc,transformer.encoder.block.5.layer.0.SelfAttention.q,30,-0.6446714997291565,$\delta_\text{ssc}$
wsc,transformer.encoder.block.5.layer.0.SelfAttention.k,31,0.30134519934654236,cross
wsc,transformer.encoder.block.5.layer.0.SelfAttention.k,31,0.4477089047431946,corr
wsc,transformer.encoder.block.5.layer.0.SelfAttention.k,31,0.4410184621810913,drift
wsc,transformer.encoder.block.5.layer.0.SelfAttention.k,31,0.3448302149772644,tot
wsc,transformer.encoder.block.5.layer.0.SelfAttention.k,31,-0.17543229460716248,$\delta_\text{gsc}$
wsc,transformer.encoder.block.5.layer.0.SelfAttention.k,31,-0.6698100566864014,$\delta_\text{ssc}$
wsc,transformer.encoder.block.5.layer.0.SelfAttention.v,32,0.22416357696056366,cross
wsc,transformer.encoder.block.5.layer.0.SelfAttention.v,32,0.47972455620765686,corr
wsc,transformer.encoder.block.5.layer.0.SelfAttention.v,32,0.4417288601398468,drift
wsc,transformer.encoder.block.5.layer.0.SelfAttention.v,32,0.3434513509273529,tot
wsc,transformer.encoder.block.5.layer.0.SelfAttention.v,32,-0.2884324789047241,$\delta_\text{gsc}$
wsc,transformer.encoder.block.5.layer.0.SelfAttention.v,32,-0.5137331485748291,$\delta_\text{ssc}$
wsc,transformer.encoder.block.5.layer.0.SelfAttention.o,33,0.1942761242389679,cross
wsc,transformer.encoder.block.5.layer.0.SelfAttention.o,33,0.23057934641838074,corr
wsc,transformer.encoder.block.5.layer.0.SelfAttention.o,33,0.22991830110549927,drift
wsc,transformer.encoder.block.5.layer.0.SelfAttention.o,33,0.23718303442001343,tot
wsc,transformer.encoder.block.5.layer.0.SelfAttention.o,33,-0.15640906989574432,$\delta_\text{gsc}$
wsc,transformer.encoder.block.5.layer.0.SelfAttention.o,33,-0.26118165254592896,$\delta_\text{ssc}$
wsc,transformer.encoder.block.5.layer.1.DenseReluDense.wi,34,0.1561618596315384,cross
wsc,transformer.encoder.block.5.layer.1.DenseReluDense.wi,34,0.3030315041542053,corr
wsc,transformer.encoder.block.5.layer.1.DenseReluDense.wi,34,0.29994556307792664,drift
wsc,transformer.encoder.block.5.layer.1.DenseReluDense.wi,34,0.18440669775009155,tot
wsc,transformer.encoder.block.5.layer.1.DenseReluDense.wi,34,-0.09014378488063812,$\delta_\text{gsc}$
wsc,transformer.encoder.block.5.layer.1.DenseReluDense.wi,34,-0.4845884442329407,$\delta_\text{ssc}$
wsc,transformer.encoder.block.5.layer.1.DenseReluDense.wo,35,0.14242267608642578,cross
wsc,transformer.encoder.block.5.layer.1.DenseReluDense.wo,35,0.21390116214752197,corr
wsc,transformer.encoder.block.5.layer.1.DenseReluDense.wo,35,0.16749459505081177,drift
wsc,transformer.encoder.block.5.layer.1.DenseReluDense.wo,35,0.1479250192642212,tot
wsc,transformer.encoder.block.5.layer.1.DenseReluDense.wo,35,-0.14125874638557434,$\delta_\text{gsc}$
wsc,transformer.encoder.block.5.layer.1.DenseReluDense.wo,35,-0.234634667634964,$\delta_\text{ssc}$
wsc,transformer.encoder.block.6.layer.0.SelfAttention.q,36,0.27724790573120117,cross
wsc,transformer.encoder.block.6.layer.0.SelfAttention.q,36,0.4499650001525879,corr
wsc,transformer.encoder.block.6.layer.0.SelfAttention.q,36,0.4355430603027344,drift
wsc,transformer.encoder.block.6.layer.0.SelfAttention.q,36,0.3005109131336212,tot
wsc,transformer.encoder.block.6.layer.0.SelfAttention.q,36,-0.25222036242485046,$\delta_\text{gsc}$
wsc,transformer.encoder.block.6.layer.0.SelfAttention.q,36,-0.6100246906280518,$\delta_\text{ssc}$
wsc,transformer.encoder.block.6.layer.0.SelfAttention.k,37,0.3016602098941803,cross
wsc,transformer.encoder.block.6.layer.0.SelfAttention.k,37,0.44264987111091614,corr
wsc,transformer.encoder.block.6.layer.0.SelfAttention.k,37,0.43524476885795593,drift
wsc,transformer.encoder.block.6.layer.0.SelfAttention.k,37,0.347066193819046,tot
wsc,transformer.encoder.block.6.layer.0.SelfAttention.k,37,-0.18246540427207947,$\delta_\text{gsc}$
wsc,transformer.encoder.block.6.layer.0.SelfAttention.k,37,-0.6500232219696045,$\delta_\text{ssc}$
wsc,transformer.encoder.block.6.layer.0.SelfAttention.v,38,0.2605542242527008,cross
wsc,transformer.encoder.block.6.layer.0.SelfAttention.v,38,0.48122620582580566,corr
wsc,transformer.encoder.block.6.layer.0.SelfAttention.v,38,0.43224209547042847,drift
wsc,transformer.encoder.block.6.layer.0.SelfAttention.v,38,0.3347463607788086,tot
wsc,transformer.encoder.block.6.layer.0.SelfAttention.v,38,-0.3519856929779053,$\delta_\text{gsc}$
wsc,transformer.encoder.block.6.layer.0.SelfAttention.v,38,-0.48729047179222107,$\delta_\text{ssc}$
wsc,transformer.encoder.block.6.layer.0.SelfAttention.o,39,0.16678975522518158,cross
wsc,transformer.encoder.block.6.layer.0.SelfAttention.o,39,0.19910699129104614,corr
wsc,transformer.encoder.block.6.layer.0.SelfAttention.o,39,0.14603279531002045,drift
wsc,transformer.encoder.block.6.layer.0.SelfAttention.o,39,0.26524510979652405,tot
wsc,transformer.encoder.block.6.layer.0.SelfAttention.o,39,-0.10146556794643402,$\delta_\text{gsc}$
wsc,transformer.encoder.block.6.layer.0.SelfAttention.o,39,-0.1452188640832901,$\delta_\text{ssc}$
wsc,transformer.encoder.block.6.layer.1.DenseReluDense.wi,40,0.11245491355657578,cross
wsc,transformer.encoder.block.6.layer.1.DenseReluDense.wi,40,0.2774725556373596,corr
wsc,transformer.encoder.block.6.layer.1.DenseReluDense.wi,40,0.2830418050289154,drift
wsc,transformer.encoder.block.6.layer.1.DenseReluDense.wi,40,0.18518778681755066,tot
wsc,transformer.encoder.block.6.layer.1.DenseReluDense.wi,40,-0.05123565346002579,$\delta_\text{gsc}$
wsc,transformer.encoder.block.6.layer.1.DenseReluDense.wi,40,-0.43654584884643555,$\delta_\text{ssc}$
wsc,transformer.encoder.block.6.layer.1.DenseReluDense.wo,41,0.17324577271938324,cross
wsc,transformer.encoder.block.6.layer.1.DenseReluDense.wo,41,0.25548067688941956,corr
wsc,transformer.encoder.block.6.layer.1.DenseReluDense.wo,41,0.18205703794956207,drift
wsc,transformer.encoder.block.6.layer.1.DenseReluDense.wo,41,0.18720102310180664,tot
wsc,transformer.encoder.block.6.layer.1.DenseReluDense.wo,41,-0.1840718537569046,$\delta_\text{gsc}$
wsc,transformer.encoder.block.6.layer.1.DenseReluDense.wo,41,-0.23951061069965363,$\delta_\text{ssc}$
wsc,transformer.encoder.block.7.layer.0.SelfAttention.q,42,0.312106728553772,cross
wsc,transformer.encoder.block.7.layer.0.SelfAttention.q,42,0.4399840831756592,corr
wsc,transformer.encoder.block.7.layer.0.SelfAttention.q,42,0.414013147354126,drift
wsc,transformer.encoder.block.7.layer.0.SelfAttention.q,42,0.32415473461151123,tot
wsc,transformer.encoder.block.7.layer.0.SelfAttention.q,42,-0.288293719291687,$\delta_\text{gsc}$
wsc,transformer.encoder.block.7.layer.0.SelfAttention.q,42,-0.5536555051803589,$\delta_\text{ssc}$
wsc,transformer.encoder.block.7.layer.0.SelfAttention.k,43,0.3186359703540802,cross
wsc,transformer.encoder.block.7.layer.0.SelfAttention.k,43,0.42183881998062134,corr
wsc,transformer.encoder.block.7.layer.0.SelfAttention.k,43,0.4120563566684723,drift
wsc,transformer.encoder.block.7.layer.0.SelfAttention.k,43,0.3649446964263916,tot
wsc,transformer.encoder.block.7.layer.0.SelfAttention.k,43,-0.16697339713573456,$\delta_\text{gsc}$
wsc,transformer.encoder.block.7.layer.0.SelfAttention.k,43,-0.6206130385398865,$\delta_\text{ssc}$
wsc,transformer.encoder.block.7.layer.0.SelfAttention.v,44,0.2635379135608673,cross
wsc,transformer.encoder.block.7.layer.0.SelfAttention.v,44,0.47016170620918274,corr
wsc,transformer.encoder.block.7.layer.0.SelfAttention.v,44,0.4098578095436096,drift
wsc,transformer.encoder.block.7.layer.0.SelfAttention.v,44,0.3575201630592346,tot
wsc,transformer.encoder.block.7.layer.0.SelfAttention.v,44,-0.3153648376464844,$\delta_\text{gsc}$
wsc,transformer.encoder.block.7.layer.0.SelfAttention.v,44,-0.4706724286079407,$\delta_\text{ssc}$
wsc,transformer.encoder.block.7.layer.0.SelfAttention.o,45,0.17973965406417847,cross
wsc,transformer.encoder.block.7.layer.0.SelfAttention.o,45,0.16416136920452118,corr
wsc,transformer.encoder.block.7.layer.0.SelfAttention.o,45,0.15491348505020142,drift
wsc,transformer.encoder.block.7.layer.0.SelfAttention.o,45,0.2556186616420746,tot
wsc,transformer.encoder.block.7.layer.0.SelfAttention.o,45,-0.09006200730800629,$\delta_\text{gsc}$
wsc,transformer.encoder.block.7.layer.0.SelfAttention.o,45,-0.1531338393688202,$\delta_\text{ssc}$
wsc,transformer.encoder.block.7.layer.1.DenseReluDense.wi,46,0.11897899210453033,cross
wsc,transformer.encoder.block.7.layer.1.DenseReluDense.wi,46,0.26510748267173767,corr
wsc,transformer.encoder.block.7.layer.1.DenseReluDense.wi,46,0.27156832814216614,drift
wsc,transformer.encoder.block.7.layer.1.DenseReluDense.wi,46,0.18674719333648682,tot
wsc,transformer.encoder.block.7.layer.1.DenseReluDense.wi,46,-0.06110681593418121,$\delta_\text{gsc}$
wsc,transformer.encoder.block.7.layer.1.DenseReluDense.wi,46,-0.4078007936477661,$\delta_\text{ssc}$
wsc,transformer.encoder.block.7.layer.1.DenseReluDense.wo,47,0.23119007050991058,cross
wsc,transformer.encoder.block.7.layer.1.DenseReluDense.wo,47,0.3565083146095276,corr
wsc,transformer.encoder.block.7.layer.1.DenseReluDense.wo,47,0.18998181819915771,drift
wsc,transformer.encoder.block.7.layer.1.DenseReluDense.wo,47,0.37139034271240234,tot
wsc,transformer.encoder.block.7.layer.1.DenseReluDense.wo,47,-0.20567195117473602,$\delta_\text{gsc}$
wsc,transformer.encoder.block.7.layer.1.DenseReluDense.wo,47,-0.20061790943145752,$\delta_\text{ssc}$
wsc,transformer.encoder.block.8.layer.0.SelfAttention.q,48,0.27846136689186096,cross
wsc,transformer.encoder.block.8.layer.0.SelfAttention.q,48,0.4185720384120941,corr
wsc,transformer.encoder.block.8.layer.0.SelfAttention.q,48,0.38330063223838806,drift
wsc,transformer.encoder.block.8.layer.0.SelfAttention.q,48,0.3113378584384918,tot
wsc,transformer.encoder.block.8.layer.0.SelfAttention.q,48,-0.264899343252182,$\delta_\text{gsc}$
wsc,transformer.encoder.block.8.layer.0.SelfAttention.q,48,-0.5040968656539917,$\delta_\text{ssc}$
wsc,transformer.encoder.block.8.layer.0.SelfAttention.k,49,0.36062121391296387,cross
wsc,transformer.encoder.block.8.layer.0.SelfAttention.k,49,0.4071921110153198,corr
wsc,transformer.encoder.block.8.layer.0.SelfAttention.k,49,0.38029944896698,drift
wsc,transformer.encoder.block.8.layer.0.SelfAttention.k,49,0.38421720266342163,tot
wsc,transformer.encoder.block.8.layer.0.SelfAttention.k,49,-0.23162251710891724,$\delta_\text{gsc}$
wsc,transformer.encoder.block.8.layer.0.SelfAttention.k,49,-0.5322730541229248,$\delta_\text{ssc}$
wsc,transformer.encoder.block.8.layer.0.SelfAttention.v,50,0.21775317192077637,cross
wsc,transformer.encoder.block.8.layer.0.SelfAttention.v,50,0.4768681526184082,corr
wsc,transformer.encoder.block.8.layer.0.SelfAttention.v,50,0.3827868103981018,drift
wsc,transformer.encoder.block.8.layer.0.SelfAttention.v,50,0.38776251673698425,tot
wsc,transformer.encoder.block.8.layer.0.SelfAttention.v,50,-0.2735409140586853,$\delta_\text{gsc}$
wsc,transformer.encoder.block.8.layer.0.SelfAttention.v,50,-0.4161047041416168,$\delta_\text{ssc}$
wsc,transformer.encoder.block.8.layer.0.SelfAttention.o,51,0.21508808434009552,cross
wsc,transformer.encoder.block.8.layer.0.SelfAttention.o,51,0.25729799270629883,corr
wsc,transformer.encoder.block.8.layer.0.SelfAttention.o,51,0.24442198872566223,drift
wsc,transformer.encoder.block.8.layer.0.SelfAttention.o,51,0.31017976999282837,tot
wsc,transformer.encoder.block.8.layer.0.SelfAttention.o,51,-0.12574899196624756,$\delta_\text{gsc}$
wsc,transformer.encoder.block.8.layer.0.SelfAttention.o,51,-0.28087931871414185,$\delta_\text{ssc}$
wsc,transformer.encoder.block.8.layer.1.DenseReluDense.wi,52,0.144070565700531,cross
wsc,transformer.encoder.block.8.layer.1.DenseReluDense.wi,52,0.24783426523208618,corr
wsc,transformer.encoder.block.8.layer.1.DenseReluDense.wi,52,0.25778740644454956,drift
wsc,transformer.encoder.block.8.layer.1.DenseReluDense.wi,52,0.21872012317180634,tot
wsc,transformer.encoder.block.8.layer.1.DenseReluDense.wi,52,-0.06658333539962769,$\delta_\text{gsc}$
wsc,transformer.encoder.block.8.layer.1.DenseReluDense.wi,52,-0.36438876390457153,$\delta_\text{ssc}$
wsc,transformer.encoder.block.8.layer.1.DenseReluDense.wo,53,0.2319464385509491,cross
wsc,transformer.encoder.block.8.layer.1.DenseReluDense.wo,53,0.39381200075149536,corr
wsc,transformer.encoder.block.8.layer.1.DenseReluDense.wo,53,0.2537980079650879,drift
wsc,transformer.encoder.block.8.layer.1.DenseReluDense.wo,53,0.3963658809661865,tot
wsc,transformer.encoder.block.8.layer.1.DenseReluDense.wo,53,-0.195279061794281,$\delta_\text{gsc}$
wsc,transformer.encoder.block.8.layer.1.DenseReluDense.wo,53,-0.2879115045070648,$\delta_\text{ssc}$
wsc,transformer.encoder.block.9.layer.0.SelfAttention.q,54,0.29834306240081787,cross
wsc,transformer.encoder.block.9.layer.0.SelfAttention.q,54,0.4113304018974304,corr
wsc,transformer.encoder.block.9.layer.0.SelfAttention.q,54,0.3716281056404114,drift
wsc,transformer.encoder.block.9.layer.0.SelfAttention.q,54,0.35405513644218445,tot
wsc,transformer.encoder.block.9.layer.0.SelfAttention.q,54,-0.24063408374786377,$\delta_\text{gsc}$
wsc,transformer.encoder.block.9.layer.0.SelfAttention.q,54,-0.48661234974861145,$\delta_\text{ssc}$
wsc,transformer.encoder.block.9.layer.0.SelfAttention.k,55,0.3309687674045563,cross
wsc,transformer.encoder.block.9.layer.0.SelfAttention.k,55,0.3931311368942261,corr
wsc,transformer.encoder.block.9.layer.0.SelfAttention.k,55,0.370130330324173,drift
wsc,transformer.encoder.block.9.layer.0.SelfAttention.k,55,0.3660164773464203,tot
wsc,transformer.encoder.block.9.layer.0.SelfAttention.k,55,-0.21774893999099731,$\delta_\text{gsc}$
wsc,transformer.encoder.block.9.layer.0.SelfAttention.k,55,-0.5104647874832153,$\delta_\text{ssc}$
wsc,transformer.encoder.block.9.layer.0.SelfAttention.v,56,0.21759849786758423,cross
wsc,transformer.encoder.block.9.layer.0.SelfAttention.v,56,0.45929887890815735,corr
wsc,transformer.encoder.block.9.layer.0.SelfAttention.v,56,0.37102624773979187,drift
wsc,transformer.encoder.block.9.layer.0.SelfAttention.v,56,0.39357468485832214,tot
wsc,transformer.encoder.block.9.layer.0.SelfAttention.v,56,-0.23537150025367737,$\delta_\text{gsc}$
wsc,transformer.encoder.block.9.layer.0.SelfAttention.v,56,-0.41897743940353394,$\delta_\text{ssc}$
wsc,transformer.encoder.block.9.layer.0.SelfAttention.o,57,0.23069635033607483,cross
wsc,transformer.encoder.block.9.layer.0.SelfAttention.o,57,0.18866969645023346,corr
wsc,transformer.encoder.block.9.layer.0.SelfAttention.o,57,0.18290658295154572,drift
wsc,transformer.encoder.block.9.layer.0.SelfAttention.o,57,0.28963300585746765,tot
wsc,transformer.encoder.block.9.layer.0.SelfAttention.o,57,-0.16074958443641663,$\delta_\text{gsc}$
wsc,transformer.encoder.block.9.layer.0.SelfAttention.o,57,-0.15189003944396973,$\delta_\text{ssc}$
wsc,transformer.encoder.block.9.layer.1.DenseReluDense.wi,58,0.11838006973266602,cross
wsc,transformer.encoder.block.9.layer.1.DenseReluDense.wi,58,0.22861477732658386,corr
wsc,transformer.encoder.block.9.layer.1.DenseReluDense.wi,58,0.24008062481880188,drift
wsc,transformer.encoder.block.9.layer.1.DenseReluDense.wi,58,0.17996303737163544,tot
wsc,transformer.encoder.block.9.layer.1.DenseReluDense.wi,58,-0.08919747173786163,$\delta_\text{gsc}$
wsc,transformer.encoder.block.9.layer.1.DenseReluDense.wi,58,-0.3179149627685547,$\delta_\text{ssc}$
wsc,transformer.encoder.block.9.layer.1.DenseReluDense.wo,59,0.26246872544288635,cross
wsc,transformer.encoder.block.9.layer.1.DenseReluDense.wo,59,0.4324719309806824,corr
wsc,transformer.encoder.block.9.layer.1.DenseReluDense.wo,59,0.18819785118103027,drift
wsc,transformer.encoder.block.9.layer.1.DenseReluDense.wo,59,0.432700514793396,tot
wsc,transformer.encoder.block.9.layer.1.DenseReluDense.wo,59,-0.26233816146850586,$\delta_\text{gsc}$
wsc,transformer.encoder.block.9.layer.1.DenseReluDense.wo,59,-0.18809983134269714,$\delta_\text{ssc}$
wsc,transformer.encoder.block.10.layer.0.SelfAttention.q,60,0.2910858988761902,cross
wsc,transformer.encoder.block.10.layer.0.SelfAttention.q,60,0.4090774655342102,corr
wsc,transformer.encoder.block.10.layer.0.SelfAttention.q,60,0.3791658878326416,drift
wsc,transformer.encoder.block.10.layer.0.SelfAttention.q,60,0.3710882365703583,tot
wsc,transformer.encoder.block.10.layer.0.SelfAttention.q,60,-0.22076934576034546,$\delta_\text{gsc}$
wsc,transformer.encoder.block.10.layer.0.SelfAttention.q,60,-0.48747166991233826,$\delta_\text{ssc}$
wsc,transformer.encoder.block.10.layer.0.SelfAttention.k,61,0.3312867283821106,cross
wsc,transformer.encoder.block.10.layer.0.SelfAttention.k,61,0.41708678007125854,corr
wsc,transformer.encoder.block.10.layer.0.SelfAttention.k,61,0.3774239420890808,drift
wsc,transformer.encoder.block.10.layer.0.SelfAttention.k,61,0.36734604835510254,tot
wsc,transformer.encoder.block.10.layer.0.SelfAttention.k,61,-0.2771960198879242,$\delta_\text{gsc}$
wsc,transformer.encoder.block.10.layer.0.SelfAttention.k,61,-0.4812553822994232,$\delta_\text{ssc}$
wsc,transformer.encoder.block.10.layer.0.SelfAttention.v,62,0.23121102154254913,cross
wsc,transformer.encoder.block.10.layer.0.SelfAttention.v,62,0.470758855342865,corr
wsc,transformer.encoder.block.10.layer.0.SelfAttention.v,62,0.3779233992099762,drift
wsc,transformer.encoder.block.10.layer.0.SelfAttention.v,62,0.3988940417766571,tot
wsc,transformer.encoder.block.10.layer.0.SelfAttention.v,62,-0.26559698581695557,$\delta_\text{gsc}$
wsc,transformer.encoder.block.10.layer.0.SelfAttention.v,62,-0.41540223360061646,$\delta_\text{ssc}$
wsc,transformer.encoder.block.10.layer.0.SelfAttention.o,63,0.24551841616630554,cross
wsc,transformer.encoder.block.10.layer.0.SelfAttention.o,63,0.24789531528949738,corr
wsc,transformer.encoder.block.10.layer.0.SelfAttention.o,63,0.23994237184524536,drift
wsc,transformer.encoder.block.10.layer.0.SelfAttention.o,63,0.3011050224304199,tot
wsc,transformer.encoder.block.10.layer.0.SelfAttention.o,63,-0.18784473836421967,$\delta_\text{gsc}$
wsc,transformer.encoder.block.10.layer.0.SelfAttention.o,63,-0.2444063425064087,$\delta_\text{ssc}$
wsc,transformer.encoder.block.10.layer.1.DenseReluDense.wi,64,0.12854400277137756,cross
wsc,transformer.encoder.block.10.layer.1.DenseReluDense.wi,64,0.22426320612430573,corr
wsc,transformer.encoder.block.10.layer.1.DenseReluDense.wi,64,0.2371685951948166,drift
wsc,transformer.encoder.block.10.layer.1.DenseReluDense.wi,64,0.21410933136940002,tot
wsc,transformer.encoder.block.10.layer.1.DenseReluDense.wi,64,-0.08312714099884033,$\delta_\text{gsc}$
wsc,transformer.encoder.block.10.layer.1.DenseReluDense.wi,64,-0.2927393317222595,$\delta_\text{ssc}$
wsc,transformer.encoder.block.10.layer.1.DenseReluDense.wo,65,0.25946852564811707,cross
wsc,transformer.encoder.block.10.layer.1.DenseReluDense.wo,65,0.45213598012924194,corr
wsc,transformer.encoder.block.10.layer.1.DenseReluDense.wo,65,0.09665575623512268,drift
wsc,transformer.encoder.block.10.layer.1.DenseReluDense.wo,65,0.421811044216156,tot
wsc,transformer.encoder.block.10.layer.1.DenseReluDense.wo,65,-0.28543326258659363,$\delta_\text{gsc}$
wsc,transformer.encoder.block.10.layer.1.DenseReluDense.wo,65,-0.10101595520973206,$\delta_\text{ssc}$
wsc,transformer.encoder.block.11.layer.0.SelfAttention.q,66,0.3368280231952667,cross
wsc,transformer.encoder.block.11.layer.0.SelfAttention.q,66,0.4231531620025635,corr
wsc,transformer.encoder.block.11.layer.0.SelfAttention.q,66,0.388009250164032,drift
wsc,transformer.encoder.block.11.layer.0.SelfAttention.q,66,0.3875502347946167,tot
wsc,transformer.encoder.block.11.layer.0.SelfAttention.q,66,-0.28127220273017883,$\delta_\text{gsc}$
wsc,transformer.encoder.block.11.layer.0.SelfAttention.q,66,-0.47916799783706665,$\delta_\text{ssc}$
wsc,transformer.encoder.block.11.layer.0.SelfAttention.k,67,0.3141023516654968,cross
wsc,transformer.encoder.block.11.layer.0.SelfAttention.k,67,0.4020349383354187,corr
wsc,transformer.encoder.block.11.layer.0.SelfAttention.k,67,0.38721439242362976,drift
wsc,transformer.encoder.block.11.layer.0.SelfAttention.k,67,0.3988819718360901,tot
wsc,transformer.encoder.block.11.layer.0.SelfAttention.k,67,-0.18066856265068054,$\delta_\text{gsc}$
wsc,transformer.encoder.block.11.layer.0.SelfAttention.k,67,-0.5238011479377747,$\delta_\text{ssc}$
wsc,transformer.encoder.block.11.layer.0.SelfAttention.v,68,0.24923035502433777,cross
wsc,transformer.encoder.block.11.layer.0.SelfAttention.v,68,0.47631558775901794,corr
wsc,transformer.encoder.block.11.layer.0.SelfAttention.v,68,0.38422438502311707,drift
wsc,transformer.encoder.block.11.layer.0.SelfAttention.v,68,0.41508328914642334,tot
wsc,transformer.encoder.block.11.layer.0.SelfAttention.v,68,-0.27600911259651184,$\delta_\text{gsc}$
wsc,transformer.encoder.block.11.layer.0.SelfAttention.v,68,-0.4186779260635376,$\delta_\text{ssc}$
wsc,transformer.encoder.block.11.layer.0.SelfAttention.o,69,0.2900054454803467,cross
wsc,transformer.encoder.block.11.layer.0.SelfAttention.o,69,0.2703528106212616,corr
wsc,transformer.encoder.block.11.layer.0.SelfAttention.o,69,0.2111126035451889,drift
wsc,transformer.encoder.block.11.layer.0.SelfAttention.o,69,0.28845927119255066,tot
wsc,transformer.encoder.block.11.layer.0.SelfAttention.o,69,-0.273804634809494,$\delta_\text{gsc}$
wsc,transformer.encoder.block.11.layer.0.SelfAttention.o,69,-0.2092069536447525,$\delta_\text{ssc}$
wsc,transformer.encoder.block.11.layer.1.DenseReluDense.wi,70,0.14964981377124786,cross
wsc,transformer.encoder.block.11.layer.1.DenseReluDense.wi,70,0.2669401466846466,corr
wsc,transformer.encoder.block.11.layer.1.DenseReluDense.wi,70,0.27496305108070374,drift
wsc,transformer.encoder.block.11.layer.1.DenseReluDense.wi,70,0.2293609082698822,tot
wsc,transformer.encoder.block.11.layer.1.DenseReluDense.wi,70,-0.13716743886470795,$\delta_\text{gsc}$
wsc,transformer.encoder.block.11.layer.1.DenseReluDense.wi,70,-0.32502466440200806,$\delta_\text{ssc}$
wsc,transformer.encoder.block.11.layer.1.DenseReluDense.wo,71,0.19692037999629974,cross
wsc,transformer.encoder.block.11.layer.1.DenseReluDense.wo,71,0.3422560691833496,corr
wsc,transformer.encoder.block.11.layer.1.DenseReluDense.wo,71,0.0527273565530777,drift
wsc,transformer.encoder.block.11.layer.1.DenseReluDense.wo,71,0.3308181166648865,tot
wsc,transformer.encoder.block.11.layer.1.DenseReluDense.wo,71,-0.20199911296367645,$\delta_\text{gsc}$
wsc,transformer.encoder.block.11.layer.1.DenseReluDense.wo,71,-0.059086576104164124,$\delta_\text{ssc}$
wsc,transformer.decoder.block.0.layer.0.SelfAttention.q,72,0.08801452815532684,cross
wsc,transformer.decoder.block.0.layer.0.SelfAttention.q,72,0.1733807772397995,corr
wsc,transformer.decoder.block.0.layer.0.SelfAttention.q,72,0.018738964572548866,drift
wsc,transformer.decoder.block.0.layer.0.SelfAttention.q,72,0.2242167443037033,tot
wsc,transformer.decoder.block.0.layer.0.SelfAttention.q,72,-0.03724014759063721,$\delta_\text{gsc}$
wsc,transformer.decoder.block.0.layer.0.SelfAttention.q,72,-0.018677378073334694,$\delta_\text{ssc}$
wsc,transformer.decoder.block.0.layer.0.SelfAttention.k,73,0.2346813678741455,cross
wsc,transformer.decoder.block.0.layer.0.SelfAttention.k,73,0.13704875111579895,corr
wsc,transformer.decoder.block.0.layer.0.SelfAttention.k,73,0.018735093995928764,drift
wsc,transformer.decoder.block.0.layer.0.SelfAttention.k,73,0.28744930028915405,tot
wsc,transformer.decoder.block.0.layer.0.SelfAttention.k,73,-0.08355638384819031,$\delta_\text{gsc}$
wsc,transformer.decoder.block.0.layer.0.SelfAttention.k,73,-0.019459528848528862,$\delta_\text{ssc}$
wsc,transformer.decoder.block.0.layer.0.SelfAttention.v,74,0.06442741304636002,cross
wsc,transformer.decoder.block.0.layer.0.SelfAttention.v,74,0.3805209696292877,corr
wsc,transformer.decoder.block.0.layer.0.SelfAttention.v,74,0.029427047818899155,drift
wsc,transformer.decoder.block.0.layer.0.SelfAttention.v,74,0.38523897528648376,tot
wsc,transformer.decoder.block.0.layer.0.SelfAttention.v,74,-0.05945482850074768,$\delta_\text{gsc}$
wsc,transformer.decoder.block.0.layer.0.SelfAttention.v,74,-0.029681619256734848,$\delta_\text{ssc}$
wsc,transformer.decoder.block.0.layer.0.SelfAttention.o,75,0.03705410659313202,cross
wsc,transformer.decoder.block.0.layer.0.SelfAttention.o,75,0.31484001874923706,corr
wsc,transformer.decoder.block.0.layer.0.SelfAttention.o,75,0.33508938550949097,drift
wsc,transformer.decoder.block.0.layer.0.SelfAttention.o,75,0.40071383118629456,tot
wsc,transformer.decoder.block.0.layer.0.SelfAttention.o,75,-0.028000682592391968,$\delta_\text{gsc}$
wsc,transformer.decoder.block.0.layer.0.SelfAttention.o,75,-0.25826898217201233,$\delta_\text{ssc}$
wsc,transformer.decoder.block.0.layer.1.EncDecAttention.q,76,0.042054079473018646,cross
wsc,transformer.decoder.block.0.layer.1.EncDecAttention.q,76,0.23959390819072723,corr
wsc,transformer.decoder.block.0.layer.1.EncDecAttention.q,76,0.11367462575435638,drift
wsc,transformer.decoder.block.0.layer.1.EncDecAttention.q,76,0.24887247383594513,tot
wsc,transformer.decoder.block.0.layer.1.EncDecAttention.q,76,-0.04115466773509979,$\delta_\text{gsc}$
wsc,transformer.decoder.block.0.layer.1.EncDecAttention.q,76,-0.10529546439647675,$\delta_\text{ssc}$
wsc,transformer.decoder.block.0.layer.1.EncDecAttention.k,77,0.2277493178844452,cross
wsc,transformer.decoder.block.0.layer.1.EncDecAttention.k,77,0.4733155071735382,corr
wsc,transformer.decoder.block.0.layer.1.EncDecAttention.k,77,0.44525519013404846,drift
wsc,transformer.decoder.block.0.layer.1.EncDecAttention.k,77,0.44887661933898926,tot
wsc,transformer.decoder.block.0.layer.1.EncDecAttention.k,77,-0.20165076851844788,$\delta_\text{gsc}$
wsc,transformer.decoder.block.0.layer.1.EncDecAttention.k,77,-0.4957926273345947,$\delta_\text{ssc}$
wsc,transformer.decoder.block.0.layer.1.EncDecAttention.v,78,0.23094336688518524,cross
wsc,transformer.decoder.block.0.layer.1.EncDecAttention.v,78,0.47670289874076843,corr
wsc,transformer.decoder.block.0.layer.1.EncDecAttention.v,78,0.4404746890068054,drift
wsc,transformer.decoder.block.0.layer.1.EncDecAttention.v,78,0.39281216263771057,tot
wsc,transformer.decoder.block.0.layer.1.EncDecAttention.v,78,-0.26021844148635864,$\delta_\text{gsc}$
wsc,transformer.decoder.block.0.layer.1.EncDecAttention.v,78,-0.4950903356075287,$\delta_\text{ssc}$
wsc,transformer.decoder.block.0.layer.1.EncDecAttention.o,79,0.0981118306517601,cross
wsc,transformer.decoder.block.0.layer.1.EncDecAttention.o,79,0.27654215693473816,corr
wsc,transformer.decoder.block.0.layer.1.EncDecAttention.o,79,0.3098754584789276,drift
wsc,transformer.decoder.block.0.layer.1.EncDecAttention.o,79,0.41903793811798096,tot
wsc,transformer.decoder.block.0.layer.1.EncDecAttention.o,79,-0.06736451387405396,$\delta_\text{gsc}$
wsc,transformer.decoder.block.0.layer.1.EncDecAttention.o,79,-0.19812700152397156,$\delta_\text{ssc}$
wsc,transformer.decoder.block.0.layer.2.DenseReluDense.wi,80,0.03254792094230652,cross
wsc,transformer.decoder.block.0.layer.2.DenseReluDense.wi,80,0.22018565237522125,corr
wsc,transformer.decoder.block.0.layer.2.DenseReluDense.wi,80,0.192114919424057,drift
wsc,transformer.decoder.block.0.layer.2.DenseReluDense.wi,80,0.29124465584754944,tot
wsc,transformer.decoder.block.0.layer.2.DenseReluDense.wi,80,-0.022331595420837402,$\delta_\text{gsc}$
wsc,transformer.decoder.block.0.layer.2.DenseReluDense.wi,80,-0.13127224147319794,$\delta_\text{ssc}$
wsc,transformer.decoder.block.0.layer.2.DenseReluDense.wo,81,0.0622306726872921,cross
wsc,transformer.decoder.block.0.layer.2.DenseReluDense.wo,81,0.02787526696920395,corr
wsc,transformer.decoder.block.0.layer.2.DenseReluDense.wo,81,0.2501550614833832,drift
wsc,transformer.decoder.block.0.layer.2.DenseReluDense.wo,81,0.2962647080421448,tot
wsc,transformer.decoder.block.0.layer.2.DenseReluDense.wo,81,-0.010632514953613281,$\delta_\text{gsc}$
wsc,transformer.decoder.block.0.layer.2.DenseReluDense.wo,81,-0.033363789319992065,$\delta_\text{ssc}$
wsc,transformer.decoder.block.1.layer.0.SelfAttention.q,82,0.10463538020849228,cross
wsc,transformer.decoder.block.1.layer.0.SelfAttention.q,82,0.11323075741529465,corr
wsc,transformer.decoder.block.1.layer.0.SelfAttention.q,82,0.21514856815338135,drift
wsc,transformer.decoder.block.1.layer.0.SelfAttention.q,82,0.24386823177337646,tot
wsc,transformer.decoder.block.1.layer.0.SelfAttention.q,82,-0.11071792244911194,$\delta_\text{gsc}$
wsc,transformer.decoder.block.1.layer.0.SelfAttention.q,82,-0.07842856645584106,$\delta_\text{ssc}$
wsc,transformer.decoder.block.1.layer.0.SelfAttention.k,83,0.18854336440563202,cross
wsc,transformer.decoder.block.1.layer.0.SelfAttention.k,83,0.10312328487634659,corr
wsc,transformer.decoder.block.1.layer.0.SelfAttention.k,83,0.21370162069797516,drift
wsc,transformer.decoder.block.1.layer.0.SelfAttention.k,83,0.27472519874572754,tot
wsc,transformer.decoder.block.1.layer.0.SelfAttention.k,83,-0.15736767649650574,$\delta_\text{gsc}$
wsc,transformer.decoder.block.1.layer.0.SelfAttention.k,83,-0.07327540218830109,$\delta_\text{ssc}$
wsc,transformer.decoder.block.1.layer.0.SelfAttention.v,84,0.04530340060591698,cross
wsc,transformer.decoder.block.1.layer.0.SelfAttention.v,84,0.43679532408714294,corr
wsc,transformer.decoder.block.1.layer.0.SelfAttention.v,84,0.18535420298576355,drift
wsc,transformer.decoder.block.1.layer.0.SelfAttention.v,84,0.4486786127090454,tot
wsc,transformer.decoder.block.1.layer.0.SelfAttention.v,84,-0.03822740912437439,$\delta_\text{gsc}$
wsc,transformer.decoder.block.1.layer.0.SelfAttention.v,84,-0.18054690957069397,$\delta_\text{ssc}$
wsc,transformer.decoder.block.1.layer.0.SelfAttention.o,85,0.11102514714002609,cross
wsc,transformer.decoder.block.1.layer.0.SelfAttention.o,85,0.28999194502830505,corr
wsc,transformer.decoder.block.1.layer.0.SelfAttention.o,85,0.18807829916477203,drift
wsc,transformer.decoder.block.1.layer.0.SelfAttention.o,85,0.3944956660270691,tot
wsc,transformer.decoder.block.1.layer.0.SelfAttention.o,85,-0.08497339487075806,$\delta_\text{gsc}$
wsc,transformer.decoder.block.1.layer.0.SelfAttention.o,85,-0.10962633788585663,$\delta_\text{ssc}$
wsc,transformer.decoder.block.1.layer.1.EncDecAttention.q,86,0.04922259971499443,cross
wsc,transformer.decoder.block.1.layer.1.EncDecAttention.q,86,0.16145221889019012,corr
wsc,transformer.decoder.block.1.layer.1.EncDecAttention.q,86,0.13449567556381226,drift
wsc,transformer.decoder.block.1.layer.1.EncDecAttention.q,86,0.2096717208623886,tot
wsc,transformer.decoder.block.1.layer.1.EncDecAttention.q,86,-0.03588457405567169,$\delta_\text{gsc}$
wsc,transformer.decoder.block.1.layer.1.EncDecAttention.q,86,-0.0996142029762268,$\delta_\text{ssc}$
wsc,transformer.decoder.block.1.layer.1.EncDecAttention.k,87,0.21044492721557617,cross
wsc,transformer.decoder.block.1.layer.1.EncDecAttention.k,87,0.46540331840515137,corr
wsc,transformer.decoder.block.1.layer.1.EncDecAttention.k,87,0.42880868911743164,drift
wsc,transformer.decoder.block.1.layer.1.EncDecAttention.k,87,0.4207601249217987,tot
wsc,transformer.decoder.block.1.layer.1.EncDecAttention.k,87,-0.1721518635749817,$\delta_\text{gsc}$
wsc,transformer.decoder.block.1.layer.1.EncDecAttention.k,87,-0.5117449760437012,$\delta_\text{ssc}$
wsc,transformer.decoder.block.1.layer.1.EncDecAttention.v,88,0.15741387009620667,cross
wsc,transformer.decoder.block.1.layer.1.EncDecAttention.v,88,0.4897190034389496,corr
wsc,transformer.decoder.block.1.layer.1.EncDecAttention.v,88,0.4278145730495453,drift
wsc,transformer.decoder.block.1.layer.1.EncDecAttention.v,88,0.461490660905838,tot
wsc,transformer.decoder.block.1.layer.1.EncDecAttention.v,88,-0.1656397581100464,$\delta_\text{gsc}$
wsc,transformer.decoder.block.1.layer.1.EncDecAttention.v,88,-0.44781702756881714,$\delta_\text{ssc}$
wsc,transformer.decoder.block.1.layer.1.EncDecAttention.o,89,0.10758032649755478,cross
wsc,transformer.decoder.block.1.layer.1.EncDecAttention.o,89,0.27810007333755493,corr
wsc,transformer.decoder.block.1.layer.1.EncDecAttention.o,89,0.21970362961292267,drift
wsc,transformer.decoder.block.1.layer.1.EncDecAttention.o,89,0.41001904010772705,tot
wsc,transformer.decoder.block.1.layer.1.EncDecAttention.o,89,-0.06563621759414673,$\delta_\text{gsc}$
wsc,transformer.decoder.block.1.layer.1.EncDecAttention.o,89,-0.1297287791967392,$\delta_\text{ssc}$
wsc,transformer.decoder.block.1.layer.2.DenseReluDense.wi,90,0.04548361524939537,cross
wsc,transformer.decoder.block.1.layer.2.DenseReluDense.wi,90,0.27634090185165405,corr
wsc,transformer.decoder.block.1.layer.2.DenseReluDense.wi,90,0.19840367138385773,drift
wsc,transformer.decoder.block.1.layer.2.DenseReluDense.wi,90,0.3253934681415558,tot
wsc,transformer.decoder.block.1.layer.2.DenseReluDense.wi,90,-0.023229390382766724,$\delta_\text{gsc}$
wsc,transformer.decoder.block.1.layer.2.DenseReluDense.wi,90,-0.17160533368587494,$\delta_\text{ssc}$
wsc,transformer.decoder.block.1.layer.2.DenseReluDense.wo,91,0.0878843367099762,cross
wsc,transformer.decoder.block.1.layer.2.DenseReluDense.wo,91,0.036255232989788055,corr
wsc,transformer.decoder.block.1.layer.2.DenseReluDense.wo,91,0.11209137737751007,drift
wsc,transformer.decoder.block.1.layer.2.DenseReluDense.wo,91,0.16210363805294037,tot
wsc,transformer.decoder.block.1.layer.2.DenseReluDense.wo,91,-0.04846318066120148,$\delta_\text{gsc}$
wsc,transformer.decoder.block.1.layer.2.DenseReluDense.wo,91,-0.025664128363132477,$\delta_\text{ssc}$
wsc,transformer.decoder.block.2.layer.0.SelfAttention.q,92,0.09001424163579941,cross
wsc,transformer.decoder.block.2.layer.0.SelfAttention.q,92,0.12367046624422073,corr
wsc,transformer.decoder.block.2.layer.0.SelfAttention.q,92,0.2283763289451599,drift
wsc,transformer.decoder.block.2.layer.0.SelfAttention.q,92,0.30007821321487427,tot
wsc,transformer.decoder.block.2.layer.0.SelfAttention.q,92,-0.08282202482223511,$\delta_\text{gsc}$
wsc,transformer.decoder.block.2.layer.0.SelfAttention.q,92,-0.05916079878807068,$\delta_\text{ssc}$
wsc,transformer.decoder.block.2.layer.0.SelfAttention.k,93,0.15050433576107025,cross
wsc,transformer.decoder.block.2.layer.0.SelfAttention.k,93,0.12319903075695038,corr
wsc,transformer.decoder.block.2.layer.0.SelfAttention.k,93,0.22844958305358887,drift
wsc,transformer.decoder.block.2.layer.0.SelfAttention.k,93,0.3134956359863281,tot
wsc,transformer.decoder.block.2.layer.0.SelfAttention.k,93,-0.12990836799144745,$\delta_\text{gsc}$
wsc,transformer.decoder.block.2.layer.0.SelfAttention.k,93,-0.05874894559383392,$\delta_\text{ssc}$
wsc,transformer.decoder.block.2.layer.0.SelfAttention.v,94,0.04028759524226189,cross
wsc,transformer.decoder.block.2.layer.0.SelfAttention.v,94,0.4559541642665863,corr
wsc,transformer.decoder.block.2.layer.0.SelfAttention.v,94,0.17594602704048157,drift
wsc,transformer.decoder.block.2.layer.0.SelfAttention.v,94,0.4662712514400482,tot
wsc,transformer.decoder.block.2.layer.0.SelfAttention.v,94,-0.03698468208312988,$\delta_\text{gsc}$
wsc,transformer.decoder.block.2.layer.0.SelfAttention.v,94,-0.16893184185028076,$\delta_\text{ssc}$
wsc,transformer.decoder.block.2.layer.0.SelfAttention.o,95,0.14578406512737274,cross
wsc,transformer.decoder.block.2.layer.0.SelfAttention.o,95,0.31576716899871826,corr
wsc,transformer.decoder.block.2.layer.0.SelfAttention.o,95,0.1442045122385025,drift
wsc,transformer.decoder.block.2.layer.0.SelfAttention.o,95,0.39296236634254456,tot
wsc,transformer.decoder.block.2.layer.0.SelfAttention.o,95,-0.11415190994739532,$\delta_\text{gsc}$
wsc,transformer.decoder.block.2.layer.0.SelfAttention.o,95,-0.09864147007465363,$\delta_\text{ssc}$
wsc,transformer.decoder.block.2.layer.1.EncDecAttention.q,96,0.038135312497615814,cross
wsc,transformer.decoder.block.2.layer.1.EncDecAttention.q,96,0.12189537286758423,corr
wsc,transformer.decoder.block.2.layer.1.EncDecAttention.q,96,0.10812214761972427,drift
wsc,transformer.decoder.block.2.layer.1.EncDecAttention.q,96,0.18605941534042358,tot
wsc,transformer.decoder.block.2.layer.1.EncDecAttention.q,96,-0.02437061071395874,$\delta_\text{gsc}$
wsc,transformer.decoder.block.2.layer.1.EncDecAttention.q,96,-0.05772281438112259,$\delta_\text{ssc}$
wsc,transformer.decoder.block.2.layer.1.EncDecAttention.k,97,0.3254558742046356,cross
wsc,transformer.decoder.block.2.layer.1.EncDecAttention.k,97,0.4464164972305298,corr
wsc,transformer.decoder.block.2.layer.1.EncDecAttention.k,97,0.42952731251716614,drift
wsc,transformer.decoder.block.2.layer.1.EncDecAttention.k,97,0.4232609272003174,tot
wsc,transformer.decoder.block.2.layer.1.EncDecAttention.k,97,-0.2204737365245819,$\delta_\text{gsc}$
wsc,transformer.decoder.block.2.layer.1.EncDecAttention.k,97,-0.5576649904251099,$\delta_\text{ssc}$
wsc,transformer.decoder.block.2.layer.1.EncDecAttention.v,98,0.11396826058626175,cross
wsc,transformer.decoder.block.2.layer.1.EncDecAttention.v,98,0.4926806092262268,corr
wsc,transformer.decoder.block.2.layer.1.EncDecAttention.v,98,0.4202021062374115,drift
wsc,transformer.decoder.block.2.layer.1.EncDecAttention.v,98,0.4644501507282257,tot
wsc,transformer.decoder.block.2.layer.1.EncDecAttention.v,98,-0.12983044981956482,$\delta_\text{gsc}$
wsc,transformer.decoder.block.2.layer.1.EncDecAttention.v,98,-0.43257036805152893,$\delta_\text{ssc}$
wsc,transformer.decoder.block.2.layer.1.EncDecAttention.o,99,0.10188096761703491,cross
wsc,transformer.decoder.block.2.layer.1.EncDecAttention.o,99,0.3442365825176239,corr
wsc,transformer.decoder.block.2.layer.1.EncDecAttention.o,99,0.16659365594387054,drift
wsc,transformer.decoder.block.2.layer.1.EncDecAttention.o,99,0.428838849067688,tot
wsc,transformer.decoder.block.2.layer.1.EncDecAttention.o,99,-0.09045445919036865,$\delta_\text{gsc}$
wsc,transformer.decoder.block.2.layer.1.EncDecAttention.o,99,-0.09341789782047272,$\delta_\text{ssc}$
wsc,transformer.decoder.block.2.layer.2.DenseReluDense.wi,100,0.0405900776386261,cross
wsc,transformer.decoder.block.2.layer.2.DenseReluDense.wi,100,0.3123731017112732,corr
wsc,transformer.decoder.block.2.layer.2.DenseReluDense.wi,100,0.2242494523525238,drift
wsc,transformer.decoder.block.2.layer.2.DenseReluDense.wi,100,0.38244375586509705,tot
wsc,transformer.decoder.block.2.layer.2.DenseReluDense.wi,100,-0.018277227878570557,$\delta_\text{gsc}$
wsc,transformer.decoder.block.2.layer.2.DenseReluDense.wi,100,-0.1764916479587555,$\delta_\text{ssc}$
wsc,transformer.decoder.block.2.layer.2.DenseReluDense.wo,101,0.09398908913135529,cross
wsc,transformer.decoder.block.2.layer.2.DenseReluDense.wo,101,0.03993130847811699,corr
wsc,transformer.decoder.block.2.layer.2.DenseReluDense.wo,101,0.08435265719890594,drift
wsc,transformer.decoder.block.2.layer.2.DenseReluDense.wo,101,0.14998917281627655,tot
wsc,transformer.decoder.block.2.layer.2.DenseReluDense.wo,101,-0.0381319522857666,$\delta_\text{gsc}$
wsc,transformer.decoder.block.2.layer.2.DenseReluDense.wo,101,-0.030151929706335068,$\delta_\text{ssc}$
wsc,transformer.decoder.block.3.layer.0.SelfAttention.q,102,0.09186157584190369,cross
wsc,transformer.decoder.block.3.layer.0.SelfAttention.q,102,0.07161668688058853,corr
wsc,transformer.decoder.block.3.layer.0.SelfAttention.q,102,0.27955740690231323,drift
wsc,transformer.decoder.block.3.layer.0.SelfAttention.q,102,0.2982700765132904,tot
wsc,transformer.decoder.block.3.layer.0.SelfAttention.q,102,-0.09505873918533325,$\delta_\text{gsc}$
wsc,transformer.decoder.block.3.layer.0.SelfAttention.q,102,-0.049706846475601196,$\delta_\text{ssc}$
wsc,transformer.decoder.block.3.layer.0.SelfAttention.k,103,0.16500593721866608,cross
wsc,transformer.decoder.block.3.layer.0.SelfAttention.k,103,0.052170414477586746,corr
wsc,transformer.decoder.block.3.layer.0.SelfAttention.k,103,0.2803172767162323,drift
wsc,transformer.decoder.block.3.layer.0.SelfAttention.k,103,0.3173409104347229,tot
wsc,transformer.decoder.block.3.layer.0.SelfAttention.k,103,-0.14344669878482819,$\delta_\text{gsc}$
wsc,transformer.decoder.block.3.layer.0.SelfAttention.k,103,-0.03670601546764374,$\delta_\text{ssc}$
wsc,transformer.decoder.block.3.layer.0.SelfAttention.v,104,0.03833765536546707,cross
wsc,transformer.decoder.block.3.layer.0.SelfAttention.v,104,0.45124152302742004,corr
wsc,transformer.decoder.block.3.layer.0.SelfAttention.v,104,0.1715557724237442,drift
wsc,transformer.decoder.block.3.layer.0.SelfAttention.v,104,0.4636690616607666,tot
wsc,transformer.decoder.block.3.layer.0.SelfAttention.v,104,-0.03607213497161865,$\delta_\text{gsc}$
wsc,transformer.decoder.block.3.layer.0.SelfAttention.v,104,-0.16139374673366547,$\delta_\text{ssc}$
wsc,transformer.decoder.block.3.layer.0.SelfAttention.o,105,0.13307198882102966,cross
wsc,transformer.decoder.block.3.layer.0.SelfAttention.o,105,0.4381391704082489,corr
wsc,transformer.decoder.block.3.layer.0.SelfAttention.o,105,0.09531552344560623,drift
wsc,transformer.decoder.block.3.layer.0.SelfAttention.o,105,0.4648359417915344,tot
wsc,transformer.decoder.block.3.layer.0.SelfAttention.o,105,-0.13159462809562683,$\delta_\text{gsc}$
wsc,transformer.decoder.block.3.layer.0.SelfAttention.o,105,-0.07009611278772354,$\delta_\text{ssc}$
wsc,transformer.decoder.block.3.layer.1.EncDecAttention.q,106,0.01659269630908966,cross
wsc,transformer.decoder.block.3.layer.1.EncDecAttention.q,106,0.14648917317390442,corr
wsc,transformer.decoder.block.3.layer.1.EncDecAttention.q,106,0.14455761015415192,drift
wsc,transformer.decoder.block.3.layer.1.EncDecAttention.q,106,0.20994581282138824,tot
wsc,transformer.decoder.block.3.layer.1.EncDecAttention.q,106,-0.008477315306663513,$\delta_\text{gsc}$
wsc,transformer.decoder.block.3.layer.1.EncDecAttention.q,106,-0.08921635150909424,$\delta_\text{ssc}$
wsc,transformer.decoder.block.3.layer.1.EncDecAttention.k,107,0.31565213203430176,cross
wsc,transformer.decoder.block.3.layer.1.EncDecAttention.k,107,0.4667895436286926,corr
wsc,transformer.decoder.block.3.layer.1.EncDecAttention.k,107,0.43521004915237427,drift
wsc,transformer.decoder.block.3.layer.1.EncDecAttention.k,107,0.39941462874412537,tot
wsc,transformer.decoder.block.3.layer.1.EncDecAttention.k,107,-0.2896941602230072,$\delta_\text{gsc}$
wsc,transformer.decoder.block.3.layer.1.EncDecAttention.k,107,-0.5285429358482361,$\delta_\text{ssc}$
wsc,transformer.decoder.block.3.layer.1.EncDecAttention.v,108,0.15221931040287018,cross
wsc,transformer.decoder.block.3.layer.1.EncDecAttention.v,108,0.4862857758998871,corr
wsc,transformer.decoder.block.3.layer.1.EncDecAttention.v,108,0.41514214873313904,drift
wsc,transformer.decoder.block.3.layer.1.EncDecAttention.v,108,0.44439488649368286,tot
wsc,transformer.decoder.block.3.layer.1.EncDecAttention.v,108,-0.16315272450447083,$\delta_\text{gsc}$
wsc,transformer.decoder.block.3.layer.1.EncDecAttention.v,108,-0.4460996091365814,$\delta_\text{ssc}$
wsc,transformer.decoder.block.3.layer.1.EncDecAttention.o,109,0.18020422756671906,cross
wsc,transformer.decoder.block.3.layer.1.EncDecAttention.o,109,0.3350012004375458,corr
wsc,transformer.decoder.block.3.layer.1.EncDecAttention.o,109,0.21151551604270935,drift
wsc,transformer.decoder.block.3.layer.1.EncDecAttention.o,109,0.3642411231994629,tot
wsc,transformer.decoder.block.3.layer.1.EncDecAttention.o,109,-0.13190065324306488,$\delta_\text{gsc}$
wsc,transformer.decoder.block.3.layer.1.EncDecAttention.o,109,-0.2305791676044464,$\delta_\text{ssc}$
wsc,transformer.decoder.block.3.layer.2.DenseReluDense.wi,110,0.056466102600097656,cross
wsc,transformer.decoder.block.3.layer.2.DenseReluDense.wi,110,0.29352667927742004,corr
wsc,transformer.decoder.block.3.layer.2.DenseReluDense.wi,110,0.17754709720611572,drift
wsc,transformer.decoder.block.3.layer.2.DenseReluDense.wi,110,0.3835039436817169,tot
wsc,transformer.decoder.block.3.layer.2.DenseReluDense.wi,110,-0.03128668665885925,$\delta_\text{gsc}$
wsc,transformer.decoder.block.3.layer.2.DenseReluDense.wi,110,-0.11274924874305725,$\delta_\text{ssc}$
wsc,transformer.decoder.block.3.layer.2.DenseReluDense.wo,111,0.1986808180809021,cross
wsc,transformer.decoder.block.3.layer.2.DenseReluDense.wo,111,0.2546899616718292,corr
wsc,transformer.decoder.block.3.layer.2.DenseReluDense.wo,111,0.20806530117988586,drift
wsc,transformer.decoder.block.3.layer.2.DenseReluDense.wo,111,0.4189642071723938,tot
wsc,transformer.decoder.block.3.layer.2.DenseReluDense.wo,111,-0.19729968905448914,$\delta_\text{gsc}$
wsc,transformer.decoder.block.3.layer.2.DenseReluDense.wo,111,-0.04517218470573425,$\delta_\text{ssc}$
wsc,transformer.decoder.block.4.layer.0.SelfAttention.q,112,0.057420600205659866,cross
wsc,transformer.decoder.block.4.layer.0.SelfAttention.q,112,0.09948670864105225,corr
wsc,transformer.decoder.block.4.layer.0.SelfAttention.q,112,0.25620168447494507,drift
wsc,transformer.decoder.block.4.layer.0.SelfAttention.q,112,0.2778519093990326,tot
wsc,transformer.decoder.block.4.layer.0.SelfAttention.q,112,-0.06529675424098969,$\delta_\text{gsc}$
wsc,transformer.decoder.block.4.layer.0.SelfAttention.q,112,-0.0699603259563446,$\delta_\text{ssc}$
wsc,transformer.decoder.block.4.layer.0.SelfAttention.k,113,0.1552598923444748,cross
wsc,transformer.decoder.block.4.layer.0.SelfAttention.k,113,0.08928745239973068,corr
wsc,transformer.decoder.block.4.layer.0.SelfAttention.k,113,0.25551167130470276,drift
wsc,transformer.decoder.block.4.layer.0.SelfAttention.k,113,0.30326414108276367,tot
wsc,transformer.decoder.block.4.layer.0.SelfAttention.k,113,-0.13513962924480438,$\delta_\text{gsc}$
wsc,transformer.decoder.block.4.layer.0.SelfAttention.k,113,-0.061655253171920776,$\delta_\text{ssc}$
wsc,transformer.decoder.block.4.layer.0.SelfAttention.v,114,0.04323249310255051,cross
wsc,transformer.decoder.block.4.layer.0.SelfAttention.v,114,0.4499921202659607,corr
wsc,transformer.decoder.block.4.layer.0.SelfAttention.v,114,0.13821013271808624,drift
wsc,transformer.decoder.block.4.layer.0.SelfAttention.v,114,0.46105942130088806,tot
wsc,transformer.decoder.block.4.layer.0.SelfAttention.v,114,-0.04328387975692749,$\delta_\text{gsc}$
wsc,transformer.decoder.block.4.layer.0.SelfAttention.v,114,-0.1270914524793625,$\delta_\text{ssc}$
wsc,transformer.decoder.block.4.layer.0.SelfAttention.o,115,0.1369214653968811,cross
wsc,transformer.decoder.block.4.layer.0.SelfAttention.o,115,0.46280282735824585,corr
wsc,transformer.decoder.block.4.layer.0.SelfAttention.o,115,0.08702753484249115,drift
wsc,transformer.decoder.block.4.layer.0.SelfAttention.o,115,0.46880754828453064,tot
wsc,transformer.decoder.block.4.layer.0.SelfAttention.o,115,-0.14345324039459229,$\delta_\text{gsc}$
wsc,transformer.decoder.block.4.layer.0.SelfAttention.o,115,-0.07449103891849518,$\delta_\text{ssc}$
wsc,transformer.decoder.block.4.layer.1.EncDecAttention.q,116,0.06027330458164215,cross
wsc,transformer.decoder.block.4.layer.1.EncDecAttention.q,116,0.226388081908226,corr
wsc,transformer.decoder.block.4.layer.1.EncDecAttention.q,116,0.0939026027917862,drift
wsc,transformer.decoder.block.4.layer.1.EncDecAttention.q,116,0.2719968557357788,tot
wsc,transformer.decoder.block.4.layer.1.EncDecAttention.q,116,-0.07253183424472809,$\delta_\text{gsc}$
wsc,transformer.decoder.block.4.layer.1.EncDecAttention.q,116,-0.03603529930114746,$\delta_\text{ssc}$
wsc,transformer.decoder.block.4.layer.1.EncDecAttention.k,117,0.2558831572532654,cross
wsc,transformer.decoder.block.4.layer.1.EncDecAttention.k,117,0.4422488212585449,corr
wsc,transformer.decoder.block.4.layer.1.EncDecAttention.k,117,0.4136236608028412,drift
wsc,transformer.decoder.block.4.layer.1.EncDecAttention.k,117,0.38910409808158875,tot
wsc,transformer.decoder.block.4.layer.1.EncDecAttention.k,117,-0.17516660690307617,$\delta_\text{gsc}$
wsc,transformer.decoder.block.4.layer.1.EncDecAttention.k,117,-0.5474849343299866,$\delta_\text{ssc}$
wsc,transformer.decoder.block.4.layer.1.EncDecAttention.v,118,0.12688983976840973,cross
wsc,transformer.decoder.block.4.layer.1.EncDecAttention.v,118,0.4831514060497284,corr
wsc,transformer.decoder.block.4.layer.1.EncDecAttention.v,118,0.415111780166626,drift
wsc,transformer.decoder.block.4.layer.1.EncDecAttention.v,118,0.4645416736602783,tot
wsc,transformer.decoder.block.4.layer.1.EncDecAttention.v,118,-0.11077865958213806,$\delta_\text{gsc}$
wsc,transformer.decoder.block.4.layer.1.EncDecAttention.v,118,-0.4498326778411865,$\delta_\text{ssc}$
wsc,transformer.decoder.block.4.layer.1.EncDecAttention.o,119,0.2590278089046478,cross
wsc,transformer.decoder.block.4.layer.1.EncDecAttention.o,119,0.37162908911705017,corr
wsc,transformer.decoder.block.4.layer.1.EncDecAttention.o,119,0.16089701652526855,drift
wsc,transformer.decoder.block.4.layer.1.EncDecAttention.o,119,0.4046633243560791,tot
wsc,transformer.decoder.block.4.layer.1.EncDecAttention.o,119,-0.26196667551994324,$\delta_\text{gsc}$
wsc,transformer.decoder.block.4.layer.1.EncDecAttention.o,119,-0.12492391467094421,$\delta_\text{ssc}$
wsc,transformer.decoder.block.4.layer.2.DenseReluDense.wi,120,0.06908870488405228,cross
wsc,transformer.decoder.block.4.layer.2.DenseReluDense.wi,120,0.3970983326435089,corr
wsc,transformer.decoder.block.4.layer.2.DenseReluDense.wi,120,0.10612072795629501,drift
wsc,transformer.decoder.block.4.layer.2.DenseReluDense.wi,120,0.42413565516471863,tot
wsc,transformer.decoder.block.4.layer.2.DenseReluDense.wi,120,-0.06815186142921448,$\delta_\text{gsc}$
wsc,transformer.decoder.block.4.layer.2.DenseReluDense.wi,120,-0.0800202414393425,$\delta_\text{ssc}$
wsc,transformer.decoder.block.4.layer.2.DenseReluDense.wo,121,0.05948307365179062,cross
wsc,transformer.decoder.block.4.layer.2.DenseReluDense.wo,121,0.3704683780670166,corr
wsc,transformer.decoder.block.4.layer.2.DenseReluDense.wo,121,0.13557876646518707,drift
wsc,transformer.decoder.block.4.layer.2.DenseReluDense.wo,121,0.4497676491737366,tot
wsc,transformer.decoder.block.4.layer.2.DenseReluDense.wo,121,-0.05739492177963257,$\delta_\text{gsc}$
wsc,transformer.decoder.block.4.layer.2.DenseReluDense.wo,121,-0.05836765468120575,$\delta_\text{ssc}$
wsc,transformer.decoder.block.5.layer.0.SelfAttention.q,122,0.06534504145383835,cross
wsc,transformer.decoder.block.5.layer.0.SelfAttention.q,122,0.07605929672718048,corr
wsc,transformer.decoder.block.5.layer.0.SelfAttention.q,122,0.27869370579719543,drift
wsc,transformer.decoder.block.5.layer.0.SelfAttention.q,122,0.27991732954978943,tot
wsc,transformer.decoder.block.5.layer.0.SelfAttention.q,122,-0.06044468283653259,$\delta_\text{gsc}$
wsc,transformer.decoder.block.5.layer.0.SelfAttention.q,122,-0.07973603904247284,$\delta_\text{ssc}$
wsc,transformer.decoder.block.5.layer.0.SelfAttention.k,123,0.12112399190664291,cross
wsc,transformer.decoder.block.5.layer.0.SelfAttention.k,123,0.07409266382455826,corr
wsc,transformer.decoder.block.5.layer.0.SelfAttention.k,123,0.27901002764701843,drift
wsc,transformer.decoder.block.5.layer.0.SelfAttention.k,123,0.29279887676239014,tot
wsc,transformer.decoder.block.5.layer.0.SelfAttention.k,123,-0.10322335362434387,$\delta_\text{gsc}$
wsc,transformer.decoder.block.5.layer.0.SelfAttention.k,123,-0.0782044529914856,$\delta_\text{ssc}$
wsc,transformer.decoder.block.5.layer.0.SelfAttention.v,124,0.06800012290477753,cross
wsc,transformer.decoder.block.5.layer.0.SelfAttention.v,124,0.4661088287830353,corr
wsc,transformer.decoder.block.5.layer.0.SelfAttention.v,124,0.11940491199493408,drift
wsc,transformer.decoder.block.5.layer.0.SelfAttention.v,124,0.46877560019493103,tot
wsc,transformer.decoder.block.5.layer.0.SelfAttention.v,124,-0.07373476028442383,$\delta_\text{gsc}$
wsc,transformer.decoder.block.5.layer.0.SelfAttention.v,124,-0.11100348830223083,$\delta_\text{ssc}$
wsc,transformer.decoder.block.5.layer.0.SelfAttention.o,125,0.19563789665699005,cross
wsc,transformer.decoder.block.5.layer.0.SelfAttention.o,125,0.3983228802680969,corr
wsc,transformer.decoder.block.5.layer.0.SelfAttention.o,125,0.09301093965768814,drift
wsc,transformer.decoder.block.5.layer.0.SelfAttention.o,125,0.37522265315055847,tot
wsc,transformer.decoder.block.5.layer.0.SelfAttention.o,125,-0.24613673985004425,$\delta_\text{gsc}$
wsc,transformer.decoder.block.5.layer.0.SelfAttention.o,125,-0.0656123235821724,$\delta_\text{ssc}$
wsc,transformer.decoder.block.5.layer.1.EncDecAttention.q,126,0.052448518574237823,cross
wsc,transformer.decoder.block.5.layer.1.EncDecAttention.q,126,0.20919688045978546,corr
wsc,transformer.decoder.block.5.layer.1.EncDecAttention.q,126,0.08626136928796768,drift
wsc,transformer.decoder.block.5.layer.1.EncDecAttention.q,126,0.2609436511993408,tot
wsc,transformer.decoder.block.5.layer.1.EncDecAttention.q,126,-0.061764270067214966,$\delta_\text{gsc}$
wsc,transformer.decoder.block.5.layer.1.EncDecAttention.q,126,-0.025198839604854584,$\delta_\text{ssc}$
wsc,transformer.decoder.block.5.layer.1.EncDecAttention.k,127,0.29403048753738403,cross
wsc,transformer.decoder.block.5.layer.1.EncDecAttention.k,127,0.4352271258831024,corr
wsc,transformer.decoder.block.5.layer.1.EncDecAttention.k,127,0.4112963378429413,drift
wsc,transformer.decoder.block.5.layer.1.EncDecAttention.k,127,0.3432465195655823,tot
wsc,transformer.decoder.block.5.layer.1.EncDecAttention.k,127,-0.23591241240501404,$\delta_\text{gsc}$
wsc,transformer.decoder.block.5.layer.1.EncDecAttention.k,127,-0.5613950490951538,$\delta_\text{ssc}$
wsc,transformer.decoder.block.5.layer.1.EncDecAttention.v,128,0.1585264503955841,cross
wsc,transformer.decoder.block.5.layer.1.EncDecAttention.v,128,0.4897885024547577,corr
wsc,transformer.decoder.block.5.layer.1.EncDecAttention.v,128,0.4100210964679718,drift
wsc,transformer.decoder.block.5.layer.1.EncDecAttention.v,128,0.44935229420661926,tot
wsc,transformer.decoder.block.5.layer.1.EncDecAttention.v,128,-0.18157228827476501,$\delta_\text{gsc}$
wsc,transformer.decoder.block.5.layer.1.EncDecAttention.v,128,-0.4274114668369293,$\delta_\text{ssc}$
wsc,transformer.decoder.block.5.layer.1.EncDecAttention.o,129,0.1301596313714981,cross
wsc,transformer.decoder.block.5.layer.1.EncDecAttention.o,129,0.3041423261165619,corr
wsc,transformer.decoder.block.5.layer.1.EncDecAttention.o,129,0.2084883153438568,drift
wsc,transformer.decoder.block.5.layer.1.EncDecAttention.o,129,0.43961650133132935,tot
wsc,transformer.decoder.block.5.layer.1.EncDecAttention.o,129,-0.10262218117713928,$\delta_\text{gsc}$
wsc,transformer.decoder.block.5.layer.1.EncDecAttention.o,129,-0.10055157542228699,$\delta_\text{ssc}$
wsc,transformer.decoder.block.5.layer.2.DenseReluDense.wi,130,0.08581436425447464,cross
wsc,transformer.decoder.block.5.layer.2.DenseReluDense.wi,130,0.4268341362476349,corr
wsc,transformer.decoder.block.5.layer.2.DenseReluDense.wi,130,0.10986818373203278,drift
wsc,transformer.decoder.block.5.layer.2.DenseReluDense.wi,130,0.44167518615722656,tot
wsc,transformer.decoder.block.5.layer.2.DenseReluDense.wi,130,-0.09081748127937317,$\delta_\text{gsc}$
wsc,transformer.decoder.block.5.layer.2.DenseReluDense.wi,130,-0.09002400934696198,$\delta_\text{ssc}$
wsc,transformer.decoder.block.5.layer.2.DenseReluDense.wo,131,0.22172017395496368,cross
wsc,transformer.decoder.block.5.layer.2.DenseReluDense.wo,131,0.29541221261024475,corr
wsc,transformer.decoder.block.5.layer.2.DenseReluDense.wo,131,0.17585736513137817,drift
wsc,transformer.decoder.block.5.layer.2.DenseReluDense.wo,131,0.3469923436641693,tot
wsc,transformer.decoder.block.5.layer.2.DenseReluDense.wo,131,-0.26057952642440796,$\delta_\text{gsc}$
wsc,transformer.decoder.block.5.layer.2.DenseReluDense.wo,131,-0.08541786670684814,$\delta_\text{ssc}$
wsc,transformer.decoder.block.6.layer.0.SelfAttention.q,132,0.09128396958112717,cross
wsc,transformer.decoder.block.6.layer.0.SelfAttention.q,132,0.12044106423854828,corr
wsc,transformer.decoder.block.6.layer.0.SelfAttention.q,132,0.23955409228801727,drift
wsc,transformer.decoder.block.6.layer.0.SelfAttention.q,132,0.2964754104614258,tot
wsc,transformer.decoder.block.6.layer.0.SelfAttention.q,132,-0.09363320469856262,$\delta_\text{gsc}$
wsc,transformer.decoder.block.6.layer.0.SelfAttention.q,132,-0.06117051839828491,$\delta_\text{ssc}$
wsc,transformer.decoder.block.6.layer.0.SelfAttention.k,133,0.13448207080364227,cross
wsc,transformer.decoder.block.6.layer.0.SelfAttention.k,133,0.12774653732776642,corr
wsc,transformer.decoder.block.6.layer.0.SelfAttention.k,133,0.2341262251138687,drift
wsc,transformer.decoder.block.6.layer.0.SelfAttention.k,133,0.3069925904273987,tot
wsc,transformer.decoder.block.6.layer.0.SelfAttention.k,133,-0.1245763748884201,$\delta_\text{gsc}$
wsc,transformer.decoder.block.6.layer.0.SelfAttention.k,133,-0.06478586792945862,$\delta_\text{ssc}$
wsc,transformer.decoder.block.6.layer.0.SelfAttention.v,134,0.07792570441961288,cross
wsc,transformer.decoder.block.6.layer.0.SelfAttention.v,134,0.4811691641807556,corr
wsc,transformer.decoder.block.6.layer.0.SelfAttention.v,134,0.13747267425060272,drift
wsc,transformer.decoder.block.6.layer.0.SelfAttention.v,134,0.4870382845401764,tot
wsc,transformer.decoder.block.6.layer.0.SelfAttention.v,134,-0.07691961526870728,$\delta_\text{gsc}$
wsc,transformer.decoder.block.6.layer.0.SelfAttention.v,134,-0.13260965049266815,$\delta_\text{ssc}$
wsc,transformer.decoder.block.6.layer.0.SelfAttention.o,135,0.2299414426088333,cross
wsc,transformer.decoder.block.6.layer.0.SelfAttention.o,135,0.4418438971042633,corr
wsc,transformer.decoder.block.6.layer.0.SelfAttention.o,135,0.09557142853736877,drift
wsc,transformer.decoder.block.6.layer.0.SelfAttention.o,135,0.435131698846817,tot
wsc,transformer.decoder.block.6.layer.0.SelfAttention.o,135,-0.2535685896873474,$\delta_\text{gsc}$
wsc,transformer.decoder.block.6.layer.0.SelfAttention.o,135,-0.07865646481513977,$\delta_\text{ssc}$
wsc,transformer.decoder.block.6.layer.1.EncDecAttention.q,136,0.08193852007389069,cross
wsc,transformer.decoder.block.6.layer.1.EncDecAttention.q,136,0.2567196786403656,corr
wsc,transformer.decoder.block.6.layer.1.EncDecAttention.q,136,0.08921505510807037,drift
wsc,transformer.decoder.block.6.layer.1.EncDecAttention.q,136,0.2918369472026825,tot
wsc,transformer.decoder.block.6.layer.1.EncDecAttention.q,136,-0.09544722735881805,$\delta_\text{gsc}$
wsc,transformer.decoder.block.6.layer.1.EncDecAttention.q,136,-0.04058907926082611,$\delta_\text{ssc}$
wsc,transformer.decoder.block.6.layer.1.EncDecAttention.k,137,0.25354060530662537,cross
wsc,transformer.decoder.block.6.layer.1.EncDecAttention.k,137,0.4364165663719177,corr
wsc,transformer.decoder.block.6.layer.1.EncDecAttention.k,137,0.40790191292762756,drift
wsc,transformer.decoder.block.6.layer.1.EncDecAttention.k,137,0.38820767402648926,tot
wsc,transformer.decoder.block.6.layer.1.EncDecAttention.k,137,-0.1842675805091858,$\delta_\text{gsc}$
wsc,transformer.decoder.block.6.layer.1.EncDecAttention.k,137,-0.5253838300704956,$\delta_\text{ssc}$
wsc,transformer.decoder.block.6.layer.1.EncDecAttention.v,138,0.26604631543159485,cross
wsc,transformer.decoder.block.6.layer.1.EncDecAttention.v,138,0.4669164717197418,corr
wsc,transformer.decoder.block.6.layer.1.EncDecAttention.v,138,0.4184817373752594,drift
wsc,transformer.decoder.block.6.layer.1.EncDecAttention.v,138,0.4358390271663666,tot
wsc,transformer.decoder.block.6.layer.1.EncDecAttention.v,138,-0.2211439609527588,$\delta_\text{gsc}$
wsc,transformer.decoder.block.6.layer.1.EncDecAttention.v,138,-0.4944615364074707,$\delta_\text{ssc}$
wsc,transformer.decoder.block.6.layer.1.EncDecAttention.o,139,0.2542541027069092,cross
wsc,transformer.decoder.block.6.layer.1.EncDecAttention.o,139,0.33894386887550354,corr
wsc,transformer.decoder.block.6.layer.1.EncDecAttention.o,139,0.15246714651584625,drift
wsc,transformer.decoder.block.6.layer.1.EncDecAttention.o,139,0.44493064284324646,tot
wsc,transformer.decoder.block.6.layer.1.EncDecAttention.o,139,-0.19578826427459717,$\delta_\text{gsc}$
wsc,transformer.decoder.block.6.layer.1.EncDecAttention.o,139,-0.10494621098041534,$\delta_\text{ssc}$
wsc,transformer.decoder.block.6.layer.2.DenseReluDense.wi,140,0.1046314463019371,cross
wsc,transformer.decoder.block.6.layer.2.DenseReluDense.wi,140,0.4207759201526642,corr
wsc,transformer.decoder.block.6.layer.2.DenseReluDense.wi,140,0.13525913655757904,drift
wsc,transformer.decoder.block.6.layer.2.DenseReluDense.wi,140,0.42820316553115845,tot
wsc,transformer.decoder.block.6.layer.2.DenseReluDense.wi,140,-0.12109985947608948,$\delta_\text{gsc}$
wsc,transformer.decoder.block.6.layer.2.DenseReluDense.wi,140,-0.111363485455513,$\delta_\text{ssc}$
wsc,transformer.decoder.block.6.layer.2.DenseReluDense.wo,141,0.2726645767688751,cross
wsc,transformer.decoder.block.6.layer.2.DenseReluDense.wo,141,0.35140541195869446,corr
wsc,transformer.decoder.block.6.layer.2.DenseReluDense.wo,141,0.14902126789093018,drift
wsc,transformer.decoder.block.6.layer.2.DenseReluDense.wo,141,0.3614766299724579,tot
wsc,transformer.decoder.block.6.layer.2.DenseReluDense.wo,141,-0.3222544491291046,$\delta_\text{gsc}$
wsc,transformer.decoder.block.6.layer.2.DenseReluDense.wo,141,-0.08936017751693726,$\delta_\text{ssc}$
wsc,transformer.decoder.block.7.layer.0.SelfAttention.q,142,0.0669940710067749,cross
wsc,transformer.decoder.block.7.layer.0.SelfAttention.q,142,0.12352990359067917,corr
wsc,transformer.decoder.block.7.layer.0.SelfAttention.q,142,0.28498706221580505,drift
wsc,transformer.decoder.block.7.layer.0.SelfAttention.q,142,0.30869725346565247,tot
wsc,transformer.decoder.block.7.layer.0.SelfAttention.q,142,-0.0780344009399414,$\delta_\text{gsc}$
wsc,transformer.decoder.block.7.layer.0.SelfAttention.q,142,-0.08877938985824585,$\delta_\text{ssc}$
wsc,transformer.decoder.block.7.layer.0.SelfAttention.k,143,0.11018506437540054,cross
wsc,transformer.decoder.block.7.layer.0.SelfAttention.k,143,0.11819374561309814,corr
wsc,transformer.decoder.block.7.layer.0.SelfAttention.k,143,0.2851368188858032,drift
wsc,transformer.decoder.block.7.layer.0.SelfAttention.k,143,0.315527081489563,tot
wsc,transformer.decoder.block.7.layer.0.SelfAttention.k,143,-0.11224940419197083,$\delta_\text{gsc}$
wsc,transformer.decoder.block.7.layer.0.SelfAttention.k,143,-0.0857391357421875,$\delta_\text{ssc}$
wsc,transformer.decoder.block.7.layer.0.SelfAttention.v,144,0.1243615373969078,cross
wsc,transformer.decoder.block.7.layer.0.SelfAttention.v,144,0.4805021286010742,corr
wsc,transformer.decoder.block.7.layer.0.SelfAttention.v,144,0.14588820934295654,drift
wsc,transformer.decoder.block.7.layer.0.SelfAttention.v,144,0.48655152320861816,tot
wsc,transformer.decoder.block.7.layer.0.SelfAttention.v,144,-0.12309879064559937,$\delta_\text{gsc}$
wsc,transformer.decoder.block.7.layer.0.SelfAttention.v,144,-0.14110156893730164,$\delta_\text{ssc}$
wsc,transformer.decoder.block.7.layer.0.SelfAttention.o,145,0.26149293780326843,cross
wsc,transformer.decoder.block.7.layer.0.SelfAttention.o,145,0.4300909638404846,corr
wsc,transformer.decoder.block.7.layer.0.SelfAttention.o,145,0.10159330070018768,drift
wsc,transformer.decoder.block.7.layer.0.SelfAttention.o,145,0.4694637060165405,tot
wsc,transformer.decoder.block.7.layer.0.SelfAttention.o,145,-0.24174359440803528,$\delta_\text{gsc}$
wsc,transformer.decoder.block.7.layer.0.SelfAttention.o,145,-0.08196990191936493,$\delta_\text{ssc}$
wsc,transformer.decoder.block.7.layer.1.EncDecAttention.q,146,0.08676180988550186,cross
wsc,transformer.decoder.block.7.layer.1.EncDecAttention.q,146,0.32633501291275024,corr
wsc,transformer.decoder.block.7.layer.1.EncDecAttention.q,146,0.09875806421041489,drift
wsc,transformer.decoder.block.7.layer.1.EncDecAttention.q,146,0.36104816198349,tot
wsc,transformer.decoder.block.7.layer.1.EncDecAttention.q,146,-0.09440430998802185,$\delta_\text{gsc}$
wsc,transformer.decoder.block.7.layer.1.EncDecAttention.q,146,-0.056402407586574554,$\delta_\text{ssc}$
wsc,transformer.decoder.block.7.layer.1.EncDecAttention.k,147,0.34185469150543213,cross
wsc,transformer.decoder.block.7.layer.1.EncDecAttention.k,147,0.4254879951477051,corr
wsc,transformer.decoder.block.7.layer.1.EncDecAttention.k,147,0.40369713306427,drift
wsc,transformer.decoder.block.7.layer.1.EncDecAttention.k,147,0.3953927755355835,tot
wsc,transformer.decoder.block.7.layer.1.EncDecAttention.k,147,-0.22042816877365112,$\delta_\text{gsc}$
wsc,transformer.decoder.block.7.layer.1.EncDecAttention.k,147,-0.5552188754081726,$\delta_\text{ssc}$
wsc,transformer.decoder.block.7.layer.1.EncDecAttention.v,148,0.23543831706047058,cross
wsc,transformer.decoder.block.7.layer.1.EncDecAttention.v,148,0.47011125087738037,corr
wsc,transformer.decoder.block.7.layer.1.EncDecAttention.v,148,0.41568735241889954,drift
wsc,transformer.decoder.block.7.layer.1.EncDecAttention.v,148,0.4502270221710205,tot
wsc,transformer.decoder.block.7.layer.1.EncDecAttention.v,148,-0.18981105089187622,$\delta_\text{gsc}$
wsc,transformer.decoder.block.7.layer.1.EncDecAttention.v,148,-0.48119884729385376,$\delta_\text{ssc}$
wsc,transformer.decoder.block.7.layer.1.EncDecAttention.o,149,0.24454930424690247,cross
wsc,transformer.decoder.block.7.layer.1.EncDecAttention.o,149,0.24847102165222168,corr
wsc,transformer.decoder.block.7.layer.1.EncDecAttention.o,149,0.16177232563495636,drift
wsc,transformer.decoder.block.7.layer.1.EncDecAttention.o,149,0.4076513946056366,tot
wsc,transformer.decoder.block.7.layer.1.EncDecAttention.o,149,-0.15888112783432007,$\delta_\text{gsc}$
wsc,transformer.decoder.block.7.layer.1.EncDecAttention.o,149,-0.08826012909412384,$\delta_\text{ssc}$
wsc,transformer.decoder.block.7.layer.2.DenseReluDense.wi,150,0.10300640016794205,cross
wsc,transformer.decoder.block.7.layer.2.DenseReluDense.wi,150,0.42333516478538513,corr
wsc,transformer.decoder.block.7.layer.2.DenseReluDense.wi,150,0.1910678595304489,drift
wsc,transformer.decoder.block.7.layer.2.DenseReluDense.wi,150,0.45711246132850647,tot
wsc,transformer.decoder.block.7.layer.2.DenseReluDense.wi,150,-0.0996796190738678,$\delta_\text{gsc}$
wsc,transformer.decoder.block.7.layer.2.DenseReluDense.wi,150,-0.16061733663082123,$\delta_\text{ssc}$
wsc,transformer.decoder.block.7.layer.2.DenseReluDense.wo,151,0.3149494528770447,cross
wsc,transformer.decoder.block.7.layer.2.DenseReluDense.wo,151,0.3863696753978729,corr
wsc,transformer.decoder.block.7.layer.2.DenseReluDense.wo,151,0.14237026870250702,drift
wsc,transformer.decoder.block.7.layer.2.DenseReluDense.wo,151,0.41679292917251587,tot
wsc,transformer.decoder.block.7.layer.2.DenseReluDense.wo,151,-0.318615585565567,$\delta_\text{gsc}$
wsc,transformer.decoder.block.7.layer.2.DenseReluDense.wo,151,-0.10828088223934174,$\delta_\text{ssc}$
wsc,transformer.decoder.block.8.layer.0.SelfAttention.q,152,0.06170804053544998,cross
wsc,transformer.decoder.block.8.layer.0.SelfAttention.q,152,0.07472245395183563,corr
wsc,transformer.decoder.block.8.layer.0.SelfAttention.q,152,0.32446250319480896,drift
wsc,transformer.decoder.block.8.layer.0.SelfAttention.q,152,0.3311355710029602,tot
wsc,transformer.decoder.block.8.layer.0.SelfAttention.q,152,-0.07651382684707642,$\delta_\text{gsc}$
wsc,transformer.decoder.block.8.layer.0.SelfAttention.q,152,-0.05324360728263855,$\delta_\text{ssc}$
wsc,transformer.decoder.block.8.layer.0.SelfAttention.k,153,0.13958406448364258,cross
wsc,transformer.decoder.block.8.layer.0.SelfAttention.k,153,0.053192246705293655,corr
wsc,transformer.decoder.block.8.layer.0.SelfAttention.k,153,0.330655962228775,drift
wsc,transformer.decoder.block.8.layer.0.SelfAttention.k,153,0.34987202286720276,tot
wsc,transformer.decoder.block.8.layer.0.SelfAttention.k,153,-0.137237548828125,$\delta_\text{gsc}$
wsc,transformer.decoder.block.8.layer.0.SelfAttention.k,153,-0.036322712898254395,$\delta_\text{ssc}$
wsc,transformer.decoder.block.8.layer.0.SelfAttention.v,154,0.13026581704616547,cross
wsc,transformer.decoder.block.8.layer.0.SelfAttention.v,154,0.4643455147743225,corr
wsc,transformer.decoder.block.8.layer.0.SelfAttention.v,154,0.1424487680196762,drift
wsc,transformer.decoder.block.8.layer.0.SelfAttention.v,154,0.48079878091812134,tot
wsc,transformer.decoder.block.8.layer.0.SelfAttention.v,154,-0.12269905209541321,$\delta_\text{gsc}$
wsc,transformer.decoder.block.8.layer.0.SelfAttention.v,154,-0.13356228172779083,$\delta_\text{ssc}$
wsc,transformer.decoder.block.8.layer.0.SelfAttention.o,155,0.31016263365745544,cross
wsc,transformer.decoder.block.8.layer.0.SelfAttention.o,155,0.4314631521701813,corr
wsc,transformer.decoder.block.8.layer.0.SelfAttention.o,155,0.08836335688829422,drift
wsc,transformer.decoder.block.8.layer.0.SelfAttention.o,155,0.48145395517349243,tot
wsc,transformer.decoder.block.8.layer.0.SelfAttention.o,155,-0.26346394419670105,$\delta_\text{gsc}$
wsc,transformer.decoder.block.8.layer.0.SelfAttention.o,155,-0.08507124334573746,$\delta_\text{ssc}$
wsc,transformer.decoder.block.8.layer.1.EncDecAttention.q,156,0.11928108334541321,cross
wsc,transformer.decoder.block.8.layer.1.EncDecAttention.q,156,0.3630494773387909,corr
wsc,transformer.decoder.block.8.layer.1.EncDecAttention.q,156,0.08847793936729431,drift
wsc,transformer.decoder.block.8.layer.1.EncDecAttention.q,156,0.3909321129322052,tot
wsc,transformer.decoder.block.8.layer.1.EncDecAttention.q,156,-0.129233717918396,$\delta_\text{gsc}$
wsc,transformer.decoder.block.8.layer.1.EncDecAttention.q,156,-0.05064266920089722,$\delta_\text{ssc}$
wsc,transformer.decoder.block.8.layer.1.EncDecAttention.k,157,0.29969361424446106,cross
wsc,transformer.decoder.block.8.layer.1.EncDecAttention.k,157,0.4353572726249695,corr
wsc,transformer.decoder.block.8.layer.1.EncDecAttention.k,157,0.40000417828559875,drift
wsc,transformer.decoder.block.8.layer.1.EncDecAttention.k,157,0.4035159647464752,tot
wsc,transformer.decoder.block.8.layer.1.EncDecAttention.k,157,-0.2257796823978424,$\delta_\text{gsc}$
wsc,transformer.decoder.block.8.layer.1.EncDecAttention.k,157,-0.5057594180107117,$\delta_\text{ssc}$
wsc,transformer.decoder.block.8.layer.1.EncDecAttention.v,158,0.31583037972450256,cross
wsc,transformer.decoder.block.8.layer.1.EncDecAttention.v,158,0.4579737186431885,corr
wsc,transformer.decoder.block.8.layer.1.EncDecAttention.v,158,0.41042837500572205,drift
wsc,transformer.decoder.block.8.layer.1.EncDecAttention.v,158,0.44901415705680847,tot
wsc,transformer.decoder.block.8.layer.1.EncDecAttention.v,158,-0.2447751760482788,$\delta_\text{gsc}$
wsc,transformer.decoder.block.8.layer.1.EncDecAttention.v,158,-0.4904431402683258,$\delta_\text{ssc}$
wsc,transformer.decoder.block.8.layer.1.EncDecAttention.o,159,0.32847219705581665,cross
wsc,transformer.decoder.block.8.layer.1.EncDecAttention.o,159,0.2663603127002716,corr
wsc,transformer.decoder.block.8.layer.1.EncDecAttention.o,159,0.13776898384094238,drift
wsc,transformer.decoder.block.8.layer.1.EncDecAttention.o,159,0.4054614305496216,tot
wsc,transformer.decoder.block.8.layer.1.EncDecAttention.o,159,-0.16973501443862915,$\delta_\text{gsc}$
wsc,transformer.decoder.block.8.layer.1.EncDecAttention.o,159,-0.1574050486087799,$\delta_\text{ssc}$
wsc,transformer.decoder.block.8.layer.2.DenseReluDense.wi,160,0.19056062400341034,cross
wsc,transformer.decoder.block.8.layer.2.DenseReluDense.wi,160,0.4303750991821289,corr
wsc,transformer.decoder.block.8.layer.2.DenseReluDense.wi,160,0.13832224905490875,drift
wsc,transformer.decoder.block.8.layer.2.DenseReluDense.wi,160,0.4592639207839966,tot
wsc,transformer.decoder.block.8.layer.2.DenseReluDense.wi,160,-0.17913296818733215,$\delta_\text{gsc}$
wsc,transformer.decoder.block.8.layer.2.DenseReluDense.wi,160,-0.12086109817028046,$\delta_\text{ssc}$
wsc,transformer.decoder.block.8.layer.2.DenseReluDense.wo,161,0.33760568499565125,cross
wsc,transformer.decoder.block.8.layer.2.DenseReluDense.wo,161,0.45886915922164917,corr
wsc,transformer.decoder.block.8.layer.2.DenseReluDense.wo,161,0.0911816954612732,drift
wsc,transformer.decoder.block.8.layer.2.DenseReluDense.wo,161,0.47769707441329956,tot
wsc,transformer.decoder.block.8.layer.2.DenseReluDense.wo,161,-0.31443917751312256,$\delta_\text{gsc}$
wsc,transformer.decoder.block.8.layer.2.DenseReluDense.wo,161,-0.09552028775215149,$\delta_\text{ssc}$
wsc,transformer.decoder.block.9.layer.0.SelfAttention.q,162,0.04660111293196678,cross
wsc,transformer.decoder.block.9.layer.0.SelfAttention.q,162,0.07373087853193283,corr
wsc,transformer.decoder.block.9.layer.0.SelfAttention.q,162,0.3542848527431488,drift
wsc,transformer.decoder.block.9.layer.0.SelfAttention.q,162,0.37399402260780334,tot
wsc,transformer.decoder.block.9.layer.0.SelfAttention.q,162,-0.05148947238922119,$\delta_\text{gsc}$
wsc,transformer.decoder.block.9.layer.0.SelfAttention.q,162,-0.049133360385894775,$\delta_\text{ssc}$
wsc,transformer.decoder.block.9.layer.0.SelfAttention.k,163,0.13556718826293945,cross
wsc,transformer.decoder.block.9.layer.0.SelfAttention.k,163,0.06462276726961136,corr
wsc,transformer.decoder.block.9.layer.0.SelfAttention.k,163,0.354836106300354,drift
wsc,transformer.decoder.block.9.layer.0.SelfAttention.k,163,0.3878789246082306,tot
wsc,transformer.decoder.block.9.layer.0.SelfAttention.k,163,-0.12576588988304138,$\delta_\text{gsc}$
wsc,transformer.decoder.block.9.layer.0.SelfAttention.k,163,-0.041381239891052246,$\delta_\text{ssc}$
wsc,transformer.decoder.block.9.layer.0.SelfAttention.v,164,0.19804133474826813,cross
wsc,transformer.decoder.block.9.layer.0.SelfAttention.v,164,0.44735977053642273,corr
wsc,transformer.decoder.block.9.layer.0.SelfAttention.v,164,0.1530143767595291,drift
wsc,transformer.decoder.block.9.layer.0.SelfAttention.v,164,0.4743635654449463,tot
wsc,transformer.decoder.block.9.layer.0.SelfAttention.v,164,-0.17989450693130493,$\delta_\text{gsc}$
wsc,transformer.decoder.block.9.layer.0.SelfAttention.v,164,-0.14415739476680756,$\delta_\text{ssc}$
wsc,transformer.decoder.block.9.layer.0.SelfAttention.o,165,0.36718830466270447,cross
wsc,transformer.decoder.block.9.layer.0.SelfAttention.o,165,0.4351557791233063,corr
wsc,transformer.decoder.block.9.layer.0.SelfAttention.o,165,0.08174274116754532,drift
wsc,transformer.decoder.block.9.layer.0.SelfAttention.o,165,0.47529834508895874,tot
wsc,transformer.decoder.block.9.layer.0.SelfAttention.o,165,-0.3284268379211426,$\delta_\text{gsc}$
wsc,transformer.decoder.block.9.layer.0.SelfAttention.o,165,-0.08036164194345474,$\delta_\text{ssc}$
wsc,transformer.decoder.block.9.layer.1.EncDecAttention.q,166,0.20824246108531952,cross
wsc,transformer.decoder.block.9.layer.1.EncDecAttention.q,166,0.416313499212265,corr
wsc,transformer.decoder.block.9.layer.1.EncDecAttention.q,166,0.07920444756746292,drift
wsc,transformer.decoder.block.9.layer.1.EncDecAttention.q,166,0.43938714265823364,tot
wsc,transformer.decoder.block.9.layer.1.EncDecAttention.q,166,-0.20201079547405243,$\delta_\text{gsc}$
wsc,transformer.decoder.block.9.layer.1.EncDecAttention.q,166,-0.06236246973276138,$\delta_\text{ssc}$
wsc,transformer.decoder.block.9.layer.1.EncDecAttention.k,167,0.29780295491218567,cross
wsc,transformer.decoder.block.9.layer.1.EncDecAttention.k,167,0.41508400440216064,corr
wsc,transformer.decoder.block.9.layer.1.EncDecAttention.k,167,0.3971475660800934,drift
wsc,transformer.decoder.block.9.layer.1.EncDecAttention.k,167,0.36577165126800537,tot
wsc,transformer.decoder.block.9.layer.1.EncDecAttention.k,167,-0.2097839117050171,$\delta_\text{gsc}$
wsc,transformer.decoder.block.9.layer.1.EncDecAttention.k,167,-0.5344789624214172,$\delta_\text{ssc}$
wsc,transformer.decoder.block.9.layer.1.EncDecAttention.v,168,0.2797800302505493,cross
wsc,transformer.decoder.block.9.layer.1.EncDecAttention.v,168,0.45169422030448914,corr
wsc,transformer.decoder.block.9.layer.1.EncDecAttention.v,168,0.4085644483566284,drift
wsc,transformer.decoder.block.9.layer.1.EncDecAttention.v,168,0.4312676191329956,tot
wsc,transformer.decoder.block.9.layer.1.EncDecAttention.v,168,-0.21438154578208923,$\delta_\text{gsc}$
wsc,transformer.decoder.block.9.layer.1.EncDecAttention.v,168,-0.49438953399658203,$\delta_\text{ssc}$
wsc,transformer.decoder.block.9.layer.1.EncDecAttention.o,169,0.27586260437965393,cross
wsc,transformer.decoder.block.9.layer.1.EncDecAttention.o,169,0.09411568939685822,corr
wsc,transformer.decoder.block.9.layer.1.EncDecAttention.o,169,0.1348816305398941,drift
wsc,transformer.decoder.block.9.layer.1.EncDecAttention.o,169,0.31058958172798157,tot
wsc,transformer.decoder.block.9.layer.1.EncDecAttention.o,169,-0.09100738167762756,$\delta_\text{gsc}$
wsc,transformer.decoder.block.9.layer.1.EncDecAttention.o,169,-0.10326296091079712,$\delta_\text{ssc}$
wsc,transformer.decoder.block.9.layer.2.DenseReluDense.wi,170,0.22020339965820312,cross
wsc,transformer.decoder.block.9.layer.2.DenseReluDense.wi,170,0.4062871038913727,corr
wsc,transformer.decoder.block.9.layer.2.DenseReluDense.wi,170,0.12661971151828766,drift
wsc,transformer.decoder.block.9.layer.2.DenseReluDense.wi,170,0.4729088544845581,tot
wsc,transformer.decoder.block.9.layer.2.DenseReluDense.wi,170,-0.17291158437728882,$\delta_\text{gsc}$
wsc,transformer.decoder.block.9.layer.2.DenseReluDense.wi,170,-0.10728977620601654,$\delta_\text{ssc}$
wsc,transformer.decoder.block.9.layer.2.DenseReluDense.wo,171,0.3354087173938751,cross
wsc,transformer.decoder.block.9.layer.2.DenseReluDense.wo,171,0.41096237301826477,corr
wsc,transformer.decoder.block.9.layer.2.DenseReluDense.wo,171,0.09314586967229843,drift
wsc,transformer.decoder.block.9.layer.2.DenseReluDense.wo,171,0.4664013087749481,tot
wsc,transformer.decoder.block.9.layer.2.DenseReluDense.wo,171,-0.28510695695877075,$\delta_\text{gsc}$
wsc,transformer.decoder.block.9.layer.2.DenseReluDense.wo,171,-0.08800869435071945,$\delta_\text{ssc}$
wsc,transformer.decoder.block.10.layer.0.SelfAttention.q,172,0.038063813000917435,cross
wsc,transformer.decoder.block.10.layer.0.SelfAttention.q,172,0.061830632388591766,corr
wsc,transformer.decoder.block.10.layer.0.SelfAttention.q,172,0.3845936059951782,drift
wsc,transformer.decoder.block.10.layer.0.SelfAttention.q,172,0.3808267414569855,tot
wsc,transformer.decoder.block.10.layer.0.SelfAttention.q,172,-0.04961547255516052,$\delta_\text{gsc}$
wsc,transformer.decoder.block.10.layer.0.SelfAttention.q,172,-0.05404585599899292,$\delta_\text{ssc}$
wsc,transformer.decoder.block.10.layer.0.SelfAttention.k,173,0.15933319926261902,cross
wsc,transformer.decoder.block.10.layer.0.SelfAttention.k,173,0.04705206677317619,corr
wsc,transformer.decoder.block.10.layer.0.SelfAttention.k,173,0.38006627559661865,drift
wsc,transformer.decoder.block.10.layer.0.SelfAttention.k,173,0.3956519663333893,tot
wsc,transformer.decoder.block.10.layer.0.SelfAttention.k,173,-0.15142974257469177,$\delta_\text{gsc}$
wsc,transformer.decoder.block.10.layer.0.SelfAttention.k,173,-0.039369821548461914,$\delta_\text{ssc}$
wsc,transformer.decoder.block.10.layer.0.SelfAttention.v,174,0.26113271713256836,cross
wsc,transformer.decoder.block.10.layer.0.SelfAttention.v,174,0.39086320996284485,corr
wsc,transformer.decoder.block.10.layer.0.SelfAttention.v,174,0.1377817839384079,drift
wsc,transformer.decoder.block.10.layer.0.SelfAttention.v,174,0.4618930518627167,tot
wsc,transformer.decoder.block.10.layer.0.SelfAttention.v,174,-0.2007746398448944,$\delta_\text{gsc}$
wsc,transformer.decoder.block.10.layer.0.SelfAttention.v,174,-0.12711001932621002,$\delta_\text{ssc}$
wsc,transformer.decoder.block.10.layer.0.SelfAttention.o,175,0.33234596252441406,cross
wsc,transformer.decoder.block.10.layer.0.SelfAttention.o,175,0.30160680413246155,corr
wsc,transformer.decoder.block.10.layer.0.SelfAttention.o,175,0.09601249545812607,drift
wsc,transformer.decoder.block.10.layer.0.SelfAttention.o,175,0.4187318682670593,tot
wsc,transformer.decoder.block.10.layer.0.SelfAttention.o,175,-0.21228912472724915,$\delta_\text{gsc}$
wsc,transformer.decoder.block.10.layer.0.SelfAttention.o,175,-0.0989442691206932,$\delta_\text{ssc}$
wsc,transformer.decoder.block.10.layer.1.EncDecAttention.q,176,0.24323563277721405,cross
wsc,transformer.decoder.block.10.layer.1.EncDecAttention.q,176,0.3780577778816223,corr
wsc,transformer.decoder.block.10.layer.1.EncDecAttention.q,176,0.07953988760709763,drift
wsc,transformer.decoder.block.10.layer.1.EncDecAttention.q,176,0.45952075719833374,tot
wsc,transformer.decoder.block.10.layer.1.EncDecAttention.q,176,-0.1838902086019516,$\delta_\text{gsc}$
wsc,transformer.decoder.block.10.layer.1.EncDecAttention.q,176,-0.05742233246564865,$\delta_\text{ssc}$
wsc,transformer.decoder.block.10.layer.1.EncDecAttention.k,177,0.3552967309951782,cross
wsc,transformer.decoder.block.10.layer.1.EncDecAttention.k,177,0.4253216087818146,corr
wsc,transformer.decoder.block.10.layer.1.EncDecAttention.k,177,0.39862242341041565,drift
wsc,transformer.decoder.block.10.layer.1.EncDecAttention.k,177,0.40874388813972473,tot
wsc,transformer.decoder.block.10.layer.1.EncDecAttention.k,177,-0.24097177386283875,$\delta_\text{gsc}$
wsc,transformer.decoder.block.10.layer.1.EncDecAttention.k,177,-0.529525101184845,$\delta_\text{ssc}$
wsc,transformer.decoder.block.10.layer.1.EncDecAttention.v,178,0.3329497277736664,cross
wsc,transformer.decoder.block.10.layer.1.EncDecAttention.v,178,0.44340789318084717,corr
wsc,transformer.decoder.block.10.layer.1.EncDecAttention.v,178,0.40153786540031433,drift
wsc,transformer.decoder.block.10.layer.1.EncDecAttention.v,178,0.37377434968948364,tot
wsc,transformer.decoder.block.10.layer.1.EncDecAttention.v,178,-0.315364271402359,$\delta_\text{gsc}$
wsc,transformer.decoder.block.10.layer.1.EncDecAttention.v,178,-0.48875686526298523,$\delta_\text{ssc}$
wsc,transformer.decoder.block.10.layer.1.EncDecAttention.o,179,0.2736518681049347,cross
wsc,transformer.decoder.block.10.layer.1.EncDecAttention.o,179,0.11282174289226532,corr
wsc,transformer.decoder.block.10.layer.1.EncDecAttention.o,179,0.18097934126853943,drift
wsc,transformer.decoder.block.10.layer.1.EncDecAttention.o,179,0.3348264992237091,tot
wsc,transformer.decoder.block.10.layer.1.EncDecAttention.o,179,-0.08002683520317078,$\delta_\text{gsc}$
wsc,transformer.decoder.block.10.layer.1.EncDecAttention.o,179,-0.15259961783885956,$\delta_\text{ssc}$
wsc,transformer.decoder.block.10.layer.2.DenseReluDense.wi,180,0.27831459045410156,cross
wsc,transformer.decoder.block.10.layer.2.DenseReluDense.wi,180,0.36699149012565613,corr
wsc,transformer.decoder.block.10.layer.2.DenseReluDense.wi,180,0.10913783311843872,drift
wsc,transformer.decoder.block.10.layer.2.DenseReluDense.wi,180,0.45999079942703247,tot
wsc,transformer.decoder.block.10.layer.2.DenseReluDense.wi,180,-0.20515671372413635,$\delta_\text{gsc}$
wsc,transformer.decoder.block.10.layer.2.DenseReluDense.wi,180,-0.08929640054702759,$\delta_\text{ssc}$
wsc,transformer.decoder.block.10.layer.2.DenseReluDense.wo,181,0.3235403299331665,cross
wsc,transformer.decoder.block.10.layer.2.DenseReluDense.wo,181,0.3296037018299103,corr
wsc,transformer.decoder.block.10.layer.2.DenseReluDense.wo,181,0.11570118367671967,drift
wsc,transformer.decoder.block.10.layer.2.DenseReluDense.wo,181,0.4508053660392761,tot
wsc,transformer.decoder.block.10.layer.2.DenseReluDense.wo,181,-0.23884618282318115,$\delta_\text{gsc}$
wsc,transformer.decoder.block.10.layer.2.DenseReluDense.wo,181,-0.07919366657733917,$\delta_\text{ssc}$
wsc,transformer.decoder.block.11.layer.0.SelfAttention.q,182,0.04117356613278389,cross
wsc,transformer.decoder.block.11.layer.0.SelfAttention.q,182,0.07054629921913147,corr
wsc,transformer.decoder.block.11.layer.0.SelfAttention.q,182,0.3523329198360443,drift
wsc,transformer.decoder.block.11.layer.0.SelfAttention.q,182,0.37291407585144043,tot
wsc,transformer.decoder.block.11.layer.0.SelfAttention.q,182,-0.03741198778152466,$\delta_\text{gsc}$
wsc,transformer.decoder.block.11.layer.0.SelfAttention.q,182,-0.05372673273086548,$\delta_\text{ssc}$
wsc,transformer.decoder.block.11.layer.0.SelfAttention.k,183,0.19016240537166595,cross
wsc,transformer.decoder.block.11.layer.0.SelfAttention.k,183,0.05195987969636917,corr
wsc,transformer.decoder.block.11.layer.0.SelfAttention.k,183,0.35054105520248413,drift
wsc,transformer.decoder.block.11.layer.0.SelfAttention.k,183,0.4018724858760834,tot
wsc,transformer.decoder.block.11.layer.0.SelfAttention.k,183,-0.15530724823474884,$\delta_\text{gsc}$
wsc,transformer.decoder.block.11.layer.0.SelfAttention.k,183,-0.035483598709106445,$\delta_\text{ssc}$
wsc,transformer.decoder.block.11.layer.0.SelfAttention.v,184,0.3039398491382599,cross
wsc,transformer.decoder.block.11.layer.0.SelfAttention.v,184,0.34201309084892273,corr
wsc,transformer.decoder.block.11.layer.0.SelfAttention.v,184,0.11694827675819397,drift
wsc,transformer.decoder.block.11.layer.0.SelfAttention.v,184,0.4598097503185272,tot
wsc,transformer.decoder.block.11.layer.0.SelfAttention.v,184,-0.1976064145565033,$\delta_\text{gsc}$
wsc,transformer.decoder.block.11.layer.0.SelfAttention.v,184,-0.10548505187034607,$\delta_\text{ssc}$
wsc,transformer.decoder.block.11.layer.0.SelfAttention.o,185,0.33512166142463684,cross
wsc,transformer.decoder.block.11.layer.0.SelfAttention.o,185,0.2560174763202667,corr
wsc,transformer.decoder.block.11.layer.0.SelfAttention.o,185,0.0999792143702507,drift
wsc,transformer.decoder.block.11.layer.0.SelfAttention.o,185,0.4212733209133148,tot
wsc,transformer.decoder.block.11.layer.0.SelfAttention.o,185,-0.19103389978408813,$\delta_\text{gsc}$
wsc,transformer.decoder.block.11.layer.0.SelfAttention.o,185,-0.07881113141775131,$\delta_\text{ssc}$
wsc,transformer.decoder.block.11.layer.1.EncDecAttention.q,186,0.28280267119407654,cross
wsc,transformer.decoder.block.11.layer.1.EncDecAttention.q,186,0.3287566602230072,corr
wsc,transformer.decoder.block.11.layer.1.EncDecAttention.q,186,0.09144822508096695,drift
wsc,transformer.decoder.block.11.layer.1.EncDecAttention.q,186,0.45572277903556824,tot
wsc,transformer.decoder.block.11.layer.1.EncDecAttention.q,186,-0.1785752773284912,$\delta_\text{gsc}$
wsc,transformer.decoder.block.11.layer.1.EncDecAttention.q,186,-0.06870950013399124,$\delta_\text{ssc}$
wsc,transformer.decoder.block.11.layer.1.EncDecAttention.k,187,0.3246815800666809,cross
wsc,transformer.decoder.block.11.layer.1.EncDecAttention.k,187,0.40757235884666443,corr
wsc,transformer.decoder.block.11.layer.1.EncDecAttention.k,187,0.3961288332939148,drift
wsc,transformer.decoder.block.11.layer.1.EncDecAttention.k,187,0.41002193093299866,tot
wsc,transformer.decoder.block.11.layer.1.EncDecAttention.k,187,-0.16571351885795593,$\delta_\text{gsc}$
wsc,transformer.decoder.block.11.layer.1.EncDecAttention.k,187,-0.5526473522186279,$\delta_\text{ssc}$
wsc,transformer.decoder.block.11.layer.1.EncDecAttention.v,188,0.35111314058303833,cross
wsc,transformer.decoder.block.11.layer.1.EncDecAttention.v,188,0.4350942373275757,corr
wsc,transformer.decoder.block.11.layer.1.EncDecAttention.v,188,0.39740413427352905,drift
wsc,transformer.decoder.block.11.layer.1.EncDecAttention.v,188,0.3326854407787323,tot
wsc,transformer.decoder.block.11.layer.1.EncDecAttention.v,188,-0.34704867005348206,$\delta_\text{gsc}$
wsc,transformer.decoder.block.11.layer.1.EncDecAttention.v,188,-0.5038774013519287,$\delta_\text{ssc}$
wsc,transformer.decoder.block.11.layer.1.EncDecAttention.o,189,0.1798349916934967,cross
wsc,transformer.decoder.block.11.layer.1.EncDecAttention.o,189,0.05102765932679176,corr
wsc,transformer.decoder.block.11.layer.1.EncDecAttention.o,189,0.2747349143028259,drift
wsc,transformer.decoder.block.11.layer.1.EncDecAttention.o,189,0.36468055844306946,tot
wsc,transformer.decoder.block.11.layer.1.EncDecAttention.o,189,-0.08735591173171997,$\delta_\text{gsc}$
wsc,transformer.decoder.block.11.layer.1.EncDecAttention.o,189,-0.05356109142303467,$\delta_\text{ssc}$
wsc,transformer.decoder.block.11.layer.2.DenseReluDense.wi,190,0.2325633019208908,cross
wsc,transformer.decoder.block.11.layer.2.DenseReluDense.wi,190,0.3156096041202545,corr
wsc,transformer.decoder.block.11.layer.2.DenseReluDense.wi,190,0.1209663525223732,drift
wsc,transformer.decoder.block.11.layer.2.DenseReluDense.wi,190,0.4529845714569092,tot
wsc,transformer.decoder.block.11.layer.2.DenseReluDense.wi,190,-0.13147954642772675,$\delta_\text{gsc}$
wsc,transformer.decoder.block.11.layer.2.DenseReluDense.wi,190,-0.0846751406788826,$\delta_\text{ssc}$
wsc,transformer.decoder.block.11.layer.2.DenseReluDense.wo,191,0.32683369517326355,cross
wsc,transformer.decoder.block.11.layer.2.DenseReluDense.wo,191,0.18177862465381622,corr
wsc,transformer.decoder.block.11.layer.2.DenseReluDense.wo,191,0.09055770188570023,drift
wsc,transformer.decoder.block.11.layer.2.DenseReluDense.wo,191,0.4184914529323578,tot
wsc,transformer.decoder.block.11.layer.2.DenseReluDense.wo,191,-0.10070650279521942,$\delta_\text{gsc}$
wsc,transformer.decoder.block.11.layer.2.DenseReluDense.wo,191,-0.07997206598520279,$\delta_\text{ssc}$
wsc,transformer.lm_head,192,0.1312117576599121,cross
wsc,transformer.lm_head,192,0.16985158622264862,corr
wsc,transformer.lm_head,192,0.030407531186938286,drift
wsc,transformer.lm_head,192,0.1794763058423996,tot
wsc,transformer.lm_head,192,-0.13492880761623383,$\delta_\text{gsc}$
wsc,transformer.lm_head,192,-0.017065761610865593,$\delta_\text{ssc}$
winogrande,transformer.encoder.block.0.layer.0.SelfAttention.q,0,0.3827570974826813,cross
winogrande,transformer.encoder.block.0.layer.0.SelfAttention.q,0,0.3871692717075348,corr
winogrande,transformer.encoder.block.0.layer.0.SelfAttention.q,0,0.3583506941795349,drift
winogrande,transformer.encoder.block.0.layer.0.SelfAttention.q,0,0.36016061902046204,tot
winogrande,transformer.encoder.block.0.layer.0.SelfAttention.q,0,-0.22164925932884216,$\delta_\text{gsc}$
winogrande,transformer.encoder.block.0.layer.0.SelfAttention.q,0,-0.5464671850204468,$\delta_\text{ssc}$
winogrande,transformer.encoder.block.0.layer.0.SelfAttention.k,1,0.27513471245765686,cross
winogrande,transformer.encoder.block.0.layer.0.SelfAttention.k,1,0.38670507073402405,corr
winogrande,transformer.encoder.block.0.layer.0.SelfAttention.k,1,0.35500672459602356,drift
winogrande,transformer.encoder.block.0.layer.0.SelfAttention.k,1,0.3626613914966583,tot
winogrande,transformer.encoder.block.0.layer.0.SelfAttention.k,1,-0.12285134196281433,$\delta_\text{gsc}$
winogrande,transformer.encoder.block.0.layer.0.SelfAttention.k,1,-0.5313338041305542,$\delta_\text{ssc}$
winogrande,transformer.encoder.block.0.layer.0.SelfAttention.v,2,0.2851952612400055,cross
winogrande,transformer.encoder.block.0.layer.0.SelfAttention.v,2,0.3856872618198395,corr
winogrande,transformer.encoder.block.0.layer.0.SelfAttention.v,2,0.35617920756340027,drift
winogrande,transformer.encoder.block.0.layer.0.SelfAttention.v,2,0.30331456661224365,tot
winogrande,transformer.encoder.block.0.layer.0.SelfAttention.v,2,-0.18714354932308197,$\delta_\text{gsc}$
winogrande,transformer.encoder.block.0.layer.0.SelfAttention.v,2,-0.5366036295890808,$\delta_\text{ssc}$
winogrande,transformer.encoder.block.0.layer.0.SelfAttention.o,3,0.2271670401096344,cross
winogrande,transformer.encoder.block.0.layer.0.SelfAttention.o,3,0.2541276812553406,corr
winogrande,transformer.encoder.block.0.layer.0.SelfAttention.o,3,0.16031789779663086,drift
winogrande,transformer.encoder.block.0.layer.0.SelfAttention.o,3,0.16797737777233124,tot
winogrande,transformer.encoder.block.0.layer.0.SelfAttention.o,3,-0.24693122506141663,$\delta_\text{gsc}$
winogrande,transformer.encoder.block.0.layer.0.SelfAttention.o,3,-0.22670401632785797,$\delta_\text{ssc}$
winogrande,transformer.encoder.block.0.layer.1.DenseReluDense.wi,4,0.20778033137321472,cross
winogrande,transformer.encoder.block.0.layer.1.DenseReluDense.wi,4,0.34676551818847656,corr
winogrande,transformer.encoder.block.0.layer.1.DenseReluDense.wi,4,0.32345375418663025,drift
winogrande,transformer.encoder.block.0.layer.1.DenseReluDense.wi,4,0.1953771412372589,tot
winogrande,transformer.encoder.block.0.layer.1.DenseReluDense.wi,4,-0.16588637232780457,$\delta_\text{gsc}$
winogrande,transformer.encoder.block.0.layer.1.DenseReluDense.wi,4,-0.5167360901832581,$\delta_\text{ssc}$
winogrande,transformer.encoder.block.0.layer.1.DenseReluDense.wo,5,0.18399468064308167,cross
winogrande,transformer.encoder.block.0.layer.1.DenseReluDense.wo,5,0.36661702394485474,corr
winogrande,transformer.encoder.block.0.layer.1.DenseReluDense.wo,5,0.3492896556854248,drift
winogrande,transformer.encoder.block.0.layer.1.DenseReluDense.wo,5,0.20630425214767456,tot
winogrande,transformer.encoder.block.0.layer.1.DenseReluDense.wo,5,-0.13739052414894104,$\delta_\text{gsc}$
winogrande,transformer.encoder.block.0.layer.1.DenseReluDense.wo,5,-0.5562065839767456,$\delta_\text{ssc}$
winogrande,transformer.encoder.block.1.layer.0.SelfAttention.q,6,0.2734523415565491,cross
winogrande,transformer.encoder.block.1.layer.0.SelfAttention.q,6,0.41119885444641113,corr
winogrande,transformer.encoder.block.1.layer.0.SelfAttention.q,6,0.36958903074264526,drift
winogrande,transformer.encoder.block.1.layer.0.SelfAttention.q,6,0.2907114624977112,tot
winogrande,transformer.encoder.block.1.layer.0.SelfAttention.q,6,-0.23799973726272583,$\delta_\text{gsc}$
winogrande,transformer.encoder.block.1.layer.0.SelfAttention.q,6,-0.5255290269851685,$\delta_\text{ssc}$
winogrande,transformer.encoder.block.1.layer.0.SelfAttention.k,7,0.2979574203491211,cross
winogrande,transformer.encoder.block.1.layer.0.SelfAttention.k,7,0.42522668838500977,corr
winogrande,transformer.encoder.block.1.layer.0.SelfAttention.k,7,0.3692212998867035,drift
winogrande,transformer.encoder.block.1.layer.0.SelfAttention.k,7,0.34199413657188416,tot
winogrande,transformer.encoder.block.1.layer.0.SelfAttention.k,7,-0.2618361711502075,$\delta_\text{gsc}$
winogrande,transformer.encoder.block.1.layer.0.SelfAttention.k,7,-0.4885751008987427,$\delta_\text{ssc}$
winogrande,transformer.encoder.block.1.layer.0.SelfAttention.v,8,0.17942102253437042,cross
winogrande,transformer.encoder.block.1.layer.0.SelfAttention.v,8,0.4399023950099945,corr
winogrande,transformer.encoder.block.1.layer.0.SelfAttention.v,8,0.3699323236942291,drift
winogrande,transformer.encoder.block.1.layer.0.SelfAttention.v,8,0.3586901128292084,tot
winogrande,transformer.encoder.block.1.layer.0.SelfAttention.v,8,-0.17557506263256073,$\delta_\text{gsc}$
winogrande,transformer.encoder.block.1.layer.0.SelfAttention.v,8,-0.45499056577682495,$\delta_\text{ssc}$
winogrande,transformer.encoder.block.1.layer.0.SelfAttention.o,9,0.22547203302383423,cross
winogrande,transformer.encoder.block.1.layer.0.SelfAttention.o,9,0.3062196969985962,corr
winogrande,transformer.encoder.block.1.layer.0.SelfAttention.o,9,0.24611420929431915,drift
winogrande,transformer.encoder.block.1.layer.0.SelfAttention.o,9,0.20410118997097015,tot
winogrande,transformer.encoder.block.1.layer.0.SelfAttention.o,9,-0.26520586013793945,$\delta_\text{gsc}$
winogrande,transformer.encoder.block.1.layer.0.SelfAttention.o,9,-0.30849888920783997,$\delta_\text{ssc}$
winogrande,transformer.encoder.block.1.layer.1.DenseReluDense.wi,10,0.17167232930660248,cross
winogrande,transformer.encoder.block.1.layer.1.DenseReluDense.wi,10,0.30116719007492065,corr
winogrande,transformer.encoder.block.1.layer.1.DenseReluDense.wi,10,0.27278077602386475,drift
winogrande,transformer.encoder.block.1.layer.1.DenseReluDense.wi,10,0.1569221168756485,tot
winogrande,transformer.encoder.block.1.layer.1.DenseReluDense.wi,10,-0.1636900007724762,$\delta_\text{gsc}$
winogrande,transformer.encoder.block.1.layer.1.DenseReluDense.wi,10,-0.4250081777572632,$\delta_\text{ssc}$
winogrande,transformer.encoder.block.1.layer.1.DenseReluDense.wo,11,0.2469777762889862,cross
winogrande,transformer.encoder.block.1.layer.1.DenseReluDense.wo,11,0.3566570580005646,corr
winogrande,transformer.encoder.block.1.layer.1.DenseReluDense.wo,11,0.32133325934410095,drift
winogrande,transformer.encoder.block.1.layer.1.DenseReluDense.wo,11,0.22922924160957336,tot
winogrande,transformer.encoder.block.1.layer.1.DenseReluDense.wo,11,-0.2317255437374115,$\delta_\text{gsc}$
winogrande,transformer.encoder.block.1.layer.1.DenseReluDense.wo,11,-0.46401330828666687,$\delta_\text{ssc}$
winogrande,transformer.encoder.block.2.layer.0.SelfAttention.q,12,0.24822629988193512,cross
winogrande,transformer.encoder.block.2.layer.0.SelfAttention.q,12,0.42166998982429504,corr
winogrande,transformer.encoder.block.2.layer.0.SelfAttention.q,12,0.3732905983924866,drift
winogrande,transformer.encoder.block.2.layer.0.SelfAttention.q,12,0.26947763562202454,tot
winogrande,transformer.encoder.block.2.layer.0.SelfAttention.q,12,-0.2671438455581665,$\delta_\text{gsc}$
winogrande,transformer.encoder.block.2.layer.0.SelfAttention.q,12,-0.5065653920173645,$\delta_\text{ssc}$
winogrande,transformer.encoder.block.2.layer.0.SelfAttention.k,13,0.302040696144104,cross
winogrande,transformer.encoder.block.2.layer.0.SelfAttention.k,13,0.42431357502937317,corr
winogrande,transformer.encoder.block.2.layer.0.SelfAttention.k,13,0.3753262460231781,drift
winogrande,transformer.encoder.block.2.layer.0.SelfAttention.k,13,0.3513876497745514,tot
winogrande,transformer.encoder.block.2.layer.0.SelfAttention.k,13,-0.2552667260169983,$\delta_\text{gsc}$
winogrande,transformer.encoder.block.2.layer.0.SelfAttention.k,13,-0.4950261414051056,$\delta_\text{ssc}$
winogrande,transformer.encoder.block.2.layer.0.SelfAttention.v,14,0.2578127384185791,cross
winogrande,transformer.encoder.block.2.layer.0.SelfAttention.v,14,0.43655240535736084,corr
winogrande,transformer.encoder.block.2.layer.0.SelfAttention.v,14,0.37848106026649475,drift
winogrande,transformer.encoder.block.2.layer.0.SelfAttention.v,14,0.3341086208820343,tot
winogrande,transformer.encoder.block.2.layer.0.SelfAttention.v,14,-0.26841673254966736,$\delta_\text{gsc}$
winogrande,transformer.encoder.block.2.layer.0.SelfAttention.v,14,-0.47032085061073303,$\delta_\text{ssc}$
winogrande,transformer.encoder.block.2.layer.0.SelfAttention.o,15,0.22481819987297058,cross
winogrande,transformer.encoder.block.2.layer.0.SelfAttention.o,15,0.21477138996124268,corr
winogrande,transformer.encoder.block.2.layer.0.SelfAttention.o,15,0.15173999965190887,drift
winogrande,transformer.encoder.block.2.layer.0.SelfAttention.o,15,0.22291524708271027,tot
winogrande,transformer.encoder.block.2.layer.0.SelfAttention.o,15,-0.2358790636062622,$\delta_\text{gsc}$
winogrande,transformer.encoder.block.2.layer.0.SelfAttention.o,15,-0.13253527879714966,$\delta_\text{ssc}$
winogrande,transformer.encoder.block.2.layer.1.DenseReluDense.wi,16,0.1775147020816803,cross
winogrande,transformer.encoder.block.2.layer.1.DenseReluDense.wi,16,0.23602549731731415,corr
winogrande,transformer.encoder.block.2.layer.1.DenseReluDense.wi,16,0.2064637988805771,drift
winogrande,transformer.encoder.block.2.layer.1.DenseReluDense.wi,16,0.1671544909477234,tot
winogrande,transformer.encoder.block.2.layer.1.DenseReluDense.wi,16,-0.1456775963306427,$\delta_\text{gsc}$
winogrande,transformer.encoder.block.2.layer.1.DenseReluDense.wi,16,-0.30717191100120544,$\delta_\text{ssc}$
winogrande,transformer.encoder.block.2.layer.1.DenseReluDense.wo,17,0.18035365641117096,cross
winogrande,transformer.encoder.block.2.layer.1.DenseReluDense.wo,17,0.1738777458667755,corr
winogrande,transformer.encoder.block.2.layer.1.DenseReluDense.wo,17,0.07249052822589874,drift
winogrande,transformer.encoder.block.2.layer.1.DenseReluDense.wo,17,0.14490783214569092,tot
winogrande,transformer.encoder.block.2.layer.1.DenseReluDense.wo,17,-0.19671475887298584,$\delta_\text{gsc}$
winogrande,transformer.encoder.block.2.layer.1.DenseReluDense.wo,17,-0.08509933948516846,$\delta_\text{ssc}$
winogrande,transformer.encoder.block.3.layer.0.SelfAttention.q,18,0.2796914577484131,cross
winogrande,transformer.encoder.block.3.layer.0.SelfAttention.q,18,0.41120463609695435,corr
winogrande,transformer.encoder.block.3.layer.0.SelfAttention.q,18,0.36838534474372864,drift
winogrande,transformer.encoder.block.3.layer.0.SelfAttention.q,18,0.27350500226020813,tot
winogrande,transformer.encoder.block.3.layer.0.SelfAttention.q,18,-0.28161153197288513,$\delta_\text{gsc}$
winogrande,transformer.encoder.block.3.layer.0.SelfAttention.q,18,-0.5041649341583252,$\delta_\text{ssc}$
winogrande,transformer.encoder.block.3.layer.0.SelfAttention.k,19,0.293984979391098,cross
winogrande,transformer.encoder.block.3.layer.0.SelfAttention.k,19,0.39809516072273254,corr
winogrande,transformer.encoder.block.3.layer.0.SelfAttention.k,19,0.3640804588794708,drift
winogrande,transformer.encoder.block.3.layer.0.SelfAttention.k,19,0.3439069986343384,tot
winogrande,transformer.encoder.block.3.layer.0.SelfAttention.k,19,-0.19914254546165466,$\delta_\text{gsc}$
winogrande,transformer.encoder.block.3.layer.0.SelfAttention.k,19,-0.5131110548973083,$\delta_\text{ssc}$
winogrande,transformer.encoder.block.3.layer.0.SelfAttention.v,20,0.18399974703788757,cross
winogrande,transformer.encoder.block.3.layer.0.SelfAttention.v,20,0.4484124481678009,corr
winogrande,transformer.encoder.block.3.layer.0.SelfAttention.v,20,0.3631632626056671,drift
winogrande,transformer.encoder.block.3.layer.0.SelfAttention.v,20,0.3625393211841583,tot
winogrande,transformer.encoder.block.3.layer.0.SelfAttention.v,20,-0.21558725833892822,$\delta_\text{gsc}$
winogrande,transformer.encoder.block.3.layer.0.SelfAttention.v,20,-0.41744887828826904,$\delta_\text{ssc}$
winogrande,transformer.encoder.block.3.layer.0.SelfAttention.o,21,0.18686886131763458,cross
winogrande,transformer.encoder.block.3.layer.0.SelfAttention.o,21,0.23754137754440308,corr
winogrande,transformer.encoder.block.3.layer.0.SelfAttention.o,21,0.20340752601623535,drift
winogrande,transformer.encoder.block.3.layer.0.SelfAttention.o,21,0.2281542867422104,tot
winogrande,transformer.encoder.block.3.layer.0.SelfAttention.o,21,-0.18575419485569,$\delta_\text{gsc}$
winogrande,transformer.encoder.block.3.layer.0.SelfAttention.o,21,-0.21390928328037262,$\delta_\text{ssc}$
winogrande,transformer.encoder.block.3.layer.1.DenseReluDense.wi,22,0.1920938342809677,cross
winogrande,transformer.encoder.block.3.layer.1.DenseReluDense.wi,22,0.22445198893547058,corr
winogrande,transformer.encoder.block.3.layer.1.DenseReluDense.wi,22,0.19449713826179504,drift
winogrande,transformer.encoder.block.3.layer.1.DenseReluDense.wi,22,0.18975307047367096,tot
winogrande,transformer.encoder.block.3.layer.1.DenseReluDense.wi,22,-0.13349860906600952,$\delta_\text{gsc}$
winogrande,transformer.encoder.block.3.layer.1.DenseReluDense.wi,22,-0.28779128193855286,$\delta_\text{ssc}$
winogrande,transformer.encoder.block.3.layer.1.DenseReluDense.wo,23,0.1258292943239212,cross
winogrande,transformer.encoder.block.3.layer.1.DenseReluDense.wo,23,0.12645024061203003,corr
winogrande,transformer.encoder.block.3.layer.1.DenseReluDense.wo,23,0.03626374527812004,drift
winogrande,transformer.encoder.block.3.layer.1.DenseReluDense.wo,23,0.07656610757112503,tot
winogrande,transformer.encoder.block.3.layer.1.DenseReluDense.wo,23,-0.17445078492164612,$\delta_\text{gsc}$
winogrande,transformer.encoder.block.3.layer.1.DenseReluDense.wo,23,-0.03752639517188072,$\delta_\text{ssc}$
winogrande,transformer.encoder.block.4.layer.0.SelfAttention.q,24,0.342563658952713,cross
winogrande,transformer.encoder.block.4.layer.0.SelfAttention.q,24,0.40884894132614136,corr
winogrande,transformer.encoder.block.4.layer.0.SelfAttention.q,24,0.3633284568786621,drift
winogrande,transformer.encoder.block.4.layer.0.SelfAttention.q,24,0.32202470302581787,tot
winogrande,transformer.encoder.block.4.layer.0.SelfAttention.q,24,-0.3065241575241089,$\delta_\text{gsc}$
winogrande,transformer.encoder.block.4.layer.0.SelfAttention.q,24,-0.4861921966075897,$\delta_\text{ssc}$
winogrande,transformer.encoder.block.4.layer.0.SelfAttention.k,25,0.29829058051109314,cross
winogrande,transformer.encoder.block.4.layer.0.SelfAttention.k,25,0.37858685851097107,corr
winogrande,transformer.encoder.block.4.layer.0.SelfAttention.k,25,0.36351969838142395,drift
winogrande,transformer.encoder.block.4.layer.0.SelfAttention.k,25,0.3541852831840515,tot
winogrande,transformer.encoder.block.4.layer.0.SelfAttention.k,25,-0.14762356877326965,$\delta_\text{gsc}$
winogrande,transformer.encoder.block.4.layer.0.SelfAttention.k,25,-0.538588285446167,$\delta_\text{ssc}$
winogrande,transformer.encoder.block.4.layer.0.SelfAttention.v,26,0.26862847805023193,cross
winogrande,transformer.encoder.block.4.layer.0.SelfAttention.v,26,0.42380431294441223,corr
winogrande,transformer.encoder.block.4.layer.0.SelfAttention.v,26,0.3689105808734894,drift
winogrande,transformer.encoder.block.4.layer.0.SelfAttention.v,26,0.3322526514530182,tot
winogrande,transformer.encoder.block.4.layer.0.SelfAttention.v,26,-0.2618522047996521,$\delta_\text{gsc}$
winogrande,transformer.encoder.block.4.layer.0.SelfAttention.v,26,-0.46723851561546326,$\delta_\text{ssc}$
winogrande,transformer.encoder.block.4.layer.0.SelfAttention.o,27,0.20696648955345154,cross
winogrande,transformer.encoder.block.4.layer.0.SelfAttention.o,27,0.22000433504581451,corr
winogrande,transformer.encoder.block.4.layer.0.SelfAttention.o,27,0.1742076724767685,drift
winogrande,transformer.encoder.block.4.layer.0.SelfAttention.o,27,0.2484034299850464,tot
winogrande,transformer.encoder.block.4.layer.0.SelfAttention.o,27,-0.20189474523067474,$\delta_\text{gsc}$
winogrande,transformer.encoder.block.4.layer.0.SelfAttention.o,27,-0.15088032186031342,$\delta_\text{ssc}$
winogrande,transformer.encoder.block.4.layer.1.DenseReluDense.wi,28,0.1839807778596878,cross
winogrande,transformer.encoder.block.4.layer.1.DenseReluDense.wi,28,0.23196303844451904,corr
winogrande,transformer.encoder.block.4.layer.1.DenseReluDense.wi,28,0.19174963235855103,drift
winogrande,transformer.encoder.block.4.layer.1.DenseReluDense.wi,28,0.17939035594463348,tot
winogrande,transformer.encoder.block.4.layer.1.DenseReluDense.wi,28,-0.15520724654197693,$\delta_\text{gsc}$
winogrande,transformer.encoder.block.4.layer.1.DenseReluDense.wi,28,-0.27309584617614746,$\delta_\text{ssc}$
winogrande,transformer.encoder.block.4.layer.1.DenseReluDense.wo,29,0.10534937679767609,cross
winogrande,transformer.encoder.block.4.layer.1.DenseReluDense.wo,29,0.1036243662238121,corr
winogrande,transformer.encoder.block.4.layer.1.DenseReluDense.wo,29,0.022430822253227234,drift
winogrande,transformer.encoder.block.4.layer.1.DenseReluDense.wo,29,0.06530500948429108,tot
winogrande,transformer.encoder.block.4.layer.1.DenseReluDense.wo,29,-0.14288225769996643,$\delta_\text{gsc}$
winogrande,transformer.encoder.block.4.layer.1.DenseReluDense.wo,29,-0.02321729063987732,$\delta_\text{ssc}$
winogrande,transformer.encoder.block.5.layer.0.SelfAttention.q,30,0.25216540694236755,cross
winogrande,transformer.encoder.block.5.layer.0.SelfAttention.q,30,0.4258614778518677,corr
winogrande,transformer.encoder.block.5.layer.0.SelfAttention.q,30,0.36457332968711853,drift
winogrande,transformer.encoder.block.5.layer.0.SelfAttention.q,30,0.26400575041770935,tot
winogrande,transformer.encoder.block.5.layer.0.SelfAttention.q,30,-0.3160167336463928,$\delta_\text{gsc}$
winogrande,transformer.encoder.block.5.layer.0.SelfAttention.q,30,-0.4625777304172516,$\delta_\text{ssc}$
winogrande,transformer.encoder.block.5.layer.0.SelfAttention.k,31,0.2915053367614746,cross
winogrande,transformer.encoder.block.5.layer.0.SelfAttention.k,31,0.39332929253578186,corr
winogrande,transformer.encoder.block.5.layer.0.SelfAttention.k,31,0.36586683988571167,drift
winogrande,transformer.encoder.block.5.layer.0.SelfAttention.k,31,0.3654458522796631,tot
winogrande,transformer.encoder.block.5.layer.0.SelfAttention.k,31,-0.1735597550868988,$\delta_\text{gsc}$
winogrande,transformer.encoder.block.5.layer.0.SelfAttention.k,31,-0.5116958618164062,$\delta_\text{ssc}$
winogrande,transformer.encoder.block.5.layer.0.SelfAttention.v,32,0.24169930815696716,cross
winogrande,transformer.encoder.block.5.layer.0.SelfAttention.v,32,0.45711034536361694,corr
winogrande,transformer.encoder.block.5.layer.0.SelfAttention.v,32,0.3736860454082489,drift
winogrande,transformer.encoder.block.5.layer.0.SelfAttention.v,32,0.34770920872688293,tot
winogrande,transformer.encoder.block.5.layer.0.SelfAttention.v,32,-0.2993455231189728,$\delta_\text{gsc}$
winogrande,transformer.encoder.block.5.layer.0.SelfAttention.v,32,-0.4254409670829773,$\delta_\text{ssc}$
winogrande,transformer.encoder.block.5.layer.0.SelfAttention.o,33,0.27576759457588196,cross
winogrande,transformer.encoder.block.5.layer.0.SelfAttention.o,33,0.27911725640296936,corr
winogrande,transformer.encoder.block.5.layer.0.SelfAttention.o,33,0.1760457307100296,drift
winogrande,transformer.encoder.block.5.layer.0.SelfAttention.o,33,0.27034223079681396,tot
winogrande,transformer.encoder.block.5.layer.0.SelfAttention.o,33,-0.30581849813461304,$\delta_\text{gsc}$
winogrande,transformer.encoder.block.5.layer.0.SelfAttention.o,33,-0.15476985275745392,$\delta_\text{ssc}$
winogrande,transformer.encoder.block.5.layer.1.DenseReluDense.wi,34,0.19960246980190277,cross
winogrande,transformer.encoder.block.5.layer.1.DenseReluDense.wi,34,0.2540290653705597,corr
winogrande,transformer.encoder.block.5.layer.1.DenseReluDense.wi,34,0.19393475353717804,drift
winogrande,transformer.encoder.block.5.layer.1.DenseReluDense.wi,34,0.19002939760684967,tot
winogrande,transformer.encoder.block.5.layer.1.DenseReluDense.wi,34,-0.19138623774051666,$\delta_\text{gsc}$
winogrande,transformer.encoder.block.5.layer.1.DenseReluDense.wi,34,-0.26615065336227417,$\delta_\text{ssc}$
winogrande,transformer.encoder.block.5.layer.1.DenseReluDense.wo,35,0.200066938996315,cross
winogrande,transformer.encoder.block.5.layer.1.DenseReluDense.wo,35,0.21291489899158478,corr
winogrande,transformer.encoder.block.5.layer.1.DenseReluDense.wo,35,0.04791276156902313,drift
winogrande,transformer.encoder.block.5.layer.1.DenseReluDense.wo,35,0.13677316904067993,tot
winogrande,transformer.encoder.block.5.layer.1.DenseReluDense.wo,35,-0.2732504904270172,$\delta_\text{gsc}$
winogrande,transformer.encoder.block.5.layer.1.DenseReluDense.wo,35,-0.05087094008922577,$\delta_\text{ssc}$
winogrande,transformer.encoder.block.6.layer.0.SelfAttention.q,36,0.2849680185317993,cross
winogrande,transformer.encoder.block.6.layer.0.SelfAttention.q,36,0.4106810390949249,corr
winogrande,transformer.encoder.block.6.layer.0.SelfAttention.q,36,0.36251023411750793,drift
winogrande,transformer.encoder.block.6.layer.0.SelfAttention.q,36,0.3095443546772003,tot
winogrande,transformer.encoder.block.6.layer.0.SelfAttention.q,36,-0.28129202127456665,$\delta_\text{gsc}$
winogrande,transformer.encoder.block.6.layer.0.SelfAttention.q,36,-0.4673229157924652,$\delta_\text{ssc}$
winogrande,transformer.encoder.block.6.layer.0.SelfAttention.k,37,0.3099018335342407,cross
winogrande,transformer.encoder.block.6.layer.0.SelfAttention.k,37,0.37801143527030945,corr
winogrande,transformer.encoder.block.6.layer.0.SelfAttention.k,37,0.35833415389060974,drift
winogrande,transformer.encoder.block.6.layer.0.SelfAttention.k,37,0.33909788727760315,tot
winogrande,transformer.encoder.block.6.layer.0.SelfAttention.k,37,-0.2059355229139328,$\delta_\text{gsc}$
winogrande,transformer.encoder.block.6.layer.0.SelfAttention.k,37,-0.5012140274047852,$\delta_\text{ssc}$
winogrande,transformer.encoder.block.6.layer.0.SelfAttention.v,38,0.257255494594574,cross
winogrande,transformer.encoder.block.6.layer.0.SelfAttention.v,38,0.4516964852809906,corr
winogrande,transformer.encoder.block.6.layer.0.SelfAttention.v,38,0.3691689968109131,drift
winogrande,transformer.encoder.block.6.layer.0.SelfAttention.v,38,0.3579971492290497,tot
winogrande,transformer.encoder.block.6.layer.0.SelfAttention.v,38,-0.2993065118789673,$\delta_\text{gsc}$
winogrande,transformer.encoder.block.6.layer.0.SelfAttention.v,38,-0.4208173155784607,$\delta_\text{ssc}$
winogrande,transformer.encoder.block.6.layer.0.SelfAttention.o,39,0.24160411953926086,cross
winogrande,transformer.encoder.block.6.layer.0.SelfAttention.o,39,0.24907387793064117,corr
winogrande,transformer.encoder.block.6.layer.0.SelfAttention.o,39,0.16200895607471466,drift
winogrande,transformer.encoder.block.6.layer.0.SelfAttention.o,39,0.2640620470046997,tot
winogrande,transformer.encoder.block.6.layer.0.SelfAttention.o,39,-0.28233882784843445,$\delta_\text{gsc}$
winogrande,transformer.encoder.block.6.layer.0.SelfAttention.o,39,-0.10628607869148254,$\delta_\text{ssc}$
winogrande,transformer.encoder.block.6.layer.1.DenseReluDense.wi,40,0.19245882332324982,cross
winogrande,transformer.encoder.block.6.layer.1.DenseReluDense.wi,40,0.22246597707271576,corr
winogrande,transformer.encoder.block.6.layer.1.DenseReluDense.wi,40,0.19723734259605408,drift
winogrande,transformer.encoder.block.6.layer.1.DenseReluDense.wi,40,0.21690325438976288,tot
winogrande,transformer.encoder.block.6.layer.1.DenseReluDense.wi,40,-0.13080821931362152,$\delta_\text{gsc}$
winogrande,transformer.encoder.block.6.layer.1.DenseReluDense.wi,40,-0.26445066928863525,$\delta_\text{ssc}$
winogrande,transformer.encoder.block.6.layer.1.DenseReluDense.wo,41,0.2578548491001129,cross
winogrande,transformer.encoder.block.6.layer.1.DenseReluDense.wo,41,0.28149348497390747,corr
winogrande,transformer.encoder.block.6.layer.1.DenseReluDense.wo,41,0.07910700887441635,drift
winogrande,transformer.encoder.block.6.layer.1.DenseReluDense.wo,41,0.18660740554332733,tot
winogrande,transformer.encoder.block.6.layer.1.DenseReluDense.wo,41,-0.34508633613586426,$\delta_\text{gsc}$
winogrande,transformer.encoder.block.6.layer.1.DenseReluDense.wo,41,-0.08676161617040634,$\delta_\text{ssc}$
winogrande,transformer.encoder.block.7.layer.0.SelfAttention.q,42,0.27852457761764526,cross
winogrande,transformer.encoder.block.7.layer.0.SelfAttention.q,42,0.4282304644584656,corr
winogrande,transformer.encoder.block.7.layer.0.SelfAttention.q,42,0.3588393032550812,drift
winogrande,transformer.encoder.block.7.layer.0.SelfAttention.q,42,0.34177738428115845,tot
winogrande,transformer.encoder.block.7.layer.0.SelfAttention.q,42,-0.3126237690448761,$\delta_\text{gsc}$
winogrande,transformer.encoder.block.7.layer.0.SelfAttention.q,42,-0.41119319200515747,$\delta_\text{ssc}$
winogrande,transformer.encoder.block.7.layer.0.SelfAttention.k,43,0.3256928324699402,cross
winogrande,transformer.encoder.block.7.layer.0.SelfAttention.k,43,0.3837764859199524,corr
winogrande,transformer.encoder.block.7.layer.0.SelfAttention.k,43,0.34719428420066833,drift
winogrande,transformer.encoder.block.7.layer.0.SelfAttention.k,43,0.36866194009780884,tot
winogrande,transformer.encoder.block.7.layer.0.SelfAttention.k,43,-0.24697527289390564,$\delta_\text{gsc}$
winogrande,transformer.encoder.block.7.layer.0.SelfAttention.k,43,-0.44102638959884644,$\delta_\text{ssc}$
winogrande,transformer.encoder.block.7.layer.0.SelfAttention.v,44,0.25462809205055237,cross
winogrande,transformer.encoder.block.7.layer.0.SelfAttention.v,44,0.45117685198783875,corr
winogrande,transformer.encoder.block.7.layer.0.SelfAttention.v,44,0.35547590255737305,drift
winogrande,transformer.encoder.block.7.layer.0.SelfAttention.v,44,0.36664700508117676,tot
winogrande,transformer.encoder.block.7.layer.0.SelfAttention.v,44,-0.3017306327819824,$\delta_\text{gsc}$
winogrande,transformer.encoder.block.7.layer.0.SelfAttention.v,44,-0.392903208732605,$\delta_\text{ssc}$
winogrande,transformer.encoder.block.7.layer.0.SelfAttention.o,45,0.23218369483947754,cross
winogrande,transformer.encoder.block.7.layer.0.SelfAttention.o,45,0.23372769355773926,corr
winogrande,transformer.encoder.block.7.layer.0.SelfAttention.o,45,0.17012588679790497,drift
winogrande,transformer.encoder.block.7.layer.0.SelfAttention.o,45,0.29368650913238525,tot
winogrande,transformer.encoder.block.7.layer.0.SelfAttention.o,45,-0.23705127835273743,$\delta_\text{gsc}$
winogrande,transformer.encoder.block.7.layer.0.SelfAttention.o,45,-0.10529948770999908,$\delta_\text{ssc}$
winogrande,transformer.encoder.block.7.layer.1.DenseReluDense.wi,46,0.24199795722961426,cross
winogrande,transformer.encoder.block.7.layer.1.DenseReluDense.wi,46,0.2768813371658325,corr
winogrande,transformer.encoder.block.7.layer.1.DenseReluDense.wi,46,0.20857007801532745,drift
winogrande,transformer.encoder.block.7.layer.1.DenseReluDense.wi,46,0.21333375573158264,tot
winogrande,transformer.encoder.block.7.layer.1.DenseReluDense.wi,46,-0.2638181746006012,$\delta_\text{gsc}$
winogrande,transformer.encoder.block.7.layer.1.DenseReluDense.wi,46,-0.2502974271774292,$\delta_\text{ssc}$
winogrande,transformer.encoder.block.7.layer.1.DenseReluDense.wo,47,0.3506256341934204,cross
winogrande,transformer.encoder.block.7.layer.1.DenseReluDense.wo,47,0.40985918045043945,corr
winogrande,transformer.encoder.block.7.layer.1.DenseReluDense.wo,47,0.10236948728561401,drift
winogrande,transformer.encoder.block.7.layer.1.DenseReluDense.wo,47,0.38681429624557495,tot
winogrande,transformer.encoder.block.7.layer.1.DenseReluDense.wo,47,-0.38379475474357605,$\delta_\text{gsc}$
winogrande,transformer.encoder.block.7.layer.1.DenseReluDense.wo,47,-0.09224525094032288,$\delta_\text{ssc}$
winogrande,transformer.encoder.block.8.layer.0.SelfAttention.q,48,0.3425443768501282,cross
winogrande,transformer.encoder.block.8.layer.0.SelfAttention.q,48,0.409291535615921,corr
winogrande,transformer.encoder.block.8.layer.0.SelfAttention.q,48,0.3291073441505432,drift
winogrande,transformer.encoder.block.8.layer.0.SelfAttention.q,48,0.3583720028400421,tot
winogrande,transformer.encoder.block.8.layer.0.SelfAttention.q,48,-0.34075069427490234,$\delta_\text{gsc}$
winogrande,transformer.encoder.block.8.layer.0.SelfAttention.q,48,-0.38182055950164795,$\delta_\text{ssc}$
winogrande,transformer.encoder.block.8.layer.0.SelfAttention.k,49,0.3865053653717041,cross
winogrande,transformer.encoder.block.8.layer.0.SelfAttention.k,49,0.37017059326171875,corr
winogrande,transformer.encoder.block.8.layer.0.SelfAttention.k,49,0.3313537538051605,drift
winogrande,transformer.encoder.block.8.layer.0.SelfAttention.k,49,0.4031127691268921,tot
winogrande,transformer.encoder.block.8.layer.0.SelfAttention.k,49,-0.27137771248817444,$\delta_\text{gsc}$
winogrande,transformer.encoder.block.8.layer.0.SelfAttention.k,49,-0.41353923082351685,$\delta_\text{ssc}$
winogrande,transformer.encoder.block.8.layer.0.SelfAttention.v,50,0.2153812199831009,cross
winogrande,transformer.encoder.block.8.layer.0.SelfAttention.v,50,0.46314722299575806,corr
winogrande,transformer.encoder.block.8.layer.0.SelfAttention.v,50,0.32205039262771606,drift
winogrande,transformer.encoder.block.8.layer.0.SelfAttention.v,50,0.40062469244003296,tot
winogrande,transformer.encoder.block.8.layer.0.SelfAttention.v,50,-0.257907509803772,$\delta_\text{gsc}$
winogrande,transformer.encoder.block.8.layer.0.SelfAttention.v,50,-0.3420466184616089,$\delta_\text{ssc}$
winogrande,transformer.encoder.block.8.layer.0.SelfAttention.o,51,0.2966877818107605,cross
winogrande,transformer.encoder.block.8.layer.0.SelfAttention.o,51,0.2902372181415558,corr
winogrande,transformer.encoder.block.8.layer.0.SelfAttention.o,51,0.18360431492328644,drift
winogrande,transformer.encoder.block.8.layer.0.SelfAttention.o,51,0.3300638794898987,tot
winogrande,transformer.encoder.block.8.layer.0.SelfAttention.o,51,-0.2985294461250305,$\delta_\text{gsc}$
winogrande,transformer.encoder.block.8.layer.0.SelfAttention.o,51,-0.14193598926067352,$\delta_\text{ssc}$
winogrande,transformer.encoder.block.8.layer.1.DenseReluDense.wi,52,0.22971297800540924,cross
winogrande,transformer.encoder.block.8.layer.1.DenseReluDense.wi,52,0.23698201775550842,corr
winogrande,transformer.encoder.block.8.layer.1.DenseReluDense.wi,52,0.18349021673202515,drift
winogrande,transformer.encoder.block.8.layer.1.DenseReluDense.wi,52,0.22303472459316254,tot
winogrande,transformer.encoder.block.8.layer.1.DenseReluDense.wi,52,-0.20642398297786713,$\delta_\text{gsc}$
winogrande,transformer.encoder.block.8.layer.1.DenseReluDense.wi,52,-0.22072650492191315,$\delta_\text{ssc}$
winogrande,transformer.encoder.block.8.layer.1.DenseReluDense.wo,53,0.35195454955101013,cross
winogrande,transformer.encoder.block.8.layer.1.DenseReluDense.wo,53,0.42781057953834534,corr
winogrande,transformer.encoder.block.8.layer.1.DenseReluDense.wo,53,0.10618965327739716,drift
winogrande,transformer.encoder.block.8.layer.1.DenseReluDense.wo,53,0.43660640716552734,tot
winogrande,transformer.encoder.block.8.layer.1.DenseReluDense.wo,53,-0.3469173014163971,$\delta_\text{gsc}$
winogrande,transformer.encoder.block.8.layer.1.DenseReluDense.wo,53,-0.10243107378482819,$\delta_\text{ssc}$
winogrande,transformer.encoder.block.9.layer.0.SelfAttention.q,54,0.3312394320964813,cross
winogrande,transformer.encoder.block.9.layer.0.SelfAttention.q,54,0.35547810792922974,corr
winogrande,transformer.encoder.block.9.layer.0.SelfAttention.q,54,0.2768307030200958,drift
winogrande,transformer.encoder.block.9.layer.0.SelfAttention.q,54,0.3406490981578827,tot
winogrande,transformer.encoder.block.9.layer.0.SelfAttention.q,54,-0.28217917680740356,$\delta_\text{gsc}$
winogrande,transformer.encoder.block.9.layer.0.SelfAttention.q,54,-0.34071996808052063,$\delta_\text{ssc}$
winogrande,transformer.encoder.block.9.layer.0.SelfAttention.k,55,0.371626079082489,cross
winogrande,transformer.encoder.block.9.layer.0.SelfAttention.k,55,0.33214059472084045,corr
winogrande,transformer.encoder.block.9.layer.0.SelfAttention.k,55,0.2761106789112091,drift
winogrande,transformer.encoder.block.9.layer.0.SelfAttention.k,55,0.37836843729019165,tot
winogrande,transformer.encoder.block.9.layer.0.SelfAttention.k,55,-0.24245239794254303,$\delta_\text{gsc}$
winogrande,transformer.encoder.block.9.layer.0.SelfAttention.k,55,-0.3590565323829651,$\delta_\text{ssc}$
winogrande,transformer.encoder.block.9.layer.0.SelfAttention.v,56,0.2234615534543991,cross
winogrande,transformer.encoder.block.9.layer.0.SelfAttention.v,56,0.4177604019641876,corr
winogrande,transformer.encoder.block.9.layer.0.SelfAttention.v,56,0.27996838092803955,drift
winogrande,transformer.encoder.block.9.layer.0.SelfAttention.v,56,0.37462732195854187,tot
winogrande,transformer.encoder.block.9.layer.0.SelfAttention.v,56,-0.23319895565509796,$\delta_\text{gsc}$
winogrande,transformer.encoder.block.9.layer.0.SelfAttention.v,56,-0.31336405873298645,$\delta_\text{ssc}$
winogrande,transformer.encoder.block.9.layer.0.SelfAttention.o,57,0.26954329013824463,cross
winogrande,transformer.encoder.block.9.layer.0.SelfAttention.o,57,0.24083781242370605,corr
winogrande,transformer.encoder.block.9.layer.0.SelfAttention.o,57,0.12751083076000214,drift
winogrande,transformer.encoder.block.9.layer.0.SelfAttention.o,57,0.30576881766319275,tot
winogrande,transformer.encoder.block.9.layer.0.SelfAttention.o,57,-0.2456803023815155,$\delta_\text{gsc}$
winogrande,transformer.encoder.block.9.layer.0.SelfAttention.o,57,-0.08644281327724457,$\delta_\text{ssc}$
winogrande,transformer.encoder.block.9.layer.1.DenseReluDense.wi,58,0.18599146604537964,cross
winogrande,transformer.encoder.block.9.layer.1.DenseReluDense.wi,58,0.18160635232925415,corr
winogrande,transformer.encoder.block.9.layer.1.DenseReluDense.wi,58,0.15450423955917358,drift
winogrande,transformer.encoder.block.9.layer.1.DenseReluDense.wi,58,0.21275971829891205,tot
winogrande,transformer.encoder.block.9.layer.1.DenseReluDense.wi,58,-0.1400010734796524,$\delta_\text{gsc}$
winogrande,transformer.encoder.block.9.layer.1.DenseReluDense.wi,58,-0.16934126615524292,$\delta_\text{ssc}$
winogrande,transformer.encoder.block.9.layer.1.DenseReluDense.wo,59,0.3522780239582062,cross
winogrande,transformer.encoder.block.9.layer.1.DenseReluDense.wo,59,0.46178752183914185,corr
winogrande,transformer.encoder.block.9.layer.1.DenseReluDense.wo,59,0.0837092325091362,drift
winogrande,transformer.encoder.block.9.layer.1.DenseReluDense.wo,59,0.45574748516082764,tot
winogrande,transformer.encoder.block.9.layer.1.DenseReluDense.wo,59,-0.3601456582546234,$\delta_\text{gsc}$
winogrande,transformer.encoder.block.9.layer.1.DenseReluDense.wo,59,-0.08188163489103317,$\delta_\text{ssc}$
winogrande,transformer.encoder.block.10.layer.0.SelfAttention.q,60,0.3783736228942871,cross
winogrande,transformer.encoder.block.10.layer.0.SelfAttention.q,60,0.35890820622444153,corr
winogrande,transformer.encoder.block.10.layer.0.SelfAttention.q,60,0.28190675377845764,drift
winogrande,transformer.encoder.block.10.layer.0.SelfAttention.q,60,0.39216774702072144,tot
winogrande,transformer.encoder.block.10.layer.0.SelfAttention.q,60,-0.29050302505493164,$\delta_\text{gsc}$
winogrande,transformer.encoder.block.10.layer.0.SelfAttention.q,60,-0.3365178108215332,$\delta_\text{ssc}$
winogrande,transformer.encoder.block.10.layer.0.SelfAttention.k,61,0.31772544980049133,cross
winogrande,transformer.encoder.block.10.layer.0.SelfAttention.k,61,0.3317338526248932,corr
winogrande,transformer.encoder.block.10.layer.0.SelfAttention.k,61,0.28076764941215515,drift
winogrande,transformer.encoder.block.10.layer.0.SelfAttention.k,61,0.37049180269241333,tot
winogrande,transformer.encoder.block.10.layer.0.SelfAttention.k,61,-0.20305544137954712,$\delta_\text{gsc}$
winogrande,transformer.encoder.block.10.layer.0.SelfAttention.k,61,-0.3566797077655792,$\delta_\text{ssc}$
winogrande,transformer.encoder.block.10.layer.0.SelfAttention.v,62,0.17724914848804474,cross
winogrande,transformer.encoder.block.10.layer.0.SelfAttention.v,62,0.4729268252849579,corr
winogrande,transformer.encoder.block.10.layer.0.SelfAttention.v,62,0.28083667159080505,drift
winogrande,transformer.encoder.block.10.layer.0.SelfAttention.v,62,0.4306062161922455,tot
winogrande,transformer.encoder.block.10.layer.0.SelfAttention.v,62,-0.20963409543037415,$\delta_\text{gsc}$
winogrande,transformer.encoder.block.10.layer.0.SelfAttention.v,62,-0.29077234864234924,$\delta_\text{ssc}$
winogrande,transformer.encoder.block.10.layer.0.SelfAttention.o,63,0.3625600039958954,cross
winogrande,transformer.encoder.block.10.layer.0.SelfAttention.o,63,0.2942555248737335,corr
winogrande,transformer.encoder.block.10.layer.0.SelfAttention.o,63,0.12863102555274963,drift
winogrande,transformer.encoder.block.10.layer.0.SelfAttention.o,63,0.37337595224380493,tot
winogrande,transformer.encoder.block.10.layer.0.SelfAttention.o,63,-0.3345560133457184,$\delta_\text{gsc}$
winogrande,transformer.encoder.block.10.layer.0.SelfAttention.o,63,-0.07751458883285522,$\delta_\text{ssc}$
winogrande,transformer.encoder.block.10.layer.1.DenseReluDense.wi,64,0.17207211256027222,cross
winogrande,transformer.encoder.block.10.layer.1.DenseReluDense.wi,64,0.21953468024730682,corr
winogrande,transformer.encoder.block.10.layer.1.DenseReluDense.wi,64,0.1568879932165146,drift
winogrande,transformer.encoder.block.10.layer.1.DenseReluDense.wi,64,0.18276655673980713,tot
winogrande,transformer.encoder.block.10.layer.1.DenseReluDense.wi,64,-0.21387144923210144,$\delta_\text{gsc}$
winogrande,transformer.encoder.block.10.layer.1.DenseReluDense.wi,64,-0.15185678005218506,$\delta_\text{ssc}$
winogrande,transformer.encoder.block.10.layer.1.DenseReluDense.wo,65,0.36832141876220703,cross
winogrande,transformer.encoder.block.10.layer.1.DenseReluDense.wo,65,0.47691604495048523,corr
winogrande,transformer.encoder.block.10.layer.1.DenseReluDense.wo,65,0.04729555919766426,drift
winogrande,transformer.encoder.block.10.layer.1.DenseReluDense.wo,65,0.42957374453544617,tot
winogrande,transformer.encoder.block.10.layer.1.DenseReluDense.wo,65,-0.4173111915588379,$\delta_\text{gsc}$
winogrande,transformer.encoder.block.10.layer.1.DenseReluDense.wo,65,-0.045648086816072464,$\delta_\text{ssc}$
winogrande,transformer.encoder.block.11.layer.0.SelfAttention.q,66,0.2526382505893707,cross
winogrande,transformer.encoder.block.11.layer.0.SelfAttention.q,66,0.3902405798435211,corr
winogrande,transformer.encoder.block.11.layer.0.SelfAttention.q,66,0.2898852527141571,drift
winogrande,transformer.encoder.block.11.layer.0.SelfAttention.q,66,0.40095949172973633,tot
winogrande,transformer.encoder.block.11.layer.0.SelfAttention.q,66,-0.20805594325065613,$\delta_\text{gsc}$
winogrande,transformer.encoder.block.11.layer.0.SelfAttention.q,66,-0.3237486481666565,$\delta_\text{ssc}$
winogrande,transformer.encoder.block.11.layer.0.SelfAttention.k,67,0.3131261169910431,cross
winogrande,transformer.encoder.block.11.layer.0.SelfAttention.k,67,0.3364291489124298,corr
winogrande,transformer.encoder.block.11.layer.0.SelfAttention.k,67,0.2891899347305298,drift
winogrande,transformer.encoder.block.11.layer.0.SelfAttention.k,67,0.3758080303668976,tot
winogrande,transformer.encoder.block.11.layer.0.SelfAttention.k,67,-0.19459062814712524,$\delta_\text{gsc}$
winogrande,transformer.encoder.block.11.layer.0.SelfAttention.k,67,-0.36834654211997986,$\delta_\text{ssc}$
winogrande,transformer.encoder.block.11.layer.0.SelfAttention.v,68,0.18925924599170685,cross
winogrande,transformer.encoder.block.11.layer.0.SelfAttention.v,68,0.4806060194969177,corr
winogrande,transformer.encoder.block.11.layer.0.SelfAttention.v,68,0.28802016377449036,drift
winogrande,transformer.encoder.block.11.layer.0.SelfAttention.v,68,0.43001919984817505,tot
winogrande,transformer.encoder.block.11.layer.0.SelfAttention.v,68,-0.2326114922761917,$\delta_\text{gsc}$
winogrande,transformer.encoder.block.11.layer.0.SelfAttention.v,68,-0.29525473713874817,$\delta_\text{ssc}$
winogrande,transformer.encoder.block.11.layer.0.SelfAttention.o,69,0.2961632311344147,cross
winogrande,transformer.encoder.block.11.layer.0.SelfAttention.o,69,0.27229341864585876,corr
winogrande,transformer.encoder.block.11.layer.0.SelfAttention.o,69,0.12344715744256973,drift
winogrande,transformer.encoder.block.11.layer.0.SelfAttention.o,69,0.4056366980075836,tot
winogrande,transformer.encoder.block.11.layer.0.SelfAttention.o,69,-0.2234254777431488,$\delta_\text{gsc}$
winogrande,transformer.encoder.block.11.layer.0.SelfAttention.o,69,-0.06284163147211075,$\delta_\text{ssc}$
winogrande,transformer.encoder.block.11.layer.1.DenseReluDense.wi,70,0.23107747733592987,cross
winogrande,transformer.encoder.block.11.layer.1.DenseReluDense.wi,70,0.2855382561683655,corr
winogrande,transformer.encoder.block.11.layer.1.DenseReluDense.wi,70,0.19091422855854034,drift
winogrande,transformer.encoder.block.11.layer.1.DenseReluDense.wi,70,0.23532353341579437,tot
winogrande,transformer.encoder.block.11.layer.1.DenseReluDense.wi,70,-0.30296048521995544,$\delta_\text{gsc}$
winogrande,transformer.encoder.block.11.layer.1.DenseReluDense.wi,70,-0.16924594342708588,$\delta_\text{ssc}$
winogrande,transformer.encoder.block.11.layer.1.DenseReluDense.wo,71,0.2689265012741089,cross
winogrande,transformer.encoder.block.11.layer.1.DenseReluDense.wo,71,0.35785770416259766,corr
winogrande,transformer.encoder.block.11.layer.1.DenseReluDense.wo,71,0.029054973274469376,drift
winogrande,transformer.encoder.block.11.layer.1.DenseReluDense.wo,71,0.3172486424446106,tot
winogrande,transformer.encoder.block.11.layer.1.DenseReluDense.wo,71,-0.3136390447616577,$\delta_\text{gsc}$
winogrande,transformer.encoder.block.11.layer.1.DenseReluDense.wo,71,-0.024951491504907608,$\delta_\text{ssc}$
winogrande,transformer.decoder.block.0.layer.0.SelfAttention.q,72,0.3412705957889557,cross
winogrande,transformer.decoder.block.0.layer.0.SelfAttention.q,72,0.4843342900276184,corr
winogrande,transformer.decoder.block.0.layer.0.SelfAttention.q,72,0.27298441529273987,drift
winogrande,transformer.decoder.block.0.layer.0.SelfAttention.q,72,0.32929423451423645,tot
winogrande,transformer.decoder.block.0.layer.0.SelfAttention.q,72,-0.47034335136413574,$\delta_\text{gsc}$
winogrande,transformer.decoder.block.0.layer.0.SelfAttention.q,72,-0.2989517152309418,$\delta_\text{ssc}$
winogrande,transformer.decoder.block.0.layer.0.SelfAttention.k,73,0.3389219343662262,cross
winogrande,transformer.decoder.block.0.layer.0.SelfAttention.k,73,0.4064367711544037,corr
winogrande,transformer.decoder.block.0.layer.0.SelfAttention.k,73,0.27313727140426636,drift
winogrande,transformer.decoder.block.0.layer.0.SelfAttention.k,73,0.2979476749897003,tot
winogrande,transformer.decoder.block.0.layer.0.SelfAttention.k,73,-0.4171178638935089,$\delta_\text{gsc}$
winogrande,transformer.decoder.block.0.layer.0.SelfAttention.k,73,-0.303430438041687,$\delta_\text{ssc}$
winogrande,transformer.decoder.block.0.layer.0.SelfAttention.v,74,0.04131995514035225,cross
winogrande,transformer.decoder.block.0.layer.0.SelfAttention.v,74,0.23386001586914062,corr
winogrande,transformer.decoder.block.0.layer.0.SelfAttention.v,74,0.26949137449264526,drift
winogrande,transformer.decoder.block.0.layer.0.SelfAttention.v,74,0.22780445218086243,tot
winogrande,transformer.decoder.block.0.layer.0.SelfAttention.v,74,-0.04006806015968323,$\delta_\text{gsc}$
winogrande,transformer.decoder.block.0.layer.0.SelfAttention.v,74,-0.2767988443374634,$\delta_\text{ssc}$
winogrande,transformer.decoder.block.0.layer.0.SelfAttention.o,75,0.02279195934534073,cross
winogrande,transformer.decoder.block.0.layer.0.SelfAttention.o,75,0.2800348699092865,corr
winogrande,transformer.decoder.block.0.layer.0.SelfAttention.o,75,0.2698253393173218,drift
winogrande,transformer.decoder.block.0.layer.0.SelfAttention.o,75,0.20322692394256592,tot
winogrande,transformer.decoder.block.0.layer.0.SelfAttention.o,75,-0.011126309633255005,$\delta_\text{gsc}$
winogrande,transformer.decoder.block.0.layer.0.SelfAttention.o,75,-0.3582989275455475,$\delta_\text{ssc}$
winogrande,transformer.decoder.block.0.layer.1.EncDecAttention.q,76,0.029751017689704895,cross
winogrande,transformer.decoder.block.0.layer.1.EncDecAttention.q,76,0.10044641047716141,corr
winogrande,transformer.decoder.block.0.layer.1.EncDecAttention.q,76,0.12189734727144241,drift
winogrande,transformer.decoder.block.0.layer.1.EncDecAttention.q,76,0.10950811952352524,tot
winogrande,transformer.decoder.block.0.layer.1.EncDecAttention.q,76,-0.02938840538263321,$\delta_\text{gsc}$
winogrande,transformer.decoder.block.0.layer.1.EncDecAttention.q,76,-0.11319825053215027,$\delta_\text{ssc}$
winogrande,transformer.decoder.block.0.layer.1.EncDecAttention.k,77,0.22329939901828766,cross
winogrande,transformer.decoder.block.0.layer.1.EncDecAttention.k,77,0.4349899888038635,corr
winogrande,transformer.decoder.block.0.layer.1.EncDecAttention.k,77,0.3835817575454712,drift
winogrande,transformer.decoder.block.0.layer.1.EncDecAttention.k,77,0.45139625668525696,tot
winogrande,transformer.decoder.block.0.layer.1.EncDecAttention.k,77,-0.20661212503910065,$\delta_\text{gsc}$
winogrande,transformer.decoder.block.0.layer.1.EncDecAttention.k,77,-0.38386276364326477,$\delta_\text{ssc}$
winogrande,transformer.decoder.block.0.layer.1.EncDecAttention.v,78,0.24116399884223938,cross
winogrande,transformer.decoder.block.0.layer.1.EncDecAttention.v,78,0.4446507692337036,corr
winogrande,transformer.decoder.block.0.layer.1.EncDecAttention.v,78,0.36314818263053894,drift
winogrande,transformer.decoder.block.0.layer.1.EncDecAttention.v,78,0.41878578066825867,tot
winogrande,transformer.decoder.block.0.layer.1.EncDecAttention.v,78,-0.24646428227424622,$\delta_\text{gsc}$
winogrande,transformer.decoder.block.0.layer.1.EncDecAttention.v,78,-0.38371288776397705,$\delta_\text{ssc}$
winogrande,transformer.decoder.block.0.layer.1.EncDecAttention.o,79,0.18737894296646118,cross
winogrande,transformer.decoder.block.0.layer.1.EncDecAttention.o,79,0.09472427517175674,corr
winogrande,transformer.decoder.block.0.layer.1.EncDecAttention.o,79,0.27120161056518555,drift
winogrande,transformer.decoder.block.0.layer.1.EncDecAttention.o,79,0.43398839235305786,tot
winogrande,transformer.decoder.block.0.layer.1.EncDecAttention.o,79,-0.03057044744491577,$\delta_\text{gsc}$
winogrande,transformer.decoder.block.0.layer.1.EncDecAttention.o,79,-0.08874598145484924,$\delta_\text{ssc}$
winogrande,transformer.decoder.block.0.layer.2.DenseReluDense.wi,80,0.03148144483566284,cross
winogrande,transformer.decoder.block.0.layer.2.DenseReluDense.wi,80,0.10125093162059784,corr
winogrande,transformer.decoder.block.0.layer.2.DenseReluDense.wi,80,0.23443427681922913,drift
winogrande,transformer.decoder.block.0.layer.2.DenseReluDense.wi,80,0.26039057970046997,tot
winogrande,transformer.decoder.block.0.layer.2.DenseReluDense.wi,80,-0.0062474459409713745,$\delta_\text{gsc}$
winogrande,transformer.decoder.block.0.layer.2.DenseReluDense.wi,80,-0.10052862763404846,$\delta_\text{ssc}$
winogrande,transformer.decoder.block.0.layer.2.DenseReluDense.wo,81,0.09031375497579575,cross
winogrande,transformer.decoder.block.0.layer.2.DenseReluDense.wo,81,0.015202111564576626,corr
winogrande,transformer.decoder.block.0.layer.2.DenseReluDense.wo,81,0.3145352900028229,drift
winogrande,transformer.decoder.block.0.layer.2.DenseReluDense.wo,81,0.3996031582355499,tot
winogrande,transformer.decoder.block.0.layer.2.DenseReluDense.wo,81,-0.00486716628074646,$\delta_\text{gsc}$
winogrande,transformer.decoder.block.0.layer.2.DenseReluDense.wo,81,-0.015580832958221436,$\delta_\text{ssc}$
winogrande,transformer.decoder.block.1.layer.0.SelfAttention.q,82,0.191220223903656,cross
winogrande,transformer.decoder.block.1.layer.0.SelfAttention.q,82,0.36332401633262634,corr
winogrande,transformer.decoder.block.1.layer.0.SelfAttention.q,82,0.2998310923576355,drift
winogrande,transformer.decoder.block.1.layer.0.SelfAttention.q,82,0.23428647220134735,tot
winogrande,transformer.decoder.block.1.layer.0.SelfAttention.q,82,-0.1993074119091034,$\delta_\text{gsc}$
winogrande,transformer.decoder.block.1.layer.0.SelfAttention.q,82,-0.4207814335823059,$\delta_\text{ssc}$
winogrande,transformer.decoder.block.1.layer.0.SelfAttention.k,83,0.2899620234966278,cross
winogrande,transformer.decoder.block.1.layer.0.SelfAttention.k,83,0.29572975635528564,corr
winogrande,transformer.decoder.block.1.layer.0.SelfAttention.k,83,0.29916489124298096,drift
winogrande,transformer.decoder.block.1.layer.0.SelfAttention.k,83,0.3119673430919647,tot
winogrande,transformer.decoder.block.1.layer.0.SelfAttention.k,83,-0.17730359733104706,$\delta_\text{gsc}$
winogrande,transformer.decoder.block.1.layer.0.SelfAttention.k,83,-0.39558571577072144,$\delta_\text{ssc}$
winogrande,transformer.decoder.block.1.layer.0.SelfAttention.v,84,0.10574521124362946,cross
winogrande,transformer.decoder.block.1.layer.0.SelfAttention.v,84,0.30863597989082336,corr
winogrande,transformer.decoder.block.1.layer.0.SelfAttention.v,84,0.2951889634132385,drift
winogrande,transformer.decoder.block.1.layer.0.SelfAttention.v,84,0.3986089825630188,tot
winogrande,transformer.decoder.block.1.layer.0.SelfAttention.v,84,-0.07792675495147705,$\delta_\text{gsc}$
winogrande,transformer.decoder.block.1.layer.0.SelfAttention.v,84,-0.2330344021320343,$\delta_\text{ssc}$
winogrande,transformer.decoder.block.1.layer.0.SelfAttention.o,85,0.2243274301290512,cross
winogrande,transformer.decoder.block.1.layer.0.SelfAttention.o,85,0.32639819383621216,corr
winogrande,transformer.decoder.block.1.layer.0.SelfAttention.o,85,0.28449127078056335,drift
winogrande,transformer.decoder.block.1.layer.0.SelfAttention.o,85,0.3554234206676483,tot
winogrande,transformer.decoder.block.1.layer.0.SelfAttention.o,85,-0.06279273331165314,$\delta_\text{gsc}$
winogrande,transformer.decoder.block.1.layer.0.SelfAttention.o,85,-0.41700074076652527,$\delta_\text{ssc}$
winogrande,transformer.decoder.block.1.layer.1.EncDecAttention.q,86,0.07764913141727448,cross
winogrande,transformer.decoder.block.1.layer.1.EncDecAttention.q,86,0.055339500308036804,corr
winogrande,transformer.decoder.block.1.layer.1.EncDecAttention.q,86,0.13723060488700867,drift
winogrande,transformer.decoder.block.1.layer.1.EncDecAttention.q,86,0.17205490171909332,tot
winogrande,transformer.decoder.block.1.layer.1.EncDecAttention.q,86,-0.03910939395427704,$\delta_\text{gsc}$
winogrande,transformer.decoder.block.1.layer.1.EncDecAttention.q,86,-0.059054940938949585,$\delta_\text{ssc}$
winogrande,transformer.decoder.block.1.layer.1.EncDecAttention.k,87,0.39425861835479736,cross
winogrande,transformer.decoder.block.1.layer.1.EncDecAttention.k,87,0.39854010939598083,corr
winogrande,transformer.decoder.block.1.layer.1.EncDecAttention.k,87,0.33088061213493347,drift
winogrande,transformer.decoder.block.1.layer.1.EncDecAttention.k,87,0.43488162755966187,tot
winogrande,transformer.decoder.block.1.layer.1.EncDecAttention.k,87,-0.2900860905647278,$\delta_\text{gsc}$
winogrande,transformer.decoder.block.1.layer.1.EncDecAttention.k,87,-0.398711621761322,$\delta_\text{ssc}$
winogrande,transformer.decoder.block.1.layer.1.EncDecAttention.v,88,0.1517050564289093,cross
winogrande,transformer.decoder.block.1.layer.1.EncDecAttention.v,88,0.473305344581604,corr
winogrande,transformer.decoder.block.1.layer.1.EncDecAttention.v,88,0.3389403223991394,drift
winogrande,transformer.decoder.block.1.layer.1.EncDecAttention.v,88,0.47569072246551514,tot
winogrande,transformer.decoder.block.1.layer.1.EncDecAttention.v,88,-0.13424503803253174,$\delta_\text{gsc}$
winogrande,transformer.decoder.block.1.layer.1.EncDecAttention.v,88,-0.35401496291160583,$\delta_\text{ssc}$
winogrande,transformer.decoder.block.1.layer.1.EncDecAttention.o,89,0.2505406439304352,cross
winogrande,transformer.decoder.block.1.layer.1.EncDecAttention.o,89,0.2276025265455246,corr
winogrande,transformer.decoder.block.1.layer.1.EncDecAttention.o,89,0.1880807876586914,drift
winogrande,transformer.decoder.block.1.layer.1.EncDecAttention.o,89,0.4107866585254669,tot
winogrande,transformer.decoder.block.1.layer.1.EncDecAttention.o,89,-0.19106197357177734,$\delta_\text{gsc}$
winogrande,transformer.decoder.block.1.layer.1.EncDecAttention.o,89,-0.06437532603740692,$\delta_\text{ssc}$
winogrande,transformer.decoder.block.1.layer.2.DenseReluDense.wi,90,0.06876453012228012,cross
winogrande,transformer.decoder.block.1.layer.2.DenseReluDense.wi,90,0.12794454395771027,corr
winogrande,transformer.decoder.block.1.layer.2.DenseReluDense.wi,90,0.21867798268795013,drift
winogrande,transformer.decoder.block.1.layer.2.DenseReluDense.wi,90,0.30502206087112427,tot
winogrande,transformer.decoder.block.1.layer.2.DenseReluDense.wi,90,-0.018407970666885376,$\delta_\text{gsc}$
winogrande,transformer.decoder.block.1.layer.2.DenseReluDense.wi,90,-0.09195703268051147,$\delta_\text{ssc}$
winogrande,transformer.decoder.block.1.layer.2.DenseReluDense.wo,91,0.1270473301410675,cross
winogrande,transformer.decoder.block.1.layer.2.DenseReluDense.wo,91,0.018000489100813866,corr
winogrande,transformer.decoder.block.1.layer.2.DenseReluDense.wo,91,0.1860145777463913,drift
winogrande,transformer.decoder.block.1.layer.2.DenseReluDense.wo,91,0.292285293340683,tot
winogrande,transformer.decoder.block.1.layer.2.DenseReluDense.wo,91,-0.0201217383146286,$\delta_\text{gsc}$
winogrande,transformer.decoder.block.1.layer.2.DenseReluDense.wo,91,-0.018655359745025635,$\delta_\text{ssc}$
winogrande,transformer.decoder.block.2.layer.0.SelfAttention.q,92,0.251339316368103,cross
winogrande,transformer.decoder.block.2.layer.0.SelfAttention.q,92,0.32565373182296753,corr
winogrande,transformer.decoder.block.2.layer.0.SelfAttention.q,92,0.2739502787590027,drift
winogrande,transformer.decoder.block.2.layer.0.SelfAttention.q,92,0.26510360836982727,tot
winogrande,transformer.decoder.block.2.layer.0.SelfAttention.q,92,-0.2326747179031372,$\delta_\text{gsc}$
winogrande,transformer.decoder.block.2.layer.0.SelfAttention.q,92,-0.35316500067710876,$\delta_\text{ssc}$
winogrande,transformer.decoder.block.2.layer.0.SelfAttention.k,93,0.29569315910339355,cross
winogrande,transformer.decoder.block.2.layer.0.SelfAttention.k,93,0.27659130096435547,corr
winogrande,transformer.decoder.block.2.layer.0.SelfAttention.k,93,0.27251574397087097,drift
winogrande,transformer.decoder.block.2.layer.0.SelfAttention.k,93,0.3031232953071594,tot
winogrande,transformer.decoder.block.2.layer.0.SelfAttention.k,93,-0.22091557085514069,$\delta_\text{gsc}$
winogrande,transformer.decoder.block.2.layer.0.SelfAttention.k,93,-0.3207613229751587,$\delta_\text{ssc}$
winogrande,transformer.decoder.block.2.layer.0.SelfAttention.v,94,0.08727291971445084,cross
winogrande,transformer.decoder.block.2.layer.0.SelfAttention.v,94,0.34012433886528015,corr
winogrande,transformer.decoder.block.2.layer.0.SelfAttention.v,94,0.2569847106933594,drift
winogrande,transformer.decoder.block.2.layer.0.SelfAttention.v,94,0.43825337290763855,tot
winogrande,transformer.decoder.block.2.layer.0.SelfAttention.v,94,-0.07768723368644714,$\delta_\text{gsc}$
winogrande,transformer.decoder.block.2.layer.0.SelfAttention.v,94,-0.16844135522842407,$\delta_\text{ssc}$
winogrande,transformer.decoder.block.2.layer.0.SelfAttention.o,95,0.2519056499004364,cross
winogrande,transformer.decoder.block.2.layer.0.SelfAttention.o,95,0.3832775056362152,corr
winogrande,transformer.decoder.block.2.layer.0.SelfAttention.o,95,0.32595086097717285,drift
winogrande,transformer.decoder.block.2.layer.0.SelfAttention.o,95,0.3984818458557129,tot
winogrande,transformer.decoder.block.2.layer.0.SelfAttention.o,95,-0.1835469901561737,$\delta_\text{gsc}$
winogrande,transformer.decoder.block.2.layer.0.SelfAttention.o,95,-0.37910518050193787,$\delta_\text{ssc}$
winogrande,transformer.decoder.block.2.layer.1.EncDecAttention.q,96,0.05817476287484169,cross
winogrande,transformer.decoder.block.2.layer.1.EncDecAttention.q,96,0.04370591416954994,corr
winogrande,transformer.decoder.block.2.layer.1.EncDecAttention.q,96,0.12739838659763336,drift
winogrande,transformer.decoder.block.2.layer.1.EncDecAttention.q,96,0.1637750118970871,tot
winogrande,transformer.decoder.block.2.layer.1.EncDecAttention.q,96,-0.029631823301315308,$\delta_\text{gsc}$
winogrande,transformer.decoder.block.2.layer.1.EncDecAttention.q,96,-0.03587222099304199,$\delta_\text{ssc}$
winogrande,transformer.decoder.block.2.layer.1.EncDecAttention.k,97,0.3219224512577057,cross
winogrande,transformer.decoder.block.2.layer.1.EncDecAttention.k,97,0.3768484592437744,corr
winogrande,transformer.decoder.block.2.layer.1.EncDecAttention.k,97,0.32869893312454224,drift
winogrande,transformer.decoder.block.2.layer.1.EncDecAttention.k,97,0.42474085092544556,tot
winogrande,transformer.decoder.block.2.layer.1.EncDecAttention.k,97,-0.2206352949142456,$\delta_\text{gsc}$
winogrande,transformer.decoder.block.2.layer.1.EncDecAttention.k,97,-0.3820936977863312,$\delta_\text{ssc}$
winogrande,transformer.decoder.block.2.layer.1.EncDecAttention.v,98,0.11509521305561066,cross
winogrande,transformer.decoder.block.2.layer.1.EncDecAttention.v,98,0.4811115264892578,corr
winogrande,transformer.decoder.block.2.layer.1.EncDecAttention.v,98,0.3289138078689575,drift
winogrande,transformer.decoder.block.2.layer.1.EncDecAttention.v,98,0.4680384397506714,tot
winogrande,transformer.decoder.block.2.layer.1.EncDecAttention.v,98,-0.12191042304039001,$\delta_\text{gsc}$
winogrande,transformer.decoder.block.2.layer.1.EncDecAttention.v,98,-0.3351716697216034,$\delta_\text{ssc}$
winogrande,transformer.decoder.block.2.layer.1.EncDecAttention.o,99,0.20011134445667267,cross
winogrande,transformer.decoder.block.2.layer.1.EncDecAttention.o,99,0.24359941482543945,corr
winogrande,transformer.decoder.block.2.layer.1.EncDecAttention.o,99,0.16508421301841736,drift
winogrande,transformer.decoder.block.2.layer.1.EncDecAttention.o,99,0.41008639335632324,tot
winogrande,transformer.decoder.block.2.layer.1.EncDecAttention.o,99,-0.16122351586818695,$\delta_\text{gsc}$
winogrande,transformer.decoder.block.2.layer.1.EncDecAttention.o,99,-0.03748506307601929,$\delta_\text{ssc}$
winogrande,transformer.decoder.block.2.layer.2.DenseReluDense.wi,100,0.05859800800681114,cross
winogrande,transformer.decoder.block.2.layer.2.DenseReluDense.wi,100,0.16567136347293854,corr
winogrande,transformer.decoder.block.2.layer.2.DenseReluDense.wi,100,0.2587466835975647,drift
winogrande,transformer.decoder.block.2.layer.2.DenseReluDense.wi,100,0.37695449590682983,tot
winogrande,transformer.decoder.block.2.layer.2.DenseReluDense.wi,100,-0.01712191104888916,$\delta_\text{gsc}$
winogrande,transformer.decoder.block.2.layer.2.DenseReluDense.wi,100,-0.08893965184688568,$\delta_\text{ssc}$
winogrande,transformer.decoder.block.2.layer.2.DenseReluDense.wo,101,0.1157962903380394,cross
winogrande,transformer.decoder.block.2.layer.2.DenseReluDense.wo,101,0.014166154898703098,corr
winogrande,transformer.decoder.block.2.layer.2.DenseReluDense.wo,101,0.08452299982309341,drift
winogrande,transformer.decoder.block.2.layer.2.DenseReluDense.wo,101,0.16046074032783508,tot
winogrande,transformer.decoder.block.2.layer.2.DenseReluDense.wo,101,-0.03732109069824219,$\delta_\text{gsc}$
winogrande,transformer.decoder.block.2.layer.2.DenseReluDense.wo,101,-0.016703613102436066,$\delta_\text{ssc}$
winogrande,transformer.decoder.block.3.layer.0.SelfAttention.q,102,0.1569201648235321,cross
winogrande,transformer.decoder.block.3.layer.0.SelfAttention.q,102,0.29315266013145447,corr
winogrande,transformer.decoder.block.3.layer.0.SelfAttention.q,102,0.287187784910202,drift
winogrande,transformer.decoder.block.3.layer.0.SelfAttention.q,102,0.3350971043109894,tot
winogrande,transformer.decoder.block.3.layer.0.SelfAttention.q,102,-0.08760365843772888,$\delta_\text{gsc}$
winogrande,transformer.decoder.block.3.layer.0.SelfAttention.q,102,-0.31455984711647034,$\delta_\text{ssc}$
winogrande,transformer.decoder.block.3.layer.0.SelfAttention.k,103,0.24014560878276825,cross
winogrande,transformer.decoder.block.3.layer.0.SelfAttention.k,103,0.22596484422683716,corr
winogrande,transformer.decoder.block.3.layer.0.SelfAttention.k,103,0.2850104570388794,drift
winogrande,transformer.decoder.block.3.layer.0.SelfAttention.k,103,0.3622468113899231,tot
winogrande,transformer.decoder.block.3.layer.0.SelfAttention.k,103,-0.13565273582935333,$\delta_\text{gsc}$
winogrande,transformer.decoder.block.3.layer.0.SelfAttention.k,103,-0.2532213628292084,$\delta_\text{ssc}$
winogrande,transformer.decoder.block.3.layer.0.SelfAttention.v,104,0.07451653480529785,cross
winogrande,transformer.decoder.block.3.layer.0.SelfAttention.v,104,0.33671677112579346,corr
winogrande,transformer.decoder.block.3.layer.0.SelfAttention.v,104,0.22593370079994202,drift
winogrande,transformer.decoder.block.3.layer.0.SelfAttention.v,104,0.44399285316467285,tot
winogrande,transformer.decoder.block.3.layer.0.SelfAttention.v,104,-0.07125449180603027,$\delta_\text{gsc}$
winogrande,transformer.decoder.block.3.layer.0.SelfAttention.v,104,-0.1219196617603302,$\delta_\text{ssc}$
winogrande,transformer.decoder.block.3.layer.0.SelfAttention.o,105,0.21987715363502502,cross
winogrande,transformer.decoder.block.3.layer.0.SelfAttention.o,105,0.3814757764339447,corr
winogrande,transformer.decoder.block.3.layer.0.SelfAttention.o,105,0.3054537773132324,drift
winogrande,transformer.decoder.block.3.layer.0.SelfAttention.o,105,0.38013410568237305,tot
winogrande,transformer.decoder.block.3.layer.0.SelfAttention.o,105,-0.21004733443260193,$\delta_\text{gsc}$
winogrande,transformer.decoder.block.3.layer.0.SelfAttention.o,105,-0.3166252672672272,$\delta_\text{ssc}$
winogrande,transformer.decoder.block.3.layer.1.EncDecAttention.q,106,0.02268936298787594,cross
winogrande,transformer.decoder.block.3.layer.1.EncDecAttention.q,106,0.035210758447647095,corr
winogrande,transformer.decoder.block.3.layer.1.EncDecAttention.q,106,0.15225891768932343,drift
winogrande,transformer.decoder.block.3.layer.1.EncDecAttention.q,106,0.18160945177078247,tot
winogrande,transformer.decoder.block.3.layer.1.EncDecAttention.q,106,-0.010742440819740295,$\delta_\text{gsc}$
winogrande,transformer.decoder.block.3.layer.1.EncDecAttention.q,106,-0.017807140946388245,$\delta_\text{ssc}$
winogrande,transformer.decoder.block.3.layer.1.EncDecAttention.k,107,0.24139203131198883,cross
winogrande,transformer.decoder.block.3.layer.1.EncDecAttention.k,107,0.40621712803840637,corr
winogrande,transformer.decoder.block.3.layer.1.EncDecAttention.k,107,0.3488399386405945,drift
winogrande,transformer.decoder.block.3.layer.1.EncDecAttention.k,107,0.425704687833786,tot
winogrande,transformer.decoder.block.3.layer.1.EncDecAttention.k,107,-0.17034976184368134,$\delta_\text{gsc}$
winogrande,transformer.decoder.block.3.layer.1.EncDecAttention.k,107,-0.40039464831352234,$\delta_\text{ssc}$
winogrande,transformer.decoder.block.3.layer.1.EncDecAttention.v,108,0.18198029696941376,cross
winogrande,transformer.decoder.block.3.layer.1.EncDecAttention.v,108,0.449087530374527,corr
winogrande,transformer.decoder.block.3.layer.1.EncDecAttention.v,108,0.32660481333732605,drift
winogrande,transformer.decoder.block.3.layer.1.EncDecAttention.v,108,0.4606581926345825,tot
winogrande,transformer.decoder.block.3.layer.1.EncDecAttention.v,108,-0.13815432786941528,$\delta_\text{gsc}$
winogrande,transformer.decoder.block.3.layer.1.EncDecAttention.v,108,-0.3588601350784302,$\delta_\text{ssc}$
winogrande,transformer.decoder.block.3.layer.1.EncDecAttention.o,109,0.2928571105003357,cross
winogrande,transformer.decoder.block.3.layer.1.EncDecAttention.o,109,0.11782984435558319,corr
winogrande,transformer.decoder.block.3.layer.1.EncDecAttention.o,109,0.18605457246303558,drift
winogrande,transformer.decoder.block.3.layer.1.EncDecAttention.o,109,0.37030526995658875,tot
winogrande,transformer.decoder.block.3.layer.1.EncDecAttention.o,109,-0.19243821501731873,$\delta_\text{gsc}$
winogrande,transformer.decoder.block.3.layer.1.EncDecAttention.o,109,-0.033998042345047,$\delta_\text{ssc}$
winogrande,transformer.decoder.block.3.layer.2.DenseReluDense.wi,110,0.07483827322721481,cross
winogrande,transformer.decoder.block.3.layer.2.DenseReluDense.wi,110,0.18869446218013763,corr
winogrande,transformer.decoder.block.3.layer.2.DenseReluDense.wi,110,0.22556690871715546,drift
winogrande,transformer.decoder.block.3.layer.2.DenseReluDense.wi,110,0.3710465729236603,tot
winogrande,transformer.decoder.block.3.layer.2.DenseReluDense.wi,110,-0.045141637325286865,$\delta_\text{gsc}$
winogrande,transformer.decoder.block.3.layer.2.DenseReluDense.wi,110,-0.07291144132614136,$\delta_\text{ssc}$
winogrande,transformer.decoder.block.3.layer.2.DenseReluDense.wo,111,0.22584092617034912,cross
winogrande,transformer.decoder.block.3.layer.2.DenseReluDense.wo,111,0.06147034093737602,corr
winogrande,transformer.decoder.block.3.layer.2.DenseReluDense.wo,111,0.34491828083992004,drift
winogrande,transformer.decoder.block.3.layer.2.DenseReluDense.wo,111,0.3811885118484497,tot
winogrande,transformer.decoder.block.3.layer.2.DenseReluDense.wo,111,-0.20723065733909607,$\delta_\text{gsc}$
winogrande,transformer.decoder.block.3.layer.2.DenseReluDense.wo,111,-0.043810367584228516,$\delta_\text{ssc}$
winogrande,transformer.decoder.block.4.layer.0.SelfAttention.q,112,0.12763167917728424,cross
winogrande,transformer.decoder.block.4.layer.0.SelfAttention.q,112,0.28056415915489197,corr
winogrande,transformer.decoder.block.4.layer.0.SelfAttention.q,112,0.28160810470581055,drift
winogrande,transformer.decoder.block.4.layer.0.SelfAttention.q,112,0.3045663833618164,tot
winogrande,transformer.decoder.block.4.layer.0.SelfAttention.q,112,-0.08327145874500275,$\delta_\text{gsc}$
winogrande,transformer.decoder.block.4.layer.0.SelfAttention.q,112,-0.3019661009311676,$\delta_\text{ssc}$
winogrande,transformer.decoder.block.4.layer.0.SelfAttention.k,113,0.23422901332378387,cross
winogrande,transformer.decoder.block.4.layer.0.SelfAttention.k,113,0.20473210513591766,corr
winogrande,transformer.decoder.block.4.layer.0.SelfAttention.k,113,0.2765553593635559,drift
winogrande,transformer.decoder.block.4.layer.0.SelfAttention.k,113,0.3437005281448364,tot
winogrande,transformer.decoder.block.4.layer.0.SelfAttention.k,113,-0.1372128576040268,$\delta_\text{gsc}$
winogrande,transformer.decoder.block.4.layer.0.SelfAttention.k,113,-0.23460309207439423,$\delta_\text{ssc}$
winogrande,transformer.decoder.block.4.layer.0.SelfAttention.v,114,0.07910901308059692,cross
winogrande,transformer.decoder.block.4.layer.0.SelfAttention.v,114,0.3169199228286743,corr
winogrande,transformer.decoder.block.4.layer.0.SelfAttention.v,114,0.21408799290657043,drift
winogrande,transformer.decoder.block.4.layer.0.SelfAttention.v,114,0.4394402801990509,tot
winogrande,transformer.decoder.block.4.layer.0.SelfAttention.v,114,-0.07724547386169434,$\delta_\text{gsc}$
winogrande,transformer.decoder.block.4.layer.0.SelfAttention.v,114,-0.09343117475509644,$\delta_\text{ssc}$
winogrande,transformer.decoder.block.4.layer.0.SelfAttention.o,115,0.24800816178321838,cross
winogrande,transformer.decoder.block.4.layer.0.SelfAttention.o,115,0.42172887921333313,corr
winogrande,transformer.decoder.block.4.layer.0.SelfAttention.o,115,0.30268725752830505,drift
winogrande,transformer.decoder.block.4.layer.0.SelfAttention.o,115,0.39563271403312683,tot
winogrande,transformer.decoder.block.4.layer.0.SelfAttention.o,115,-0.24927404522895813,$\delta_\text{gsc}$
winogrande,transformer.decoder.block.4.layer.0.SelfAttention.o,115,-0.3275175392627716,$\delta_\text{ssc}$
winogrande,transformer.decoder.block.4.layer.1.EncDecAttention.q,116,0.07544942945241928,cross
winogrande,transformer.decoder.block.4.layer.1.EncDecAttention.q,116,0.07480576634407043,corr
winogrande,transformer.decoder.block.4.layer.1.EncDecAttention.q,116,0.19050078094005585,drift
winogrande,transformer.decoder.block.4.layer.1.EncDecAttention.q,116,0.24119937419891357,tot
winogrande,transformer.decoder.block.4.layer.1.EncDecAttention.q,116,-0.07199691236019135,$\delta_\text{gsc}$
winogrande,transformer.decoder.block.4.layer.1.EncDecAttention.q,116,-0.02755969762802124,$\delta_\text{ssc}$
winogrande,transformer.decoder.block.4.layer.1.EncDecAttention.k,117,0.2854073941707611,cross
winogrande,transformer.decoder.block.4.layer.1.EncDecAttention.k,117,0.37935855984687805,corr
winogrande,transformer.decoder.block.4.layer.1.EncDecAttention.k,117,0.31620556116104126,drift
winogrande,transformer.decoder.block.4.layer.1.EncDecAttention.k,117,0.4119812250137329,tot
winogrande,transformer.decoder.block.4.layer.1.EncDecAttention.k,117,-0.2000599503517151,$\delta_\text{gsc}$
winogrande,transformer.decoder.block.4.layer.1.EncDecAttention.k,117,-0.3689303398132324,$\delta_\text{ssc}$
winogrande,transformer.decoder.block.4.layer.1.EncDecAttention.v,118,0.13678473234176636,cross
winogrande,transformer.decoder.block.4.layer.1.EncDecAttention.v,118,0.4608166217803955,corr
winogrande,transformer.decoder.block.4.layer.1.EncDecAttention.v,118,0.3280927240848541,drift
winogrande,transformer.decoder.block.4.layer.1.EncDecAttention.v,118,0.46601298451423645,tot
winogrande,transformer.decoder.block.4.layer.1.EncDecAttention.v,118,-0.11422878503799438,$\delta_\text{gsc}$
winogrande,transformer.decoder.block.4.layer.1.EncDecAttention.v,118,-0.34545230865478516,$\delta_\text{ssc}$
winogrande,transformer.decoder.block.4.layer.1.EncDecAttention.o,119,0.31228959560394287,cross
winogrande,transformer.decoder.block.4.layer.1.EncDecAttention.o,119,0.2612232565879822,corr
winogrande,transformer.decoder.block.4.layer.1.EncDecAttention.o,119,0.1566850244998932,drift
winogrande,transformer.decoder.block.4.layer.1.EncDecAttention.o,119,0.3815981447696686,tot
winogrande,transformer.decoder.block.4.layer.1.EncDecAttention.o,119,-0.30906862020492554,$\delta_\text{gsc}$
winogrande,transformer.decoder.block.4.layer.1.EncDecAttention.o,119,-0.03953111171722412,$\delta_\text{ssc}$
winogrande,transformer.decoder.block.4.layer.2.DenseReluDense.wi,120,0.11467313021421432,cross
winogrande,transformer.decoder.block.4.layer.2.DenseReluDense.wi,120,0.30292636156082153,corr
winogrande,transformer.decoder.block.4.layer.2.DenseReluDense.wi,120,0.1913367062807083,drift
winogrande,transformer.decoder.block.4.layer.2.DenseReluDense.wi,120,0.40329229831695557,tot
winogrande,transformer.decoder.block.4.layer.2.DenseReluDense.wi,120,-0.10803887248039246,$\delta_\text{gsc}$
winogrande,transformer.decoder.block.4.layer.2.DenseReluDense.wi,120,-0.09760503470897675,$\delta_\text{ssc}$
winogrande,transformer.decoder.block.4.layer.2.DenseReluDense.wo,121,0.07368632405996323,cross
winogrande,transformer.decoder.block.4.layer.2.DenseReluDense.wo,121,0.11330640316009521,corr
winogrande,transformer.decoder.block.4.layer.2.DenseReluDense.wo,121,0.38081350922584534,drift
winogrande,transformer.decoder.block.4.layer.2.DenseReluDense.wo,121,0.4660629630088806,tot
winogrande,transformer.decoder.block.4.layer.2.DenseReluDense.wo,121,-0.06513884663581848,$\delta_\text{gsc}$
winogrande,transformer.decoder.block.4.layer.2.DenseReluDense.wo,121,-0.03660443425178528,$\delta_\text{ssc}$
winogrande,transformer.decoder.block.5.layer.0.SelfAttention.q,122,0.19462715089321136,cross
winogrande,transformer.decoder.block.5.layer.0.SelfAttention.q,122,0.2193366289138794,corr
winogrande,transformer.decoder.block.5.layer.0.SelfAttention.q,122,0.23327097296714783,drift
winogrande,transformer.decoder.block.5.layer.0.SelfAttention.q,122,0.33496254682540894,tot
winogrande,transformer.decoder.block.5.layer.0.SelfAttention.q,122,-0.11215426027774811,$\delta_\text{gsc}$
winogrande,transformer.decoder.block.5.layer.0.SelfAttention.q,122,-0.20011794567108154,$\delta_\text{ssc}$
winogrande,transformer.decoder.block.5.layer.0.SelfAttention.k,123,0.2572363018989563,cross
winogrande,transformer.decoder.block.5.layer.0.SelfAttention.k,123,0.19679304957389832,corr
winogrande,transformer.decoder.block.5.layer.0.SelfAttention.k,123,0.2255518138408661,drift
winogrande,transformer.decoder.block.5.layer.0.SelfAttention.k,123,0.35462135076522827,tot
winogrande,transformer.decoder.block.5.layer.0.SelfAttention.k,123,-0.1546829342842102,$\delta_\text{gsc}$
winogrande,transformer.decoder.block.5.layer.0.SelfAttention.k,123,-0.17027688026428223,$\delta_\text{ssc}$
winogrande,transformer.decoder.block.5.layer.0.SelfAttention.v,124,0.12207803875207901,cross
winogrande,transformer.decoder.block.5.layer.0.SelfAttention.v,124,0.39722391963005066,corr
winogrande,transformer.decoder.block.5.layer.0.SelfAttention.v,124,0.17594364285469055,drift
winogrande,transformer.decoder.block.5.layer.0.SelfAttention.v,124,0.46800661087036133,tot
winogrande,transformer.decoder.block.5.layer.0.SelfAttention.v,124,-0.11893931031227112,$\delta_\text{gsc}$
winogrande,transformer.decoder.block.5.layer.0.SelfAttention.v,124,-0.10829967260360718,$\delta_\text{ssc}$
winogrande,transformer.decoder.block.5.layer.0.SelfAttention.o,125,0.27474722266197205,cross
winogrande,transformer.decoder.block.5.layer.0.SelfAttention.o,125,0.431560754776001,corr
winogrande,transformer.decoder.block.5.layer.0.SelfAttention.o,125,0.32838937640190125,drift
winogrande,transformer.decoder.block.5.layer.0.SelfAttention.o,125,0.40303078293800354,tot
winogrande,transformer.decoder.block.5.layer.0.SelfAttention.o,125,-0.2388329803943634,$\delta_\text{gsc}$
winogrande,transformer.decoder.block.5.layer.0.SelfAttention.o,125,-0.3928335905075073,$\delta_\text{ssc}$
winogrande,transformer.decoder.block.5.layer.1.EncDecAttention.q,126,0.10865253210067749,cross
winogrande,transformer.decoder.block.5.layer.1.EncDecAttention.q,126,0.07230424135923386,corr
winogrande,transformer.decoder.block.5.layer.1.EncDecAttention.q,126,0.1634863168001175,drift
winogrande,transformer.decoder.block.5.layer.1.EncDecAttention.q,126,0.24079634249210358,tot
winogrande,transformer.decoder.block.5.layer.1.EncDecAttention.q,126,-0.08038792014122009,$\delta_\text{gsc}$
winogrande,transformer.decoder.block.5.layer.1.EncDecAttention.q,126,-0.023258820176124573,$\delta_\text{ssc}$
winogrande,transformer.decoder.block.5.layer.1.EncDecAttention.k,127,0.3507418632507324,cross
winogrande,transformer.decoder.block.5.layer.1.EncDecAttention.k,127,0.3556513786315918,corr
winogrande,transformer.decoder.block.5.layer.1.EncDecAttention.k,127,0.30625978112220764,drift
winogrande,transformer.decoder.block.5.layer.1.EncDecAttention.k,127,0.38079115748405457,tot
winogrande,transformer.decoder.block.5.layer.1.EncDecAttention.k,127,-0.24137741327285767,$\delta_\text{gsc}$
winogrande,transformer.decoder.block.5.layer.1.EncDecAttention.k,127,-0.39048445224761963,$\delta_\text{ssc}$
winogrande,transformer.decoder.block.5.layer.1.EncDecAttention.v,128,0.1789151430130005,cross
winogrande,transformer.decoder.block.5.layer.1.EncDecAttention.v,128,0.4499061405658722,corr
winogrande,transformer.decoder.block.5.layer.1.EncDecAttention.v,128,0.3246118128299713,drift
winogrande,transformer.decoder.block.5.layer.1.EncDecAttention.v,128,0.4539971649646759,tot
winogrande,transformer.decoder.block.5.layer.1.EncDecAttention.v,128,-0.14493507146835327,$\delta_\text{gsc}$
winogrande,transformer.decoder.block.5.layer.1.EncDecAttention.v,128,-0.3545008599758148,$\delta_\text{ssc}$
winogrande,transformer.decoder.block.5.layer.1.EncDecAttention.o,129,0.29631996154785156,cross
winogrande,transformer.decoder.block.5.layer.1.EncDecAttention.o,129,0.2219955027103424,corr
winogrande,transformer.decoder.block.5.layer.1.EncDecAttention.o,129,0.17388300597667694,drift
winogrande,transformer.decoder.block.5.layer.1.EncDecAttention.o,129,0.4219781756401062,tot
winogrande,transformer.decoder.block.5.layer.1.EncDecAttention.o,129,-0.2165992558002472,$\delta_\text{gsc}$
winogrande,transformer.decoder.block.5.layer.1.EncDecAttention.o,129,-0.05362103879451752,$\delta_\text{ssc}$
winogrande,transformer.decoder.block.5.layer.2.DenseReluDense.wi,130,0.13818573951721191,cross
winogrande,transformer.decoder.block.5.layer.2.DenseReluDense.wi,130,0.33493945002555847,corr
winogrande,transformer.decoder.block.5.layer.2.DenseReluDense.wi,130,0.17159172892570496,drift
winogrande,transformer.decoder.block.5.layer.2.DenseReluDense.wi,130,0.42969128489494324,tot
winogrande,transformer.decoder.block.5.layer.2.DenseReluDense.wi,130,-0.11939588189125061,$\delta_\text{gsc}$
winogrande,transformer.decoder.block.5.layer.2.DenseReluDense.wi,130,-0.0956297516822815,$\delta_\text{ssc}$
winogrande,transformer.decoder.block.5.layer.2.DenseReluDense.wo,131,0.37653231620788574,cross
winogrande,transformer.decoder.block.5.layer.2.DenseReluDense.wo,131,0.3318847119808197,corr
winogrande,transformer.decoder.block.5.layer.2.DenseReluDense.wo,131,0.193081334233284,drift
winogrande,transformer.decoder.block.5.layer.2.DenseReluDense.wo,131,0.4086579382419586,tot
winogrande,transformer.decoder.block.5.layer.2.DenseReluDense.wo,131,-0.35111314058303833,$\delta_\text{gsc}$
winogrande,transformer.decoder.block.5.layer.2.DenseReluDense.wo,131,-0.1417272835969925,$\delta_\text{ssc}$
winogrande,transformer.decoder.block.6.layer.0.SelfAttention.q,132,0.10828500241041183,cross
winogrande,transformer.decoder.block.6.layer.0.SelfAttention.q,132,0.1971748322248459,corr
winogrande,transformer.decoder.block.6.layer.0.SelfAttention.q,132,0.2687036693096161,drift
winogrande,transformer.decoder.block.6.layer.0.SelfAttention.q,132,0.329338014125824,tot
winogrande,transformer.decoder.block.6.layer.0.SelfAttention.q,132,-0.06246200203895569,$\delta_\text{gsc}$
winogrande,transformer.decoder.block.6.layer.0.SelfAttention.q,132,-0.18236349523067474,$\delta_\text{ssc}$
winogrande,transformer.decoder.block.6.layer.0.SelfAttention.k,133,0.17974458634853363,cross
winogrande,transformer.decoder.block.6.layer.0.SelfAttention.k,133,0.17510227859020233,corr
winogrande,transformer.decoder.block.6.layer.0.SelfAttention.k,133,0.2630763649940491,drift
winogrande,transformer.decoder.block.6.layer.0.SelfAttention.k,133,0.34122011065483093,tot
winogrande,transformer.decoder.block.6.layer.0.SelfAttention.k,133,-0.1178690642118454,$\delta_\text{gsc}$
winogrande,transformer.decoder.block.6.layer.0.SelfAttention.k,133,-0.1588340550661087,$\delta_\text{ssc}$
winogrande,transformer.decoder.block.6.layer.0.SelfAttention.v,134,0.15122760832309723,cross
winogrande,transformer.decoder.block.6.layer.0.SelfAttention.v,134,0.4201939105987549,corr
winogrande,transformer.decoder.block.6.layer.0.SelfAttention.v,134,0.17069950699806213,drift
winogrande,transformer.decoder.block.6.layer.0.SelfAttention.v,134,0.47686782479286194,tot
winogrande,transformer.decoder.block.6.layer.0.SelfAttention.v,134,-0.14500415325164795,$\delta_\text{gsc}$
winogrande,transformer.decoder.block.6.layer.0.SelfAttention.v,134,-0.12024906277656555,$\delta_\text{ssc}$
winogrande,transformer.decoder.block.6.layer.0.SelfAttention.o,135,0.33819279074668884,cross
winogrande,transformer.decoder.block.6.layer.0.SelfAttention.o,135,0.444587767124176,corr
winogrande,transformer.decoder.block.6.layer.0.SelfAttention.o,135,0.39069974422454834,drift
winogrande,transformer.decoder.block.6.layer.0.SelfAttention.o,135,0.4304504096508026,tot
winogrande,transformer.decoder.block.6.layer.0.SelfAttention.o,135,-0.23016342520713806,$\delta_\text{gsc}$
winogrande,transformer.decoder.block.6.layer.0.SelfAttention.o,135,-0.5128664970397949,$\delta_\text{ssc}$
winogrande,transformer.decoder.block.6.layer.1.EncDecAttention.q,136,0.12184950709342957,cross
winogrande,transformer.decoder.block.6.layer.1.EncDecAttention.q,136,0.1115204393863678,corr
winogrande,transformer.decoder.block.6.layer.1.EncDecAttention.q,136,0.17632688581943512,drift
winogrande,transformer.decoder.block.6.layer.1.EncDecAttention.q,136,0.2775634527206421,tot
winogrande,transformer.decoder.block.6.layer.1.EncDecAttention.q,136,-0.10113030672073364,$\delta_\text{gsc}$
winogrande,transformer.decoder.block.6.layer.1.EncDecAttention.q,136,-0.03100307285785675,$\delta_\text{ssc}$
winogrande,transformer.decoder.block.6.layer.1.EncDecAttention.k,137,0.4024389088153839,cross
winogrande,transformer.decoder.block.6.layer.1.EncDecAttention.k,137,0.4336874783039093,corr
winogrande,transformer.decoder.block.6.layer.1.EncDecAttention.k,137,0.29892078042030334,drift
winogrande,transformer.decoder.block.6.layer.1.EncDecAttention.k,137,0.4247089624404907,tot
winogrande,transformer.decoder.block.6.layer.1.EncDecAttention.k,137,-0.391783207654953,$\delta_\text{gsc}$
winogrande,transformer.decoder.block.6.layer.1.EncDecAttention.k,137,-0.31855499744415283,$\delta_\text{ssc}$
winogrande,transformer.decoder.block.6.layer.1.EncDecAttention.v,138,0.2642677426338196,cross
winogrande,transformer.decoder.block.6.layer.1.EncDecAttention.v,138,0.4262356162071228,corr
winogrande,transformer.decoder.block.6.layer.1.EncDecAttention.v,138,0.3238164782524109,drift
winogrande,transformer.decoder.block.6.layer.1.EncDecAttention.v,138,0.4506385326385498,tot
winogrande,transformer.decoder.block.6.layer.1.EncDecAttention.v,138,-0.20538753271102905,$\delta_\text{gsc}$
winogrande,transformer.decoder.block.6.layer.1.EncDecAttention.v,138,-0.3582937717437744,$\delta_\text{ssc}$
winogrande,transformer.decoder.block.6.layer.1.EncDecAttention.o,139,0.3533250689506531,cross
winogrande,transformer.decoder.block.6.layer.1.EncDecAttention.o,139,0.2132246345281601,corr
winogrande,transformer.decoder.block.6.layer.1.EncDecAttention.o,139,0.17375688254833221,drift
winogrande,transformer.decoder.block.6.layer.1.EncDecAttention.o,139,0.43961039185523987,tot
winogrande,transformer.decoder.block.6.layer.1.EncDecAttention.o,139,-0.24665489792823792,$\delta_\text{gsc}$
winogrande,transformer.decoder.block.6.layer.1.EncDecAttention.o,139,-0.0540412962436676,$\delta_\text{ssc}$
winogrande,transformer.decoder.block.6.layer.2.DenseReluDense.wi,140,0.1468658298254013,cross
winogrande,transformer.decoder.block.6.layer.2.DenseReluDense.wi,140,0.3425687849521637,corr
winogrande,transformer.decoder.block.6.layer.2.DenseReluDense.wi,140,0.1788104623556137,drift
winogrande,transformer.decoder.block.6.layer.2.DenseReluDense.wi,140,0.4435032308101654,tot
winogrande,transformer.decoder.block.6.layer.2.DenseReluDense.wi,140,-0.12506318092346191,$\delta_\text{gsc}$
winogrande,transformer.decoder.block.6.layer.2.DenseReluDense.wi,140,-0.0996786504983902,$\delta_\text{ssc}$
winogrande,transformer.decoder.block.6.layer.2.DenseReluDense.wo,141,0.37833330035209656,cross
winogrande,transformer.decoder.block.6.layer.2.DenseReluDense.wo,141,0.3133457601070404,corr
winogrande,transformer.decoder.block.6.layer.2.DenseReluDense.wo,141,0.2248111516237259,drift
winogrande,transformer.decoder.block.6.layer.2.DenseReluDense.wo,141,0.4059608578681946,tot
winogrande,transformer.decoder.block.6.layer.2.DenseReluDense.wo,141,-0.3316040337085724,$\delta_\text{gsc}$
winogrande,transformer.decoder.block.6.layer.2.DenseReluDense.wo,141,-0.1789253205060959,$\delta_\text{ssc}$
winogrande,transformer.decoder.block.7.layer.0.SelfAttention.q,142,0.08874264359474182,cross
winogrande,transformer.decoder.block.7.layer.0.SelfAttention.q,142,0.19948501884937286,corr
winogrande,transformer.decoder.block.7.layer.0.SelfAttention.q,142,0.2991155683994293,drift
winogrande,transformer.decoder.block.7.layer.0.SelfAttention.q,142,0.3664515018463135,tot
winogrande,transformer.decoder.block.7.layer.0.SelfAttention.q,142,-0.05655732750892639,$\delta_\text{gsc}$
winogrande,transformer.decoder.block.7.layer.0.SelfAttention.q,142,-0.16433440148830414,$\delta_\text{ssc}$
winogrande,transformer.decoder.block.7.layer.0.SelfAttention.k,143,0.15772774815559387,cross
winogrande,transformer.decoder.block.7.layer.0.SelfAttention.k,143,0.18660520017147064,corr
winogrande,transformer.decoder.block.7.layer.0.SelfAttention.k,143,0.2901320159435272,drift
winogrande,transformer.decoder.block.7.layer.0.SelfAttention.k,143,0.3785324990749359,tot
winogrande,transformer.decoder.block.7.layer.0.SelfAttention.k,143,-0.11225813627243042,$\delta_\text{gsc}$
winogrande,transformer.decoder.block.7.layer.0.SelfAttention.k,143,-0.1436743289232254,$\delta_\text{ssc}$
winogrande,transformer.decoder.block.7.layer.0.SelfAttention.v,144,0.21049459278583527,cross
winogrande,transformer.decoder.block.7.layer.0.SelfAttention.v,144,0.421316534280777,corr
winogrande,transformer.decoder.block.7.layer.0.SelfAttention.v,144,0.16418783366680145,drift
winogrande,transformer.decoder.block.7.layer.0.SelfAttention.v,144,0.4723968505859375,tot
winogrande,transformer.decoder.block.7.layer.0.SelfAttention.v,144,-0.2041376233100891,$\delta_\text{gsc}$
winogrande,transformer.decoder.block.7.layer.0.SelfAttention.v,144,-0.11946447193622589,$\delta_\text{ssc}$
winogrande,transformer.decoder.block.7.layer.0.SelfAttention.o,145,0.34519416093826294,cross
winogrande,transformer.decoder.block.7.layer.0.SelfAttention.o,145,0.3998000919818878,corr
winogrande,transformer.decoder.block.7.layer.0.SelfAttention.o,145,0.2891524136066437,drift
winogrande,transformer.decoder.block.7.layer.0.SelfAttention.o,145,0.418489009141922,tot
winogrande,transformer.decoder.block.7.layer.0.SelfAttention.o,145,-0.2869601547718048,$\delta_\text{gsc}$
winogrande,transformer.decoder.block.7.layer.0.SelfAttention.o,145,-0.3286975026130676,$\delta_\text{ssc}$
winogrande,transformer.decoder.block.7.layer.1.EncDecAttention.q,146,0.1349048912525177,cross
winogrande,transformer.decoder.block.7.layer.1.EncDecAttention.q,146,0.17435705661773682,corr
winogrande,transformer.decoder.block.7.layer.1.EncDecAttention.q,146,0.20864607393741608,drift
winogrande,transformer.decoder.block.7.layer.1.EncDecAttention.q,146,0.3624873757362366,tot
winogrande,transformer.decoder.block.7.layer.1.EncDecAttention.q,146,-0.11535555124282837,$\delta_\text{gsc}$
winogrande,transformer.decoder.block.7.layer.1.EncDecAttention.q,146,-0.04006509482860565,$\delta_\text{ssc}$
winogrande,transformer.decoder.block.7.layer.1.EncDecAttention.k,147,0.41545671224594116,cross
winogrande,transformer.decoder.block.7.layer.1.EncDecAttention.k,147,0.40895602107048035,corr
winogrande,transformer.decoder.block.7.layer.1.EncDecAttention.k,147,0.3042110204696655,drift
winogrande,transformer.decoder.block.7.layer.1.EncDecAttention.k,147,0.4051092863082886,tot
winogrande,transformer.decoder.block.7.layer.1.EncDecAttention.k,147,-0.3885318636894226,$\delta_\text{gsc}$
winogrande,transformer.decoder.block.7.layer.1.EncDecAttention.k,147,-0.33498260378837585,$\delta_\text{ssc}$
winogrande,transformer.decoder.block.7.layer.1.EncDecAttention.v,148,0.26679641008377075,cross
winogrande,transformer.decoder.block.7.layer.1.EncDecAttention.v,148,0.4370666742324829,corr
winogrande,transformer.decoder.block.7.layer.1.EncDecAttention.v,148,0.33100512623786926,drift
winogrande,transformer.decoder.block.7.layer.1.EncDecAttention.v,148,0.4662764370441437,tot
winogrande,transformer.decoder.block.7.layer.1.EncDecAttention.v,148,-0.21116375923156738,$\delta_\text{gsc}$
winogrande,transformer.decoder.block.7.layer.1.EncDecAttention.v,148,-0.35742801427841187,$\delta_\text{ssc}$
winogrande,transformer.decoder.block.7.layer.1.EncDecAttention.o,149,0.3250020146369934,cross
winogrande,transformer.decoder.block.7.layer.1.EncDecAttention.o,149,0.15781889855861664,corr
winogrande,transformer.decoder.block.7.layer.1.EncDecAttention.o,149,0.17781765758991241,drift
winogrande,transformer.decoder.block.7.layer.1.EncDecAttention.o,149,0.39529019594192505,tot
winogrande,transformer.decoder.block.7.layer.1.EncDecAttention.o,149,-0.17837941646575928,$\delta_\text{gsc}$
winogrande,transformer.decoder.block.7.layer.1.EncDecAttention.o,149,-0.08696895837783813,$\delta_\text{ssc}$
winogrande,transformer.decoder.block.7.layer.2.DenseReluDense.wi,150,0.1596764624118805,cross
winogrande,transformer.decoder.block.7.layer.2.DenseReluDense.wi,150,0.33485928177833557,corr
winogrande,transformer.decoder.block.7.layer.2.DenseReluDense.wi,150,0.1906348019838333,drift
winogrande,transformer.decoder.block.7.layer.2.DenseReluDense.wi,150,0.4375792443752289,tot
winogrande,transformer.decoder.block.7.layer.2.DenseReluDense.wi,150,-0.13750594854354858,$\delta_\text{gsc}$
winogrande,transformer.decoder.block.7.layer.2.DenseReluDense.wi,150,-0.11008535325527191,$\delta_\text{ssc}$
winogrande,transformer.decoder.block.7.layer.2.DenseReluDense.wo,151,0.41538479924201965,cross
winogrande,transformer.decoder.block.7.layer.2.DenseReluDense.wo,151,0.36218011379241943,corr
winogrande,transformer.decoder.block.7.layer.2.DenseReluDense.wo,151,0.15179792046546936,drift
winogrande,transformer.decoder.block.7.layer.2.DenseReluDense.wo,151,0.44750696420669556,tot
winogrande,transformer.decoder.block.7.layer.2.DenseReluDense.wo,151,-0.35788416862487793,$\delta_\text{gsc}$
winogrande,transformer.decoder.block.7.layer.2.DenseReluDense.wo,151,-0.12397170066833496,$\delta_\text{ssc}$
winogrande,transformer.decoder.block.8.layer.0.SelfAttention.q,152,0.17425419390201569,cross
winogrande,transformer.decoder.block.8.layer.0.SelfAttention.q,152,0.21817705035209656,corr
winogrande,transformer.decoder.block.8.layer.0.SelfAttention.q,152,0.23647072911262512,drift
winogrande,transformer.decoder.block.8.layer.0.SelfAttention.q,152,0.38413453102111816,tot
winogrande,transformer.decoder.block.8.layer.0.SelfAttention.q,152,-0.08145876228809357,$\delta_\text{gsc}$
winogrande,transformer.decoder.block.8.layer.0.SelfAttention.q,152,-0.16330868005752563,$\delta_\text{ssc}$
winogrande,transformer.decoder.block.8.layer.0.SelfAttention.k,153,0.2526133358478546,cross
winogrande,transformer.decoder.block.8.layer.0.SelfAttention.k,153,0.1871204674243927,corr
winogrande,transformer.decoder.block.8.layer.0.SelfAttention.k,153,0.22046130895614624,drift
winogrande,transformer.decoder.block.8.layer.0.SelfAttention.k,153,0.40598276257514954,tot
winogrande,transformer.decoder.block.8.layer.0.SelfAttention.k,153,-0.12549680471420288,$\delta_\text{gsc}$
winogrande,transformer.decoder.block.8.layer.0.SelfAttention.k,153,-0.12871554493904114,$\delta_\text{ssc}$
winogrande,transformer.decoder.block.8.layer.0.SelfAttention.v,154,0.20000462234020233,cross
winogrande,transformer.decoder.block.8.layer.0.SelfAttention.v,154,0.3774862587451935,corr
winogrande,transformer.decoder.block.8.layer.0.SelfAttention.v,154,0.1657925397157669,drift
winogrande,transformer.decoder.block.8.layer.0.SelfAttention.v,154,0.46866050362586975,tot
winogrande,transformer.decoder.block.8.layer.0.SelfAttention.v,154,-0.17645320296287537,$\delta_\text{gsc}$
winogrande,transformer.decoder.block.8.layer.0.SelfAttention.v,154,-0.09816969931125641,$\delta_\text{ssc}$
winogrande,transformer.decoder.block.8.layer.0.SelfAttention.o,155,0.3839864730834961,cross
winogrande,transformer.decoder.block.8.layer.0.SelfAttention.o,155,0.36125409603118896,corr
winogrande,transformer.decoder.block.8.layer.0.SelfAttention.o,155,0.2783874273300171,drift
winogrande,transformer.decoder.block.8.layer.0.SelfAttention.o,155,0.4698324203491211,tot
winogrande,transformer.decoder.block.8.layer.0.SelfAttention.o,155,-0.1873362958431244,$\delta_\text{gsc}$
winogrande,transformer.decoder.block.8.layer.0.SelfAttention.o,155,-0.36645928025245667,$\delta_\text{ssc}$
winogrande,transformer.decoder.block.8.layer.1.EncDecAttention.q,156,0.15261150896549225,cross
winogrande,transformer.decoder.block.8.layer.1.EncDecAttention.q,156,0.22955407202243805,corr
winogrande,transformer.decoder.block.8.layer.1.EncDecAttention.q,156,0.19450677931308746,drift
winogrande,transformer.decoder.block.8.layer.1.EncDecAttention.q,156,0.3936685025691986,tot
winogrande,transformer.decoder.block.8.layer.1.EncDecAttention.q,156,-0.13595159351825714,$\delta_\text{gsc}$
winogrande,transformer.decoder.block.8.layer.1.EncDecAttention.q,156,-0.04705226421356201,$\delta_\text{ssc}$
winogrande,transformer.decoder.block.8.layer.1.EncDecAttention.k,157,0.3833736777305603,cross
winogrande,transformer.decoder.block.8.layer.1.EncDecAttention.k,157,0.4163590371608734,corr
winogrande,transformer.decoder.block.8.layer.1.EncDecAttention.k,157,0.2994745373725891,drift
winogrande,transformer.decoder.block.8.layer.1.EncDecAttention.k,157,0.412575364112854,tot
winogrande,transformer.decoder.block.8.layer.1.EncDecAttention.k,157,-0.35679784417152405,$\delta_\text{gsc}$
winogrande,transformer.decoder.block.8.layer.1.EncDecAttention.k,157,-0.3298340439796448,$\delta_\text{ssc}$
winogrande,transformer.decoder.block.8.layer.1.EncDecAttention.v,158,0.28373369574546814,cross
winogrande,transformer.decoder.block.8.layer.1.EncDecAttention.v,158,0.42533665895462036,corr
winogrande,transformer.decoder.block.8.layer.1.EncDecAttention.v,158,0.3264906108379364,drift
winogrande,transformer.decoder.block.8.layer.1.EncDecAttention.v,158,0.46960243582725525,tot
winogrande,transformer.decoder.block.8.layer.1.EncDecAttention.v,158,-0.20408868789672852,$\delta_\text{gsc}$
winogrande,transformer.decoder.block.8.layer.1.EncDecAttention.v,158,-0.36186984181404114,$\delta_\text{ssc}$
winogrande,transformer.decoder.block.8.layer.1.EncDecAttention.o,159,0.3955807089805603,cross
winogrande,transformer.decoder.block.8.layer.1.EncDecAttention.o,159,0.11221635341644287,corr
winogrande,transformer.decoder.block.8.layer.1.EncDecAttention.o,159,0.14329411089420319,drift
winogrande,transformer.decoder.block.8.layer.1.EncDecAttention.o,159,0.41545727849006653,tot
winogrande,transformer.decoder.block.8.layer.1.EncDecAttention.o,159,-0.13125751912593842,$\delta_\text{gsc}$
winogrande,transformer.decoder.block.8.layer.1.EncDecAttention.o,159,-0.10437637567520142,$\delta_\text{ssc}$
winogrande,transformer.decoder.block.8.layer.2.DenseReluDense.wi,160,0.17735496163368225,cross
winogrande,transformer.decoder.block.8.layer.2.DenseReluDense.wi,160,0.32104456424713135,corr
winogrande,transformer.decoder.block.8.layer.2.DenseReluDense.wi,160,0.19250741600990295,drift
winogrande,transformer.decoder.block.8.layer.2.DenseReluDense.wi,160,0.4442627727985382,tot
winogrande,transformer.decoder.block.8.layer.2.DenseReluDense.wi,160,-0.14294448494911194,$\delta_\text{gsc}$
winogrande,transformer.decoder.block.8.layer.2.DenseReluDense.wi,160,-0.1036996841430664,$\delta_\text{ssc}$
winogrande,transformer.decoder.block.8.layer.2.DenseReluDense.wo,161,0.3648544251918793,cross
winogrande,transformer.decoder.block.8.layer.2.DenseReluDense.wo,161,0.31787315011024475,corr
winogrande,transformer.decoder.block.8.layer.2.DenseReluDense.wo,161,0.13245774805545807,drift
winogrande,transformer.decoder.block.8.layer.2.DenseReluDense.wo,161,0.4581969380378723,tot
winogrande,transformer.decoder.block.8.layer.2.DenseReluDense.wo,161,-0.29414868354797363,$\delta_\text{gsc}$
winogrande,transformer.decoder.block.8.layer.2.DenseReluDense.wo,161,-0.06283970177173615,$\delta_\text{ssc}$
winogrande,transformer.decoder.block.9.layer.0.SelfAttention.q,162,0.06676975637674332,cross
winogrande,transformer.decoder.block.9.layer.0.SelfAttention.q,162,0.20897147059440613,corr
winogrande,transformer.decoder.block.9.layer.0.SelfAttention.q,162,0.3411684036254883,drift
winogrande,transformer.decoder.block.9.layer.0.SelfAttention.q,162,0.39168354868888855,tot
winogrande,transformer.decoder.block.9.layer.0.SelfAttention.q,162,-0.05071797966957092,$\delta_\text{gsc}$
winogrande,transformer.decoder.block.9.layer.0.SelfAttention.q,162,-0.17450809478759766,$\delta_\text{ssc}$
winogrande,transformer.decoder.block.9.layer.0.SelfAttention.k,163,0.18539635837078094,cross
winogrande,transformer.decoder.block.9.layer.0.SelfAttention.k,163,0.1720421016216278,corr
winogrande,transformer.decoder.block.9.layer.0.SelfAttention.k,163,0.32336652278900146,drift
winogrande,transformer.decoder.block.9.layer.0.SelfAttention.k,163,0.4160982370376587,tot
winogrande,transformer.decoder.block.9.layer.0.SelfAttention.k,163,-0.1301172822713852,$\delta_\text{gsc}$
winogrande,transformer.decoder.block.9.layer.0.SelfAttention.k,163,-0.13458946347236633,$\delta_\text{ssc}$
winogrande,transformer.decoder.block.9.layer.0.SelfAttention.v,164,0.25324544310569763,cross
winogrande,transformer.decoder.block.9.layer.0.SelfAttention.v,164,0.3513730466365814,corr
winogrande,transformer.decoder.block.9.layer.0.SelfAttention.v,164,0.17380258440971375,drift
winogrande,transformer.decoder.block.9.layer.0.SelfAttention.v,164,0.46171942353248596,tot
winogrande,transformer.decoder.block.9.layer.0.SelfAttention.v,164,-0.2175356149673462,$\delta_\text{gsc}$
winogrande,transformer.decoder.block.9.layer.0.SelfAttention.v,164,-0.09916603565216064,$\delta_\text{ssc}$
winogrande,transformer.decoder.block.9.layer.0.SelfAttention.o,165,0.4155736565589905,cross
winogrande,transformer.decoder.block.9.layer.0.SelfAttention.o,165,0.3517657220363617,corr
winogrande,transformer.decoder.block.9.layer.0.SelfAttention.o,165,0.19719000160694122,drift
winogrande,transformer.decoder.block.9.layer.0.SelfAttention.o,165,0.47078937292099,tot
winogrande,transformer.decoder.block.9.layer.0.SelfAttention.o,165,-0.26158520579338074,$\delta_\text{gsc}$
winogrande,transformer.decoder.block.9.layer.0.SelfAttention.o,165,-0.23215480148792267,$\delta_\text{ssc}$
winogrande,transformer.decoder.block.9.layer.1.EncDecAttention.q,166,0.2669072151184082,cross
winogrande,transformer.decoder.block.9.layer.1.EncDecAttention.q,166,0.32338762283325195,corr
winogrande,transformer.decoder.block.9.layer.1.EncDecAttention.q,166,0.15135829150676727,drift
winogrande,transformer.decoder.block.9.layer.1.EncDecAttention.q,166,0.421925812959671,tot
winogrande,transformer.decoder.block.9.layer.1.EncDecAttention.q,166,-0.2591892182826996,$\delta_\text{gsc}$
winogrande,transformer.decoder.block.9.layer.1.EncDecAttention.q,166,-0.060538098216056824,$\delta_\text{ssc}$
winogrande,transformer.decoder.block.9.layer.1.EncDecAttention.k,167,0.42690399289131165,cross
winogrande,transformer.decoder.block.9.layer.1.EncDecAttention.k,167,0.43271371722221375,corr
winogrande,transformer.decoder.block.9.layer.1.EncDecAttention.k,167,0.3035496175289154,drift
winogrande,transformer.decoder.block.9.layer.1.EncDecAttention.k,167,0.44246312975883484,tot
winogrande,transformer.decoder.block.9.layer.1.EncDecAttention.k,167,-0.4005984961986542,$\delta_\text{gsc}$
winogrande,transformer.decoder.block.9.layer.1.EncDecAttention.k,167,-0.3201057016849518,$\delta_\text{ssc}$
winogrande,transformer.decoder.block.9.layer.1.EncDecAttention.v,168,0.30579787492752075,cross
winogrande,transformer.decoder.block.9.layer.1.EncDecAttention.v,168,0.4461188018321991,corr
winogrande,transformer.decoder.block.9.layer.1.EncDecAttention.v,168,0.33229777216911316,drift
winogrande,transformer.decoder.block.9.layer.1.EncDecAttention.v,168,0.45275649428367615,tot
winogrande,transformer.decoder.block.9.layer.1.EncDecAttention.v,168,-0.2824799120426178,$\delta_\text{gsc}$
winogrande,transformer.decoder.block.9.layer.1.EncDecAttention.v,168,-0.34897804260253906,$\delta_\text{ssc}$
winogrande,transformer.decoder.block.9.layer.1.EncDecAttention.o,169,0.3703309893608093,cross
winogrande,transformer.decoder.block.9.layer.1.EncDecAttention.o,169,0.11816613376140594,corr
winogrande,transformer.decoder.block.9.layer.1.EncDecAttention.o,169,0.13584916293621063,drift
winogrande,transformer.decoder.block.9.layer.1.EncDecAttention.o,169,0.3940267860889435,tot
winogrande,transformer.decoder.block.9.layer.1.EncDecAttention.o,169,-0.12694521248340607,$\delta_\text{gsc}$
winogrande,transformer.decoder.block.9.layer.1.EncDecAttention.o,169,-0.10337428748607635,$\delta_\text{ssc}$
winogrande,transformer.decoder.block.9.layer.2.DenseReluDense.wi,170,0.15301769971847534,cross
winogrande,transformer.decoder.block.9.layer.2.DenseReluDense.wi,170,0.2935202419757843,corr
winogrande,transformer.decoder.block.9.layer.2.DenseReluDense.wi,170,0.19934143126010895,drift
winogrande,transformer.decoder.block.9.layer.2.DenseReluDense.wi,170,0.46227359771728516,tot
winogrande,transformer.decoder.block.9.layer.2.DenseReluDense.wi,170,-0.096180260181427,$\delta_\text{gsc}$
winogrande,transformer.decoder.block.9.layer.2.DenseReluDense.wi,170,-0.08742551505565643,$\delta_\text{ssc}$
winogrande,transformer.decoder.block.9.layer.2.DenseReluDense.wo,171,0.3771924674510956,cross
winogrande,transformer.decoder.block.9.layer.2.DenseReluDense.wo,171,0.29460883140563965,corr
winogrande,transformer.decoder.block.9.layer.2.DenseReluDense.wo,171,0.144575297832489,drift
winogrande,transformer.decoder.block.9.layer.2.DenseReluDense.wo,171,0.46036624908447266,tot
winogrande,transformer.decoder.block.9.layer.2.DenseReluDense.wo,171,-0.2985290586948395,$\delta_\text{gsc}$
winogrande,transformer.decoder.block.9.layer.2.DenseReluDense.wo,171,-0.05748128890991211,$\delta_\text{ssc}$
winogrande,transformer.decoder.block.10.layer.0.SelfAttention.q,172,0.053285013884305954,cross
winogrande,transformer.decoder.block.10.layer.0.SelfAttention.q,172,0.1749015748500824,corr
winogrande,transformer.decoder.block.10.layer.0.SelfAttention.q,172,0.29135894775390625,drift
winogrande,transformer.decoder.block.10.layer.0.SelfAttention.q,172,0.3610598146915436,tot
winogrande,transformer.decoder.block.10.layer.0.SelfAttention.q,172,-0.031101584434509277,$\delta_\text{gsc}$
winogrande,transformer.decoder.block.10.layer.0.SelfAttention.q,172,-0.12738412618637085,$\delta_\text{ssc}$
winogrande,transformer.decoder.block.10.layer.0.SelfAttention.k,173,0.23744834959506989,cross
winogrande,transformer.decoder.block.10.layer.0.SelfAttention.k,173,0.13798166811466217,corr
winogrande,transformer.decoder.block.10.layer.0.SelfAttention.k,173,0.26497283577919006,drift
winogrande,transformer.decoder.block.10.layer.0.SelfAttention.k,173,0.4057997763156891,tot
winogrande,transformer.decoder.block.10.layer.0.SelfAttention.k,173,-0.14027033746242523,$\delta_\text{gsc}$
winogrande,transformer.decoder.block.10.layer.0.SelfAttention.k,173,-0.0943327397108078,$\delta_\text{ssc}$
winogrande,transformer.decoder.block.10.layer.0.SelfAttention.v,174,0.2849873900413513,cross
winogrande,transformer.decoder.block.10.layer.0.SelfAttention.v,174,0.25677913427352905,corr
winogrande,transformer.decoder.block.10.layer.0.SelfAttention.v,174,0.18129657208919525,drift
winogrande,transformer.decoder.block.10.layer.0.SelfAttention.v,174,0.4525691568851471,tot
winogrande,transformer.decoder.block.10.layer.0.SelfAttention.v,174,-0.17952191829681396,$\delta_\text{gsc}$
winogrande,transformer.decoder.block.10.layer.0.SelfAttention.v,174,-0.09097202122211456,$\delta_\text{ssc}$
winogrande,transformer.decoder.block.10.layer.0.SelfAttention.o,175,0.4199766218662262,cross
winogrande,transformer.decoder.block.10.layer.0.SelfAttention.o,175,0.2648019790649414,corr
winogrande,transformer.decoder.block.10.layer.0.SelfAttention.o,175,0.1707621067762375,drift
winogrande,transformer.decoder.block.10.layer.0.SelfAttention.o,175,0.4527031481266022,tot
winogrande,transformer.decoder.block.10.layer.0.SelfAttention.o,175,-0.2574889361858368,$\delta_\text{gsc}$
winogrande,transformer.decoder.block.10.layer.0.SelfAttention.o,175,-0.14534862339496613,$\delta_\text{ssc}$
winogrande,transformer.decoder.block.10.layer.1.EncDecAttention.q,176,0.27759265899658203,cross
winogrande,transformer.decoder.block.10.layer.1.EncDecAttention.q,176,0.31030234694480896,corr
winogrande,transformer.decoder.block.10.layer.1.EncDecAttention.q,176,0.1367332637310028,drift
winogrande,transformer.decoder.block.10.layer.1.EncDecAttention.q,176,0.46534377336502075,tot
winogrande,transformer.decoder.block.10.layer.1.EncDecAttention.q,176,-0.2058243751525879,$\delta_\text{gsc}$
winogrande,transformer.decoder.block.10.layer.1.EncDecAttention.q,176,-0.053460121154785156,$\delta_\text{ssc}$
winogrande,transformer.decoder.block.10.layer.1.EncDecAttention.k,177,0.4480687081813812,cross
winogrande,transformer.decoder.block.10.layer.1.EncDecAttention.k,177,0.4390612542629242,corr
winogrande,transformer.decoder.block.10.layer.1.EncDecAttention.k,177,0.3010898232460022,drift
winogrande,transformer.decoder.block.10.layer.1.EncDecAttention.k,177,0.45819810032844543,tot
winogrande,transformer.decoder.block.10.layer.1.EncDecAttention.k,177,-0.4148373305797577,$\delta_\text{gsc}$
winogrande,transformer.decoder.block.10.layer.1.EncDecAttention.k,177,-0.3151843547821045,$\delta_\text{ssc}$
winogrande,transformer.decoder.block.10.layer.1.EncDecAttention.v,178,0.38043802976608276,cross
winogrande,transformer.decoder.block.10.layer.1.EncDecAttention.v,178,0.43523284792900085,corr
winogrande,transformer.decoder.block.10.layer.1.EncDecAttention.v,178,0.31684815883636475,drift
winogrande,transformer.decoder.block.10.layer.1.EncDecAttention.v,178,0.43736594915390015,tot
winogrande,transformer.decoder.block.10.layer.1.EncDecAttention.v,178,-0.3618326783180237,$\delta_\text{gsc}$
winogrande,transformer.decoder.block.10.layer.1.EncDecAttention.v,178,-0.33332040905952454,$\delta_\text{ssc}$
winogrande,transformer.decoder.block.10.layer.1.EncDecAttention.o,179,0.2836720049381256,cross
winogrande,transformer.decoder.block.10.layer.1.EncDecAttention.o,179,0.09834864735603333,corr
winogrande,transformer.decoder.block.10.layer.1.EncDecAttention.o,179,0.14261050522327423,drift
winogrande,transformer.decoder.block.10.layer.1.EncDecAttention.o,179,0.3334769308567047,tot
winogrande,transformer.decoder.block.10.layer.1.EncDecAttention.o,179,-0.07629048824310303,$\delta_\text{gsc}$
winogrande,transformer.decoder.block.10.layer.1.EncDecAttention.o,179,-0.11486373841762543,$\delta_\text{ssc}$
winogrande,transformer.decoder.block.10.layer.2.DenseReluDense.wi,180,0.19810020923614502,cross
winogrande,transformer.decoder.block.10.layer.2.DenseReluDense.wi,180,0.26313623785972595,corr
winogrande,transformer.decoder.block.10.layer.2.DenseReluDense.wi,180,0.18766528367996216,drift
winogrande,transformer.decoder.block.10.layer.2.DenseReluDense.wi,180,0.4512699544429779,tot
winogrande,transformer.decoder.block.10.layer.2.DenseReluDense.wi,180,-0.1124548614025116,$\delta_\text{gsc}$
winogrande,transformer.decoder.block.10.layer.2.DenseReluDense.wi,180,-0.08517691493034363,$\delta_\text{ssc}$
winogrande,transformer.decoder.block.10.layer.2.DenseReluDense.wo,181,0.3550695776939392,cross
winogrande,transformer.decoder.block.10.layer.2.DenseReluDense.wo,181,0.27088820934295654,corr
winogrande,transformer.decoder.block.10.layer.2.DenseReluDense.wo,181,0.18948179483413696,drift
winogrande,transformer.decoder.block.10.layer.2.DenseReluDense.wo,181,0.4776528775691986,tot
winogrande,transformer.decoder.block.10.layer.2.DenseReluDense.wo,181,-0.26826584339141846,$\delta_\text{gsc}$
winogrande,transformer.decoder.block.10.layer.2.DenseReluDense.wo,181,-0.06952086091041565,$\delta_\text{ssc}$
winogrande,transformer.decoder.block.11.layer.0.SelfAttention.q,182,0.13252809643745422,cross
winogrande,transformer.decoder.block.11.layer.0.SelfAttention.q,182,0.17873424291610718,corr
winogrande,transformer.decoder.block.11.layer.0.SelfAttention.q,182,0.217047318816185,drift
winogrande,transformer.decoder.block.11.layer.0.SelfAttention.q,182,0.35518503189086914,tot
winogrande,transformer.decoder.block.11.layer.0.SelfAttention.q,182,-0.048670798540115356,$\delta_\text{gsc}$
winogrande,transformer.decoder.block.11.layer.0.SelfAttention.q,182,-0.1244538277387619,$\delta_\text{ssc}$
winogrande,transformer.decoder.block.11.layer.0.SelfAttention.k,183,0.32613298296928406,cross
winogrande,transformer.decoder.block.11.layer.0.SelfAttention.k,183,0.14056861400604248,corr
winogrande,transformer.decoder.block.11.layer.0.SelfAttention.k,183,0.19490912556648254,drift
winogrande,transformer.decoder.block.11.layer.0.SelfAttention.k,183,0.4073598086833954,tot
winogrande,transformer.decoder.block.11.layer.0.SelfAttention.k,183,-0.16135457158088684,$\delta_\text{gsc}$
winogrande,transformer.decoder.block.11.layer.0.SelfAttention.k,183,-0.09289634227752686,$\delta_\text{ssc}$
winogrande,transformer.decoder.block.11.layer.0.SelfAttention.v,184,0.2977210283279419,cross
winogrande,transformer.decoder.block.11.layer.0.SelfAttention.v,184,0.24169370532035828,corr
winogrande,transformer.decoder.block.11.layer.0.SelfAttention.v,184,0.1569371521472931,drift
winogrande,transformer.decoder.block.11.layer.0.SelfAttention.v,184,0.45946016907691956,tot
winogrande,transformer.decoder.block.11.layer.0.SelfAttention.v,184,-0.16710716485977173,$\delta_\text{gsc}$
winogrande,transformer.decoder.block.11.layer.0.SelfAttention.v,184,-0.06978455185890198,$\delta_\text{ssc}$
winogrande,transformer.decoder.block.11.layer.0.SelfAttention.o,185,0.42732617259025574,cross
winogrande,transformer.decoder.block.11.layer.0.SelfAttention.o,185,0.23649922013282776,corr
winogrande,transformer.decoder.block.11.layer.0.SelfAttention.o,185,0.17231576144695282,drift
winogrande,transformer.decoder.block.11.layer.0.SelfAttention.o,185,0.47700271010398865,tot
winogrande,transformer.decoder.block.11.layer.0.SelfAttention.o,185,-0.21751299500465393,$\delta_\text{gsc}$
winogrande,transformer.decoder.block.11.layer.0.SelfAttention.o,185,-0.14162544906139374,$\delta_\text{ssc}$
winogrande,transformer.decoder.block.11.layer.1.EncDecAttention.q,186,0.2901412546634674,cross
winogrande,transformer.decoder.block.11.layer.1.EncDecAttention.q,186,0.2823002338409424,corr
winogrande,transformer.decoder.block.11.layer.1.EncDecAttention.q,186,0.13570669293403625,drift
winogrande,transformer.decoder.block.11.layer.1.EncDecAttention.q,186,0.4567383825778961,tot
winogrande,transformer.decoder.block.11.layer.1.EncDecAttention.q,186,-0.1909427046775818,$\delta_\text{gsc}$
winogrande,transformer.decoder.block.11.layer.1.EncDecAttention.q,186,-0.06046709418296814,$\delta_\text{ssc}$
winogrande,transformer.decoder.block.11.layer.1.EncDecAttention.k,187,0.4002527892589569,cross
winogrande,transformer.decoder.block.11.layer.1.EncDecAttention.k,187,0.43744856119155884,corr
winogrande,transformer.decoder.block.11.layer.1.EncDecAttention.k,187,0.30220314860343933,drift
winogrande,transformer.decoder.block.11.layer.1.EncDecAttention.k,187,0.45356225967407227,tot
winogrande,transformer.decoder.block.11.layer.1.EncDecAttention.k,187,-0.3706238865852356,$\delta_\text{gsc}$
winogrande,transformer.decoder.block.11.layer.1.EncDecAttention.k,187,-0.3157183527946472,$\delta_\text{ssc}$
winogrande,transformer.decoder.block.11.layer.1.EncDecAttention.v,188,0.37579771876335144,cross
winogrande,transformer.decoder.block.11.layer.1.EncDecAttention.v,188,0.4284437894821167,corr
winogrande,transformer.decoder.block.11.layer.1.EncDecAttention.v,188,0.31432849168777466,drift
winogrande,transformer.decoder.block.11.layer.1.EncDecAttention.v,188,0.4034942090511322,tot
winogrande,transformer.decoder.block.11.layer.1.EncDecAttention.v,188,-0.38047030568122864,$\delta_\text{gsc}$
winogrande,transformer.decoder.block.11.layer.1.EncDecAttention.v,188,-0.33460548520088196,$\delta_\text{ssc}$
winogrande,transformer.decoder.block.11.layer.1.EncDecAttention.o,189,0.2229534536600113,cross
winogrande,transformer.decoder.block.11.layer.1.EncDecAttention.o,189,0.06898792833089828,corr
winogrande,transformer.decoder.block.11.layer.1.EncDecAttention.o,189,0.19732187688350677,drift
winogrande,transformer.decoder.block.11.layer.1.EncDecAttention.o,189,0.37275585532188416,tot
winogrande,transformer.decoder.block.11.layer.1.EncDecAttention.o,189,-0.05431970953941345,$\delta_\text{gsc}$
winogrande,transformer.decoder.block.11.layer.1.EncDecAttention.o,189,-0.06218768656253815,$\delta_\text{ssc}$
winogrande,transformer.decoder.block.11.layer.2.DenseReluDense.wi,190,0.14373654127120972,cross
winogrande,transformer.decoder.block.11.layer.2.DenseReluDense.wi,190,0.24259184300899506,corr
winogrande,transformer.decoder.block.11.layer.2.DenseReluDense.wi,190,0.17622162401676178,drift
winogrande,transformer.decoder.block.11.layer.2.DenseReluDense.wi,190,0.4452999234199524,tot
winogrande,transformer.decoder.block.11.layer.2.DenseReluDense.wi,190,-0.05795559287071228,$\delta_\text{gsc}$
winogrande,transformer.decoder.block.11.layer.2.DenseReluDense.wi,190,-0.05929449200630188,$\delta_\text{ssc}$
winogrande,transformer.decoder.block.11.layer.2.DenseReluDense.wo,191,0.3198451101779938,cross
winogrande,transformer.decoder.block.11.layer.2.DenseReluDense.wo,191,0.20043781399726868,corr
winogrande,transformer.decoder.block.11.layer.2.DenseReluDense.wo,191,0.1272546648979187,drift
winogrande,transformer.decoder.block.11.layer.2.DenseReluDense.wo,191,0.4636666476726532,tot
winogrande,transformer.decoder.block.11.layer.2.DenseReluDense.wo,191,-0.12641140818595886,$\delta_\text{gsc}$
winogrande,transformer.decoder.block.11.layer.2.DenseReluDense.wo,191,-0.05745953321456909,$\delta_\text{ssc}$
winogrande,transformer.lm_head,192,0.13612236082553864,cross
winogrande,transformer.lm_head,192,0.12556539475917816,corr
winogrande,transformer.lm_head,192,0.06049365922808647,drift
winogrande,transformer.lm_head,192,0.1449691355228424,tot
winogrande,transformer.lm_head,192,-0.16789206862449646,$\delta_\text{gsc}$
winogrande,transformer.lm_head,192,-0.009320210665464401,$\delta_\text{ssc}$
paws,transformer.encoder.block.0.layer.0.SelfAttention.q,0,0.04400169104337692,cross
paws,transformer.encoder.block.0.layer.0.SelfAttention.q,0,0.4680221974849701,corr
paws,transformer.encoder.block.0.layer.0.SelfAttention.q,0,0.38607868552207947,drift
paws,transformer.encoder.block.0.layer.0.SelfAttention.q,0,0.4403933882713318,tot
paws,transformer.encoder.block.0.layer.0.SelfAttention.q,0,-0.01389959454536438,$\delta_\text{gsc}$
paws,transformer.encoder.block.0.layer.0.SelfAttention.q,0,-0.4438095986843109,$\delta_\text{ssc}$
paws,transformer.encoder.block.0.layer.0.SelfAttention.k,1,0.22452369332313538,cross
paws,transformer.encoder.block.0.layer.0.SelfAttention.k,1,0.4467790424823761,corr
paws,transformer.encoder.block.0.layer.0.SelfAttention.k,1,0.38652941584587097,drift
paws,transformer.encoder.block.0.layer.0.SelfAttention.k,1,0.3942568600177765,tot
paws,transformer.encoder.block.0.layer.0.SelfAttention.k,1,-0.17722657322883606,$\delta_\text{gsc}$
paws,transformer.encoder.block.0.layer.0.SelfAttention.k,1,-0.4863487184047699,$\delta_\text{ssc}$
paws,transformer.encoder.block.0.layer.0.SelfAttention.v,2,0.19707445800304413,cross
paws,transformer.encoder.block.0.layer.0.SelfAttention.v,2,0.43765100836753845,corr
paws,transformer.encoder.block.0.layer.0.SelfAttention.v,2,0.38519716262817383,drift
paws,transformer.encoder.block.0.layer.0.SelfAttention.v,2,0.35570669174194336,tot
paws,transformer.encoder.block.0.layer.0.SelfAttention.v,2,-0.16420932114124298,$\delta_\text{gsc}$
paws,transformer.encoder.block.0.layer.0.SelfAttention.v,2,-0.5000066161155701,$\delta_\text{ssc}$
paws,transformer.encoder.block.0.layer.0.SelfAttention.o,3,0.13081006705760956,cross
paws,transformer.encoder.block.0.layer.0.SelfAttention.o,3,0.305088073015213,corr
paws,transformer.encoder.block.0.layer.0.SelfAttention.o,3,0.1813635379076004,drift
paws,transformer.encoder.block.0.layer.0.SelfAttention.o,3,0.35877078771591187,tot
paws,transformer.encoder.block.0.layer.0.SelfAttention.o,3,-0.04446716606616974,$\delta_\text{gsc}$
paws,transformer.encoder.block.0.layer.0.SelfAttention.o,3,-0.21402372419834137,$\delta_\text{ssc}$
paws,transformer.encoder.block.0.layer.1.DenseReluDense.wi,4,0.12071892619132996,cross
paws,transformer.encoder.block.0.layer.1.DenseReluDense.wi,4,0.4045889377593994,corr
paws,transformer.encoder.block.0.layer.1.DenseReluDense.wi,4,0.3613679111003876,drift
paws,transformer.encoder.block.0.layer.1.DenseReluDense.wi,4,0.3687134385108948,tot
paws,transformer.encoder.block.0.layer.1.DenseReluDense.wi,4,-0.026040732860565186,$\delta_\text{gsc}$
paws,transformer.encoder.block.0.layer.1.DenseReluDense.wi,4,-0.491921603679657,$\delta_\text{ssc}$
paws,transformer.encoder.block.0.layer.1.DenseReluDense.wo,5,0.16244730353355408,cross
paws,transformer.encoder.block.0.layer.1.DenseReluDense.wo,5,0.4432312250137329,corr
paws,transformer.encoder.block.0.layer.1.DenseReluDense.wo,5,0.418876588344574,drift
paws,transformer.encoder.block.0.layer.1.DenseReluDense.wo,5,0.3746263086795807,tot
paws,transformer.encoder.block.0.layer.1.DenseReluDense.wo,5,-0.058375418186187744,$\delta_\text{gsc}$
paws,transformer.encoder.block.0.layer.1.DenseReluDense.wo,5,-0.5915533900260925,$\delta_\text{ssc}$
paws,transformer.encoder.block.1.layer.0.SelfAttention.q,6,0.052029527723789215,cross
paws,transformer.encoder.block.1.layer.0.SelfAttention.q,6,0.46416211128234863,corr
paws,transformer.encoder.block.1.layer.0.SelfAttention.q,6,0.3982510566711426,drift
paws,transformer.encoder.block.1.layer.0.SelfAttention.q,6,0.4383438229560852,tot
paws,transformer.encoder.block.1.layer.0.SelfAttention.q,6,-0.017246276140213013,$\delta_\text{gsc}$
paws,transformer.encoder.block.1.layer.0.SelfAttention.q,6,-0.4588525891304016,$\delta_\text{ssc}$
paws,transformer.encoder.block.1.layer.0.SelfAttention.k,7,0.25460898876190186,cross
paws,transformer.encoder.block.1.layer.0.SelfAttention.k,7,0.4394719898700714,corr
paws,transformer.encoder.block.1.layer.0.SelfAttention.k,7,0.39854174852371216,drift
paws,transformer.encoder.block.1.layer.0.SelfAttention.k,7,0.4160122275352478,tot
paws,transformer.encoder.block.1.layer.0.SelfAttention.k,7,-0.15644526481628418,$\delta_\text{gsc}$
paws,transformer.encoder.block.1.layer.0.SelfAttention.k,7,-0.520165205001831,$\delta_\text{ssc}$
paws,transformer.encoder.block.1.layer.0.SelfAttention.v,8,0.2748861014842987,cross
paws,transformer.encoder.block.1.layer.0.SelfAttention.v,8,0.44392865896224976,corr
paws,transformer.encoder.block.1.layer.0.SelfAttention.v,8,0.3961796760559082,drift
paws,transformer.encoder.block.1.layer.0.SelfAttention.v,8,0.2944680452346802,tot
paws,transformer.encoder.block.1.layer.0.SelfAttention.v,8,-0.31342729926109314,$\delta_\text{gsc}$
paws,transformer.encoder.block.1.layer.0.SelfAttention.v,8,-0.5070990920066833,$\delta_\text{ssc}$
paws,transformer.encoder.block.1.layer.0.SelfAttention.o,9,0.1770479530096054,cross
paws,transformer.encoder.block.1.layer.0.SelfAttention.o,9,0.30720341205596924,corr
paws,transformer.encoder.block.1.layer.0.SelfAttention.o,9,0.2541307508945465,drift
paws,transformer.encoder.block.1.layer.0.SelfAttention.o,9,0.36694544553756714,tot
paws,transformer.encoder.block.1.layer.0.SelfAttention.o,9,-0.09077124297618866,$\delta_\text{gsc}$
paws,transformer.encoder.block.1.layer.0.SelfAttention.o,9,-0.28066542744636536,$\delta_\text{ssc}$
paws,transformer.encoder.block.1.layer.1.DenseReluDense.wi,10,0.14603519439697266,cross
paws,transformer.encoder.block.1.layer.1.DenseReluDense.wi,10,0.34241434931755066,corr
paws,transformer.encoder.block.1.layer.1.DenseReluDense.wi,10,0.29875603318214417,drift
paws,transformer.encoder.block.1.layer.1.DenseReluDense.wi,10,0.3493572473526001,tot
paws,transformer.encoder.block.1.layer.1.DenseReluDense.wi,10,-0.02210281789302826,$\delta_\text{gsc}$
paws,transformer.encoder.block.1.layer.1.DenseReluDense.wi,10,-0.41574549674987793,$\delta_\text{ssc}$
paws,transformer.encoder.block.1.layer.1.DenseReluDense.wo,11,0.1306789219379425,cross
paws,transformer.encoder.block.1.layer.1.DenseReluDense.wo,11,0.43732979893684387,corr
paws,transformer.encoder.block.1.layer.1.DenseReluDense.wo,11,0.39769601821899414,drift
paws,transformer.encoder.block.1.layer.1.DenseReluDense.wo,11,0.403273344039917,tot
paws,transformer.encoder.block.1.layer.1.DenseReluDense.wo,11,-0.048772335052490234,$\delta_\text{gsc}$
paws,transformer.encoder.block.1.layer.1.DenseReluDense.wo,11,-0.5136590600013733,$\delta_\text{ssc}$
paws,transformer.encoder.block.2.layer.0.SelfAttention.q,12,0.12616118788719177,cross
paws,transformer.encoder.block.2.layer.0.SelfAttention.q,12,0.44845128059387207,corr
paws,transformer.encoder.block.2.layer.0.SelfAttention.q,12,0.4000541865825653,drift
paws,transformer.encoder.block.2.layer.0.SelfAttention.q,12,0.4350591003894806,tot
paws,transformer.encoder.block.2.layer.0.SelfAttention.q,12,-0.04241740703582764,$\delta_\text{gsc}$
paws,transformer.encoder.block.2.layer.0.SelfAttention.q,12,-0.4971901476383209,$\delta_\text{ssc}$
paws,transformer.encoder.block.2.layer.0.SelfAttention.k,13,0.22624728083610535,cross
paws,transformer.encoder.block.2.layer.0.SelfAttention.k,13,0.44511836767196655,corr
paws,transformer.encoder.block.2.layer.0.SelfAttention.k,13,0.40073636174201965,drift
paws,transformer.encoder.block.2.layer.0.SelfAttention.k,13,0.43545031547546387,tot
paws,transformer.encoder.block.2.layer.0.SelfAttention.k,13,-0.12735992670059204,$\delta_\text{gsc}$
paws,transformer.encoder.block.2.layer.0.SelfAttention.k,13,-0.5092917680740356,$\delta_\text{ssc}$
paws,transformer.encoder.block.2.layer.0.SelfAttention.v,14,0.18194809556007385,cross
paws,transformer.encoder.block.2.layer.0.SelfAttention.v,14,0.4396879971027374,corr
paws,transformer.encoder.block.2.layer.0.SelfAttention.v,14,0.400156170129776,drift
paws,transformer.encoder.block.2.layer.0.SelfAttention.v,14,0.32091081142425537,tot
paws,transformer.encoder.block.2.layer.0.SelfAttention.v,14,-0.1755986213684082,$\delta_\text{gsc}$
paws,transformer.encoder.block.2.layer.0.SelfAttention.v,14,-0.5252828598022461,$\delta_\text{ssc}$
paws,transformer.encoder.block.2.layer.0.SelfAttention.o,15,0.14747455716133118,cross
paws,transformer.encoder.block.2.layer.0.SelfAttention.o,15,0.251971960067749,corr
paws,transformer.encoder.block.2.layer.0.SelfAttention.o,15,0.17272773385047913,drift
paws,transformer.encoder.block.2.layer.0.SelfAttention.o,15,0.38666945695877075,tot
paws,transformer.encoder.block.2.layer.0.SelfAttention.o,15,-0.035824716091156006,$\delta_\text{gsc}$
paws,transformer.encoder.block.2.layer.0.SelfAttention.o,15,-0.14968007802963257,$\delta_\text{ssc}$
paws,transformer.encoder.block.2.layer.1.DenseReluDense.wi,16,0.15420857071876526,cross
paws,transformer.encoder.block.2.layer.1.DenseReluDense.wi,16,0.2711152732372284,corr
paws,transformer.encoder.block.2.layer.1.DenseReluDense.wi,16,0.22195252776145935,drift
paws,transformer.encoder.block.2.layer.1.DenseReluDense.wi,16,0.3303223252296448,tot
paws,transformer.encoder.block.2.layer.1.DenseReluDense.wi,16,-0.02289833128452301,$\delta_\text{gsc}$
paws,transformer.encoder.block.2.layer.1.DenseReluDense.wi,16,-0.294055700302124,$\delta_\text{ssc}$
paws,transformer.encoder.block.2.layer.1.DenseReluDense.wo,17,0.1469378024339676,cross
paws,transformer.encoder.block.2.layer.1.DenseReluDense.wo,17,0.3412945568561554,corr
paws,transformer.encoder.block.2.layer.1.DenseReluDense.wo,17,0.16823381185531616,drift
paws,transformer.encoder.block.2.layer.1.DenseReluDense.wo,17,0.3949209451675415,tot
paws,transformer.encoder.block.2.layer.1.DenseReluDense.wo,17,-0.057524070143699646,$\delta_\text{gsc}$
paws,transformer.encoder.block.2.layer.1.DenseReluDense.wo,17,-0.204021155834198,$\delta_\text{ssc}$
paws,transformer.encoder.block.3.layer.0.SelfAttention.q,18,0.2279631495475769,cross
paws,transformer.encoder.block.3.layer.0.SelfAttention.q,18,0.4186457097530365,corr
paws,transformer.encoder.block.3.layer.0.SelfAttention.q,18,0.383212149143219,drift
paws,transformer.encoder.block.3.layer.0.SelfAttention.q,18,0.4203559458255768,tot
paws,transformer.encoder.block.3.layer.0.SelfAttention.q,18,-0.08885538578033447,$\delta_\text{gsc}$
paws,transformer.encoder.block.3.layer.0.SelfAttention.q,18,-0.5206096768379211,$\delta_\text{ssc}$
paws,transformer.encoder.block.3.layer.0.SelfAttention.k,19,0.28447040915489197,cross
paws,transformer.encoder.block.3.layer.0.SelfAttention.k,19,0.42851558327674866,corr
paws,transformer.encoder.block.3.layer.0.SelfAttention.k,19,0.3838973641395569,drift
paws,transformer.encoder.block.3.layer.0.SelfAttention.k,19,0.4373908042907715,tot
paws,transformer.encoder.block.3.layer.0.SelfAttention.k,19,-0.16254836320877075,$\delta_\text{gsc}$
paws,transformer.encoder.block.3.layer.0.SelfAttention.k,19,-0.4969441890716553,$\delta_\text{ssc}$
paws,transformer.encoder.block.3.layer.0.SelfAttention.v,20,0.2016671746969223,cross
paws,transformer.encoder.block.3.layer.0.SelfAttention.v,20,0.4368075132369995,corr
paws,transformer.encoder.block.3.layer.0.SelfAttention.v,20,0.3850681483745575,drift
paws,transformer.encoder.block.3.layer.0.SelfAttention.v,20,0.32481274008750916,tot
paws,transformer.encoder.block.3.layer.0.SelfAttention.v,20,-0.2218521386384964,$\delta_\text{gsc}$
paws,transformer.encoder.block.3.layer.0.SelfAttention.v,20,-0.47687795758247375,$\delta_\text{ssc}$
paws,transformer.encoder.block.3.layer.0.SelfAttention.o,21,0.21948236227035522,cross
paws,transformer.encoder.block.3.layer.0.SelfAttention.o,21,0.19760888814926147,corr
paws,transformer.encoder.block.3.layer.0.SelfAttention.o,21,0.18003441393375397,drift
paws,transformer.encoder.block.3.layer.0.SelfAttention.o,21,0.36173778772354126,tot
paws,transformer.encoder.block.3.layer.0.SelfAttention.o,21,-0.0558963268995285,$\delta_\text{gsc}$
paws,transformer.encoder.block.3.layer.0.SelfAttention.o,21,-0.1794915497303009,$\delta_\text{ssc}$
paws,transformer.encoder.block.3.layer.1.DenseReluDense.wi,22,0.18053311109542847,cross
paws,transformer.encoder.block.3.layer.1.DenseReluDense.wi,22,0.2321106195449829,corr
paws,transformer.encoder.block.3.layer.1.DenseReluDense.wi,22,0.201170414686203,drift
paws,transformer.encoder.block.3.layer.1.DenseReluDense.wi,22,0.3269713521003723,tot
paws,transformer.encoder.block.3.layer.1.DenseReluDense.wi,22,-0.023307576775550842,$\delta_\text{gsc}$
paws,transformer.encoder.block.3.layer.1.DenseReluDense.wi,22,-0.26353520154953003,$\delta_\text{ssc}$
paws,transformer.encoder.block.3.layer.1.DenseReluDense.wo,23,0.15568044781684875,cross
paws,transformer.encoder.block.3.layer.1.DenseReluDense.wo,23,0.24013172090053558,corr
paws,transformer.encoder.block.3.layer.1.DenseReluDense.wo,23,0.06869670003652573,drift
paws,transformer.encoder.block.3.layer.1.DenseReluDense.wo,23,0.346506267786026,tot
paws,transformer.encoder.block.3.layer.1.DenseReluDense.wo,23,-0.038018107414245605,$\delta_\text{gsc}$
paws,transformer.encoder.block.3.layer.1.DenseReluDense.wo,23,-0.07998449355363846,$\delta_\text{ssc}$
paws,transformer.encoder.block.4.layer.0.SelfAttention.q,24,0.24040570855140686,cross
paws,transformer.encoder.block.4.layer.0.SelfAttention.q,24,0.4073229134082794,corr
paws,transformer.encoder.block.4.layer.0.SelfAttention.q,24,0.37707751989364624,drift
paws,transformer.encoder.block.4.layer.0.SelfAttention.q,24,0.3913653790950775,tot
paws,transformer.encoder.block.4.layer.0.SelfAttention.q,24,-0.11415049433708191,$\delta_\text{gsc}$
paws,transformer.encoder.block.4.layer.0.SelfAttention.q,24,-0.5192902684211731,$\delta_\text{ssc}$
paws,transformer.encoder.block.4.layer.0.SelfAttention.k,25,0.23100599646568298,cross
paws,transformer.encoder.block.4.layer.0.SelfAttention.k,25,0.41570597887039185,corr
paws,transformer.encoder.block.4.layer.0.SelfAttention.k,25,0.3782942295074463,drift
paws,transformer.encoder.block.4.layer.0.SelfAttention.k,25,0.41123291850090027,tot
paws,transformer.encoder.block.4.layer.0.SelfAttention.k,25,-0.10549488663673401,$\delta_\text{gsc}$
paws,transformer.encoder.block.4.layer.0.SelfAttention.k,25,-0.5082783699035645,$\delta_\text{ssc}$
paws,transformer.encoder.block.4.layer.0.SelfAttention.v,26,0.1878490298986435,cross
paws,transformer.encoder.block.4.layer.0.SelfAttention.v,26,0.4272423982620239,corr
paws,transformer.encoder.block.4.layer.0.SelfAttention.v,26,0.3812779486179352,drift
paws,transformer.encoder.block.4.layer.0.SelfAttention.v,26,0.3471176326274872,tot
paws,transformer.encoder.block.4.layer.0.SelfAttention.v,26,-0.16197411715984344,$\delta_\text{gsc}$
paws,transformer.encoder.block.4.layer.0.SelfAttention.v,26,-0.487277626991272,$\delta_\text{ssc}$
paws,transformer.encoder.block.4.layer.0.SelfAttention.o,27,0.22738435864448547,cross
paws,transformer.encoder.block.4.layer.0.SelfAttention.o,27,0.2102677971124649,corr
paws,transformer.encoder.block.4.layer.0.SelfAttention.o,27,0.1596125215291977,drift
paws,transformer.encoder.block.4.layer.0.SelfAttention.o,27,0.36887452006340027,tot
paws,transformer.encoder.block.4.layer.0.SelfAttention.o,27,-0.08700230717658997,$\delta_\text{gsc}$
paws,transformer.encoder.block.4.layer.0.SelfAttention.o,27,-0.14138785004615784,$\delta_\text{ssc}$
paws,transformer.encoder.block.4.layer.1.DenseReluDense.wi,28,0.18903344869613647,cross
paws,transformer.encoder.block.4.layer.1.DenseReluDense.wi,28,0.2154422402381897,corr
paws,transformer.encoder.block.4.layer.1.DenseReluDense.wi,28,0.19349387288093567,drift
paws,transformer.encoder.block.4.layer.1.DenseReluDense.wi,28,0.3127261698246002,tot
paws,transformer.encoder.block.4.layer.1.DenseReluDense.wi,28,-0.02780015766620636,$\delta_\text{gsc}$
paws,transformer.encoder.block.4.layer.1.DenseReluDense.wi,28,-0.25744324922561646,$\delta_\text{ssc}$
paws,transformer.encoder.block.4.layer.1.DenseReluDense.wo,29,0.14759808778762817,cross
paws,transformer.encoder.block.4.layer.1.DenseReluDense.wo,29,0.12829047441482544,corr
paws,transformer.encoder.block.4.layer.1.DenseReluDense.wo,29,0.03463321179151535,drift
paws,transformer.encoder.block.4.layer.1.DenseReluDense.wo,29,0.22561049461364746,tot
paws,transformer.encoder.block.4.layer.1.DenseReluDense.wo,29,-0.04929123818874359,$\delta_\text{gsc}$
paws,transformer.encoder.block.4.layer.1.DenseReluDense.wo,29,-0.03562004119157791,$\delta_\text{ssc}$
paws,transformer.encoder.block.5.layer.0.SelfAttention.q,30,0.22125643491744995,cross
paws,transformer.encoder.block.5.layer.0.SelfAttention.q,30,0.41075390577316284,corr
paws,transformer.encoder.block.5.layer.0.SelfAttention.q,30,0.3727760910987854,drift
paws,transformer.encoder.block.5.layer.0.SelfAttention.q,30,0.40062129497528076,tot
paws,transformer.encoder.block.5.layer.0.SelfAttention.q,30,-0.10277101397514343,$\delta_\text{gsc}$
paws,transformer.encoder.block.5.layer.0.SelfAttention.q,30,-0.5013941526412964,$\delta_\text{ssc}$
paws,transformer.encoder.block.5.layer.0.SelfAttention.k,31,0.244355246424675,cross
paws,transformer.encoder.block.5.layer.0.SelfAttention.k,31,0.4138348400592804,corr
paws,transformer.encoder.block.5.layer.0.SelfAttention.k,31,0.37353619933128357,drift
paws,transformer.encoder.block.5.layer.0.SelfAttention.k,31,0.3930746018886566,tot
paws,transformer.encoder.block.5.layer.0.SelfAttention.k,31,-0.13742230832576752,$\delta_\text{gsc}$
paws,transformer.encoder.block.5.layer.0.SelfAttention.k,31,-0.5012294054031372,$\delta_\text{ssc}$
paws,transformer.encoder.block.5.layer.0.SelfAttention.v,32,0.22601225972175598,cross
paws,transformer.encoder.block.5.layer.0.SelfAttention.v,32,0.4295228123664856,corr
paws,transformer.encoder.block.5.layer.0.SelfAttention.v,32,0.3751872777938843,drift
paws,transformer.encoder.block.5.layer.0.SelfAttention.v,32,0.34635987877845764,tot
paws,transformer.encoder.block.5.layer.0.SelfAttention.v,32,-0.21122711896896362,$\delta_\text{gsc}$
paws,transformer.encoder.block.5.layer.0.SelfAttention.v,32,-0.4731353521347046,$\delta_\text{ssc}$
paws,transformer.encoder.block.5.layer.0.SelfAttention.o,33,0.28338301181793213,cross
paws,transformer.encoder.block.5.layer.0.SelfAttention.o,33,0.20760424435138702,corr
paws,transformer.encoder.block.5.layer.0.SelfAttention.o,33,0.17117023468017578,drift
paws,transformer.encoder.block.5.layer.0.SelfAttention.o,33,0.35550233721733093,tot
paws,transformer.encoder.block.5.layer.0.SelfAttention.o,33,-0.12415510416030884,$\delta_\text{gsc}$
paws,transformer.encoder.block.5.layer.0.SelfAttention.o,33,-0.18250004947185516,$\delta_\text{ssc}$
paws,transformer.encoder.block.5.layer.1.DenseReluDense.wi,34,0.18372409045696259,cross
paws,transformer.encoder.block.5.layer.1.DenseReluDense.wi,34,0.22451351583003998,corr
paws,transformer.encoder.block.5.layer.1.DenseReluDense.wi,34,0.2002560794353485,drift
paws,transformer.encoder.block.5.layer.1.DenseReluDense.wi,34,0.3233262598514557,tot
paws,transformer.encoder.block.5.layer.1.DenseReluDense.wi,34,-0.024499177932739258,$\delta_\text{gsc}$
paws,transformer.encoder.block.5.layer.1.DenseReluDense.wi,34,-0.26066824793815613,$\delta_\text{ssc}$
paws,transformer.encoder.block.5.layer.1.DenseReluDense.wo,35,0.17582590878009796,cross
paws,transformer.encoder.block.5.layer.1.DenseReluDense.wo,35,0.25967419147491455,corr
paws,transformer.encoder.block.5.layer.1.DenseReluDense.wo,35,0.08744828402996063,drift
paws,transformer.encoder.block.5.layer.1.DenseReluDense.wo,35,0.354198157787323,tot
paws,transformer.encoder.block.5.layer.1.DenseReluDense.wo,35,-0.0745333582162857,$\delta_\text{gsc}$
paws,transformer.encoder.block.5.layer.1.DenseReluDense.wo,35,-0.09421686828136444,$\delta_\text{ssc}$
paws,transformer.encoder.block.6.layer.0.SelfAttention.q,36,0.23991285264492035,cross
paws,transformer.encoder.block.6.layer.0.SelfAttention.q,36,0.4003904163837433,corr
paws,transformer.encoder.block.6.layer.0.SelfAttention.q,36,0.3640469014644623,drift
paws,transformer.encoder.block.6.layer.0.SelfAttention.q,36,0.39880067110061646,tot
paws,transformer.encoder.block.6.layer.0.SelfAttention.q,36,-0.1065540760755539,$\delta_\text{gsc}$
paws,transformer.encoder.block.6.layer.0.SelfAttention.q,36,-0.49899542331695557,$\delta_\text{ssc}$
paws,transformer.encoder.block.6.layer.0.SelfAttention.k,37,0.23642407357692719,cross
paws,transformer.encoder.block.6.layer.0.SelfAttention.k,37,0.4043990671634674,corr
paws,transformer.encoder.block.6.layer.0.SelfAttention.k,37,0.3628219962120056,drift
paws,transformer.encoder.block.6.layer.0.SelfAttention.k,37,0.41003942489624023,tot
paws,transformer.encoder.block.6.layer.0.SelfAttention.k,37,-0.10188792645931244,$\delta_\text{gsc}$
paws,transformer.encoder.block.6.layer.0.SelfAttention.k,37,-0.49171778559684753,$\delta_\text{ssc}$
paws,transformer.encoder.block.6.layer.0.SelfAttention.v,38,0.2201486974954605,cross
paws,transformer.encoder.block.6.layer.0.SelfAttention.v,38,0.4586736857891083,corr
paws,transformer.encoder.block.6.layer.0.SelfAttention.v,38,0.36375293135643005,drift
paws,transformer.encoder.block.6.layer.0.SelfAttention.v,38,0.37937426567077637,tot
paws,transformer.encoder.block.6.layer.0.SelfAttention.v,38,-0.25286179780960083,$\delta_\text{gsc}$
paws,transformer.encoder.block.6.layer.0.SelfAttention.v,38,-0.41033923625946045,$\delta_\text{ssc}$
paws,transformer.encoder.block.6.layer.0.SelfAttention.o,39,0.3263694643974304,cross
paws,transformer.encoder.block.6.layer.0.SelfAttention.o,39,0.16660663485527039,corr
paws,transformer.encoder.block.6.layer.0.SelfAttention.o,39,0.13658495247364044,drift
paws,transformer.encoder.block.6.layer.0.SelfAttention.o,39,0.3743034601211548,tot
paws,transformer.encoder.block.6.layer.0.SelfAttention.o,39,-0.13520169258117676,$\delta_\text{gsc}$
paws,transformer.encoder.block.6.layer.0.SelfAttention.o,39,-0.1200558990240097,$\delta_\text{ssc}$
paws,transformer.encoder.block.6.layer.1.DenseReluDense.wi,40,0.16171453893184662,cross
paws,transformer.encoder.block.6.layer.1.DenseReluDense.wi,40,0.22009597718715668,corr
paws,transformer.encoder.block.6.layer.1.DenseReluDense.wi,40,0.20003314316272736,drift
paws,transformer.encoder.block.6.layer.1.DenseReluDense.wi,40,0.29080402851104736,tot
paws,transformer.encoder.block.6.layer.1.DenseReluDense.wi,40,-0.028927907347679138,$\delta_\text{gsc}$
paws,transformer.encoder.block.6.layer.1.DenseReluDense.wi,40,-0.26211172342300415,$\delta_\text{ssc}$
paws,transformer.encoder.block.6.layer.1.DenseReluDense.wo,41,0.23754316568374634,cross
paws,transformer.encoder.block.6.layer.1.DenseReluDense.wo,41,0.28948280215263367,corr
paws,transformer.encoder.block.6.layer.1.DenseReluDense.wo,41,0.176063671708107,drift
paws,transformer.encoder.block.6.layer.1.DenseReluDense.wo,41,0.34828418493270874,tot
paws,transformer.encoder.block.6.layer.1.DenseReluDense.wo,41,-0.14779850840568542,$\delta_\text{gsc}$
paws,transformer.encoder.block.6.layer.1.DenseReluDense.wo,41,-0.20700694620609283,$\delta_\text{ssc}$
paws,transformer.encoder.block.7.layer.0.SelfAttention.q,42,0.31484705209732056,cross
paws,transformer.encoder.block.7.layer.0.SelfAttention.q,42,0.3744720220565796,corr
paws,transformer.encoder.block.7.layer.0.SelfAttention.q,42,0.34194087982177734,drift
paws,transformer.encoder.block.7.layer.0.SelfAttention.q,42,0.3771415650844574,tot
paws,transformer.encoder.block.7.layer.0.SelfAttention.q,42,-0.17347893118858337,$\delta_\text{gsc}$
paws,transformer.encoder.block.7.layer.0.SelfAttention.q,42,-0.4806394577026367,$\delta_\text{ssc}$
paws,transformer.encoder.block.7.layer.0.SelfAttention.k,43,0.2057196944952011,cross
paws,transformer.encoder.block.7.layer.0.SelfAttention.k,43,0.4181649386882782,corr
paws,transformer.encoder.block.7.layer.0.SelfAttention.k,43,0.34389162063598633,drift
paws,transformer.encoder.block.7.layer.0.SelfAttention.k,43,0.4203571379184723,tot
paws,transformer.encoder.block.7.layer.0.SelfAttention.k,43,-0.12498117983341217,$\delta_\text{gsc}$
paws,transformer.encoder.block.7.layer.0.SelfAttention.k,43,-0.4224379360675812,$\delta_\text{ssc}$
paws,transformer.encoder.block.7.layer.0.SelfAttention.v,44,0.25187331438064575,cross
paws,transformer.encoder.block.7.layer.0.SelfAttention.v,44,0.44108301401138306,corr
paws,transformer.encoder.block.7.layer.0.SelfAttention.v,44,0.3457353115081787,drift
paws,transformer.encoder.block.7.layer.0.SelfAttention.v,44,0.3775195777416229,tot
paws,transformer.encoder.block.7.layer.0.SelfAttention.v,44,-0.2622499465942383,$\delta_\text{gsc}$
paws,transformer.encoder.block.7.layer.0.SelfAttention.v,44,-0.3989221155643463,$\delta_\text{ssc}$
paws,transformer.encoder.block.7.layer.0.SelfAttention.o,45,0.2795015573501587,cross
paws,transformer.encoder.block.7.layer.0.SelfAttention.o,45,0.13400216400623322,corr
paws,transformer.encoder.block.7.layer.0.SelfAttention.o,45,0.14164716005325317,drift
paws,transformer.encoder.block.7.layer.0.SelfAttention.o,45,0.30824100971221924,tot
paws,transformer.encoder.block.7.layer.0.SelfAttention.o,45,-0.1460941731929779,$\delta_\text{gsc}$
paws,transformer.encoder.block.7.layer.0.SelfAttention.o,45,-0.10081569850444794,$\delta_\text{ssc}$
paws,transformer.encoder.block.7.layer.1.DenseReluDense.wi,46,0.22644895315170288,cross
paws,transformer.encoder.block.7.layer.1.DenseReluDense.wi,46,0.2016160488128662,corr
paws,transformer.encoder.block.7.layer.1.DenseReluDense.wi,46,0.1890326291322708,drift
paws,transformer.encoder.block.7.layer.1.DenseReluDense.wi,46,0.3332071900367737,tot
paws,transformer.encoder.block.7.layer.1.DenseReluDense.wi,46,-0.04111531376838684,$\delta_\text{gsc}$
paws,transformer.encoder.block.7.layer.1.DenseReluDense.wi,46,-0.24277512729167938,$\delta_\text{ssc}$
paws,transformer.encoder.block.7.layer.1.DenseReluDense.wo,47,0.2904540002346039,cross
paws,transformer.encoder.block.7.layer.1.DenseReluDense.wo,47,0.34032320976257324,corr
paws,transformer.encoder.block.7.layer.1.DenseReluDense.wo,47,0.13511602580547333,drift
paws,transformer.encoder.block.7.layer.1.DenseReluDense.wo,47,0.3887816071510315,tot
paws,transformer.encoder.block.7.layer.1.DenseReluDense.wo,47,-0.23019352555274963,$\delta_\text{gsc}$
paws,transformer.encoder.block.7.layer.1.DenseReluDense.wo,47,-0.14691810309886932,$\delta_\text{ssc}$
paws,transformer.encoder.block.8.layer.0.SelfAttention.q,48,0.3576180040836334,cross
paws,transformer.encoder.block.8.layer.0.SelfAttention.q,48,0.36368274688720703,corr
paws,transformer.encoder.block.8.layer.0.SelfAttention.q,48,0.31249094009399414,drift
paws,transformer.encoder.block.8.layer.0.SelfAttention.q,48,0.3699035942554474,tot
paws,transformer.encoder.block.8.layer.0.SelfAttention.q,48,-0.2451494038105011,$\delta_\text{gsc}$
paws,transformer.encoder.block.8.layer.0.SelfAttention.q,48,-0.4187386929988861,$\delta_\text{ssc}$
paws,transformer.encoder.block.8.layer.0.SelfAttention.k,49,0.23084382712841034,cross
paws,transformer.encoder.block.8.layer.0.SelfAttention.k,49,0.37736836075782776,corr
paws,transformer.encoder.block.8.layer.0.SelfAttention.k,49,0.3128557801246643,drift
paws,transformer.encoder.block.8.layer.0.SelfAttention.k,49,0.38517868518829346,tot
paws,transformer.encoder.block.8.layer.0.SelfAttention.k,49,-0.1294681876897812,$\delta_\text{gsc}$
paws,transformer.encoder.block.8.layer.0.SelfAttention.k,49,-0.40642109513282776,$\delta_\text{ssc}$
paws,transformer.encoder.block.8.layer.0.SelfAttention.v,50,0.19645099341869354,cross
paws,transformer.encoder.block.8.layer.0.SelfAttention.v,50,0.4517287015914917,corr
paws,transformer.encoder.block.8.layer.0.SelfAttention.v,50,0.3165391981601715,drift
paws,transformer.encoder.block.8.layer.0.SelfAttention.v,50,0.3884633481502533,tot
paws,transformer.encoder.block.8.layer.0.SelfAttention.v,50,-0.22950349748134613,$\delta_\text{gsc}$
paws,transformer.encoder.block.8.layer.0.SelfAttention.v,50,-0.3467520475387573,$\delta_\text{ssc}$
paws,transformer.encoder.block.8.layer.0.SelfAttention.o,51,0.315413236618042,cross
paws,transformer.encoder.block.8.layer.0.SelfAttention.o,51,0.21850818395614624,corr
paws,transformer.encoder.block.8.layer.0.SelfAttention.o,51,0.13240672647953033,drift
paws,transformer.encoder.block.8.layer.0.SelfAttention.o,51,0.32407477498054504,tot
paws,transformer.encoder.block.8.layer.0.SelfAttention.o,51,-0.24602732062339783,$\delta_\text{gsc}$
paws,transformer.encoder.block.8.layer.0.SelfAttention.o,51,-0.0962260514497757,$\delta_\text{ssc}$
paws,transformer.encoder.block.8.layer.1.DenseReluDense.wi,52,0.15830236673355103,cross
paws,transformer.encoder.block.8.layer.1.DenseReluDense.wi,52,0.20749561488628387,corr
paws,transformer.encoder.block.8.layer.1.DenseReluDense.wi,52,0.18613964319229126,drift
paws,transformer.encoder.block.8.layer.1.DenseReluDense.wi,52,0.2612459361553192,tot
paws,transformer.encoder.block.8.layer.1.DenseReluDense.wi,52,-0.06792019307613373,$\delta_\text{gsc}$
paws,transformer.encoder.block.8.layer.1.DenseReluDense.wi,52,-0.22277149558067322,$\delta_\text{ssc}$
paws,transformer.encoder.block.8.layer.1.DenseReluDense.wo,53,0.32377922534942627,cross
paws,transformer.encoder.block.8.layer.1.DenseReluDense.wo,53,0.35972297191619873,corr
paws,transformer.encoder.block.8.layer.1.DenseReluDense.wo,53,0.24158209562301636,drift
paws,transformer.encoder.block.8.layer.1.DenseReluDense.wo,53,0.3929096460342407,tot
paws,transformer.encoder.block.8.layer.1.DenseReluDense.wo,53,-0.22189563512802124,$\delta_\text{gsc}$
paws,transformer.encoder.block.8.layer.1.DenseReluDense.wo,53,-0.3102790117263794,$\delta_\text{ssc}$
paws,transformer.encoder.block.9.layer.0.SelfAttention.q,54,0.38370731472969055,cross
paws,transformer.encoder.block.9.layer.0.SelfAttention.q,54,0.36291640996932983,corr
paws,transformer.encoder.block.9.layer.0.SelfAttention.q,54,0.29313549399375916,drift
paws,transformer.encoder.block.9.layer.0.SelfAttention.q,54,0.37489014863967896,tot
paws,transformer.encoder.block.9.layer.0.SelfAttention.q,54,-0.28887537121772766,$\delta_\text{gsc}$
paws,transformer.encoder.block.9.layer.0.SelfAttention.q,54,-0.3759936988353729,$\delta_\text{ssc}$
paws,transformer.encoder.block.9.layer.0.SelfAttention.k,55,0.3300023376941681,cross
paws,transformer.encoder.block.9.layer.0.SelfAttention.k,55,0.32810285687446594,corr
paws,transformer.encoder.block.9.layer.0.SelfAttention.k,55,0.29294446110725403,drift
paws,transformer.encoder.block.9.layer.0.SelfAttention.k,55,0.3850497007369995,tot
paws,transformer.encoder.block.9.layer.0.SelfAttention.k,55,-0.16924813389778137,$\delta_\text{gsc}$
paws,transformer.encoder.block.9.layer.0.SelfAttention.k,55,-0.3967518210411072,$\delta_\text{ssc}$
paws,transformer.encoder.block.9.layer.0.SelfAttention.v,56,0.22410041093826294,cross
paws,transformer.encoder.block.9.layer.0.SelfAttention.v,56,0.4202030897140503,corr
paws,transformer.encoder.block.9.layer.0.SelfAttention.v,56,0.2996504008769989,drift
paws,transformer.encoder.block.9.layer.0.SelfAttention.v,56,0.3906080424785614,tot
paws,transformer.encoder.block.9.layer.0.SelfAttention.v,56,-0.21273553371429443,$\delta_\text{gsc}$
paws,transformer.encoder.block.9.layer.0.SelfAttention.v,56,-0.3406103253364563,$\delta_\text{ssc}$
paws,transformer.encoder.block.9.layer.0.SelfAttention.o,57,0.2718954384326935,cross
paws,transformer.encoder.block.9.layer.0.SelfAttention.o,57,0.2042742371559143,corr
paws,transformer.encoder.block.9.layer.0.SelfAttention.o,57,0.14842858910560608,drift
paws,transformer.encoder.block.9.layer.0.SelfAttention.o,57,0.28306844830513,tot
paws,transformer.encoder.block.9.layer.0.SelfAttention.o,57,-0.18289035558700562,$\delta_\text{gsc}$
paws,transformer.encoder.block.9.layer.0.SelfAttention.o,57,-0.15863946080207825,$\delta_\text{ssc}$
paws,transformer.encoder.block.9.layer.1.DenseReluDense.wi,58,0.12675462663173676,cross
paws,transformer.encoder.block.9.layer.1.DenseReluDense.wi,58,0.20645062625408173,corr
paws,transformer.encoder.block.9.layer.1.DenseReluDense.wi,58,0.1734408289194107,drift
paws,transformer.encoder.block.9.layer.1.DenseReluDense.wi,58,0.24452131986618042,tot
paws,transformer.encoder.block.9.layer.1.DenseReluDense.wi,58,-0.06574392318725586,$\delta_\text{gsc}$
paws,transformer.encoder.block.9.layer.1.DenseReluDense.wi,58,-0.1963808387517929,$\delta_\text{ssc}$
paws,transformer.encoder.block.9.layer.1.DenseReluDense.wo,59,0.3370859920978546,cross
paws,transformer.encoder.block.9.layer.1.DenseReluDense.wo,59,0.4140557050704956,corr
paws,transformer.encoder.block.9.layer.1.DenseReluDense.wo,59,0.2688640356063843,drift
paws,transformer.encoder.block.9.layer.1.DenseReluDense.wo,59,0.4098840057849884,tot
paws,transformer.encoder.block.9.layer.1.DenseReluDense.wo,59,-0.2493458390235901,$\delta_\text{gsc}$
paws,transformer.encoder.block.9.layer.1.DenseReluDense.wo,59,-0.360775887966156,$\delta_\text{ssc}$
paws,transformer.encoder.block.10.layer.0.SelfAttention.q,60,0.32779836654663086,cross
paws,transformer.encoder.block.10.layer.0.SelfAttention.q,60,0.37111565470695496,corr
paws,transformer.encoder.block.10.layer.0.SelfAttention.q,60,0.2949613034725189,drift
paws,transformer.encoder.block.10.layer.0.SelfAttention.q,60,0.3541419506072998,tot
paws,transformer.encoder.block.10.layer.0.SelfAttention.q,60,-0.2747018337249756,$\delta_\text{gsc}$
paws,transformer.encoder.block.10.layer.0.SelfAttention.q,60,-0.36503154039382935,$\delta_\text{ssc}$
paws,transformer.encoder.block.10.layer.0.SelfAttention.k,61,0.19848021864891052,cross
paws,transformer.encoder.block.10.layer.0.SelfAttention.k,61,0.40231671929359436,corr
paws,transformer.encoder.block.10.layer.0.SelfAttention.k,61,0.2944263517856598,drift
paws,transformer.encoder.block.10.layer.0.SelfAttention.k,61,0.4159485995769501,tot
paws,transformer.encoder.block.10.layer.0.SelfAttention.k,61,-0.12678468227386475,$\delta_\text{gsc}$
paws,transformer.encoder.block.10.layer.0.SelfAttention.k,61,-0.35249000787734985,$\delta_\text{ssc}$
paws,transformer.encoder.block.10.layer.0.SelfAttention.v,62,0.23802869021892548,cross
paws,transformer.encoder.block.10.layer.0.SelfAttention.v,62,0.44376787543296814,corr
paws,transformer.encoder.block.10.layer.0.SelfAttention.v,62,0.30566102266311646,drift
paws,transformer.encoder.block.10.layer.0.SelfAttention.v,62,0.4085533320903778,tot
paws,transformer.encoder.block.10.layer.0.SelfAttention.v,62,-0.24184627830982208,$\delta_\text{gsc}$
paws,transformer.encoder.block.10.layer.0.SelfAttention.v,62,-0.3370579779148102,$\delta_\text{ssc}$
paws,transformer.encoder.block.10.layer.0.SelfAttention.o,63,0.25293847918510437,cross
paws,transformer.encoder.block.10.layer.0.SelfAttention.o,63,0.19247131049633026,corr
paws,transformer.encoder.block.10.layer.0.SelfAttention.o,63,0.12487095594406128,drift
paws,transformer.encoder.block.10.layer.0.SelfAttention.o,63,0.3759053647518158,tot
paws,transformer.encoder.block.10.layer.0.SelfAttention.o,63,-0.14505067467689514,$\delta_\text{gsc}$
paws,transformer.encoder.block.10.layer.0.SelfAttention.o,63,-0.04932470619678497,$\delta_\text{ssc}$
paws,transformer.encoder.block.10.layer.1.DenseReluDense.wi,64,0.1438589245080948,cross
paws,transformer.encoder.block.10.layer.1.DenseReluDense.wi,64,0.1952168494462967,corr
paws,transformer.encoder.block.10.layer.1.DenseReluDense.wi,64,0.1711127609014511,drift
paws,transformer.encoder.block.10.layer.1.DenseReluDense.wi,64,0.27404940128326416,tot
paws,transformer.encoder.block.10.layer.1.DenseReluDense.wi,64,-0.08112503588199615,$\delta_\text{gsc}$
paws,transformer.encoder.block.10.layer.1.DenseReluDense.wi,64,-0.15501409769058228,$\delta_\text{ssc}$
paws,transformer.encoder.block.10.layer.1.DenseReluDense.wo,65,0.29554006457328796,cross
paws,transformer.encoder.block.10.layer.1.DenseReluDense.wo,65,0.44164520502090454,corr
paws,transformer.encoder.block.10.layer.1.DenseReluDense.wo,65,0.23834116756916046,drift
paws,transformer.encoder.block.10.layer.1.DenseReluDense.wo,65,0.4284954071044922,tot
paws,transformer.encoder.block.10.layer.1.DenseReluDense.wo,65,-0.24578508734703064,$\delta_\text{gsc}$
paws,transformer.encoder.block.10.layer.1.DenseReluDense.wo,65,-0.30124592781066895,$\delta_\text{ssc}$
paws,transformer.encoder.block.11.layer.0.SelfAttention.q,66,0.3268391788005829,cross
paws,transformer.encoder.block.11.layer.0.SelfAttention.q,66,0.34684038162231445,corr
paws,transformer.encoder.block.11.layer.0.SelfAttention.q,66,0.28091296553611755,drift
paws,transformer.encoder.block.11.layer.0.SelfAttention.q,66,0.3738939166069031,tot
paws,transformer.encoder.block.11.layer.0.SelfAttention.q,66,-0.27225545048713684,$\delta_\text{gsc}$
paws,transformer.encoder.block.11.layer.0.SelfAttention.q,66,-0.308443158864975,$\delta_\text{ssc}$
paws,transformer.encoder.block.11.layer.0.SelfAttention.k,67,0.16660261154174805,cross
paws,transformer.encoder.block.11.layer.0.SelfAttention.k,67,0.42886805534362793,corr
paws,transformer.encoder.block.11.layer.0.SelfAttention.k,67,0.2803110182285309,drift
paws,transformer.encoder.block.11.layer.0.SelfAttention.k,67,0.3976422846317291,tot
paws,transformer.encoder.block.11.layer.0.SelfAttention.k,67,-0.16998645663261414,$\delta_\text{gsc}$
paws,transformer.encoder.block.11.layer.0.SelfAttention.k,67,-0.3081529438495636,$\delta_\text{ssc}$
paws,transformer.encoder.block.11.layer.0.SelfAttention.v,68,0.38417190313339233,cross
paws,transformer.encoder.block.11.layer.0.SelfAttention.v,68,0.44599854946136475,corr
paws,transformer.encoder.block.11.layer.0.SelfAttention.v,68,0.29923030734062195,drift
paws,transformer.encoder.block.11.layer.0.SelfAttention.v,68,0.3792193830013275,tot
paws,transformer.encoder.block.11.layer.0.SelfAttention.v,68,-0.43274185061454773,$\delta_\text{gsc}$
paws,transformer.encoder.block.11.layer.0.SelfAttention.v,68,-0.3174395263195038,$\delta_\text{ssc}$
paws,transformer.encoder.block.11.layer.0.SelfAttention.o,69,0.3589831292629242,cross
paws,transformer.encoder.block.11.layer.0.SelfAttention.o,69,0.3218334913253784,corr
paws,transformer.encoder.block.11.layer.0.SelfAttention.o,69,0.17339377105236053,drift
paws,transformer.encoder.block.11.layer.0.SelfAttention.o,69,0.40282973647117615,tot
paws,transformer.encoder.block.11.layer.0.SelfAttention.o,69,-0.3121064007282257,$\delta_\text{gsc}$
paws,transformer.encoder.block.11.layer.0.SelfAttention.o,69,-0.1392742544412613,$\delta_\text{ssc}$
paws,transformer.encoder.block.11.layer.1.DenseReluDense.wi,70,0.10837281495332718,cross
paws,transformer.encoder.block.11.layer.1.DenseReluDense.wi,70,0.2544192373752594,corr
paws,transformer.encoder.block.11.layer.1.DenseReluDense.wi,70,0.2239985466003418,drift
paws,transformer.encoder.block.11.layer.1.DenseReluDense.wi,70,0.3143622577190399,tot
paws,transformer.encoder.block.11.layer.1.DenseReluDense.wi,70,-0.09850826859474182,$\delta_\text{gsc}$
paws,transformer.encoder.block.11.layer.1.DenseReluDense.wi,70,-0.17392006516456604,$\delta_\text{ssc}$
paws,transformer.encoder.block.11.layer.1.DenseReluDense.wo,71,0.317696213722229,cross
paws,transformer.encoder.block.11.layer.1.DenseReluDense.wo,71,0.37927329540252686,corr
paws,transformer.encoder.block.11.layer.1.DenseReluDense.wo,71,0.19596993923187256,drift
paws,transformer.encoder.block.11.layer.1.DenseReluDense.wo,71,0.3869439363479614,tot
paws,transformer.encoder.block.11.layer.1.DenseReluDense.wo,71,-0.26082050800323486,$\delta_\text{gsc}$
paws,transformer.encoder.block.11.layer.1.DenseReluDense.wo,71,-0.24517500400543213,$\delta_\text{ssc}$
paws,transformer.decoder.block.0.layer.0.SelfAttention.q,72,0.026997005566954613,cross
paws,transformer.decoder.block.0.layer.0.SelfAttention.q,72,0.13060426712036133,corr
paws,transformer.decoder.block.0.layer.0.SelfAttention.q,72,0.01948762871325016,drift
paws,transformer.decoder.block.0.layer.0.SelfAttention.q,72,0.15225756168365479,tot
paws,transformer.decoder.block.0.layer.0.SelfAttention.q,72,-0.014141440391540527,$\delta_\text{gsc}$
paws,transformer.decoder.block.0.layer.0.SelfAttention.q,72,-0.010689893737435341,$\delta_\text{ssc}$
paws,transformer.decoder.block.0.layer.0.SelfAttention.k,73,0.21807213127613068,cross
paws,transformer.decoder.block.0.layer.0.SelfAttention.k,73,0.09324828535318375,corr
paws,transformer.decoder.block.0.layer.0.SelfAttention.k,73,0.01956438086926937,drift
paws,transformer.decoder.block.0.layer.0.SelfAttention.k,73,0.2568230926990509,tot
paws,transformer.decoder.block.0.layer.0.SelfAttention.k,73,-0.06971988826990128,$\delta_\text{gsc}$
paws,transformer.decoder.block.0.layer.0.SelfAttention.k,73,-0.004341816529631615,$\delta_\text{ssc}$
paws,transformer.decoder.block.0.layer.0.SelfAttention.v,74,0.043933067470788956,cross
paws,transformer.decoder.block.0.layer.0.SelfAttention.v,74,0.3425754904747009,corr
paws,transformer.decoder.block.0.layer.0.SelfAttention.v,74,0.018521977588534355,drift
paws,transformer.decoder.block.0.layer.0.SelfAttention.v,74,0.3551902174949646,tot
paws,transformer.decoder.block.0.layer.0.SelfAttention.v,74,-0.03251039981842041,$\delta_\text{gsc}$
paws,transformer.decoder.block.0.layer.0.SelfAttention.v,74,-0.01732991449534893,$\delta_\text{ssc}$
paws,transformer.decoder.block.0.layer.0.SelfAttention.o,75,0.0667106881737709,cross
paws,transformer.decoder.block.0.layer.0.SelfAttention.o,75,0.15552881360054016,corr
paws,transformer.decoder.block.0.layer.0.SelfAttention.o,75,0.2574031352996826,drift
paws,transformer.decoder.block.0.layer.0.SelfAttention.o,75,0.301249623298645,tot
paws,transformer.decoder.block.0.layer.0.SelfAttention.o,75,-0.05241614580154419,$\delta_\text{gsc}$
paws,transformer.decoder.block.0.layer.0.SelfAttention.o,75,-0.12597686052322388,$\delta_\text{ssc}$
paws,transformer.decoder.block.0.layer.1.EncDecAttention.q,76,0.051339320838451385,cross
paws,transformer.decoder.block.0.layer.1.EncDecAttention.q,76,0.20800000429153442,corr
paws,transformer.decoder.block.0.layer.1.EncDecAttention.q,76,0.08014923334121704,drift
paws,transformer.decoder.block.0.layer.1.EncDecAttention.q,76,0.2284872829914093,tot
paws,transformer.decoder.block.0.layer.1.EncDecAttention.q,76,-0.03609949350357056,$\delta_\text{gsc}$
paws,transformer.decoder.block.0.layer.1.EncDecAttention.q,76,-0.07490178942680359,$\delta_\text{ssc}$
paws,transformer.decoder.block.0.layer.1.EncDecAttention.k,77,0.14758777618408203,cross
paws,transformer.decoder.block.0.layer.1.EncDecAttention.k,77,0.46059364080429077,corr
paws,transformer.decoder.block.0.layer.1.EncDecAttention.k,77,0.41539284586906433,drift
paws,transformer.decoder.block.0.layer.1.EncDecAttention.k,77,0.47585684061050415,tot
paws,transformer.decoder.block.0.layer.1.EncDecAttention.k,77,-0.13708621263504028,$\delta_\text{gsc}$
paws,transformer.decoder.block.0.layer.1.EncDecAttention.k,77,-0.4106312096118927,$\delta_\text{ssc}$
paws,transformer.decoder.block.0.layer.1.EncDecAttention.v,78,0.11898189783096313,cross
paws,transformer.decoder.block.0.layer.1.EncDecAttention.v,78,0.45351099967956543,corr
paws,transformer.decoder.block.0.layer.1.EncDecAttention.v,78,0.3787228465080261,drift
paws,transformer.decoder.block.0.layer.1.EncDecAttention.v,78,0.427524596452713,tot
paws,transformer.decoder.block.0.layer.1.EncDecAttention.v,78,-0.13250765204429626,$\delta_\text{gsc}$
paws,transformer.decoder.block.0.layer.1.EncDecAttention.v,78,-0.3911834955215454,$\delta_\text{ssc}$
paws,transformer.decoder.block.0.layer.1.EncDecAttention.o,79,0.08042899519205093,cross
paws,transformer.decoder.block.0.layer.1.EncDecAttention.o,79,0.08709946274757385,corr
paws,transformer.decoder.block.0.layer.1.EncDecAttention.o,79,0.1631203442811966,drift
paws,transformer.decoder.block.0.layer.1.EncDecAttention.o,79,0.19189858436584473,tot
paws,transformer.decoder.block.0.layer.1.EncDecAttention.o,79,-0.0399371013045311,$\delta_\text{gsc}$
paws,transformer.decoder.block.0.layer.1.EncDecAttention.o,79,-0.09881311655044556,$\delta_\text{ssc}$
paws,transformer.decoder.block.0.layer.2.DenseReluDense.wi,80,0.04553062468767166,cross
paws,transformer.decoder.block.0.layer.2.DenseReluDense.wi,80,0.19210228323936462,corr
paws,transformer.decoder.block.0.layer.2.DenseReluDense.wi,80,0.19519321620464325,drift
paws,transformer.decoder.block.0.layer.2.DenseReluDense.wi,80,0.3141702711582184,tot
paws,transformer.decoder.block.0.layer.2.DenseReluDense.wi,80,-0.016783833503723145,$\delta_\text{gsc}$
paws,transformer.decoder.block.0.layer.2.DenseReluDense.wi,80,-0.10187201201915741,$\delta_\text{ssc}$
paws,transformer.decoder.block.0.layer.2.DenseReluDense.wo,81,0.049810152500867844,cross
paws,transformer.decoder.block.0.layer.2.DenseReluDense.wo,81,0.07471625506877899,corr
paws,transformer.decoder.block.0.layer.2.DenseReluDense.wo,81,0.1863444447517395,drift
paws,transformer.decoder.block.0.layer.2.DenseReluDense.wo,81,0.23106950521469116,tot
paws,transformer.decoder.block.0.layer.2.DenseReluDense.wo,81,-0.060542866587638855,$\delta_\text{gsc}$
paws,transformer.decoder.block.0.layer.2.DenseReluDense.wo,81,-0.01925848424434662,$\delta_\text{ssc}$
paws,transformer.decoder.block.1.layer.0.SelfAttention.q,82,0.19971394538879395,cross
paws,transformer.decoder.block.1.layer.0.SelfAttention.q,82,0.09706014394760132,corr
paws,transformer.decoder.block.1.layer.0.SelfAttention.q,82,0.2275806963443756,drift
paws,transformer.decoder.block.1.layer.0.SelfAttention.q,82,0.2623504102230072,tot
paws,transformer.decoder.block.1.layer.0.SelfAttention.q,82,-0.19004324078559875,$\delta_\text{gsc}$
paws,transformer.decoder.block.1.layer.0.SelfAttention.q,82,-0.07196113467216492,$\delta_\text{ssc}$
paws,transformer.decoder.block.1.layer.0.SelfAttention.k,83,0.2570558786392212,cross
paws,transformer.decoder.block.1.layer.0.SelfAttention.k,83,0.08322940766811371,corr
paws,transformer.decoder.block.1.layer.0.SelfAttention.k,83,0.22748345136642456,drift
paws,transformer.decoder.block.1.layer.0.SelfAttention.k,83,0.28926968574523926,tot
paws,transformer.decoder.block.1.layer.0.SelfAttention.k,83,-0.21084220707416534,$\delta_\text{gsc}$
paws,transformer.decoder.block.1.layer.0.SelfAttention.k,83,-0.06765684485435486,$\delta_\text{ssc}$
paws,transformer.decoder.block.1.layer.0.SelfAttention.v,84,0.040437620133161545,cross
paws,transformer.decoder.block.1.layer.0.SelfAttention.v,84,0.3988850712776184,corr
paws,transformer.decoder.block.1.layer.0.SelfAttention.v,84,0.17159943282604218,drift
paws,transformer.decoder.block.1.layer.0.SelfAttention.v,84,0.3996316194534302,tot
paws,transformer.decoder.block.1.layer.0.SelfAttention.v,84,-0.04437139630317688,$\delta_\text{gsc}$
paws,transformer.decoder.block.1.layer.0.SelfAttention.v,84,-0.16691909730434418,$\delta_\text{ssc}$
paws,transformer.decoder.block.1.layer.0.SelfAttention.o,85,0.08547784388065338,cross
paws,transformer.decoder.block.1.layer.0.SelfAttention.o,85,0.109340138733387,corr
paws,transformer.decoder.block.1.layer.0.SelfAttention.o,85,0.16775107383728027,drift
paws,transformer.decoder.block.1.layer.0.SelfAttention.o,85,0.24211516976356506,tot
paws,transformer.decoder.block.1.layer.0.SelfAttention.o,85,-0.039726778864860535,$\delta_\text{gsc}$
paws,transformer.decoder.block.1.layer.0.SelfAttention.o,85,-0.08072710782289505,$\delta_\text{ssc}$
paws,transformer.decoder.block.1.layer.1.EncDecAttention.q,86,0.07317884266376495,cross
paws,transformer.decoder.block.1.layer.1.EncDecAttention.q,86,0.05955135077238083,corr
paws,transformer.decoder.block.1.layer.1.EncDecAttention.q,86,0.1480933427810669,drift
paws,transformer.decoder.block.1.layer.1.EncDecAttention.q,86,0.18829292058944702,tot
paws,transformer.decoder.block.1.layer.1.EncDecAttention.q,86,-0.06045447289943695,$\delta_\text{gsc}$
paws,transformer.decoder.block.1.layer.1.EncDecAttention.q,86,-0.032076142728328705,$\delta_\text{ssc}$
paws,transformer.decoder.block.1.layer.1.EncDecAttention.k,87,0.20312528312206268,cross
paws,transformer.decoder.block.1.layer.1.EncDecAttention.k,87,0.41068214178085327,corr
paws,transformer.decoder.block.1.layer.1.EncDecAttention.k,87,0.34936514496803284,drift
paws,transformer.decoder.block.1.layer.1.EncDecAttention.k,87,0.38075438141822815,tot
paws,transformer.decoder.block.1.layer.1.EncDecAttention.k,87,-0.19997592270374298,$\delta_\text{gsc}$
paws,transformer.decoder.block.1.layer.1.EncDecAttention.k,87,-0.38244226574897766,$\delta_\text{ssc}$
paws,transformer.decoder.block.1.layer.1.EncDecAttention.v,88,0.18589214980602264,cross
paws,transformer.decoder.block.1.layer.1.EncDecAttention.v,88,0.44485560059547424,corr
paws,transformer.decoder.block.1.layer.1.EncDecAttention.v,88,0.330624520778656,drift
paws,transformer.decoder.block.1.layer.1.EncDecAttention.v,88,0.3859449028968811,tot
paws,transformer.decoder.block.1.layer.1.EncDecAttention.v,88,-0.22803078591823578,$\delta_\text{gsc}$
paws,transformer.decoder.block.1.layer.1.EncDecAttention.v,88,-0.347396582365036,$\delta_\text{ssc}$
paws,transformer.decoder.block.1.layer.1.EncDecAttention.o,89,0.14338727295398712,cross
paws,transformer.decoder.block.1.layer.1.EncDecAttention.o,89,0.31965482234954834,corr
paws,transformer.decoder.block.1.layer.1.EncDecAttention.o,89,0.14326368272304535,drift
paws,transformer.decoder.block.1.layer.1.EncDecAttention.o,89,0.4037904441356659,tot
paws,transformer.decoder.block.1.layer.1.EncDecAttention.o,89,-0.10809996724128723,$\delta_\text{gsc}$
paws,transformer.decoder.block.1.layer.1.EncDecAttention.o,89,-0.09441538155078888,$\delta_\text{ssc}$
paws,transformer.decoder.block.1.layer.2.DenseReluDense.wi,90,0.04375758767127991,cross
paws,transformer.decoder.block.1.layer.2.DenseReluDense.wi,90,0.17560482025146484,corr
paws,transformer.decoder.block.1.layer.2.DenseReluDense.wi,90,0.18858486413955688,drift
paws,transformer.decoder.block.1.layer.2.DenseReluDense.wi,90,0.29582545161247253,tot
paws,transformer.decoder.block.1.layer.2.DenseReluDense.wi,90,-0.031786710023880005,$\delta_\text{gsc}$
paws,transformer.decoder.block.1.layer.2.DenseReluDense.wi,90,-0.0803351104259491,$\delta_\text{ssc}$
paws,transformer.decoder.block.1.layer.2.DenseReluDense.wo,91,0.048593342304229736,cross
paws,transformer.decoder.block.1.layer.2.DenseReluDense.wo,91,0.03815864399075508,corr
paws,transformer.decoder.block.1.layer.2.DenseReluDense.wo,91,0.10550335049629211,drift
paws,transformer.decoder.block.1.layer.2.DenseReluDense.wo,91,0.13920556008815765,tot
paws,transformer.decoder.block.1.layer.2.DenseReluDense.wo,91,-0.03270779550075531,$\delta_\text{gsc}$
paws,transformer.decoder.block.1.layer.2.DenseReluDense.wo,91,-0.02034197747707367,$\delta_\text{ssc}$
paws,transformer.decoder.block.2.layer.0.SelfAttention.q,92,0.07877093553543091,cross
paws,transformer.decoder.block.2.layer.0.SelfAttention.q,92,0.09591013193130493,corr
paws,transformer.decoder.block.2.layer.0.SelfAttention.q,92,0.28852713108062744,drift
paws,transformer.decoder.block.2.layer.0.SelfAttention.q,92,0.30903691053390503,tot
paws,transformer.decoder.block.2.layer.0.SelfAttention.q,92,-0.07798659801483154,$\delta_\text{gsc}$
paws,transformer.decoder.block.2.layer.0.SelfAttention.q,92,-0.07618468999862671,$\delta_\text{ssc}$
paws,transformer.decoder.block.2.layer.0.SelfAttention.k,93,0.16577614843845367,cross
paws,transformer.decoder.block.2.layer.0.SelfAttention.k,93,0.06676656752824783,corr
paws,transformer.decoder.block.2.layer.0.SelfAttention.k,93,0.28889521956443787,drift
paws,transformer.decoder.block.2.layer.0.SelfAttention.k,93,0.3176068663597107,tot
paws,transformer.decoder.block.2.layer.0.SelfAttention.k,93,-0.1480850726366043,$\delta_\text{gsc}$
paws,transformer.decoder.block.2.layer.0.SelfAttention.k,93,-0.055745989084243774,$\delta_\text{ssc}$
paws,transformer.decoder.block.2.layer.0.SelfAttention.v,94,0.040511827915906906,cross
paws,transformer.decoder.block.2.layer.0.SelfAttention.v,94,0.4524711072444916,corr
paws,transformer.decoder.block.2.layer.0.SelfAttention.v,94,0.16143207252025604,drift
paws,transformer.decoder.block.2.layer.0.SelfAttention.v,94,0.4657554030418396,tot
paws,transformer.decoder.block.2.layer.0.SelfAttention.v,94,-0.03772062063217163,$\delta_\text{gsc}$
paws,transformer.decoder.block.2.layer.0.SelfAttention.v,94,-0.1509389728307724,$\delta_\text{ssc}$
paws,transformer.decoder.block.2.layer.0.SelfAttention.o,95,0.11105290800333023,cross
paws,transformer.decoder.block.2.layer.0.SelfAttention.o,95,0.24518975615501404,corr
paws,transformer.decoder.block.2.layer.0.SelfAttention.o,95,0.12713122367858887,drift
paws,transformer.decoder.block.2.layer.0.SelfAttention.o,95,0.35852116346359253,tot
paws,transformer.decoder.block.2.layer.0.SelfAttention.o,95,-0.07315453886985779,$\delta_\text{gsc}$
paws,transformer.decoder.block.2.layer.0.SelfAttention.o,95,-0.05169817805290222,$\delta_\text{ssc}$
paws,transformer.decoder.block.2.layer.1.EncDecAttention.q,96,0.04156138375401497,cross
paws,transformer.decoder.block.2.layer.1.EncDecAttention.q,96,0.16337913274765015,corr
paws,transformer.decoder.block.2.layer.1.EncDecAttention.q,96,0.12169719487428665,drift
paws,transformer.decoder.block.2.layer.1.EncDecAttention.q,96,0.260105162858963,tot
paws,transformer.decoder.block.2.layer.1.EncDecAttention.q,96,-0.023083463311195374,$\delta_\text{gsc}$
paws,transformer.decoder.block.2.layer.1.EncDecAttention.q,96,-0.04344908148050308,$\delta_\text{ssc}$
paws,transformer.decoder.block.2.layer.1.EncDecAttention.k,97,0.11400177329778671,cross
paws,transformer.decoder.block.2.layer.1.EncDecAttention.k,97,0.4498339593410492,corr
paws,transformer.decoder.block.2.layer.1.EncDecAttention.k,97,0.31362515687942505,drift
paws,transformer.decoder.block.2.layer.1.EncDecAttention.k,97,0.45124107599258423,tot
paws,transformer.decoder.block.2.layer.1.EncDecAttention.k,97,-0.10296466946601868,$\delta_\text{gsc}$
paws,transformer.decoder.block.2.layer.1.EncDecAttention.k,97,-0.32325515151023865,$\delta_\text{ssc}$
paws,transformer.decoder.block.2.layer.1.EncDecAttention.v,98,0.1985994130373001,cross
paws,transformer.decoder.block.2.layer.1.EncDecAttention.v,98,0.4573265612125397,corr
paws,transformer.decoder.block.2.layer.1.EncDecAttention.v,98,0.3126031458377838,drift
paws,transformer.decoder.block.2.layer.1.EncDecAttention.v,98,0.41538238525390625,tot
paws,transformer.decoder.block.2.layer.1.EncDecAttention.v,98,-0.23116810619831085,$\delta_\text{gsc}$
paws,transformer.decoder.block.2.layer.1.EncDecAttention.v,98,-0.3219786286354065,$\delta_\text{ssc}$
paws,transformer.decoder.block.2.layer.1.EncDecAttention.o,99,0.19674816727638245,cross
paws,transformer.decoder.block.2.layer.1.EncDecAttention.o,99,0.30411192774772644,corr
paws,transformer.decoder.block.2.layer.1.EncDecAttention.o,99,0.12923045456409454,drift
paws,transformer.decoder.block.2.layer.1.EncDecAttention.o,99,0.34770867228507996,tot
paws,transformer.decoder.block.2.layer.1.EncDecAttention.o,99,-0.15480169653892517,$\delta_\text{gsc}$
paws,transformer.decoder.block.2.layer.1.EncDecAttention.o,99,-0.1275801807641983,$\delta_\text{ssc}$
paws,transformer.decoder.block.2.layer.2.DenseReluDense.wi,100,0.05757647752761841,cross
paws,transformer.decoder.block.2.layer.2.DenseReluDense.wi,100,0.21515469253063202,corr
paws,transformer.decoder.block.2.layer.2.DenseReluDense.wi,100,0.16171422600746155,drift
paws,transformer.decoder.block.2.layer.2.DenseReluDense.wi,100,0.3145521581172943,tot
paws,transformer.decoder.block.2.layer.2.DenseReluDense.wi,100,-0.04997783899307251,$\delta_\text{gsc}$
paws,transformer.decoder.block.2.layer.2.DenseReluDense.wi,100,-0.06991539895534515,$\delta_\text{ssc}$
paws,transformer.decoder.block.2.layer.2.DenseReluDense.wo,101,0.06471624225378036,cross
paws,transformer.decoder.block.2.layer.2.DenseReluDense.wo,101,0.037723224610090256,corr
paws,transformer.decoder.block.2.layer.2.DenseReluDense.wo,101,0.10632821172475815,drift
paws,transformer.decoder.block.2.layer.2.DenseReluDense.wo,101,0.15974313020706177,tot
paws,transformer.decoder.block.2.layer.2.DenseReluDense.wo,101,-0.025391779839992523,$\delta_\text{gsc}$
paws,transformer.decoder.block.2.layer.2.DenseReluDense.wo,101,-0.023632772266864777,$\delta_\text{ssc}$
paws,transformer.decoder.block.3.layer.0.SelfAttention.q,102,0.0719602182507515,cross
paws,transformer.decoder.block.3.layer.0.SelfAttention.q,102,0.08666789531707764,corr
paws,transformer.decoder.block.3.layer.0.SelfAttention.q,102,0.30138930678367615,drift
paws,transformer.decoder.block.3.layer.0.SelfAttention.q,102,0.33802086114883423,tot
paws,transformer.decoder.block.3.layer.0.SelfAttention.q,102,-0.056429117918014526,$\delta_\text{gsc}$
paws,transformer.decoder.block.3.layer.0.SelfAttention.q,102,-0.06556743383407593,$\delta_\text{ssc}$
paws,transformer.decoder.block.3.layer.0.SelfAttention.k,103,0.15506739914417267,cross
paws,transformer.decoder.block.3.layer.0.SelfAttention.k,103,0.08997698128223419,corr
paws,transformer.decoder.block.3.layer.0.SelfAttention.k,103,0.30037420988082886,drift
paws,transformer.decoder.block.3.layer.0.SelfAttention.k,103,0.34796443581581116,tot
paws,transformer.decoder.block.3.layer.0.SelfAttention.k,103,-0.12859539687633514,$\delta_\text{gsc}$
paws,transformer.decoder.block.3.layer.0.SelfAttention.k,103,-0.06885875761508942,$\delta_\text{ssc}$
paws,transformer.decoder.block.3.layer.0.SelfAttention.v,104,0.05010451003909111,cross
paws,transformer.decoder.block.3.layer.0.SelfAttention.v,104,0.45147833228111267,corr
paws,transformer.decoder.block.3.layer.0.SelfAttention.v,104,0.14973147213459015,drift
paws,transformer.decoder.block.3.layer.0.SelfAttention.v,104,0.4644828140735626,tot
paws,transformer.decoder.block.3.layer.0.SelfAttention.v,104,-0.046646058559417725,$\delta_\text{gsc}$
paws,transformer.decoder.block.3.layer.0.SelfAttention.v,104,-0.1401854306459427,$\delta_\text{ssc}$
paws,transformer.decoder.block.3.layer.0.SelfAttention.o,105,0.11278428882360458,cross
paws,transformer.decoder.block.3.layer.0.SelfAttention.o,105,0.3137125074863434,corr
paws,transformer.decoder.block.3.layer.0.SelfAttention.o,105,0.14313478767871857,drift
paws,transformer.decoder.block.3.layer.0.SelfAttention.o,105,0.4082241654396057,tot
paws,transformer.decoder.block.3.layer.0.SelfAttention.o,105,-0.09184998273849487,$\delta_\text{gsc}$
paws,transformer.decoder.block.3.layer.0.SelfAttention.o,105,-0.06955744326114655,$\delta_\text{ssc}$
paws,transformer.decoder.block.3.layer.1.EncDecAttention.q,106,0.08000709116458893,cross
paws,transformer.decoder.block.3.layer.1.EncDecAttention.q,106,0.13517111539840698,corr
paws,transformer.decoder.block.3.layer.1.EncDecAttention.q,106,0.13595876097679138,drift
paws,transformer.decoder.block.3.layer.1.EncDecAttention.q,106,0.23033392429351807,tot
paws,transformer.decoder.block.3.layer.1.EncDecAttention.q,106,-0.0925375372171402,$\delta_\text{gsc}$
paws,transformer.decoder.block.3.layer.1.EncDecAttention.q,106,-0.02826550602912903,$\delta_\text{ssc}$
paws,transformer.decoder.block.3.layer.1.EncDecAttention.k,107,0.12046371400356293,cross
paws,transformer.decoder.block.3.layer.1.EncDecAttention.k,107,0.44324731826782227,corr
paws,transformer.decoder.block.3.layer.1.EncDecAttention.k,107,0.3262716829776764,drift
paws,transformer.decoder.block.3.layer.1.EncDecAttention.k,107,0.44271451234817505,tot
paws,transformer.decoder.block.3.layer.1.EncDecAttention.k,107,-0.11065903306007385,$\delta_\text{gsc}$
paws,transformer.decoder.block.3.layer.1.EncDecAttention.k,107,-0.3366091847419739,$\delta_\text{ssc}$
paws,transformer.decoder.block.3.layer.1.EncDecAttention.v,108,0.16340406239032745,cross
paws,transformer.decoder.block.3.layer.1.EncDecAttention.v,108,0.4548497498035431,corr
paws,transformer.decoder.block.3.layer.1.EncDecAttention.v,108,0.316606342792511,drift
paws,transformer.decoder.block.3.layer.1.EncDecAttention.v,108,0.45841753482818604,tot
paws,transformer.decoder.block.3.layer.1.EncDecAttention.v,108,-0.1535438895225525,$\delta_\text{gsc}$
paws,transformer.decoder.block.3.layer.1.EncDecAttention.v,108,-0.3228987157344818,$\delta_\text{ssc}$
paws,transformer.decoder.block.3.layer.1.EncDecAttention.o,109,0.14826400578022003,cross
paws,transformer.decoder.block.3.layer.1.EncDecAttention.o,109,0.3546002507209778,corr
paws,transformer.decoder.block.3.layer.1.EncDecAttention.o,109,0.11393674463033676,drift
paws,transformer.decoder.block.3.layer.1.EncDecAttention.o,109,0.4019761383533478,tot
paws,transformer.decoder.block.3.layer.1.EncDecAttention.o,109,-0.12653619050979614,$\delta_\text{gsc}$
paws,transformer.decoder.block.3.layer.1.EncDecAttention.o,109,-0.08828868716955185,$\delta_\text{ssc}$
paws,transformer.decoder.block.3.layer.2.DenseReluDense.wi,110,0.07325739413499832,cross
paws,transformer.decoder.block.3.layer.2.DenseReluDense.wi,110,0.3233749270439148,corr
paws,transformer.decoder.block.3.layer.2.DenseReluDense.wi,110,0.11495944112539291,drift
paws,transformer.decoder.block.3.layer.2.DenseReluDense.wi,110,0.3598044514656067,tot
paws,transformer.decoder.block.3.layer.2.DenseReluDense.wi,110,-0.08671817183494568,$\delta_\text{gsc}$
paws,transformer.decoder.block.3.layer.2.DenseReluDense.wi,110,-0.06506913155317307,$\delta_\text{ssc}$
paws,transformer.decoder.block.3.layer.2.DenseReluDense.wo,111,0.164655402302742,cross
paws,transformer.decoder.block.3.layer.2.DenseReluDense.wo,111,0.2902423143386841,corr
paws,transformer.decoder.block.3.layer.2.DenseReluDense.wo,111,0.20382697880268097,drift
paws,transformer.decoder.block.3.layer.2.DenseReluDense.wo,111,0.4325598180294037,tot
paws,transformer.decoder.block.3.layer.2.DenseReluDense.wo,111,-0.16482147574424744,$\delta_\text{gsc}$
paws,transformer.decoder.block.3.layer.2.DenseReluDense.wo,111,-0.061343416571617126,$\delta_\text{ssc}$
paws,transformer.decoder.block.4.layer.0.SelfAttention.q,112,0.08493534475564957,cross
paws,transformer.decoder.block.4.layer.0.SelfAttention.q,112,0.054970189929008484,corr
paws,transformer.decoder.block.4.layer.0.SelfAttention.q,112,0.3132877051830292,drift
paws,transformer.decoder.block.4.layer.0.SelfAttention.q,112,0.3486870527267456,tot
paws,transformer.decoder.block.4.layer.0.SelfAttention.q,112,-0.06010913848876953,$\delta_\text{gsc}$
paws,transformer.decoder.block.4.layer.0.SelfAttention.q,112,-0.0443970263004303,$\delta_\text{ssc}$
paws,transformer.decoder.block.4.layer.0.SelfAttention.k,113,0.16083283722400665,cross
paws,transformer.decoder.block.4.layer.0.SelfAttention.k,113,0.045870084315538406,corr
paws,transformer.decoder.block.4.layer.0.SelfAttention.k,113,0.3133207857608795,drift
paws,transformer.decoder.block.4.layer.0.SelfAttention.k,113,0.35643693804740906,tot
paws,transformer.decoder.block.4.layer.0.SelfAttention.k,113,-0.12495718896389008,$\delta_\text{gsc}$
paws,transformer.decoder.block.4.layer.0.SelfAttention.k,113,-0.03862959146499634,$\delta_\text{ssc}$
paws,transformer.decoder.block.4.layer.0.SelfAttention.v,114,0.04970437288284302,cross
paws,transformer.decoder.block.4.layer.0.SelfAttention.v,114,0.4442184567451477,corr
paws,transformer.decoder.block.4.layer.0.SelfAttention.v,114,0.1425480842590332,drift
paws,transformer.decoder.block.4.layer.0.SelfAttention.v,114,0.4613109230995178,tot
paws,transformer.decoder.block.4.layer.0.SelfAttention.v,114,-0.046979933977127075,$\delta_\text{gsc}$
paws,transformer.decoder.block.4.layer.0.SelfAttention.v,114,-0.12818005681037903,$\delta_\text{ssc}$
paws,transformer.decoder.block.4.layer.0.SelfAttention.o,115,0.11670950800180435,cross
paws,transformer.decoder.block.4.layer.0.SelfAttention.o,115,0.39919009804725647,corr
paws,transformer.decoder.block.4.layer.0.SelfAttention.o,115,0.1258038580417633,drift
paws,transformer.decoder.block.4.layer.0.SelfAttention.o,115,0.44819045066833496,tot
paws,transformer.decoder.block.4.layer.0.SelfAttention.o,115,-0.10740825533866882,$\delta_\text{gsc}$
paws,transformer.decoder.block.4.layer.0.SelfAttention.o,115,-0.08610475063323975,$\delta_\text{ssc}$
paws,transformer.decoder.block.4.layer.1.EncDecAttention.q,116,0.03307507559657097,cross
paws,transformer.decoder.block.4.layer.1.EncDecAttention.q,116,0.27077028155326843,corr
paws,transformer.decoder.block.4.layer.1.EncDecAttention.q,116,0.10930696129798889,drift
paws,transformer.decoder.block.4.layer.1.EncDecAttention.q,116,0.3501499891281128,tot
paws,transformer.decoder.block.4.layer.1.EncDecAttention.q,116,-0.030141383409500122,$\delta_\text{gsc}$
paws,transformer.decoder.block.4.layer.1.EncDecAttention.q,116,-0.03286093473434448,$\delta_\text{ssc}$
paws,transformer.decoder.block.4.layer.1.EncDecAttention.k,117,0.1836317926645279,cross
paws,transformer.decoder.block.4.layer.1.EncDecAttention.k,117,0.4199241101741791,corr
paws,transformer.decoder.block.4.layer.1.EncDecAttention.k,117,0.296817421913147,drift
paws,transformer.decoder.block.4.layer.1.EncDecAttention.k,117,0.44569435715675354,tot
paws,transformer.decoder.block.4.layer.1.EncDecAttention.k,117,-0.15356487035751343,$\delta_\text{gsc}$
paws,transformer.decoder.block.4.layer.1.EncDecAttention.k,117,-0.30111411213874817,$\delta_\text{ssc}$
paws,transformer.decoder.block.4.layer.1.EncDecAttention.v,118,0.1628780961036682,cross
paws,transformer.decoder.block.4.layer.1.EncDecAttention.v,118,0.44927093386650085,corr
paws,transformer.decoder.block.4.layer.1.EncDecAttention.v,118,0.32324105501174927,drift
paws,transformer.decoder.block.4.layer.1.EncDecAttention.v,118,0.4531344771385193,tot
paws,transformer.decoder.block.4.layer.1.EncDecAttention.v,118,-0.1508415937423706,$\delta_\text{gsc}$
paws,transformer.decoder.block.4.layer.1.EncDecAttention.v,118,-0.33141401410102844,$\delta_\text{ssc}$
paws,transformer.decoder.block.4.layer.1.EncDecAttention.o,119,0.18638460338115692,cross
paws,transformer.decoder.block.4.layer.1.EncDecAttention.o,119,0.29548144340515137,corr
paws,transformer.decoder.block.4.layer.1.EncDecAttention.o,119,0.16506445407867432,drift
paws,transformer.decoder.block.4.layer.1.EncDecAttention.o,119,0.39663463830947876,tot
paws,transformer.decoder.block.4.layer.1.EncDecAttention.o,119,-0.13051553070545197,$\delta_\text{gsc}$
paws,transformer.decoder.block.4.layer.1.EncDecAttention.o,119,-0.11978033185005188,$\delta_\text{ssc}$
paws,transformer.decoder.block.4.layer.2.DenseReluDense.wi,120,0.05820753052830696,cross
paws,transformer.decoder.block.4.layer.2.DenseReluDense.wi,120,0.37432584166526794,corr
paws,transformer.decoder.block.4.layer.2.DenseReluDense.wi,120,0.11397486925125122,drift
paws,transformer.decoder.block.4.layer.2.DenseReluDense.wi,120,0.41894739866256714,tot
paws,transformer.decoder.block.4.layer.2.DenseReluDense.wi,120,-0.04752683639526367,$\delta_\text{gsc}$
paws,transformer.decoder.block.4.layer.2.DenseReluDense.wi,120,-0.08003401756286621,$\delta_\text{ssc}$
paws,transformer.decoder.block.4.layer.2.DenseReluDense.wo,121,0.08076534420251846,cross
paws,transformer.decoder.block.4.layer.2.DenseReluDense.wo,121,0.3375348746776581,corr
paws,transformer.decoder.block.4.layer.2.DenseReluDense.wo,121,0.2371835559606552,drift
paws,transformer.decoder.block.4.layer.2.DenseReluDense.wo,121,0.4724087715148926,tot
paws,transformer.decoder.block.4.layer.2.DenseReluDense.wo,121,-0.07677397131919861,$\delta_\text{gsc}$
paws,transformer.decoder.block.4.layer.2.DenseReluDense.wo,121,-0.10630102455615997,$\delta_\text{ssc}$
paws,transformer.decoder.block.5.layer.0.SelfAttention.q,122,0.0738532617688179,cross
paws,transformer.decoder.block.5.layer.0.SelfAttention.q,122,0.04388905316591263,corr
paws,transformer.decoder.block.5.layer.0.SelfAttention.q,122,0.32333314418792725,drift
paws,transformer.decoder.block.5.layer.0.SelfAttention.q,122,0.33287855982780457,tot
paws,transformer.decoder.block.5.layer.0.SelfAttention.q,122,-0.07103195786476135,$\delta_\text{gsc}$
paws,transformer.decoder.block.5.layer.0.SelfAttention.q,122,-0.037164926528930664,$\delta_\text{ssc}$
paws,transformer.decoder.block.5.layer.0.SelfAttention.k,123,0.13173146545886993,cross
paws,transformer.decoder.block.5.layer.0.SelfAttention.k,123,0.03466115519404411,corr
paws,transformer.decoder.block.5.layer.0.SelfAttention.k,123,0.3229271471500397,drift
paws,transformer.decoder.block.5.layer.0.SelfAttention.k,123,0.33998480439186096,tot
paws,transformer.decoder.block.5.layer.0.SelfAttention.k,123,-0.11972300708293915,$\delta_\text{gsc}$
paws,transformer.decoder.block.5.layer.0.SelfAttention.k,123,-0.029611945152282715,$\delta_\text{ssc}$
paws,transformer.decoder.block.5.layer.0.SelfAttention.v,124,0.08193323016166687,cross
paws,transformer.decoder.block.5.layer.0.SelfAttention.v,124,0.4687497317790985,corr
paws,transformer.decoder.block.5.layer.0.SelfAttention.v,124,0.13548864424228668,drift
paws,transformer.decoder.block.5.layer.0.SelfAttention.v,124,0.47747454047203064,tot
paws,transformer.decoder.block.5.layer.0.SelfAttention.v,124,-0.07796928286552429,$\delta_\text{gsc}$
paws,transformer.decoder.block.5.layer.0.SelfAttention.v,124,-0.13072778284549713,$\delta_\text{ssc}$
paws,transformer.decoder.block.5.layer.0.SelfAttention.o,125,0.15591809153556824,cross
paws,transformer.decoder.block.5.layer.0.SelfAttention.o,125,0.35520127415657043,corr
paws,transformer.decoder.block.5.layer.0.SelfAttention.o,125,0.1228039413690567,drift
paws,transformer.decoder.block.5.layer.0.SelfAttention.o,125,0.42598408460617065,tot
paws,transformer.decoder.block.5.layer.0.SelfAttention.o,125,-0.12682580947875977,$\delta_\text{gsc}$
paws,transformer.decoder.block.5.layer.0.SelfAttention.o,125,-0.08111341297626495,$\delta_\text{ssc}$
paws,transformer.decoder.block.5.layer.1.EncDecAttention.q,126,0.05199943855404854,cross
paws,transformer.decoder.block.5.layer.1.EncDecAttention.q,126,0.2549859881401062,corr
paws,transformer.decoder.block.5.layer.1.EncDecAttention.q,126,0.0949738547205925,drift
paws,transformer.decoder.block.5.layer.1.EncDecAttention.q,126,0.31411004066467285,tot
paws,transformer.decoder.block.5.layer.1.EncDecAttention.q,126,-0.062116026878356934,$\delta_\text{gsc}$
paws,transformer.decoder.block.5.layer.1.EncDecAttention.q,126,-0.02573322504758835,$\delta_\text{ssc}$
paws,transformer.decoder.block.5.layer.1.EncDecAttention.k,127,0.27514633536338806,cross
paws,transformer.decoder.block.5.layer.1.EncDecAttention.k,127,0.3953189551830292,corr
paws,transformer.decoder.block.5.layer.1.EncDecAttention.k,127,0.2748510241508484,drift
paws,transformer.decoder.block.5.layer.1.EncDecAttention.k,127,0.42600753903388977,tot
paws,transformer.decoder.block.5.layer.1.EncDecAttention.k,127,-0.24255096912384033,$\delta_\text{gsc}$
paws,transformer.decoder.block.5.layer.1.EncDecAttention.k,127,-0.2767578065395355,$\delta_\text{ssc}$
paws,transformer.decoder.block.5.layer.1.EncDecAttention.v,128,0.284101665019989,cross
paws,transformer.decoder.block.5.layer.1.EncDecAttention.v,128,0.43609166145324707,corr
paws,transformer.decoder.block.5.layer.1.EncDecAttention.v,128,0.3144206702709198,drift
paws,transformer.decoder.block.5.layer.1.EncDecAttention.v,128,0.43960168957710266,tot
paws,transformer.decoder.block.5.layer.1.EncDecAttention.v,128,-0.272726446390152,$\delta_\text{gsc}$
paws,transformer.decoder.block.5.layer.1.EncDecAttention.v,128,-0.32228586077690125,$\delta_\text{ssc}$
paws,transformer.decoder.block.5.layer.1.EncDecAttention.o,129,0.21217434108257294,cross
paws,transformer.decoder.block.5.layer.1.EncDecAttention.o,129,0.30283111333847046,corr
paws,transformer.decoder.block.5.layer.1.EncDecAttention.o,129,0.17237672209739685,drift
paws,transformer.decoder.block.5.layer.1.EncDecAttention.o,129,0.4008379876613617,tot
paws,transformer.decoder.block.5.layer.1.EncDecAttention.o,129,-0.14142368733882904,$\delta_\text{gsc}$
paws,transformer.decoder.block.5.layer.1.EncDecAttention.o,129,-0.1451205015182495,$\delta_\text{ssc}$
paws,transformer.decoder.block.5.layer.2.DenseReluDense.wi,130,0.077158622443676,cross
paws,transformer.decoder.block.5.layer.2.DenseReluDense.wi,130,0.3925742208957672,corr
paws,transformer.decoder.block.5.layer.2.DenseReluDense.wi,130,0.1162671223282814,drift
paws,transformer.decoder.block.5.layer.2.DenseReluDense.wi,130,0.42275887727737427,tot
paws,transformer.decoder.block.5.layer.2.DenseReluDense.wi,130,-0.07439517974853516,$\delta_\text{gsc}$
paws,transformer.decoder.block.5.layer.2.DenseReluDense.wi,130,-0.08884591609239578,$\delta_\text{ssc}$
paws,transformer.decoder.block.5.layer.2.DenseReluDense.wo,131,0.19778937101364136,cross
paws,transformer.decoder.block.5.layer.2.DenseReluDense.wo,131,0.36331260204315186,corr
paws,transformer.decoder.block.5.layer.2.DenseReluDense.wo,131,0.19055964052677155,drift
paws,transformer.decoder.block.5.layer.2.DenseReluDense.wo,131,0.447986364364624,tot
paws,transformer.decoder.block.5.layer.2.DenseReluDense.wo,131,-0.19749635457992554,$\delta_\text{gsc}$
paws,transformer.decoder.block.5.layer.2.DenseReluDense.wo,131,-0.1061788946390152,$\delta_\text{ssc}$
paws,transformer.decoder.block.6.layer.0.SelfAttention.q,132,0.09107936173677444,cross
paws,transformer.decoder.block.6.layer.0.SelfAttention.q,132,0.06434298306703568,corr
paws,transformer.decoder.block.6.layer.0.SelfAttention.q,132,0.38377645611763,drift
paws,transformer.decoder.block.6.layer.0.SelfAttention.q,132,0.38321006298065186,tot
paws,transformer.decoder.block.6.layer.0.SelfAttention.q,132,-0.09325015544891357,$\delta_\text{gsc}$
paws,transformer.decoder.block.6.layer.0.SelfAttention.q,132,-0.0627385675907135,$\delta_\text{ssc}$
paws,transformer.decoder.block.6.layer.0.SelfAttention.k,133,0.14032715559005737,cross
paws,transformer.decoder.block.6.layer.0.SelfAttention.k,133,0.05194142833352089,corr
paws,transformer.decoder.block.6.layer.0.SelfAttention.k,133,0.3821364641189575,drift
paws,transformer.decoder.block.6.layer.0.SelfAttention.k,133,0.3881951570510864,tot
paws,transformer.decoder.block.6.layer.0.SelfAttention.k,133,-0.134801983833313,$\delta_\text{gsc}$
paws,transformer.decoder.block.6.layer.0.SelfAttention.k,133,-0.05140790343284607,$\delta_\text{ssc}$
paws,transformer.decoder.block.6.layer.0.SelfAttention.v,134,0.10244233161211014,cross
paws,transformer.decoder.block.6.layer.0.SelfAttention.v,134,0.4711645245552063,corr
paws,transformer.decoder.block.6.layer.0.SelfAttention.v,134,0.19546298682689667,drift
paws,transformer.decoder.block.6.layer.0.SelfAttention.v,134,0.48221126198768616,tot
paws,transformer.decoder.block.6.layer.0.SelfAttention.v,134,-0.09789851307868958,$\delta_\text{gsc}$
paws,transformer.decoder.block.6.layer.0.SelfAttention.v,134,-0.18896006047725677,$\delta_\text{ssc}$
paws,transformer.decoder.block.6.layer.0.SelfAttention.o,135,0.18826928734779358,cross
paws,transformer.decoder.block.6.layer.0.SelfAttention.o,135,0.260292649269104,corr
paws,transformer.decoder.block.6.layer.0.SelfAttention.o,135,0.2149440497159958,drift
paws,transformer.decoder.block.6.layer.0.SelfAttention.o,135,0.32340186834335327,tot
paws,transformer.decoder.block.6.layer.0.SelfAttention.o,135,-0.06943312287330627,$\delta_\text{gsc}$
paws,transformer.decoder.block.6.layer.0.SelfAttention.o,135,-0.270671010017395,$\delta_\text{ssc}$
paws,transformer.decoder.block.6.layer.1.EncDecAttention.q,136,0.07118877023458481,cross
paws,transformer.decoder.block.6.layer.1.EncDecAttention.q,136,0.28845006227493286,corr
paws,transformer.decoder.block.6.layer.1.EncDecAttention.q,136,0.12026025354862213,drift
paws,transformer.decoder.block.6.layer.1.EncDecAttention.q,136,0.3692200481891632,tot
paws,transformer.decoder.block.6.layer.1.EncDecAttention.q,136,-0.0661487877368927,$\delta_\text{gsc}$
paws,transformer.decoder.block.6.layer.1.EncDecAttention.q,136,-0.04453025758266449,$\delta_\text{ssc}$
paws,transformer.decoder.block.6.layer.1.EncDecAttention.k,137,0.35981905460357666,cross
paws,transformer.decoder.block.6.layer.1.EncDecAttention.k,137,0.37210536003112793,corr
paws,transformer.decoder.block.6.layer.1.EncDecAttention.k,137,0.2762788236141205,drift
paws,transformer.decoder.block.6.layer.1.EncDecAttention.k,137,0.4344472289085388,tot
paws,transformer.decoder.block.6.layer.1.EncDecAttention.k,137,-0.2910783886909485,$\delta_\text{gsc}$
paws,transformer.decoder.block.6.layer.1.EncDecAttention.k,137,-0.28267762064933777,$\delta_\text{ssc}$
paws,transformer.decoder.block.6.layer.1.EncDecAttention.v,138,0.27709561586380005,cross
paws,transformer.decoder.block.6.layer.1.EncDecAttention.v,138,0.412119597196579,corr
paws,transformer.decoder.block.6.layer.1.EncDecAttention.v,138,0.3280656337738037,drift
paws,transformer.decoder.block.6.layer.1.EncDecAttention.v,138,0.4142850637435913,tot
paws,transformer.decoder.block.6.layer.1.EncDecAttention.v,138,-0.2520604133605957,$\delta_\text{gsc}$
paws,transformer.decoder.block.6.layer.1.EncDecAttention.v,138,-0.3509353697299957,$\delta_\text{ssc}$
paws,transformer.decoder.block.6.layer.1.EncDecAttention.o,139,0.23431898653507233,cross
paws,transformer.decoder.block.6.layer.1.EncDecAttention.o,139,0.2541249394416809,corr
paws,transformer.decoder.block.6.layer.1.EncDecAttention.o,139,0.17183640599250793,drift
paws,transformer.decoder.block.6.layer.1.EncDecAttention.o,139,0.36676734685897827,tot
paws,transformer.decoder.block.6.layer.1.EncDecAttention.o,139,-0.16511742770671844,$\delta_\text{gsc}$
paws,transformer.decoder.block.6.layer.1.EncDecAttention.o,139,-0.12839555740356445,$\delta_\text{ssc}$
paws,transformer.decoder.block.6.layer.2.DenseReluDense.wi,140,0.11446627974510193,cross
paws,transformer.decoder.block.6.layer.2.DenseReluDense.wi,140,0.395353227853775,corr
paws,transformer.decoder.block.6.layer.2.DenseReluDense.wi,140,0.17329271137714386,drift
paws,transformer.decoder.block.6.layer.2.DenseReluDense.wi,140,0.4305153489112854,tot
paws,transformer.decoder.block.6.layer.2.DenseReluDense.wi,140,-0.11852952837944031,$\delta_\text{gsc}$
paws,transformer.decoder.block.6.layer.2.DenseReluDense.wi,140,-0.1340673416852951,$\delta_\text{ssc}$
paws,transformer.decoder.block.6.layer.2.DenseReluDense.wo,141,0.22747962176799774,cross
paws,transformer.decoder.block.6.layer.2.DenseReluDense.wo,141,0.3672660291194916,corr
paws,transformer.decoder.block.6.layer.2.DenseReluDense.wo,141,0.23181088268756866,drift
paws,transformer.decoder.block.6.layer.2.DenseReluDense.wo,141,0.47323980927467346,tot
paws,transformer.decoder.block.6.layer.2.DenseReluDense.wo,141,-0.2140301614999771,$\delta_\text{gsc}$
paws,transformer.decoder.block.6.layer.2.DenseReluDense.wo,141,-0.1392865628004074,$\delta_\text{ssc}$
paws,transformer.decoder.block.7.layer.0.SelfAttention.q,142,0.08692889660596848,cross
paws,transformer.decoder.block.7.layer.0.SelfAttention.q,142,0.07589510828256607,corr
paws,transformer.decoder.block.7.layer.0.SelfAttention.q,142,0.39632314443588257,drift
paws,transformer.decoder.block.7.layer.0.SelfAttention.q,142,0.4041731059551239,tot
paws,transformer.decoder.block.7.layer.0.SelfAttention.q,142,-0.08680906891822815,$\delta_\text{gsc}$
paws,transformer.decoder.block.7.layer.0.SelfAttention.q,142,-0.06816497445106506,$\delta_\text{ssc}$
paws,transformer.decoder.block.7.layer.0.SelfAttention.k,143,0.13463981449604034,cross
paws,transformer.decoder.block.7.layer.0.SelfAttention.k,143,0.07522407919168472,corr
paws,transformer.decoder.block.7.layer.0.SelfAttention.k,143,0.39765918254852295,drift
paws,transformer.decoder.block.7.layer.0.SelfAttention.k,143,0.41350191831588745,tot
paws,transformer.decoder.block.7.layer.0.SelfAttention.k,143,-0.12476330995559692,$\delta_\text{gsc}$
paws,transformer.decoder.block.7.layer.0.SelfAttention.k,143,-0.06925782561302185,$\delta_\text{ssc}$
paws,transformer.decoder.block.7.layer.0.SelfAttention.v,144,0.1407395601272583,cross
paws,transformer.decoder.block.7.layer.0.SelfAttention.v,144,0.46553391218185425,corr
paws,transformer.decoder.block.7.layer.0.SelfAttention.v,144,0.20482636988162994,drift
paws,transformer.decoder.block.7.layer.0.SelfAttention.v,144,0.4811095595359802,tot
paws,transformer.decoder.block.7.layer.0.SelfAttention.v,144,-0.13210991024971008,$\delta_\text{gsc}$
paws,transformer.decoder.block.7.layer.0.SelfAttention.v,144,-0.19788037240505219,$\delta_\text{ssc}$
paws,transformer.decoder.block.7.layer.0.SelfAttention.o,145,0.20286904275417328,cross
paws,transformer.decoder.block.7.layer.0.SelfAttention.o,145,0.21159358322620392,corr
paws,transformer.decoder.block.7.layer.0.SelfAttention.o,145,0.19278490543365479,drift
paws,transformer.decoder.block.7.layer.0.SelfAttention.o,145,0.3577413856983185,tot
paws,transformer.decoder.block.7.layer.0.SelfAttention.o,145,-0.09582151472568512,$\delta_\text{gsc}$
paws,transformer.decoder.block.7.layer.0.SelfAttention.o,145,-0.15368463099002838,$\delta_\text{ssc}$
paws,transformer.decoder.block.7.layer.1.EncDecAttention.q,146,0.07988066226243973,cross
paws,transformer.decoder.block.7.layer.1.EncDecAttention.q,146,0.34292444586753845,corr
paws,transformer.decoder.block.7.layer.1.EncDecAttention.q,146,0.1405731439590454,drift
paws,transformer.decoder.block.7.layer.1.EncDecAttention.q,146,0.41329360008239746,tot
paws,transformer.decoder.block.7.layer.1.EncDecAttention.q,146,-0.07798546552658081,$\delta_\text{gsc}$
paws,transformer.decoder.block.7.layer.1.EncDecAttention.q,146,-0.07209917902946472,$\delta_\text{ssc}$
paws,transformer.decoder.block.7.layer.1.EncDecAttention.k,147,0.34357115626335144,cross
paws,transformer.decoder.block.7.layer.1.EncDecAttention.k,147,0.38110750913619995,corr
paws,transformer.decoder.block.7.layer.1.EncDecAttention.k,147,0.28106239438056946,drift
paws,transformer.decoder.block.7.layer.1.EncDecAttention.k,147,0.4379692077636719,tot
paws,transformer.decoder.block.7.layer.1.EncDecAttention.k,147,-0.27639153599739075,$\delta_\text{gsc}$
paws,transformer.decoder.block.7.layer.1.EncDecAttention.k,147,-0.2913803160190582,$\delta_\text{ssc}$
paws,transformer.decoder.block.7.layer.1.EncDecAttention.v,148,0.3518811762332916,cross
paws,transformer.decoder.block.7.layer.1.EncDecAttention.v,148,0.42043763399124146,corr
paws,transformer.decoder.block.7.layer.1.EncDecAttention.v,148,0.33389440178871155,drift
paws,transformer.decoder.block.7.layer.1.EncDecAttention.v,148,0.40939563512802124,tot
paws,transformer.decoder.block.7.layer.1.EncDecAttention.v,148,-0.3443104028701782,$\delta_\text{gsc}$
paws,transformer.decoder.block.7.layer.1.EncDecAttention.v,148,-0.35250717401504517,$\delta_\text{ssc}$
paws,transformer.decoder.block.7.layer.1.EncDecAttention.o,149,0.2040448784828186,cross
paws,transformer.decoder.block.7.layer.1.EncDecAttention.o,149,0.2951357364654541,corr
paws,transformer.decoder.block.7.layer.1.EncDecAttention.o,149,0.18168039619922638,drift
paws,transformer.decoder.block.7.layer.1.EncDecAttention.o,149,0.3986958861351013,tot
paws,transformer.decoder.block.7.layer.1.EncDecAttention.o,149,-0.16368231177330017,$\delta_\text{gsc}$
paws,transformer.decoder.block.7.layer.1.EncDecAttention.o,149,-0.1184828132390976,$\delta_\text{ssc}$
paws,transformer.decoder.block.7.layer.2.DenseReluDense.wi,150,0.1445438116788864,cross
paws,transformer.decoder.block.7.layer.2.DenseReluDense.wi,150,0.3665010631084442,corr
paws,transformer.decoder.block.7.layer.2.DenseReluDense.wi,150,0.21430304646492004,drift
paws,transformer.decoder.block.7.layer.2.DenseReluDense.wi,150,0.42838549613952637,tot
paws,transformer.decoder.block.7.layer.2.DenseReluDense.wi,150,-0.14820292592048645,$\delta_\text{gsc}$
paws,transformer.decoder.block.7.layer.2.DenseReluDense.wi,150,-0.14875951409339905,$\delta_\text{ssc}$
paws,transformer.decoder.block.7.layer.2.DenseReluDense.wo,151,0.2535037100315094,cross
paws,transformer.decoder.block.7.layer.2.DenseReluDense.wo,151,0.3985559344291687,corr
paws,transformer.decoder.block.7.layer.2.DenseReluDense.wo,151,0.19520317018032074,drift
paws,transformer.decoder.block.7.layer.2.DenseReluDense.wo,151,0.44170454144477844,tot
paws,transformer.decoder.block.7.layer.2.DenseReluDense.wo,151,-0.24446174502372742,$\delta_\text{gsc}$
paws,transformer.decoder.block.7.layer.2.DenseReluDense.wo,151,-0.16109652817249298,$\delta_\text{ssc}$
paws,transformer.decoder.block.8.layer.0.SelfAttention.q,152,0.06312771141529083,cross
paws,transformer.decoder.block.8.layer.0.SelfAttention.q,152,0.09476807713508606,corr
paws,transformer.decoder.block.8.layer.0.SelfAttention.q,152,0.4010116159915924,drift
paws,transformer.decoder.block.8.layer.0.SelfAttention.q,152,0.4323377311229706,tot
paws,transformer.decoder.block.8.layer.0.SelfAttention.q,152,-0.04631602764129639,$\delta_\text{gsc}$
paws,transformer.decoder.block.8.layer.0.SelfAttention.q,152,-0.08025366067886353,$\delta_\text{ssc}$
paws,transformer.decoder.block.8.layer.0.SelfAttention.k,153,0.15183788537979126,cross
paws,transformer.decoder.block.8.layer.0.SelfAttention.k,153,0.10122793167829514,corr
paws,transformer.decoder.block.8.layer.0.SelfAttention.k,153,0.40065082907676697,drift
paws,transformer.decoder.block.8.layer.0.SelfAttention.k,153,0.4434448480606079,tot
paws,transformer.decoder.block.8.layer.0.SelfAttention.k,153,-0.12250381708145142,$\delta_\text{gsc}$
paws,transformer.decoder.block.8.layer.0.SelfAttention.k,153,-0.08776798844337463,$\delta_\text{ssc}$
paws,transformer.decoder.block.8.layer.0.SelfAttention.v,154,0.12488439679145813,cross
paws,transformer.decoder.block.8.layer.0.SelfAttention.v,154,0.44273367524147034,corr
paws,transformer.decoder.block.8.layer.0.SelfAttention.v,154,0.19491799175739288,drift
paws,transformer.decoder.block.8.layer.0.SelfAttention.v,154,0.4716481864452362,tot
paws,transformer.decoder.block.8.layer.0.SelfAttention.v,154,-0.1117323637008667,$\delta_\text{gsc}$
paws,transformer.decoder.block.8.layer.0.SelfAttention.v,154,-0.17915551364421844,$\delta_\text{ssc}$
paws,transformer.decoder.block.8.layer.0.SelfAttention.o,155,0.23233747482299805,cross
paws,transformer.decoder.block.8.layer.0.SelfAttention.o,155,0.29430195689201355,corr
paws,transformer.decoder.block.8.layer.0.SelfAttention.o,155,0.14396041631698608,drift
paws,transformer.decoder.block.8.layer.0.SelfAttention.o,155,0.42187201976776123,tot
paws,transformer.decoder.block.8.layer.0.SelfAttention.o,155,-0.14050936698913574,$\delta_\text{gsc}$
paws,transformer.decoder.block.8.layer.0.SelfAttention.o,155,-0.10821846127510071,$\delta_\text{ssc}$
paws,transformer.decoder.block.8.layer.1.EncDecAttention.q,156,0.10971078276634216,cross
paws,transformer.decoder.block.8.layer.1.EncDecAttention.q,156,0.38450881838798523,corr
paws,transformer.decoder.block.8.layer.1.EncDecAttention.q,156,0.12270371615886688,drift
paws,transformer.decoder.block.8.layer.1.EncDecAttention.q,156,0.4403476417064667,tot
paws,transformer.decoder.block.8.layer.1.EncDecAttention.q,156,-0.0993293821811676,$\delta_\text{gsc}$
paws,transformer.decoder.block.8.layer.1.EncDecAttention.q,156,-0.07724629342556,$\delta_\text{ssc}$
paws,transformer.decoder.block.8.layer.1.EncDecAttention.k,157,0.334958016872406,cross
paws,transformer.decoder.block.8.layer.1.EncDecAttention.k,157,0.3663346767425537,corr
paws,transformer.decoder.block.8.layer.1.EncDecAttention.k,157,0.2801152467727661,drift
paws,transformer.decoder.block.8.layer.1.EncDecAttention.k,157,0.41205739974975586,tot
paws,transformer.decoder.block.8.layer.1.EncDecAttention.k,157,-0.28988614678382874,$\delta_\text{gsc}$
paws,transformer.decoder.block.8.layer.1.EncDecAttention.k,157,-0.27946439385414124,$\delta_\text{ssc}$
paws,transformer.decoder.block.8.layer.1.EncDecAttention.v,158,0.31320720911026,cross
paws,transformer.decoder.block.8.layer.1.EncDecAttention.v,158,0.40218138694763184,corr
paws,transformer.decoder.block.8.layer.1.EncDecAttention.v,158,0.3312152922153473,drift
paws,transformer.decoder.block.8.layer.1.EncDecAttention.v,158,0.41393759846687317,tot
paws,transformer.decoder.block.8.layer.1.EncDecAttention.v,158,-0.2805093228816986,$\delta_\text{gsc}$
paws,transformer.decoder.block.8.layer.1.EncDecAttention.v,158,-0.35215696692466736,$\delta_\text{ssc}$
paws,transformer.decoder.block.8.layer.1.EncDecAttention.o,159,0.23382458090782166,cross
paws,transformer.decoder.block.8.layer.1.EncDecAttention.o,159,0.14044275879859924,corr
paws,transformer.decoder.block.8.layer.1.EncDecAttention.o,159,0.19621378183364868,drift
paws,transformer.decoder.block.8.layer.1.EncDecAttention.o,159,0.3503344655036926,tot
paws,transformer.decoder.block.8.layer.1.EncDecAttention.o,159,-0.12987074255943298,$\delta_\text{gsc}$
paws,transformer.decoder.block.8.layer.1.EncDecAttention.o,159,-0.09027591347694397,$\delta_\text{ssc}$
paws,transformer.decoder.block.8.layer.2.DenseReluDense.wi,160,0.16196806728839874,cross
paws,transformer.decoder.block.8.layer.2.DenseReluDense.wi,160,0.3796556890010834,corr
paws,transformer.decoder.block.8.layer.2.DenseReluDense.wi,160,0.18490491807460785,drift
paws,transformer.decoder.block.8.layer.2.DenseReluDense.wi,160,0.444355845451355,tot
paws,transformer.decoder.block.8.layer.2.DenseReluDense.wi,160,-0.14272570610046387,$\delta_\text{gsc}$
paws,transformer.decoder.block.8.layer.2.DenseReluDense.wi,160,-0.13944710791110992,$\delta_\text{ssc}$
paws,transformer.decoder.block.8.layer.2.DenseReluDense.wo,161,0.22525426745414734,cross
paws,transformer.decoder.block.8.layer.2.DenseReluDense.wo,161,0.4632386565208435,corr
paws,transformer.decoder.block.8.layer.2.DenseReluDense.wo,161,0.09175465255975723,drift
paws,transformer.decoder.block.8.layer.2.DenseReluDense.wo,161,0.48820051550865173,tot
paws,transformer.decoder.block.8.layer.2.DenseReluDense.wo,161,-0.21814480423927307,$\delta_\text{gsc}$
paws,transformer.decoder.block.8.layer.2.DenseReluDense.wo,161,-0.07390225678682327,$\delta_\text{ssc}$
paws,transformer.decoder.block.9.layer.0.SelfAttention.q,162,0.07957731187343597,cross
paws,transformer.decoder.block.9.layer.0.SelfAttention.q,162,0.06387541443109512,corr
paws,transformer.decoder.block.9.layer.0.SelfAttention.q,162,0.41705840826034546,drift
paws,transformer.decoder.block.9.layer.0.SelfAttention.q,162,0.43654295802116394,tot
paws,transformer.decoder.block.9.layer.0.SelfAttention.q,162,-0.07772791385650635,$\delta_\text{gsc}$
paws,transformer.decoder.block.9.layer.0.SelfAttention.q,162,-0.04624024033546448,$\delta_\text{ssc}$
paws,transformer.decoder.block.9.layer.0.SelfAttention.k,163,0.16893379390239716,cross
paws,transformer.decoder.block.9.layer.0.SelfAttention.k,163,0.04105764627456665,corr
paws,transformer.decoder.block.9.layer.0.SelfAttention.k,163,0.41642630100250244,drift
paws,transformer.decoder.block.9.layer.0.SelfAttention.k,163,0.4502326250076294,tot
paws,transformer.decoder.block.9.layer.0.SelfAttention.k,163,-0.14951807260513306,$\delta_\text{gsc}$
paws,transformer.decoder.block.9.layer.0.SelfAttention.k,163,-0.02666705846786499,$\delta_\text{ssc}$
paws,transformer.decoder.block.9.layer.0.SelfAttention.v,164,0.16207672655582428,cross
paws,transformer.decoder.block.9.layer.0.SelfAttention.v,164,0.41981756687164307,corr
paws,transformer.decoder.block.9.layer.0.SelfAttention.v,164,0.16963399946689606,drift
paws,transformer.decoder.block.9.layer.0.SelfAttention.v,164,0.4612124562263489,tot
paws,transformer.decoder.block.9.layer.0.SelfAttention.v,164,-0.14018133282661438,$\delta_\text{gsc}$
paws,transformer.decoder.block.9.layer.0.SelfAttention.v,164,-0.15013448894023895,$\delta_\text{ssc}$
paws,transformer.decoder.block.9.layer.0.SelfAttention.o,165,0.2209041863679886,cross
paws,transformer.decoder.block.9.layer.0.SelfAttention.o,165,0.33105364441871643,corr
paws,transformer.decoder.block.9.layer.0.SelfAttention.o,165,0.14579753577709198,drift
paws,transformer.decoder.block.9.layer.0.SelfAttention.o,165,0.42985737323760986,tot
paws,transformer.decoder.block.9.layer.0.SelfAttention.o,165,-0.1862211674451828,$\delta_\text{gsc}$
paws,transformer.decoder.block.9.layer.0.SelfAttention.o,165,-0.08167682588100433,$\delta_\text{ssc}$
paws,transformer.decoder.block.9.layer.1.EncDecAttention.q,166,0.15542005002498627,cross
paws,transformer.decoder.block.9.layer.1.EncDecAttention.q,166,0.4003782272338867,corr
paws,transformer.decoder.block.9.layer.1.EncDecAttention.q,166,0.1107422485947609,drift
paws,transformer.decoder.block.9.layer.1.EncDecAttention.q,166,0.45027756690979004,tot
paws,transformer.decoder.block.9.layer.1.EncDecAttention.q,166,-0.1348395049571991,$\delta_\text{gsc}$
paws,transformer.decoder.block.9.layer.1.EncDecAttention.q,166,-0.08142346888780594,$\delta_\text{ssc}$
paws,transformer.decoder.block.9.layer.1.EncDecAttention.k,167,0.33704566955566406,cross
paws,transformer.decoder.block.9.layer.1.EncDecAttention.k,167,0.36292827129364014,corr
paws,transformer.decoder.block.9.layer.1.EncDecAttention.k,167,0.2816332280635834,drift
paws,transformer.decoder.block.9.layer.1.EncDecAttention.k,167,0.45295101404190063,tot
paws,transformer.decoder.block.9.layer.1.EncDecAttention.k,167,-0.24718382954597473,$\delta_\text{gsc}$
paws,transformer.decoder.block.9.layer.1.EncDecAttention.k,167,-0.2814723253250122,$\delta_\text{ssc}$
paws,transformer.decoder.block.9.layer.1.EncDecAttention.v,168,0.30626392364501953,cross
paws,transformer.decoder.block.9.layer.1.EncDecAttention.v,168,0.4249590039253235,corr
paws,transformer.decoder.block.9.layer.1.EncDecAttention.v,168,0.30738121271133423,drift
paws,transformer.decoder.block.9.layer.1.EncDecAttention.v,168,0.4366660416126251,tot
paws,transformer.decoder.block.9.layer.1.EncDecAttention.v,168,-0.2964005172252655,$\delta_\text{gsc}$
paws,transformer.decoder.block.9.layer.1.EncDecAttention.v,168,-0.3055375814437866,$\delta_\text{ssc}$
paws,transformer.decoder.block.9.layer.1.EncDecAttention.o,169,0.2528201639652252,cross
paws,transformer.decoder.block.9.layer.1.EncDecAttention.o,169,0.13306866586208344,corr
paws,transformer.decoder.block.9.layer.1.EncDecAttention.o,169,0.238582044839859,drift
paws,transformer.decoder.block.9.layer.1.EncDecAttention.o,169,0.4270675480365753,tot
paws,transformer.decoder.block.9.layer.1.EncDecAttention.o,169,-0.12299656867980957,$\delta_\text{gsc}$
paws,transformer.decoder.block.9.layer.1.EncDecAttention.o,169,-0.07440675795078278,$\delta_\text{ssc}$
paws,transformer.decoder.block.9.layer.2.DenseReluDense.wi,170,0.14178791642189026,cross
paws,transformer.decoder.block.9.layer.2.DenseReluDense.wi,170,0.354243665933609,corr
paws,transformer.decoder.block.9.layer.2.DenseReluDense.wi,170,0.1692662239074707,drift
paws,transformer.decoder.block.9.layer.2.DenseReluDense.wi,170,0.4304792284965515,tot
paws,transformer.decoder.block.9.layer.2.DenseReluDense.wi,170,-0.1153697669506073,$\delta_\text{gsc}$
paws,transformer.decoder.block.9.layer.2.DenseReluDense.wi,170,-0.11944881081581116,$\delta_\text{ssc}$
paws,transformer.decoder.block.9.layer.2.DenseReluDense.wo,171,0.21744385361671448,cross
paws,transformer.decoder.block.9.layer.2.DenseReluDense.wo,171,0.4041309058666229,corr
paws,transformer.decoder.block.9.layer.2.DenseReluDense.wo,171,0.11998128145933151,drift
paws,transformer.decoder.block.9.layer.2.DenseReluDense.wo,171,0.45703309774398804,tot
paws,transformer.decoder.block.9.layer.2.DenseReluDense.wo,171,-0.19830146431922913,$\delta_\text{gsc}$
paws,transformer.decoder.block.9.layer.2.DenseReluDense.wo,171,-0.08622147887945175,$\delta_\text{ssc}$
paws,transformer.decoder.block.10.layer.0.SelfAttention.q,172,0.12272421270608902,cross
paws,transformer.decoder.block.10.layer.0.SelfAttention.q,172,0.08088060468435287,corr
paws,transformer.decoder.block.10.layer.0.SelfAttention.q,172,0.4074009358882904,drift
paws,transformer.decoder.block.10.layer.0.SelfAttention.q,172,0.4094852805137634,tot
paws,transformer.decoder.block.10.layer.0.SelfAttention.q,172,-0.1419144868850708,$\delta_\text{gsc}$
paws,transformer.decoder.block.10.layer.0.SelfAttention.q,172,-0.05960598587989807,$\delta_\text{ssc}$
paws,transformer.decoder.block.10.layer.0.SelfAttention.k,173,0.23480404913425446,cross
paws,transformer.decoder.block.10.layer.0.SelfAttention.k,173,0.05996043607592583,corr
paws,transformer.decoder.block.10.layer.0.SelfAttention.k,173,0.4057093560695648,drift
paws,transformer.decoder.block.10.layer.0.SelfAttention.k,173,0.4360538721084595,tot
paws,transformer.decoder.block.10.layer.0.SelfAttention.k,173,-0.22056977450847626,$\delta_\text{gsc}$
paws,transformer.decoder.block.10.layer.0.SelfAttention.k,173,-0.04385018348693848,$\delta_\text{ssc}$
paws,transformer.decoder.block.10.layer.0.SelfAttention.v,174,0.161690354347229,cross
paws,transformer.decoder.block.10.layer.0.SelfAttention.v,174,0.3511229455471039,corr
paws,transformer.decoder.block.10.layer.0.SelfAttention.v,174,0.17039436101913452,drift
paws,transformer.decoder.block.10.layer.0.SelfAttention.v,174,0.428637832403183,tot
paws,transformer.decoder.block.10.layer.0.SelfAttention.v,174,-0.127607524394989,$\delta_\text{gsc}$
paws,transformer.decoder.block.10.layer.0.SelfAttention.v,174,-0.1269623041152954,$\delta_\text{ssc}$
paws,transformer.decoder.block.10.layer.0.SelfAttention.o,175,0.23849369585514069,cross
paws,transformer.decoder.block.10.layer.0.SelfAttention.o,175,0.21223846077919006,corr
paws,transformer.decoder.block.10.layer.0.SelfAttention.o,175,0.16070285439491272,drift
paws,transformer.decoder.block.10.layer.0.SelfAttention.o,175,0.40725767612457275,tot
paws,transformer.decoder.block.10.layer.0.SelfAttention.o,175,-0.15456359088420868,$\delta_\text{gsc}$
paws,transformer.decoder.block.10.layer.0.SelfAttention.o,175,-0.049613744020462036,$\delta_\text{ssc}$
paws,transformer.decoder.block.10.layer.1.EncDecAttention.q,176,0.1421232670545578,cross
paws,transformer.decoder.block.10.layer.1.EncDecAttention.q,176,0.3545435667037964,corr
paws,transformer.decoder.block.10.layer.1.EncDecAttention.q,176,0.14764194190502167,drift
paws,transformer.decoder.block.10.layer.1.EncDecAttention.q,176,0.4412800669670105,tot
paws,transformer.decoder.block.10.layer.1.EncDecAttention.q,176,-0.10674938559532166,$\delta_\text{gsc}$
paws,transformer.decoder.block.10.layer.1.EncDecAttention.q,176,-0.0962793380022049,$\delta_\text{ssc}$
paws,transformer.decoder.block.10.layer.1.EncDecAttention.k,177,0.28508660197257996,cross
paws,transformer.decoder.block.10.layer.1.EncDecAttention.k,177,0.38172823190689087,corr
paws,transformer.decoder.block.10.layer.1.EncDecAttention.k,177,0.31286758184432983,drift
paws,transformer.decoder.block.10.layer.1.EncDecAttention.k,177,0.41803398728370667,tot
paws,transformer.decoder.block.10.layer.1.EncDecAttention.k,177,-0.24387800693511963,$\delta_\text{gsc}$
paws,transformer.decoder.block.10.layer.1.EncDecAttention.k,177,-0.31777042150497437,$\delta_\text{ssc}$
paws,transformer.decoder.block.10.layer.1.EncDecAttention.v,178,0.3007839024066925,cross
paws,transformer.decoder.block.10.layer.1.EncDecAttention.v,178,0.3930642008781433,corr
paws,transformer.decoder.block.10.layer.1.EncDecAttention.v,178,0.3008577525615692,drift
paws,transformer.decoder.block.10.layer.1.EncDecAttention.v,178,0.4223381578922272,tot
paws,transformer.decoder.block.10.layer.1.EncDecAttention.v,178,-0.270807683467865,$\delta_\text{gsc}$
paws,transformer.decoder.block.10.layer.1.EncDecAttention.v,178,-0.30156001448631287,$\delta_\text{ssc}$
paws,transformer.decoder.block.10.layer.1.EncDecAttention.o,179,0.2260785847902298,cross
paws,transformer.decoder.block.10.layer.1.EncDecAttention.o,179,0.1153964027762413,corr
paws,transformer.decoder.block.10.layer.1.EncDecAttention.o,179,0.23333415389060974,drift
paws,transformer.decoder.block.10.layer.1.EncDecAttention.o,179,0.3984059989452362,tot
paws,transformer.decoder.block.10.layer.1.EncDecAttention.o,179,-0.12793023884296417,$\delta_\text{gsc}$
paws,transformer.decoder.block.10.layer.1.EncDecAttention.o,179,-0.04847291111946106,$\delta_\text{ssc}$
paws,transformer.decoder.block.10.layer.2.DenseReluDense.wi,180,0.16748806834220886,cross
paws,transformer.decoder.block.10.layer.2.DenseReluDense.wi,180,0.3096775710582733,corr
paws,transformer.decoder.block.10.layer.2.DenseReluDense.wi,180,0.1590937077999115,drift
paws,transformer.decoder.block.10.layer.2.DenseReluDense.wi,180,0.3964093327522278,tot
paws,transformer.decoder.block.10.layer.2.DenseReluDense.wi,180,-0.12825071811676025,$\delta_\text{gsc}$
paws,transformer.decoder.block.10.layer.2.DenseReluDense.wi,180,-0.11159929633140564,$\delta_\text{ssc}$
paws,transformer.decoder.block.10.layer.2.DenseReluDense.wo,181,0.2662186324596405,cross
paws,transformer.decoder.block.10.layer.2.DenseReluDense.wo,181,0.33328524231910706,corr
paws,transformer.decoder.block.10.layer.2.DenseReluDense.wo,181,0.12556469440460205,drift
paws,transformer.decoder.block.10.layer.2.DenseReluDense.wo,181,0.44423192739486694,tot
paws,transformer.decoder.block.10.layer.2.DenseReluDense.wo,181,-0.21267521381378174,$\delta_\text{gsc}$
paws,transformer.decoder.block.10.layer.2.DenseReluDense.wo,181,-0.06816142797470093,$\delta_\text{ssc}$
paws,transformer.decoder.block.11.layer.0.SelfAttention.q,182,0.04927739128470421,cross
paws,transformer.decoder.block.11.layer.0.SelfAttention.q,182,0.12653377652168274,corr
paws,transformer.decoder.block.11.layer.0.SelfAttention.q,182,0.36282557249069214,drift
paws,transformer.decoder.block.11.layer.0.SelfAttention.q,182,0.4069407880306244,tot
paws,transformer.decoder.block.11.layer.0.SelfAttention.q,182,-0.0464569628238678,$\delta_\text{gsc}$
paws,transformer.decoder.block.11.layer.0.SelfAttention.q,182,-0.0852389931678772,$\delta_\text{ssc}$
paws,transformer.decoder.block.11.layer.0.SelfAttention.k,183,0.2681405544281006,cross
paws,transformer.decoder.block.11.layer.0.SelfAttention.k,183,0.08626406639814377,corr
paws,transformer.decoder.block.11.layer.0.SelfAttention.k,183,0.3635847270488739,drift
paws,transformer.decoder.block.11.layer.0.SelfAttention.k,183,0.45429328083992004,tot
paws,transformer.decoder.block.11.layer.0.SelfAttention.k,183,-0.20409801602363586,$\delta_\text{gsc}$
paws,transformer.decoder.block.11.layer.0.SelfAttention.k,183,-0.059598058462142944,$\delta_\text{ssc}$
paws,transformer.decoder.block.11.layer.0.SelfAttention.v,184,0.17328181862831116,cross
paws,transformer.decoder.block.11.layer.0.SelfAttention.v,184,0.30487048625946045,corr
paws,transformer.decoder.block.11.layer.0.SelfAttention.v,184,0.13441741466522217,drift
paws,transformer.decoder.block.11.layer.0.SelfAttention.v,184,0.38880205154418945,tot
paws,transformer.decoder.block.11.layer.0.SelfAttention.v,184,-0.1257179081439972,$\delta_\text{gsc}$
paws,transformer.decoder.block.11.layer.0.SelfAttention.v,184,-0.09804975986480713,$\delta_\text{ssc}$
paws,transformer.decoder.block.11.layer.0.SelfAttention.o,185,0.2492980659008026,cross
paws,transformer.decoder.block.11.layer.0.SelfAttention.o,185,0.1697000414133072,corr
paws,transformer.decoder.block.11.layer.0.SelfAttention.o,185,0.1638788878917694,drift
paws,transformer.decoder.block.11.layer.0.SelfAttention.o,185,0.38469329476356506,tot
paws,transformer.decoder.block.11.layer.0.SelfAttention.o,185,-0.13595175743103027,$\delta_\text{gsc}$
paws,transformer.decoder.block.11.layer.0.SelfAttention.o,185,-0.062231943011283875,$\delta_\text{ssc}$
paws,transformer.decoder.block.11.layer.1.EncDecAttention.q,186,0.16042232513427734,cross
paws,transformer.decoder.block.11.layer.1.EncDecAttention.q,186,0.3065158724784851,corr
paws,transformer.decoder.block.11.layer.1.EncDecAttention.q,186,0.16207578778266907,drift
paws,transformer.decoder.block.11.layer.1.EncDecAttention.q,186,0.41415709257125854,tot
paws,transformer.decoder.block.11.layer.1.EncDecAttention.q,186,-0.10815027356147766,$\delta_\text{gsc}$
paws,transformer.decoder.block.11.layer.1.EncDecAttention.q,186,-0.10670661926269531,$\delta_\text{ssc}$
paws,transformer.decoder.block.11.layer.1.EncDecAttention.k,187,0.26958373188972473,cross
paws,transformer.decoder.block.11.layer.1.EncDecAttention.k,187,0.3859580457210541,corr
paws,transformer.decoder.block.11.layer.1.EncDecAttention.k,187,0.31107258796691895,drift
paws,transformer.decoder.block.11.layer.1.EncDecAttention.k,187,0.4054465591907501,tot
paws,transformer.decoder.block.11.layer.1.EncDecAttention.k,187,-0.24234667420387268,$\delta_\text{gsc}$
paws,transformer.decoder.block.11.layer.1.EncDecAttention.k,187,-0.31882113218307495,$\delta_\text{ssc}$
paws,transformer.decoder.block.11.layer.1.EncDecAttention.v,188,0.3358209729194641,cross
paws,transformer.decoder.block.11.layer.1.EncDecAttention.v,188,0.4169572591781616,corr
paws,transformer.decoder.block.11.layer.1.EncDecAttention.v,188,0.2909393012523651,drift
paws,transformer.decoder.block.11.layer.1.EncDecAttention.v,188,0.4079216420650482,tot
paws,transformer.decoder.block.11.layer.1.EncDecAttention.v,188,-0.34743791818618774,$\delta_\text{gsc}$
paws,transformer.decoder.block.11.layer.1.EncDecAttention.v,188,-0.2883579730987549,$\delta_\text{ssc}$
paws,transformer.decoder.block.11.layer.1.EncDecAttention.o,189,0.2423374503850937,cross
paws,transformer.decoder.block.11.layer.1.EncDecAttention.o,189,0.08341995626688004,corr
paws,transformer.decoder.block.11.layer.1.EncDecAttention.o,189,0.247781440615654,drift
paws,transformer.decoder.block.11.layer.1.EncDecAttention.o,189,0.4020753800868988,tot
paws,transformer.decoder.block.11.layer.1.EncDecAttention.o,189,-0.12472544610500336,$\delta_\text{gsc}$
paws,transformer.decoder.block.11.layer.1.EncDecAttention.o,189,-0.04673801362514496,$\delta_\text{ssc}$
paws,transformer.decoder.block.11.layer.2.DenseReluDense.wi,190,0.11996684968471527,cross
paws,transformer.decoder.block.11.layer.2.DenseReluDense.wi,190,0.2656468152999878,corr
paws,transformer.decoder.block.11.layer.2.DenseReluDense.wi,190,0.15896904468536377,drift
paws,transformer.decoder.block.11.layer.2.DenseReluDense.wi,190,0.3581731617450714,tot
paws,transformer.decoder.block.11.layer.2.DenseReluDense.wi,190,-0.08119259774684906,$\delta_\text{gsc}$
paws,transformer.decoder.block.11.layer.2.DenseReluDense.wi,190,-0.10521695017814636,$\delta_\text{ssc}$
paws,transformer.decoder.block.11.layer.2.DenseReluDense.wo,191,0.20609432458877563,cross
paws,transformer.decoder.block.11.layer.2.DenseReluDense.wo,191,0.23934084177017212,corr
paws,transformer.decoder.block.11.layer.2.DenseReluDense.wo,191,0.11226271092891693,drift
paws,transformer.decoder.block.11.layer.2.DenseReluDense.wo,191,0.3935892879962921,tot
paws,transformer.decoder.block.11.layer.2.DenseReluDense.wo,191,-0.10651776194572449,$\delta_\text{gsc}$
paws,transformer.decoder.block.11.layer.2.DenseReluDense.wo,191,-0.057590827345848083,$\delta_\text{ssc}$
paws,transformer.lm_head,192,0.055934756994247437,cross
paws,transformer.lm_head,192,0.14313308894634247,corr
paws,transformer.lm_head,192,0.03593413531780243,drift
paws,transformer.lm_head,192,0.16737353801727295,tot
paws,transformer.lm_head,192,-0.050836414098739624,$\delta_\text{gsc}$
paws,transformer.lm_head,192,-0.01679202914237976,$\delta_\text{ssc}$
qasc,transformer.encoder.block.0.layer.0.SelfAttention.q,0,0.16936400532722473,cross
qasc,transformer.encoder.block.0.layer.0.SelfAttention.q,0,0.4358932375907898,corr
qasc,transformer.encoder.block.0.layer.0.SelfAttention.q,0,0.3658733367919922,drift
qasc,transformer.encoder.block.0.layer.0.SelfAttention.q,0,0.4252328872680664,tot
qasc,transformer.encoder.block.0.layer.0.SelfAttention.q,0,-0.08674350380897522,$\delta_\text{gsc}$
qasc,transformer.encoder.block.0.layer.0.SelfAttention.q,0,-0.4591541886329651,$\delta_\text{ssc}$
qasc,transformer.encoder.block.0.layer.0.SelfAttention.k,1,0.3907383680343628,cross
qasc,transformer.encoder.block.0.layer.0.SelfAttention.k,1,0.4358881711959839,corr
qasc,transformer.encoder.block.0.layer.0.SelfAttention.k,1,0.3666791617870331,drift
qasc,transformer.encoder.block.0.layer.0.SelfAttention.k,1,0.24424302577972412,tot
qasc,transformer.encoder.block.0.layer.0.SelfAttention.k,1,-0.48608407378196716,$\delta_\text{gsc}$
qasc,transformer.encoder.block.0.layer.0.SelfAttention.k,1,-0.4629786014556885,$\delta_\text{ssc}$
qasc,transformer.encoder.block.0.layer.0.SelfAttention.v,2,0.20630908012390137,cross
qasc,transformer.encoder.block.0.layer.0.SelfAttention.v,2,0.4199584126472473,corr
qasc,transformer.encoder.block.0.layer.0.SelfAttention.v,2,0.36634933948516846,drift
qasc,transformer.encoder.block.0.layer.0.SelfAttention.v,2,0.2986309826374054,tot
qasc,transformer.encoder.block.0.layer.0.SelfAttention.v,2,-0.20951789617538452,$\delta_\text{gsc}$
qasc,transformer.encoder.block.0.layer.0.SelfAttention.v,2,-0.4844679534435272,$\delta_\text{ssc}$
qasc,transformer.encoder.block.0.layer.0.SelfAttention.o,3,0.1838708519935608,cross
qasc,transformer.encoder.block.0.layer.0.SelfAttention.o,3,0.30142444372177124,corr
qasc,transformer.encoder.block.0.layer.0.SelfAttention.o,3,0.18929752707481384,drift
qasc,transformer.encoder.block.0.layer.0.SelfAttention.o,3,0.3904976546764374,tot
qasc,transformer.encoder.block.0.layer.0.SelfAttention.o,3,-0.06310266256332397,$\delta_\text{gsc}$
qasc,transformer.encoder.block.0.layer.0.SelfAttention.o,3,-0.22099250555038452,$\delta_\text{ssc}$
qasc,transformer.encoder.block.0.layer.1.DenseReluDense.wi,4,0.19798913598060608,cross
qasc,transformer.encoder.block.0.layer.1.DenseReluDense.wi,4,0.3765721917152405,corr
qasc,transformer.encoder.block.0.layer.1.DenseReluDense.wi,4,0.34918996691703796,drift
qasc,transformer.encoder.block.0.layer.1.DenseReluDense.wi,4,0.35937967896461487,tot
qasc,transformer.encoder.block.0.layer.1.DenseReluDense.wi,4,-0.05896878242492676,$\delta_\text{gsc}$
qasc,transformer.encoder.block.0.layer.1.DenseReluDense.wi,4,-0.5054028034210205,$\delta_\text{ssc}$
qasc,transformer.encoder.block.0.layer.1.DenseReluDense.wo,5,0.26804301142692566,cross
qasc,transformer.encoder.block.0.layer.1.DenseReluDense.wo,5,0.4177866578102112,corr
qasc,transformer.encoder.block.0.layer.1.DenseReluDense.wo,5,0.3902221918106079,drift
qasc,transformer.encoder.block.0.layer.1.DenseReluDense.wo,5,0.3083595335483551,tot
qasc,transformer.encoder.block.0.layer.1.DenseReluDense.wo,5,-0.23107683658599854,$\delta_\text{gsc}$
qasc,transformer.encoder.block.0.layer.1.DenseReluDense.wo,5,-0.5366154909133911,$\delta_\text{ssc}$
qasc,transformer.encoder.block.1.layer.0.SelfAttention.q,6,0.12089668214321136,cross
qasc,transformer.encoder.block.1.layer.0.SelfAttention.q,6,0.45497626066207886,corr
qasc,transformer.encoder.block.1.layer.0.SelfAttention.q,6,0.39120230078697205,drift
qasc,transformer.encoder.block.1.layer.0.SelfAttention.q,6,0.4505164921283722,tot
qasc,transformer.encoder.block.1.layer.0.SelfAttention.q,6,-0.04515188932418823,$\delta_\text{gsc}$
qasc,transformer.encoder.block.1.layer.0.SelfAttention.q,6,-0.47140684723854065,$\delta_\text{ssc}$
qasc,transformer.encoder.block.1.layer.0.SelfAttention.k,7,0.3379914164543152,cross
qasc,transformer.encoder.block.1.layer.0.SelfAttention.k,7,0.42966386675834656,corr
qasc,transformer.encoder.block.1.layer.0.SelfAttention.k,7,0.3914085030555725,drift
qasc,transformer.encoder.block.1.layer.0.SelfAttention.k,7,0.3977668285369873,tot
qasc,transformer.encoder.block.1.layer.0.SelfAttention.k,7,-0.22511893510818481,$\delta_\text{gsc}$
qasc,transformer.encoder.block.1.layer.0.SelfAttention.k,7,-0.5361779928207397,$\delta_\text{ssc}$
qasc,transformer.encoder.block.1.layer.0.SelfAttention.v,8,0.25397539138793945,cross
qasc,transformer.encoder.block.1.layer.0.SelfAttention.v,8,0.4367130994796753,corr
qasc,transformer.encoder.block.1.layer.0.SelfAttention.v,8,0.39090442657470703,drift
qasc,transformer.encoder.block.1.layer.0.SelfAttention.v,8,0.21779659390449524,tot
qasc,transformer.encoder.block.1.layer.0.SelfAttention.v,8,-0.3594253957271576,$\delta_\text{gsc}$
qasc,transformer.encoder.block.1.layer.0.SelfAttention.v,8,-0.504370927810669,$\delta_\text{ssc}$
qasc,transformer.encoder.block.1.layer.0.SelfAttention.o,9,0.1312466412782669,cross
qasc,transformer.encoder.block.1.layer.0.SelfAttention.o,9,0.345510333776474,corr
qasc,transformer.encoder.block.1.layer.0.SelfAttention.o,9,0.26828888058662415,drift
qasc,transformer.encoder.block.1.layer.0.SelfAttention.o,9,0.38735249638557434,tot
qasc,transformer.encoder.block.1.layer.0.SelfAttention.o,9,-0.06244662404060364,$\delta_\text{gsc}$
qasc,transformer.encoder.block.1.layer.0.SelfAttention.o,9,-0.29524675011634827,$\delta_\text{ssc}$
qasc,transformer.encoder.block.1.layer.1.DenseReluDense.wi,10,0.18034784495830536,cross
qasc,transformer.encoder.block.1.layer.1.DenseReluDense.wi,10,0.35109299421310425,corr
qasc,transformer.encoder.block.1.layer.1.DenseReluDense.wi,10,0.3022541105747223,drift
qasc,transformer.encoder.block.1.layer.1.DenseReluDense.wi,10,0.38479289412498474,tot
qasc,transformer.encoder.block.1.layer.1.DenseReluDense.wi,10,-0.04052595794200897,$\delta_\text{gsc}$
qasc,transformer.encoder.block.1.layer.1.DenseReluDense.wi,10,-0.4083760976791382,$\delta_\text{ssc}$
qasc,transformer.encoder.block.1.layer.1.DenseReluDense.wo,11,0.1473139524459839,cross
qasc,transformer.encoder.block.1.layer.1.DenseReluDense.wo,11,0.4637940526008606,corr
qasc,transformer.encoder.block.1.layer.1.DenseReluDense.wo,11,0.431789755821228,drift
qasc,transformer.encoder.block.1.layer.1.DenseReluDense.wo,11,0.3893072009086609,tot
qasc,transformer.encoder.block.1.layer.1.DenseReluDense.wo,11,-0.08812364935874939,$\delta_\text{gsc}$
qasc,transformer.encoder.block.1.layer.1.DenseReluDense.wo,11,-0.5654668807983398,$\delta_\text{ssc}$
qasc,transformer.encoder.block.2.layer.0.SelfAttention.q,12,0.11653850227594376,cross
qasc,transformer.encoder.block.2.layer.0.SelfAttention.q,12,0.4547930359840393,corr
qasc,transformer.encoder.block.2.layer.0.SelfAttention.q,12,0.39275550842285156,drift
qasc,transformer.encoder.block.2.layer.0.SelfAttention.q,12,0.45400524139404297,tot
qasc,transformer.encoder.block.2.layer.0.SelfAttention.q,12,-0.04514572024345398,$\delta_\text{gsc}$
qasc,transformer.encoder.block.2.layer.0.SelfAttention.q,12,-0.4649360775947571,$\delta_\text{ssc}$
qasc,transformer.encoder.block.2.layer.0.SelfAttention.k,13,0.23788799345493317,cross
qasc,transformer.encoder.block.2.layer.0.SelfAttention.k,13,0.4545007348060608,corr
qasc,transformer.encoder.block.2.layer.0.SelfAttention.k,13,0.39348772168159485,drift
qasc,transformer.encoder.block.2.layer.0.SelfAttention.k,13,0.4120025634765625,tot
qasc,transformer.encoder.block.2.layer.0.SelfAttention.k,13,-0.2052120417356491,$\delta_\text{gsc}$
qasc,transformer.encoder.block.2.layer.0.SelfAttention.k,13,-0.4686618447303772,$\delta_\text{ssc}$
qasc,transformer.encoder.block.2.layer.0.SelfAttention.v,14,0.22554795444011688,cross
qasc,transformer.encoder.block.2.layer.0.SelfAttention.v,14,0.4515727758407593,corr
qasc,transformer.encoder.block.2.layer.0.SelfAttention.v,14,0.39282891154289246,drift
qasc,transformer.encoder.block.2.layer.0.SelfAttention.v,14,0.36244651675224304,tot
qasc,transformer.encoder.block.2.layer.0.SelfAttention.v,14,-0.24262647330760956,$\delta_\text{gsc}$
qasc,transformer.encoder.block.2.layer.0.SelfAttention.v,14,-0.464876651763916,$\delta_\text{ssc}$
qasc,transformer.encoder.block.2.layer.0.SelfAttention.o,15,0.21192307770252228,cross
qasc,transformer.encoder.block.2.layer.0.SelfAttention.o,15,0.2816811800003052,corr
qasc,transformer.encoder.block.2.layer.0.SelfAttention.o,15,0.1709592342376709,drift
qasc,transformer.encoder.block.2.layer.0.SelfAttention.o,15,0.36632239818573,tot
qasc,transformer.encoder.block.2.layer.0.SelfAttention.o,15,-0.12167064845561981,$\delta_\text{gsc}$
qasc,transformer.encoder.block.2.layer.0.SelfAttention.o,15,-0.17657044529914856,$\delta_\text{ssc}$
qasc,transformer.encoder.block.2.layer.1.DenseReluDense.wi,16,0.21656180918216705,cross
qasc,transformer.encoder.block.2.layer.1.DenseReluDense.wi,16,0.2726879417896271,corr
qasc,transformer.encoder.block.2.layer.1.DenseReluDense.wi,16,0.22351567447185516,drift
qasc,transformer.encoder.block.2.layer.1.DenseReluDense.wi,16,0.36646103858947754,tot
qasc,transformer.encoder.block.2.layer.1.DenseReluDense.wi,16,-0.049767300486564636,$\delta_\text{gsc}$
qasc,transformer.encoder.block.2.layer.1.DenseReluDense.wi,16,-0.2965371012687683,$\delta_\text{ssc}$
qasc,transformer.encoder.block.2.layer.1.DenseReluDense.wo,17,0.260834664106369,cross
qasc,transformer.encoder.block.2.layer.1.DenseReluDense.wo,17,0.3173084855079651,corr
qasc,transformer.encoder.block.2.layer.1.DenseReluDense.wo,17,0.1519094854593277,drift
qasc,transformer.encoder.block.2.layer.1.DenseReluDense.wo,17,0.3659118115901947,tot
qasc,transformer.encoder.block.2.layer.1.DenseReluDense.wo,17,-0.18127459287643433,$\delta_\text{gsc}$
qasc,transformer.encoder.block.2.layer.1.DenseReluDense.wo,17,-0.18286623060703278,$\delta_\text{ssc}$
qasc,transformer.encoder.block.3.layer.0.SelfAttention.q,18,0.26584678888320923,cross
qasc,transformer.encoder.block.3.layer.0.SelfAttention.q,18,0.42708927392959595,corr
qasc,transformer.encoder.block.3.layer.0.SelfAttention.q,18,0.38355305790901184,drift
qasc,transformer.encoder.block.3.layer.0.SelfAttention.q,18,0.4189581274986267,tot
qasc,transformer.encoder.block.3.layer.0.SelfAttention.q,18,-0.16036659479141235,$\delta_\text{gsc}$
qasc,transformer.encoder.block.3.layer.0.SelfAttention.q,18,-0.49716439843177795,$\delta_\text{ssc}$
qasc,transformer.encoder.block.3.layer.0.SelfAttention.k,19,0.31468942761421204,cross
qasc,transformer.encoder.block.3.layer.0.SelfAttention.k,19,0.4272329807281494,corr
qasc,transformer.encoder.block.3.layer.0.SelfAttention.k,19,0.38415801525115967,drift
qasc,transformer.encoder.block.3.layer.0.SelfAttention.k,19,0.3756587505340576,tot
qasc,transformer.encoder.block.3.layer.0.SelfAttention.k,19,-0.25553223490715027,$\delta_\text{gsc}$
qasc,transformer.encoder.block.3.layer.0.SelfAttention.k,19,-0.49488943815231323,$\delta_\text{ssc}$
qasc,transformer.encoder.block.3.layer.0.SelfAttention.v,20,0.22582490742206573,cross
qasc,transformer.encoder.block.3.layer.0.SelfAttention.v,20,0.4542657136917114,corr
qasc,transformer.encoder.block.3.layer.0.SelfAttention.v,20,0.3853272497653961,drift
qasc,transformer.encoder.block.3.layer.0.SelfAttention.v,20,0.3205937445163727,tot
qasc,transformer.encoder.block.3.layer.0.SelfAttention.v,20,-0.29972392320632935,$\delta_\text{gsc}$
qasc,transformer.encoder.block.3.layer.0.SelfAttention.v,20,-0.44510018825531006,$\delta_\text{ssc}$
qasc,transformer.encoder.block.3.layer.0.SelfAttention.o,21,0.22989825904369354,cross
qasc,transformer.encoder.block.3.layer.0.SelfAttention.o,21,0.27225741744041443,corr
qasc,transformer.encoder.block.3.layer.0.SelfAttention.o,21,0.24299581348896027,drift
qasc,transformer.encoder.block.3.layer.0.SelfAttention.o,21,0.36679762601852417,tot
qasc,transformer.encoder.block.3.layer.0.SelfAttention.o,21,-0.16046394407749176,$\delta_\text{gsc}$
qasc,transformer.encoder.block.3.layer.0.SelfAttention.o,21,-0.2178899198770523,$\delta_\text{ssc}$
qasc,transformer.encoder.block.3.layer.1.DenseReluDense.wi,22,0.2000642865896225,cross
qasc,transformer.encoder.block.3.layer.1.DenseReluDense.wi,22,0.2550484538078308,corr
qasc,transformer.encoder.block.3.layer.1.DenseReluDense.wi,22,0.2099519819021225,drift
qasc,transformer.encoder.block.3.layer.1.DenseReluDense.wi,22,0.3593875467777252,tot
qasc,transformer.encoder.block.3.layer.1.DenseReluDense.wi,22,-0.04229886829853058,$\delta_\text{gsc}$
qasc,transformer.encoder.block.3.layer.1.DenseReluDense.wi,22,-0.2633783221244812,$\delta_\text{ssc}$
qasc,transformer.encoder.block.3.layer.1.DenseReluDense.wo,23,0.20965352654457092,cross
qasc,transformer.encoder.block.3.layer.1.DenseReluDense.wo,23,0.2906414866447449,corr
qasc,transformer.encoder.block.3.layer.1.DenseReluDense.wo,23,0.07575166970491409,drift
qasc,transformer.encoder.block.3.layer.1.DenseReluDense.wo,23,0.3319261372089386,tot
qasc,transformer.encoder.block.3.layer.1.DenseReluDense.wo,23,-0.1626492440700531,$\delta_\text{gsc}$
qasc,transformer.encoder.block.3.layer.1.DenseReluDense.wo,23,-0.08147130161523819,$\delta_\text{ssc}$
qasc,transformer.encoder.block.4.layer.0.SelfAttention.q,24,0.3387618958950043,cross
qasc,transformer.encoder.block.4.layer.0.SelfAttention.q,24,0.424803227186203,corr
qasc,transformer.encoder.block.4.layer.0.SelfAttention.q,24,0.38270193338394165,drift
qasc,transformer.encoder.block.4.layer.0.SelfAttention.q,24,0.3978612422943115,tot
qasc,transformer.encoder.block.4.layer.0.SelfAttention.q,24,-0.2745877802371979,$\delta_\text{gsc}$
qasc,transformer.encoder.block.4.layer.0.SelfAttention.q,24,-0.4738180339336395,$\delta_\text{ssc}$
qasc,transformer.encoder.block.4.layer.0.SelfAttention.k,25,0.2670055627822876,cross
qasc,transformer.encoder.block.4.layer.0.SelfAttention.k,25,0.4339796304702759,corr
qasc,transformer.encoder.block.4.layer.0.SelfAttention.k,25,0.3852604031562805,drift
qasc,transformer.encoder.block.4.layer.0.SelfAttention.k,25,0.390898197889328,tot
qasc,transformer.encoder.block.4.layer.0.SelfAttention.k,25,-0.22468158602714539,$\delta_\text{gsc}$
qasc,transformer.encoder.block.4.layer.0.SelfAttention.k,25,-0.4706658124923706,$\delta_\text{ssc}$
qasc,transformer.encoder.block.4.layer.0.SelfAttention.v,26,0.19836539030075073,cross
qasc,transformer.encoder.block.4.layer.0.SelfAttention.v,26,0.4480469524860382,corr
qasc,transformer.encoder.block.4.layer.0.SelfAttention.v,26,0.38802874088287354,drift
qasc,transformer.encoder.block.4.layer.0.SelfAttention.v,26,0.32446756958961487,tot
qasc,transformer.encoder.block.4.layer.0.SelfAttention.v,26,-0.2560485601425171,$\delta_\text{gsc}$
qasc,transformer.encoder.block.4.layer.0.SelfAttention.v,26,-0.4539249539375305,$\delta_\text{ssc}$
qasc,transformer.encoder.block.4.layer.0.SelfAttention.o,27,0.24215860664844513,cross
qasc,transformer.encoder.block.4.layer.0.SelfAttention.o,27,0.23243921995162964,corr
qasc,transformer.encoder.block.4.layer.0.SelfAttention.o,27,0.18687181174755096,drift
qasc,transformer.encoder.block.4.layer.0.SelfAttention.o,27,0.28769558668136597,tot
qasc,transformer.encoder.block.4.layer.0.SelfAttention.o,27,-0.23965896666049957,$\delta_\text{gsc}$
qasc,transformer.encoder.block.4.layer.0.SelfAttention.o,27,-0.1341150850057602,$\delta_\text{ssc}$
qasc,transformer.encoder.block.4.layer.1.DenseReluDense.wi,28,0.23177923262119293,cross
qasc,transformer.encoder.block.4.layer.1.DenseReluDense.wi,28,0.24170897901058197,corr
qasc,transformer.encoder.block.4.layer.1.DenseReluDense.wi,28,0.2127319872379303,drift
qasc,transformer.encoder.block.4.layer.1.DenseReluDense.wi,28,0.30637553334236145,tot
qasc,transformer.encoder.block.4.layer.1.DenseReluDense.wi,28,-0.10688254237174988,$\delta_\text{gsc}$
qasc,transformer.encoder.block.4.layer.1.DenseReluDense.wi,28,-0.27296212315559387,$\delta_\text{ssc}$
qasc,transformer.encoder.block.4.layer.1.DenseReluDense.wo,29,0.15829692780971527,cross
qasc,transformer.encoder.block.4.layer.1.DenseReluDense.wo,29,0.18988686800003052,corr
qasc,transformer.encoder.block.4.layer.1.DenseReluDense.wo,29,0.04391872137784958,drift
qasc,transformer.encoder.block.4.layer.1.DenseReluDense.wo,29,0.18820759654045105,tot
qasc,transformer.encoder.block.4.layer.1.DenseReluDense.wo,29,-0.15587177872657776,$\delta_\text{gsc}$
qasc,transformer.encoder.block.4.layer.1.DenseReluDense.wo,29,-0.04802314192056656,$\delta_\text{ssc}$
qasc,transformer.encoder.block.5.layer.0.SelfAttention.q,30,0.34679433703422546,cross
qasc,transformer.encoder.block.5.layer.0.SelfAttention.q,30,0.4384285807609558,corr
qasc,transformer.encoder.block.5.layer.0.SelfAttention.q,30,0.383092999458313,drift
qasc,transformer.encoder.block.5.layer.0.SelfAttention.q,30,0.4139024019241333,tot
qasc,transformer.encoder.block.5.layer.0.SelfAttention.q,30,-0.3026709258556366,$\delta_\text{gsc}$
qasc,transformer.encoder.block.5.layer.0.SelfAttention.q,30,-0.45174258947372437,$\delta_\text{ssc}$
qasc,transformer.encoder.block.5.layer.0.SelfAttention.k,31,0.265058696269989,cross
qasc,transformer.encoder.block.5.layer.0.SelfAttention.k,31,0.44023919105529785,corr
qasc,transformer.encoder.block.5.layer.0.SelfAttention.k,31,0.3859962224960327,drift
qasc,transformer.encoder.block.5.layer.0.SelfAttention.k,31,0.4230327606201172,tot
qasc,transformer.encoder.block.5.layer.0.SelfAttention.k,31,-0.20629093050956726,$\delta_\text{gsc}$
qasc,transformer.encoder.block.5.layer.0.SelfAttention.k,31,-0.46197041869163513,$\delta_\text{ssc}$
qasc,transformer.encoder.block.5.layer.0.SelfAttention.v,32,0.2533568739891052,cross
qasc,transformer.encoder.block.5.layer.0.SelfAttention.v,32,0.44979846477508545,corr
qasc,transformer.encoder.block.5.layer.0.SelfAttention.v,32,0.3859627842903137,drift
qasc,transformer.encoder.block.5.layer.0.SelfAttention.v,32,0.2780958116054535,tot
qasc,transformer.encoder.block.5.layer.0.SelfAttention.v,32,-0.36261147260665894,$\delta_\text{gsc}$
qasc,transformer.encoder.block.5.layer.0.SelfAttention.v,32,-0.44841083884239197,$\delta_\text{ssc}$
qasc,transformer.encoder.block.5.layer.0.SelfAttention.o,33,0.23199118673801422,cross
qasc,transformer.encoder.block.5.layer.0.SelfAttention.o,33,0.22980040311813354,corr
qasc,transformer.encoder.block.5.layer.0.SelfAttention.o,33,0.22067667543888092,drift
qasc,transformer.encoder.block.5.layer.0.SelfAttention.o,33,0.2728941738605499,tot
qasc,transformer.encoder.block.5.layer.0.SelfAttention.o,33,-0.23543624579906464,$\delta_\text{gsc}$
qasc,transformer.encoder.block.5.layer.0.SelfAttention.o,33,-0.17413784563541412,$\delta_\text{ssc}$
qasc,transformer.encoder.block.5.layer.1.DenseReluDense.wi,34,0.21683087944984436,cross
qasc,transformer.encoder.block.5.layer.1.DenseReluDense.wi,34,0.2536502480506897,corr
qasc,transformer.encoder.block.5.layer.1.DenseReluDense.wi,34,0.21863672137260437,drift
qasc,transformer.encoder.block.5.layer.1.DenseReluDense.wi,34,0.28882548213005066,tot
qasc,transformer.encoder.block.5.layer.1.DenseReluDense.wi,34,-0.1246110051870346,$\delta_\text{gsc}$
qasc,transformer.encoder.block.5.layer.1.DenseReluDense.wi,34,-0.27568137645721436,$\delta_\text{ssc}$
qasc,transformer.encoder.block.5.layer.1.DenseReluDense.wo,35,0.19935058057308197,cross
qasc,transformer.encoder.block.5.layer.1.DenseReluDense.wo,35,0.28816917538642883,corr
qasc,transformer.encoder.block.5.layer.1.DenseReluDense.wo,35,0.12737852334976196,drift
qasc,transformer.encoder.block.5.layer.1.DenseReluDense.wo,35,0.28406766057014465,tot
qasc,transformer.encoder.block.5.layer.1.DenseReluDense.wo,35,-0.19035978615283966,$\delta_\text{gsc}$
qasc,transformer.encoder.block.5.layer.1.DenseReluDense.wo,35,-0.14047083258628845,$\delta_\text{ssc}$
qasc,transformer.encoder.block.6.layer.0.SelfAttention.q,36,0.3017793893814087,cross
qasc,transformer.encoder.block.6.layer.0.SelfAttention.q,36,0.42912909388542175,corr
qasc,transformer.encoder.block.6.layer.0.SelfAttention.q,36,0.3771035373210907,drift
qasc,transformer.encoder.block.6.layer.0.SelfAttention.q,36,0.37499040365219116,tot
qasc,transformer.encoder.block.6.layer.0.SelfAttention.q,36,-0.2848649024963379,$\delta_\text{gsc}$
qasc,transformer.encoder.block.6.layer.0.SelfAttention.q,36,-0.4481567144393921,$\delta_\text{ssc}$
qasc,transformer.encoder.block.6.layer.0.SelfAttention.k,37,0.25086939334869385,cross
qasc,transformer.encoder.block.6.layer.0.SelfAttention.k,37,0.4280720353126526,corr
qasc,transformer.encoder.block.6.layer.0.SelfAttention.k,37,0.3802758455276489,drift
qasc,transformer.encoder.block.6.layer.0.SelfAttention.k,37,0.38252192735671997,tot
qasc,transformer.encoder.block.6.layer.0.SelfAttention.k,37,-0.2126728594303131,$\delta_\text{gsc}$
qasc,transformer.encoder.block.6.layer.0.SelfAttention.k,37,-0.4640224874019623,$\delta_\text{ssc}$
qasc,transformer.encoder.block.6.layer.0.SelfAttention.v,38,0.22322827577590942,cross
qasc,transformer.encoder.block.6.layer.0.SelfAttention.v,38,0.4565873146057129,corr
qasc,transformer.encoder.block.6.layer.0.SelfAttention.v,38,0.37556520104408264,drift
qasc,transformer.encoder.block.6.layer.0.SelfAttention.v,38,0.328824907541275,tot
qasc,transformer.encoder.block.6.layer.0.SelfAttention.v,38,-0.303166002035141,$\delta_\text{gsc}$
qasc,transformer.encoder.block.6.layer.0.SelfAttention.v,38,-0.42338988184928894,$\delta_\text{ssc}$
qasc,transformer.encoder.block.6.layer.0.SelfAttention.o,39,0.2123541682958603,cross
qasc,transformer.encoder.block.6.layer.0.SelfAttention.o,39,0.21206402778625488,corr
qasc,transformer.encoder.block.6.layer.0.SelfAttention.o,39,0.17728348076343536,drift
qasc,transformer.encoder.block.6.layer.0.SelfAttention.o,39,0.28044310212135315,tot
qasc,transformer.encoder.block.6.layer.0.SelfAttention.o,39,-0.20401962101459503,$\delta_\text{gsc}$
qasc,transformer.encoder.block.6.layer.0.SelfAttention.o,39,-0.11723895370960236,$\delta_\text{ssc}$
qasc,transformer.encoder.block.6.layer.1.DenseReluDense.wi,40,0.17576196789741516,cross
qasc,transformer.encoder.block.6.layer.1.DenseReluDense.wi,40,0.2481893002986908,corr
qasc,transformer.encoder.block.6.layer.1.DenseReluDense.wi,40,0.2108500599861145,drift
qasc,transformer.encoder.block.6.layer.1.DenseReluDense.wi,40,0.20647598803043365,tot
qasc,transformer.encoder.block.6.layer.1.DenseReluDense.wi,40,-0.16837984323501587,$\delta_\text{gsc}$
qasc,transformer.encoder.block.6.layer.1.DenseReluDense.wi,40,-0.25994551181793213,$\delta_\text{ssc}$
qasc,transformer.encoder.block.6.layer.1.DenseReluDense.wo,41,0.3191475570201874,cross
qasc,transformer.encoder.block.6.layer.1.DenseReluDense.wo,41,0.368850439786911,corr
qasc,transformer.encoder.block.6.layer.1.DenseReluDense.wo,41,0.14262254536151886,drift
qasc,transformer.encoder.block.6.layer.1.DenseReluDense.wo,41,0.2860470712184906,tot
qasc,transformer.encoder.block.6.layer.1.DenseReluDense.wo,41,-0.397488534450531,$\delta_\text{gsc}$
qasc,transformer.encoder.block.6.layer.1.DenseReluDense.wo,41,-0.14708493649959564,$\delta_\text{ssc}$
qasc,transformer.encoder.block.7.layer.0.SelfAttention.q,42,0.33783239126205444,cross
qasc,transformer.encoder.block.7.layer.0.SelfAttention.q,42,0.41209444403648376,corr
qasc,transformer.encoder.block.7.layer.0.SelfAttention.q,42,0.35434603691101074,drift
qasc,transformer.encoder.block.7.layer.0.SelfAttention.q,42,0.3809852600097656,tot
qasc,transformer.encoder.block.7.layer.0.SelfAttention.q,42,-0.3027450144290924,$\delta_\text{gsc}$
qasc,transformer.encoder.block.7.layer.0.SelfAttention.q,42,-0.4205425977706909,$\delta_\text{ssc}$
qasc,transformer.encoder.block.7.layer.0.SelfAttention.k,43,0.27334296703338623,cross
qasc,transformer.encoder.block.7.layer.0.SelfAttention.k,43,0.43451637029647827,corr
qasc,transformer.encoder.block.7.layer.0.SelfAttention.k,43,0.3658744692802429,drift
qasc,transformer.encoder.block.7.layer.0.SelfAttention.k,43,0.3201362192630768,tot
qasc,transformer.encoder.block.7.layer.0.SelfAttention.k,43,-0.3202943205833435,$\delta_\text{gsc}$
qasc,transformer.encoder.block.7.layer.0.SelfAttention.k,43,-0.43330326676368713,$\delta_\text{ssc}$
qasc,transformer.encoder.block.7.layer.0.SelfAttention.v,44,0.2653758227825165,cross
qasc,transformer.encoder.block.7.layer.0.SelfAttention.v,44,0.4469452202320099,corr
qasc,transformer.encoder.block.7.layer.0.SelfAttention.v,44,0.3500605523586273,drift
qasc,transformer.encoder.block.7.layer.0.SelfAttention.v,44,0.3124138414859772,tot
qasc,transformer.encoder.block.7.layer.0.SelfAttention.v,44,-0.3480200469493866,$\delta_\text{gsc}$
qasc,transformer.encoder.block.7.layer.0.SelfAttention.v,44,-0.4019477069377899,$\delta_\text{ssc}$
qasc,transformer.encoder.block.7.layer.0.SelfAttention.o,45,0.21071197092533112,cross
qasc,transformer.encoder.block.7.layer.0.SelfAttention.o,45,0.1650780737400055,corr
qasc,transformer.encoder.block.7.layer.0.SelfAttention.o,45,0.1856330782175064,drift
qasc,transformer.encoder.block.7.layer.0.SelfAttention.o,45,0.3056822121143341,tot
qasc,transformer.encoder.block.7.layer.0.SelfAttention.o,45,-0.13374514877796173,$\delta_\text{gsc}$
qasc,transformer.encoder.block.7.layer.0.SelfAttention.o,45,-0.12199576199054718,$\delta_\text{ssc}$
qasc,transformer.encoder.block.7.layer.1.DenseReluDense.wi,46,0.16649071872234344,cross
qasc,transformer.encoder.block.7.layer.1.DenseReluDense.wi,46,0.2120574712753296,corr
qasc,transformer.encoder.block.7.layer.1.DenseReluDense.wi,46,0.20089267194271088,drift
qasc,transformer.encoder.block.7.layer.1.DenseReluDense.wi,46,0.2539364993572235,tot
qasc,transformer.encoder.block.7.layer.1.DenseReluDense.wi,46,-0.07928991317749023,$\delta_\text{gsc}$
qasc,transformer.encoder.block.7.layer.1.DenseReluDense.wi,46,-0.24621444940567017,$\delta_\text{ssc}$
qasc,transformer.encoder.block.7.layer.1.DenseReluDense.wo,47,0.24948439002037048,cross
qasc,transformer.encoder.block.7.layer.1.DenseReluDense.wo,47,0.3981635868549347,corr
qasc,transformer.encoder.block.7.layer.1.DenseReluDense.wo,47,0.1306089162826538,drift
qasc,transformer.encoder.block.7.layer.1.DenseReluDense.wo,47,0.410905122756958,tot
qasc,transformer.encoder.block.7.layer.1.DenseReluDense.wo,47,-0.23325037956237793,$\delta_\text{gsc}$
qasc,transformer.encoder.block.7.layer.1.DenseReluDense.wo,47,-0.13410139083862305,$\delta_\text{ssc}$
qasc,transformer.encoder.block.8.layer.0.SelfAttention.q,48,0.2730589210987091,cross
qasc,transformer.encoder.block.8.layer.0.SelfAttention.q,48,0.3572286367416382,corr
qasc,transformer.encoder.block.8.layer.0.SelfAttention.q,48,0.31972843408584595,drift
qasc,transformer.encoder.block.8.layer.0.SelfAttention.q,48,0.32976198196411133,tot
qasc,transformer.encoder.block.8.layer.0.SelfAttention.q,48,-0.2117515206336975,$\delta_\text{gsc}$
qasc,transformer.encoder.block.8.layer.0.SelfAttention.q,48,-0.4085024893283844,$\delta_\text{ssc}$
qasc,transformer.encoder.block.8.layer.0.SelfAttention.k,49,0.18973183631896973,cross
qasc,transformer.encoder.block.8.layer.0.SelfAttention.k,49,0.39110854268074036,corr
qasc,transformer.encoder.block.8.layer.0.SelfAttention.k,49,0.32144615054130554,drift
qasc,transformer.encoder.block.8.layer.0.SelfAttention.k,49,0.4179708659648895,tot
qasc,transformer.encoder.block.8.layer.0.SelfAttention.k,49,-0.08644753694534302,$\delta_\text{gsc}$
qasc,transformer.encoder.block.8.layer.0.SelfAttention.k,49,-0.3978681266307831,$\delta_\text{ssc}$
qasc,transformer.encoder.block.8.layer.0.SelfAttention.v,50,0.192641019821167,cross
qasc,transformer.encoder.block.8.layer.0.SelfAttention.v,50,0.4510105550289154,corr
qasc,transformer.encoder.block.8.layer.0.SelfAttention.v,50,0.3256695568561554,drift
qasc,transformer.encoder.block.8.layer.0.SelfAttention.v,50,0.38051533699035645,tot
qasc,transformer.encoder.block.8.layer.0.SelfAttention.v,50,-0.2319106161594391,$\delta_\text{gsc}$
qasc,transformer.encoder.block.8.layer.0.SelfAttention.v,50,-0.35689517855644226,$\delta_\text{ssc}$
qasc,transformer.encoder.block.8.layer.0.SelfAttention.o,51,0.2291422039270401,cross
qasc,transformer.encoder.block.8.layer.0.SelfAttention.o,51,0.1754901260137558,corr
qasc,transformer.encoder.block.8.layer.0.SelfAttention.o,51,0.13691386580467224,drift
qasc,transformer.encoder.block.8.layer.0.SelfAttention.o,51,0.33328959345817566,tot
qasc,transformer.encoder.block.8.layer.0.SelfAttention.o,51,-0.12139101326465607,$\delta_\text{gsc}$
qasc,transformer.encoder.block.8.layer.0.SelfAttention.o,51,-0.08686558902263641,$\delta_\text{ssc}$
qasc,transformer.encoder.block.8.layer.1.DenseReluDense.wi,52,0.15381582081317902,cross
qasc,transformer.encoder.block.8.layer.1.DenseReluDense.wi,52,0.182260200381279,corr
qasc,transformer.encoder.block.8.layer.1.DenseReluDense.wi,52,0.1873219758272171,drift
qasc,transformer.encoder.block.8.layer.1.DenseReluDense.wi,52,0.23289236426353455,tot
qasc,transformer.encoder.block.8.layer.1.DenseReluDense.wi,52,-0.07157687842845917,$\delta_\text{gsc}$
qasc,transformer.encoder.block.8.layer.1.DenseReluDense.wi,52,-0.2189287543296814,$\delta_\text{ssc}$
qasc,transformer.encoder.block.8.layer.1.DenseReluDense.wo,53,0.3027447760105133,cross
qasc,transformer.encoder.block.8.layer.1.DenseReluDense.wo,53,0.42654287815093994,corr
qasc,transformer.encoder.block.8.layer.1.DenseReluDense.wo,53,0.3161439597606659,drift
qasc,transformer.encoder.block.8.layer.1.DenseReluDense.wo,53,0.38954776525497437,tot
qasc,transformer.encoder.block.8.layer.1.DenseReluDense.wo,53,-0.2605087459087372,$\delta_\text{gsc}$
qasc,transformer.encoder.block.8.layer.1.DenseReluDense.wo,53,-0.3953751027584076,$\delta_\text{ssc}$
qasc,transformer.encoder.block.9.layer.0.SelfAttention.q,54,0.31684449315071106,cross
qasc,transformer.encoder.block.9.layer.0.SelfAttention.q,54,0.36871078610420227,corr
qasc,transformer.encoder.block.9.layer.0.SelfAttention.q,54,0.29366394877433777,drift
qasc,transformer.encoder.block.9.layer.0.SelfAttention.q,54,0.3900541067123413,tot
qasc,transformer.encoder.block.9.layer.0.SelfAttention.q,54,-0.24664103984832764,$\delta_\text{gsc}$
qasc,transformer.encoder.block.9.layer.0.SelfAttention.q,54,-0.34252408146858215,$\delta_\text{ssc}$
qasc,transformer.encoder.block.9.layer.0.SelfAttention.k,55,0.3009377121925354,cross
qasc,transformer.encoder.block.9.layer.0.SelfAttention.k,55,0.3599937856197357,corr
qasc,transformer.encoder.block.9.layer.0.SelfAttention.k,55,0.29492440819740295,drift
qasc,transformer.encoder.block.9.layer.0.SelfAttention.k,55,0.33260205388069153,tot
qasc,transformer.encoder.block.9.layer.0.SelfAttention.k,55,-0.2549995183944702,$\delta_\text{gsc}$
qasc,transformer.encoder.block.9.layer.0.SelfAttention.k,55,-0.36825433373451233,$\delta_\text{ssc}$
qasc,transformer.encoder.block.9.layer.0.SelfAttention.v,56,0.1936311572790146,cross
qasc,transformer.encoder.block.9.layer.0.SelfAttention.v,56,0.4065530598163605,corr
qasc,transformer.encoder.block.9.layer.0.SelfAttention.v,56,0.30850353837013245,drift
qasc,transformer.encoder.block.9.layer.0.SelfAttention.v,56,0.357799232006073,tot
qasc,transformer.encoder.block.9.layer.0.SelfAttention.v,56,-0.1910785287618637,$\delta_\text{gsc}$
qasc,transformer.encoder.block.9.layer.0.SelfAttention.v,56,-0.3598099946975708,$\delta_\text{ssc}$
qasc,transformer.encoder.block.9.layer.0.SelfAttention.o,57,0.2714554965496063,cross
qasc,transformer.encoder.block.9.layer.0.SelfAttention.o,57,0.23385919630527496,corr
qasc,transformer.encoder.block.9.layer.0.SelfAttention.o,57,0.18478138744831085,drift
qasc,transformer.encoder.block.9.layer.0.SelfAttention.o,57,0.34781524538993835,tot
qasc,transformer.encoder.block.9.layer.0.SelfAttention.o,57,-0.1578482687473297,$\delta_\text{gsc}$
qasc,transformer.encoder.block.9.layer.0.SelfAttention.o,57,-0.18443256616592407,$\delta_\text{ssc}$
qasc,transformer.encoder.block.9.layer.1.DenseReluDense.wi,58,0.11555621027946472,cross
qasc,transformer.encoder.block.9.layer.1.DenseReluDense.wi,58,0.1817747801542282,corr
qasc,transformer.encoder.block.9.layer.1.DenseReluDense.wi,58,0.1685890406370163,drift
qasc,transformer.encoder.block.9.layer.1.DenseReluDense.wi,58,0.17761874198913574,tot
qasc,transformer.encoder.block.9.layer.1.DenseReluDense.wi,58,-0.10101741552352905,$\delta_\text{gsc}$
qasc,transformer.encoder.block.9.layer.1.DenseReluDense.wi,58,-0.18728387355804443,$\delta_\text{ssc}$
qasc,transformer.encoder.block.9.layer.1.DenseReluDense.wo,59,0.3027809262275696,cross
qasc,transformer.encoder.block.9.layer.1.DenseReluDense.wo,59,0.484554260969162,corr
qasc,transformer.encoder.block.9.layer.1.DenseReluDense.wo,59,0.3686840832233429,drift
qasc,transformer.encoder.block.9.layer.1.DenseReluDense.wo,59,0.46329113841056824,tot
qasc,transformer.encoder.block.9.layer.1.DenseReluDense.wo,59,-0.28214359283447266,$\delta_\text{gsc}$
qasc,transformer.encoder.block.9.layer.1.DenseReluDense.wo,59,-0.41058453917503357,$\delta_\text{ssc}$
qasc,transformer.encoder.block.10.layer.0.SelfAttention.q,60,0.28981131315231323,cross
qasc,transformer.encoder.block.10.layer.0.SelfAttention.q,60,0.3738962411880493,corr
qasc,transformer.encoder.block.10.layer.0.SelfAttention.q,60,0.2995378375053406,drift
qasc,transformer.encoder.block.10.layer.0.SelfAttention.q,60,0.3435926139354706,tot
qasc,transformer.encoder.block.10.layer.0.SelfAttention.q,60,-0.2709115147590637,$\delta_\text{gsc}$
qasc,transformer.encoder.block.10.layer.0.SelfAttention.q,60,-0.3487412631511688,$\delta_\text{ssc}$
qasc,transformer.encoder.block.10.layer.0.SelfAttention.k,61,0.27856171131134033,cross
qasc,transformer.encoder.block.10.layer.0.SelfAttention.k,61,0.37513861060142517,corr
qasc,transformer.encoder.block.10.layer.0.SelfAttention.k,61,0.30056679248809814,drift
qasc,transformer.encoder.block.10.layer.0.SelfAttention.k,61,0.3764607906341553,tot
qasc,transformer.encoder.block.10.layer.0.SelfAttention.k,61,-0.21086660027503967,$\delta_\text{gsc}$
qasc,transformer.encoder.block.10.layer.0.SelfAttention.k,61,-0.3669397234916687,$\delta_\text{ssc}$
qasc,transformer.encoder.block.10.layer.0.SelfAttention.v,62,0.21731360256671906,cross
qasc,transformer.encoder.block.10.layer.0.SelfAttention.v,62,0.4497855603694916,corr
qasc,transformer.encoder.block.10.layer.0.SelfAttention.v,62,0.31004098057746887,drift
qasc,transformer.encoder.block.10.layer.0.SelfAttention.v,62,0.39094293117523193,tot
qasc,transformer.encoder.block.10.layer.0.SelfAttention.v,62,-0.25105518102645874,$\delta_\text{gsc}$
qasc,transformer.encoder.block.10.layer.0.SelfAttention.v,62,-0.33514201641082764,$\delta_\text{ssc}$
qasc,transformer.encoder.block.10.layer.0.SelfAttention.o,63,0.3171505928039551,cross
qasc,transformer.encoder.block.10.layer.0.SelfAttention.o,63,0.28568094968795776,corr
qasc,transformer.encoder.block.10.layer.0.SelfAttention.o,63,0.17789363861083984,drift
qasc,transformer.encoder.block.10.layer.0.SelfAttention.o,63,0.4119732975959778,tot
qasc,transformer.encoder.block.10.layer.0.SelfAttention.o,63,-0.22800451517105103,$\delta_\text{gsc}$
qasc,transformer.encoder.block.10.layer.0.SelfAttention.o,63,-0.14074736833572388,$\delta_\text{ssc}$
qasc,transformer.encoder.block.10.layer.1.DenseReluDense.wi,64,0.12958894670009613,cross
qasc,transformer.encoder.block.10.layer.1.DenseReluDense.wi,64,0.18791091442108154,corr
qasc,transformer.encoder.block.10.layer.1.DenseReluDense.wi,64,0.16273103654384613,drift
qasc,transformer.encoder.block.10.layer.1.DenseReluDense.wi,64,0.19622920453548431,tot
qasc,transformer.encoder.block.10.layer.1.DenseReluDense.wi,64,-0.11023542284965515,$\delta_\text{gsc}$
qasc,transformer.encoder.block.10.layer.1.DenseReluDense.wi,64,-0.17376627027988434,$\delta_\text{ssc}$
qasc,transformer.encoder.block.10.layer.1.DenseReluDense.wo,65,0.3387589454650879,cross
qasc,transformer.encoder.block.10.layer.1.DenseReluDense.wo,65,0.4835078716278076,corr
qasc,transformer.encoder.block.10.layer.1.DenseReluDense.wo,65,0.33241644501686096,drift
qasc,transformer.encoder.block.10.layer.1.DenseReluDense.wo,65,0.45114418864250183,tot
qasc,transformer.encoder.block.10.layer.1.DenseReluDense.wo,65,-0.3444144129753113,$\delta_\text{gsc}$
qasc,transformer.encoder.block.10.layer.1.DenseReluDense.wo,65,-0.35912466049194336,$\delta_\text{ssc}$
qasc,transformer.encoder.block.11.layer.0.SelfAttention.q,66,0.3711792230606079,cross
qasc,transformer.encoder.block.11.layer.0.SelfAttention.q,66,0.395686537027359,corr
qasc,transformer.encoder.block.11.layer.0.SelfAttention.q,66,0.30817362666130066,drift
qasc,transformer.encoder.block.11.layer.0.SelfAttention.q,66,0.42940592765808105,tot
qasc,transformer.encoder.block.11.layer.0.SelfAttention.q,66,-0.30057215690612793,$\delta_\text{gsc}$
qasc,transformer.encoder.block.11.layer.0.SelfAttention.q,66,-0.3450613021850586,$\delta_\text{ssc}$
qasc,transformer.encoder.block.11.layer.0.SelfAttention.k,67,0.2802790403366089,cross
qasc,transformer.encoder.block.11.layer.0.SelfAttention.k,67,0.4092905819416046,corr
qasc,transformer.encoder.block.11.layer.0.SelfAttention.k,67,0.3081257939338684,drift
qasc,transformer.encoder.block.11.layer.0.SelfAttention.k,67,0.39817380905151367,tot
qasc,transformer.encoder.block.11.layer.0.SelfAttention.k,67,-0.24567314982414246,$\delta_\text{gsc}$
qasc,transformer.encoder.block.11.layer.0.SelfAttention.k,67,-0.3538484573364258,$\delta_\text{ssc}$
qasc,transformer.encoder.block.11.layer.0.SelfAttention.v,68,0.2764270305633545,cross
qasc,transformer.encoder.block.11.layer.0.SelfAttention.v,68,0.45692959427833557,corr
qasc,transformer.encoder.block.11.layer.0.SelfAttention.v,68,0.31763243675231934,drift
qasc,transformer.encoder.block.11.layer.0.SelfAttention.v,68,0.39059996604919434,tot
qasc,transformer.encoder.block.11.layer.0.SelfAttention.v,68,-0.3192965090274811,$\delta_\text{gsc}$
qasc,transformer.encoder.block.11.layer.0.SelfAttention.v,68,-0.341092586517334,$\delta_\text{ssc}$
qasc,transformer.encoder.block.11.layer.0.SelfAttention.o,69,0.31904518604278564,cross
qasc,transformer.encoder.block.11.layer.0.SelfAttention.o,69,0.34060004353523254,corr
qasc,transformer.encoder.block.11.layer.0.SelfAttention.o,69,0.0988212451338768,drift
qasc,transformer.encoder.block.11.layer.0.SelfAttention.o,69,0.4444470703601837,tot
qasc,transformer.encoder.block.11.layer.0.SelfAttention.o,69,-0.24844062328338623,$\delta_\text{gsc}$
qasc,transformer.encoder.block.11.layer.0.SelfAttention.o,69,-0.06557878106832504,$\delta_\text{ssc}$
qasc,transformer.encoder.block.11.layer.1.DenseReluDense.wi,70,0.14312300086021423,cross
qasc,transformer.encoder.block.11.layer.1.DenseReluDense.wi,70,0.2586359679698944,corr
qasc,transformer.encoder.block.11.layer.1.DenseReluDense.wi,70,0.20303891599178314,drift
qasc,transformer.encoder.block.11.layer.1.DenseReluDense.wi,70,0.29235202074050903,tot
qasc,transformer.encoder.block.11.layer.1.DenseReluDense.wi,70,-0.14703026413917542,$\delta_\text{gsc}$
qasc,transformer.encoder.block.11.layer.1.DenseReluDense.wi,70,-0.16541559994220734,$\delta_\text{ssc}$
qasc,transformer.encoder.block.11.layer.1.DenseReluDense.wo,71,0.3223215937614441,cross
qasc,transformer.encoder.block.11.layer.1.DenseReluDense.wo,71,0.4054476022720337,corr
qasc,transformer.encoder.block.11.layer.1.DenseReluDense.wo,71,0.10942297428846359,drift
qasc,transformer.encoder.block.11.layer.1.DenseReluDense.wo,71,0.36831822991371155,tot
qasc,transformer.encoder.block.11.layer.1.DenseReluDense.wo,71,-0.3555738627910614,$\delta_\text{gsc}$
qasc,transformer.encoder.block.11.layer.1.DenseReluDense.wo,71,-0.11330007761716843,$\delta_\text{ssc}$
qasc,transformer.decoder.block.0.layer.0.SelfAttention.q,72,0.16555918753147125,cross
qasc,transformer.decoder.block.0.layer.0.SelfAttention.q,72,0.47803470492362976,corr
qasc,transformer.decoder.block.0.layer.0.SelfAttention.q,72,0.27044105529785156,drift
qasc,transformer.decoder.block.0.layer.0.SelfAttention.q,72,0.39667877554893494,tot
qasc,transformer.decoder.block.0.layer.0.SelfAttention.q,72,-0.18110813200473785,$\delta_\text{gsc}$
qasc,transformer.decoder.block.0.layer.0.SelfAttention.q,72,-0.3362480401992798,$\delta_\text{ssc}$
qasc,transformer.decoder.block.0.layer.0.SelfAttention.k,73,0.2789631187915802,cross
qasc,transformer.decoder.block.0.layer.0.SelfAttention.k,73,0.3415745198726654,corr
qasc,transformer.decoder.block.0.layer.0.SelfAttention.k,73,0.2705205976963043,drift
qasc,transformer.decoder.block.0.layer.0.SelfAttention.k,73,0.34367650747299194,tot
qasc,transformer.decoder.block.0.layer.0.SelfAttention.k,73,-0.2559245526790619,$\delta_\text{gsc}$
qasc,transformer.decoder.block.0.layer.0.SelfAttention.k,73,-0.2914571762084961,$\delta_\text{ssc}$
qasc,transformer.decoder.block.0.layer.0.SelfAttention.v,74,0.06373133510351181,cross
qasc,transformer.decoder.block.0.layer.0.SelfAttention.v,74,0.1333043873310089,corr
qasc,transformer.decoder.block.0.layer.0.SelfAttention.v,74,0.26947036385536194,drift
qasc,transformer.decoder.block.0.layer.0.SelfAttention.v,74,0.2980996370315552,tot
qasc,transformer.decoder.block.0.layer.0.SelfAttention.v,74,-0.0518684983253479,$\delta_\text{gsc}$
qasc,transformer.decoder.block.0.layer.0.SelfAttention.v,74,-0.11653795838356018,$\delta_\text{ssc}$
qasc,transformer.decoder.block.0.layer.0.SelfAttention.o,75,0.15761634707450867,cross
qasc,transformer.decoder.block.0.layer.0.SelfAttention.o,75,0.2358671873807907,corr
qasc,transformer.decoder.block.0.layer.0.SelfAttention.o,75,0.23439952731132507,drift
qasc,transformer.decoder.block.0.layer.0.SelfAttention.o,75,0.19531027972698212,tot
qasc,transformer.decoder.block.0.layer.0.SelfAttention.o,75,-0.14148561656475067,$\delta_\text{gsc}$
qasc,transformer.decoder.block.0.layer.0.SelfAttention.o,75,-0.29108715057373047,$\delta_\text{ssc}$
qasc,transformer.decoder.block.0.layer.1.EncDecAttention.q,76,0.05643663555383682,cross
qasc,transformer.decoder.block.0.layer.1.EncDecAttention.q,76,0.07099089026451111,corr
qasc,transformer.decoder.block.0.layer.1.EncDecAttention.q,76,0.15142805874347687,drift
qasc,transformer.decoder.block.0.layer.1.EncDecAttention.q,76,0.16354048252105713,tot
qasc,transformer.decoder.block.0.layer.1.EncDecAttention.q,76,-0.04057278484106064,$\delta_\text{gsc}$
qasc,transformer.decoder.block.0.layer.1.EncDecAttention.q,76,-0.07474231719970703,$\delta_\text{ssc}$
qasc,transformer.decoder.block.0.layer.1.EncDecAttention.k,77,0.18503855168819427,cross
qasc,transformer.decoder.block.0.layer.1.EncDecAttention.k,77,0.46570345759391785,corr
qasc,transformer.decoder.block.0.layer.1.EncDecAttention.k,77,0.41265425086021423,drift
qasc,transformer.decoder.block.0.layer.1.EncDecAttention.k,77,0.46876487135887146,tot
qasc,transformer.decoder.block.0.layer.1.EncDecAttention.k,77,-0.18714335560798645,$\delta_\text{gsc}$
qasc,transformer.decoder.block.0.layer.1.EncDecAttention.k,77,-0.40748801827430725,$\delta_\text{ssc}$
qasc,transformer.decoder.block.0.layer.1.EncDecAttention.v,78,0.2920985817909241,cross
qasc,transformer.decoder.block.0.layer.1.EncDecAttention.v,78,0.4611838459968567,corr
qasc,transformer.decoder.block.0.layer.1.EncDecAttention.v,78,0.34476566314697266,drift
qasc,transformer.decoder.block.0.layer.1.EncDecAttention.v,78,0.4298912584781647,tot
qasc,transformer.decoder.block.0.layer.1.EncDecAttention.v,78,-0.3135874271392822,$\delta_\text{gsc}$
qasc,transformer.decoder.block.0.layer.1.EncDecAttention.v,78,-0.3545694053173065,$\delta_\text{ssc}$
qasc,transformer.decoder.block.0.layer.1.EncDecAttention.o,79,0.28559038043022156,cross
qasc,transformer.decoder.block.0.layer.1.EncDecAttention.o,79,0.16627150774002075,corr
qasc,transformer.decoder.block.0.layer.1.EncDecAttention.o,79,0.10601788759231567,drift
qasc,transformer.decoder.block.0.layer.1.EncDecAttention.o,79,0.4187592566013336,tot
qasc,transformer.decoder.block.0.layer.1.EncDecAttention.o,79,-0.05154117941856384,$\delta_\text{gsc}$
qasc,transformer.decoder.block.0.layer.1.EncDecAttention.o,79,-0.08757933974266052,$\delta_\text{ssc}$
qasc,transformer.decoder.block.0.layer.2.DenseReluDense.wi,80,0.14200906455516815,cross
qasc,transformer.decoder.block.0.layer.2.DenseReluDense.wi,80,0.17485837638378143,corr
qasc,transformer.decoder.block.0.layer.2.DenseReluDense.wi,80,0.2234119176864624,drift
qasc,transformer.decoder.block.0.layer.2.DenseReluDense.wi,80,0.352906733751297,tot
qasc,transformer.decoder.block.0.layer.2.DenseReluDense.wi,80,-0.06231854856014252,$\delta_\text{gsc}$
qasc,transformer.decoder.block.0.layer.2.DenseReluDense.wi,80,-0.12505407631397247,$\delta_\text{ssc}$
qasc,transformer.decoder.block.0.layer.2.DenseReluDense.wo,81,0.07348635047674179,cross
qasc,transformer.decoder.block.0.layer.2.DenseReluDense.wo,81,0.10640428215265274,corr
qasc,transformer.decoder.block.0.layer.2.DenseReluDense.wo,81,0.23087763786315918,drift
qasc,transformer.decoder.block.0.layer.2.DenseReluDense.wo,81,0.3925856351852417,tot
qasc,transformer.decoder.block.0.layer.2.DenseReluDense.wo,81,-0.007495701313018799,$\delta_\text{gsc}$
qasc,transformer.decoder.block.0.layer.2.DenseReluDense.wo,81,-0.010686933994293213,$\delta_\text{ssc}$
qasc,transformer.decoder.block.1.layer.0.SelfAttention.q,82,0.21468664705753326,cross
qasc,transformer.decoder.block.1.layer.0.SelfAttention.q,82,0.435511976480484,corr
qasc,transformer.decoder.block.1.layer.0.SelfAttention.q,82,0.27603089809417725,drift
qasc,transformer.decoder.block.1.layer.0.SelfAttention.q,82,0.2787671685218811,tot
qasc,transformer.decoder.block.1.layer.0.SelfAttention.q,82,-0.28544366359710693,$\delta_\text{gsc}$
qasc,transformer.decoder.block.1.layer.0.SelfAttention.q,82,-0.3620187044143677,$\delta_\text{ssc}$
qasc,transformer.decoder.block.1.layer.0.SelfAttention.k,83,0.3024514615535736,cross
qasc,transformer.decoder.block.1.layer.0.SelfAttention.k,83,0.37250861525535583,corr
qasc,transformer.decoder.block.1.layer.0.SelfAttention.k,83,0.27670013904571533,drift
qasc,transformer.decoder.block.1.layer.0.SelfAttention.k,83,0.3493092358112335,tot
qasc,transformer.decoder.block.1.layer.0.SelfAttention.k,83,-0.27393773198127747,$\delta_\text{gsc}$
qasc,transformer.decoder.block.1.layer.0.SelfAttention.k,83,-0.3284132480621338,$\delta_\text{ssc}$
qasc,transformer.decoder.block.1.layer.0.SelfAttention.v,84,0.18025252223014832,cross
qasc,transformer.decoder.block.1.layer.0.SelfAttention.v,84,0.1706952005624771,corr
qasc,transformer.decoder.block.1.layer.0.SelfAttention.v,84,0.28210946917533875,drift
qasc,transformer.decoder.block.1.layer.0.SelfAttention.v,84,0.3893120586872101,tot
qasc,transformer.decoder.block.1.layer.0.SelfAttention.v,84,-0.14383059740066528,$\delta_\text{gsc}$
qasc,transformer.decoder.block.1.layer.0.SelfAttention.v,84,-0.0999145358800888,$\delta_\text{ssc}$
qasc,transformer.decoder.block.1.layer.0.SelfAttention.o,85,0.28480300307273865,cross
qasc,transformer.decoder.block.1.layer.0.SelfAttention.o,85,0.24202029407024384,corr
qasc,transformer.decoder.block.1.layer.0.SelfAttention.o,85,0.2018527090549469,drift
qasc,transformer.decoder.block.1.layer.0.SelfAttention.o,85,0.3334331810474396,tot
qasc,transformer.decoder.block.1.layer.0.SelfAttention.o,85,-0.1400604099035263,$\delta_\text{gsc}$
qasc,transformer.decoder.block.1.layer.0.SelfAttention.o,85,-0.2551824152469635,$\delta_\text{ssc}$
qasc,transformer.decoder.block.1.layer.1.EncDecAttention.q,86,0.1690937578678131,cross
qasc,transformer.decoder.block.1.layer.1.EncDecAttention.q,86,0.20251142978668213,corr
qasc,transformer.decoder.block.1.layer.1.EncDecAttention.q,86,0.20617327094078064,drift
qasc,transformer.decoder.block.1.layer.1.EncDecAttention.q,86,0.23291729390621185,tot
qasc,transformer.decoder.block.1.layer.1.EncDecAttention.q,86,-0.10595276951789856,$\delta_\text{gsc}$
qasc,transformer.decoder.block.1.layer.1.EncDecAttention.q,86,-0.23890839517116547,$\delta_\text{ssc}$
qasc,transformer.decoder.block.1.layer.1.EncDecAttention.k,87,0.3765837550163269,cross
qasc,transformer.decoder.block.1.layer.1.EncDecAttention.k,87,0.41655033826828003,corr
qasc,transformer.decoder.block.1.layer.1.EncDecAttention.k,87,0.30149754881858826,drift
qasc,transformer.decoder.block.1.layer.1.EncDecAttention.k,87,0.4456527829170227,tot
qasc,transformer.decoder.block.1.layer.1.EncDecAttention.k,87,-0.32859596610069275,$\delta_\text{gsc}$
qasc,transformer.decoder.block.1.layer.1.EncDecAttention.k,87,-0.32038289308547974,$\delta_\text{ssc}$
qasc,transformer.decoder.block.1.layer.1.EncDecAttention.v,88,0.34091365337371826,cross
qasc,transformer.decoder.block.1.layer.1.EncDecAttention.v,88,0.4533209204673767,corr
qasc,transformer.decoder.block.1.layer.1.EncDecAttention.v,88,0.31928616762161255,drift
qasc,transformer.decoder.block.1.layer.1.EncDecAttention.v,88,0.4374598562717438,tot
qasc,transformer.decoder.block.1.layer.1.EncDecAttention.v,88,-0.34350720047950745,$\delta_\text{gsc}$
qasc,transformer.decoder.block.1.layer.1.EncDecAttention.v,88,-0.3325536847114563,$\delta_\text{ssc}$
qasc,transformer.decoder.block.1.layer.1.EncDecAttention.o,89,0.373153954744339,cross
qasc,transformer.decoder.block.1.layer.1.EncDecAttention.o,89,0.17823795974254608,corr
qasc,transformer.decoder.block.1.layer.1.EncDecAttention.o,89,0.2207770049571991,drift
qasc,transformer.decoder.block.1.layer.1.EncDecAttention.o,89,0.4285860061645508,tot
qasc,transformer.decoder.block.1.layer.1.EncDecAttention.o,89,-0.10376772284507751,$\delta_\text{gsc}$
qasc,transformer.decoder.block.1.layer.1.EncDecAttention.o,89,-0.23981519043445587,$\delta_\text{ssc}$
qasc,transformer.decoder.block.1.layer.2.DenseReluDense.wi,90,0.25234463810920715,cross
qasc,transformer.decoder.block.1.layer.2.DenseReluDense.wi,90,0.1953887939453125,corr
qasc,transformer.decoder.block.1.layer.2.DenseReluDense.wi,90,0.26833441853523254,drift
qasc,transformer.decoder.block.1.layer.2.DenseReluDense.wi,90,0.3661346435546875,tot
qasc,transformer.decoder.block.1.layer.2.DenseReluDense.wi,90,-0.06216241419315338,$\delta_\text{gsc}$
qasc,transformer.decoder.block.1.layer.2.DenseReluDense.wi,90,-0.2877708077430725,$\delta_\text{ssc}$
qasc,transformer.decoder.block.1.layer.2.DenseReluDense.wo,91,0.1295563131570816,cross
qasc,transformer.decoder.block.1.layer.2.DenseReluDense.wo,91,0.06395826488733292,corr
qasc,transformer.decoder.block.1.layer.2.DenseReluDense.wo,91,0.13603727519512177,drift
qasc,transformer.decoder.block.1.layer.2.DenseReluDense.wo,91,0.3059539794921875,tot
qasc,transformer.decoder.block.1.layer.2.DenseReluDense.wo,91,-0.014085635542869568,$\delta_\text{gsc}$
qasc,transformer.decoder.block.1.layer.2.DenseReluDense.wo,91,-0.00951223075389862,$\delta_\text{ssc}$
qasc,transformer.decoder.block.2.layer.0.SelfAttention.q,92,0.17625127732753754,cross
qasc,transformer.decoder.block.2.layer.0.SelfAttention.q,92,0.3886664807796478,corr
qasc,transformer.decoder.block.2.layer.0.SelfAttention.q,92,0.23907135426998138,drift
qasc,transformer.decoder.block.2.layer.0.SelfAttention.q,92,0.33524054288864136,tot
qasc,transformer.decoder.block.2.layer.0.SelfAttention.q,92,-0.1868729442358017,$\delta_\text{gsc}$
qasc,transformer.decoder.block.2.layer.0.SelfAttention.q,92,-0.2818756103515625,$\delta_\text{ssc}$
qasc,transformer.decoder.block.2.layer.0.SelfAttention.k,93,0.26091501116752625,cross
qasc,transformer.decoder.block.2.layer.0.SelfAttention.k,93,0.2509160339832306,corr
qasc,transformer.decoder.block.2.layer.0.SelfAttention.k,93,0.23932796716690063,drift
qasc,transformer.decoder.block.2.layer.0.SelfAttention.k,93,0.35599657893180847,tot
qasc,transformer.decoder.block.2.layer.0.SelfAttention.k,93,-0.16051915287971497,$\delta_\text{gsc}$
qasc,transformer.decoder.block.2.layer.0.SelfAttention.k,93,-0.23464328050613403,$\delta_\text{ssc}$
qasc,transformer.decoder.block.2.layer.0.SelfAttention.v,94,0.1375034898519516,cross
qasc,transformer.decoder.block.2.layer.0.SelfAttention.v,94,0.2273731231689453,corr
qasc,transformer.decoder.block.2.layer.0.SelfAttention.v,94,0.2709372043609619,drift
qasc,transformer.decoder.block.2.layer.0.SelfAttention.v,94,0.45633500814437866,tot
qasc,transformer.decoder.block.2.layer.0.SelfAttention.v,94,-0.09625968337059021,$\delta_\text{gsc}$
qasc,transformer.decoder.block.2.layer.0.SelfAttention.v,94,-0.08321914076805115,$\delta_\text{ssc}$
qasc,transformer.decoder.block.2.layer.0.SelfAttention.o,95,0.33696988224983215,cross
qasc,transformer.decoder.block.2.layer.0.SelfAttention.o,95,0.26040005683898926,corr
qasc,transformer.decoder.block.2.layer.0.SelfAttention.o,95,0.2554751932621002,drift
qasc,transformer.decoder.block.2.layer.0.SelfAttention.o,95,0.3785983622074127,tot
qasc,transformer.decoder.block.2.layer.0.SelfAttention.o,95,-0.15607936680316925,$\delta_\text{gsc}$
qasc,transformer.decoder.block.2.layer.0.SelfAttention.o,95,-0.31816738843917847,$\delta_\text{ssc}$
qasc,transformer.decoder.block.2.layer.1.EncDecAttention.q,96,0.16493138670921326,cross
qasc,transformer.decoder.block.2.layer.1.EncDecAttention.q,96,0.13689562678337097,corr
qasc,transformer.decoder.block.2.layer.1.EncDecAttention.q,96,0.23918265104293823,drift
qasc,transformer.decoder.block.2.layer.1.EncDecAttention.q,96,0.27717772126197815,tot
qasc,transformer.decoder.block.2.layer.1.EncDecAttention.q,96,-0.043547868728637695,$\delta_\text{gsc}$
qasc,transformer.decoder.block.2.layer.1.EncDecAttention.q,96,-0.22028407454490662,$\delta_\text{ssc}$
qasc,transformer.decoder.block.2.layer.1.EncDecAttention.k,97,0.31060168147087097,cross
qasc,transformer.decoder.block.2.layer.1.EncDecAttention.k,97,0.42663446068763733,corr
qasc,transformer.decoder.block.2.layer.1.EncDecAttention.k,97,0.29511016607284546,drift
qasc,transformer.decoder.block.2.layer.1.EncDecAttention.k,97,0.4438731074333191,tot
qasc,transformer.decoder.block.2.layer.1.EncDecAttention.k,97,-0.2796449065208435,$\delta_\text{gsc}$
qasc,transformer.decoder.block.2.layer.1.EncDecAttention.k,97,-0.30882829427719116,$\delta_\text{ssc}$
qasc,transformer.decoder.block.2.layer.1.EncDecAttention.v,98,0.34172990918159485,cross
qasc,transformer.decoder.block.2.layer.1.EncDecAttention.v,98,0.4605770707130432,corr
qasc,transformer.decoder.block.2.layer.1.EncDecAttention.v,98,0.3230316936969757,drift
qasc,transformer.decoder.block.2.layer.1.EncDecAttention.v,98,0.44707024097442627,tot
qasc,transformer.decoder.block.2.layer.1.EncDecAttention.v,98,-0.3431737422943115,$\delta_\text{gsc}$
qasc,transformer.decoder.block.2.layer.1.EncDecAttention.v,98,-0.335094690322876,$\delta_\text{ssc}$
qasc,transformer.decoder.block.2.layer.1.EncDecAttention.o,99,0.32465019822120667,cross
qasc,transformer.decoder.block.2.layer.1.EncDecAttention.o,99,0.1835366040468216,corr
qasc,transformer.decoder.block.2.layer.1.EncDecAttention.o,99,0.21474766731262207,drift
qasc,transformer.decoder.block.2.layer.1.EncDecAttention.o,99,0.4237331748008728,tot
qasc,transformer.decoder.block.2.layer.1.EncDecAttention.o,99,-0.10908456146717072,$\delta_\text{gsc}$
qasc,transformer.decoder.block.2.layer.1.EncDecAttention.o,99,-0.1901167333126068,$\delta_\text{ssc}$
qasc,transformer.decoder.block.2.layer.2.DenseReluDense.wi,100,0.26350337266921997,cross
qasc,transformer.decoder.block.2.layer.2.DenseReluDense.wi,100,0.18355025351047516,corr
qasc,transformer.decoder.block.2.layer.2.DenseReluDense.wi,100,0.2806285321712494,drift
qasc,transformer.decoder.block.2.layer.2.DenseReluDense.wi,100,0.38881129026412964,tot
qasc,transformer.decoder.block.2.layer.2.DenseReluDense.wi,100,-0.06927314400672913,$\delta_\text{gsc}$
qasc,transformer.decoder.block.2.layer.2.DenseReluDense.wi,100,-0.26959770917892456,$\delta_\text{ssc}$
qasc,transformer.decoder.block.2.layer.2.DenseReluDense.wo,101,0.08644573390483856,cross
qasc,transformer.decoder.block.2.layer.2.DenseReluDense.wo,101,0.03683045506477356,corr
qasc,transformer.decoder.block.2.layer.2.DenseReluDense.wo,101,0.09823271632194519,drift
qasc,transformer.decoder.block.2.layer.2.DenseReluDense.wo,101,0.1923551708459854,tot
qasc,transformer.decoder.block.2.layer.2.DenseReluDense.wo,101,-0.015021011233329773,$\delta_\text{gsc}$
qasc,transformer.decoder.block.2.layer.2.DenseReluDense.wo,101,-0.014132723212242126,$\delta_\text{ssc}$
qasc,transformer.decoder.block.3.layer.0.SelfAttention.q,102,0.30488699674606323,cross
qasc,transformer.decoder.block.3.layer.0.SelfAttention.q,102,0.31581059098243713,corr
qasc,transformer.decoder.block.3.layer.0.SelfAttention.q,102,0.25967493653297424,drift
qasc,transformer.decoder.block.3.layer.0.SelfAttention.q,102,0.3824465572834015,tot
qasc,transformer.decoder.block.3.layer.0.SelfAttention.q,102,-0.15898261964321136,$\delta_\text{gsc}$
qasc,transformer.decoder.block.3.layer.0.SelfAttention.q,102,-0.33894336223602295,$\delta_\text{ssc}$
qasc,transformer.decoder.block.3.layer.0.SelfAttention.k,103,0.352378785610199,cross
qasc,transformer.decoder.block.3.layer.0.SelfAttention.k,103,0.25433146953582764,corr
qasc,transformer.decoder.block.3.layer.0.SelfAttention.k,103,0.26204007863998413,drift
qasc,transformer.decoder.block.3.layer.0.SelfAttention.k,103,0.3978506922721863,tot
qasc,transformer.decoder.block.3.layer.0.SelfAttention.k,103,-0.2041938155889511,$\delta_\text{gsc}$
qasc,transformer.decoder.block.3.layer.0.SelfAttention.k,103,-0.26670581102371216,$\delta_\text{ssc}$
qasc,transformer.decoder.block.3.layer.0.SelfAttention.v,104,0.12830619513988495,cross
qasc,transformer.decoder.block.3.layer.0.SelfAttention.v,104,0.22043806314468384,corr
qasc,transformer.decoder.block.3.layer.0.SelfAttention.v,104,0.2771260142326355,drift
qasc,transformer.decoder.block.3.layer.0.SelfAttention.v,104,0.45652341842651367,tot
qasc,transformer.decoder.block.3.layer.0.SelfAttention.v,104,-0.096499502658844,$\delta_\text{gsc}$
qasc,transformer.decoder.block.3.layer.0.SelfAttention.v,104,-0.07284736633300781,$\delta_\text{ssc}$
qasc,transformer.decoder.block.3.layer.0.SelfAttention.o,105,0.3319660723209381,cross
qasc,transformer.decoder.block.3.layer.0.SelfAttention.o,105,0.2040538191795349,corr
qasc,transformer.decoder.block.3.layer.0.SelfAttention.o,105,0.21304506063461304,drift
qasc,transformer.decoder.block.3.layer.0.SelfAttention.o,105,0.40015190839767456,tot
qasc,transformer.decoder.block.3.layer.0.SelfAttention.o,105,-0.11115047335624695,$\delta_\text{gsc}$
qasc,transformer.decoder.block.3.layer.0.SelfAttention.o,105,-0.23776257038116455,$\delta_\text{ssc}$
qasc,transformer.decoder.block.3.layer.1.EncDecAttention.q,106,0.10578534752130508,cross
qasc,transformer.decoder.block.3.layer.1.EncDecAttention.q,106,0.05232008546590805,corr
qasc,transformer.decoder.block.3.layer.1.EncDecAttention.q,106,0.25810176134109497,drift
qasc,transformer.decoder.block.3.layer.1.EncDecAttention.q,106,0.2841782569885254,tot
qasc,transformer.decoder.block.3.layer.1.EncDecAttention.q,106,-0.045558929443359375,$\delta_\text{gsc}$
qasc,transformer.decoder.block.3.layer.1.EncDecAttention.q,106,-0.08647000789642334,$\delta_\text{ssc}$
qasc,transformer.decoder.block.3.layer.1.EncDecAttention.k,107,0.16532430052757263,cross
qasc,transformer.decoder.block.3.layer.1.EncDecAttention.k,107,0.44531726837158203,corr
qasc,transformer.decoder.block.3.layer.1.EncDecAttention.k,107,0.32070404291152954,drift
qasc,transformer.decoder.block.3.layer.1.EncDecAttention.k,107,0.45941853523254395,tot
qasc,transformer.decoder.block.3.layer.1.EncDecAttention.k,107,-0.13907769322395325,$\delta_\text{gsc}$
qasc,transformer.decoder.block.3.layer.1.EncDecAttention.k,107,-0.332849383354187,$\delta_\text{ssc}$
qasc,transformer.decoder.block.3.layer.1.EncDecAttention.v,108,0.2542599141597748,cross
qasc,transformer.decoder.block.3.layer.1.EncDecAttention.v,108,0.4547712802886963,corr
qasc,transformer.decoder.block.3.layer.1.EncDecAttention.v,108,0.3199096918106079,drift
qasc,transformer.decoder.block.3.layer.1.EncDecAttention.v,108,0.4381222724914551,tot
qasc,transformer.decoder.block.3.layer.1.EncDecAttention.v,108,-0.2566854655742645,$\delta_\text{gsc}$
qasc,transformer.decoder.block.3.layer.1.EncDecAttention.v,108,-0.3341331481933594,$\delta_\text{ssc}$
qasc,transformer.decoder.block.3.layer.1.EncDecAttention.o,109,0.305775910615921,cross
qasc,transformer.decoder.block.3.layer.1.EncDecAttention.o,109,0.16647687554359436,corr
qasc,transformer.decoder.block.3.layer.1.EncDecAttention.o,109,0.2574833929538727,drift
qasc,transformer.decoder.block.3.layer.1.EncDecAttention.o,109,0.43741574883461,tot
qasc,transformer.decoder.block.3.layer.1.EncDecAttention.o,109,-0.14366236329078674,$\delta_\text{gsc}$
qasc,transformer.decoder.block.3.layer.1.EncDecAttention.o,109,-0.14865806698799133,$\delta_\text{ssc}$
qasc,transformer.decoder.block.3.layer.2.DenseReluDense.wi,110,0.17700500786304474,cross
qasc,transformer.decoder.block.3.layer.2.DenseReluDense.wi,110,0.11675051599740982,corr
qasc,transformer.decoder.block.3.layer.2.DenseReluDense.wi,110,0.2763226330280304,drift
qasc,transformer.decoder.block.3.layer.2.DenseReluDense.wi,110,0.3500894606113434,tot
qasc,transformer.decoder.block.3.layer.2.DenseReluDense.wi,110,-0.04828009009361267,$\delta_\text{gsc}$
qasc,transformer.decoder.block.3.layer.2.DenseReluDense.wi,110,-0.1717086136341095,$\delta_\text{ssc}$
qasc,transformer.decoder.block.3.layer.2.DenseReluDense.wo,111,0.21091778576374054,cross
qasc,transformer.decoder.block.3.layer.2.DenseReluDense.wo,111,0.0638551414012909,corr
qasc,transformer.decoder.block.3.layer.2.DenseReluDense.wo,111,0.29727280139923096,drift
qasc,transformer.decoder.block.3.layer.2.DenseReluDense.wo,111,0.36557215452194214,tot
qasc,transformer.decoder.block.3.layer.2.DenseReluDense.wo,111,-0.1570836752653122,$\delta_\text{gsc}$
qasc,transformer.decoder.block.3.layer.2.DenseReluDense.wo,111,-0.04938989877700806,$\delta_\text{ssc}$
qasc,transformer.decoder.block.4.layer.0.SelfAttention.q,112,0.2909630537033081,cross
qasc,transformer.decoder.block.4.layer.0.SelfAttention.q,112,0.30853790044784546,corr
qasc,transformer.decoder.block.4.layer.0.SelfAttention.q,112,0.2544875144958496,drift
qasc,transformer.decoder.block.4.layer.0.SelfAttention.q,112,0.37525415420532227,tot
qasc,transformer.decoder.block.4.layer.0.SelfAttention.q,112,-0.14539021253585815,$\delta_\text{gsc}$
qasc,transformer.decoder.block.4.layer.0.SelfAttention.q,112,-0.33334410190582275,$\delta_\text{ssc}$
qasc,transformer.decoder.block.4.layer.0.SelfAttention.k,113,0.332965612411499,cross
qasc,transformer.decoder.block.4.layer.0.SelfAttention.k,113,0.24129243195056915,corr
qasc,transformer.decoder.block.4.layer.0.SelfAttention.k,113,0.2511519193649292,drift
qasc,transformer.decoder.block.4.layer.0.SelfAttention.k,113,0.39660531282424927,tot
qasc,transformer.decoder.block.4.layer.0.SelfAttention.k,113,-0.15802951157093048,$\delta_\text{gsc}$
qasc,transformer.decoder.block.4.layer.0.SelfAttention.k,113,-0.2707751393318176,$\delta_\text{ssc}$
qasc,transformer.decoder.block.4.layer.0.SelfAttention.v,114,0.12800778448581696,cross
qasc,transformer.decoder.block.4.layer.0.SelfAttention.v,114,0.19756543636322021,corr
qasc,transformer.decoder.block.4.layer.0.SelfAttention.v,114,0.27774739265441895,drift
qasc,transformer.decoder.block.4.layer.0.SelfAttention.v,114,0.4556053578853607,tot
qasc,transformer.decoder.block.4.layer.0.SelfAttention.v,114,-0.0807216465473175,$\delta_\text{gsc}$
qasc,transformer.decoder.block.4.layer.0.SelfAttention.v,114,-0.06699362397193909,$\delta_\text{ssc}$
qasc,transformer.decoder.block.4.layer.0.SelfAttention.o,115,0.36199751496315,cross
qasc,transformer.decoder.block.4.layer.0.SelfAttention.o,115,0.2995789647102356,corr
qasc,transformer.decoder.block.4.layer.0.SelfAttention.o,115,0.32565706968307495,drift
qasc,transformer.decoder.block.4.layer.0.SelfAttention.o,115,0.4397810697555542,tot
qasc,transformer.decoder.block.4.layer.0.SelfAttention.o,115,-0.11115953326225281,$\delta_\text{gsc}$
qasc,transformer.decoder.block.4.layer.0.SelfAttention.o,115,-0.43629294633865356,$\delta_\text{ssc}$
qasc,transformer.decoder.block.4.layer.1.EncDecAttention.q,116,0.15925444662570953,cross
qasc,transformer.decoder.block.4.layer.1.EncDecAttention.q,116,0.13443265855312347,corr
qasc,transformer.decoder.block.4.layer.1.EncDecAttention.q,116,0.31786125898361206,drift
qasc,transformer.decoder.block.4.layer.1.EncDecAttention.q,116,0.3497762680053711,tot
qasc,transformer.decoder.block.4.layer.1.EncDecAttention.q,116,-0.03633333742618561,$\delta_\text{gsc}$
qasc,transformer.decoder.block.4.layer.1.EncDecAttention.q,116,-0.22543875873088837,$\delta_\text{ssc}$
qasc,transformer.decoder.block.4.layer.1.EncDecAttention.k,117,0.30826038122177124,cross
qasc,transformer.decoder.block.4.layer.1.EncDecAttention.k,117,0.3898913860321045,corr
qasc,transformer.decoder.block.4.layer.1.EncDecAttention.k,117,0.2932731509208679,drift
qasc,transformer.decoder.block.4.layer.1.EncDecAttention.k,117,0.45116275548934937,tot
qasc,transformer.decoder.block.4.layer.1.EncDecAttention.k,117,-0.21815627813339233,$\delta_\text{gsc}$
qasc,transformer.decoder.block.4.layer.1.EncDecAttention.k,117,-0.32210588455200195,$\delta_\text{ssc}$
qasc,transformer.decoder.block.4.layer.1.EncDecAttention.v,118,0.22614571452140808,cross
qasc,transformer.decoder.block.4.layer.1.EncDecAttention.v,118,0.438373863697052,corr
qasc,transformer.decoder.block.4.layer.1.EncDecAttention.v,118,0.334415465593338,drift
qasc,transformer.decoder.block.4.layer.1.EncDecAttention.v,118,0.4195941686630249,tot
qasc,transformer.decoder.block.4.layer.1.EncDecAttention.v,118,-0.22852471470832825,$\delta_\text{gsc}$
qasc,transformer.decoder.block.4.layer.1.EncDecAttention.v,118,-0.35081616044044495,$\delta_\text{ssc}$
qasc,transformer.decoder.block.4.layer.1.EncDecAttention.o,119,0.26540181040763855,cross
qasc,transformer.decoder.block.4.layer.1.EncDecAttention.o,119,0.11136528104543686,corr
qasc,transformer.decoder.block.4.layer.1.EncDecAttention.o,119,0.29119181632995605,drift
qasc,transformer.decoder.block.4.layer.1.EncDecAttention.o,119,0.42140844464302063,tot
qasc,transformer.decoder.block.4.layer.1.EncDecAttention.o,119,-0.1388804018497467,$\delta_\text{gsc}$
qasc,transformer.decoder.block.4.layer.1.EncDecAttention.o,119,-0.10767006874084473,$\delta_\text{ssc}$
qasc,transformer.decoder.block.4.layer.2.DenseReluDense.wi,120,0.1679781824350357,cross
qasc,transformer.decoder.block.4.layer.2.DenseReluDense.wi,120,0.11450476944446564,corr
qasc,transformer.decoder.block.4.layer.2.DenseReluDense.wi,120,0.23861515522003174,drift
qasc,transformer.decoder.block.4.layer.2.DenseReluDense.wi,120,0.36642950773239136,tot
qasc,transformer.decoder.block.4.layer.2.DenseReluDense.wi,120,-0.06523807346820831,$\delta_\text{gsc}$
qasc,transformer.decoder.block.4.layer.2.DenseReluDense.wi,120,-0.08943052589893341,$\delta_\text{ssc}$
qasc,transformer.decoder.block.4.layer.2.DenseReluDense.wo,121,0.08745094388723373,cross
qasc,transformer.decoder.block.4.layer.2.DenseReluDense.wo,121,0.08569282293319702,corr
qasc,transformer.decoder.block.4.layer.2.DenseReluDense.wo,121,0.42894959449768066,drift
qasc,transformer.decoder.block.4.layer.2.DenseReluDense.wo,121,0.4915008842945099,tot
qasc,transformer.decoder.block.4.layer.2.DenseReluDense.wo,121,-0.04420500993728638,$\delta_\text{gsc}$
qasc,transformer.decoder.block.4.layer.2.DenseReluDense.wo,121,-0.06638747453689575,$\delta_\text{ssc}$
qasc,transformer.decoder.block.5.layer.0.SelfAttention.q,122,0.32957154512405396,cross
qasc,transformer.decoder.block.5.layer.0.SelfAttention.q,122,0.25696372985839844,corr
qasc,transformer.decoder.block.5.layer.0.SelfAttention.q,122,0.21777969598770142,drift
qasc,transformer.decoder.block.5.layer.0.SelfAttention.q,122,0.4022233784198761,tot
qasc,transformer.decoder.block.5.layer.0.SelfAttention.q,122,-0.12648600339889526,$\delta_\text{gsc}$
qasc,transformer.decoder.block.5.layer.0.SelfAttention.q,122,-0.27560558915138245,$\delta_\text{ssc}$
qasc,transformer.decoder.block.5.layer.0.SelfAttention.k,123,0.3502132296562195,cross
qasc,transformer.decoder.block.5.layer.0.SelfAttention.k,123,0.20979276299476624,corr
qasc,transformer.decoder.block.5.layer.0.SelfAttention.k,123,0.216130331158638,drift
qasc,transformer.decoder.block.5.layer.0.SelfAttention.k,123,0.40044230222702026,tot
qasc,transformer.decoder.block.5.layer.0.SelfAttention.k,123,-0.144051194190979,$\delta_\text{gsc}$
qasc,transformer.decoder.block.5.layer.0.SelfAttention.k,123,-0.23164282739162445,$\delta_\text{ssc}$
qasc,transformer.decoder.block.5.layer.0.SelfAttention.v,124,0.17441760003566742,cross
qasc,transformer.decoder.block.5.layer.0.SelfAttention.v,124,0.2887568175792694,corr
qasc,transformer.decoder.block.5.layer.0.SelfAttention.v,124,0.24461299180984497,drift
qasc,transformer.decoder.block.5.layer.0.SelfAttention.v,124,0.4737279713153839,tot
qasc,transformer.decoder.block.5.layer.0.SelfAttention.v,124,-0.1386837661266327,$\delta_\text{gsc}$
qasc,transformer.decoder.block.5.layer.0.SelfAttention.v,124,-0.095375657081604,$\delta_\text{ssc}$
qasc,transformer.decoder.block.5.layer.0.SelfAttention.o,125,0.36627888679504395,cross
qasc,transformer.decoder.block.5.layer.0.SelfAttention.o,125,0.31140801310539246,corr
qasc,transformer.decoder.block.5.layer.0.SelfAttention.o,125,0.29896876215934753,drift
qasc,transformer.decoder.block.5.layer.0.SelfAttention.o,125,0.42927977442741394,tot
qasc,transformer.decoder.block.5.layer.0.SelfAttention.o,125,-0.12478938698768616,$\delta_\text{gsc}$
qasc,transformer.decoder.block.5.layer.0.SelfAttention.o,125,-0.42258650064468384,$\delta_\text{ssc}$
qasc,transformer.decoder.block.5.layer.1.EncDecAttention.q,126,0.2375321090221405,cross
qasc,transformer.decoder.block.5.layer.1.EncDecAttention.q,126,0.18822234869003296,corr
qasc,transformer.decoder.block.5.layer.1.EncDecAttention.q,126,0.2885044515132904,drift
qasc,transformer.decoder.block.5.layer.1.EncDecAttention.q,126,0.3290460705757141,tot
qasc,transformer.decoder.block.5.layer.1.EncDecAttention.q,126,-0.09547621011734009,$\delta_\text{gsc}$
qasc,transformer.decoder.block.5.layer.1.EncDecAttention.q,126,-0.28973662853240967,$\delta_\text{ssc}$
qasc,transformer.decoder.block.5.layer.1.EncDecAttention.k,127,0.3903138041496277,cross
qasc,transformer.decoder.block.5.layer.1.EncDecAttention.k,127,0.3940846025943756,corr
qasc,transformer.decoder.block.5.layer.1.EncDecAttention.k,127,0.28140705823898315,drift
qasc,transformer.decoder.block.5.layer.1.EncDecAttention.k,127,0.4343339800834656,tot
qasc,transformer.decoder.block.5.layer.1.EncDecAttention.k,127,-0.31429725885391235,$\delta_\text{gsc}$
qasc,transformer.decoder.block.5.layer.1.EncDecAttention.k,127,-0.3171742260456085,$\delta_\text{ssc}$
qasc,transformer.decoder.block.5.layer.1.EncDecAttention.v,128,0.25897416472435,cross
qasc,transformer.decoder.block.5.layer.1.EncDecAttention.v,128,0.4447544813156128,corr
qasc,transformer.decoder.block.5.layer.1.EncDecAttention.v,128,0.3371216952800751,drift
qasc,transformer.decoder.block.5.layer.1.EncDecAttention.v,128,0.43201369047164917,tot
qasc,transformer.decoder.block.5.layer.1.EncDecAttention.v,128,-0.25198882818222046,$\delta_\text{gsc}$
qasc,transformer.decoder.block.5.layer.1.EncDecAttention.v,128,-0.3568478226661682,$\delta_\text{ssc}$
qasc,transformer.decoder.block.5.layer.1.EncDecAttention.o,129,0.24512110650539398,cross
qasc,transformer.decoder.block.5.layer.1.EncDecAttention.o,129,0.0713382363319397,corr
qasc,transformer.decoder.block.5.layer.1.EncDecAttention.o,129,0.2611723840236664,drift
qasc,transformer.decoder.block.5.layer.1.EncDecAttention.o,129,0.40296733379364014,tot
qasc,transformer.decoder.block.5.layer.1.EncDecAttention.o,129,-0.1361817866563797,$\delta_\text{gsc}$
qasc,transformer.decoder.block.5.layer.1.EncDecAttention.o,129,-0.038482606410980225,$\delta_\text{ssc}$
qasc,transformer.decoder.block.5.layer.2.DenseReluDense.wi,130,0.1714622974395752,cross
qasc,transformer.decoder.block.5.layer.2.DenseReluDense.wi,130,0.15157224237918854,corr
qasc,transformer.decoder.block.5.layer.2.DenseReluDense.wi,130,0.23912031948566437,drift
qasc,transformer.decoder.block.5.layer.2.DenseReluDense.wi,130,0.39458373188972473,tot
qasc,transformer.decoder.block.5.layer.2.DenseReluDense.wi,130,-0.08850428462028503,$\delta_\text{gsc}$
qasc,transformer.decoder.block.5.layer.2.DenseReluDense.wi,130,-0.07906684279441833,$\delta_\text{ssc}$
qasc,transformer.decoder.block.5.layer.2.DenseReluDense.wo,131,0.34316375851631165,cross
qasc,transformer.decoder.block.5.layer.2.DenseReluDense.wo,131,0.14141641557216644,corr
qasc,transformer.decoder.block.5.layer.2.DenseReluDense.wo,131,0.2583078145980835,drift
qasc,transformer.decoder.block.5.layer.2.DenseReluDense.wo,131,0.4651327133178711,tot
qasc,transformer.decoder.block.5.layer.2.DenseReluDense.wo,131,-0.1349804401397705,$\delta_\text{gsc}$
qasc,transformer.decoder.block.5.layer.2.DenseReluDense.wo,131,-0.14277483522891998,$\delta_\text{ssc}$
qasc,transformer.decoder.block.6.layer.0.SelfAttention.q,132,0.3240026831626892,cross
qasc,transformer.decoder.block.6.layer.0.SelfAttention.q,132,0.24087393283843994,corr
qasc,transformer.decoder.block.6.layer.0.SelfAttention.q,132,0.20681056380271912,drift
qasc,transformer.decoder.block.6.layer.0.SelfAttention.q,132,0.4176667034626007,tot
qasc,transformer.decoder.block.6.layer.0.SelfAttention.q,132,-0.12509118020534515,$\delta_\text{gsc}$
qasc,transformer.decoder.block.6.layer.0.SelfAttention.q,132,-0.2289292961359024,$\delta_\text{ssc}$
qasc,transformer.decoder.block.6.layer.0.SelfAttention.k,133,0.3490135371685028,cross
qasc,transformer.decoder.block.6.layer.0.SelfAttention.k,133,0.19667980074882507,corr
qasc,transformer.decoder.block.6.layer.0.SelfAttention.k,133,0.2028578221797943,drift
qasc,transformer.decoder.block.6.layer.0.SelfAttention.k,133,0.4144146144390106,tot
qasc,transformer.decoder.block.6.layer.0.SelfAttention.k,133,-0.1519734412431717,$\delta_\text{gsc}$
qasc,transformer.decoder.block.6.layer.0.SelfAttention.k,133,-0.18216310441493988,$\delta_\text{ssc}$
qasc,transformer.decoder.block.6.layer.0.SelfAttention.v,134,0.1985180526971817,cross
qasc,transformer.decoder.block.6.layer.0.SelfAttention.v,134,0.32631975412368774,corr
qasc,transformer.decoder.block.6.layer.0.SelfAttention.v,134,0.23706430196762085,drift
qasc,transformer.decoder.block.6.layer.0.SelfAttention.v,134,0.4791233241558075,tot
qasc,transformer.decoder.block.6.layer.0.SelfAttention.v,134,-0.17388325929641724,$\delta_\text{gsc}$
qasc,transformer.decoder.block.6.layer.0.SelfAttention.v,134,-0.10889554023742676,$\delta_\text{ssc}$
qasc,transformer.decoder.block.6.layer.0.SelfAttention.o,135,0.356049507856369,cross
qasc,transformer.decoder.block.6.layer.0.SelfAttention.o,135,0.3025197386741638,corr
qasc,transformer.decoder.block.6.layer.0.SelfAttention.o,135,0.3132272958755493,drift
qasc,transformer.decoder.block.6.layer.0.SelfAttention.o,135,0.4259755611419678,tot
qasc,transformer.decoder.block.6.layer.0.SelfAttention.o,135,-0.08715113997459412,$\delta_\text{gsc}$
qasc,transformer.decoder.block.6.layer.0.SelfAttention.o,135,-0.45866984128952026,$\delta_\text{ssc}$
qasc,transformer.decoder.block.6.layer.1.EncDecAttention.q,136,0.09981641918420792,cross
qasc,transformer.decoder.block.6.layer.1.EncDecAttention.q,136,0.0585692934691906,corr
qasc,transformer.decoder.block.6.layer.1.EncDecAttention.q,136,0.30397364497184753,drift
qasc,transformer.decoder.block.6.layer.1.EncDecAttention.q,136,0.3543615937232971,tot
qasc,transformer.decoder.block.6.layer.1.EncDecAttention.q,136,-0.054705649614334106,$\delta_\text{gsc}$
qasc,transformer.decoder.block.6.layer.1.EncDecAttention.q,136,-0.05329209566116333,$\delta_\text{ssc}$
qasc,transformer.decoder.block.6.layer.1.EncDecAttention.k,137,0.3920491337776184,cross
qasc,transformer.decoder.block.6.layer.1.EncDecAttention.k,137,0.3907927870750427,corr
qasc,transformer.decoder.block.6.layer.1.EncDecAttention.k,137,0.28193363547325134,drift
qasc,transformer.decoder.block.6.layer.1.EncDecAttention.k,137,0.43473610281944275,tot
qasc,transformer.decoder.block.6.layer.1.EncDecAttention.k,137,-0.32319438457489014,$\delta_\text{gsc}$
qasc,transformer.decoder.block.6.layer.1.EncDecAttention.k,137,-0.3068450689315796,$\delta_\text{ssc}$
qasc,transformer.decoder.block.6.layer.1.EncDecAttention.v,138,0.27775809168815613,cross
qasc,transformer.decoder.block.6.layer.1.EncDecAttention.v,138,0.4288881719112396,corr
qasc,transformer.decoder.block.6.layer.1.EncDecAttention.v,138,0.33697789907455444,drift
qasc,transformer.decoder.block.6.layer.1.EncDecAttention.v,138,0.4090091586112976,tot
qasc,transformer.decoder.block.6.layer.1.EncDecAttention.v,138,-0.27479198575019836,$\delta_\text{gsc}$
qasc,transformer.decoder.block.6.layer.1.EncDecAttention.v,138,-0.3598230183124542,$\delta_\text{ssc}$
qasc,transformer.decoder.block.6.layer.1.EncDecAttention.o,139,0.250011146068573,cross
qasc,transformer.decoder.block.6.layer.1.EncDecAttention.o,139,0.07947464287281036,corr
qasc,transformer.decoder.block.6.layer.1.EncDecAttention.o,139,0.2630518972873688,drift
qasc,transformer.decoder.block.6.layer.1.EncDecAttention.o,139,0.4156370460987091,tot
qasc,transformer.decoder.block.6.layer.1.EncDecAttention.o,139,-0.13573777675628662,$\delta_\text{gsc}$
qasc,transformer.decoder.block.6.layer.1.EncDecAttention.o,139,-0.04116286337375641,$\delta_\text{ssc}$
qasc,transformer.decoder.block.6.layer.2.DenseReluDense.wi,140,0.1586458683013916,cross
qasc,transformer.decoder.block.6.layer.2.DenseReluDense.wi,140,0.18099376559257507,corr
qasc,transformer.decoder.block.6.layer.2.DenseReluDense.wi,140,0.25735849142074585,drift
qasc,transformer.decoder.block.6.layer.2.DenseReluDense.wi,140,0.40673911571502686,tot
qasc,transformer.decoder.block.6.layer.2.DenseReluDense.wi,140,-0.08617338538169861,$\delta_\text{gsc}$
qasc,transformer.decoder.block.6.layer.2.DenseReluDense.wi,140,-0.10408562421798706,$\delta_\text{ssc}$
qasc,transformer.decoder.block.6.layer.2.DenseReluDense.wo,141,0.3532780110836029,cross
qasc,transformer.decoder.block.6.layer.2.DenseReluDense.wo,141,0.12955133616924286,corr
qasc,transformer.decoder.block.6.layer.2.DenseReluDense.wo,141,0.20942217111587524,drift
qasc,transformer.decoder.block.6.layer.2.DenseReluDense.wo,141,0.45455193519592285,tot
qasc,transformer.decoder.block.6.layer.2.DenseReluDense.wo,141,-0.1182120144367218,$\delta_\text{gsc}$
qasc,transformer.decoder.block.6.layer.2.DenseReluDense.wo,141,-0.11948756873607635,$\delta_\text{ssc}$
qasc,transformer.decoder.block.7.layer.0.SelfAttention.q,142,0.30284664034843445,cross
qasc,transformer.decoder.block.7.layer.0.SelfAttention.q,142,0.2144680619239807,corr
qasc,transformer.decoder.block.7.layer.0.SelfAttention.q,142,0.2073613852262497,drift
qasc,transformer.decoder.block.7.layer.0.SelfAttention.q,142,0.42806491255760193,tot
qasc,transformer.decoder.block.7.layer.0.SelfAttention.q,142,-0.08366832137107849,$\delta_\text{gsc}$
qasc,transformer.decoder.block.7.layer.0.SelfAttention.q,142,-0.21294285356998444,$\delta_\text{ssc}$
qasc,transformer.decoder.block.7.layer.0.SelfAttention.k,143,0.3757183849811554,cross
qasc,transformer.decoder.block.7.layer.0.SelfAttention.k,143,0.19897589087486267,corr
qasc,transformer.decoder.block.7.layer.0.SelfAttention.k,143,0.1970243901014328,drift
qasc,transformer.decoder.block.7.layer.0.SelfAttention.k,143,0.4302399456501007,tot
qasc,transformer.decoder.block.7.layer.0.SelfAttention.k,143,-0.14882273972034454,$\delta_\text{gsc}$
qasc,transformer.decoder.block.7.layer.0.SelfAttention.k,143,-0.19265598058700562,$\delta_\text{ssc}$
qasc,transformer.decoder.block.7.layer.0.SelfAttention.v,144,0.22424231469631195,cross
qasc,transformer.decoder.block.7.layer.0.SelfAttention.v,144,0.31183066964149475,corr
qasc,transformer.decoder.block.7.layer.0.SelfAttention.v,144,0.23616716265678406,drift
qasc,transformer.decoder.block.7.layer.0.SelfAttention.v,144,0.4628486633300781,tot
qasc,transformer.decoder.block.7.layer.0.SelfAttention.v,144,-0.18664492666721344,$\delta_\text{gsc}$
qasc,transformer.decoder.block.7.layer.0.SelfAttention.v,144,-0.1227465569972992,$\delta_\text{ssc}$
qasc,transformer.decoder.block.7.layer.0.SelfAttention.o,145,0.36370760202407837,cross
qasc,transformer.decoder.block.7.layer.0.SelfAttention.o,145,0.2595367133617401,corr
qasc,transformer.decoder.block.7.layer.0.SelfAttention.o,145,0.2796010971069336,drift
qasc,transformer.decoder.block.7.layer.0.SelfAttention.o,145,0.4443007707595825,tot
qasc,transformer.decoder.block.7.layer.0.SelfAttention.o,145,-0.1358901411294937,$\delta_\text{gsc}$
qasc,transformer.decoder.block.7.layer.0.SelfAttention.o,145,-0.32265448570251465,$\delta_\text{ssc}$
qasc,transformer.decoder.block.7.layer.1.EncDecAttention.q,146,0.1555349975824356,cross
qasc,transformer.decoder.block.7.layer.1.EncDecAttention.q,146,0.07959672063589096,corr
qasc,transformer.decoder.block.7.layer.1.EncDecAttention.q,146,0.32486146688461304,drift
qasc,transformer.decoder.block.7.layer.1.EncDecAttention.q,146,0.41055652499198914,tot
qasc,transformer.decoder.block.7.layer.1.EncDecAttention.q,146,-0.05212947726249695,$\delta_\text{gsc}$
qasc,transformer.decoder.block.7.layer.1.EncDecAttention.q,146,-0.09730720520019531,$\delta_\text{ssc}$
qasc,transformer.decoder.block.7.layer.1.EncDecAttention.k,147,0.2930663824081421,cross
qasc,transformer.decoder.block.7.layer.1.EncDecAttention.k,147,0.3966955542564392,corr
qasc,transformer.decoder.block.7.layer.1.EncDecAttention.k,147,0.29060548543930054,drift
qasc,transformer.decoder.block.7.layer.1.EncDecAttention.k,147,0.4651959240436554,tot
qasc,transformer.decoder.block.7.layer.1.EncDecAttention.k,147,-0.1973951756954193,$\delta_\text{gsc}$
qasc,transformer.decoder.block.7.layer.1.EncDecAttention.k,147,-0.31777632236480713,$\delta_\text{ssc}$
qasc,transformer.decoder.block.7.layer.1.EncDecAttention.v,148,0.30685752630233765,cross
qasc,transformer.decoder.block.7.layer.1.EncDecAttention.v,148,0.44484105706214905,corr
qasc,transformer.decoder.block.7.layer.1.EncDecAttention.v,148,0.3484818935394287,drift
qasc,transformer.decoder.block.7.layer.1.EncDecAttention.v,148,0.44299039244651794,tot
qasc,transformer.decoder.block.7.layer.1.EncDecAttention.v,148,-0.2938196659088135,$\delta_\text{gsc}$
qasc,transformer.decoder.block.7.layer.1.EncDecAttention.v,148,-0.363370418548584,$\delta_\text{ssc}$
qasc,transformer.decoder.block.7.layer.1.EncDecAttention.o,149,0.19980588555335999,cross
qasc,transformer.decoder.block.7.layer.1.EncDecAttention.o,149,0.08110401779413223,corr
qasc,transformer.decoder.block.7.layer.1.EncDecAttention.o,149,0.2727400064468384,drift
qasc,transformer.decoder.block.7.layer.1.EncDecAttention.o,149,0.4097785949707031,tot
qasc,transformer.decoder.block.7.layer.1.EncDecAttention.o,149,-0.11015990376472473,$\delta_\text{gsc}$
qasc,transformer.decoder.block.7.layer.1.EncDecAttention.o,149,-0.033711403608322144,$\delta_\text{ssc}$
qasc,transformer.decoder.block.7.layer.2.DenseReluDense.wi,150,0.1955435872077942,cross
qasc,transformer.decoder.block.7.layer.2.DenseReluDense.wi,150,0.18546350300312042,corr
qasc,transformer.decoder.block.7.layer.2.DenseReluDense.wi,150,0.2761602997779846,drift
qasc,transformer.decoder.block.7.layer.2.DenseReluDense.wi,150,0.413825124502182,tot
qasc,transformer.decoder.block.7.layer.2.DenseReluDense.wi,150,-0.12236136198043823,$\delta_\text{gsc}$
qasc,transformer.decoder.block.7.layer.2.DenseReluDense.wi,150,-0.12098090350627899,$\delta_\text{ssc}$
qasc,transformer.decoder.block.7.layer.2.DenseReluDense.wo,151,0.3516324460506439,cross
qasc,transformer.decoder.block.7.layer.2.DenseReluDense.wo,151,0.18182435631752014,corr
qasc,transformer.decoder.block.7.layer.2.DenseReluDense.wo,151,0.1901012510061264,drift
qasc,transformer.decoder.block.7.layer.2.DenseReluDense.wo,151,0.4582536816596985,tot
qasc,transformer.decoder.block.7.layer.2.DenseReluDense.wo,151,-0.18862146139144897,$\delta_\text{gsc}$
qasc,transformer.decoder.block.7.layer.2.DenseReluDense.wo,151,-0.076682910323143,$\delta_\text{ssc}$
qasc,transformer.decoder.block.8.layer.0.SelfAttention.q,152,0.3045107126235962,cross
qasc,transformer.decoder.block.8.layer.0.SelfAttention.q,152,0.22772975265979767,corr
qasc,transformer.decoder.block.8.layer.0.SelfAttention.q,152,0.21351741254329681,drift
qasc,transformer.decoder.block.8.layer.0.SelfAttention.q,152,0.4161706268787384,tot
qasc,transformer.decoder.block.8.layer.0.SelfAttention.q,152,-0.08392323553562164,$\delta_\text{gsc}$
qasc,transformer.decoder.block.8.layer.0.SelfAttention.q,152,-0.24566401541233063,$\delta_\text{ssc}$
qasc,transformer.decoder.block.8.layer.0.SelfAttention.k,153,0.38515764474868774,cross
qasc,transformer.decoder.block.8.layer.0.SelfAttention.k,153,0.18691280484199524,corr
qasc,transformer.decoder.block.8.layer.0.SelfAttention.k,153,0.2045283019542694,drift
qasc,transformer.decoder.block.8.layer.0.SelfAttention.k,153,0.4359350800514221,tot
qasc,transformer.decoder.block.8.layer.0.SelfAttention.k,153,-0.13854572176933289,$\delta_\text{gsc}$
qasc,transformer.decoder.block.8.layer.0.SelfAttention.k,153,-0.2021179497241974,$\delta_\text{ssc}$
qasc,transformer.decoder.block.8.layer.0.SelfAttention.v,154,0.19100695848464966,cross
qasc,transformer.decoder.block.8.layer.0.SelfAttention.v,154,0.27083656191825867,corr
qasc,transformer.decoder.block.8.layer.0.SelfAttention.v,154,0.2553710639476776,drift
qasc,transformer.decoder.block.8.layer.0.SelfAttention.v,154,0.4702589213848114,tot
qasc,transformer.decoder.block.8.layer.0.SelfAttention.v,154,-0.14437279105186462,$\delta_\text{gsc}$
qasc,transformer.decoder.block.8.layer.0.SelfAttention.v,154,-0.10258287191390991,$\delta_\text{ssc}$
qasc,transformer.decoder.block.8.layer.0.SelfAttention.o,155,0.39141562581062317,cross
qasc,transformer.decoder.block.8.layer.0.SelfAttention.o,155,0.2274446040391922,corr
qasc,transformer.decoder.block.8.layer.0.SelfAttention.o,155,0.27585890889167786,drift
qasc,transformer.decoder.block.8.layer.0.SelfAttention.o,155,0.4761556088924408,tot
qasc,transformer.decoder.block.8.layer.0.SelfAttention.o,155,-0.1257457286119461,$\delta_\text{gsc}$
qasc,transformer.decoder.block.8.layer.0.SelfAttention.o,155,-0.2928178012371063,$\delta_\text{ssc}$
qasc,transformer.decoder.block.8.layer.1.EncDecAttention.q,156,0.1781589686870575,cross
qasc,transformer.decoder.block.8.layer.1.EncDecAttention.q,156,0.10230956971645355,corr
qasc,transformer.decoder.block.8.layer.1.EncDecAttention.q,156,0.2855756878852844,drift
qasc,transformer.decoder.block.8.layer.1.EncDecAttention.q,156,0.41504454612731934,tot
qasc,transformer.decoder.block.8.layer.1.EncDecAttention.q,156,-0.05594298243522644,$\delta_\text{gsc}$
qasc,transformer.decoder.block.8.layer.1.EncDecAttention.q,156,-0.0950566977262497,$\delta_\text{ssc}$
qasc,transformer.decoder.block.8.layer.1.EncDecAttention.k,157,0.3781070113182068,cross
qasc,transformer.decoder.block.8.layer.1.EncDecAttention.k,157,0.3962945342063904,corr
qasc,transformer.decoder.block.8.layer.1.EncDecAttention.k,157,0.2793218195438385,drift
qasc,transformer.decoder.block.8.layer.1.EncDecAttention.k,157,0.4399544894695282,tot
qasc,transformer.decoder.block.8.layer.1.EncDecAttention.k,157,-0.31348422169685364,$\delta_\text{gsc}$
qasc,transformer.decoder.block.8.layer.1.EncDecAttention.k,157,-0.30028465390205383,$\delta_\text{ssc}$
qasc,transformer.decoder.block.8.layer.1.EncDecAttention.v,158,0.3152676224708557,cross
qasc,transformer.decoder.block.8.layer.1.EncDecAttention.v,158,0.4369989335536957,corr
qasc,transformer.decoder.block.8.layer.1.EncDecAttention.v,158,0.3436209559440613,drift
qasc,transformer.decoder.block.8.layer.1.EncDecAttention.v,158,0.4129631817340851,tot
qasc,transformer.decoder.block.8.layer.1.EncDecAttention.v,158,-0.32704034447669983,$\delta_\text{gsc}$
qasc,transformer.decoder.block.8.layer.1.EncDecAttention.v,158,-0.35588398575782776,$\delta_\text{ssc}$
qasc,transformer.decoder.block.8.layer.1.EncDecAttention.o,159,0.3078807294368744,cross
qasc,transformer.decoder.block.8.layer.1.EncDecAttention.o,159,0.08436249941587448,corr
qasc,transformer.decoder.block.8.layer.1.EncDecAttention.o,159,0.2638741135597229,drift
qasc,transformer.decoder.block.8.layer.1.EncDecAttention.o,159,0.44110968708992004,tot
qasc,transformer.decoder.block.8.layer.1.EncDecAttention.o,159,-0.1669226884841919,$\delta_\text{gsc}$
qasc,transformer.decoder.block.8.layer.1.EncDecAttention.o,159,-0.04808497428894043,$\delta_\text{ssc}$
qasc,transformer.decoder.block.8.layer.2.DenseReluDense.wi,160,0.19608938694000244,cross
qasc,transformer.decoder.block.8.layer.2.DenseReluDense.wi,160,0.1828780621290207,corr
qasc,transformer.decoder.block.8.layer.2.DenseReluDense.wi,160,0.2929721772670746,drift
qasc,transformer.decoder.block.8.layer.2.DenseReluDense.wi,160,0.41559484601020813,tot
qasc,transformer.decoder.block.8.layer.2.DenseReluDense.wi,160,-0.13522616028785706,$\delta_\text{gsc}$
qasc,transformer.decoder.block.8.layer.2.DenseReluDense.wi,160,-0.12111862003803253,$\delta_\text{ssc}$
qasc,transformer.decoder.block.8.layer.2.DenseReluDense.wo,161,0.3813613951206207,cross
qasc,transformer.decoder.block.8.layer.2.DenseReluDense.wo,161,0.16048389673233032,corr
qasc,transformer.decoder.block.8.layer.2.DenseReluDense.wo,161,0.1920776218175888,drift
qasc,transformer.decoder.block.8.layer.2.DenseReluDense.wo,161,0.47702881693840027,tot
qasc,transformer.decoder.block.8.layer.2.DenseReluDense.wo,161,-0.21263208985328674,$\delta_\text{gsc}$
qasc,transformer.decoder.block.8.layer.2.DenseReluDense.wo,161,-0.044262006878852844,$\delta_\text{ssc}$
qasc,transformer.decoder.block.9.layer.0.SelfAttention.q,162,0.11968877911567688,cross
qasc,transformer.decoder.block.9.layer.0.SelfAttention.q,162,0.24472714960575104,corr
qasc,transformer.decoder.block.9.layer.0.SelfAttention.q,162,0.2892521619796753,drift
qasc,transformer.decoder.block.9.layer.0.SelfAttention.q,162,0.4226076602935791,tot
qasc,transformer.decoder.block.9.layer.0.SelfAttention.q,162,-0.028161466121673584,$\delta_\text{gsc}$
qasc,transformer.decoder.block.9.layer.0.SelfAttention.q,162,-0.20289896428585052,$\delta_\text{ssc}$
qasc,transformer.decoder.block.9.layer.0.SelfAttention.k,163,0.26667720079421997,cross
qasc,transformer.decoder.block.9.layer.0.SelfAttention.k,163,0.15761741995811462,corr
qasc,transformer.decoder.block.9.layer.0.SelfAttention.k,163,0.2635533809661865,drift
qasc,transformer.decoder.block.9.layer.0.SelfAttention.k,163,0.43409350514411926,tot
qasc,transformer.decoder.block.9.layer.0.SelfAttention.k,163,-0.1024141013622284,$\delta_\text{gsc}$
qasc,transformer.decoder.block.9.layer.0.SelfAttention.k,163,-0.15134039521217346,$\delta_\text{ssc}$
qasc,transformer.decoder.block.9.layer.0.SelfAttention.v,164,0.2137570083141327,cross
qasc,transformer.decoder.block.9.layer.0.SelfAttention.v,164,0.2488517165184021,corr
qasc,transformer.decoder.block.9.layer.0.SelfAttention.v,164,0.2659776210784912,drift
qasc,transformer.decoder.block.9.layer.0.SelfAttention.v,164,0.4496135413646698,tot
qasc,transformer.decoder.block.9.layer.0.SelfAttention.v,164,-0.1643349528312683,$\delta_\text{gsc}$
qasc,transformer.decoder.block.9.layer.0.SelfAttention.v,164,-0.11463785171508789,$\delta_\text{ssc}$
qasc,transformer.decoder.block.9.layer.0.SelfAttention.o,165,0.3636071979999542,cross
qasc,transformer.decoder.block.9.layer.0.SelfAttention.o,165,0.1959497034549713,corr
qasc,transformer.decoder.block.9.layer.0.SelfAttention.o,165,0.24325312674045563,drift
qasc,transformer.decoder.block.9.layer.0.SelfAttention.o,165,0.44993457198143005,tot
qasc,transformer.decoder.block.9.layer.0.SelfAttention.o,165,-0.17060384154319763,$\delta_\text{gsc}$
qasc,transformer.decoder.block.9.layer.0.SelfAttention.o,165,-0.18227161467075348,$\delta_\text{ssc}$
qasc,transformer.decoder.block.9.layer.1.EncDecAttention.q,166,0.2624547779560089,cross
qasc,transformer.decoder.block.9.layer.1.EncDecAttention.q,166,0.15196502208709717,corr
qasc,transformer.decoder.block.9.layer.1.EncDecAttention.q,166,0.24830712378025055,drift
qasc,transformer.decoder.block.9.layer.1.EncDecAttention.q,166,0.40749451518058777,tot
qasc,transformer.decoder.block.9.layer.1.EncDecAttention.q,166,-0.19348257780075073,$\delta_\text{gsc}$
qasc,transformer.decoder.block.9.layer.1.EncDecAttention.q,166,-0.06174983084201813,$\delta_\text{ssc}$
qasc,transformer.decoder.block.9.layer.1.EncDecAttention.k,167,0.4052600562572479,cross
qasc,transformer.decoder.block.9.layer.1.EncDecAttention.k,167,0.41884446144104004,corr
qasc,transformer.decoder.block.9.layer.1.EncDecAttention.k,167,0.28884047269821167,drift
qasc,transformer.decoder.block.9.layer.1.EncDecAttention.k,167,0.44825443625450134,tot
qasc,transformer.decoder.block.9.layer.1.EncDecAttention.k,167,-0.37028154730796814,$\delta_\text{gsc}$
qasc,transformer.decoder.block.9.layer.1.EncDecAttention.k,167,-0.29440900683403015,$\delta_\text{ssc}$
qasc,transformer.decoder.block.9.layer.1.EncDecAttention.v,168,0.3054468035697937,cross
qasc,transformer.decoder.block.9.layer.1.EncDecAttention.v,168,0.45387953519821167,corr
qasc,transformer.decoder.block.9.layer.1.EncDecAttention.v,168,0.3501482307910919,drift
qasc,transformer.decoder.block.9.layer.1.EncDecAttention.v,168,0.43895912170410156,tot
qasc,transformer.decoder.block.9.layer.1.EncDecAttention.v,168,-0.31706148386001587,$\delta_\text{gsc}$
qasc,transformer.decoder.block.9.layer.1.EncDecAttention.v,168,-0.35345396399497986,$\delta_\text{ssc}$
qasc,transformer.decoder.block.9.layer.1.EncDecAttention.o,169,0.27893584966659546,cross
qasc,transformer.decoder.block.9.layer.1.EncDecAttention.o,169,0.07198712229728699,corr
qasc,transformer.decoder.block.9.layer.1.EncDecAttention.o,169,0.2626059353351593,drift
qasc,transformer.decoder.block.9.layer.1.EncDecAttention.o,169,0.4321451187133789,tot
qasc,transformer.decoder.block.9.layer.1.EncDecAttention.o,169,-0.12585127353668213,$\delta_\text{gsc}$
qasc,transformer.decoder.block.9.layer.1.EncDecAttention.o,169,-0.05553251504898071,$\delta_\text{ssc}$
qasc,transformer.decoder.block.9.layer.2.DenseReluDense.wi,170,0.22247521579265594,cross
qasc,transformer.decoder.block.9.layer.2.DenseReluDense.wi,170,0.17976246774196625,corr
qasc,transformer.decoder.block.9.layer.2.DenseReluDense.wi,170,0.2925404906272888,drift
qasc,transformer.decoder.block.9.layer.2.DenseReluDense.wi,170,0.4471680819988251,tot
qasc,transformer.decoder.block.9.layer.2.DenseReluDense.wi,170,-0.14222632348537445,$\delta_\text{gsc}$
qasc,transformer.decoder.block.9.layer.2.DenseReluDense.wi,170,-0.10538376867771149,$\delta_\text{ssc}$
qasc,transformer.decoder.block.9.layer.2.DenseReluDense.wo,171,0.342328816652298,cross
qasc,transformer.decoder.block.9.layer.2.DenseReluDense.wo,171,0.1409231573343277,corr
qasc,transformer.decoder.block.9.layer.2.DenseReluDense.wo,171,0.2615359127521515,drift
qasc,transformer.decoder.block.9.layer.2.DenseReluDense.wo,171,0.4799076318740845,tot
qasc,transformer.decoder.block.9.layer.2.DenseReluDense.wo,171,-0.20984148979187012,$\delta_\text{gsc}$
qasc,transformer.decoder.block.9.layer.2.DenseReluDense.wo,171,-0.05503876507282257,$\delta_\text{ssc}$
qasc,transformer.decoder.block.10.layer.0.SelfAttention.q,172,0.23487238585948944,cross
qasc,transformer.decoder.block.10.layer.0.SelfAttention.q,172,0.1832762062549591,corr
qasc,transformer.decoder.block.10.layer.0.SelfAttention.q,172,0.23849564790725708,drift
qasc,transformer.decoder.block.10.layer.0.SelfAttention.q,172,0.3838948607444763,tot
qasc,transformer.decoder.block.10.layer.0.SelfAttention.q,172,-0.065232053399086,$\delta_\text{gsc}$
qasc,transformer.decoder.block.10.layer.0.SelfAttention.q,172,-0.2075173258781433,$\delta_\text{ssc}$
qasc,transformer.decoder.block.10.layer.0.SelfAttention.k,173,0.37326177954673767,cross
qasc,transformer.decoder.block.10.layer.0.SelfAttention.k,173,0.11696892976760864,corr
qasc,transformer.decoder.block.10.layer.0.SelfAttention.k,173,0.22864161431789398,drift
qasc,transformer.decoder.block.10.layer.0.SelfAttention.k,173,0.42921850085258484,tot
qasc,transformer.decoder.block.10.layer.0.SelfAttention.k,173,-0.14377054572105408,$\delta_\text{gsc}$
qasc,transformer.decoder.block.10.layer.0.SelfAttention.k,173,-0.14588327705860138,$\delta_\text{ssc}$
qasc,transformer.decoder.block.10.layer.0.SelfAttention.v,174,0.20709128677845,cross
qasc,transformer.decoder.block.10.layer.0.SelfAttention.v,174,0.19250652194023132,corr
qasc,transformer.decoder.block.10.layer.0.SelfAttention.v,174,0.281629741191864,drift
qasc,transformer.decoder.block.10.layer.0.SelfAttention.v,174,0.4418441355228424,tot
qasc,transformer.decoder.block.10.layer.0.SelfAttention.v,174,-0.12869279086589813,$\delta_\text{gsc}$
qasc,transformer.decoder.block.10.layer.0.SelfAttention.v,174,-0.11069062352180481,$\delta_\text{ssc}$
qasc,transformer.decoder.block.10.layer.0.SelfAttention.o,175,0.3598659932613373,cross
qasc,transformer.decoder.block.10.layer.0.SelfAttention.o,175,0.1627686768770218,corr
qasc,transformer.decoder.block.10.layer.0.SelfAttention.o,175,0.249802827835083,drift
qasc,transformer.decoder.block.10.layer.0.SelfAttention.o,175,0.45012596249580383,tot
qasc,transformer.decoder.block.10.layer.0.SelfAttention.o,175,-0.18557888269424438,$\delta_\text{gsc}$
qasc,transformer.decoder.block.10.layer.0.SelfAttention.o,175,-0.13673265278339386,$\delta_\text{ssc}$
qasc,transformer.decoder.block.10.layer.1.EncDecAttention.q,176,0.20043577253818512,cross
qasc,transformer.decoder.block.10.layer.1.EncDecAttention.q,176,0.1542077213525772,corr
qasc,transformer.decoder.block.10.layer.1.EncDecAttention.q,176,0.24572931230068207,drift
qasc,transformer.decoder.block.10.layer.1.EncDecAttention.q,176,0.44070640206336975,tot
qasc,transformer.decoder.block.10.layer.1.EncDecAttention.q,176,-0.1053106039762497,$\delta_\text{gsc}$
qasc,transformer.decoder.block.10.layer.1.EncDecAttention.q,176,-0.05435580015182495,$\delta_\text{ssc}$
qasc,transformer.decoder.block.10.layer.1.EncDecAttention.k,177,0.4034939110279083,cross
qasc,transformer.decoder.block.10.layer.1.EncDecAttention.k,177,0.418769508600235,corr
qasc,transformer.decoder.block.10.layer.1.EncDecAttention.k,177,0.29290249943733215,drift
qasc,transformer.decoder.block.10.layer.1.EncDecAttention.k,177,0.4502972364425659,tot
qasc,transformer.decoder.block.10.layer.1.EncDecAttention.k,177,-0.3656282126903534,$\delta_\text{gsc}$
qasc,transformer.decoder.block.10.layer.1.EncDecAttention.k,177,-0.29924046993255615,$\delta_\text{ssc}$
qasc,transformer.decoder.block.10.layer.1.EncDecAttention.v,178,0.3847525119781494,cross
qasc,transformer.decoder.block.10.layer.1.EncDecAttention.v,178,0.43945810198783875,corr
qasc,transformer.decoder.block.10.layer.1.EncDecAttention.v,178,0.32266494631767273,drift
qasc,transformer.decoder.block.10.layer.1.EncDecAttention.v,178,0.4410024881362915,tot
qasc,transformer.decoder.block.10.layer.1.EncDecAttention.v,178,-0.37624266743659973,$\delta_\text{gsc}$
qasc,transformer.decoder.block.10.layer.1.EncDecAttention.v,178,-0.32963040471076965,$\delta_\text{ssc}$
qasc,transformer.decoder.block.10.layer.1.EncDecAttention.o,179,0.20551657676696777,cross
qasc,transformer.decoder.block.10.layer.1.EncDecAttention.o,179,0.050926052033901215,corr
qasc,transformer.decoder.block.10.layer.1.EncDecAttention.o,179,0.296734482049942,drift
qasc,transformer.decoder.block.10.layer.1.EncDecAttention.o,179,0.4521358907222748,tot
qasc,transformer.decoder.block.10.layer.1.EncDecAttention.o,179,-0.07355603575706482,$\delta_\text{gsc}$
qasc,transformer.decoder.block.10.layer.1.EncDecAttention.o,179,-0.027485191822052002,$\delta_\text{ssc}$
qasc,transformer.decoder.block.10.layer.2.DenseReluDense.wi,180,0.16439390182495117,cross
qasc,transformer.decoder.block.10.layer.2.DenseReluDense.wi,180,0.1668972373008728,corr
qasc,transformer.decoder.block.10.layer.2.DenseReluDense.wi,180,0.26707586646080017,drift
qasc,transformer.decoder.block.10.layer.2.DenseReluDense.wi,180,0.40891408920288086,tot
qasc,transformer.decoder.block.10.layer.2.DenseReluDense.wi,180,-0.08253365755081177,$\delta_\text{gsc}$
qasc,transformer.decoder.block.10.layer.2.DenseReluDense.wi,180,-0.10691925883293152,$\delta_\text{ssc}$
qasc,transformer.decoder.block.10.layer.2.DenseReluDense.wo,181,0.2431521713733673,cross
qasc,transformer.decoder.block.10.layer.2.DenseReluDense.wo,181,0.12683039903640747,corr
qasc,transformer.decoder.block.10.layer.2.DenseReluDense.wo,181,0.3416540324687958,drift
qasc,transformer.decoder.block.10.layer.2.DenseReluDense.wo,181,0.47962528467178345,tot
qasc,transformer.decoder.block.10.layer.2.DenseReluDense.wo,181,-0.19199645519256592,$\delta_\text{gsc}$
qasc,transformer.decoder.block.10.layer.2.DenseReluDense.wo,181,-0.04001486301422119,$\delta_\text{ssc}$
qasc,transformer.decoder.block.11.layer.0.SelfAttention.q,182,0.26773324608802795,cross
qasc,transformer.decoder.block.11.layer.0.SelfAttention.q,182,0.16189391911029816,corr
qasc,transformer.decoder.block.11.layer.0.SelfAttention.q,182,0.18925638496875763,drift
qasc,transformer.decoder.block.11.layer.0.SelfAttention.q,182,0.38289013504981995,tot
qasc,transformer.decoder.block.11.layer.0.SelfAttention.q,182,-0.05643296241760254,$\delta_\text{gsc}$
qasc,transformer.decoder.block.11.layer.0.SelfAttention.q,182,-0.17956045269966125,$\delta_\text{ssc}$
qasc,transformer.decoder.block.11.layer.0.SelfAttention.k,183,0.39696717262268066,cross
qasc,transformer.decoder.block.11.layer.0.SelfAttention.k,183,0.10744313895702362,corr
qasc,transformer.decoder.block.11.layer.0.SelfAttention.k,183,0.1795259267091751,drift
qasc,transformer.decoder.block.11.layer.0.SelfAttention.k,183,0.4316096603870392,tot
qasc,transformer.decoder.block.11.layer.0.SelfAttention.k,183,-0.11990033090114594,$\delta_\text{gsc}$
qasc,transformer.decoder.block.11.layer.0.SelfAttention.k,183,-0.13242624700069427,$\delta_\text{ssc}$
qasc,transformer.decoder.block.11.layer.0.SelfAttention.v,184,0.21358396112918854,cross
qasc,transformer.decoder.block.11.layer.0.SelfAttention.v,184,0.17453542351722717,corr
qasc,transformer.decoder.block.11.layer.0.SelfAttention.v,184,0.25365132093429565,drift
qasc,transformer.decoder.block.11.layer.0.SelfAttention.v,184,0.4398508071899414,tot
qasc,transformer.decoder.block.11.layer.0.SelfAttention.v,184,-0.11543391644954681,$\delta_\text{gsc}$
qasc,transformer.decoder.block.11.layer.0.SelfAttention.v,184,-0.08648598194122314,$\delta_\text{ssc}$
qasc,transformer.decoder.block.11.layer.0.SelfAttention.o,185,0.3281485438346863,cross
qasc,transformer.decoder.block.11.layer.0.SelfAttention.o,185,0.1428367793560028,corr
qasc,transformer.decoder.block.11.layer.0.SelfAttention.o,185,0.25282803177833557,drift
qasc,transformer.decoder.block.11.layer.0.SelfAttention.o,185,0.4468967318534851,tot
qasc,transformer.decoder.block.11.layer.0.SelfAttention.o,185,-0.1625814437866211,$\delta_\text{gsc}$
qasc,transformer.decoder.block.11.layer.0.SelfAttention.o,185,-0.11433517932891846,$\delta_\text{ssc}$
qasc,transformer.decoder.block.11.layer.1.EncDecAttention.q,186,0.23811691999435425,cross
qasc,transformer.decoder.block.11.layer.1.EncDecAttention.q,186,0.1658708155155182,corr
qasc,transformer.decoder.block.11.layer.1.EncDecAttention.q,186,0.240504190325737,drift
qasc,transformer.decoder.block.11.layer.1.EncDecAttention.q,186,0.4291927218437195,tot
qasc,transformer.decoder.block.11.layer.1.EncDecAttention.q,186,-0.16148561239242554,$\delta_\text{gsc}$
qasc,transformer.decoder.block.11.layer.1.EncDecAttention.q,186,-0.053813591599464417,$\delta_\text{ssc}$
qasc,transformer.decoder.block.11.layer.1.EncDecAttention.k,187,0.42342016100883484,cross
qasc,transformer.decoder.block.11.layer.1.EncDecAttention.k,187,0.44098007678985596,corr
qasc,transformer.decoder.block.11.layer.1.EncDecAttention.k,187,0.2827554941177368,drift
qasc,transformer.decoder.block.11.layer.1.EncDecAttention.k,187,0.4420895576477051,tot
qasc,transformer.decoder.block.11.layer.1.EncDecAttention.k,187,-0.41888126730918884,$\delta_\text{gsc}$
qasc,transformer.decoder.block.11.layer.1.EncDecAttention.k,187,-0.2861849069595337,$\delta_\text{ssc}$
qasc,transformer.decoder.block.11.layer.1.EncDecAttention.v,188,0.39083001017570496,cross
qasc,transformer.decoder.block.11.layer.1.EncDecAttention.v,188,0.4406454265117645,corr
qasc,transformer.decoder.block.11.layer.1.EncDecAttention.v,188,0.3241131901741028,drift
qasc,transformer.decoder.block.11.layer.1.EncDecAttention.v,188,0.43396395444869995,tot
qasc,transformer.decoder.block.11.layer.1.EncDecAttention.v,188,-0.3955076336860657,$\delta_\text{gsc}$
qasc,transformer.decoder.block.11.layer.1.EncDecAttention.v,188,-0.32611703872680664,$\delta_\text{ssc}$
qasc,transformer.decoder.block.11.layer.1.EncDecAttention.o,189,0.16587349772453308,cross
qasc,transformer.decoder.block.11.layer.1.EncDecAttention.o,189,0.06842079013586044,corr
qasc,transformer.decoder.block.11.layer.1.EncDecAttention.o,189,0.33514055609703064,drift
qasc,transformer.decoder.block.11.layer.1.EncDecAttention.o,189,0.42030492424964905,tot
qasc,transformer.decoder.block.11.layer.1.EncDecAttention.o,189,-0.08070492744445801,$\delta_\text{gsc}$
qasc,transformer.decoder.block.11.layer.1.EncDecAttention.o,189,-0.0684249997138977,$\delta_\text{ssc}$
qasc,transformer.decoder.block.11.layer.2.DenseReluDense.wi,190,0.14377617835998535,cross
qasc,transformer.decoder.block.11.layer.2.DenseReluDense.wi,190,0.1639246940612793,corr
qasc,transformer.decoder.block.11.layer.2.DenseReluDense.wi,190,0.2562042772769928,drift
qasc,transformer.decoder.block.11.layer.2.DenseReluDense.wi,190,0.4254285991191864,tot
qasc,transformer.decoder.block.11.layer.2.DenseReluDense.wi,190,-0.05741351842880249,$\delta_\text{gsc}$
qasc,transformer.decoder.block.11.layer.2.DenseReluDense.wi,190,-0.08106303215026855,$\delta_\text{ssc}$
qasc,transformer.decoder.block.11.layer.2.DenseReluDense.wo,191,0.17426593601703644,cross
qasc,transformer.decoder.block.11.layer.2.DenseReluDense.wo,191,0.12446752190589905,corr
qasc,transformer.decoder.block.11.layer.2.DenseReluDense.wo,191,0.291604608297348,drift
qasc,transformer.decoder.block.11.layer.2.DenseReluDense.wo,191,0.45719167590141296,tot
qasc,transformer.decoder.block.11.layer.2.DenseReluDense.wo,191,-0.0889275074005127,$\delta_\text{gsc}$
qasc,transformer.decoder.block.11.layer.2.DenseReluDense.wo,191,-0.04421889781951904,$\delta_\text{ssc}$
qasc,transformer.lm_head,192,0.15242524445056915,cross
qasc,transformer.lm_head,192,0.046600718051195145,corr
qasc,transformer.lm_head,192,0.12645195424556732,drift
qasc,transformer.lm_head,192,0.24432748556137085,tot
qasc,transformer.lm_head,192,-0.07087628543376923,$\delta_\text{gsc}$
qasc,transformer.lm_head,192,-0.010274142026901245,$\delta_\text{ssc}$
quartz,transformer.encoder.block.0.layer.0.SelfAttention.q,0,0.20564059913158417,cross
quartz,transformer.encoder.block.0.layer.0.SelfAttention.q,0,0.45170414447784424,corr
quartz,transformer.encoder.block.0.layer.0.SelfAttention.q,0,0.4249432682991028,drift
quartz,transformer.encoder.block.0.layer.0.SelfAttention.q,0,0.3998865485191345,tot
quartz,transformer.encoder.block.0.layer.0.SelfAttention.q,0,-0.08752794563770294,$\delta_\text{gsc}$
quartz,transformer.encoder.block.0.layer.0.SelfAttention.q,0,-0.5948735475540161,$\delta_\text{ssc}$
quartz,transformer.encoder.block.0.layer.0.SelfAttention.k,1,0.2795490622520447,cross
quartz,transformer.encoder.block.0.layer.0.SelfAttention.k,1,0.4393065273761749,corr
quartz,transformer.encoder.block.0.layer.0.SelfAttention.k,1,0.42501431703567505,drift
quartz,transformer.encoder.block.0.layer.0.SelfAttention.k,1,0.3605922758579254,tot
quartz,transformer.encoder.block.0.layer.0.SelfAttention.k,1,-0.11443620920181274,$\delta_\text{gsc}$
quartz,transformer.encoder.block.0.layer.0.SelfAttention.k,1,-0.6688414216041565,$\delta_\text{ssc}$
quartz,transformer.encoder.block.0.layer.0.SelfAttention.v,2,0.18123580515384674,cross
quartz,transformer.encoder.block.0.layer.0.SelfAttention.v,2,0.4576982259750366,corr
quartz,transformer.encoder.block.0.layer.0.SelfAttention.v,2,0.42551374435424805,drift
quartz,transformer.encoder.block.0.layer.0.SelfAttention.v,2,0.31908851861953735,tot
quartz,transformer.encoder.block.0.layer.0.SelfAttention.v,2,-0.1744779497385025,$\delta_\text{gsc}$
quartz,transformer.encoder.block.0.layer.0.SelfAttention.v,2,-0.5708813071250916,$\delta_\text{ssc}$
quartz,transformer.encoder.block.0.layer.0.SelfAttention.o,3,0.23814716935157776,cross
quartz,transformer.encoder.block.0.layer.0.SelfAttention.o,3,0.2622044086456299,corr
quartz,transformer.encoder.block.0.layer.0.SelfAttention.o,3,0.1894943118095398,drift
quartz,transformer.encoder.block.0.layer.0.SelfAttention.o,3,0.32883548736572266,tot
quartz,transformer.encoder.block.0.layer.0.SelfAttention.o,3,-0.08902671933174133,$\delta_\text{gsc}$
quartz,transformer.encoder.block.0.layer.0.SelfAttention.o,3,-0.27198368310928345,$\delta_\text{ssc}$
quartz,transformer.encoder.block.0.layer.1.DenseReluDense.wi,4,0.20655065774917603,cross
quartz,transformer.encoder.block.0.layer.1.DenseReluDense.wi,4,0.4042324423789978,corr
quartz,transformer.encoder.block.0.layer.1.DenseReluDense.wi,4,0.38657456636428833,drift
quartz,transformer.encoder.block.0.layer.1.DenseReluDense.wi,4,0.2816716730594635,tot
quartz,transformer.encoder.block.0.layer.1.DenseReluDense.wi,4,-0.11426970362663269,$\delta_\text{gsc}$
quartz,transformer.encoder.block.0.layer.1.DenseReluDense.wi,4,-0.601416289806366,$\delta_\text{ssc}$
quartz,transformer.encoder.block.0.layer.1.DenseReluDense.wo,5,0.23091785609722137,cross
quartz,transformer.encoder.block.0.layer.1.DenseReluDense.wo,5,0.44903188943862915,corr
quartz,transformer.encoder.block.0.layer.1.DenseReluDense.wo,5,0.4360721707344055,drift
quartz,transformer.encoder.block.0.layer.1.DenseReluDense.wo,5,0.3541066348552704,tot
quartz,transformer.encoder.block.0.layer.1.DenseReluDense.wo,5,-0.1285666972398758,$\delta_\text{gsc}$
quartz,transformer.encoder.block.0.layer.1.DenseReluDense.wo,5,-0.6333485841751099,$\delta_\text{ssc}$
quartz,transformer.encoder.block.1.layer.0.SelfAttention.q,6,0.23151487112045288,cross
quartz,transformer.encoder.block.1.layer.0.SelfAttention.q,6,0.4545406103134155,corr
quartz,transformer.encoder.block.1.layer.0.SelfAttention.q,6,0.4305943548679352,drift
quartz,transformer.encoder.block.1.layer.0.SelfAttention.q,6,0.3693443536758423,tot
quartz,transformer.encoder.block.1.layer.0.SelfAttention.q,6,-0.1382858157157898,$\delta_\text{gsc}$
quartz,transformer.encoder.block.1.layer.0.SelfAttention.q,6,-0.6090196371078491,$\delta_\text{ssc}$
quartz,transformer.encoder.block.1.layer.0.SelfAttention.k,7,0.2623567283153534,cross
quartz,transformer.encoder.block.1.layer.0.SelfAttention.k,7,0.4471730887889862,corr
quartz,transformer.encoder.block.1.layer.0.SelfAttention.k,7,0.4305614233016968,drift
quartz,transformer.encoder.block.1.layer.0.SelfAttention.k,7,0.4031757414340973,tot
quartz,transformer.encoder.block.1.layer.0.SelfAttention.k,7,-0.09835696220397949,$\delta_\text{gsc}$
quartz,transformer.encoder.block.1.layer.0.SelfAttention.k,7,-0.6385585069656372,$\delta_\text{ssc}$
quartz,transformer.encoder.block.1.layer.0.SelfAttention.v,8,0.16231422126293182,cross
quartz,transformer.encoder.block.1.layer.0.SelfAttention.v,8,0.4546847939491272,corr
quartz,transformer.encoder.block.1.layer.0.SelfAttention.v,8,0.430768221616745,drift
quartz,transformer.encoder.block.1.layer.0.SelfAttention.v,8,0.30326372385025024,tot
quartz,transformer.encoder.block.1.layer.0.SelfAttention.v,8,-0.13820110261440277,$\delta_\text{gsc}$
quartz,transformer.encoder.block.1.layer.0.SelfAttention.v,8,-0.6063023805618286,$\delta_\text{ssc}$
quartz,transformer.encoder.block.1.layer.0.SelfAttention.o,9,0.26596933603286743,cross
quartz,transformer.encoder.block.1.layer.0.SelfAttention.o,9,0.3109290897846222,corr
quartz,transformer.encoder.block.1.layer.0.SelfAttention.o,9,0.28199246525764465,drift
quartz,transformer.encoder.block.1.layer.0.SelfAttention.o,9,0.30484554171562195,tot
quartz,transformer.encoder.block.1.layer.0.SelfAttention.o,9,-0.17023663222789764,$\delta_\text{gsc}$
quartz,transformer.encoder.block.1.layer.0.SelfAttention.o,9,-0.3838087320327759,$\delta_\text{ssc}$
quartz,transformer.encoder.block.1.layer.1.DenseReluDense.wi,10,0.26214784383773804,cross
quartz,transformer.encoder.block.1.layer.1.DenseReluDense.wi,10,0.3540167808532715,corr
quartz,transformer.encoder.block.1.layer.1.DenseReluDense.wi,10,0.34302446246147156,drift
quartz,transformer.encoder.block.1.layer.1.DenseReluDense.wi,10,0.2977888882160187,tot
quartz,transformer.encoder.block.1.layer.1.DenseReluDense.wi,10,-0.1087675541639328,$\delta_\text{gsc}$
quartz,transformer.encoder.block.1.layer.1.DenseReluDense.wi,10,-0.5526326298713684,$\delta_\text{ssc}$
quartz,transformer.encoder.block.1.layer.1.DenseReluDense.wo,11,0.21568839251995087,cross
quartz,transformer.encoder.block.1.layer.1.DenseReluDense.wo,11,0.42426159977912903,corr
quartz,transformer.encoder.block.1.layer.1.DenseReluDense.wo,11,0.41108787059783936,drift
quartz,transformer.encoder.block.1.layer.1.DenseReluDense.wo,11,0.32841363549232483,tot
quartz,transformer.encoder.block.1.layer.1.DenseReluDense.wo,11,-0.10512228310108185,$\delta_\text{gsc}$
quartz,transformer.encoder.block.1.layer.1.DenseReluDense.wo,11,-0.617501974105835,$\delta_\text{ssc}$
quartz,transformer.encoder.block.2.layer.0.SelfAttention.q,12,0.2414003312587738,cross
quartz,transformer.encoder.block.2.layer.0.SelfAttention.q,12,0.4486323893070221,corr
quartz,transformer.encoder.block.2.layer.0.SelfAttention.q,12,0.42996251583099365,drift
quartz,transformer.encoder.block.2.layer.0.SelfAttention.q,12,0.3561626672744751,tot
quartz,transformer.encoder.block.2.layer.0.SelfAttention.q,12,-0.13571971654891968,$\delta_\text{gsc}$
quartz,transformer.encoder.block.2.layer.0.SelfAttention.q,12,-0.6281128525733948,$\delta_\text{ssc}$
quartz,transformer.encoder.block.2.layer.0.SelfAttention.k,13,0.34364062547683716,cross
quartz,transformer.encoder.block.2.layer.0.SelfAttention.k,13,0.4463992714881897,corr
quartz,transformer.encoder.block.2.layer.0.SelfAttention.k,13,0.4308655858039856,drift
quartz,transformer.encoder.block.2.layer.0.SelfAttention.k,13,0.42576587200164795,tot
quartz,transformer.encoder.block.2.layer.0.SelfAttention.k,13,-0.14801841974258423,$\delta_\text{gsc}$
quartz,transformer.encoder.block.2.layer.0.SelfAttention.k,13,-0.6471211910247803,$\delta_\text{ssc}$
quartz,transformer.encoder.block.2.layer.0.SelfAttention.v,14,0.20602987706661224,cross
quartz,transformer.encoder.block.2.layer.0.SelfAttention.v,14,0.4532606899738312,corr
quartz,transformer.encoder.block.2.layer.0.SelfAttention.v,14,0.4297788143157959,drift
quartz,transformer.encoder.block.2.layer.0.SelfAttention.v,14,0.3092924952507019,tot
quartz,transformer.encoder.block.2.layer.0.SelfAttention.v,14,-0.18717314302921295,$\delta_\text{gsc}$
quartz,transformer.encoder.block.2.layer.0.SelfAttention.v,14,-0.5926037430763245,$\delta_\text{ssc}$
quartz,transformer.encoder.block.2.layer.0.SelfAttention.o,15,0.2838849425315857,cross
quartz,transformer.encoder.block.2.layer.0.SelfAttention.o,15,0.19795767962932587,corr
quartz,transformer.encoder.block.2.layer.0.SelfAttention.o,15,0.1670708805322647,drift
quartz,transformer.encoder.block.2.layer.0.SelfAttention.o,15,0.3500223457813263,tot
quartz,transformer.encoder.block.2.layer.0.SelfAttention.o,15,-0.1293805092573166,$\delta_\text{gsc}$
quartz,transformer.encoder.block.2.layer.0.SelfAttention.o,15,-0.1695106476545334,$\delta_\text{ssc}$
quartz,transformer.encoder.block.2.layer.1.DenseReluDense.wi,16,0.2797755300998688,cross
quartz,transformer.encoder.block.2.layer.1.DenseReluDense.wi,16,0.287983238697052,corr
quartz,transformer.encoder.block.2.layer.1.DenseReluDense.wi,16,0.2729659974575043,drift
quartz,transformer.encoder.block.2.layer.1.DenseReluDense.wi,16,0.3279041349887848,tot
quartz,transformer.encoder.block.2.layer.1.DenseReluDense.wi,16,-0.07992830872535706,$\delta_\text{gsc}$
quartz,transformer.encoder.block.2.layer.1.DenseReluDense.wi,16,-0.4328923225402832,$\delta_\text{ssc}$
quartz,transformer.encoder.block.2.layer.1.DenseReluDense.wo,17,0.2702489495277405,cross
quartz,transformer.encoder.block.2.layer.1.DenseReluDense.wo,17,0.28606006503105164,corr
quartz,transformer.encoder.block.2.layer.1.DenseReluDense.wo,17,0.1936551183462143,drift
quartz,transformer.encoder.block.2.layer.1.DenseReluDense.wo,17,0.3513333797454834,tot
quartz,transformer.encoder.block.2.layer.1.DenseReluDense.wo,17,-0.14345678687095642,$\delta_\text{gsc}$
quartz,transformer.encoder.block.2.layer.1.DenseReluDense.wo,17,-0.2551739811897278,$\delta_\text{ssc}$
quartz,transformer.encoder.block.3.layer.0.SelfAttention.q,18,0.35017129778862,cross
quartz,transformer.encoder.block.3.layer.0.SelfAttention.q,18,0.4370461106300354,corr
quartz,transformer.encoder.block.3.layer.0.SelfAttention.q,18,0.4190908372402191,drift
quartz,transformer.encoder.block.3.layer.0.SelfAttention.q,18,0.32099688053131104,tot
quartz,transformer.encoder.block.3.layer.0.SelfAttention.q,18,-0.2779266834259033,$\delta_\text{gsc}$
quartz,transformer.encoder.block.3.layer.0.SelfAttention.q,18,-0.6073846817016602,$\delta_\text{ssc}$
quartz,transformer.encoder.block.3.layer.0.SelfAttention.k,19,0.31316617131233215,cross
quartz,transformer.encoder.block.3.layer.0.SelfAttention.k,19,0.4336243271827698,corr
quartz,transformer.encoder.block.3.layer.0.SelfAttention.k,19,0.4193846583366394,drift
quartz,transformer.encoder.block.3.layer.0.SelfAttention.k,19,0.3650286793708801,tot
quartz,transformer.encoder.block.3.layer.0.SelfAttention.k,19,-0.15172596275806427,$\delta_\text{gsc}$
quartz,transformer.encoder.block.3.layer.0.SelfAttention.k,19,-0.6494204998016357,$\delta_\text{ssc}$
quartz,transformer.encoder.block.3.layer.0.SelfAttention.v,20,0.19829335808753967,cross
quartz,transformer.encoder.block.3.layer.0.SelfAttention.v,20,0.4465135931968689,corr
quartz,transformer.encoder.block.3.layer.0.SelfAttention.v,20,0.419504314661026,drift
quartz,transformer.encoder.block.3.layer.0.SelfAttention.v,20,0.29703354835510254,tot
quartz,transformer.encoder.block.3.layer.0.SelfAttention.v,20,-0.19932305812835693,$\delta_\text{gsc}$
quartz,transformer.encoder.block.3.layer.0.SelfAttention.v,20,-0.5679546594619751,$\delta_\text{ssc}$
quartz,transformer.encoder.block.3.layer.0.SelfAttention.o,21,0.2607983648777008,cross
quartz,transformer.encoder.block.3.layer.0.SelfAttention.o,21,0.25242599844932556,corr
quartz,transformer.encoder.block.3.layer.0.SelfAttention.o,21,0.20306071639060974,drift
quartz,transformer.encoder.block.3.layer.0.SelfAttention.o,21,0.26930445432662964,tot
quartz,transformer.encoder.block.3.layer.0.SelfAttention.o,21,-0.18920600414276123,$\delta_\text{gsc}$
quartz,transformer.encoder.block.3.layer.0.SelfAttention.o,21,-0.25777462124824524,$\delta_\text{ssc}$
quartz,transformer.encoder.block.3.layer.1.DenseReluDense.wi,22,0.28541138768196106,cross
quartz,transformer.encoder.block.3.layer.1.DenseReluDense.wi,22,0.26224759221076965,corr
quartz,transformer.encoder.block.3.layer.1.DenseReluDense.wi,22,0.2490825206041336,drift
quartz,transformer.encoder.block.3.layer.1.DenseReluDense.wi,22,0.3152769207954407,tot
quartz,transformer.encoder.block.3.layer.1.DenseReluDense.wi,22,-0.08693031966686249,$\delta_\text{gsc}$
quartz,transformer.encoder.block.3.layer.1.DenseReluDense.wi,22,-0.39453426003456116,$\delta_\text{ssc}$
quartz,transformer.encoder.block.3.layer.1.DenseReluDense.wo,23,0.2891073226928711,cross
quartz,transformer.encoder.block.3.layer.1.DenseReluDense.wo,23,0.21385858952999115,corr
quartz,transformer.encoder.block.3.layer.1.DenseReluDense.wo,23,0.10111908614635468,drift
quartz,transformer.encoder.block.3.layer.1.DenseReluDense.wo,23,0.39786776900291443,tot
quartz,transformer.encoder.block.3.layer.1.DenseReluDense.wo,23,-0.08395963907241821,$\delta_\text{gsc}$
quartz,transformer.encoder.block.3.layer.1.DenseReluDense.wo,23,-0.12225759029388428,$\delta_\text{ssc}$
quartz,transformer.encoder.block.4.layer.0.SelfAttention.q,24,0.3594121038913727,cross
quartz,transformer.encoder.block.4.layer.0.SelfAttention.q,24,0.43425822257995605,corr
quartz,transformer.encoder.block.4.layer.0.SelfAttention.q,24,0.41406434774398804,drift
quartz,transformer.encoder.block.4.layer.0.SelfAttention.q,24,0.3097706735134125,tot
quartz,transformer.encoder.block.4.layer.0.SelfAttention.q,24,-0.32341626286506653,$\delta_\text{gsc}$
quartz,transformer.encoder.block.4.layer.0.SelfAttention.q,24,-0.5745477676391602,$\delta_\text{ssc}$
quartz,transformer.encoder.block.4.layer.0.SelfAttention.k,25,0.3578118085861206,cross
quartz,transformer.encoder.block.4.layer.0.SelfAttention.k,25,0.426376610994339,corr
quartz,transformer.encoder.block.4.layer.0.SelfAttention.k,25,0.41403788328170776,drift
quartz,transformer.encoder.block.4.layer.0.SelfAttention.k,25,0.37544775009155273,tot
quartz,transformer.encoder.block.4.layer.0.SelfAttention.k,25,-0.16919736564159393,$\delta_\text{gsc}$
quartz,transformer.encoder.block.4.layer.0.SelfAttention.k,25,-0.6535812020301819,$\delta_\text{ssc}$
quartz,transformer.encoder.block.4.layer.0.SelfAttention.v,26,0.19298790395259857,cross
quartz,transformer.encoder.block.4.layer.0.SelfAttention.v,26,0.43587636947631836,corr
quartz,transformer.encoder.block.4.layer.0.SelfAttention.v,26,0.4147064685821533,drift
quartz,transformer.encoder.block.4.layer.0.SelfAttention.v,26,0.2544127106666565,tot
quartz,transformer.encoder.block.4.layer.0.SelfAttention.v,26,-0.1853017657995224,$\delta_\text{gsc}$
quartz,transformer.encoder.block.4.layer.0.SelfAttention.v,26,-0.6038562655448914,$\delta_\text{ssc}$
quartz,transformer.encoder.block.4.layer.0.SelfAttention.o,27,0.34429317712783813,cross
quartz,transformer.encoder.block.4.layer.0.SelfAttention.o,27,0.25402748584747314,corr
quartz,transformer.encoder.block.4.layer.0.SelfAttention.o,27,0.18703222274780273,drift
quartz,transformer.encoder.block.4.layer.0.SelfAttention.o,27,0.3565444350242615,tot
quartz,transformer.encoder.block.4.layer.0.SelfAttention.o,27,-0.25166845321655273,$\delta_\text{gsc}$
quartz,transformer.encoder.block.4.layer.0.SelfAttention.o,27,-0.1771399974822998,$\delta_\text{ssc}$
quartz,transformer.encoder.block.4.layer.1.DenseReluDense.wi,28,0.30217739939689636,cross
quartz,transformer.encoder.block.4.layer.1.DenseReluDense.wi,28,0.24839329719543457,corr
quartz,transformer.encoder.block.4.layer.1.DenseReluDense.wi,28,0.23307539522647858,drift
quartz,transformer.encoder.block.4.layer.1.DenseReluDense.wi,28,0.32445770502090454,tot
quartz,transformer.encoder.block.4.layer.1.DenseReluDense.wi,28,-0.10640841722488403,$\delta_\text{gsc}$
quartz,transformer.encoder.block.4.layer.1.DenseReluDense.wi,28,-0.35277998447418213,$\delta_\text{ssc}$
quartz,transformer.encoder.block.4.layer.1.DenseReluDense.wo,29,0.2908617854118347,cross
quartz,transformer.encoder.block.4.layer.1.DenseReluDense.wo,29,0.1852889508008957,corr
quartz,transformer.encoder.block.4.layer.1.DenseReluDense.wo,29,0.041547536849975586,drift
quartz,transformer.encoder.block.4.layer.1.DenseReluDense.wo,29,0.3688686192035675,tot
quartz,transformer.encoder.block.4.layer.1.DenseReluDense.wo,29,-0.10656686127185822,$\delta_\text{gsc}$
quartz,transformer.encoder.block.4.layer.1.DenseReluDense.wo,29,-0.04226279258728027,$\delta_\text{ssc}$
quartz,transformer.encoder.block.5.layer.0.SelfAttention.q,30,0.39005619287490845,cross
quartz,transformer.encoder.block.5.layer.0.SelfAttention.q,30,0.43210873007774353,corr
quartz,transformer.encoder.block.5.layer.0.SelfAttention.q,30,0.40425562858581543,drift
quartz,transformer.encoder.block.5.layer.0.SelfAttention.q,30,0.33327099680900574,tot
quartz,transformer.encoder.block.5.layer.0.SelfAttention.q,30,-0.3574066758155823,$\delta_\text{gsc}$
quartz,transformer.encoder.block.5.layer.0.SelfAttention.q,30,-0.5357428789138794,$\delta_\text{ssc}$
quartz,transformer.encoder.block.5.layer.0.SelfAttention.k,31,0.20978394150733948,cross
quartz,transformer.encoder.block.5.layer.0.SelfAttention.k,31,0.43040603399276733,corr
quartz,transformer.encoder.block.5.layer.0.SelfAttention.k,31,0.4046814739704132,drift
quartz,transformer.encoder.block.5.layer.0.SelfAttention.k,31,0.3216937780380249,tot
quartz,transformer.encoder.block.5.layer.0.SelfAttention.k,31,-0.11129587888717651,$\delta_\text{gsc}$
quartz,transformer.encoder.block.5.layer.0.SelfAttention.k,31,-0.6118817925453186,$\delta_\text{ssc}$
quartz,transformer.encoder.block.5.layer.0.SelfAttention.v,32,0.190759539604187,cross
quartz,transformer.encoder.block.5.layer.0.SelfAttention.v,32,0.4408939480781555,corr
quartz,transformer.encoder.block.5.layer.0.SelfAttention.v,32,0.4054725766181946,drift
quartz,transformer.encoder.block.5.layer.0.SelfAttention.v,32,0.27849021553993225,tot
quartz,transformer.encoder.block.5.layer.0.SelfAttention.v,32,-0.20121639966964722,$\delta_\text{gsc}$
quartz,transformer.encoder.block.5.layer.0.SelfAttention.v,32,-0.5574194192886353,$\delta_\text{ssc}$
quartz,transformer.encoder.block.5.layer.0.SelfAttention.o,33,0.26444047689437866,cross
quartz,transformer.encoder.block.5.layer.0.SelfAttention.o,33,0.21806500852108002,corr
quartz,transformer.encoder.block.5.layer.0.SelfAttention.o,33,0.14924515783786774,drift
quartz,transformer.encoder.block.5.layer.0.SelfAttention.o,33,0.3058214485645294,tot
quartz,transformer.encoder.block.5.layer.0.SelfAttention.o,33,-0.17163652181625366,$\delta_\text{gsc}$
quartz,transformer.encoder.block.5.layer.0.SelfAttention.o,33,-0.15429267287254333,$\delta_\text{ssc}$
quartz,transformer.encoder.block.5.layer.1.DenseReluDense.wi,34,0.31292974948883057,cross
quartz,transformer.encoder.block.5.layer.1.DenseReluDense.wi,34,0.246749609708786,corr
quartz,transformer.encoder.block.5.layer.1.DenseReluDense.wi,34,0.22544701397418976,drift
quartz,transformer.encoder.block.5.layer.1.DenseReluDense.wi,34,0.33204323053359985,tot
quartz,transformer.encoder.block.5.layer.1.DenseReluDense.wi,34,-0.12121438980102539,$\delta_\text{gsc}$
quartz,transformer.encoder.block.5.layer.1.DenseReluDense.wi,34,-0.3318687677383423,$\delta_\text{ssc}$
quartz,transformer.encoder.block.5.layer.1.DenseReluDense.wo,35,0.30319151282310486,cross
quartz,transformer.encoder.block.5.layer.1.DenseReluDense.wo,35,0.2550799250602722,corr
quartz,transformer.encoder.block.5.layer.1.DenseReluDense.wo,35,0.09530934691429138,drift
quartz,transformer.encoder.block.5.layer.1.DenseReluDense.wo,35,0.3697131872177124,tot
quartz,transformer.encoder.block.5.layer.1.DenseReluDense.wo,35,-0.1822999119758606,$\delta_\text{gsc}$
quartz,transformer.encoder.block.5.layer.1.DenseReluDense.wo,35,-0.10156768560409546,$\delta_\text{ssc}$
quartz,transformer.encoder.block.6.layer.0.SelfAttention.q,36,0.356548547744751,cross
quartz,transformer.encoder.block.6.layer.0.SelfAttention.q,36,0.4182813763618469,corr
quartz,transformer.encoder.block.6.layer.0.SelfAttention.q,36,0.38878941535949707,drift
quartz,transformer.encoder.block.6.layer.0.SelfAttention.q,36,0.364134818315506,tot
quartz,transformer.encoder.block.6.layer.0.SelfAttention.q,36,-0.2673710882663727,$\delta_\text{gsc}$
quartz,transformer.encoder.block.6.layer.0.SelfAttention.q,36,-0.5321134328842163,$\delta_\text{ssc}$
quartz,transformer.encoder.block.6.layer.0.SelfAttention.k,37,0.28982189297676086,cross
quartz,transformer.encoder.block.6.layer.0.SelfAttention.k,37,0.4163796305656433,corr
quartz,transformer.encoder.block.6.layer.0.SelfAttention.k,37,0.38906237483024597,drift
quartz,transformer.encoder.block.6.layer.0.SelfAttention.k,37,0.34943222999572754,tot
quartz,transformer.encoder.block.6.layer.0.SelfAttention.k,37,-0.16213762760162354,$\delta_\text{gsc}$
quartz,transformer.encoder.block.6.layer.0.SelfAttention.k,37,-0.5836940407752991,$\delta_\text{ssc}$
quartz,transformer.encoder.block.6.layer.0.SelfAttention.v,38,0.1967906653881073,cross
quartz,transformer.encoder.block.6.layer.0.SelfAttention.v,38,0.45457783341407776,corr
quartz,transformer.encoder.block.6.layer.0.SelfAttention.v,38,0.38924431800842285,drift
quartz,transformer.encoder.block.6.layer.0.SelfAttention.v,38,0.3053247034549713,tot
quartz,transformer.encoder.block.6.layer.0.SelfAttention.v,38,-0.2573249936103821,$\delta_\text{gsc}$
quartz,transformer.encoder.block.6.layer.0.SelfAttention.v,38,-0.4779631197452545,$\delta_\text{ssc}$
quartz,transformer.encoder.block.6.layer.0.SelfAttention.o,39,0.2319493144750595,cross
quartz,transformer.encoder.block.6.layer.0.SelfAttention.o,39,0.20065411925315857,corr
quartz,transformer.encoder.block.6.layer.0.SelfAttention.o,39,0.16776984930038452,drift
quartz,transformer.encoder.block.6.layer.0.SelfAttention.o,39,0.31148871779441833,tot
quartz,transformer.encoder.block.6.layer.0.SelfAttention.o,39,-0.15823550522327423,$\delta_\text{gsc}$
quartz,transformer.encoder.block.6.layer.0.SelfAttention.o,39,-0.13064906001091003,$\delta_\text{ssc}$
quartz,transformer.encoder.block.6.layer.1.DenseReluDense.wi,40,0.26062700152397156,cross
quartz,transformer.encoder.block.6.layer.1.DenseReluDense.wi,40,0.23910100758075714,corr
quartz,transformer.encoder.block.6.layer.1.DenseReluDense.wi,40,0.21935464441776276,drift
quartz,transformer.encoder.block.6.layer.1.DenseReluDense.wi,40,0.2922253906726837,tot
quartz,transformer.encoder.block.6.layer.1.DenseReluDense.wi,40,-0.11238646507263184,$\delta_\text{gsc}$
quartz,transformer.encoder.block.6.layer.1.DenseReluDense.wi,40,-0.3144707977771759,$\delta_\text{ssc}$
quartz,transformer.encoder.block.6.layer.1.DenseReluDense.wo,41,0.31938236951828003,cross
quartz,transformer.encoder.block.6.layer.1.DenseReluDense.wo,41,0.33740511536598206,corr
quartz,transformer.encoder.block.6.layer.1.DenseReluDense.wo,41,0.17316673696041107,drift
quartz,transformer.encoder.block.6.layer.1.DenseReluDense.wo,41,0.38476496934890747,tot
quartz,transformer.encoder.block.6.layer.1.DenseReluDense.wo,41,-0.24805334210395813,$\delta_\text{gsc}$
quartz,transformer.encoder.block.6.layer.1.DenseReluDense.wo,41,-0.19713591039180756,$\delta_\text{ssc}$
quartz,transformer.encoder.block.7.layer.0.SelfAttention.q,42,0.37845394015312195,cross
quartz,transformer.encoder.block.7.layer.0.SelfAttention.q,42,0.40921711921691895,corr
quartz,transformer.encoder.block.7.layer.0.SelfAttention.q,42,0.37029755115509033,drift
quartz,transformer.encoder.block.7.layer.0.SelfAttention.q,42,0.37482768297195435,tot
quartz,transformer.encoder.block.7.layer.0.SelfAttention.q,42,-0.3002431392669678,$\delta_\text{gsc}$
quartz,transformer.encoder.block.7.layer.0.SelfAttention.q,42,-0.4828977882862091,$\delta_\text{ssc}$
quartz,transformer.encoder.block.7.layer.0.SelfAttention.k,43,0.2422531545162201,cross
quartz,transformer.encoder.block.7.layer.0.SelfAttention.k,43,0.4128061830997467,corr
quartz,transformer.encoder.block.7.layer.0.SelfAttention.k,43,0.37059488892555237,drift
quartz,transformer.encoder.block.7.layer.0.SelfAttention.k,43,0.3414248824119568,tot
quartz,transformer.encoder.block.7.layer.0.SelfAttention.k,43,-0.1448623538017273,$\delta_\text{gsc}$
quartz,transformer.encoder.block.7.layer.0.SelfAttention.k,43,-0.5393669605255127,$\delta_\text{ssc}$
quartz,transformer.encoder.block.7.layer.0.SelfAttention.v,44,0.174844890832901,cross
quartz,transformer.encoder.block.7.layer.0.SelfAttention.v,44,0.4397759437561035,corr
quartz,transformer.encoder.block.7.layer.0.SelfAttention.v,44,0.3713281452655792,drift
quartz,transformer.encoder.block.7.layer.0.SelfAttention.v,44,0.3003517687320709,tot
quartz,transformer.encoder.block.7.layer.0.SelfAttention.v,44,-0.21372470259666443,$\delta_\text{gsc}$
quartz,transformer.encoder.block.7.layer.0.SelfAttention.v,44,-0.4718725085258484,$\delta_\text{ssc}$
quartz,transformer.encoder.block.7.layer.0.SelfAttention.o,45,0.2585183084011078,cross
quartz,transformer.encoder.block.7.layer.0.SelfAttention.o,45,0.21373336017131805,corr
quartz,transformer.encoder.block.7.layer.0.SelfAttention.o,45,0.14582838118076324,drift
quartz,transformer.encoder.block.7.layer.0.SelfAttention.o,45,0.3043195605278015,tot
quartz,transformer.encoder.block.7.layer.0.SelfAttention.o,45,-0.18573980033397675,$\delta_\text{gsc}$
quartz,transformer.encoder.block.7.layer.0.SelfAttention.o,45,-0.12802068889141083,$\delta_\text{ssc}$
quartz,transformer.encoder.block.7.layer.1.DenseReluDense.wi,46,0.289966344833374,cross
quartz,transformer.encoder.block.7.layer.1.DenseReluDense.wi,46,0.22881096601486206,corr
quartz,transformer.encoder.block.7.layer.1.DenseReluDense.wi,46,0.20800122618675232,drift
quartz,transformer.encoder.block.7.layer.1.DenseReluDense.wi,46,0.3060021698474884,tot
quartz,transformer.encoder.block.7.layer.1.DenseReluDense.wi,46,-0.14108210802078247,$\delta_\text{gsc}$
quartz,transformer.encoder.block.7.layer.1.DenseReluDense.wi,46,-0.27969425916671753,$\delta_\text{ssc}$
quartz,transformer.encoder.block.7.layer.1.DenseReluDense.wo,47,0.3351820409297943,cross
quartz,transformer.encoder.block.7.layer.1.DenseReluDense.wo,47,0.41748329997062683,corr
quartz,transformer.encoder.block.7.layer.1.DenseReluDense.wo,47,0.12637042999267578,drift
quartz,transformer.encoder.block.7.layer.1.DenseReluDense.wo,47,0.4412727952003479,tot
quartz,transformer.encoder.block.7.layer.1.DenseReluDense.wo,47,-0.3123950660228729,$\delta_\text{gsc}$
quartz,transformer.encoder.block.7.layer.1.DenseReluDense.wo,47,-0.1253679096698761,$\delta_\text{ssc}$
quartz,transformer.encoder.block.8.layer.0.SelfAttention.q,48,0.39990225434303284,cross
quartz,transformer.encoder.block.8.layer.0.SelfAttention.q,48,0.4068317711353302,corr
quartz,transformer.encoder.block.8.layer.0.SelfAttention.q,48,0.3476147949695587,drift
quartz,transformer.encoder.block.8.layer.0.SelfAttention.q,48,0.38138848543167114,tot
quartz,transformer.encoder.block.8.layer.0.SelfAttention.q,48,-0.3504098653793335,$\delta_\text{gsc}$
quartz,transformer.encoder.block.8.layer.0.SelfAttention.q,48,-0.4225504696369171,$\delta_\text{ssc}$
quartz,transformer.encoder.block.8.layer.0.SelfAttention.k,49,0.24722793698310852,cross
quartz,transformer.encoder.block.8.layer.0.SelfAttention.k,49,0.3985876739025116,corr
quartz,transformer.encoder.block.8.layer.0.SelfAttention.k,49,0.3476201295852661,drift
quartz,transformer.encoder.block.8.layer.0.SelfAttention.k,49,0.3644324839115143,tot
quartz,transformer.encoder.block.8.layer.0.SelfAttention.k,49,-0.14117515087127686,$\delta_\text{gsc}$
quartz,transformer.encoder.block.8.layer.0.SelfAttention.k,49,-0.4878281056880951,$\delta_\text{ssc}$
quartz,transformer.encoder.block.8.layer.0.SelfAttention.v,50,0.1129189059138298,cross
quartz,transformer.encoder.block.8.layer.0.SelfAttention.v,50,0.4494776725769043,corr
quartz,transformer.encoder.block.8.layer.0.SelfAttention.v,50,0.35013654828071594,drift
quartz,transformer.encoder.block.8.layer.0.SelfAttention.v,50,0.37695199251174927,tot
quartz,transformer.encoder.block.8.layer.0.SelfAttention.v,50,-0.12721112370491028,$\delta_\text{gsc}$
quartz,transformer.encoder.block.8.layer.0.SelfAttention.v,50,-0.4083700180053711,$\delta_\text{ssc}$
quartz,transformer.encoder.block.8.layer.0.SelfAttention.o,51,0.23131641745567322,cross
quartz,transformer.encoder.block.8.layer.0.SelfAttention.o,51,0.2708926796913147,corr
quartz,transformer.encoder.block.8.layer.0.SelfAttention.o,51,0.16135844588279724,drift
quartz,transformer.encoder.block.8.layer.0.SelfAttention.o,51,0.3217567801475525,tot
quartz,transformer.encoder.block.8.layer.0.SelfAttention.o,51,-0.19980517029762268,$\delta_\text{gsc}$
quartz,transformer.encoder.block.8.layer.0.SelfAttention.o,51,-0.14200559258460999,$\delta_\text{ssc}$
quartz,transformer.encoder.block.8.layer.1.DenseReluDense.wi,52,0.2726995348930359,cross
quartz,transformer.encoder.block.8.layer.1.DenseReluDense.wi,52,0.22994855046272278,corr
quartz,transformer.encoder.block.8.layer.1.DenseReluDense.wi,52,0.20107558369636536,drift
quartz,transformer.encoder.block.8.layer.1.DenseReluDense.wi,52,0.2967580258846283,tot
quartz,transformer.encoder.block.8.layer.1.DenseReluDense.wi,52,-0.157851442694664,$\delta_\text{gsc}$
quartz,transformer.encoder.block.8.layer.1.DenseReluDense.wi,52,-0.24911420047283173,$\delta_\text{ssc}$
quartz,transformer.encoder.block.8.layer.1.DenseReluDense.wo,53,0.32782551646232605,cross
quartz,transformer.encoder.block.8.layer.1.DenseReluDense.wo,53,0.4531821310520172,corr
quartz,transformer.encoder.block.8.layer.1.DenseReluDense.wo,53,0.3036430776119232,drift
quartz,transformer.encoder.block.8.layer.1.DenseReluDense.wo,53,0.45303183794021606,tot
quartz,transformer.encoder.block.8.layer.1.DenseReluDense.wo,53,-0.29089200496673584,$\delta_\text{gsc}$
quartz,transformer.encoder.block.8.layer.1.DenseReluDense.wo,53,-0.3407268822193146,$\delta_\text{ssc}$
quartz,transformer.encoder.block.9.layer.0.SelfAttention.q,54,0.41500324010849,cross
quartz,transformer.encoder.block.9.layer.0.SelfAttention.q,54,0.4002196192741394,corr
quartz,transformer.encoder.block.9.layer.0.SelfAttention.q,54,0.33472350239753723,drift
quartz,transformer.encoder.block.9.layer.0.SelfAttention.q,54,0.38993173837661743,tot
quartz,transformer.encoder.block.9.layer.0.SelfAttention.q,54,-0.3553800582885742,$\delta_\text{gsc}$
quartz,transformer.encoder.block.9.layer.0.SelfAttention.q,54,-0.404634565114975,$\delta_\text{ssc}$
quartz,transformer.encoder.block.9.layer.0.SelfAttention.k,55,0.3718220889568329,cross
quartz,transformer.encoder.block.9.layer.0.SelfAttention.k,55,0.3845745027065277,corr
quartz,transformer.encoder.block.9.layer.0.SelfAttention.k,55,0.333177387714386,drift
quartz,transformer.encoder.block.9.layer.0.SelfAttention.k,55,0.3819287121295929,tot
quartz,transformer.encoder.block.9.layer.0.SelfAttention.k,55,-0.27209773659706116,$\delta_\text{gsc}$
quartz,transformer.encoder.block.9.layer.0.SelfAttention.k,55,-0.43554753065109253,$\delta_\text{ssc}$
quartz,transformer.encoder.block.9.layer.0.SelfAttention.v,56,0.17814180254936218,cross
quartz,transformer.encoder.block.9.layer.0.SelfAttention.v,56,0.410305917263031,corr
quartz,transformer.encoder.block.9.layer.0.SelfAttention.v,56,0.33776384592056274,drift
quartz,transformer.encoder.block.9.layer.0.SelfAttention.v,56,0.31233519315719604,tot
quartz,transformer.encoder.block.9.layer.0.SelfAttention.v,56,-0.20008811354637146,$\delta_\text{gsc}$
quartz,transformer.encoder.block.9.layer.0.SelfAttention.v,56,-0.4137882590293884,$\delta_\text{ssc}$
quartz,transformer.encoder.block.9.layer.0.SelfAttention.o,57,0.21144184470176697,cross
quartz,transformer.encoder.block.9.layer.0.SelfAttention.o,57,0.3116028606891632,corr
quartz,transformer.encoder.block.9.layer.0.SelfAttention.o,57,0.1565508097410202,drift
quartz,transformer.encoder.block.9.layer.0.SelfAttention.o,57,0.32568299770355225,tot
quartz,transformer.encoder.block.9.layer.0.SelfAttention.o,57,-0.18686801195144653,$\delta_\text{gsc}$
quartz,transformer.encoder.block.9.layer.0.SelfAttention.o,57,-0.1670445054769516,$\delta_\text{ssc}$
quartz,transformer.encoder.block.9.layer.1.DenseReluDense.wi,58,0.2420748770236969,cross
quartz,transformer.encoder.block.9.layer.1.DenseReluDense.wi,58,0.21896594762802124,corr
quartz,transformer.encoder.block.9.layer.1.DenseReluDense.wi,58,0.1846325844526291,drift
quartz,transformer.encoder.block.9.layer.1.DenseReluDense.wi,58,0.2764268219470978,tot
quartz,transformer.encoder.block.9.layer.1.DenseReluDense.wi,58,-0.14524337649345398,$\delta_\text{gsc}$
quartz,transformer.encoder.block.9.layer.1.DenseReluDense.wi,58,-0.22400321066379547,$\delta_\text{ssc}$
quartz,transformer.encoder.block.9.layer.1.DenseReluDense.wo,59,0.31071868538856506,cross
quartz,transformer.encoder.block.9.layer.1.DenseReluDense.wo,59,0.47466421127319336,corr
quartz,transformer.encoder.block.9.layer.1.DenseReluDense.wo,59,0.34913042187690735,drift
quartz,transformer.encoder.block.9.layer.1.DenseReluDense.wo,59,0.46648475527763367,tot
quartz,transformer.encoder.block.9.layer.1.DenseReluDense.wo,59,-0.27733922004699707,$\delta_\text{gsc}$
quartz,transformer.encoder.block.9.layer.1.DenseReluDense.wo,59,-0.39068934321403503,$\delta_\text{ssc}$
quartz,transformer.encoder.block.10.layer.0.SelfAttention.q,60,0.3062383234500885,cross
quartz,transformer.encoder.block.10.layer.0.SelfAttention.q,60,0.41125497221946716,corr
quartz,transformer.encoder.block.10.layer.0.SelfAttention.q,60,0.33410659432411194,drift
quartz,transformer.encoder.block.10.layer.0.SelfAttention.q,60,0.33603599667549133,tot
quartz,transformer.encoder.block.10.layer.0.SelfAttention.q,60,-0.3104453682899475,$\delta_\text{gsc}$
quartz,transformer.encoder.block.10.layer.0.SelfAttention.q,60,-0.40511852502822876,$\delta_\text{ssc}$
quartz,transformer.encoder.block.10.layer.0.SelfAttention.k,61,0.28605207800865173,cross
quartz,transformer.encoder.block.10.layer.0.SelfAttention.k,61,0.3906612992286682,corr
quartz,transformer.encoder.block.10.layer.0.SelfAttention.k,61,0.33338046073913574,drift
quartz,transformer.encoder.block.10.layer.0.SelfAttention.k,61,0.3577022850513458,tot
quartz,transformer.encoder.block.10.layer.0.SelfAttention.k,61,-0.20535334944725037,$\delta_\text{gsc}$
quartz,transformer.encoder.block.10.layer.0.SelfAttention.k,61,-0.4470382034778595,$\delta_\text{ssc}$
quartz,transformer.encoder.block.10.layer.0.SelfAttention.v,62,0.21641062200069427,cross
quartz,transformer.encoder.block.10.layer.0.SelfAttention.v,62,0.45519882440567017,corr
quartz,transformer.encoder.block.10.layer.0.SelfAttention.v,62,0.33735358715057373,drift
quartz,transformer.encoder.block.10.layer.0.SelfAttention.v,62,0.37537696957588196,tot
quartz,transformer.encoder.block.10.layer.0.SelfAttention.v,62,-0.25249218940734863,$\delta_\text{gsc}$
quartz,transformer.encoder.block.10.layer.0.SelfAttention.v,62,-0.3810938596725464,$\delta_\text{ssc}$
quartz,transformer.encoder.block.10.layer.0.SelfAttention.o,63,0.2586033046245575,cross
quartz,transformer.encoder.block.10.layer.0.SelfAttention.o,63,0.3050740957260132,corr
quartz,transformer.encoder.block.10.layer.0.SelfAttention.o,63,0.18466956913471222,drift
quartz,transformer.encoder.block.10.layer.0.SelfAttention.o,63,0.3581967353820801,tot
quartz,transformer.encoder.block.10.layer.0.SelfAttention.o,63,-0.21144512295722961,$\delta_\text{gsc}$
quartz,transformer.encoder.block.10.layer.0.SelfAttention.o,63,-0.1787051111459732,$\delta_\text{ssc}$
quartz,transformer.encoder.block.10.layer.1.DenseReluDense.wi,64,0.1990697681903839,cross
quartz,transformer.encoder.block.10.layer.1.DenseReluDense.wi,64,0.2210073322057724,corr
quartz,transformer.encoder.block.10.layer.1.DenseReluDense.wi,64,0.1809881329536438,drift
quartz,transformer.encoder.block.10.layer.1.DenseReluDense.wi,64,0.25015246868133545,tot
quartz,transformer.encoder.block.10.layer.1.DenseReluDense.wi,64,-0.14221633970737457,$\delta_\text{gsc}$
quartz,transformer.encoder.block.10.layer.1.DenseReluDense.wi,64,-0.2086964249610901,$\delta_\text{ssc}$
quartz,transformer.encoder.block.10.layer.1.DenseReluDense.wo,65,0.32737240195274353,cross
quartz,transformer.encoder.block.10.layer.1.DenseReluDense.wo,65,0.48441019654273987,corr
quartz,transformer.encoder.block.10.layer.1.DenseReluDense.wo,65,0.27204933762550354,drift
quartz,transformer.encoder.block.10.layer.1.DenseReluDense.wo,65,0.4797440469264984,tot
quartz,transformer.encoder.block.10.layer.1.DenseReluDense.wo,65,-0.3168880343437195,$\delta_\text{gsc}$
quartz,transformer.encoder.block.10.layer.1.DenseReluDense.wo,65,-0.28719985485076904,$\delta_\text{ssc}$
quartz,transformer.encoder.block.11.layer.0.SelfAttention.q,66,0.3611879050731659,cross
quartz,transformer.encoder.block.11.layer.0.SelfAttention.q,66,0.4260142147541046,corr
quartz,transformer.encoder.block.11.layer.0.SelfAttention.q,66,0.3465435206890106,drift
quartz,transformer.encoder.block.11.layer.0.SelfAttention.q,66,0.4268338084220886,tot
quartz,transformer.encoder.block.11.layer.0.SelfAttention.q,66,-0.29656049609184265,$\delta_\text{gsc}$
quartz,transformer.encoder.block.11.layer.0.SelfAttention.q,66,-0.41035133600234985,$\delta_\text{ssc}$
quartz,transformer.encoder.block.11.layer.0.SelfAttention.k,67,0.24079953134059906,cross
quartz,transformer.encoder.block.11.layer.0.SelfAttention.k,67,0.396571546792984,corr
quartz,transformer.encoder.block.11.layer.0.SelfAttention.k,67,0.34519273042678833,drift
quartz,transformer.encoder.block.11.layer.0.SelfAttention.k,67,0.3520144820213318,tot
quartz,transformer.encoder.block.11.layer.0.SelfAttention.k,67,-0.15552078187465668,$\delta_\text{gsc}$
quartz,transformer.encoder.block.11.layer.0.SelfAttention.k,67,-0.47502854466438293,$\delta_\text{ssc}$
quartz,transformer.encoder.block.11.layer.0.SelfAttention.v,68,0.2710360586643219,cross
quartz,transformer.encoder.block.11.layer.0.SelfAttention.v,68,0.4693199694156647,corr
quartz,transformer.encoder.block.11.layer.0.SelfAttention.v,68,0.34695965051651,drift
quartz,transformer.encoder.block.11.layer.0.SelfAttention.v,68,0.33494138717651367,tot
quartz,transformer.encoder.block.11.layer.0.SelfAttention.v,68,-0.37077921628952026,$\delta_\text{gsc}$
quartz,transformer.encoder.block.11.layer.0.SelfAttention.v,68,-0.38159507513046265,$\delta_\text{ssc}$
quartz,transformer.encoder.block.11.layer.0.SelfAttention.o,69,0.2938789427280426,cross
quartz,transformer.encoder.block.11.layer.0.SelfAttention.o,69,0.35096821188926697,corr
quartz,transformer.encoder.block.11.layer.0.SelfAttention.o,69,0.1432269960641861,drift
quartz,transformer.encoder.block.11.layer.0.SelfAttention.o,69,0.39594393968582153,tot
quartz,transformer.encoder.block.11.layer.0.SelfAttention.o,69,-0.25952956080436707,$\delta_\text{gsc}$
quartz,transformer.encoder.block.11.layer.0.SelfAttention.o,69,-0.13260065019130707,$\delta_\text{ssc}$
quartz,transformer.encoder.block.11.layer.1.DenseReluDense.wi,70,0.19398178160190582,cross
quartz,transformer.encoder.block.11.layer.1.DenseReluDense.wi,70,0.3046421706676483,corr
quartz,transformer.encoder.block.11.layer.1.DenseReluDense.wi,70,0.21997982263565063,drift
quartz,transformer.encoder.block.11.layer.1.DenseReluDense.wi,70,0.324451744556427,tot
quartz,transformer.encoder.block.11.layer.1.DenseReluDense.wi,70,-0.18095935881137848,$\delta_\text{gsc}$
quartz,transformer.encoder.block.11.layer.1.DenseReluDense.wi,70,-0.2131926715373993,$\delta_\text{ssc}$
quartz,transformer.encoder.block.11.layer.1.DenseReluDense.wo,71,0.3454127907752991,cross
quartz,transformer.encoder.block.11.layer.1.DenseReluDense.wo,71,0.45099419355392456,corr
quartz,transformer.encoder.block.11.layer.1.DenseReluDense.wo,71,0.08438944071531296,drift
quartz,transformer.encoder.block.11.layer.1.DenseReluDense.wo,71,0.4336448311805725,tot
quartz,transformer.encoder.block.11.layer.1.DenseReluDense.wo,71,-0.36400797963142395,$\delta_\text{gsc}$
quartz,transformer.encoder.block.11.layer.1.DenseReluDense.wo,71,-0.08314361423254013,$\delta_\text{ssc}$
quartz,transformer.decoder.block.0.layer.0.SelfAttention.q,72,0.19035127758979797,cross
quartz,transformer.decoder.block.0.layer.0.SelfAttention.q,72,0.4701942205429077,corr
quartz,transformer.decoder.block.0.layer.0.SelfAttention.q,72,0.2786911129951477,drift
quartz,transformer.decoder.block.0.layer.0.SelfAttention.q,72,0.415725439786911,tot
quartz,transformer.decoder.block.0.layer.0.SelfAttention.q,72,-0.13881447911262512,$\delta_\text{gsc}$
quartz,transformer.decoder.block.0.layer.0.SelfAttention.q,72,-0.38469669222831726,$\delta_\text{ssc}$
quartz,transformer.decoder.block.0.layer.0.SelfAttention.k,73,0.23054970800876617,cross
quartz,transformer.decoder.block.0.layer.0.SelfAttention.k,73,0.31867334246635437,corr
quartz,transformer.decoder.block.0.layer.0.SelfAttention.k,73,0.2784866988658905,drift
quartz,transformer.decoder.block.0.layer.0.SelfAttention.k,73,0.35687005519866943,tot
quartz,transformer.decoder.block.0.layer.0.SelfAttention.k,73,-0.12823925912380219,$\delta_\text{gsc}$
quartz,transformer.decoder.block.0.layer.0.SelfAttention.k,73,-0.34260043501853943,$\delta_\text{ssc}$
quartz,transformer.decoder.block.0.layer.0.SelfAttention.v,74,0.08611921221017838,cross
quartz,transformer.decoder.block.0.layer.0.SelfAttention.v,74,0.14725500345230103,corr
quartz,transformer.decoder.block.0.layer.0.SelfAttention.v,74,0.27917033433914185,drift
quartz,transformer.decoder.block.0.layer.0.SelfAttention.v,74,0.28248336911201477,tot
quartz,transformer.decoder.block.0.layer.0.SelfAttention.v,74,-0.0556926429271698,$\delta_\text{gsc}$
quartz,transformer.decoder.block.0.layer.0.SelfAttention.v,74,-0.17436853051185608,$\delta_\text{ssc}$
quartz,transformer.decoder.block.0.layer.0.SelfAttention.o,75,0.18069590628147125,cross
quartz,transformer.decoder.block.0.layer.0.SelfAttention.o,75,0.3456854224205017,corr
quartz,transformer.decoder.block.0.layer.0.SelfAttention.o,75,0.2645180821418762,drift
quartz,transformer.decoder.block.0.layer.0.SelfAttention.o,75,0.2459893822669983,tot
quartz,transformer.decoder.block.0.layer.0.SelfAttention.o,75,-0.2069440335035324,$\delta_\text{gsc}$
quartz,transformer.decoder.block.0.layer.0.SelfAttention.o,75,-0.3379659950733185,$\delta_\text{ssc}$
quartz,transformer.decoder.block.0.layer.1.EncDecAttention.q,76,0.22610312700271606,cross
quartz,transformer.decoder.block.0.layer.1.EncDecAttention.q,76,0.427674800157547,corr
quartz,transformer.decoder.block.0.layer.1.EncDecAttention.q,76,0.15578068792819977,drift
quartz,transformer.decoder.block.0.layer.1.EncDecAttention.q,76,0.21959924697875977,tot
quartz,transformer.decoder.block.0.layer.1.EncDecAttention.q,76,-0.3789747357368469,$\delta_\text{gsc}$
quartz,transformer.decoder.block.0.layer.1.EncDecAttention.q,76,-0.21098463237285614,$\delta_\text{ssc}$
quartz,transformer.decoder.block.0.layer.1.EncDecAttention.k,77,0.3970389664173126,cross
quartz,transformer.decoder.block.0.layer.1.EncDecAttention.k,77,0.4801459312438965,corr
quartz,transformer.decoder.block.0.layer.1.EncDecAttention.k,77,0.3001207709312439,drift
quartz,transformer.decoder.block.0.layer.1.EncDecAttention.k,77,0.409748375415802,tot
quartz,transformer.decoder.block.0.layer.1.EncDecAttention.k,77,-0.4479421377182007,$\delta_\text{gsc}$
quartz,transformer.decoder.block.0.layer.1.EncDecAttention.k,77,-0.3196151554584503,$\delta_\text{ssc}$
quartz,transformer.decoder.block.0.layer.1.EncDecAttention.v,78,0.2046607881784439,cross
quartz,transformer.decoder.block.0.layer.1.EncDecAttention.v,78,0.4421255588531494,corr
quartz,transformer.decoder.block.0.layer.1.EncDecAttention.v,78,0.3075154423713684,drift
quartz,transformer.decoder.block.0.layer.1.EncDecAttention.v,78,0.4147501587867737,tot
quartz,transformer.decoder.block.0.layer.1.EncDecAttention.v,78,-0.17271505296230316,$\delta_\text{gsc}$
quartz,transformer.decoder.block.0.layer.1.EncDecAttention.v,78,-0.3668365776538849,$\delta_\text{ssc}$
quartz,transformer.decoder.block.0.layer.1.EncDecAttention.o,79,0.2281426042318344,cross
quartz,transformer.decoder.block.0.layer.1.EncDecAttention.o,79,0.1570608913898468,corr
quartz,transformer.decoder.block.0.layer.1.EncDecAttention.o,79,0.10461539775133133,drift
quartz,transformer.decoder.block.0.layer.1.EncDecAttention.o,79,0.2577648162841797,tot
quartz,transformer.decoder.block.0.layer.1.EncDecAttention.o,79,-0.12225289642810822,$\delta_\text{gsc}$
quartz,transformer.decoder.block.0.layer.1.EncDecAttention.o,79,-0.10980118066072464,$\delta_\text{ssc}$
quartz,transformer.decoder.block.0.layer.2.DenseReluDense.wi,80,0.2919641435146332,cross
quartz,transformer.decoder.block.0.layer.2.DenseReluDense.wi,80,0.3609933853149414,corr
quartz,transformer.decoder.block.0.layer.2.DenseReluDense.wi,80,0.16532659530639648,drift
quartz,transformer.decoder.block.0.layer.2.DenseReluDense.wi,80,0.17719335854053497,tot
quartz,transformer.decoder.block.0.layer.2.DenseReluDense.wi,80,-0.40174686908721924,$\delta_\text{gsc}$
quartz,transformer.decoder.block.0.layer.2.DenseReluDense.wi,80,-0.23934388160705566,$\delta_\text{ssc}$
quartz,transformer.decoder.block.0.layer.2.DenseReluDense.wo,81,0.09384947270154953,cross
quartz,transformer.decoder.block.0.layer.2.DenseReluDense.wo,81,0.07883728295564651,corr
quartz,transformer.decoder.block.0.layer.2.DenseReluDense.wo,81,0.05868614464998245,drift
quartz,transformer.decoder.block.0.layer.2.DenseReluDense.wo,81,0.08195290714502335,tot
quartz,transformer.decoder.block.0.layer.2.DenseReluDense.wo,81,-0.09340135008096695,$\delta_\text{gsc}$
quartz,transformer.decoder.block.0.layer.2.DenseReluDense.wo,81,-0.0560186430811882,$\delta_\text{ssc}$
quartz,transformer.decoder.block.1.layer.0.SelfAttention.q,82,0.1184244379401207,cross
quartz,transformer.decoder.block.1.layer.0.SelfAttention.q,82,0.4671858847141266,corr
quartz,transformer.decoder.block.1.layer.0.SelfAttention.q,82,0.2894648611545563,drift
quartz,transformer.decoder.block.1.layer.0.SelfAttention.q,82,0.3722182810306549,tot
quartz,transformer.decoder.block.1.layer.0.SelfAttention.q,82,-0.15701785683631897,$\delta_\text{gsc}$
quartz,transformer.decoder.block.1.layer.0.SelfAttention.q,82,-0.3458390533924103,$\delta_\text{ssc}$
quartz,transformer.decoder.block.1.layer.0.SelfAttention.k,83,0.24457459151744843,cross
quartz,transformer.decoder.block.1.layer.0.SelfAttention.k,83,0.35310429334640503,corr
quartz,transformer.decoder.block.1.layer.0.SelfAttention.k,83,0.2878333628177643,drift
quartz,transformer.decoder.block.1.layer.0.SelfAttention.k,83,0.3602118492126465,tot
quartz,transformer.decoder.block.1.layer.0.SelfAttention.k,83,-0.23021425306797028,$\delta_\text{gsc}$
quartz,transformer.decoder.block.1.layer.0.SelfAttention.k,83,-0.295086145401001,$\delta_\text{ssc}$
quartz,transformer.decoder.block.1.layer.0.SelfAttention.v,84,0.08783775568008423,cross
quartz,transformer.decoder.block.1.layer.0.SelfAttention.v,84,0.1228688657283783,corr
quartz,transformer.decoder.block.1.layer.0.SelfAttention.v,84,0.2892613410949707,drift
quartz,transformer.decoder.block.1.layer.0.SelfAttention.v,84,0.35380983352661133,tot
quartz,transformer.decoder.block.1.layer.0.SelfAttention.v,84,-0.06662788987159729,$\delta_\text{gsc}$
quartz,transformer.decoder.block.1.layer.0.SelfAttention.v,84,-0.07953023910522461,$\delta_\text{ssc}$
quartz,transformer.decoder.block.1.layer.0.SelfAttention.o,85,0.1957571804523468,cross
quartz,transformer.decoder.block.1.layer.0.SelfAttention.o,85,0.19781765341758728,corr
quartz,transformer.decoder.block.1.layer.0.SelfAttention.o,85,0.16324396431446075,drift
quartz,transformer.decoder.block.1.layer.0.SelfAttention.o,85,0.2156549096107483,tot
quartz,transformer.decoder.block.1.layer.0.SelfAttention.o,85,-0.15952594578266144,$\delta_\text{gsc}$
quartz,transformer.decoder.block.1.layer.0.SelfAttention.o,85,-0.1816379427909851,$\delta_\text{ssc}$
quartz,transformer.decoder.block.1.layer.1.EncDecAttention.q,86,0.26807957887649536,cross
quartz,transformer.decoder.block.1.layer.1.EncDecAttention.q,86,0.40224015712738037,corr
quartz,transformer.decoder.block.1.layer.1.EncDecAttention.q,86,0.15354539453983307,drift
quartz,transformer.decoder.block.1.layer.1.EncDecAttention.q,86,0.17523962259292603,tot
quartz,transformer.decoder.block.1.layer.1.EncDecAttention.q,86,-0.4271585941314697,$\delta_\text{gsc}$
quartz,transformer.decoder.block.1.layer.1.EncDecAttention.q,86,-0.22146691381931305,$\delta_\text{ssc}$
quartz,transformer.decoder.block.1.layer.1.EncDecAttention.k,87,0.3216046392917633,cross
quartz,transformer.decoder.block.1.layer.1.EncDecAttention.k,87,0.4513557255268097,corr
quartz,transformer.decoder.block.1.layer.1.EncDecAttention.k,87,0.3044939339160919,drift
quartz,transformer.decoder.block.1.layer.1.EncDecAttention.k,87,0.4150550961494446,tot
quartz,transformer.decoder.block.1.layer.1.EncDecAttention.k,87,-0.3219587206840515,$\delta_\text{gsc}$
quartz,transformer.decoder.block.1.layer.1.EncDecAttention.k,87,-0.3404404819011688,$\delta_\text{ssc}$
quartz,transformer.decoder.block.1.layer.1.EncDecAttention.v,88,0.1938091218471527,cross
quartz,transformer.decoder.block.1.layer.1.EncDecAttention.v,88,0.4363788068294525,corr
quartz,transformer.decoder.block.1.layer.1.EncDecAttention.v,88,0.31949999928474426,drift
quartz,transformer.decoder.block.1.layer.1.EncDecAttention.v,88,0.3892993628978729,tot
quartz,transformer.decoder.block.1.layer.1.EncDecAttention.v,88,-0.18399843573570251,$\delta_\text{gsc}$
quartz,transformer.decoder.block.1.layer.1.EncDecAttention.v,88,-0.37639012932777405,$\delta_\text{ssc}$
quartz,transformer.decoder.block.1.layer.1.EncDecAttention.o,89,0.2527013123035431,cross
quartz,transformer.decoder.block.1.layer.1.EncDecAttention.o,89,0.2114223837852478,corr
quartz,transformer.decoder.block.1.layer.1.EncDecAttention.o,89,0.25258705019950867,drift
quartz,transformer.decoder.block.1.layer.1.EncDecAttention.o,89,0.3117716312408447,tot
quartz,transformer.decoder.block.1.layer.1.EncDecAttention.o,89,-0.09875790774822235,$\delta_\text{gsc}$
quartz,transformer.decoder.block.1.layer.1.EncDecAttention.o,89,-0.3061811923980713,$\delta_\text{ssc}$
quartz,transformer.decoder.block.1.layer.2.DenseReluDense.wi,90,0.2421010583639145,cross
quartz,transformer.decoder.block.1.layer.2.DenseReluDense.wi,90,0.24214719235897064,corr
quartz,transformer.decoder.block.1.layer.2.DenseReluDense.wi,90,0.21643564105033875,drift
quartz,transformer.decoder.block.1.layer.2.DenseReluDense.wi,90,0.23006288707256317,tot
quartz,transformer.decoder.block.1.layer.2.DenseReluDense.wi,90,-0.160347580909729,$\delta_\text{gsc}$
quartz,transformer.decoder.block.1.layer.2.DenseReluDense.wi,90,-0.3102734088897705,$\delta_\text{ssc}$
quartz,transformer.decoder.block.1.layer.2.DenseReluDense.wo,91,0.06130066514015198,cross
quartz,transformer.decoder.block.1.layer.2.DenseReluDense.wo,91,0.022127516567707062,corr
quartz,transformer.decoder.block.1.layer.2.DenseReluDense.wo,91,0.0408707819879055,drift
quartz,transformer.decoder.block.1.layer.2.DenseReluDense.wo,91,0.06570268422365189,tot
quartz,transformer.decoder.block.1.layer.2.DenseReluDense.wo,91,-0.034344498068094254,$\delta_\text{gsc}$
quartz,transformer.decoder.block.1.layer.2.DenseReluDense.wo,91,-0.024251781404018402,$\delta_\text{ssc}$
quartz,transformer.decoder.block.2.layer.0.SelfAttention.q,92,0.19253915548324585,cross
quartz,transformer.decoder.block.2.layer.0.SelfAttention.q,92,0.3516348898410797,corr
quartz,transformer.decoder.block.2.layer.0.SelfAttention.q,92,0.2805246412754059,drift
quartz,transformer.decoder.block.2.layer.0.SelfAttention.q,92,0.286374568939209,tot
quartz,transformer.decoder.block.2.layer.0.SelfAttention.q,92,-0.12907837331295013,$\delta_\text{gsc}$
quartz,transformer.decoder.block.2.layer.0.SelfAttention.q,92,-0.40924572944641113,$\delta_\text{ssc}$
quartz,transformer.decoder.block.2.layer.0.SelfAttention.k,93,0.2954530715942383,cross
quartz,transformer.decoder.block.2.layer.0.SelfAttention.k,93,0.2695171535015106,corr
quartz,transformer.decoder.block.2.layer.0.SelfAttention.k,93,0.28074032068252563,drift
quartz,transformer.decoder.block.2.layer.0.SelfAttention.k,93,0.32722237706184387,tot
quartz,transformer.decoder.block.2.layer.0.SelfAttention.k,93,-0.16004540026187897,$\delta_\text{gsc}$
quartz,transformer.decoder.block.2.layer.0.SelfAttention.k,93,-0.3584427833557129,$\delta_\text{ssc}$
quartz,transformer.decoder.block.2.layer.0.SelfAttention.v,94,0.08469756692647934,cross
quartz,transformer.decoder.block.2.layer.0.SelfAttention.v,94,0.20699205994606018,corr
quartz,transformer.decoder.block.2.layer.0.SelfAttention.v,94,0.2731717824935913,drift
quartz,transformer.decoder.block.2.layer.0.SelfAttention.v,94,0.42257726192474365,tot
quartz,transformer.decoder.block.2.layer.0.SelfAttention.v,94,-0.06459686160087585,$\delta_\text{gsc}$
quartz,transformer.decoder.block.2.layer.0.SelfAttention.v,94,-0.07768729329109192,$\delta_\text{ssc}$
quartz,transformer.decoder.block.2.layer.0.SelfAttention.o,95,0.18617010116577148,cross
quartz,transformer.decoder.block.2.layer.0.SelfAttention.o,95,0.20433847606182098,corr
quartz,transformer.decoder.block.2.layer.0.SelfAttention.o,95,0.2796521782875061,drift
quartz,transformer.decoder.block.2.layer.0.SelfAttention.o,95,0.3297049105167389,tot
quartz,transformer.decoder.block.2.layer.0.SelfAttention.o,95,-0.09961988031864166,$\delta_\text{gsc}$
quartz,transformer.decoder.block.2.layer.0.SelfAttention.o,95,-0.24083596467971802,$\delta_\text{ssc}$
quartz,transformer.decoder.block.2.layer.1.EncDecAttention.q,96,0.24721892178058624,cross
quartz,transformer.decoder.block.2.layer.1.EncDecAttention.q,96,0.22375766932964325,corr
quartz,transformer.decoder.block.2.layer.1.EncDecAttention.q,96,0.16253447532653809,drift
quartz,transformer.decoder.block.2.layer.1.EncDecAttention.q,96,0.19505032896995544,tot
quartz,transformer.decoder.block.2.layer.1.EncDecAttention.q,96,-0.20801803469657898,$\delta_\text{gsc}$
quartz,transformer.decoder.block.2.layer.1.EncDecAttention.q,96,-0.23044270277023315,$\delta_\text{ssc}$
quartz,transformer.decoder.block.2.layer.1.EncDecAttention.k,97,0.28766199946403503,cross
quartz,transformer.decoder.block.2.layer.1.EncDecAttention.k,97,0.4465794563293457,corr
quartz,transformer.decoder.block.2.layer.1.EncDecAttention.k,97,0.3110336363315582,drift
quartz,transformer.decoder.block.2.layer.1.EncDecAttention.k,97,0.4339667558670044,tot
quartz,transformer.decoder.block.2.layer.1.EncDecAttention.k,97,-0.25179728865623474,$\delta_\text{gsc}$
quartz,transformer.decoder.block.2.layer.1.EncDecAttention.k,97,-0.35951104760169983,$\delta_\text{ssc}$
quartz,transformer.decoder.block.2.layer.1.EncDecAttention.v,98,0.23330266773700714,cross
quartz,transformer.decoder.block.2.layer.1.EncDecAttention.v,98,0.4481382369995117,corr
quartz,transformer.decoder.block.2.layer.1.EncDecAttention.v,98,0.31960156559944153,drift
quartz,transformer.decoder.block.2.layer.1.EncDecAttention.v,98,0.4212632179260254,tot
quartz,transformer.decoder.block.2.layer.1.EncDecAttention.v,98,-0.2028927356004715,$\delta_\text{gsc}$
quartz,transformer.decoder.block.2.layer.1.EncDecAttention.v,98,-0.3768865168094635,$\delta_\text{ssc}$
quartz,transformer.decoder.block.2.layer.1.EncDecAttention.o,99,0.24493564665317535,cross
quartz,transformer.decoder.block.2.layer.1.EncDecAttention.o,99,0.0783613845705986,corr
quartz,transformer.decoder.block.2.layer.1.EncDecAttention.o,99,0.2542892396450043,drift
quartz,transformer.decoder.block.2.layer.1.EncDecAttention.o,99,0.35736513137817383,tot
quartz,transformer.decoder.block.2.layer.1.EncDecAttention.o,99,-0.12992772459983826,$\delta_\text{gsc}$
quartz,transformer.decoder.block.2.layer.1.EncDecAttention.o,99,-0.09029340744018555,$\delta_\text{ssc}$
quartz,transformer.decoder.block.2.layer.2.DenseReluDense.wi,100,0.17391124367713928,cross
quartz,transformer.decoder.block.2.layer.2.DenseReluDense.wi,100,0.17154797911643982,corr
quartz,transformer.decoder.block.2.layer.2.DenseReluDense.wi,100,0.24578140676021576,drift
quartz,transformer.decoder.block.2.layer.2.DenseReluDense.wi,100,0.25630009174346924,tot
quartz,transformer.decoder.block.2.layer.2.DenseReluDense.wi,100,-0.08058048784732819,$\delta_\text{gsc}$
quartz,transformer.decoder.block.2.layer.2.DenseReluDense.wi,100,-0.25436004996299744,$\delta_\text{ssc}$
quartz,transformer.decoder.block.2.layer.2.DenseReluDense.wo,101,0.06892773509025574,cross
quartz,transformer.decoder.block.2.layer.2.DenseReluDense.wo,101,0.012589744292199612,corr
quartz,transformer.decoder.block.2.layer.2.DenseReluDense.wo,101,0.047872889786958694,drift
quartz,transformer.decoder.block.2.layer.2.DenseReluDense.wo,101,0.10023460537195206,tot
quartz,transformer.decoder.block.2.layer.2.DenseReluDense.wo,101,-0.01937876269221306,$\delta_\text{gsc}$
quartz,transformer.decoder.block.2.layer.2.DenseReluDense.wo,101,-0.009777002036571503,$\delta_\text{ssc}$
quartz,transformer.decoder.block.3.layer.0.SelfAttention.q,102,0.19875076413154602,cross
quartz,transformer.decoder.block.3.layer.0.SelfAttention.q,102,0.3394630253314972,corr
quartz,transformer.decoder.block.3.layer.0.SelfAttention.q,102,0.2811799645423889,drift
quartz,transformer.decoder.block.3.layer.0.SelfAttention.q,102,0.29618096351623535,tot
quartz,transformer.decoder.block.3.layer.0.SelfAttention.q,102,-0.12991003692150116,$\delta_\text{gsc}$
quartz,transformer.decoder.block.3.layer.0.SelfAttention.q,102,-0.3933027386665344,$\delta_\text{ssc}$
quartz,transformer.decoder.block.3.layer.0.SelfAttention.k,103,0.26441287994384766,cross
quartz,transformer.decoder.block.3.layer.0.SelfAttention.k,103,0.26513758301734924,corr
quartz,transformer.decoder.block.3.layer.0.SelfAttention.k,103,0.27947115898132324,drift
quartz,transformer.decoder.block.3.layer.0.SelfAttention.k,103,0.3089693784713745,tot
quartz,transformer.decoder.block.3.layer.0.SelfAttention.k,103,-0.1657896786928177,$\delta_\text{gsc}$
quartz,transformer.decoder.block.3.layer.0.SelfAttention.k,103,-0.33426254987716675,$\delta_\text{ssc}$
quartz,transformer.decoder.block.3.layer.0.SelfAttention.v,104,0.09483763575553894,cross
quartz,transformer.decoder.block.3.layer.0.SelfAttention.v,104,0.1964789777994156,corr
quartz,transformer.decoder.block.3.layer.0.SelfAttention.v,104,0.2773924171924591,drift
quartz,transformer.decoder.block.3.layer.0.SelfAttention.v,104,0.41987669467926025,tot
quartz,transformer.decoder.block.3.layer.0.SelfAttention.v,104,-0.07035371661186218,$\delta_\text{gsc}$
quartz,transformer.decoder.block.3.layer.0.SelfAttention.v,104,-0.0784786194562912,$\delta_\text{ssc}$
quartz,transformer.decoder.block.3.layer.0.SelfAttention.o,105,0.18575625121593475,cross
quartz,transformer.decoder.block.3.layer.0.SelfAttention.o,105,0.14704982936382294,corr
quartz,transformer.decoder.block.3.layer.0.SelfAttention.o,105,0.2409404218196869,drift
quartz,transformer.decoder.block.3.layer.0.SelfAttention.o,105,0.30241063237190247,tot
quartz,transformer.decoder.block.3.layer.0.SelfAttention.o,105,-0.09577055275440216,$\delta_\text{gsc}$
quartz,transformer.decoder.block.3.layer.0.SelfAttention.o,105,-0.17556531727313995,$\delta_\text{ssc}$
quartz,transformer.decoder.block.3.layer.1.EncDecAttention.q,106,0.11569418758153915,cross
quartz,transformer.decoder.block.3.layer.1.EncDecAttention.q,106,0.07611683011054993,corr
quartz,transformer.decoder.block.3.layer.1.EncDecAttention.q,106,0.1727667897939682,drift
quartz,transformer.decoder.block.3.layer.1.EncDecAttention.q,106,0.20153246819972992,tot
quartz,transformer.decoder.block.3.layer.1.EncDecAttention.q,106,-0.045517973601818085,$\delta_\text{gsc}$
quartz,transformer.decoder.block.3.layer.1.EncDecAttention.q,106,-0.11752736568450928,$\delta_\text{ssc}$
quartz,transformer.decoder.block.3.layer.1.EncDecAttention.k,107,0.18357311189174652,cross
quartz,transformer.decoder.block.3.layer.1.EncDecAttention.k,107,0.44524574279785156,corr
quartz,transformer.decoder.block.3.layer.1.EncDecAttention.k,107,0.33142605423927307,drift
quartz,transformer.decoder.block.3.layer.1.EncDecAttention.k,107,0.4430755078792572,tot
quartz,transformer.decoder.block.3.layer.1.EncDecAttention.k,107,-0.1413918137550354,$\delta_\text{gsc}$
quartz,transformer.decoder.block.3.layer.1.EncDecAttention.k,107,-0.37577757239341736,$\delta_\text{ssc}$
quartz,transformer.decoder.block.3.layer.1.EncDecAttention.v,108,0.23320871591567993,cross
quartz,transformer.decoder.block.3.layer.1.EncDecAttention.v,108,0.4586345851421356,corr
quartz,transformer.decoder.block.3.layer.1.EncDecAttention.v,108,0.3209635317325592,drift
quartz,transformer.decoder.block.3.layer.1.EncDecAttention.v,108,0.4313209354877472,tot
quartz,transformer.decoder.block.3.layer.1.EncDecAttention.v,108,-0.22513505816459656,$\delta_\text{gsc}$
quartz,transformer.decoder.block.3.layer.1.EncDecAttention.v,108,-0.356350839138031,$\delta_\text{ssc}$
quartz,transformer.decoder.block.3.layer.1.EncDecAttention.o,109,0.2668498754501343,cross
quartz,transformer.decoder.block.3.layer.1.EncDecAttention.o,109,0.11258628219366074,corr
quartz,transformer.decoder.block.3.layer.1.EncDecAttention.o,109,0.2797619104385376,drift
quartz,transformer.decoder.block.3.layer.1.EncDecAttention.o,109,0.3850592374801636,tot
quartz,transformer.decoder.block.3.layer.1.EncDecAttention.o,109,-0.13507962226867676,$\delta_\text{gsc}$
quartz,transformer.decoder.block.3.layer.1.EncDecAttention.o,109,-0.13905921578407288,$\delta_\text{ssc}$
quartz,transformer.decoder.block.3.layer.2.DenseReluDense.wi,110,0.16134466230869293,cross
quartz,transformer.decoder.block.3.layer.2.DenseReluDense.wi,110,0.09173101931810379,corr
quartz,transformer.decoder.block.3.layer.2.DenseReluDense.wi,110,0.24955621361732483,drift
quartz,transformer.decoder.block.3.layer.2.DenseReluDense.wi,110,0.3412627577781677,tot
quartz,transformer.decoder.block.3.layer.2.DenseReluDense.wi,110,-0.0404956191778183,$\delta_\text{gsc}$
quartz,transformer.decoder.block.3.layer.2.DenseReluDense.wi,110,-0.12087351083755493,$\delta_\text{ssc}$
quartz,transformer.decoder.block.3.layer.2.DenseReluDense.wo,111,0.15190543234348297,cross
quartz,transformer.decoder.block.3.layer.2.DenseReluDense.wo,111,0.04903266206383705,corr
quartz,transformer.decoder.block.3.layer.2.DenseReluDense.wo,111,0.20778782665729523,drift
quartz,transformer.decoder.block.3.layer.2.DenseReluDense.wo,111,0.20741991698741913,tot
quartz,transformer.decoder.block.3.layer.2.DenseReluDense.wo,111,-0.1719914972782135,$\delta_\text{gsc}$
quartz,transformer.decoder.block.3.layer.2.DenseReluDense.wo,111,-0.029314503073692322,$\delta_\text{ssc}$
quartz,transformer.decoder.block.4.layer.0.SelfAttention.q,112,0.18954089283943176,cross
quartz,transformer.decoder.block.4.layer.0.SelfAttention.q,112,0.3397684395313263,corr
quartz,transformer.decoder.block.4.layer.0.SelfAttention.q,112,0.2761211395263672,drift
quartz,transformer.decoder.block.4.layer.0.SelfAttention.q,112,0.27128517627716064,tot
quartz,transformer.decoder.block.4.layer.0.SelfAttention.q,112,-0.135934978723526,$\delta_\text{gsc}$
quartz,transformer.decoder.block.4.layer.0.SelfAttention.q,112,-0.3982103168964386,$\delta_\text{ssc}$
quartz,transformer.decoder.block.4.layer.0.SelfAttention.k,113,0.2517560124397278,cross
quartz,transformer.decoder.block.4.layer.0.SelfAttention.k,113,0.26329880952835083,corr
quartz,transformer.decoder.block.4.layer.0.SelfAttention.k,113,0.27654626965522766,drift
quartz,transformer.decoder.block.4.layer.0.SelfAttention.k,113,0.29009193181991577,tot
quartz,transformer.decoder.block.4.layer.0.SelfAttention.k,113,-0.15047258138656616,$\delta_\text{gsc}$
quartz,transformer.decoder.block.4.layer.0.SelfAttention.k,113,-0.35103657841682434,$\delta_\text{ssc}$
quartz,transformer.decoder.block.4.layer.0.SelfAttention.v,114,0.09021209925413132,cross
quartz,transformer.decoder.block.4.layer.0.SelfAttention.v,114,0.18949060142040253,corr
quartz,transformer.decoder.block.4.layer.0.SelfAttention.v,114,0.26487046480178833,drift
quartz,transformer.decoder.block.4.layer.0.SelfAttention.v,114,0.41318631172180176,tot
quartz,transformer.decoder.block.4.layer.0.SelfAttention.v,114,-0.06461602449417114,$\delta_\text{gsc}$
quartz,transformer.decoder.block.4.layer.0.SelfAttention.v,114,-0.06677083671092987,$\delta_\text{ssc}$
quartz,transformer.decoder.block.4.layer.0.SelfAttention.o,115,0.1791010946035385,cross
quartz,transformer.decoder.block.4.layer.0.SelfAttention.o,115,0.30458852648735046,corr
quartz,transformer.decoder.block.4.layer.0.SelfAttention.o,115,0.33416032791137695,drift
quartz,transformer.decoder.block.4.layer.0.SelfAttention.o,115,0.29315534234046936,tot
quartz,transformer.decoder.block.4.layer.0.SelfAttention.o,115,-0.08266134560108185,$\delta_\text{gsc}$
quartz,transformer.decoder.block.4.layer.0.SelfAttention.o,115,-0.4420332610607147,$\delta_\text{ssc}$
quartz,transformer.decoder.block.4.layer.1.EncDecAttention.q,116,0.11304964870214462,cross
quartz,transformer.decoder.block.4.layer.1.EncDecAttention.q,116,0.0855320394039154,corr
quartz,transformer.decoder.block.4.layer.1.EncDecAttention.q,116,0.2316322922706604,drift
quartz,transformer.decoder.block.4.layer.1.EncDecAttention.q,116,0.2633589506149292,tot
quartz,transformer.decoder.block.4.layer.1.EncDecAttention.q,116,-0.03444428741931915,$\delta_\text{gsc}$
quartz,transformer.decoder.block.4.layer.1.EncDecAttention.q,116,-0.13241074979305267,$\delta_\text{ssc}$
quartz,transformer.decoder.block.4.layer.1.EncDecAttention.k,117,0.33262524008750916,cross
quartz,transformer.decoder.block.4.layer.1.EncDecAttention.k,117,0.4340699315071106,corr
quartz,transformer.decoder.block.4.layer.1.EncDecAttention.k,117,0.31374120712280273,drift
quartz,transformer.decoder.block.4.layer.1.EncDecAttention.k,117,0.4467831254005432,tot
quartz,transformer.decoder.block.4.layer.1.EncDecAttention.k,117,-0.2706511616706848,$\delta_\text{gsc}$
quartz,transformer.decoder.block.4.layer.1.EncDecAttention.k,117,-0.36300209164619446,$\delta_\text{ssc}$
quartz,transformer.decoder.block.4.layer.1.EncDecAttention.v,118,0.31177791953086853,cross
quartz,transformer.decoder.block.4.layer.1.EncDecAttention.v,118,0.44641873240470886,corr
quartz,transformer.decoder.block.4.layer.1.EncDecAttention.v,118,0.3207639157772064,drift
quartz,transformer.decoder.block.4.layer.1.EncDecAttention.v,118,0.43826809525489807,tot
quartz,transformer.decoder.block.4.layer.1.EncDecAttention.v,118,-0.2791828215122223,$\delta_\text{gsc}$
quartz,transformer.decoder.block.4.layer.1.EncDecAttention.v,118,-0.36150965094566345,$\delta_\text{ssc}$
quartz,transformer.decoder.block.4.layer.1.EncDecAttention.o,119,0.3639049828052521,cross
quartz,transformer.decoder.block.4.layer.1.EncDecAttention.o,119,0.10682597011327744,corr
quartz,transformer.decoder.block.4.layer.1.EncDecAttention.o,119,0.2910519540309906,drift
quartz,transformer.decoder.block.4.layer.1.EncDecAttention.o,119,0.4602178931236267,tot
quartz,transformer.decoder.block.4.layer.1.EncDecAttention.o,119,-0.19608715176582336,$\delta_\text{gsc}$
quartz,transformer.decoder.block.4.layer.1.EncDecAttention.o,119,-0.10547786951065063,$\delta_\text{ssc}$
quartz,transformer.decoder.block.4.layer.2.DenseReluDense.wi,120,0.1210443302989006,cross
quartz,transformer.decoder.block.4.layer.2.DenseReluDense.wi,120,0.12188790738582611,corr
quartz,transformer.decoder.block.4.layer.2.DenseReluDense.wi,120,0.23013292253017426,drift
quartz,transformer.decoder.block.4.layer.2.DenseReluDense.wi,120,0.3582339286804199,tot
quartz,transformer.decoder.block.4.layer.2.DenseReluDense.wi,120,-0.04105600714683533,$\delta_\text{gsc}$
quartz,transformer.decoder.block.4.layer.2.DenseReluDense.wi,120,-0.07377523183822632,$\delta_\text{ssc}$
quartz,transformer.decoder.block.4.layer.2.DenseReluDense.wo,121,0.3163617253303528,cross
quartz,transformer.decoder.block.4.layer.2.DenseReluDense.wo,121,0.18065600097179413,corr
quartz,transformer.decoder.block.4.layer.2.DenseReluDense.wo,121,0.2535979151725769,drift
quartz,transformer.decoder.block.4.layer.2.DenseReluDense.wo,121,0.42069098353385925,tot
quartz,transformer.decoder.block.4.layer.2.DenseReluDense.wo,121,-0.18208923935890198,$\delta_\text{gsc}$
quartz,transformer.decoder.block.4.layer.2.DenseReluDense.wo,121,-0.14783541858196259,$\delta_\text{ssc}$
quartz,transformer.decoder.block.5.layer.0.SelfAttention.q,122,0.2797582745552063,cross
quartz,transformer.decoder.block.5.layer.0.SelfAttention.q,122,0.3094049096107483,corr
quartz,transformer.decoder.block.5.layer.0.SelfAttention.q,122,0.27206170558929443,drift
quartz,transformer.decoder.block.5.layer.0.SelfAttention.q,122,0.3296048045158386,tot
quartz,transformer.decoder.block.5.layer.0.SelfAttention.q,122,-0.17747467756271362,$\delta_\text{gsc}$
quartz,transformer.decoder.block.5.layer.0.SelfAttention.q,122,-0.3541454076766968,$\delta_\text{ssc}$
quartz,transformer.decoder.block.5.layer.0.SelfAttention.k,123,0.2811746597290039,cross
quartz,transformer.decoder.block.5.layer.0.SelfAttention.k,123,0.24903647601604462,corr
quartz,transformer.decoder.block.5.layer.0.SelfAttention.k,123,0.2713375985622406,drift
quartz,transformer.decoder.block.5.layer.0.SelfAttention.k,123,0.3155146837234497,tot
quartz,transformer.decoder.block.5.layer.0.SelfAttention.k,123,-0.19250307977199554,$\delta_\text{gsc}$
quartz,transformer.decoder.block.5.layer.0.SelfAttention.k,123,-0.29353097081184387,$\delta_\text{ssc}$
quartz,transformer.decoder.block.5.layer.0.SelfAttention.v,124,0.13407588005065918,cross
quartz,transformer.decoder.block.5.layer.0.SelfAttention.v,124,0.25234535336494446,corr
quartz,transformer.decoder.block.5.layer.0.SelfAttention.v,124,0.26045092940330505,drift
quartz,transformer.decoder.block.5.layer.0.SelfAttention.v,124,0.4471890926361084,tot
quartz,transformer.decoder.block.5.layer.0.SelfAttention.v,124,-0.11862236261367798,$\delta_\text{gsc}$
quartz,transformer.decoder.block.5.layer.0.SelfAttention.v,124,-0.08106070756912231,$\delta_\text{ssc}$
quartz,transformer.decoder.block.5.layer.0.SelfAttention.o,125,0.21486350893974304,cross
quartz,transformer.decoder.block.5.layer.0.SelfAttention.o,125,0.27430564165115356,corr
quartz,transformer.decoder.block.5.layer.0.SelfAttention.o,125,0.31391942501068115,drift
quartz,transformer.decoder.block.5.layer.0.SelfAttention.o,125,0.34605178236961365,tot
quartz,transformer.decoder.block.5.layer.0.SelfAttention.o,125,-0.11444129049777985,$\delta_\text{gsc}$
quartz,transformer.decoder.block.5.layer.0.SelfAttention.o,125,-0.34259551763534546,$\delta_\text{ssc}$
quartz,transformer.decoder.block.5.layer.1.EncDecAttention.q,126,0.11370784044265747,cross
quartz,transformer.decoder.block.5.layer.1.EncDecAttention.q,126,0.06823820620775223,corr
quartz,transformer.decoder.block.5.layer.1.EncDecAttention.q,126,0.22988192737102509,drift
quartz,transformer.decoder.block.5.layer.1.EncDecAttention.q,126,0.2809184491634369,tot
quartz,transformer.decoder.block.5.layer.1.EncDecAttention.q,126,-0.034336403012275696,$\delta_\text{gsc}$
quartz,transformer.decoder.block.5.layer.1.EncDecAttention.q,126,-0.0965731292963028,$\delta_\text{ssc}$
quartz,transformer.decoder.block.5.layer.1.EncDecAttention.k,127,0.3375420868396759,cross
quartz,transformer.decoder.block.5.layer.1.EncDecAttention.k,127,0.4410606026649475,corr
quartz,transformer.decoder.block.5.layer.1.EncDecAttention.k,127,0.3067803382873535,drift
quartz,transformer.decoder.block.5.layer.1.EncDecAttention.k,127,0.4282696843147278,tot
quartz,transformer.decoder.block.5.layer.1.EncDecAttention.k,127,-0.3031623065471649,$\delta_\text{gsc}$
quartz,transformer.decoder.block.5.layer.1.EncDecAttention.k,127,-0.35395103693008423,$\delta_\text{ssc}$
quartz,transformer.decoder.block.5.layer.1.EncDecAttention.v,128,0.30553144216537476,cross
quartz,transformer.decoder.block.5.layer.1.EncDecAttention.v,128,0.4533543884754181,corr
quartz,transformer.decoder.block.5.layer.1.EncDecAttention.v,128,0.32558318972587585,drift
quartz,transformer.decoder.block.5.layer.1.EncDecAttention.v,128,0.4139058589935303,tot
quartz,transformer.decoder.block.5.layer.1.EncDecAttention.v,128,-0.3084252178668976,$\delta_\text{gsc}$
quartz,transformer.decoder.block.5.layer.1.EncDecAttention.v,128,-0.36213794350624084,$\delta_\text{ssc}$
quartz,transformer.decoder.block.5.layer.1.EncDecAttention.o,129,0.2733120322227478,cross
quartz,transformer.decoder.block.5.layer.1.EncDecAttention.o,129,0.07305752485990524,corr
quartz,transformer.decoder.block.5.layer.1.EncDecAttention.o,129,0.24368304014205933,drift
quartz,transformer.decoder.block.5.layer.1.EncDecAttention.o,129,0.35428810119628906,tot
quartz,transformer.decoder.block.5.layer.1.EncDecAttention.o,129,-0.19064438343048096,$\delta_\text{gsc}$
quartz,transformer.decoder.block.5.layer.1.EncDecAttention.o,129,-0.04512012004852295,$\delta_\text{ssc}$
quartz,transformer.decoder.block.5.layer.2.DenseReluDense.wi,130,0.11668849736452103,cross
quartz,transformer.decoder.block.5.layer.2.DenseReluDense.wi,130,0.14770342409610748,corr
quartz,transformer.decoder.block.5.layer.2.DenseReluDense.wi,130,0.2215147465467453,drift
quartz,transformer.decoder.block.5.layer.2.DenseReluDense.wi,130,0.3547248840332031,tot
quartz,transformer.decoder.block.5.layer.2.DenseReluDense.wi,130,-0.06319618225097656,$\delta_\text{gsc}$
quartz,transformer.decoder.block.5.layer.2.DenseReluDense.wi,130,-0.06798559427261353,$\delta_\text{ssc}$
quartz,transformer.decoder.block.5.layer.2.DenseReluDense.wo,131,0.2596254348754883,cross
quartz,transformer.decoder.block.5.layer.2.DenseReluDense.wo,131,0.1389816254377365,corr
quartz,transformer.decoder.block.5.layer.2.DenseReluDense.wo,131,0.2586497962474823,drift
quartz,transformer.decoder.block.5.layer.2.DenseReluDense.wo,131,0.3613865077495575,tot
quartz,transformer.decoder.block.5.layer.2.DenseReluDense.wo,131,-0.18224859237670898,$\delta_\text{gsc}$
quartz,transformer.decoder.block.5.layer.2.DenseReluDense.wo,131,-0.11362175643444061,$\delta_\text{ssc}$
quartz,transformer.decoder.block.6.layer.0.SelfAttention.q,132,0.26794686913490295,cross
quartz,transformer.decoder.block.6.layer.0.SelfAttention.q,132,0.28735217452049255,corr
quartz,transformer.decoder.block.6.layer.0.SelfAttention.q,132,0.2547804117202759,drift
quartz,transformer.decoder.block.6.layer.0.SelfAttention.q,132,0.3101864159107208,tot
quartz,transformer.decoder.block.6.layer.0.SelfAttention.q,132,-0.17873142659664154,$\delta_\text{gsc}$
quartz,transformer.decoder.block.6.layer.0.SelfAttention.q,132,-0.3211616277694702,$\delta_\text{ssc}$
quartz,transformer.decoder.block.6.layer.0.SelfAttention.k,133,0.29478466510772705,cross
quartz,transformer.decoder.block.6.layer.0.SelfAttention.k,133,0.24069344997406006,corr
quartz,transformer.decoder.block.6.layer.0.SelfAttention.k,133,0.2546405792236328,drift
quartz,transformer.decoder.block.6.layer.0.SelfAttention.k,133,0.30302155017852783,tot
quartz,transformer.decoder.block.6.layer.0.SelfAttention.k,133,-0.2209843546152115,$\delta_\text{gsc}$
quartz,transformer.decoder.block.6.layer.0.SelfAttention.k,133,-0.2661128044128418,$\delta_\text{ssc}$
quartz,transformer.decoder.block.6.layer.0.SelfAttention.v,134,0.16032852232456207,cross
quartz,transformer.decoder.block.6.layer.0.SelfAttention.v,134,0.26915353536605835,corr
quartz,transformer.decoder.block.6.layer.0.SelfAttention.v,134,0.2508991062641144,drift
quartz,transformer.decoder.block.6.layer.0.SelfAttention.v,134,0.45088642835617065,tot
quartz,transformer.decoder.block.6.layer.0.SelfAttention.v,134,-0.14348921179771423,$\delta_\text{gsc}$
quartz,transformer.decoder.block.6.layer.0.SelfAttention.v,134,-0.08600550889968872,$\delta_\text{ssc}$
quartz,transformer.decoder.block.6.layer.0.SelfAttention.o,135,0.23397408425807953,cross
quartz,transformer.decoder.block.6.layer.0.SelfAttention.o,135,0.27109023928642273,corr
quartz,transformer.decoder.block.6.layer.0.SelfAttention.o,135,0.28724250197410583,drift
quartz,transformer.decoder.block.6.layer.0.SelfAttention.o,135,0.32159146666526794,tot
quartz,transformer.decoder.block.6.layer.0.SelfAttention.o,135,-0.10330677032470703,$\delta_\text{gsc}$
quartz,transformer.decoder.block.6.layer.0.SelfAttention.o,135,-0.3674085736274719,$\delta_\text{ssc}$
quartz,transformer.decoder.block.6.layer.1.EncDecAttention.q,136,0.08542526513338089,cross
quartz,transformer.decoder.block.6.layer.1.EncDecAttention.q,136,0.0665525570511818,corr
quartz,transformer.decoder.block.6.layer.1.EncDecAttention.q,136,0.23729030787944794,drift
quartz,transformer.decoder.block.6.layer.1.EncDecAttention.q,136,0.2876947820186615,tot
quartz,transformer.decoder.block.6.layer.1.EncDecAttention.q,136,-0.0569840669631958,$\delta_\text{gsc}$
quartz,transformer.decoder.block.6.layer.1.EncDecAttention.q,136,-0.044589266180992126,$\delta_\text{ssc}$
quartz,transformer.decoder.block.6.layer.1.EncDecAttention.k,137,0.4069822430610657,cross
quartz,transformer.decoder.block.6.layer.1.EncDecAttention.k,137,0.44543540477752686,corr
quartz,transformer.decoder.block.6.layer.1.EncDecAttention.k,137,0.3075825273990631,drift
quartz,transformer.decoder.block.6.layer.1.EncDecAttention.k,137,0.43763643503189087,tot
quartz,transformer.decoder.block.6.layer.1.EncDecAttention.k,137,-0.3821626305580139,$\delta_\text{gsc}$
quartz,transformer.decoder.block.6.layer.1.EncDecAttention.k,137,-0.34020110964775085,$\delta_\text{ssc}$
quartz,transformer.decoder.block.6.layer.1.EncDecAttention.v,138,0.31267744302749634,cross
quartz,transformer.decoder.block.6.layer.1.EncDecAttention.v,138,0.44659119844436646,corr
quartz,transformer.decoder.block.6.layer.1.EncDecAttention.v,138,0.3166983723640442,drift
quartz,transformer.decoder.block.6.layer.1.EncDecAttention.v,138,0.4049234390258789,tot
quartz,transformer.decoder.block.6.layer.1.EncDecAttention.v,138,-0.3166671693325043,$\delta_\text{gsc}$
quartz,transformer.decoder.block.6.layer.1.EncDecAttention.v,138,-0.3543764054775238,$\delta_\text{ssc}$
quartz,transformer.decoder.block.6.layer.1.EncDecAttention.o,139,0.2675020098686218,cross
quartz,transformer.decoder.block.6.layer.1.EncDecAttention.o,139,0.10567579418420792,corr
quartz,transformer.decoder.block.6.layer.1.EncDecAttention.o,139,0.24249571561813354,drift
quartz,transformer.decoder.block.6.layer.1.EncDecAttention.o,139,0.3549586236476898,tot
quartz,transformer.decoder.block.6.layer.1.EncDecAttention.o,139,-0.21718403697013855,$\delta_\text{gsc}$
quartz,transformer.decoder.block.6.layer.1.EncDecAttention.o,139,-0.04353085160255432,$\delta_\text{ssc}$
quartz,transformer.decoder.block.6.layer.2.DenseReluDense.wi,140,0.12308482080698013,cross
quartz,transformer.decoder.block.6.layer.2.DenseReluDense.wi,140,0.1670592874288559,corr
quartz,transformer.decoder.block.6.layer.2.DenseReluDense.wi,140,0.21255432069301605,drift
quartz,transformer.decoder.block.6.layer.2.DenseReluDense.wi,140,0.356685072183609,tot
quartz,transformer.decoder.block.6.layer.2.DenseReluDense.wi,140,-0.07292777299880981,$\delta_\text{gsc}$
quartz,transformer.decoder.block.6.layer.2.DenseReluDense.wi,140,-0.07308557629585266,$\delta_\text{ssc}$
quartz,transformer.decoder.block.6.layer.2.DenseReluDense.wo,141,0.21591299772262573,cross
quartz,transformer.decoder.block.6.layer.2.DenseReluDense.wo,141,0.1276027411222458,corr
quartz,transformer.decoder.block.6.layer.2.DenseReluDense.wo,141,0.22078265249729156,drift
quartz,transformer.decoder.block.6.layer.2.DenseReluDense.wo,141,0.3284449279308319,tot
quartz,transformer.decoder.block.6.layer.2.DenseReluDense.wo,141,-0.14219748973846436,$\delta_\text{gsc}$
quartz,transformer.decoder.block.6.layer.2.DenseReluDense.wo,141,-0.09365597367286682,$\delta_\text{ssc}$
quartz,transformer.decoder.block.7.layer.0.SelfAttention.q,142,0.24852974712848663,cross
quartz,transformer.decoder.block.7.layer.0.SelfAttention.q,142,0.2607603967189789,corr
quartz,transformer.decoder.block.7.layer.0.SelfAttention.q,142,0.24702472984790802,drift
quartz,transformer.decoder.block.7.layer.0.SelfAttention.q,142,0.3139861226081848,tot
quartz,transformer.decoder.block.7.layer.0.SelfAttention.q,142,-0.13455446064472198,$\delta_\text{gsc}$
quartz,transformer.decoder.block.7.layer.0.SelfAttention.q,142,-0.30777430534362793,$\delta_\text{ssc}$
quartz,transformer.decoder.block.7.layer.0.SelfAttention.k,143,0.29169371724128723,cross
quartz,transformer.decoder.block.7.layer.0.SelfAttention.k,143,0.21502795815467834,corr
quartz,transformer.decoder.block.7.layer.0.SelfAttention.k,143,0.24457459151744843,drift
quartz,transformer.decoder.block.7.layer.0.SelfAttention.k,143,0.3220636248588562,tot
quartz,transformer.decoder.block.7.layer.0.SelfAttention.k,143,-0.1757545918226242,$\delta_\text{gsc}$
quartz,transformer.decoder.block.7.layer.0.SelfAttention.k,143,-0.2534780502319336,$\delta_\text{ssc}$
quartz,transformer.decoder.block.7.layer.0.SelfAttention.v,144,0.1995072215795517,cross
quartz,transformer.decoder.block.7.layer.0.SelfAttention.v,144,0.2591470181941986,corr
quartz,transformer.decoder.block.7.layer.0.SelfAttention.v,144,0.24066445231437683,drift
quartz,transformer.decoder.block.7.layer.0.SelfAttention.v,144,0.44192585349082947,tot
quartz,transformer.decoder.block.7.layer.0.SelfAttention.v,144,-0.1718410700559616,$\delta_\text{gsc}$
quartz,transformer.decoder.block.7.layer.0.SelfAttention.v,144,-0.08555176854133606,$\delta_\text{ssc}$
quartz,transformer.decoder.block.7.layer.0.SelfAttention.o,145,0.24181774258613586,cross
quartz,transformer.decoder.block.7.layer.0.SelfAttention.o,145,0.21893684566020966,corr
quartz,transformer.decoder.block.7.layer.0.SelfAttention.o,145,0.2543751299381256,drift
quartz,transformer.decoder.block.7.layer.0.SelfAttention.o,145,0.34542614221572876,tot
quartz,transformer.decoder.block.7.layer.0.SelfAttention.o,145,-0.12910300493240356,$\delta_\text{gsc}$
quartz,transformer.decoder.block.7.layer.0.SelfAttention.o,145,-0.2406005710363388,$\delta_\text{ssc}$
quartz,transformer.decoder.block.7.layer.1.EncDecAttention.q,146,0.08014596253633499,cross
quartz,transformer.decoder.block.7.layer.1.EncDecAttention.q,146,0.1071004867553711,corr
quartz,transformer.decoder.block.7.layer.1.EncDecAttention.q,146,0.27515846490859985,drift
quartz,transformer.decoder.block.7.layer.1.EncDecAttention.q,146,0.3500192165374756,tot
quartz,transformer.decoder.block.7.layer.1.EncDecAttention.q,146,-0.05511626601219177,$\delta_\text{gsc}$
quartz,transformer.decoder.block.7.layer.1.EncDecAttention.q,146,-0.05726942420005798,$\delta_\text{ssc}$
quartz,transformer.decoder.block.7.layer.1.EncDecAttention.k,147,0.4112703800201416,cross
quartz,transformer.decoder.block.7.layer.1.EncDecAttention.k,147,0.4251863956451416,corr
quartz,transformer.decoder.block.7.layer.1.EncDecAttention.k,147,0.3077118992805481,drift
quartz,transformer.decoder.block.7.layer.1.EncDecAttention.k,147,0.4497013986110687,tot
quartz,transformer.decoder.block.7.layer.1.EncDecAttention.k,147,-0.3420906364917755,$\delta_\text{gsc}$
quartz,transformer.decoder.block.7.layer.1.EncDecAttention.k,147,-0.35237663984298706,$\delta_\text{ssc}$
quartz,transformer.decoder.block.7.layer.1.EncDecAttention.v,148,0.32301148772239685,cross
quartz,transformer.decoder.block.7.layer.1.EncDecAttention.v,148,0.4410160481929779,corr
quartz,transformer.decoder.block.7.layer.1.EncDecAttention.v,148,0.32194823026657104,drift
quartz,transformer.decoder.block.7.layer.1.EncDecAttention.v,148,0.38620999455451965,tot
quartz,transformer.decoder.block.7.layer.1.EncDecAttention.v,148,-0.3370245695114136,$\delta_\text{gsc}$
quartz,transformer.decoder.block.7.layer.1.EncDecAttention.v,148,-0.3627412021160126,$\delta_\text{ssc}$
quartz,transformer.decoder.block.7.layer.1.EncDecAttention.o,149,0.23691236972808838,cross
quartz,transformer.decoder.block.7.layer.1.EncDecAttention.o,149,0.11148013174533844,corr
quartz,transformer.decoder.block.7.layer.1.EncDecAttention.o,149,0.24498611688613892,drift
quartz,transformer.decoder.block.7.layer.1.EncDecAttention.o,149,0.3539915382862091,tot
quartz,transformer.decoder.block.7.layer.1.EncDecAttention.o,149,-0.19447270035743713,$\delta_\text{gsc}$
quartz,transformer.decoder.block.7.layer.1.EncDecAttention.o,149,-0.044914379715919495,$\delta_\text{ssc}$
quartz,transformer.decoder.block.7.layer.2.DenseReluDense.wi,150,0.15224488079547882,cross
quartz,transformer.decoder.block.7.layer.2.DenseReluDense.wi,150,0.16719627380371094,corr
quartz,transformer.decoder.block.7.layer.2.DenseReluDense.wi,150,0.20139922201633453,drift
quartz,transformer.decoder.block.7.layer.2.DenseReluDense.wi,150,0.35073453187942505,tot
quartz,transformer.decoder.block.7.layer.2.DenseReluDense.wi,150,-0.1054684966802597,$\delta_\text{gsc}$
quartz,transformer.decoder.block.7.layer.2.DenseReluDense.wi,150,-0.06463734805583954,$\delta_\text{ssc}$
quartz,transformer.decoder.block.7.layer.2.DenseReluDense.wo,151,0.22799451649188995,cross
quartz,transformer.decoder.block.7.layer.2.DenseReluDense.wo,151,0.19570620357990265,corr
quartz,transformer.decoder.block.7.layer.2.DenseReluDense.wo,151,0.1940990537405014,drift
quartz,transformer.decoder.block.7.layer.2.DenseReluDense.wo,151,0.3597562611103058,tot
quartz,transformer.decoder.block.7.layer.2.DenseReluDense.wo,151,-0.19022507965564728,$\delta_\text{gsc}$
quartz,transformer.decoder.block.7.layer.2.DenseReluDense.wo,151,-0.06781843304634094,$\delta_\text{ssc}$
quartz,transformer.decoder.block.8.layer.0.SelfAttention.q,152,0.16478030383586884,cross
quartz,transformer.decoder.block.8.layer.0.SelfAttention.q,152,0.25785472989082336,corr
quartz,transformer.decoder.block.8.layer.0.SelfAttention.q,152,0.23188795149326324,drift
quartz,transformer.decoder.block.8.layer.0.SelfAttention.q,152,0.2600589990615845,tot
quartz,transformer.decoder.block.8.layer.0.SelfAttention.q,152,-0.09243221580982208,$\delta_\text{gsc}$
quartz,transformer.decoder.block.8.layer.0.SelfAttention.q,152,-0.3020317554473877,$\delta_\text{ssc}$
quartz,transformer.decoder.block.8.layer.0.SelfAttention.k,153,0.3192211389541626,cross
quartz,transformer.decoder.block.8.layer.0.SelfAttention.k,153,0.19221381843090057,corr
quartz,transformer.decoder.block.8.layer.0.SelfAttention.k,153,0.22762037813663483,drift
quartz,transformer.decoder.block.8.layer.0.SelfAttention.k,153,0.31823721528053284,tot
quartz,transformer.decoder.block.8.layer.0.SelfAttention.k,153,-0.20083212852478027,$\delta_\text{gsc}$
quartz,transformer.decoder.block.8.layer.0.SelfAttention.k,153,-0.2199859917163849,$\delta_\text{ssc}$
quartz,transformer.decoder.block.8.layer.0.SelfAttention.v,154,0.17189356684684753,cross
quartz,transformer.decoder.block.8.layer.0.SelfAttention.v,154,0.22951136529445648,corr
quartz,transformer.decoder.block.8.layer.0.SelfAttention.v,154,0.23025624454021454,drift
quartz,transformer.decoder.block.8.layer.0.SelfAttention.v,154,0.42122960090637207,tot
quartz,transformer.decoder.block.8.layer.0.SelfAttention.v,154,-0.14467519521713257,$\delta_\text{gsc}$
quartz,transformer.decoder.block.8.layer.0.SelfAttention.v,154,-0.06575638055801392,$\delta_\text{ssc}$
quartz,transformer.decoder.block.8.layer.0.SelfAttention.o,155,0.24387264251708984,cross
quartz,transformer.decoder.block.8.layer.0.SelfAttention.o,155,0.17928241193294525,corr
quartz,transformer.decoder.block.8.layer.0.SelfAttention.o,155,0.2535393536090851,drift
quartz,transformer.decoder.block.8.layer.0.SelfAttention.o,155,0.33855462074279785,tot
quartz,transformer.decoder.block.8.layer.0.SelfAttention.o,155,-0.13214482367038727,$\delta_\text{gsc}$
quartz,transformer.decoder.block.8.layer.0.SelfAttention.o,155,-0.20599496364593506,$\delta_\text{ssc}$
quartz,transformer.decoder.block.8.layer.1.EncDecAttention.q,156,0.1171196699142456,cross
quartz,transformer.decoder.block.8.layer.1.EncDecAttention.q,156,0.12203381955623627,corr
quartz,transformer.decoder.block.8.layer.1.EncDecAttention.q,156,0.2580897808074951,drift
quartz,transformer.decoder.block.8.layer.1.EncDecAttention.q,156,0.3677521049976349,tot
quartz,transformer.decoder.block.8.layer.1.EncDecAttention.q,156,-0.06544843316078186,$\delta_\text{gsc}$
quartz,transformer.decoder.block.8.layer.1.EncDecAttention.q,156,-0.06404273211956024,$\delta_\text{ssc}$
quartz,transformer.decoder.block.8.layer.1.EncDecAttention.k,157,0.3630964756011963,cross
quartz,transformer.decoder.block.8.layer.1.EncDecAttention.k,157,0.44783106446266174,corr
quartz,transformer.decoder.block.8.layer.1.EncDecAttention.k,157,0.309680312871933,drift
quartz,transformer.decoder.block.8.layer.1.EncDecAttention.k,157,0.45000579953193665,tot
quartz,transformer.decoder.block.8.layer.1.EncDecAttention.k,157,-0.33413437008857727,$\delta_\text{gsc}$
quartz,transformer.decoder.block.8.layer.1.EncDecAttention.k,157,-0.3364676833152771,$\delta_\text{ssc}$
quartz,transformer.decoder.block.8.layer.1.EncDecAttention.v,158,0.2699396312236786,cross
quartz,transformer.decoder.block.8.layer.1.EncDecAttention.v,158,0.45855095982551575,corr
quartz,transformer.decoder.block.8.layer.1.EncDecAttention.v,158,0.3172875940799713,drift
quartz,transformer.decoder.block.8.layer.1.EncDecAttention.v,158,0.4115126132965088,tot
quartz,transformer.decoder.block.8.layer.1.EncDecAttention.v,158,-0.2963143289089203,$\delta_\text{gsc}$
quartz,transformer.decoder.block.8.layer.1.EncDecAttention.v,158,-0.3379512429237366,$\delta_\text{ssc}$
quartz,transformer.decoder.block.8.layer.1.EncDecAttention.o,159,0.22362977266311646,cross
quartz,transformer.decoder.block.8.layer.1.EncDecAttention.o,159,0.08221826702356339,corr
quartz,transformer.decoder.block.8.layer.1.EncDecAttention.o,159,0.20795521140098572,drift
quartz,transformer.decoder.block.8.layer.1.EncDecAttention.o,159,0.30168527364730835,tot
quartz,transformer.decoder.block.8.layer.1.EncDecAttention.o,159,-0.15195204317569733,$\delta_\text{gsc}$
quartz,transformer.decoder.block.8.layer.1.EncDecAttention.o,159,-0.06016594171524048,$\delta_\text{ssc}$
quartz,transformer.decoder.block.8.layer.2.DenseReluDense.wi,160,0.14658722281455994,cross
quartz,transformer.decoder.block.8.layer.2.DenseReluDense.wi,160,0.15553362667560577,corr
quartz,transformer.decoder.block.8.layer.2.DenseReluDense.wi,160,0.20244117081165314,drift
quartz,transformer.decoder.block.8.layer.2.DenseReluDense.wi,160,0.3144161105155945,tot
quartz,transformer.decoder.block.8.layer.2.DenseReluDense.wi,160,-0.13565781712532043,$\delta_\text{gsc}$
quartz,transformer.decoder.block.8.layer.2.DenseReluDense.wi,160,-0.05448809266090393,$\delta_\text{ssc}$
quartz,transformer.decoder.block.8.layer.2.DenseReluDense.wo,161,0.1676243543624878,cross
quartz,transformer.decoder.block.8.layer.2.DenseReluDense.wo,161,0.15640948712825775,corr
quartz,transformer.decoder.block.8.layer.2.DenseReluDense.wo,161,0.2238018959760666,drift
quartz,transformer.decoder.block.8.layer.2.DenseReluDense.wo,161,0.3469388782978058,tot
quartz,transformer.decoder.block.8.layer.2.DenseReluDense.wo,161,-0.1557120978832245,$\delta_\text{gsc}$
quartz,transformer.decoder.block.8.layer.2.DenseReluDense.wo,161,-0.04518476128578186,$\delta_\text{ssc}$
quartz,transformer.decoder.block.9.layer.0.SelfAttention.q,162,0.2527068555355072,cross
quartz,transformer.decoder.block.9.layer.0.SelfAttention.q,162,0.241453155875206,corr
quartz,transformer.decoder.block.9.layer.0.SelfAttention.q,162,0.23316626250743866,drift
quartz,transformer.decoder.block.9.layer.0.SelfAttention.q,162,0.3447130024433136,tot
quartz,transformer.decoder.block.9.layer.0.SelfAttention.q,162,-0.10342477262020111,$\delta_\text{gsc}$
quartz,transformer.decoder.block.9.layer.0.SelfAttention.q,162,-0.27918851375579834,$\delta_\text{ssc}$
quartz,transformer.decoder.block.9.layer.0.SelfAttention.k,163,0.36440783739089966,cross
quartz,transformer.decoder.block.9.layer.0.SelfAttention.k,163,0.1585252583026886,corr
quartz,transformer.decoder.block.9.layer.0.SelfAttention.k,163,0.22892336547374725,drift
quartz,transformer.decoder.block.9.layer.0.SelfAttention.k,163,0.3766811788082123,tot
quartz,transformer.decoder.block.9.layer.0.SelfAttention.k,163,-0.17939509451389313,$\delta_\text{gsc}$
quartz,transformer.decoder.block.9.layer.0.SelfAttention.k,163,-0.1957801878452301,$\delta_\text{ssc}$
quartz,transformer.decoder.block.9.layer.0.SelfAttention.v,164,0.1730431467294693,cross
quartz,transformer.decoder.block.9.layer.0.SelfAttention.v,164,0.19494761526584625,corr
quartz,transformer.decoder.block.9.layer.0.SelfAttention.v,164,0.22115261852741241,drift
quartz,transformer.decoder.block.9.layer.0.SelfAttention.v,164,0.3889167308807373,tot
quartz,transformer.decoder.block.9.layer.0.SelfAttention.v,164,-0.1444806307554245,$\delta_\text{gsc}$
quartz,transformer.decoder.block.9.layer.0.SelfAttention.v,164,-0.05574601888656616,$\delta_\text{ssc}$
quartz,transformer.decoder.block.9.layer.0.SelfAttention.o,165,0.18789994716644287,cross
quartz,transformer.decoder.block.9.layer.0.SelfAttention.o,165,0.17017671465873718,corr
quartz,transformer.decoder.block.9.layer.0.SelfAttention.o,165,0.22561994194984436,drift
quartz,transformer.decoder.block.9.layer.0.SelfAttention.o,165,0.32424578070640564,tot
quartz,transformer.decoder.block.9.layer.0.SelfAttention.o,165,-0.13655337691307068,$\delta_\text{gsc}$
quartz,transformer.decoder.block.9.layer.0.SelfAttention.o,165,-0.1228974461555481,$\delta_\text{ssc}$
quartz,transformer.decoder.block.9.layer.1.EncDecAttention.q,166,0.11352690309286118,cross
quartz,transformer.decoder.block.9.layer.1.EncDecAttention.q,166,0.16206340491771698,corr
quartz,transformer.decoder.block.9.layer.1.EncDecAttention.q,166,0.22854644060134888,drift
quartz,transformer.decoder.block.9.layer.1.EncDecAttention.q,166,0.36110711097717285,tot
quartz,transformer.decoder.block.9.layer.1.EncDecAttention.q,166,-0.09073138236999512,$\delta_\text{gsc}$
quartz,transformer.decoder.block.9.layer.1.EncDecAttention.q,166,-0.05229826271533966,$\delta_\text{ssc}$
quartz,transformer.decoder.block.9.layer.1.EncDecAttention.k,167,0.40118831396102905,cross
quartz,transformer.decoder.block.9.layer.1.EncDecAttention.k,167,0.45047011971473694,corr
quartz,transformer.decoder.block.9.layer.1.EncDecAttention.k,167,0.3124946057796478,drift
quartz,transformer.decoder.block.9.layer.1.EncDecAttention.k,167,0.4464229643344879,tot
quartz,transformer.decoder.block.9.layer.1.EncDecAttention.k,167,-0.3799072802066803,$\delta_\text{gsc}$
quartz,transformer.decoder.block.9.layer.1.EncDecAttention.k,167,-0.3378227949142456,$\delta_\text{ssc}$
quartz,transformer.decoder.block.9.layer.1.EncDecAttention.v,168,0.30497056245803833,cross
quartz,transformer.decoder.block.9.layer.1.EncDecAttention.v,168,0.46108347177505493,corr
quartz,transformer.decoder.block.9.layer.1.EncDecAttention.v,168,0.32271626591682434,drift
quartz,transformer.decoder.block.9.layer.1.EncDecAttention.v,168,0.40205273032188416,tot
quartz,transformer.decoder.block.9.layer.1.EncDecAttention.v,168,-0.34482699632644653,$\delta_\text{gsc}$
quartz,transformer.decoder.block.9.layer.1.EncDecAttention.v,168,-0.3418905735015869,$\delta_\text{ssc}$
quartz,transformer.decoder.block.9.layer.1.EncDecAttention.o,169,0.2170148342847824,cross
quartz,transformer.decoder.block.9.layer.1.EncDecAttention.o,169,0.10759595036506653,corr
quartz,transformer.decoder.block.9.layer.1.EncDecAttention.o,169,0.24308905005455017,drift
quartz,transformer.decoder.block.9.layer.1.EncDecAttention.o,169,0.3413224518299103,tot
quartz,transformer.decoder.block.9.layer.1.EncDecAttention.o,169,-0.16224481165409088,$\delta_\text{gsc}$
quartz,transformer.decoder.block.9.layer.1.EncDecAttention.o,169,-0.06413257122039795,$\delta_\text{ssc}$
quartz,transformer.decoder.block.9.layer.2.DenseReluDense.wi,170,0.12505251169204712,cross
quartz,transformer.decoder.block.9.layer.2.DenseReluDense.wi,170,0.12951792776584625,corr
quartz,transformer.decoder.block.9.layer.2.DenseReluDense.wi,170,0.189937561750412,drift
quartz,transformer.decoder.block.9.layer.2.DenseReluDense.wi,170,0.30301880836486816,tot
quartz,transformer.decoder.block.9.layer.2.DenseReluDense.wi,170,-0.09593462944030762,$\delta_\text{gsc}$
quartz,transformer.decoder.block.9.layer.2.DenseReluDense.wi,170,-0.04555456340312958,$\delta_\text{ssc}$
quartz,transformer.decoder.block.9.layer.2.DenseReluDense.wo,171,0.2175847738981247,cross
quartz,transformer.decoder.block.9.layer.2.DenseReluDense.wo,171,0.17635157704353333,corr
quartz,transformer.decoder.block.9.layer.2.DenseReluDense.wo,171,0.2177133709192276,drift
quartz,transformer.decoder.block.9.layer.2.DenseReluDense.wo,171,0.3582158386707306,tot
quartz,transformer.decoder.block.9.layer.2.DenseReluDense.wo,171,-0.20788531005382538,$\delta_\text{gsc}$
quartz,transformer.decoder.block.9.layer.2.DenseReluDense.wo,171,-0.04554857313632965,$\delta_\text{ssc}$
quartz,transformer.decoder.block.10.layer.0.SelfAttention.q,172,0.1828128695487976,cross
quartz,transformer.decoder.block.10.layer.0.SelfAttention.q,172,0.20123672485351562,corr
quartz,transformer.decoder.block.10.layer.0.SelfAttention.q,172,0.23668092489242554,drift
quartz,transformer.decoder.block.10.layer.0.SelfAttention.q,172,0.28740859031677246,tot
quartz,transformer.decoder.block.10.layer.0.SelfAttention.q,172,-0.11242112517356873,$\delta_\text{gsc}$
quartz,transformer.decoder.block.10.layer.0.SelfAttention.q,172,-0.22090080380439758,$\delta_\text{ssc}$
quartz,transformer.decoder.block.10.layer.0.SelfAttention.k,173,0.4225846230983734,cross
quartz,transformer.decoder.block.10.layer.0.SelfAttention.k,173,0.1352308690547943,corr
quartz,transformer.decoder.block.10.layer.0.SelfAttention.k,173,0.2346787452697754,drift
quartz,transformer.decoder.block.10.layer.0.SelfAttention.k,173,0.40779179334640503,tot
quartz,transformer.decoder.block.10.layer.0.SelfAttention.k,173,-0.23722395300865173,$\delta_\text{gsc}$
quartz,transformer.decoder.block.10.layer.0.SelfAttention.k,173,-0.14747849106788635,$\delta_\text{ssc}$
quartz,transformer.decoder.block.10.layer.0.SelfAttention.v,174,0.17700396478176117,cross
quartz,transformer.decoder.block.10.layer.0.SelfAttention.v,174,0.15153200924396515,corr
quartz,transformer.decoder.block.10.layer.0.SelfAttention.v,174,0.23195773363113403,drift
quartz,transformer.decoder.block.10.layer.0.SelfAttention.v,174,0.36717092990875244,tot
quartz,transformer.decoder.block.10.layer.0.SelfAttention.v,174,-0.13623513281345367,$\delta_\text{gsc}$
quartz,transformer.decoder.block.10.layer.0.SelfAttention.v,174,-0.057087644934654236,$\delta_\text{ssc}$
quartz,transformer.decoder.block.10.layer.0.SelfAttention.o,175,0.22929562628269196,cross
quartz,transformer.decoder.block.10.layer.0.SelfAttention.o,175,0.13040359318256378,corr
quartz,transformer.decoder.block.10.layer.0.SelfAttention.o,175,0.2327113300561905,drift
quartz,transformer.decoder.block.10.layer.0.SelfAttention.o,175,0.34579765796661377,tot
quartz,transformer.decoder.block.10.layer.0.SelfAttention.o,175,-0.16347025334835052,$\delta_\text{gsc}$
quartz,transformer.decoder.block.10.layer.0.SelfAttention.o,175,-0.08314263820648193,$\delta_\text{ssc}$
quartz,transformer.decoder.block.10.layer.1.EncDecAttention.q,176,0.14244920015335083,cross
quartz,transformer.decoder.block.10.layer.1.EncDecAttention.q,176,0.16113990545272827,corr
quartz,transformer.decoder.block.10.layer.1.EncDecAttention.q,176,0.21156609058380127,drift
quartz,transformer.decoder.block.10.layer.1.EncDecAttention.q,176,0.35058653354644775,tot
quartz,transformer.decoder.block.10.layer.1.EncDecAttention.q,176,-0.10624736547470093,$\delta_\text{gsc}$
quartz,transformer.decoder.block.10.layer.1.EncDecAttention.q,176,-0.05832129716873169,$\delta_\text{ssc}$
quartz,transformer.decoder.block.10.layer.1.EncDecAttention.k,177,0.40597766637802124,cross
quartz,transformer.decoder.block.10.layer.1.EncDecAttention.k,177,0.462401807308197,corr
quartz,transformer.decoder.block.10.layer.1.EncDecAttention.k,177,0.32708540558815,drift
quartz,transformer.decoder.block.10.layer.1.EncDecAttention.k,177,0.4389593303203583,tot
quartz,transformer.decoder.block.10.layer.1.EncDecAttention.k,177,-0.41134345531463623,$\delta_\text{gsc}$
quartz,transformer.decoder.block.10.layer.1.EncDecAttention.k,177,-0.3451620936393738,$\delta_\text{ssc}$
quartz,transformer.decoder.block.10.layer.1.EncDecAttention.v,178,0.28846943378448486,cross
quartz,transformer.decoder.block.10.layer.1.EncDecAttention.v,178,0.46229708194732666,corr
quartz,transformer.decoder.block.10.layer.1.EncDecAttention.v,178,0.32317695021629333,drift
quartz,transformer.decoder.block.10.layer.1.EncDecAttention.v,178,0.3861767649650574,tot
quartz,transformer.decoder.block.10.layer.1.EncDecAttention.v,178,-0.34327343106269836,$\delta_\text{gsc}$
quartz,transformer.decoder.block.10.layer.1.EncDecAttention.v,178,-0.3444932699203491,$\delta_\text{ssc}$
quartz,transformer.decoder.block.10.layer.1.EncDecAttention.o,179,0.2074679732322693,cross
quartz,transformer.decoder.block.10.layer.1.EncDecAttention.o,179,0.10006718337535858,corr
quartz,transformer.decoder.block.10.layer.1.EncDecAttention.o,179,0.2711069583892822,drift
quartz,transformer.decoder.block.10.layer.1.EncDecAttention.o,179,0.3938056230545044,tot
quartz,transformer.decoder.block.10.layer.1.EncDecAttention.o,179,-0.13421037793159485,$\delta_\text{gsc}$
quartz,transformer.decoder.block.10.layer.1.EncDecAttention.o,179,-0.05062611401081085,$\delta_\text{ssc}$
quartz,transformer.decoder.block.10.layer.2.DenseReluDense.wi,180,0.12956781685352325,cross
quartz,transformer.decoder.block.10.layer.2.DenseReluDense.wi,180,0.11223013699054718,corr
quartz,transformer.decoder.block.10.layer.2.DenseReluDense.wi,180,0.183500736951828,drift
quartz,transformer.decoder.block.10.layer.2.DenseReluDense.wi,180,0.272345632314682,tot
quartz,transformer.decoder.block.10.layer.2.DenseReluDense.wi,180,-0.11522240936756134,$\delta_\text{gsc}$
quartz,transformer.decoder.block.10.layer.2.DenseReluDense.wi,180,-0.03773064911365509,$\delta_\text{ssc}$
quartz,transformer.decoder.block.10.layer.2.DenseReluDense.wo,181,0.34933120012283325,cross
quartz,transformer.decoder.block.10.layer.2.DenseReluDense.wo,181,0.14045625925064087,corr
quartz,transformer.decoder.block.10.layer.2.DenseReluDense.wo,181,0.3137513995170593,drift
quartz,transformer.decoder.block.10.layer.2.DenseReluDense.wo,181,0.46392184495925903,tot
quartz,transformer.decoder.block.10.layer.2.DenseReluDense.wo,181,-0.2854985296726227,$\delta_\text{gsc}$
quartz,transformer.decoder.block.10.layer.2.DenseReluDense.wo,181,-0.05411848425865173,$\delta_\text{ssc}$
quartz,transformer.decoder.block.11.layer.0.SelfAttention.q,182,0.12489154934883118,cross
quartz,transformer.decoder.block.11.layer.0.SelfAttention.q,182,0.186258003115654,corr
quartz,transformer.decoder.block.11.layer.0.SelfAttention.q,182,0.20276814699172974,drift
quartz,transformer.decoder.block.11.layer.0.SelfAttention.q,182,0.23518529534339905,tot
quartz,transformer.decoder.block.11.layer.0.SelfAttention.q,182,-0.06406496465206146,$\delta_\text{gsc}$
quartz,transformer.decoder.block.11.layer.0.SelfAttention.q,182,-0.2146674394607544,$\delta_\text{ssc}$
quartz,transformer.decoder.block.11.layer.0.SelfAttention.k,183,0.43439528346061707,cross
quartz,transformer.decoder.block.11.layer.0.SelfAttention.k,183,0.11821100115776062,corr
quartz,transformer.decoder.block.11.layer.0.SelfAttention.k,183,0.19741669297218323,drift
quartz,transformer.decoder.block.11.layer.0.SelfAttention.k,183,0.4239389896392822,tot
quartz,transformer.decoder.block.11.layer.0.SelfAttention.k,183,-0.18958647549152374,$\delta_\text{gsc}$
quartz,transformer.decoder.block.11.layer.0.SelfAttention.k,183,-0.13649751245975494,$\delta_\text{ssc}$
quartz,transformer.decoder.block.11.layer.0.SelfAttention.v,184,0.19804155826568604,cross
quartz,transformer.decoder.block.11.layer.0.SelfAttention.v,184,0.13359558582305908,corr
quartz,transformer.decoder.block.11.layer.0.SelfAttention.v,184,0.19859282672405243,drift
quartz,transformer.decoder.block.11.layer.0.SelfAttention.v,184,0.34883058071136475,tot
quartz,transformer.decoder.block.11.layer.0.SelfAttention.v,184,-0.1390599012374878,$\delta_\text{gsc}$
quartz,transformer.decoder.block.11.layer.0.SelfAttention.v,184,-0.04233948886394501,$\delta_\text{ssc}$
quartz,transformer.decoder.block.11.layer.0.SelfAttention.o,185,0.25663623213768005,cross
quartz,transformer.decoder.block.11.layer.0.SelfAttention.o,185,0.13565075397491455,corr
quartz,transformer.decoder.block.11.layer.0.SelfAttention.o,185,0.24517714977264404,drift
quartz,transformer.decoder.block.11.layer.0.SelfAttention.o,185,0.3717144727706909,tot
quartz,transformer.decoder.block.11.layer.0.SelfAttention.o,185,-0.18105459213256836,$\delta_\text{gsc}$
quartz,transformer.decoder.block.11.layer.0.SelfAttention.o,185,-0.08469507098197937,$\delta_\text{ssc}$
quartz,transformer.decoder.block.11.layer.1.EncDecAttention.q,186,0.13945989310741425,cross
quartz,transformer.decoder.block.11.layer.1.EncDecAttention.q,186,0.18533892929553986,corr
quartz,transformer.decoder.block.11.layer.1.EncDecAttention.q,186,0.22931736707687378,drift
quartz,transformer.decoder.block.11.layer.1.EncDecAttention.q,186,0.35459738969802856,tot
quartz,transformer.decoder.block.11.layer.1.EncDecAttention.q,186,-0.11604560911655426,$\delta_\text{gsc}$
quartz,transformer.decoder.block.11.layer.1.EncDecAttention.q,186,-0.08347319066524506,$\delta_\text{ssc}$
quartz,transformer.decoder.block.11.layer.1.EncDecAttention.k,187,0.3953946828842163,cross
quartz,transformer.decoder.block.11.layer.1.EncDecAttention.k,187,0.46311238408088684,corr
quartz,transformer.decoder.block.11.layer.1.EncDecAttention.k,187,0.3226969838142395,drift
quartz,transformer.decoder.block.11.layer.1.EncDecAttention.k,187,0.4607548415660858,tot
quartz,transformer.decoder.block.11.layer.1.EncDecAttention.k,187,-0.3804135024547577,$\delta_\text{gsc}$
quartz,transformer.decoder.block.11.layer.1.EncDecAttention.k,187,-0.34003570675849915,$\delta_\text{ssc}$
quartz,transformer.decoder.block.11.layer.1.EncDecAttention.v,188,0.3049412667751312,cross
quartz,transformer.decoder.block.11.layer.1.EncDecAttention.v,188,0.4588933289051056,corr
quartz,transformer.decoder.block.11.layer.1.EncDecAttention.v,188,0.3236764371395111,drift
quartz,transformer.decoder.block.11.layer.1.EncDecAttention.v,188,0.4110310971736908,tot
quartz,transformer.decoder.block.11.layer.1.EncDecAttention.v,188,-0.3267308473587036,$\delta_\text{gsc}$
quartz,transformer.decoder.block.11.layer.1.EncDecAttention.v,188,-0.3497490882873535,$\delta_\text{ssc}$
quartz,transformer.decoder.block.11.layer.1.EncDecAttention.o,189,0.1838776171207428,cross
quartz,transformer.decoder.block.11.layer.1.EncDecAttention.o,189,0.06316053867340088,corr
quartz,transformer.decoder.block.11.layer.1.EncDecAttention.o,189,0.19609901309013367,drift
quartz,transformer.decoder.block.11.layer.1.EncDecAttention.o,189,0.28057578206062317,tot
quartz,transformer.decoder.block.11.layer.1.EncDecAttention.o,189,-0.11014029383659363,$\delta_\text{gsc}$
quartz,transformer.decoder.block.11.layer.1.EncDecAttention.o,189,-0.05242109298706055,$\delta_\text{ssc}$
quartz,transformer.decoder.block.11.layer.2.DenseReluDense.wi,190,0.10453666001558304,cross
quartz,transformer.decoder.block.11.layer.2.DenseReluDense.wi,190,0.0944913774728775,corr
quartz,transformer.decoder.block.11.layer.2.DenseReluDense.wi,190,0.15752604603767395,drift
quartz,transformer.decoder.block.11.layer.2.DenseReluDense.wi,190,0.23720099031925201,tot
quartz,transformer.decoder.block.11.layer.2.DenseReluDense.wi,190,-0.0853470116853714,$\delta_\text{gsc}$
quartz,transformer.decoder.block.11.layer.2.DenseReluDense.wi,190,-0.034006088972091675,$\delta_\text{ssc}$
quartz,transformer.decoder.block.11.layer.2.DenseReluDense.wo,191,0.17633472383022308,cross
quartz,transformer.decoder.block.11.layer.2.DenseReluDense.wo,191,0.11250437051057816,corr
quartz,transformer.decoder.block.11.layer.2.DenseReluDense.wo,191,0.20805492997169495,drift
quartz,transformer.decoder.block.11.layer.2.DenseReluDense.wo,191,0.3676041066646576,tot
quartz,transformer.decoder.block.11.layer.2.DenseReluDense.wo,191,-0.10439829528331757,$\delta_\text{gsc}$
quartz,transformer.decoder.block.11.layer.2.DenseReluDense.wo,191,-0.02489161491394043,$\delta_\text{ssc}$
quartz,transformer.lm_head,192,0.05103252828121185,cross
quartz,transformer.lm_head,192,0.0597861185669899,corr
quartz,transformer.lm_head,192,0.14185024797916412,drift
quartz,transformer.lm_head,192,0.2097892314195633,tot
quartz,transformer.lm_head,192,-0.03697708249092102,$\delta_\text{gsc}$
quartz,transformer.lm_head,192,-0.005902573466300964,$\delta_\text{ssc}$
wiki_qa,transformer.encoder.block.0.layer.0.SelfAttention.q,0,0.1022319421172142,cross
wiki_qa,transformer.encoder.block.0.layer.0.SelfAttention.q,0,0.48112818598747253,corr
wiki_qa,transformer.encoder.block.0.layer.0.SelfAttention.q,0,0.45219147205352783,drift
wiki_qa,transformer.encoder.block.0.layer.0.SelfAttention.q,0,0.4055825173854828,tot
wiki_qa,transformer.encoder.block.0.layer.0.SelfAttention.q,0,-0.06729570031166077,$\delta_\text{gsc}$
wiki_qa,transformer.encoder.block.0.layer.0.SelfAttention.q,0,-0.5626733899116516,$\delta_\text{ssc}$
wiki_qa,transformer.encoder.block.0.layer.0.SelfAttention.k,1,0.22614628076553345,cross
wiki_qa,transformer.encoder.block.0.layer.0.SelfAttention.k,1,0.47402045130729675,corr
wiki_qa,transformer.encoder.block.0.layer.0.SelfAttention.k,1,0.45229169726371765,drift
wiki_qa,transformer.encoder.block.0.layer.0.SelfAttention.k,1,0.35601723194122314,tot
wiki_qa,transformer.encoder.block.0.layer.0.SelfAttention.k,1,-0.1818932294845581,$\delta_\text{gsc}$
wiki_qa,transformer.encoder.block.0.layer.0.SelfAttention.k,1,-0.6145479679107666,$\delta_\text{ssc}$
wiki_qa,transformer.encoder.block.0.layer.0.SelfAttention.v,2,0.1376209557056427,cross
wiki_qa,transformer.encoder.block.0.layer.0.SelfAttention.v,2,0.4824867248535156,corr
wiki_qa,transformer.encoder.block.0.layer.0.SelfAttention.v,2,0.45196032524108887,drift
wiki_qa,transformer.encoder.block.0.layer.0.SelfAttention.v,2,0.3573605716228485,tot
wiki_qa,transformer.encoder.block.0.layer.0.SelfAttention.v,2,-0.15926674008369446,$\delta_\text{gsc}$
wiki_qa,transformer.encoder.block.0.layer.0.SelfAttention.v,2,-0.5554406642913818,$\delta_\text{ssc}$
wiki_qa,transformer.encoder.block.0.layer.0.SelfAttention.o,3,0.12572549283504486,cross
wiki_qa,transformer.encoder.block.0.layer.0.SelfAttention.o,3,0.3673727810382843,corr
wiki_qa,transformer.encoder.block.0.layer.0.SelfAttention.o,3,0.24670587480068207,drift
wiki_qa,transformer.encoder.block.0.layer.0.SelfAttention.o,3,0.28617122769355774,tot
wiki_qa,transformer.encoder.block.0.layer.0.SelfAttention.o,3,-0.15634022653102875,$\delta_\text{gsc}$
wiki_qa,transformer.encoder.block.0.layer.0.SelfAttention.o,3,-0.29729270935058594,$\delta_\text{ssc}$
wiki_qa,transformer.encoder.block.0.layer.1.DenseReluDense.wi,4,0.09300040453672409,cross
wiki_qa,transformer.encoder.block.0.layer.1.DenseReluDense.wi,4,0.45404908061027527,corr
wiki_qa,transformer.encoder.block.0.layer.1.DenseReluDense.wi,4,0.415028840303421,drift
wiki_qa,transformer.encoder.block.0.layer.1.DenseReluDense.wi,4,0.3211584687232971,tot
wiki_qa,transformer.encoder.block.0.layer.1.DenseReluDense.wi,4,-0.0834733247756958,$\delta_\text{gsc}$
wiki_qa,transformer.encoder.block.0.layer.1.DenseReluDense.wi,4,-0.5574465394020081,$\delta_\text{ssc}$
wiki_qa,transformer.encoder.block.0.layer.1.DenseReluDense.wo,5,0.15872357785701752,cross
wiki_qa,transformer.encoder.block.0.layer.1.DenseReluDense.wo,5,0.4752601683139801,corr
wiki_qa,transformer.encoder.block.0.layer.1.DenseReluDense.wo,5,0.45319268107414246,drift
wiki_qa,transformer.encoder.block.0.layer.1.DenseReluDense.wo,5,0.29655396938323975,tot
wiki_qa,transformer.encoder.block.0.layer.1.DenseReluDense.wo,5,-0.16967757046222687,$\delta_\text{gsc}$
wiki_qa,transformer.encoder.block.0.layer.1.DenseReluDense.wo,5,-0.6209448575973511,$\delta_\text{ssc}$
wiki_qa,transformer.encoder.block.1.layer.0.SelfAttention.q,6,0.19460825622081757,cross
wiki_qa,transformer.encoder.block.1.layer.0.SelfAttention.q,6,0.4810921847820282,corr
wiki_qa,transformer.encoder.block.1.layer.0.SelfAttention.q,6,0.4506055414676666,drift
wiki_qa,transformer.encoder.block.1.layer.0.SelfAttention.q,6,0.4081343114376068,tot
wiki_qa,transformer.encoder.block.1.layer.0.SelfAttention.q,6,-0.1518600732088089,$\delta_\text{gsc}$
wiki_qa,transformer.encoder.block.1.layer.0.SelfAttention.q,6,-0.5663115978240967,$\delta_\text{ssc}$
wiki_qa,transformer.encoder.block.1.layer.0.SelfAttention.k,7,0.1776868849992752,cross
wiki_qa,transformer.encoder.block.1.layer.0.SelfAttention.k,7,0.47884103655815125,corr
wiki_qa,transformer.encoder.block.1.layer.0.SelfAttention.k,7,0.45059576630592346,drift
wiki_qa,transformer.encoder.block.1.layer.0.SelfAttention.k,7,0.40441393852233887,tot
wiki_qa,transformer.encoder.block.1.layer.0.SelfAttention.k,7,-0.12030898034572601,$\delta_\text{gsc}$
wiki_qa,transformer.encoder.block.1.layer.0.SelfAttention.k,7,-0.5824007987976074,$\delta_\text{ssc}$
wiki_qa,transformer.encoder.block.1.layer.0.SelfAttention.v,8,0.13885101675987244,cross
wiki_qa,transformer.encoder.block.1.layer.0.SelfAttention.v,8,0.479664146900177,corr
wiki_qa,transformer.encoder.block.1.layer.0.SelfAttention.v,8,0.4504569172859192,drift
wiki_qa,transformer.encoder.block.1.layer.0.SelfAttention.v,8,0.3361406624317169,tot
wiki_qa,transformer.encoder.block.1.layer.0.SelfAttention.v,8,-0.15991967916488647,$\delta_\text{gsc}$
wiki_qa,transformer.encoder.block.1.layer.0.SelfAttention.v,8,-0.5729117393493652,$\delta_\text{ssc}$
wiki_qa,transformer.encoder.block.1.layer.0.SelfAttention.o,9,0.2094314694404602,cross
wiki_qa,transformer.encoder.block.1.layer.0.SelfAttention.o,9,0.4011744558811188,corr
wiki_qa,transformer.encoder.block.1.layer.0.SelfAttention.o,9,0.3129124641418457,drift
wiki_qa,transformer.encoder.block.1.layer.0.SelfAttention.o,9,0.2592187523841858,tot
wiki_qa,transformer.encoder.block.1.layer.0.SelfAttention.o,9,-0.2511521875858307,$\delta_\text{gsc}$
wiki_qa,transformer.encoder.block.1.layer.0.SelfAttention.o,9,-0.4131474494934082,$\delta_\text{ssc}$
wiki_qa,transformer.encoder.block.1.layer.1.DenseReluDense.wi,10,0.11580066382884979,cross
wiki_qa,transformer.encoder.block.1.layer.1.DenseReluDense.wi,10,0.41959500312805176,corr
wiki_qa,transformer.encoder.block.1.layer.1.DenseReluDense.wi,10,0.3720479905605316,drift
wiki_qa,transformer.encoder.block.1.layer.1.DenseReluDense.wi,10,0.31989118456840515,tot
wiki_qa,transformer.encoder.block.1.layer.1.DenseReluDense.wi,10,-0.0754854828119278,$\delta_\text{gsc}$
wiki_qa,transformer.encoder.block.1.layer.1.DenseReluDense.wi,10,-0.5120669603347778,$\delta_\text{ssc}$
wiki_qa,transformer.encoder.block.1.layer.1.DenseReluDense.wo,11,0.10111768543720245,cross
wiki_qa,transformer.encoder.block.1.layer.1.DenseReluDense.wo,11,0.46442940831184387,corr
wiki_qa,transformer.encoder.block.1.layer.1.DenseReluDense.wo,11,0.43896397948265076,drift
wiki_qa,transformer.encoder.block.1.layer.1.DenseReluDense.wo,11,0.2700246572494507,tot
wiki_qa,transformer.encoder.block.1.layer.1.DenseReluDense.wo,11,-0.08703573048114777,$\delta_\text{gsc}$
wiki_qa,transformer.encoder.block.1.layer.1.DenseReluDense.wo,11,-0.6474506855010986,$\delta_\text{ssc}$
wiki_qa,transformer.encoder.block.2.layer.0.SelfAttention.q,12,0.0945657417178154,cross
wiki_qa,transformer.encoder.block.2.layer.0.SelfAttention.q,12,0.4764441251754761,corr
wiki_qa,transformer.encoder.block.2.layer.0.SelfAttention.q,12,0.4516627788543701,drift
wiki_qa,transformer.encoder.block.2.layer.0.SelfAttention.q,12,0.3853750228881836,tot
wiki_qa,transformer.encoder.block.2.layer.0.SelfAttention.q,12,-0.035822898149490356,$\delta_\text{gsc}$
wiki_qa,transformer.encoder.block.2.layer.0.SelfAttention.q,12,-0.6014747619628906,$\delta_\text{ssc}$
wiki_qa,transformer.encoder.block.2.layer.0.SelfAttention.k,13,0.2961317002773285,cross
wiki_qa,transformer.encoder.block.2.layer.0.SelfAttention.k,13,0.47286468744277954,corr
wiki_qa,transformer.encoder.block.2.layer.0.SelfAttention.k,13,0.45181143283843994,drift
wiki_qa,transformer.encoder.block.2.layer.0.SelfAttention.k,13,0.39066293835639954,tot
wiki_qa,transformer.encoder.block.2.layer.0.SelfAttention.k,13,-0.2065245807170868,$\delta_\text{gsc}$
wiki_qa,transformer.encoder.block.2.layer.0.SelfAttention.k,13,-0.6236202716827393,$\delta_\text{ssc}$
wiki_qa,transformer.encoder.block.2.layer.0.SelfAttention.v,14,0.13133510947227478,cross
wiki_qa,transformer.encoder.block.2.layer.0.SelfAttention.v,14,0.478739857673645,corr
wiki_qa,transformer.encoder.block.2.layer.0.SelfAttention.v,14,0.45154109597206116,drift
wiki_qa,transformer.encoder.block.2.layer.0.SelfAttention.v,14,0.33835992217063904,tot
wiki_qa,transformer.encoder.block.2.layer.0.SelfAttention.v,14,-0.15035945177078247,$\delta_\text{gsc}$
wiki_qa,transformer.encoder.block.2.layer.0.SelfAttention.v,14,-0.5728967189788818,$\delta_\text{ssc}$
wiki_qa,transformer.encoder.block.2.layer.0.SelfAttention.o,15,0.11811858415603638,cross
wiki_qa,transformer.encoder.block.2.layer.0.SelfAttention.o,15,0.3365091383457184,corr
wiki_qa,transformer.encoder.block.2.layer.0.SelfAttention.o,15,0.21571435034275055,drift
wiki_qa,transformer.encoder.block.2.layer.0.SelfAttention.o,15,0.29070568084716797,tot
wiki_qa,transformer.encoder.block.2.layer.0.SelfAttention.o,15,-0.10354316234588623,$\delta_\text{gsc}$
wiki_qa,transformer.encoder.block.2.layer.0.SelfAttention.o,15,-0.2760932445526123,$\delta_\text{ssc}$
wiki_qa,transformer.encoder.block.2.layer.1.DenseReluDense.wi,16,0.09912628680467606,cross
wiki_qa,transformer.encoder.block.2.layer.1.DenseReluDense.wi,16,0.3734374940395355,corr
wiki_qa,transformer.encoder.block.2.layer.1.DenseReluDense.wi,16,0.31711286306381226,drift
wiki_qa,transformer.encoder.block.2.layer.1.DenseReluDense.wi,16,0.32011282444000244,tot
wiki_qa,transformer.encoder.block.2.layer.1.DenseReluDense.wi,16,-0.02494269609451294,$\delta_\text{gsc}$
wiki_qa,transformer.encoder.block.2.layer.1.DenseReluDense.wi,16,-0.44462111592292786,$\delta_\text{ssc}$
wiki_qa,transformer.encoder.block.2.layer.1.DenseReluDense.wo,17,0.14013467729091644,cross
wiki_qa,transformer.encoder.block.2.layer.1.DenseReluDense.wo,17,0.37043386697769165,corr
wiki_qa,transformer.encoder.block.2.layer.1.DenseReluDense.wo,17,0.27666911482810974,drift
wiki_qa,transformer.encoder.block.2.layer.1.DenseReluDense.wo,17,0.30653244256973267,tot
wiki_qa,transformer.encoder.block.2.layer.1.DenseReluDense.wo,17,-0.09770424664020538,$\delta_\text{gsc}$
wiki_qa,transformer.encoder.block.2.layer.1.DenseReluDense.wo,17,-0.3830009698867798,$\delta_\text{ssc}$
wiki_qa,transformer.encoder.block.3.layer.0.SelfAttention.q,18,0.1259528398513794,cross
wiki_qa,transformer.encoder.block.3.layer.0.SelfAttention.q,18,0.46790385246276855,corr
wiki_qa,transformer.encoder.block.3.layer.0.SelfAttention.q,18,0.44415926933288574,drift
wiki_qa,transformer.encoder.block.3.layer.0.SelfAttention.q,18,0.3449367880821228,tot
wiki_qa,transformer.encoder.block.3.layer.0.SelfAttention.q,18,-0.06350046396255493,$\delta_\text{gsc}$
wiki_qa,transformer.encoder.block.3.layer.0.SelfAttention.q,18,-0.629578709602356,$\delta_\text{ssc}$
wiki_qa,transformer.encoder.block.3.layer.0.SelfAttention.k,19,0.20910397171974182,cross
wiki_qa,transformer.encoder.block.3.layer.0.SelfAttention.k,19,0.46602120995521545,corr
wiki_qa,transformer.encoder.block.3.layer.0.SelfAttention.k,19,0.4442855715751648,drift
wiki_qa,transformer.encoder.block.3.layer.0.SelfAttention.k,19,0.3685210347175598,tot
wiki_qa,transformer.encoder.block.3.layer.0.SelfAttention.k,19,-0.11180451512336731,$\delta_\text{gsc}$
wiki_qa,transformer.encoder.block.3.layer.0.SelfAttention.k,19,-0.6390851736068726,$\delta_\text{ssc}$
wiki_qa,transformer.encoder.block.3.layer.0.SelfAttention.v,20,0.16407735645771027,cross
wiki_qa,transformer.encoder.block.3.layer.0.SelfAttention.v,20,0.4739423394203186,corr
wiki_qa,transformer.encoder.block.3.layer.0.SelfAttention.v,20,0.4440942704677582,drift
wiki_qa,transformer.encoder.block.3.layer.0.SelfAttention.v,20,0.3379651606082916,tot
wiki_qa,transformer.encoder.block.3.layer.0.SelfAttention.v,20,-0.18006648123264313,$\delta_\text{gsc}$
wiki_qa,transformer.encoder.block.3.layer.0.SelfAttention.v,20,-0.5640823245048523,$\delta_\text{ssc}$
wiki_qa,transformer.encoder.block.3.layer.0.SelfAttention.o,21,0.16139744222164154,cross
wiki_qa,transformer.encoder.block.3.layer.0.SelfAttention.o,21,0.29373160004615784,corr
wiki_qa,transformer.encoder.block.3.layer.0.SelfAttention.o,21,0.28054651618003845,drift
wiki_qa,transformer.encoder.block.3.layer.0.SelfAttention.o,21,0.20868761837482452,tot
wiki_qa,transformer.encoder.block.3.layer.0.SelfAttention.o,21,-0.1570136994123459,$\delta_\text{gsc}$
wiki_qa,transformer.encoder.block.3.layer.0.SelfAttention.o,21,-0.3699742555618286,$\delta_\text{ssc}$
wiki_qa,transformer.encoder.block.3.layer.1.DenseReluDense.wi,22,0.10399744659662247,cross
wiki_qa,transformer.encoder.block.3.layer.1.DenseReluDense.wi,22,0.3463934063911438,corr
wiki_qa,transformer.encoder.block.3.layer.1.DenseReluDense.wi,22,0.30072736740112305,drift
wiki_qa,transformer.encoder.block.3.layer.1.DenseReluDense.wi,22,0.30308347940444946,tot
wiki_qa,transformer.encoder.block.3.layer.1.DenseReluDense.wi,22,-0.0235423743724823,$\delta_\text{gsc}$
wiki_qa,transformer.encoder.block.3.layer.1.DenseReluDense.wi,22,-0.42449235916137695,$\delta_\text{ssc}$
wiki_qa,transformer.encoder.block.3.layer.1.DenseReluDense.wo,23,0.1378890424966812,cross
wiki_qa,transformer.encoder.block.3.layer.1.DenseReluDense.wo,23,0.2797691226005554,corr
wiki_qa,transformer.encoder.block.3.layer.1.DenseReluDense.wo,23,0.11116452515125275,drift
wiki_qa,transformer.encoder.block.3.layer.1.DenseReluDense.wo,23,0.2624499499797821,tot
wiki_qa,transformer.encoder.block.3.layer.1.DenseReluDense.wo,23,-0.12872622907161713,$\delta_\text{gsc}$
wiki_qa,transformer.encoder.block.3.layer.1.DenseReluDense.wo,23,-0.13764651119709015,$\delta_\text{ssc}$
wiki_qa,transformer.encoder.block.4.layer.0.SelfAttention.q,24,0.2180156260728836,cross
wiki_qa,transformer.encoder.block.4.layer.0.SelfAttention.q,24,0.45909661054611206,corr
wiki_qa,transformer.encoder.block.4.layer.0.SelfAttention.q,24,0.44414830207824707,drift
wiki_qa,transformer.encoder.block.4.layer.0.SelfAttention.q,24,0.3325827717781067,tot
wiki_qa,transformer.encoder.block.4.layer.0.SelfAttention.q,24,-0.12360654771327972,$\delta_\text{gsc}$
wiki_qa,transformer.encoder.block.4.layer.0.SelfAttention.q,24,-0.6650712490081787,$\delta_\text{ssc}$
wiki_qa,transformer.encoder.block.4.layer.0.SelfAttention.k,25,0.21371181309223175,cross
wiki_qa,transformer.encoder.block.4.layer.0.SelfAttention.k,25,0.4596734344959259,corr
wiki_qa,transformer.encoder.block.4.layer.0.SelfAttention.k,25,0.4442634582519531,drift
wiki_qa,transformer.encoder.block.4.layer.0.SelfAttention.k,25,0.3379446864128113,tot
wiki_qa,transformer.encoder.block.4.layer.0.SelfAttention.k,25,-0.11270330846309662,$\delta_\text{gsc}$
wiki_qa,transformer.encoder.block.4.layer.0.SelfAttention.k,25,-0.6670007109642029,$\delta_\text{ssc}$
wiki_qa,transformer.encoder.block.4.layer.0.SelfAttention.v,26,0.16874372959136963,cross
wiki_qa,transformer.encoder.block.4.layer.0.SelfAttention.v,26,0.4705965220928192,corr
wiki_qa,transformer.encoder.block.4.layer.0.SelfAttention.v,26,0.4447789788246155,drift
wiki_qa,transformer.encoder.block.4.layer.0.SelfAttention.v,26,0.3216320872306824,tot
wiki_qa,transformer.encoder.block.4.layer.0.SelfAttention.v,26,-0.1602904498577118,$\delta_\text{gsc}$
wiki_qa,transformer.encoder.block.4.layer.0.SelfAttention.v,26,-0.6021966934204102,$\delta_\text{ssc}$
wiki_qa,transformer.encoder.block.4.layer.0.SelfAttention.o,27,0.16986918449401855,cross
wiki_qa,transformer.encoder.block.4.layer.0.SelfAttention.o,27,0.2962872087955475,corr
wiki_qa,transformer.encoder.block.4.layer.0.SelfAttention.o,27,0.21526788175106049,drift
wiki_qa,transformer.encoder.block.4.layer.0.SelfAttention.o,27,0.3169603943824768,tot
wiki_qa,transformer.encoder.block.4.layer.0.SelfAttention.o,27,-0.1515854001045227,$\delta_\text{gsc}$
wiki_qa,transformer.encoder.block.4.layer.0.SelfAttention.o,27,-0.21287848055362701,$\delta_\text{ssc}$
wiki_qa,transformer.encoder.block.4.layer.1.DenseReluDense.wi,28,0.11417759209871292,cross
wiki_qa,transformer.encoder.block.4.layer.1.DenseReluDense.wi,28,0.33405816555023193,corr
wiki_qa,transformer.encoder.block.4.layer.1.DenseReluDense.wi,28,0.2915823459625244,drift
wiki_qa,transformer.encoder.block.4.layer.1.DenseReluDense.wi,28,0.3123299777507782,tot
wiki_qa,transformer.encoder.block.4.layer.1.DenseReluDense.wi,28,-0.03284017741680145,$\delta_\text{gsc}$
wiki_qa,transformer.encoder.block.4.layer.1.DenseReluDense.wi,28,-0.3946479558944702,$\delta_\text{ssc}$
wiki_qa,transformer.encoder.block.4.layer.1.DenseReluDense.wo,29,0.15824469923973083,cross
wiki_qa,transformer.encoder.block.4.layer.1.DenseReluDense.wo,29,0.2236708551645279,corr
wiki_qa,transformer.encoder.block.4.layer.1.DenseReluDense.wo,29,0.05524201691150665,drift
wiki_qa,transformer.encoder.block.4.layer.1.DenseReluDense.wo,29,0.22943560779094696,tot
wiki_qa,transformer.encoder.block.4.layer.1.DenseReluDense.wo,29,-0.14232222735881805,$\delta_\text{gsc}$
wiki_qa,transformer.encoder.block.4.layer.1.DenseReluDense.wo,29,-0.06539973616600037,$\delta_\text{ssc}$
wiki_qa,transformer.encoder.block.5.layer.0.SelfAttention.q,30,0.2234346866607666,cross
wiki_qa,transformer.encoder.block.5.layer.0.SelfAttention.q,30,0.4511483311653137,corr
wiki_qa,transformer.encoder.block.5.layer.0.SelfAttention.q,30,0.43792155385017395,drift
wiki_qa,transformer.encoder.block.5.layer.0.SelfAttention.q,30,0.33532148599624634,tot
wiki_qa,transformer.encoder.block.5.layer.0.SelfAttention.q,30,-0.11642877757549286,$\delta_\text{gsc}$
wiki_qa,transformer.encoder.block.5.layer.0.SelfAttention.q,30,-0.6607543230056763,$\delta_\text{ssc}$
wiki_qa,transformer.encoder.block.5.layer.0.SelfAttention.k,31,0.17364925146102905,cross
wiki_qa,transformer.encoder.block.5.layer.0.SelfAttention.k,31,0.4616166651248932,corr
wiki_qa,transformer.encoder.block.5.layer.0.SelfAttention.k,31,0.43818768858909607,drift
wiki_qa,transformer.encoder.block.5.layer.0.SelfAttention.k,31,0.3512091636657715,tot
wiki_qa,transformer.encoder.block.5.layer.0.SelfAttention.k,31,-0.10879266262054443,$\delta_\text{gsc}$
wiki_qa,transformer.encoder.block.5.layer.0.SelfAttention.k,31,-0.6134517788887024,$\delta_\text{ssc}$
wiki_qa,transformer.encoder.block.5.layer.0.SelfAttention.v,32,0.21939800679683685,cross
wiki_qa,transformer.encoder.block.5.layer.0.SelfAttention.v,32,0.4753226041793823,corr
wiki_qa,transformer.encoder.block.5.layer.0.SelfAttention.v,32,0.43912845849990845,drift
wiki_qa,transformer.encoder.block.5.layer.0.SelfAttention.v,32,0.3699157238006592,tot
wiki_qa,transformer.encoder.block.5.layer.0.SelfAttention.v,32,-0.22625340521335602,$\delta_\text{gsc}$
wiki_qa,transformer.encoder.block.5.layer.0.SelfAttention.v,32,-0.53767991065979,$\delta_\text{ssc}$
wiki_qa,transformer.encoder.block.5.layer.0.SelfAttention.o,33,0.19438627362251282,cross
wiki_qa,transformer.encoder.block.5.layer.0.SelfAttention.o,33,0.2594003677368164,corr
wiki_qa,transformer.encoder.block.5.layer.0.SelfAttention.o,33,0.2303624302148819,drift
wiki_qa,transformer.encoder.block.5.layer.0.SelfAttention.o,33,0.2875592112541199,tot
wiki_qa,transformer.encoder.block.5.layer.0.SelfAttention.o,33,-0.12764021754264832,$\delta_\text{gsc}$
wiki_qa,transformer.encoder.block.5.layer.0.SelfAttention.o,33,-0.26894962787628174,$\delta_\text{ssc}$
wiki_qa,transformer.encoder.block.5.layer.1.DenseReluDense.wi,34,0.10066308826208115,cross
wiki_qa,transformer.encoder.block.5.layer.1.DenseReluDense.wi,34,0.33479544520378113,corr
wiki_qa,transformer.encoder.block.5.layer.1.DenseReluDense.wi,34,0.29103580117225647,drift
wiki_qa,transformer.encoder.block.5.layer.1.DenseReluDense.wi,34,0.29966574907302856,tot
wiki_qa,transformer.encoder.block.5.layer.1.DenseReluDense.wi,34,-0.03584107756614685,$\delta_\text{gsc}$
wiki_qa,transformer.encoder.block.5.layer.1.DenseReluDense.wi,34,-0.3909875154495239,$\delta_\text{ssc}$
wiki_qa,transformer.encoder.block.5.layer.1.DenseReluDense.wo,35,0.20340681076049805,cross
wiki_qa,transformer.encoder.block.5.layer.1.DenseReluDense.wo,35,0.29048842191696167,corr
wiki_qa,transformer.encoder.block.5.layer.1.DenseReluDense.wo,35,0.11707884073257446,drift
wiki_qa,transformer.encoder.block.5.layer.1.DenseReluDense.wo,35,0.26337942481040955,tot
wiki_qa,transformer.encoder.block.5.layer.1.DenseReluDense.wo,35,-0.2095516324043274,$\delta_\text{gsc}$
wiki_qa,transformer.encoder.block.5.layer.1.DenseReluDense.wo,35,-0.13804301619529724,$\delta_\text{ssc}$
wiki_qa,transformer.encoder.block.6.layer.0.SelfAttention.q,36,0.30791211128234863,cross
wiki_qa,transformer.encoder.block.6.layer.0.SelfAttention.q,36,0.4540698230266571,corr
wiki_qa,transformer.encoder.block.6.layer.0.SelfAttention.q,36,0.4368230998516083,drift
wiki_qa,transformer.encoder.block.6.layer.0.SelfAttention.q,36,0.3668171167373657,tot
wiki_qa,transformer.encoder.block.6.layer.0.SelfAttention.q,36,-0.18905393779277802,$\delta_\text{gsc}$
wiki_qa,transformer.encoder.block.6.layer.0.SelfAttention.q,36,-0.6429339647293091,$\delta_\text{ssc}$
wiki_qa,transformer.encoder.block.6.layer.0.SelfAttention.k,37,0.19203969836235046,cross
wiki_qa,transformer.encoder.block.6.layer.0.SelfAttention.k,37,0.45930272340774536,corr
wiki_qa,transformer.encoder.block.6.layer.0.SelfAttention.k,37,0.4365389943122864,drift
wiki_qa,transformer.encoder.block.6.layer.0.SelfAttention.k,37,0.3567323386669159,tot
wiki_qa,transformer.encoder.block.6.layer.0.SelfAttention.k,37,-0.11132195591926575,$\delta_\text{gsc}$
wiki_qa,transformer.encoder.block.6.layer.0.SelfAttention.k,37,-0.619827151298523,$\delta_\text{ssc}$
wiki_qa,transformer.encoder.block.6.layer.0.SelfAttention.v,38,0.21746763586997986,cross
wiki_qa,transformer.encoder.block.6.layer.0.SelfAttention.v,38,0.4756731390953064,corr
wiki_qa,transformer.encoder.block.6.layer.0.SelfAttention.v,38,0.4380943179130554,drift
wiki_qa,transformer.encoder.block.6.layer.0.SelfAttention.v,38,0.3794602155685425,tot
wiki_qa,transformer.encoder.block.6.layer.0.SelfAttention.v,38,-0.21066215634346008,$\delta_\text{gsc}$
wiki_qa,transformer.encoder.block.6.layer.0.SelfAttention.v,38,-0.5411127209663391,$\delta_\text{ssc}$
wiki_qa,transformer.encoder.block.6.layer.0.SelfAttention.o,39,0.2638794779777527,cross
wiki_qa,transformer.encoder.block.6.layer.0.SelfAttention.o,39,0.17943280935287476,corr
wiki_qa,transformer.encoder.block.6.layer.0.SelfAttention.o,39,0.1556108444929123,drift
wiki_qa,transformer.encoder.block.6.layer.0.SelfAttention.o,39,0.3156614601612091,tot
wiki_qa,transformer.encoder.block.6.layer.0.SelfAttention.o,39,-0.13509339094161987,$\delta_\text{gsc}$
wiki_qa,transformer.encoder.block.6.layer.0.SelfAttention.o,39,-0.14816828072071075,$\delta_\text{ssc}$
wiki_qa,transformer.encoder.block.6.layer.1.DenseReluDense.wi,40,0.1268039345741272,cross
wiki_qa,transformer.encoder.block.6.layer.1.DenseReluDense.wi,40,0.3199113607406616,corr
wiki_qa,transformer.encoder.block.6.layer.1.DenseReluDense.wi,40,0.28295639157295227,drift
wiki_qa,transformer.encoder.block.6.layer.1.DenseReluDense.wi,40,0.32561278343200684,tot
wiki_qa,transformer.encoder.block.6.layer.1.DenseReluDense.wi,40,-0.03197847306728363,$\delta_\text{gsc}$
wiki_qa,transformer.encoder.block.6.layer.1.DenseReluDense.wi,40,-0.3720804452896118,$\delta_\text{ssc}$
wiki_qa,transformer.encoder.block.6.layer.1.DenseReluDense.wo,41,0.2589946389198303,cross
wiki_qa,transformer.encoder.block.6.layer.1.DenseReluDense.wo,41,0.3513629734516144,corr
wiki_qa,transformer.encoder.block.6.layer.1.DenseReluDense.wo,41,0.19740082323551178,drift
wiki_qa,transformer.encoder.block.6.layer.1.DenseReluDense.wo,41,0.3011970520019531,tot
wiki_qa,transformer.encoder.block.6.layer.1.DenseReluDense.wo,41,-0.26771026849746704,$\delta_\text{gsc}$
wiki_qa,transformer.encoder.block.6.layer.1.DenseReluDense.wo,41,-0.23885111510753632,$\delta_\text{ssc}$
wiki_qa,transformer.encoder.block.7.layer.0.SelfAttention.q,42,0.31054726243019104,cross
wiki_qa,transformer.encoder.block.7.layer.0.SelfAttention.q,42,0.4408220946788788,corr
wiki_qa,transformer.encoder.block.7.layer.0.SelfAttention.q,42,0.42182832956314087,drift
wiki_qa,transformer.encoder.block.7.layer.0.SelfAttention.q,42,0.32083845138549805,tot
wiki_qa,transformer.encoder.block.7.layer.0.SelfAttention.q,42,-0.23064959049224854,$\delta_\text{gsc}$
wiki_qa,transformer.encoder.block.7.layer.0.SelfAttention.q,42,-0.6217096447944641,$\delta_\text{ssc}$
wiki_qa,transformer.encoder.block.7.layer.0.SelfAttention.k,43,0.15459297597408295,cross
wiki_qa,transformer.encoder.block.7.layer.0.SelfAttention.k,43,0.4578781723976135,corr
wiki_qa,transformer.encoder.block.7.layer.0.SelfAttention.k,43,0.42176318168640137,drift
wiki_qa,transformer.encoder.block.7.layer.0.SelfAttention.k,43,0.35530924797058105,tot
wiki_qa,transformer.encoder.block.7.layer.0.SelfAttention.k,43,-0.11264334619045258,$\delta_\text{gsc}$
wiki_qa,transformer.encoder.block.7.layer.0.SelfAttention.k,43,-0.5662817358970642,$\delta_\text{ssc}$
wiki_qa,transformer.encoder.block.7.layer.0.SelfAttention.v,44,0.28487682342529297,cross
wiki_qa,transformer.encoder.block.7.layer.0.SelfAttention.v,44,0.4678274989128113,corr
wiki_qa,transformer.encoder.block.7.layer.0.SelfAttention.v,44,0.4241519272327423,drift
wiki_qa,transformer.encoder.block.7.layer.0.SelfAttention.v,44,0.3804543912410736,tot
wiki_qa,transformer.encoder.block.7.layer.0.SelfAttention.v,44,-0.26369136571884155,$\delta_\text{gsc}$
wiki_qa,transformer.encoder.block.7.layer.0.SelfAttention.v,44,-0.5327104926109314,$\delta_\text{ssc}$
wiki_qa,transformer.encoder.block.7.layer.0.SelfAttention.o,45,0.26284730434417725,cross
wiki_qa,transformer.encoder.block.7.layer.0.SelfAttention.o,45,0.22093400359153748,corr
wiki_qa,transformer.encoder.block.7.layer.0.SelfAttention.o,45,0.13412357866764069,drift
wiki_qa,transformer.encoder.block.7.layer.0.SelfAttention.o,45,0.3310086131095886,tot
wiki_qa,transformer.encoder.block.7.layer.0.SelfAttention.o,45,-0.15166032314300537,$\delta_\text{gsc}$
wiki_qa,transformer.encoder.block.7.layer.0.SelfAttention.o,45,-0.1352359503507614,$\delta_\text{ssc}$
wiki_qa,transformer.encoder.block.7.layer.1.DenseReluDense.wi,46,0.08871699124574661,cross
wiki_qa,transformer.encoder.block.7.layer.1.DenseReluDense.wi,46,0.3048463761806488,corr
wiki_qa,transformer.encoder.block.7.layer.1.DenseReluDense.wi,46,0.2638028562068939,drift
wiki_qa,transformer.encoder.block.7.layer.1.DenseReluDense.wi,46,0.26585665345191956,tot
wiki_qa,transformer.encoder.block.7.layer.1.DenseReluDense.wi,46,-0.06848731637001038,$\delta_\text{gsc}$
wiki_qa,transformer.encoder.block.7.layer.1.DenseReluDense.wi,46,-0.3230222463607788,$\delta_\text{ssc}$
wiki_qa,transformer.encoder.block.7.layer.1.DenseReluDense.wo,47,0.26771843433380127,cross
wiki_qa,transformer.encoder.block.7.layer.1.DenseReluDense.wo,47,0.4082391858100891,corr
wiki_qa,transformer.encoder.block.7.layer.1.DenseReluDense.wo,47,0.13296842575073242,drift
wiki_qa,transformer.encoder.block.7.layer.1.DenseReluDense.wo,47,0.4323561489582062,tot
wiki_qa,transformer.encoder.block.7.layer.1.DenseReluDense.wo,47,-0.22948727011680603,$\delta_\text{gsc}$
wiki_qa,transformer.encoder.block.7.layer.1.DenseReluDense.wo,47,-0.1470826268196106,$\delta_\text{ssc}$
wiki_qa,transformer.encoder.block.8.layer.0.SelfAttention.q,48,0.2526033818721771,cross
wiki_qa,transformer.encoder.block.8.layer.0.SelfAttention.q,48,0.41696080565452576,corr
wiki_qa,transformer.encoder.block.8.layer.0.SelfAttention.q,48,0.3866875469684601,drift
wiki_qa,transformer.encoder.block.8.layer.0.SelfAttention.q,48,0.3451348841190338,tot
wiki_qa,transformer.encoder.block.8.layer.0.SelfAttention.q,48,-0.149205282330513,$\delta_\text{gsc}$
wiki_qa,transformer.encoder.block.8.layer.0.SelfAttention.q,48,-0.5619115829467773,$\delta_\text{ssc}$
wiki_qa,transformer.encoder.block.8.layer.0.SelfAttention.k,49,0.18181034922599792,cross
wiki_qa,transformer.encoder.block.8.layer.0.SelfAttention.k,49,0.44112393260002136,corr
wiki_qa,transformer.encoder.block.8.layer.0.SelfAttention.k,49,0.3853667080402374,drift
wiki_qa,transformer.encoder.block.8.layer.0.SelfAttention.k,49,0.36772826313972473,tot
wiki_qa,transformer.encoder.block.8.layer.0.SelfAttention.k,49,-0.12831977009773254,$\delta_\text{gsc}$
wiki_qa,transformer.encoder.block.8.layer.0.SelfAttention.k,49,-0.512252926826477,$\delta_\text{ssc}$
wiki_qa,transformer.encoder.block.8.layer.0.SelfAttention.v,50,0.207898810505867,cross
wiki_qa,transformer.encoder.block.8.layer.0.SelfAttention.v,50,0.4698881208896637,corr
wiki_qa,transformer.encoder.block.8.layer.0.SelfAttention.v,50,0.3939253091812134,drift
wiki_qa,transformer.encoder.block.8.layer.0.SelfAttention.v,50,0.43386340141296387,tot
wiki_qa,transformer.encoder.block.8.layer.0.SelfAttention.v,50,-0.17774929106235504,$\delta_\text{gsc}$
wiki_qa,transformer.encoder.block.8.layer.0.SelfAttention.v,50,-0.46009954810142517,$\delta_\text{ssc}$
wiki_qa,transformer.encoder.block.8.layer.0.SelfAttention.o,51,0.25320443511009216,cross
wiki_qa,transformer.encoder.block.8.layer.0.SelfAttention.o,51,0.2677422761917114,corr
wiki_qa,transformer.encoder.block.8.layer.0.SelfAttention.o,51,0.17638646066188812,drift
wiki_qa,transformer.encoder.block.8.layer.0.SelfAttention.o,51,0.31885185837745667,tot
wiki_qa,transformer.encoder.block.8.layer.0.SelfAttention.o,51,-0.1639939844608307,$\delta_\text{gsc}$
wiki_qa,transformer.encoder.block.8.layer.0.SelfAttention.o,51,-0.21448732912540436,$\delta_\text{ssc}$
wiki_qa,transformer.encoder.block.8.layer.1.DenseReluDense.wi,52,0.10556821525096893,cross
wiki_qa,transformer.encoder.block.8.layer.1.DenseReluDense.wi,52,0.29233092069625854,corr
wiki_qa,transformer.encoder.block.8.layer.1.DenseReluDense.wi,52,0.2520427107810974,drift
wiki_qa,transformer.encoder.block.8.layer.1.DenseReluDense.wi,52,0.3043285608291626,tot
wiki_qa,transformer.encoder.block.8.layer.1.DenseReluDense.wi,52,-0.038157299160957336,$\delta_\text{gsc}$
wiki_qa,transformer.encoder.block.8.layer.1.DenseReluDense.wi,52,-0.30745598673820496,$\delta_\text{ssc}$
wiki_qa,transformer.encoder.block.8.layer.1.DenseReluDense.wo,53,0.276079386472702,cross
wiki_qa,transformer.encoder.block.8.layer.1.DenseReluDense.wo,53,0.45017939805984497,corr
wiki_qa,transformer.encoder.block.8.layer.1.DenseReluDense.wo,53,0.2939145863056183,drift
wiki_qa,transformer.encoder.block.8.layer.1.DenseReluDense.wo,53,0.44267988204956055,tot
wiki_qa,transformer.encoder.block.8.layer.1.DenseReluDense.wo,53,-0.2507229447364807,$\delta_\text{gsc}$
wiki_qa,transformer.encoder.block.8.layer.1.DenseReluDense.wo,53,-0.326770544052124,$\delta_\text{ssc}$
wiki_qa,transformer.encoder.block.9.layer.0.SelfAttention.q,54,0.251369446516037,cross
wiki_qa,transformer.encoder.block.9.layer.0.SelfAttention.q,54,0.43421199917793274,corr
wiki_qa,transformer.encoder.block.9.layer.0.SelfAttention.q,54,0.37143805623054504,drift
wiki_qa,transformer.encoder.block.9.layer.0.SelfAttention.q,54,0.34155523777008057,tot
wiki_qa,transformer.encoder.block.9.layer.0.SelfAttention.q,54,-0.23248228430747986,$\delta_\text{gsc}$
wiki_qa,transformer.encoder.block.9.layer.0.SelfAttention.q,54,-0.48298197984695435,$\delta_\text{ssc}$
wiki_qa,transformer.encoder.block.9.layer.0.SelfAttention.k,55,0.2938523590564728,cross
wiki_qa,transformer.encoder.block.9.layer.0.SelfAttention.k,55,0.4316376745700836,corr
wiki_qa,transformer.encoder.block.9.layer.0.SelfAttention.k,55,0.3683426082134247,drift
wiki_qa,transformer.encoder.block.9.layer.0.SelfAttention.k,55,0.38313543796539307,tot
wiki_qa,transformer.encoder.block.9.layer.0.SelfAttention.k,55,-0.23267292976379395,$\delta_\text{gsc}$
wiki_qa,transformer.encoder.block.9.layer.0.SelfAttention.k,55,-0.47802427411079407,$\delta_\text{ssc}$
wiki_qa,transformer.encoder.block.9.layer.0.SelfAttention.v,56,0.24038441479206085,cross
wiki_qa,transformer.encoder.block.9.layer.0.SelfAttention.v,56,0.46142756938934326,corr
wiki_qa,transformer.encoder.block.9.layer.0.SelfAttention.v,56,0.3801968991756439,drift
wiki_qa,transformer.encoder.block.9.layer.0.SelfAttention.v,56,0.40716901421546936,tot
wiki_qa,transformer.encoder.block.9.layer.0.SelfAttention.v,56,-0.22193516790866852,$\delta_\text{gsc}$
wiki_qa,transformer.encoder.block.9.layer.0.SelfAttention.v,56,-0.45290470123291016,$\delta_\text{ssc}$
wiki_qa,transformer.encoder.block.9.layer.0.SelfAttention.o,57,0.2135259211063385,cross
wiki_qa,transformer.encoder.block.9.layer.0.SelfAttention.o,57,0.19501760601997375,corr
wiki_qa,transformer.encoder.block.9.layer.0.SelfAttention.o,57,0.14856235682964325,drift
wiki_qa,transformer.encoder.block.9.layer.0.SelfAttention.o,57,0.2721986770629883,tot
wiki_qa,transformer.encoder.block.9.layer.0.SelfAttention.o,57,-0.12598681449890137,$\delta_\text{gsc}$
wiki_qa,transformer.encoder.block.9.layer.0.SelfAttention.o,57,-0.15892039239406586,$\delta_\text{ssc}$
wiki_qa,transformer.encoder.block.9.layer.1.DenseReluDense.wi,58,0.09026474505662918,cross
wiki_qa,transformer.encoder.block.9.layer.1.DenseReluDense.wi,58,0.29662200808525085,corr
wiki_qa,transformer.encoder.block.9.layer.1.DenseReluDense.wi,58,0.23322537541389465,drift
wiki_qa,transformer.encoder.block.9.layer.1.DenseReluDense.wi,58,0.27355000376701355,tot
wiki_qa,transformer.encoder.block.9.layer.1.DenseReluDense.wi,58,-0.07638412714004517,$\delta_\text{gsc}$
wiki_qa,transformer.encoder.block.9.layer.1.DenseReluDense.wi,58,-0.2701779901981354,$\delta_\text{ssc}$
wiki_qa,transformer.encoder.block.9.layer.1.DenseReluDense.wo,59,0.317395955324173,cross
wiki_qa,transformer.encoder.block.9.layer.1.DenseReluDense.wo,59,0.4805414378643036,corr
wiki_qa,transformer.encoder.block.9.layer.1.DenseReluDense.wo,59,0.31198036670684814,drift
wiki_qa,transformer.encoder.block.9.layer.1.DenseReluDense.wo,59,0.4514886438846588,tot
wiki_qa,transformer.encoder.block.9.layer.1.DenseReluDense.wo,59,-0.3115740716457367,$\delta_\text{gsc}$
wiki_qa,transformer.encoder.block.9.layer.1.DenseReluDense.wo,59,-0.3468550443649292,$\delta_\text{ssc}$
wiki_qa,transformer.encoder.block.10.layer.0.SelfAttention.q,60,0.3454304039478302,cross
wiki_qa,transformer.encoder.block.10.layer.0.SelfAttention.q,60,0.42984095215797424,corr
wiki_qa,transformer.encoder.block.10.layer.0.SelfAttention.q,60,0.36990922689437866,drift
wiki_qa,transformer.encoder.block.10.layer.0.SelfAttention.q,60,0.35470250248908997,tot
wiki_qa,transformer.encoder.block.10.layer.0.SelfAttention.q,60,-0.29651573300361633,$\delta_\text{gsc}$
wiki_qa,transformer.encoder.block.10.layer.0.SelfAttention.q,60,-0.4939623475074768,$\delta_\text{ssc}$
wiki_qa,transformer.encoder.block.10.layer.0.SelfAttention.k,61,0.18054203689098358,cross
wiki_qa,transformer.encoder.block.10.layer.0.SelfAttention.k,61,0.44016033411026,corr
wiki_qa,transformer.encoder.block.10.layer.0.SelfAttention.k,61,0.36270883679389954,drift
wiki_qa,transformer.encoder.block.10.layer.0.SelfAttention.k,61,0.40204814076423645,tot
wiki_qa,transformer.encoder.block.10.layer.0.SelfAttention.k,61,-0.1051710993051529,$\delta_\text{gsc}$
wiki_qa,transformer.encoder.block.10.layer.0.SelfAttention.k,61,-0.4761919677257538,$\delta_\text{ssc}$
wiki_qa,transformer.encoder.block.10.layer.0.SelfAttention.v,62,0.2970571517944336,cross
wiki_qa,transformer.encoder.block.10.layer.0.SelfAttention.v,62,0.46750032901763916,corr
wiki_qa,transformer.encoder.block.10.layer.0.SelfAttention.v,62,0.37383583188056946,drift
wiki_qa,transformer.encoder.block.10.layer.0.SelfAttention.v,62,0.4176250100135803,tot
wiki_qa,transformer.encoder.block.10.layer.0.SelfAttention.v,62,-0.27147895097732544,$\delta_\text{gsc}$
wiki_qa,transformer.encoder.block.10.layer.0.SelfAttention.v,62,-0.44928935170173645,$\delta_\text{ssc}$
wiki_qa,transformer.encoder.block.10.layer.0.SelfAttention.o,63,0.28120195865631104,cross
wiki_qa,transformer.encoder.block.10.layer.0.SelfAttention.o,63,0.21782711148262024,corr
wiki_qa,transformer.encoder.block.10.layer.0.SelfAttention.o,63,0.18380260467529297,drift
wiki_qa,transformer.encoder.block.10.layer.0.SelfAttention.o,63,0.3107769787311554,tot
wiki_qa,transformer.encoder.block.10.layer.0.SelfAttention.o,63,-0.1391705423593521,$\delta_\text{gsc}$
wiki_qa,transformer.encoder.block.10.layer.0.SelfAttention.o,63,-0.23288415372371674,$\delta_\text{ssc}$
wiki_qa,transformer.encoder.block.10.layer.1.DenseReluDense.wi,64,0.10786708444356918,cross
wiki_qa,transformer.encoder.block.10.layer.1.DenseReluDense.wi,64,0.27273863554000854,corr
wiki_qa,transformer.encoder.block.10.layer.1.DenseReluDense.wi,64,0.2225247174501419,drift
wiki_qa,transformer.encoder.block.10.layer.1.DenseReluDense.wi,64,0.2583633363246918,tot
wiki_qa,transformer.encoder.block.10.layer.1.DenseReluDense.wi,64,-0.10401532053947449,$\delta_\text{gsc}$
wiki_qa,transformer.encoder.block.10.layer.1.DenseReluDense.wi,64,-0.24075178802013397,$\delta_\text{ssc}$
wiki_qa,transformer.encoder.block.10.layer.1.DenseReluDense.wo,65,0.2995138466358185,cross
wiki_qa,transformer.encoder.block.10.layer.1.DenseReluDense.wo,65,0.4714784622192383,corr
wiki_qa,transformer.encoder.block.10.layer.1.DenseReluDense.wo,65,0.23203237354755402,drift
wiki_qa,transformer.encoder.block.10.layer.1.DenseReluDense.wo,65,0.4485491216182709,tot
wiki_qa,transformer.encoder.block.10.layer.1.DenseReluDense.wo,65,-0.3055814206600189,$\delta_\text{gsc}$
wiki_qa,transformer.encoder.block.10.layer.1.DenseReluDense.wo,65,-0.24889414012432098,$\delta_\text{ssc}$
wiki_qa,transformer.encoder.block.11.layer.0.SelfAttention.q,66,0.29946988821029663,cross
wiki_qa,transformer.encoder.block.11.layer.0.SelfAttention.q,66,0.395873099565506,corr
wiki_qa,transformer.encoder.block.11.layer.0.SelfAttention.q,66,0.3333895802497864,drift
wiki_qa,transformer.encoder.block.11.layer.0.SelfAttention.q,66,0.3684088885784149,tot
wiki_qa,transformer.encoder.block.11.layer.0.SelfAttention.q,66,-0.2116706669330597,$\delta_\text{gsc}$
wiki_qa,transformer.encoder.block.11.layer.0.SelfAttention.q,66,-0.4486530125141144,$\delta_\text{ssc}$
wiki_qa,transformer.encoder.block.11.layer.0.SelfAttention.k,67,0.15624196827411652,cross
wiki_qa,transformer.encoder.block.11.layer.0.SelfAttention.k,67,0.44253867864608765,corr
wiki_qa,transformer.encoder.block.11.layer.0.SelfAttention.k,67,0.3270399868488312,drift
wiki_qa,transformer.encoder.block.11.layer.0.SelfAttention.k,67,0.38435885310173035,tot
wiki_qa,transformer.encoder.block.11.layer.0.SelfAttention.k,67,-0.13652922213077545,$\delta_\text{gsc}$
wiki_qa,transformer.encoder.block.11.layer.0.SelfAttention.k,67,-0.40493255853652954,$\delta_\text{ssc}$
wiki_qa,transformer.encoder.block.11.layer.0.SelfAttention.v,68,0.33879026770591736,cross
wiki_qa,transformer.encoder.block.11.layer.0.SelfAttention.v,68,0.4624044895172119,corr
wiki_qa,transformer.encoder.block.11.layer.0.SelfAttention.v,68,0.35941269993782043,drift
wiki_qa,transformer.encoder.block.11.layer.0.SelfAttention.v,68,0.4102078676223755,tot
wiki_qa,transformer.encoder.block.11.layer.0.SelfAttention.v,68,-0.3326098322868347,$\delta_\text{gsc}$
wiki_qa,transformer.encoder.block.11.layer.0.SelfAttention.v,68,-0.4177897572517395,$\delta_\text{ssc}$
wiki_qa,transformer.encoder.block.11.layer.0.SelfAttention.o,69,0.298075795173645,cross
wiki_qa,transformer.encoder.block.11.layer.0.SelfAttention.o,69,0.23348219692707062,corr
wiki_qa,transformer.encoder.block.11.layer.0.SelfAttention.o,69,0.1848289966583252,drift
wiki_qa,transformer.encoder.block.11.layer.0.SelfAttention.o,69,0.3519228994846344,tot
wiki_qa,transformer.encoder.block.11.layer.0.SelfAttention.o,69,-0.16179761290550232,$\delta_\text{gsc}$
wiki_qa,transformer.encoder.block.11.layer.0.SelfAttention.o,69,-0.2026664763689041,$\delta_\text{ssc}$
wiki_qa,transformer.encoder.block.11.layer.1.DenseReluDense.wi,70,0.12326677143573761,cross
wiki_qa,transformer.encoder.block.11.layer.1.DenseReluDense.wi,70,0.32321181893348694,corr
wiki_qa,transformer.encoder.block.11.layer.1.DenseReluDense.wi,70,0.26966986060142517,drift
wiki_qa,transformer.encoder.block.11.layer.1.DenseReluDense.wi,70,0.3050127327442169,tot
wiki_qa,transformer.encoder.block.11.layer.1.DenseReluDense.wi,70,-0.12178955972194672,$\delta_\text{gsc}$
wiki_qa,transformer.encoder.block.11.layer.1.DenseReluDense.wi,70,-0.2893461585044861,$\delta_\text{ssc}$
wiki_qa,transformer.encoder.block.11.layer.1.DenseReluDense.wo,71,0.3251642882823944,cross
wiki_qa,transformer.encoder.block.11.layer.1.DenseReluDense.wo,71,0.4072844386100769,corr
wiki_qa,transformer.encoder.block.11.layer.1.DenseReluDense.wo,71,0.09634626656770706,drift
wiki_qa,transformer.encoder.block.11.layer.1.DenseReluDense.wo,71,0.4430791735649109,tot
wiki_qa,transformer.encoder.block.11.layer.1.DenseReluDense.wo,71,-0.2943793833255768,$\delta_\text{gsc}$
wiki_qa,transformer.encoder.block.11.layer.1.DenseReluDense.wo,71,-0.0913364365696907,$\delta_\text{ssc}$
wiki_qa,transformer.decoder.block.0.layer.0.SelfAttention.q,72,0.02127189002931118,cross
wiki_qa,transformer.decoder.block.0.layer.0.SelfAttention.q,72,0.09746668487787247,corr
wiki_qa,transformer.decoder.block.0.layer.0.SelfAttention.q,72,0.012726709246635437,drift
wiki_qa,transformer.decoder.block.0.layer.0.SelfAttention.q,72,0.09818486124277115,tot
wiki_qa,transformer.decoder.block.0.layer.0.SelfAttention.q,72,-0.02178361266851425,$\delta_\text{gsc}$
wiki_qa,transformer.decoder.block.0.layer.0.SelfAttention.q,72,-0.011496812105178833,$\delta_\text{ssc}$
wiki_qa,transformer.decoder.block.0.layer.0.SelfAttention.k,73,0.21522143483161926,cross
wiki_qa,transformer.decoder.block.0.layer.0.SelfAttention.k,73,0.02328156866133213,corr
wiki_qa,transformer.decoder.block.0.layer.0.SelfAttention.k,73,0.012732403352856636,drift
wiki_qa,transformer.decoder.block.0.layer.0.SelfAttention.k,73,0.21491840481758118,tot
wiki_qa,transformer.decoder.block.0.layer.0.SelfAttention.k,73,-0.025557205080986023,$\delta_\text{gsc}$
wiki_qa,transformer.decoder.block.0.layer.0.SelfAttention.k,73,-0.01075979694724083,$\delta_\text{ssc}$
wiki_qa,transformer.decoder.block.0.layer.0.SelfAttention.v,74,0.10495860129594803,cross
wiki_qa,transformer.decoder.block.0.layer.0.SelfAttention.v,74,0.22674041986465454,corr
wiki_qa,transformer.decoder.block.0.layer.0.SelfAttention.v,74,0.010398831218481064,drift
wiki_qa,transformer.decoder.block.0.layer.0.SelfAttention.v,74,0.32500365376472473,tot
wiki_qa,transformer.decoder.block.0.layer.0.SelfAttention.v,74,-0.005662098526954651,$\delta_\text{gsc}$
wiki_qa,transformer.decoder.block.0.layer.0.SelfAttention.v,74,-0.011432092636823654,$\delta_\text{ssc}$
wiki_qa,transformer.decoder.block.0.layer.0.SelfAttention.o,75,0.1463678926229477,cross
wiki_qa,transformer.decoder.block.0.layer.0.SelfAttention.o,75,0.0696314349770546,corr
wiki_qa,transformer.decoder.block.0.layer.0.SelfAttention.o,75,0.28752976655960083,drift
wiki_qa,transformer.decoder.block.0.layer.0.SelfAttention.o,75,0.23945267498493195,tot
wiki_qa,transformer.decoder.block.0.layer.0.SelfAttention.o,75,-0.25623130798339844,$\delta_\text{gsc}$
wiki_qa,transformer.decoder.block.0.layer.0.SelfAttention.o,75,-0.007845103740692139,$\delta_\text{ssc}$
wiki_qa,transformer.decoder.block.0.layer.1.EncDecAttention.q,76,0.047660697251558304,cross
wiki_qa,transformer.decoder.block.0.layer.1.EncDecAttention.q,76,0.12536954879760742,corr
wiki_qa,transformer.decoder.block.0.layer.1.EncDecAttention.q,76,0.08944104611873627,drift
wiki_qa,transformer.decoder.block.0.layer.1.EncDecAttention.q,76,0.14536792039871216,tot
wiki_qa,transformer.decoder.block.0.layer.1.EncDecAttention.q,76,-0.0668538510799408,$\delta_\text{gsc}$
wiki_qa,transformer.decoder.block.0.layer.1.EncDecAttention.q,76,-0.05024951696395874,$\delta_\text{ssc}$
wiki_qa,transformer.decoder.block.0.layer.1.EncDecAttention.k,77,0.1617971956729889,cross
wiki_qa,transformer.decoder.block.0.layer.1.EncDecAttention.k,77,0.4697873294353485,corr
wiki_qa,transformer.decoder.block.0.layer.1.EncDecAttention.k,77,0.4130662679672241,drift
wiki_qa,transformer.decoder.block.0.layer.1.EncDecAttention.k,77,0.4014829099178314,tot
wiki_qa,transformer.decoder.block.0.layer.1.EncDecAttention.k,77,-0.17867767810821533,$\delta_\text{gsc}$
wiki_qa,transformer.decoder.block.0.layer.1.EncDecAttention.k,77,-0.46449020504951477,$\delta_\text{ssc}$
wiki_qa,transformer.decoder.block.0.layer.1.EncDecAttention.v,78,0.10453919321298599,cross
wiki_qa,transformer.decoder.block.0.layer.1.EncDecAttention.v,78,0.47308504581451416,corr
wiki_qa,transformer.decoder.block.0.layer.1.EncDecAttention.v,78,0.40256693959236145,drift
wiki_qa,transformer.decoder.block.0.layer.1.EncDecAttention.v,78,0.4214198589324951,tot
wiki_qa,transformer.decoder.block.0.layer.1.EncDecAttention.v,78,-0.10353672504425049,$\delta_\text{gsc}$
wiki_qa,transformer.decoder.block.0.layer.1.EncDecAttention.v,78,-0.4552345871925354,$\delta_\text{ssc}$
wiki_qa,transformer.decoder.block.0.layer.1.EncDecAttention.o,79,0.11083319038152695,cross
wiki_qa,transformer.decoder.block.0.layer.1.EncDecAttention.o,79,0.09021278470754623,corr
wiki_qa,transformer.decoder.block.0.layer.1.EncDecAttention.o,79,0.2146892547607422,drift
wiki_qa,transformer.decoder.block.0.layer.1.EncDecAttention.o,79,0.2410280704498291,tot
wiki_qa,transformer.decoder.block.0.layer.1.EncDecAttention.o,79,-0.05910375714302063,$\delta_\text{gsc}$
wiki_qa,transformer.decoder.block.0.layer.1.EncDecAttention.o,79,-0.11560340970754623,$\delta_\text{ssc}$
wiki_qa,transformer.decoder.block.0.layer.2.DenseReluDense.wi,80,0.17883563041687012,cross
wiki_qa,transformer.decoder.block.0.layer.2.DenseReluDense.wi,80,0.07179005444049835,corr
wiki_qa,transformer.decoder.block.0.layer.2.DenseReluDense.wi,80,0.18611901998519897,drift
wiki_qa,transformer.decoder.block.0.layer.2.DenseReluDense.wi,80,0.21420687437057495,tot
wiki_qa,transformer.decoder.block.0.layer.2.DenseReluDense.wi,80,-0.19276514649391174,$\delta_\text{gsc}$
wiki_qa,transformer.decoder.block.0.layer.2.DenseReluDense.wi,80,-0.02977268397808075,$\delta_\text{ssc}$
wiki_qa,transformer.decoder.block.0.layer.2.DenseReluDense.wo,81,0.07068366557359695,cross
wiki_qa,transformer.decoder.block.0.layer.2.DenseReluDense.wo,81,0.028561661019921303,corr
wiki_qa,transformer.decoder.block.0.layer.2.DenseReluDense.wo,81,0.08787138760089874,drift
wiki_qa,transformer.decoder.block.0.layer.2.DenseReluDense.wo,81,0.10239535570144653,tot
wiki_qa,transformer.decoder.block.0.layer.2.DenseReluDense.wo,81,-0.062162064015865326,$\delta_\text{gsc}$
wiki_qa,transformer.decoder.block.0.layer.2.DenseReluDense.wo,81,-0.02255929261445999,$\delta_\text{ssc}$
wiki_qa,transformer.decoder.block.1.layer.0.SelfAttention.q,82,0.020697329193353653,cross
wiki_qa,transformer.decoder.block.1.layer.0.SelfAttention.q,82,0.0665455162525177,corr
wiki_qa,transformer.decoder.block.1.layer.0.SelfAttention.q,82,0.20983706414699554,drift
wiki_qa,transformer.decoder.block.1.layer.0.SelfAttention.q,82,0.22590123116970062,tot
wiki_qa,transformer.decoder.block.1.layer.0.SelfAttention.q,82,-0.021876484155654907,$\delta_\text{gsc}$
wiki_qa,transformer.decoder.block.1.layer.0.SelfAttention.q,82,-0.04930219054222107,$\delta_\text{ssc}$
wiki_qa,transformer.decoder.block.1.layer.0.SelfAttention.k,83,0.17863695323467255,cross
wiki_qa,transformer.decoder.block.1.layer.0.SelfAttention.k,83,0.030269570648670197,corr
wiki_qa,transformer.decoder.block.1.layer.0.SelfAttention.k,83,0.20869335532188416,drift
wiki_qa,transformer.decoder.block.1.layer.0.SelfAttention.k,83,0.24896782636642456,tot
wiki_qa,transformer.decoder.block.1.layer.0.SelfAttention.k,83,-0.14602908492088318,$\delta_\text{gsc}$
wiki_qa,transformer.decoder.block.1.layer.0.SelfAttention.k,83,-0.022602975368499756,$\delta_\text{ssc}$
wiki_qa,transformer.decoder.block.1.layer.0.SelfAttention.v,84,0.05220028758049011,cross
wiki_qa,transformer.decoder.block.1.layer.0.SelfAttention.v,84,0.3606685698032379,corr
wiki_qa,transformer.decoder.block.1.layer.0.SelfAttention.v,84,0.17396360635757446,drift
wiki_qa,transformer.decoder.block.1.layer.0.SelfAttention.v,84,0.4061465561389923,tot
wiki_qa,transformer.decoder.block.1.layer.0.SelfAttention.v,84,-0.025146305561065674,$\delta_\text{gsc}$
wiki_qa,transformer.decoder.block.1.layer.0.SelfAttention.v,84,-0.1555396020412445,$\delta_\text{ssc}$
wiki_qa,transformer.decoder.block.1.layer.0.SelfAttention.o,85,0.13216936588287354,cross
wiki_qa,transformer.decoder.block.1.layer.0.SelfAttention.o,85,0.052071720361709595,corr
wiki_qa,transformer.decoder.block.1.layer.0.SelfAttention.o,85,0.17045709490776062,drift
wiki_qa,transformer.decoder.block.1.layer.0.SelfAttention.o,85,0.21354427933692932,tot
wiki_qa,transformer.decoder.block.1.layer.0.SelfAttention.o,85,-0.10932430624961853,$\delta_\text{gsc}$
wiki_qa,transformer.decoder.block.1.layer.0.SelfAttention.o,85,-0.0318295955657959,$\delta_\text{ssc}$
wiki_qa,transformer.decoder.block.1.layer.1.EncDecAttention.q,86,0.03914819657802582,cross
wiki_qa,transformer.decoder.block.1.layer.1.EncDecAttention.q,86,0.12898844480514526,corr
wiki_qa,transformer.decoder.block.1.layer.1.EncDecAttention.q,86,0.14616045355796814,drift
wiki_qa,transformer.decoder.block.1.layer.1.EncDecAttention.q,86,0.22427906095981598,tot
wiki_qa,transformer.decoder.block.1.layer.1.EncDecAttention.q,86,-0.02653627097606659,$\delta_\text{gsc}$
wiki_qa,transformer.decoder.block.1.layer.1.EncDecAttention.q,86,-0.06348176300525665,$\delta_\text{ssc}$
wiki_qa,transformer.decoder.block.1.layer.1.EncDecAttention.k,87,0.11912413686513901,cross
wiki_qa,transformer.decoder.block.1.layer.1.EncDecAttention.k,87,0.4668356776237488,corr
wiki_qa,transformer.decoder.block.1.layer.1.EncDecAttention.k,87,0.4144311249256134,drift
wiki_qa,transformer.decoder.block.1.layer.1.EncDecAttention.k,87,0.4231821298599243,tot
wiki_qa,transformer.decoder.block.1.layer.1.EncDecAttention.k,87,-0.10690882802009583,$\delta_\text{gsc}$
wiki_qa,transformer.decoder.block.1.layer.1.EncDecAttention.k,87,-0.47029998898506165,$\delta_\text{ssc}$
wiki_qa,transformer.decoder.block.1.layer.1.EncDecAttention.v,88,0.17340411245822906,cross
wiki_qa,transformer.decoder.block.1.layer.1.EncDecAttention.v,88,0.46850448846817017,corr
wiki_qa,transformer.decoder.block.1.layer.1.EncDecAttention.v,88,0.3879563510417938,drift
wiki_qa,transformer.decoder.block.1.layer.1.EncDecAttention.v,88,0.3964816629886627,tot
wiki_qa,transformer.decoder.block.1.layer.1.EncDecAttention.v,88,-0.19540296494960785,$\delta_\text{gsc}$
wiki_qa,transformer.decoder.block.1.layer.1.EncDecAttention.v,88,-0.4379803240299225,$\delta_\text{ssc}$
wiki_qa,transformer.decoder.block.1.layer.1.EncDecAttention.o,89,0.20488879084587097,cross
wiki_qa,transformer.decoder.block.1.layer.1.EncDecAttention.o,89,0.17237809300422668,corr
wiki_qa,transformer.decoder.block.1.layer.1.EncDecAttention.o,89,0.1613273024559021,drift
wiki_qa,transformer.decoder.block.1.layer.1.EncDecAttention.o,89,0.3471343517303467,tot
wiki_qa,transformer.decoder.block.1.layer.1.EncDecAttention.o,89,-0.14711779356002808,$\delta_\text{gsc}$
wiki_qa,transformer.decoder.block.1.layer.1.EncDecAttention.o,89,-0.044342041015625,$\delta_\text{ssc}$
wiki_qa,transformer.decoder.block.1.layer.2.DenseReluDense.wi,90,0.1015046238899231,cross
wiki_qa,transformer.decoder.block.1.layer.2.DenseReluDense.wi,90,0.06894909590482712,corr
wiki_qa,transformer.decoder.block.1.layer.2.DenseReluDense.wi,90,0.18069784343242645,drift
wiki_qa,transformer.decoder.block.1.layer.2.DenseReluDense.wi,90,0.22304487228393555,tot
wiki_qa,transformer.decoder.block.1.layer.2.DenseReluDense.wi,90,-0.09910483658313751,$\delta_\text{gsc}$
wiki_qa,transformer.decoder.block.1.layer.2.DenseReluDense.wi,90,-0.02900184690952301,$\delta_\text{ssc}$
wiki_qa,transformer.decoder.block.1.layer.2.DenseReluDense.wo,91,0.050059713423252106,cross
wiki_qa,transformer.decoder.block.1.layer.2.DenseReluDense.wo,91,0.03442888706922531,corr
wiki_qa,transformer.decoder.block.1.layer.2.DenseReluDense.wo,91,0.0886983722448349,drift
wiki_qa,transformer.decoder.block.1.layer.2.DenseReluDense.wo,91,0.11768796294927597,tot
wiki_qa,transformer.decoder.block.1.layer.2.DenseReluDense.wo,91,-0.03446386754512787,$\delta_\text{gsc}$
wiki_qa,transformer.decoder.block.1.layer.2.DenseReluDense.wo,91,-0.021035142242908478,$\delta_\text{ssc}$
wiki_qa,transformer.decoder.block.2.layer.0.SelfAttention.q,92,0.05977727845311165,cross
wiki_qa,transformer.decoder.block.2.layer.0.SelfAttention.q,92,0.06662984192371368,corr
wiki_qa,transformer.decoder.block.2.layer.0.SelfAttention.q,92,0.22691962122917175,drift
wiki_qa,transformer.decoder.block.2.layer.0.SelfAttention.q,92,0.25247782468795776,tot
wiki_qa,transformer.decoder.block.2.layer.0.SelfAttention.q,92,-0.05531194806098938,$\delta_\text{gsc}$
wiki_qa,transformer.decoder.block.2.layer.0.SelfAttention.q,92,-0.045536965131759644,$\delta_\text{ssc}$
wiki_qa,transformer.decoder.block.2.layer.0.SelfAttention.k,93,0.14119191467761993,cross
wiki_qa,transformer.decoder.block.2.layer.0.SelfAttention.k,93,0.053386036306619644,corr
wiki_qa,transformer.decoder.block.2.layer.0.SelfAttention.k,93,0.22665591537952423,drift
wiki_qa,transformer.decoder.block.2.layer.0.SelfAttention.k,93,0.2606947422027588,tot
wiki_qa,transformer.decoder.block.2.layer.0.SelfAttention.k,93,-0.12346555292606354,$\delta_\text{gsc}$
wiki_qa,transformer.decoder.block.2.layer.0.SelfAttention.k,93,-0.037073567509651184,$\delta_\text{ssc}$
wiki_qa,transformer.decoder.block.2.layer.0.SelfAttention.v,94,0.03026837296783924,cross
wiki_qa,transformer.decoder.block.2.layer.0.SelfAttention.v,94,0.45750510692596436,corr
wiki_qa,transformer.decoder.block.2.layer.0.SelfAttention.v,94,0.16336901485919952,drift
wiki_qa,transformer.decoder.block.2.layer.0.SelfAttention.v,94,0.46736404299736023,tot
wiki_qa,transformer.decoder.block.2.layer.0.SelfAttention.v,94,-0.025658786296844482,$\delta_\text{gsc}$
wiki_qa,transformer.decoder.block.2.layer.0.SelfAttention.v,94,-0.15811966359615326,$\delta_\text{ssc}$
wiki_qa,transformer.decoder.block.2.layer.0.SelfAttention.o,95,0.08323682099580765,cross
wiki_qa,transformer.decoder.block.2.layer.0.SelfAttention.o,95,0.24518521130084991,corr
wiki_qa,transformer.decoder.block.2.layer.0.SelfAttention.o,95,0.164544939994812,drift
wiki_qa,transformer.decoder.block.2.layer.0.SelfAttention.o,95,0.40580374002456665,tot
wiki_qa,transformer.decoder.block.2.layer.0.SelfAttention.o,95,-0.05625608563423157,$\delta_\text{gsc}$
wiki_qa,transformer.decoder.block.2.layer.0.SelfAttention.o,95,-0.03090713918209076,$\delta_\text{ssc}$
wiki_qa,transformer.decoder.block.2.layer.1.EncDecAttention.q,96,0.17945104837417603,cross
wiki_qa,transformer.decoder.block.2.layer.1.EncDecAttention.q,96,0.06102735921740532,corr
wiki_qa,transformer.decoder.block.2.layer.1.EncDecAttention.q,96,0.13891567289829254,drift
wiki_qa,transformer.decoder.block.2.layer.1.EncDecAttention.q,96,0.2353125363588333,tot
wiki_qa,transformer.decoder.block.2.layer.1.EncDecAttention.q,96,-0.1254366934299469,$\delta_\text{gsc}$
wiki_qa,transformer.decoder.block.2.layer.1.EncDecAttention.q,96,-0.018644854426383972,$\delta_\text{ssc}$
wiki_qa,transformer.decoder.block.2.layer.1.EncDecAttention.k,97,0.12455394864082336,cross
wiki_qa,transformer.decoder.block.2.layer.1.EncDecAttention.k,97,0.47214409708976746,corr
wiki_qa,transformer.decoder.block.2.layer.1.EncDecAttention.k,97,0.40354129672050476,drift
wiki_qa,transformer.decoder.block.2.layer.1.EncDecAttention.k,97,0.40818920731544495,tot
wiki_qa,transformer.decoder.block.2.layer.1.EncDecAttention.k,97,-0.13876020908355713,$\delta_\text{gsc}$
wiki_qa,transformer.decoder.block.2.layer.1.EncDecAttention.k,97,-0.4532899260520935,$\delta_\text{ssc}$
wiki_qa,transformer.decoder.block.2.layer.1.EncDecAttention.v,98,0.17484219372272491,cross
wiki_qa,transformer.decoder.block.2.layer.1.EncDecAttention.v,98,0.4718417227268219,corr
wiki_qa,transformer.decoder.block.2.layer.1.EncDecAttention.v,98,0.3770173192024231,drift
wiki_qa,transformer.decoder.block.2.layer.1.EncDecAttention.v,98,0.445261687040329,tot
wiki_qa,transformer.decoder.block.2.layer.1.EncDecAttention.v,98,-0.15531224012374878,$\delta_\text{gsc}$
wiki_qa,transformer.decoder.block.2.layer.1.EncDecAttention.v,98,-0.42312732338905334,$\delta_\text{ssc}$
wiki_qa,transformer.decoder.block.2.layer.1.EncDecAttention.o,99,0.13010813295841217,cross
wiki_qa,transformer.decoder.block.2.layer.1.EncDecAttention.o,99,0.19720114767551422,corr
wiki_qa,transformer.decoder.block.2.layer.1.EncDecAttention.o,99,0.1923997849225998,drift
wiki_qa,transformer.decoder.block.2.layer.1.EncDecAttention.o,99,0.3429165482521057,tot
wiki_qa,transformer.decoder.block.2.layer.1.EncDecAttention.o,99,-0.09347768127918243,$\delta_\text{gsc}$
wiki_qa,transformer.decoder.block.2.layer.1.EncDecAttention.o,99,-0.08331483602523804,$\delta_\text{ssc}$
wiki_qa,transformer.decoder.block.2.layer.2.DenseReluDense.wi,100,0.07193413376808167,cross
wiki_qa,transformer.decoder.block.2.layer.2.DenseReluDense.wi,100,0.09986210614442825,corr
wiki_qa,transformer.decoder.block.2.layer.2.DenseReluDense.wi,100,0.16503800451755524,drift
wiki_qa,transformer.decoder.block.2.layer.2.DenseReluDense.wi,100,0.2548961639404297,tot
wiki_qa,transformer.decoder.block.2.layer.2.DenseReluDense.wi,100,-0.05603329837322235,$\delta_\text{gsc}$
wiki_qa,transformer.decoder.block.2.layer.2.DenseReluDense.wi,100,-0.025904789566993713,$\delta_\text{ssc}$
wiki_qa,transformer.decoder.block.2.layer.2.DenseReluDense.wo,101,0.059285856783390045,cross
wiki_qa,transformer.decoder.block.2.layer.2.DenseReluDense.wo,101,0.04537877440452576,corr
wiki_qa,transformer.decoder.block.2.layer.2.DenseReluDense.wo,101,0.09105529636144638,drift
wiki_qa,transformer.decoder.block.2.layer.2.DenseReluDense.wo,101,0.11090623587369919,tot
wiki_qa,transformer.decoder.block.2.layer.2.DenseReluDense.wo,101,-0.050218068063259125,$\delta_\text{gsc}$
wiki_qa,transformer.decoder.block.2.layer.2.DenseReluDense.wo,101,-0.03459562361240387,$\delta_\text{ssc}$
wiki_qa,transformer.decoder.block.3.layer.0.SelfAttention.q,102,0.04751383140683174,cross
wiki_qa,transformer.decoder.block.3.layer.0.SelfAttention.q,102,0.0523066371679306,corr
wiki_qa,transformer.decoder.block.3.layer.0.SelfAttention.q,102,0.26206305623054504,drift
wiki_qa,transformer.decoder.block.3.layer.0.SelfAttention.q,102,0.278839111328125,tot
wiki_qa,transformer.decoder.block.3.layer.0.SelfAttention.q,102,-0.04346732795238495,$\delta_\text{gsc}$
wiki_qa,transformer.decoder.block.3.layer.0.SelfAttention.q,102,-0.03957708179950714,$\delta_\text{ssc}$
wiki_qa,transformer.decoder.block.3.layer.0.SelfAttention.k,103,0.14888443052768707,cross
wiki_qa,transformer.decoder.block.3.layer.0.SelfAttention.k,103,0.04020152986049652,corr
wiki_qa,transformer.decoder.block.3.layer.0.SelfAttention.k,103,0.26158738136291504,drift
wiki_qa,transformer.decoder.block.3.layer.0.SelfAttention.k,103,0.29157939553260803,tot
wiki_qa,transformer.decoder.block.3.layer.0.SelfAttention.k,103,-0.12738488614559174,$\delta_\text{gsc}$
wiki_qa,transformer.decoder.block.3.layer.0.SelfAttention.k,103,-0.031709060072898865,$\delta_\text{ssc}$
wiki_qa,transformer.decoder.block.3.layer.0.SelfAttention.v,104,0.025629153475165367,cross
wiki_qa,transformer.decoder.block.3.layer.0.SelfAttention.v,104,0.45138704776763916,corr
wiki_qa,transformer.decoder.block.3.layer.0.SelfAttention.v,104,0.17366987466812134,drift
wiki_qa,transformer.decoder.block.3.layer.0.SelfAttention.v,104,0.4651050865650177,tot
wiki_qa,transformer.decoder.block.3.layer.0.SelfAttention.v,104,-0.019812554121017456,$\delta_\text{gsc}$
wiki_qa,transformer.decoder.block.3.layer.0.SelfAttention.v,104,-0.16576844453811646,$\delta_\text{ssc}$
wiki_qa,transformer.decoder.block.3.layer.0.SelfAttention.o,105,0.07701162993907928,cross
wiki_qa,transformer.decoder.block.3.layer.0.SelfAttention.o,105,0.35530468821525574,corr
wiki_qa,transformer.decoder.block.3.layer.0.SelfAttention.o,105,0.1088847741484642,drift
wiki_qa,transformer.decoder.block.3.layer.0.SelfAttention.o,105,0.45186564326286316,tot
wiki_qa,transformer.decoder.block.3.layer.0.SelfAttention.o,105,-0.05908310413360596,$\delta_\text{gsc}$
wiki_qa,transformer.decoder.block.3.layer.0.SelfAttention.o,105,-0.030252330005168915,$\delta_\text{ssc}$
wiki_qa,transformer.decoder.block.3.layer.1.EncDecAttention.q,106,0.02341386489570141,cross
wiki_qa,transformer.decoder.block.3.layer.1.EncDecAttention.q,106,0.09016269445419312,corr
wiki_qa,transformer.decoder.block.3.layer.1.EncDecAttention.q,106,0.17466914653778076,drift
wiki_qa,transformer.decoder.block.3.layer.1.EncDecAttention.q,106,0.2260347604751587,tot
wiki_qa,transformer.decoder.block.3.layer.1.EncDecAttention.q,106,-0.017936870455741882,$\delta_\text{gsc}$
wiki_qa,transformer.decoder.block.3.layer.1.EncDecAttention.q,106,-0.04427407681941986,$\delta_\text{ssc}$
wiki_qa,transformer.decoder.block.3.layer.1.EncDecAttention.k,107,0.18075095117092133,cross
wiki_qa,transformer.decoder.block.3.layer.1.EncDecAttention.k,107,0.4686771035194397,corr
wiki_qa,transformer.decoder.block.3.layer.1.EncDecAttention.k,107,0.4161752164363861,drift
wiki_qa,transformer.decoder.block.3.layer.1.EncDecAttention.k,107,0.42708495259284973,tot
wiki_qa,transformer.decoder.block.3.layer.1.EncDecAttention.k,107,-0.17140643298625946,$\delta_\text{gsc}$
wiki_qa,transformer.decoder.block.3.layer.1.EncDecAttention.k,107,-0.46711188554763794,$\delta_\text{ssc}$
wiki_qa,transformer.decoder.block.3.layer.1.EncDecAttention.v,108,0.2833087146282196,cross
wiki_qa,transformer.decoder.block.3.layer.1.EncDecAttention.v,108,0.46756377816200256,corr
wiki_qa,transformer.decoder.block.3.layer.1.EncDecAttention.v,108,0.3844943344593048,drift
wiki_qa,transformer.decoder.block.3.layer.1.EncDecAttention.v,108,0.452644944190979,tot
wiki_qa,transformer.decoder.block.3.layer.1.EncDecAttention.v,108,-0.25556936860084534,$\delta_\text{gsc}$
wiki_qa,transformer.decoder.block.3.layer.1.EncDecAttention.v,108,-0.42715251445770264,$\delta_\text{ssc}$
wiki_qa,transformer.decoder.block.3.layer.1.EncDecAttention.o,109,0.23161116242408752,cross
wiki_qa,transformer.decoder.block.3.layer.1.EncDecAttention.o,109,0.2829119563102722,corr
wiki_qa,transformer.decoder.block.3.layer.1.EncDecAttention.o,109,0.16283081471920013,drift
wiki_qa,transformer.decoder.block.3.layer.1.EncDecAttention.o,109,0.43847915530204773,tot
wiki_qa,transformer.decoder.block.3.layer.1.EncDecAttention.o,109,-0.200969398021698,$\delta_\text{gsc}$
wiki_qa,transformer.decoder.block.3.layer.1.EncDecAttention.o,109,-0.03790538012981415,$\delta_\text{ssc}$
wiki_qa,transformer.decoder.block.3.layer.2.DenseReluDense.wi,110,0.05855809524655342,cross
wiki_qa,transformer.decoder.block.3.layer.2.DenseReluDense.wi,110,0.19492417573928833,corr
wiki_qa,transformer.decoder.block.3.layer.2.DenseReluDense.wi,110,0.16072100400924683,drift
wiki_qa,transformer.decoder.block.3.layer.2.DenseReluDense.wi,110,0.31914985179901123,tot
wiki_qa,transformer.decoder.block.3.layer.2.DenseReluDense.wi,110,-0.03680086135864258,$\delta_\text{gsc}$
wiki_qa,transformer.decoder.block.3.layer.2.DenseReluDense.wi,110,-0.058252573013305664,$\delta_\text{ssc}$
wiki_qa,transformer.decoder.block.3.layer.2.DenseReluDense.wo,111,0.18453016877174377,cross
wiki_qa,transformer.decoder.block.3.layer.2.DenseReluDense.wo,111,0.2394416481256485,corr
wiki_qa,transformer.decoder.block.3.layer.2.DenseReluDense.wo,111,0.21115198731422424,drift
wiki_qa,transformer.decoder.block.3.layer.2.DenseReluDense.wo,111,0.4014164209365845,tot
wiki_qa,transformer.decoder.block.3.layer.2.DenseReluDense.wo,111,-0.1602453887462616,$\delta_\text{gsc}$
wiki_qa,transformer.decoder.block.3.layer.2.DenseReluDense.wo,111,-0.07346199452877045,$\delta_\text{ssc}$
wiki_qa,transformer.decoder.block.4.layer.0.SelfAttention.q,112,0.03141238912940025,cross
wiki_qa,transformer.decoder.block.4.layer.0.SelfAttention.q,112,0.05367723107337952,corr
wiki_qa,transformer.decoder.block.4.layer.0.SelfAttention.q,112,0.2753709852695465,drift
wiki_qa,transformer.decoder.block.4.layer.0.SelfAttention.q,112,0.28324073553085327,tot
wiki_qa,transformer.decoder.block.4.layer.0.SelfAttention.q,112,-0.02963840961456299,$\delta_\text{gsc}$
wiki_qa,transformer.decoder.block.4.layer.0.SelfAttention.q,112,-0.04758146405220032,$\delta_\text{ssc}$
wiki_qa,transformer.decoder.block.4.layer.0.SelfAttention.k,113,0.1443951278924942,cross
wiki_qa,transformer.decoder.block.4.layer.0.SelfAttention.k,113,0.04222196713089943,corr
wiki_qa,transformer.decoder.block.4.layer.0.SelfAttention.k,113,0.27497169375419617,drift
wiki_qa,transformer.decoder.block.4.layer.0.SelfAttention.k,113,0.29928213357925415,tot
wiki_qa,transformer.decoder.block.4.layer.0.SelfAttention.k,113,-0.12400074303150177,$\delta_\text{gsc}$
wiki_qa,transformer.decoder.block.4.layer.0.SelfAttention.k,113,-0.03830590844154358,$\delta_\text{ssc}$
wiki_qa,transformer.decoder.block.4.layer.0.SelfAttention.v,114,0.030563872307538986,cross
wiki_qa,transformer.decoder.block.4.layer.0.SelfAttention.v,114,0.4355497658252716,corr
wiki_qa,transformer.decoder.block.4.layer.0.SelfAttention.v,114,0.16857248544692993,drift
wiki_qa,transformer.decoder.block.4.layer.0.SelfAttention.v,114,0.462374210357666,tot
wiki_qa,transformer.decoder.block.4.layer.0.SelfAttention.v,114,-0.018787384033203125,$\delta_\text{gsc}$
wiki_qa,transformer.decoder.block.4.layer.0.SelfAttention.v,114,-0.1535245180130005,$\delta_\text{ssc}$
wiki_qa,transformer.decoder.block.4.layer.0.SelfAttention.o,115,0.10873666405677795,cross
wiki_qa,transformer.decoder.block.4.layer.0.SelfAttention.o,115,0.3852146863937378,corr
wiki_qa,transformer.decoder.block.4.layer.0.SelfAttention.o,115,0.12395373731851578,drift
wiki_qa,transformer.decoder.block.4.layer.0.SelfAttention.o,115,0.47390204668045044,tot
wiki_qa,transformer.decoder.block.4.layer.0.SelfAttention.o,115,-0.09824281930923462,$\delta_\text{gsc}$
wiki_qa,transformer.decoder.block.4.layer.0.SelfAttention.o,115,-0.045760221779346466,$\delta_\text{ssc}$
wiki_qa,transformer.decoder.block.4.layer.1.EncDecAttention.q,116,0.03971555829048157,cross
wiki_qa,transformer.decoder.block.4.layer.1.EncDecAttention.q,116,0.20836141705513,corr
wiki_qa,transformer.decoder.block.4.layer.1.EncDecAttention.q,116,0.17768657207489014,drift
wiki_qa,transformer.decoder.block.4.layer.1.EncDecAttention.q,116,0.33806994557380676,tot
wiki_qa,transformer.decoder.block.4.layer.1.EncDecAttention.q,116,-0.02131420373916626,$\delta_\text{gsc}$
wiki_qa,transformer.decoder.block.4.layer.1.EncDecAttention.q,116,-0.06637939810752869,$\delta_\text{ssc}$
wiki_qa,transformer.decoder.block.4.layer.1.EncDecAttention.k,117,0.1377115249633789,cross
wiki_qa,transformer.decoder.block.4.layer.1.EncDecAttention.k,117,0.4685716927051544,corr
wiki_qa,transformer.decoder.block.4.layer.1.EncDecAttention.k,117,0.39726772904396057,drift
wiki_qa,transformer.decoder.block.4.layer.1.EncDecAttention.k,117,0.42441657185554504,tot
wiki_qa,transformer.decoder.block.4.layer.1.EncDecAttention.k,117,-0.12718254327774048,$\delta_\text{gsc}$
wiki_qa,transformer.decoder.block.4.layer.1.EncDecAttention.k,117,-0.4519518315792084,$\delta_\text{ssc}$
wiki_qa,transformer.decoder.block.4.layer.1.EncDecAttention.v,118,0.22947455942630768,cross
wiki_qa,transformer.decoder.block.4.layer.1.EncDecAttention.v,118,0.4691227376461029,corr
wiki_qa,transformer.decoder.block.4.layer.1.EncDecAttention.v,118,0.3768962025642395,drift
wiki_qa,transformer.decoder.block.4.layer.1.EncDecAttention.v,118,0.44721895456314087,tot
wiki_qa,transformer.decoder.block.4.layer.1.EncDecAttention.v,118,-0.2037176638841629,$\delta_\text{gsc}$
wiki_qa,transformer.decoder.block.4.layer.1.EncDecAttention.v,118,-0.4245568811893463,$\delta_\text{ssc}$
wiki_qa,transformer.decoder.block.4.layer.1.EncDecAttention.o,119,0.18450647592544556,cross
wiki_qa,transformer.decoder.block.4.layer.1.EncDecAttention.o,119,0.1959458440542221,corr
wiki_qa,transformer.decoder.block.4.layer.1.EncDecAttention.o,119,0.26623356342315674,drift
wiki_qa,transformer.decoder.block.4.layer.1.EncDecAttention.o,119,0.4085436463356018,tot
wiki_qa,transformer.decoder.block.4.layer.1.EncDecAttention.o,119,-0.14314639568328857,$\delta_\text{gsc}$
wiki_qa,transformer.decoder.block.4.layer.1.EncDecAttention.o,119,-0.09499584138393402,$\delta_\text{ssc}$
wiki_qa,transformer.decoder.block.4.layer.2.DenseReluDense.wi,120,0.07687348127365112,cross
wiki_qa,transformer.decoder.block.4.layer.2.DenseReluDense.wi,120,0.2929574251174927,corr
wiki_qa,transformer.decoder.block.4.layer.2.DenseReluDense.wi,120,0.15046009421348572,drift
wiki_qa,transformer.decoder.block.4.layer.2.DenseReluDense.wi,120,0.3956589102745056,tot
wiki_qa,transformer.decoder.block.4.layer.2.DenseReluDense.wi,120,-0.03889662027359009,$\delta_\text{gsc}$
wiki_qa,transformer.decoder.block.4.layer.2.DenseReluDense.wi,120,-0.08573547005653381,$\delta_\text{ssc}$
wiki_qa,transformer.decoder.block.4.layer.2.DenseReluDense.wo,121,0.1558690071105957,cross
wiki_qa,transformer.decoder.block.4.layer.2.DenseReluDense.wo,121,0.22830529510974884,corr
wiki_qa,transformer.decoder.block.4.layer.2.DenseReluDense.wo,121,0.2042495608329773,drift
wiki_qa,transformer.decoder.block.4.layer.2.DenseReluDense.wo,121,0.40903240442276,tot
wiki_qa,transformer.decoder.block.4.layer.2.DenseReluDense.wo,121,-0.1208953857421875,$\delta_\text{gsc}$
wiki_qa,transformer.decoder.block.4.layer.2.DenseReluDense.wo,121,-0.05849607288837433,$\delta_\text{ssc}$
wiki_qa,transformer.decoder.block.5.layer.0.SelfAttention.q,122,0.0380997397005558,cross
wiki_qa,transformer.decoder.block.5.layer.0.SelfAttention.q,122,0.04734769091010094,corr
wiki_qa,transformer.decoder.block.5.layer.0.SelfAttention.q,122,0.2938331067562103,drift
wiki_qa,transformer.decoder.block.5.layer.0.SelfAttention.q,122,0.308480829000473,tot
wiki_qa,transformer.decoder.block.5.layer.0.SelfAttention.q,122,-0.036362260580062866,$\delta_\text{gsc}$
wiki_qa,transformer.decoder.block.5.layer.0.SelfAttention.q,122,-0.03443744778633118,$\delta_\text{ssc}$
wiki_qa,transformer.decoder.block.5.layer.0.SelfAttention.k,123,0.12215802818536758,cross
wiki_qa,transformer.decoder.block.5.layer.0.SelfAttention.k,123,0.041810549795627594,corr
wiki_qa,transformer.decoder.block.5.layer.0.SelfAttention.k,123,0.29283618927001953,drift
wiki_qa,transformer.decoder.block.5.layer.0.SelfAttention.k,123,0.3131946623325348,tot
wiki_qa,transformer.decoder.block.5.layer.0.SelfAttention.k,123,-0.11438676714897156,$\delta_\text{gsc}$
wiki_qa,transformer.decoder.block.5.layer.0.SelfAttention.k,123,-0.029223322868347168,$\delta_\text{ssc}$
wiki_qa,transformer.decoder.block.5.layer.0.SelfAttention.v,124,0.046668171882629395,cross
wiki_qa,transformer.decoder.block.5.layer.0.SelfAttention.v,124,0.4565156400203705,corr
wiki_qa,transformer.decoder.block.5.layer.0.SelfAttention.v,124,0.1691397875547409,drift
wiki_qa,transformer.decoder.block.5.layer.0.SelfAttention.v,124,0.4756406545639038,tot
wiki_qa,transformer.decoder.block.5.layer.0.SelfAttention.v,124,-0.03748196363449097,$\delta_\text{gsc}$
wiki_qa,transformer.decoder.block.5.layer.0.SelfAttention.v,124,-0.159200981259346,$\delta_\text{ssc}$
wiki_qa,transformer.decoder.block.5.layer.0.SelfAttention.o,125,0.12876728177070618,cross
wiki_qa,transformer.decoder.block.5.layer.0.SelfAttention.o,125,0.3136979937553406,corr
wiki_qa,transformer.decoder.block.5.layer.0.SelfAttention.o,125,0.15144430100917816,drift
wiki_qa,transformer.decoder.block.5.layer.0.SelfAttention.o,125,0.435678631067276,tot
wiki_qa,transformer.decoder.block.5.layer.0.SelfAttention.o,125,-0.11274045705795288,$\delta_\text{gsc}$
wiki_qa,transformer.decoder.block.5.layer.0.SelfAttention.o,125,-0.04549048840999603,$\delta_\text{ssc}$
wiki_qa,transformer.decoder.block.5.layer.1.EncDecAttention.q,126,0.06257818639278412,cross
wiki_qa,transformer.decoder.block.5.layer.1.EncDecAttention.q,126,0.22991354763507843,corr
wiki_qa,transformer.decoder.block.5.layer.1.EncDecAttention.q,126,0.11860301345586777,drift
wiki_qa,transformer.decoder.block.5.layer.1.EncDecAttention.q,126,0.2922647297382355,tot
wiki_qa,transformer.decoder.block.5.layer.1.EncDecAttention.q,126,-0.08201874792575836,$\delta_\text{gsc}$
wiki_qa,transformer.decoder.block.5.layer.1.EncDecAttention.q,126,-0.03681126981973648,$\delta_\text{ssc}$
wiki_qa,transformer.decoder.block.5.layer.1.EncDecAttention.k,127,0.19556450843811035,cross
wiki_qa,transformer.decoder.block.5.layer.1.EncDecAttention.k,127,0.4372456967830658,corr
wiki_qa,transformer.decoder.block.5.layer.1.EncDecAttention.k,127,0.3583729565143585,drift
wiki_qa,transformer.decoder.block.5.layer.1.EncDecAttention.k,127,0.4046578109264374,tot
wiki_qa,transformer.decoder.block.5.layer.1.EncDecAttention.k,127,-0.14433684945106506,$\delta_\text{gsc}$
wiki_qa,transformer.decoder.block.5.layer.1.EncDecAttention.k,127,-0.4421885013580322,$\delta_\text{ssc}$
wiki_qa,transformer.decoder.block.5.layer.1.EncDecAttention.v,128,0.2596015930175781,cross
wiki_qa,transformer.decoder.block.5.layer.1.EncDecAttention.v,128,0.45869264006614685,corr
wiki_qa,transformer.decoder.block.5.layer.1.EncDecAttention.v,128,0.36845663189888,drift
wiki_qa,transformer.decoder.block.5.layer.1.EncDecAttention.v,128,0.4472201466560364,tot
wiki_qa,transformer.decoder.block.5.layer.1.EncDecAttention.v,128,-0.21112629771232605,$\delta_\text{gsc}$
wiki_qa,transformer.decoder.block.5.layer.1.EncDecAttention.v,128,-0.42840442061424255,$\delta_\text{ssc}$
wiki_qa,transformer.decoder.block.5.layer.1.EncDecAttention.o,129,0.1778695285320282,cross
wiki_qa,transformer.decoder.block.5.layer.1.EncDecAttention.o,129,0.1768970787525177,corr
wiki_qa,transformer.decoder.block.5.layer.1.EncDecAttention.o,129,0.21056954562664032,drift
wiki_qa,transformer.decoder.block.5.layer.1.EncDecAttention.o,129,0.36595675349235535,tot
wiki_qa,transformer.decoder.block.5.layer.1.EncDecAttention.o,129,-0.08824992179870605,$\delta_\text{gsc}$
wiki_qa,transformer.decoder.block.5.layer.1.EncDecAttention.o,129,-0.11112947762012482,$\delta_\text{ssc}$
wiki_qa,transformer.decoder.block.5.layer.2.DenseReluDense.wi,130,0.1066850870847702,cross
wiki_qa,transformer.decoder.block.5.layer.2.DenseReluDense.wi,130,0.2907262444496155,corr
wiki_qa,transformer.decoder.block.5.layer.2.DenseReluDense.wi,130,0.1476302444934845,drift
wiki_qa,transformer.decoder.block.5.layer.2.DenseReluDense.wi,130,0.4081379771232605,tot
wiki_qa,transformer.decoder.block.5.layer.2.DenseReluDense.wi,130,-0.05447882413864136,$\delta_\text{gsc}$
wiki_qa,transformer.decoder.block.5.layer.2.DenseReluDense.wi,130,-0.08242478966712952,$\delta_\text{ssc}$
wiki_qa,transformer.decoder.block.5.layer.2.DenseReluDense.wo,131,0.14469431340694427,cross
wiki_qa,transformer.decoder.block.5.layer.2.DenseReluDense.wo,131,0.2507781386375427,corr
wiki_qa,transformer.decoder.block.5.layer.2.DenseReluDense.wo,131,0.22042548656463623,drift
wiki_qa,transformer.decoder.block.5.layer.2.DenseReluDense.wo,131,0.4328899681568146,tot
wiki_qa,transformer.decoder.block.5.layer.2.DenseReluDense.wo,131,-0.1223369836807251,$\delta_\text{gsc}$
wiki_qa,transformer.decoder.block.5.layer.2.DenseReluDense.wo,131,-0.06067097187042236,$\delta_\text{ssc}$
wiki_qa,transformer.decoder.block.6.layer.0.SelfAttention.q,132,0.03888595849275589,cross
wiki_qa,transformer.decoder.block.6.layer.0.SelfAttention.q,132,0.05050678923726082,corr
wiki_qa,transformer.decoder.block.6.layer.0.SelfAttention.q,132,0.3398957848548889,drift
wiki_qa,transformer.decoder.block.6.layer.0.SelfAttention.q,132,0.355651319026947,tot
wiki_qa,transformer.decoder.block.6.layer.0.SelfAttention.q,132,-0.036461710929870605,$\delta_\text{gsc}$
wiki_qa,transformer.decoder.block.6.layer.0.SelfAttention.q,132,-0.037175506353378296,$\delta_\text{ssc}$
wiki_qa,transformer.decoder.block.6.layer.0.SelfAttention.k,133,0.1238711029291153,cross
wiki_qa,transformer.decoder.block.6.layer.0.SelfAttention.k,133,0.04563617706298828,corr
wiki_qa,transformer.decoder.block.6.layer.0.SelfAttention.k,133,0.3394829332828522,drift
wiki_qa,transformer.decoder.block.6.layer.0.SelfAttention.k,133,0.36415305733680725,tot
wiki_qa,transformer.decoder.block.6.layer.0.SelfAttention.k,133,-0.11147330701351166,$\delta_\text{gsc}$
wiki_qa,transformer.decoder.block.6.layer.0.SelfAttention.k,133,-0.03336384892463684,$\delta_\text{ssc}$
wiki_qa,transformer.decoder.block.6.layer.0.SelfAttention.v,134,0.06379140913486481,cross
wiki_qa,transformer.decoder.block.6.layer.0.SelfAttention.v,134,0.4733160734176636,corr
wiki_qa,transformer.decoder.block.6.layer.0.SelfAttention.v,134,0.20192691683769226,drift
wiki_qa,transformer.decoder.block.6.layer.0.SelfAttention.v,134,0.4836210310459137,tot
wiki_qa,transformer.decoder.block.6.layer.0.SelfAttention.v,134,-0.060324132442474365,$\delta_\text{gsc}$
wiki_qa,transformer.decoder.block.6.layer.0.SelfAttention.v,134,-0.19508925080299377,$\delta_\text{ssc}$
wiki_qa,transformer.decoder.block.6.layer.0.SelfAttention.o,135,0.1489461064338684,cross
wiki_qa,transformer.decoder.block.6.layer.0.SelfAttention.o,135,0.17528246343135834,corr
wiki_qa,transformer.decoder.block.6.layer.0.SelfAttention.o,135,0.18510204553604126,drift
wiki_qa,transformer.decoder.block.6.layer.0.SelfAttention.o,135,0.3276500105857849,tot
wiki_qa,transformer.decoder.block.6.layer.0.SelfAttention.o,135,-0.07314661145210266,$\delta_\text{gsc}$
wiki_qa,transformer.decoder.block.6.layer.0.SelfAttention.o,135,-0.10853399336338043,$\delta_\text{ssc}$
wiki_qa,transformer.decoder.block.6.layer.1.EncDecAttention.q,136,0.042345158755779266,cross
wiki_qa,transformer.decoder.block.6.layer.1.EncDecAttention.q,136,0.2491338551044464,corr
wiki_qa,transformer.decoder.block.6.layer.1.EncDecAttention.q,136,0.1489012986421585,drift
wiki_qa,transformer.decoder.block.6.layer.1.EncDecAttention.q,136,0.3393867015838623,tot
wiki_qa,transformer.decoder.block.6.layer.1.EncDecAttention.q,136,-0.04435718059539795,$\delta_\text{gsc}$
wiki_qa,transformer.decoder.block.6.layer.1.EncDecAttention.q,136,-0.05663643777370453,$\delta_\text{ssc}$
wiki_qa,transformer.decoder.block.6.layer.1.EncDecAttention.k,137,0.20860446989536285,cross
wiki_qa,transformer.decoder.block.6.layer.1.EncDecAttention.k,137,0.43545883893966675,corr
wiki_qa,transformer.decoder.block.6.layer.1.EncDecAttention.k,137,0.36368319392204285,drift
wiki_qa,transformer.decoder.block.6.layer.1.EncDecAttention.k,137,0.4182263910770416,tot
wiki_qa,transformer.decoder.block.6.layer.1.EncDecAttention.k,137,-0.13725940883159637,$\delta_\text{gsc}$
wiki_qa,transformer.decoder.block.6.layer.1.EncDecAttention.k,137,-0.45226070284843445,$\delta_\text{ssc}$
wiki_qa,transformer.decoder.block.6.layer.1.EncDecAttention.v,138,0.29404744505882263,cross
wiki_qa,transformer.decoder.block.6.layer.1.EncDecAttention.v,138,0.4524680972099304,corr
wiki_qa,transformer.decoder.block.6.layer.1.EncDecAttention.v,138,0.3789362907409668,drift
wiki_qa,transformer.decoder.block.6.layer.1.EncDecAttention.v,138,0.4342055916786194,tot
wiki_qa,transformer.decoder.block.6.layer.1.EncDecAttention.v,138,-0.23615491390228271,$\delta_\text{gsc}$
wiki_qa,transformer.decoder.block.6.layer.1.EncDecAttention.v,138,-0.45509132742881775,$\delta_\text{ssc}$
wiki_qa,transformer.decoder.block.6.layer.1.EncDecAttention.o,139,0.20285746455192566,cross
wiki_qa,transformer.decoder.block.6.layer.1.EncDecAttention.o,139,0.22357536852359772,corr
wiki_qa,transformer.decoder.block.6.layer.1.EncDecAttention.o,139,0.19759191572666168,drift
wiki_qa,transformer.decoder.block.6.layer.1.EncDecAttention.o,139,0.3875808119773865,tot
wiki_qa,transformer.decoder.block.6.layer.1.EncDecAttention.o,139,-0.11966860294342041,$\delta_\text{gsc}$
wiki_qa,transformer.decoder.block.6.layer.1.EncDecAttention.o,139,-0.11677533388137817,$\delta_\text{ssc}$
wiki_qa,transformer.decoder.block.6.layer.2.DenseReluDense.wi,140,0.09201490879058838,cross
wiki_qa,transformer.decoder.block.6.layer.2.DenseReluDense.wi,140,0.3155973553657532,corr
wiki_qa,transformer.decoder.block.6.layer.2.DenseReluDense.wi,140,0.168936088681221,drift
wiki_qa,transformer.decoder.block.6.layer.2.DenseReluDense.wi,140,0.4180615544319153,tot
wiki_qa,transformer.decoder.block.6.layer.2.DenseReluDense.wi,140,-0.059349268674850464,$\delta_\text{gsc}$
wiki_qa,transformer.decoder.block.6.layer.2.DenseReluDense.wi,140,-0.09913752973079681,$\delta_\text{ssc}$
wiki_qa,transformer.decoder.block.6.layer.2.DenseReluDense.wo,141,0.1542995572090149,cross
wiki_qa,transformer.decoder.block.6.layer.2.DenseReluDense.wo,141,0.26861631870269775,corr
wiki_qa,transformer.decoder.block.6.layer.2.DenseReluDense.wo,141,0.27317655086517334,drift
wiki_qa,transformer.decoder.block.6.layer.2.DenseReluDense.wo,141,0.46057185530662537,tot
wiki_qa,transformer.decoder.block.6.layer.2.DenseReluDense.wo,141,-0.14485380053520203,$\delta_\text{gsc}$
wiki_qa,transformer.decoder.block.6.layer.2.DenseReluDense.wo,141,-0.0906667709350586,$\delta_\text{ssc}$
wiki_qa,transformer.decoder.block.7.layer.0.SelfAttention.q,142,0.030071308836340904,cross
wiki_qa,transformer.decoder.block.7.layer.0.SelfAttention.q,142,0.05952247977256775,corr
wiki_qa,transformer.decoder.block.7.layer.0.SelfAttention.q,142,0.3578058183193207,drift
wiki_qa,transformer.decoder.block.7.layer.0.SelfAttention.q,142,0.35510385036468506,tot
wiki_qa,transformer.decoder.block.7.layer.0.SelfAttention.q,142,-0.035561591386795044,$\delta_\text{gsc}$
wiki_qa,transformer.decoder.block.7.layer.0.SelfAttention.q,142,-0.056734174489974976,$\delta_\text{ssc}$
wiki_qa,transformer.decoder.block.7.layer.0.SelfAttention.k,143,0.12548355758190155,cross
wiki_qa,transformer.decoder.block.7.layer.0.SelfAttention.k,143,0.052658505737781525,corr
wiki_qa,transformer.decoder.block.7.layer.0.SelfAttention.k,143,0.3578985631465912,drift
wiki_qa,transformer.decoder.block.7.layer.0.SelfAttention.k,143,0.3668168783187866,tot
wiki_qa,transformer.decoder.block.7.layer.0.SelfAttention.k,143,-0.11891807615756989,$\delta_\text{gsc}$
wiki_qa,transformer.decoder.block.7.layer.0.SelfAttention.k,143,-0.05030566453933716,$\delta_\text{ssc}$
wiki_qa,transformer.decoder.block.7.layer.0.SelfAttention.v,144,0.092858225107193,cross
wiki_qa,transformer.decoder.block.7.layer.0.SelfAttention.v,144,0.455710232257843,corr
wiki_qa,transformer.decoder.block.7.layer.0.SelfAttention.v,144,0.20565003156661987,drift
wiki_qa,transformer.decoder.block.7.layer.0.SelfAttention.v,144,0.4802228808403015,tot
wiki_qa,transformer.decoder.block.7.layer.0.SelfAttention.v,144,-0.08226677775382996,$\delta_\text{gsc}$
wiki_qa,transformer.decoder.block.7.layer.0.SelfAttention.v,144,-0.19172883033752441,$\delta_\text{ssc}$
wiki_qa,transformer.decoder.block.7.layer.0.SelfAttention.o,145,0.173231840133667,cross
wiki_qa,transformer.decoder.block.7.layer.0.SelfAttention.o,145,0.25849705934524536,corr
wiki_qa,transformer.decoder.block.7.layer.0.SelfAttention.o,145,0.19746725261211395,drift
wiki_qa,transformer.decoder.block.7.layer.0.SelfAttention.o,145,0.41360464692115784,tot
wiki_qa,transformer.decoder.block.7.layer.0.SelfAttention.o,145,-0.11656680703163147,$\delta_\text{gsc}$
wiki_qa,transformer.decoder.block.7.layer.0.SelfAttention.o,145,-0.099024698138237,$\delta_\text{ssc}$
wiki_qa,transformer.decoder.block.7.layer.1.EncDecAttention.q,146,0.050006743520498276,cross
wiki_qa,transformer.decoder.block.7.layer.1.EncDecAttention.q,146,0.26987090706825256,corr
wiki_qa,transformer.decoder.block.7.layer.1.EncDecAttention.q,146,0.17005614936351776,drift
wiki_qa,transformer.decoder.block.7.layer.1.EncDecAttention.q,146,0.37520551681518555,tot
wiki_qa,transformer.decoder.block.7.layer.1.EncDecAttention.q,146,-0.045840173959732056,$\delta_\text{gsc}$
wiki_qa,transformer.decoder.block.7.layer.1.EncDecAttention.q,146,-0.0688881129026413,$\delta_\text{ssc}$
wiki_qa,transformer.decoder.block.7.layer.1.EncDecAttention.k,147,0.2077566534280777,cross
wiki_qa,transformer.decoder.block.7.layer.1.EncDecAttention.k,147,0.4328579902648926,corr
wiki_qa,transformer.decoder.block.7.layer.1.EncDecAttention.k,147,0.3677571415901184,drift
wiki_qa,transformer.decoder.block.7.layer.1.EncDecAttention.k,147,0.40147244930267334,tot
wiki_qa,transformer.decoder.block.7.layer.1.EncDecAttention.k,147,-0.144533172249794,$\delta_\text{gsc}$
wiki_qa,transformer.decoder.block.7.layer.1.EncDecAttention.k,147,-0.46236616373062134,$\delta_\text{ssc}$
wiki_qa,transformer.decoder.block.7.layer.1.EncDecAttention.v,148,0.35278183221817017,cross
wiki_qa,transformer.decoder.block.7.layer.1.EncDecAttention.v,148,0.4336308538913727,corr
wiki_qa,transformer.decoder.block.7.layer.1.EncDecAttention.v,148,0.371021032333374,drift
wiki_qa,transformer.decoder.block.7.layer.1.EncDecAttention.v,148,0.42138591408729553,tot
wiki_qa,transformer.decoder.block.7.layer.1.EncDecAttention.v,148,-0.2627403140068054,$\delta_\text{gsc}$
wiki_qa,transformer.decoder.block.7.layer.1.EncDecAttention.v,148,-0.4733074903488159,$\delta_\text{ssc}$
wiki_qa,transformer.decoder.block.7.layer.1.EncDecAttention.o,149,0.22194306552410126,cross
wiki_qa,transformer.decoder.block.7.layer.1.EncDecAttention.o,149,0.2975800335407257,corr
wiki_qa,transformer.decoder.block.7.layer.1.EncDecAttention.o,149,0.16191960871219635,drift
wiki_qa,transformer.decoder.block.7.layer.1.EncDecAttention.o,149,0.41085878014564514,tot
wiki_qa,transformer.decoder.block.7.layer.1.EncDecAttention.o,149,-0.15445227921009064,$\delta_\text{gsc}$
wiki_qa,transformer.decoder.block.7.layer.1.EncDecAttention.o,149,-0.11613164842128754,$\delta_\text{ssc}$
wiki_qa,transformer.decoder.block.7.layer.2.DenseReluDense.wi,150,0.14047883450984955,cross
wiki_qa,transformer.decoder.block.7.layer.2.DenseReluDense.wi,150,0.264020711183548,corr
wiki_qa,transformer.decoder.block.7.layer.2.DenseReluDense.wi,150,0.1825242042541504,drift
wiki_qa,transformer.decoder.block.7.layer.2.DenseReluDense.wi,150,0.41397544741630554,tot
wiki_qa,transformer.decoder.block.7.layer.2.DenseReluDense.wi,150,-0.09594085812568665,$\delta_\text{gsc}$
wiki_qa,transformer.decoder.block.7.layer.2.DenseReluDense.wi,150,-0.07710742950439453,$\delta_\text{ssc}$
wiki_qa,transformer.decoder.block.7.layer.2.DenseReluDense.wo,151,0.2183404117822647,cross
wiki_qa,transformer.decoder.block.7.layer.2.DenseReluDense.wo,151,0.33574268221855164,corr
wiki_qa,transformer.decoder.block.7.layer.2.DenseReluDense.wo,151,0.19216877222061157,drift
wiki_qa,transformer.decoder.block.7.layer.2.DenseReluDense.wo,151,0.44507846236228943,tot
wiki_qa,transformer.decoder.block.7.layer.2.DenseReluDense.wo,151,-0.18840990960597992,$\delta_\text{gsc}$
wiki_qa,transformer.decoder.block.7.layer.2.DenseReluDense.wo,151,-0.11276349425315857,$\delta_\text{ssc}$
wiki_qa,transformer.decoder.block.8.layer.0.SelfAttention.q,152,0.03493434935808182,cross
wiki_qa,transformer.decoder.block.8.layer.0.SelfAttention.q,152,0.06846267729997635,corr
wiki_qa,transformer.decoder.block.8.layer.0.SelfAttention.q,152,0.37141263484954834,drift
wiki_qa,transformer.decoder.block.8.layer.0.SelfAttention.q,152,0.3786395192146301,tot
wiki_qa,transformer.decoder.block.8.layer.0.SelfAttention.q,152,-0.03352820873260498,$\delta_\text{gsc}$
wiki_qa,transformer.decoder.block.8.layer.0.SelfAttention.q,152,-0.0626419186592102,$\delta_\text{ssc}$
wiki_qa,transformer.decoder.block.8.layer.0.SelfAttention.k,153,0.17024925351142883,cross
wiki_qa,transformer.decoder.block.8.layer.0.SelfAttention.k,153,0.058796368539333344,corr
wiki_qa,transformer.decoder.block.8.layer.0.SelfAttention.k,153,0.3714943826198578,drift
wiki_qa,transformer.decoder.block.8.layer.0.SelfAttention.k,153,0.39730700850486755,tot
wiki_qa,transformer.decoder.block.8.layer.0.SelfAttention.k,153,-0.1478675901889801,$\delta_\text{gsc}$
wiki_qa,transformer.decoder.block.8.layer.0.SelfAttention.k,153,-0.055365413427352905,$\delta_\text{ssc}$
wiki_qa,transformer.decoder.block.8.layer.0.SelfAttention.v,154,0.1056750938296318,cross
wiki_qa,transformer.decoder.block.8.layer.0.SelfAttention.v,154,0.4381425976753235,corr
wiki_qa,transformer.decoder.block.8.layer.0.SelfAttention.v,154,0.18345248699188232,drift
wiki_qa,transformer.decoder.block.8.layer.0.SelfAttention.v,154,0.46888047456741333,tot
wiki_qa,transformer.decoder.block.8.layer.0.SelfAttention.v,154,-0.0912095308303833,$\delta_\text{gsc}$
wiki_qa,transformer.decoder.block.8.layer.0.SelfAttention.v,154,-0.16718018054962158,$\delta_\text{ssc}$
wiki_qa,transformer.decoder.block.8.layer.0.SelfAttention.o,155,0.20687909424304962,cross
wiki_qa,transformer.decoder.block.8.layer.0.SelfAttention.o,155,0.2771468758583069,corr
wiki_qa,transformer.decoder.block.8.layer.0.SelfAttention.o,155,0.14515183866024017,drift
wiki_qa,transformer.decoder.block.8.layer.0.SelfAttention.o,155,0.4124101996421814,tot
wiki_qa,transformer.decoder.block.8.layer.0.SelfAttention.o,155,-0.12468613684177399,$\delta_\text{gsc}$
wiki_qa,transformer.decoder.block.8.layer.0.SelfAttention.o,155,-0.0920814722776413,$\delta_\text{ssc}$
wiki_qa,transformer.decoder.block.8.layer.1.EncDecAttention.q,156,0.0840313583612442,cross
wiki_qa,transformer.decoder.block.8.layer.1.EncDecAttention.q,156,0.36879104375839233,corr
wiki_qa,transformer.decoder.block.8.layer.1.EncDecAttention.q,156,0.13129417598247528,drift
wiki_qa,transformer.decoder.block.8.layer.1.EncDecAttention.q,156,0.4212728440761566,tot
wiki_qa,transformer.decoder.block.8.layer.1.EncDecAttention.q,156,-0.0799647867679596,$\delta_\text{gsc}$
wiki_qa,transformer.decoder.block.8.layer.1.EncDecAttention.q,156,-0.0828789621591568,$\delta_\text{ssc}$
wiki_qa,transformer.decoder.block.8.layer.1.EncDecAttention.k,157,0.3446013927459717,cross
wiki_qa,transformer.decoder.block.8.layer.1.EncDecAttention.k,157,0.3888567090034485,corr
wiki_qa,transformer.decoder.block.8.layer.1.EncDecAttention.k,157,0.34151238203048706,drift
wiki_qa,transformer.decoder.block.8.layer.1.EncDecAttention.k,157,0.3926643431186676,tot
wiki_qa,transformer.decoder.block.8.layer.1.EncDecAttention.k,157,-0.21526801586151123,$\delta_\text{gsc}$
wiki_qa,transformer.decoder.block.8.layer.1.EncDecAttention.k,157,-0.4670381247997284,$\delta_\text{ssc}$
wiki_qa,transformer.decoder.block.8.layer.1.EncDecAttention.v,158,0.35491400957107544,cross
wiki_qa,transformer.decoder.block.8.layer.1.EncDecAttention.v,158,0.4304969310760498,corr
wiki_qa,transformer.decoder.block.8.layer.1.EncDecAttention.v,158,0.36808714270591736,drift
wiki_qa,transformer.decoder.block.8.layer.1.EncDecAttention.v,158,0.41437262296676636,tot
wiki_qa,transformer.decoder.block.8.layer.1.EncDecAttention.v,158,-0.26195603609085083,$\delta_\text{gsc}$
wiki_qa,transformer.decoder.block.8.layer.1.EncDecAttention.v,158,-0.4771694242954254,$\delta_\text{ssc}$
wiki_qa,transformer.decoder.block.8.layer.1.EncDecAttention.o,159,0.3027327358722687,cross
wiki_qa,transformer.decoder.block.8.layer.1.EncDecAttention.o,159,0.12808535993099213,corr
wiki_qa,transformer.decoder.block.8.layer.1.EncDecAttention.o,159,0.15468761324882507,drift
wiki_qa,transformer.decoder.block.8.layer.1.EncDecAttention.o,159,0.3807140588760376,tot
wiki_qa,transformer.decoder.block.8.layer.1.EncDecAttention.o,159,-0.11314959824085236,$\delta_\text{gsc}$
wiki_qa,transformer.decoder.block.8.layer.1.EncDecAttention.o,159,-0.09164205193519592,$\delta_\text{ssc}$
wiki_qa,transformer.decoder.block.8.layer.2.DenseReluDense.wi,160,0.16611576080322266,cross
wiki_qa,transformer.decoder.block.8.layer.2.DenseReluDense.wi,160,0.32494285702705383,corr
wiki_qa,transformer.decoder.block.8.layer.2.DenseReluDense.wi,160,0.14812611043453217,drift
wiki_qa,transformer.decoder.block.8.layer.2.DenseReluDense.wi,160,0.4232175648212433,tot
wiki_qa,transformer.decoder.block.8.layer.2.DenseReluDense.wi,160,-0.12388449907302856,$\delta_\text{gsc}$
wiki_qa,transformer.decoder.block.8.layer.2.DenseReluDense.wi,160,-0.0920826643705368,$\delta_\text{ssc}$
wiki_qa,transformer.decoder.block.8.layer.2.DenseReluDense.wo,161,0.24898767471313477,cross
wiki_qa,transformer.decoder.block.8.layer.2.DenseReluDense.wo,161,0.45659714937210083,corr
wiki_qa,transformer.decoder.block.8.layer.2.DenseReluDense.wo,161,0.08573996275663376,drift
wiki_qa,transformer.decoder.block.8.layer.2.DenseReluDense.wo,161,0.48659783601760864,tot
wiki_qa,transformer.decoder.block.8.layer.2.DenseReluDense.wo,161,-0.23747530579566956,$\delta_\text{gsc}$
wiki_qa,transformer.decoder.block.8.layer.2.DenseReluDense.wo,161,-0.06725164502859116,$\delta_\text{ssc}$
wiki_qa,transformer.decoder.block.9.layer.0.SelfAttention.q,162,0.032832369208335876,cross
wiki_qa,transformer.decoder.block.9.layer.0.SelfAttention.q,162,0.06724009662866592,corr
wiki_qa,transformer.decoder.block.9.layer.0.SelfAttention.q,162,0.3969077467918396,drift
wiki_qa,transformer.decoder.block.9.layer.0.SelfAttention.q,162,0.4131682515144348,tot
wiki_qa,transformer.decoder.block.9.layer.0.SelfAttention.q,162,-0.03492724895477295,$\delta_\text{gsc}$
wiki_qa,transformer.decoder.block.9.layer.0.SelfAttention.q,162,-0.04888471961021423,$\delta_\text{ssc}$
wiki_qa,transformer.decoder.block.9.layer.0.SelfAttention.k,163,0.18525606393814087,cross
wiki_qa,transformer.decoder.block.9.layer.0.SelfAttention.k,163,0.05459940806031227,corr
wiki_qa,transformer.decoder.block.9.layer.0.SelfAttention.k,163,0.3975270092487335,drift
wiki_qa,transformer.decoder.block.9.layer.0.SelfAttention.k,163,0.43343836069107056,tot
wiki_qa,transformer.decoder.block.9.layer.0.SelfAttention.k,163,-0.16390198469161987,$\delta_\text{gsc}$
wiki_qa,transformer.decoder.block.9.layer.0.SelfAttention.k,163,-0.04004213213920593,$\delta_\text{ssc}$
wiki_qa,transformer.decoder.block.9.layer.0.SelfAttention.v,164,0.15599626302719116,cross
wiki_qa,transformer.decoder.block.9.layer.0.SelfAttention.v,164,0.4068020284175873,corr
wiki_qa,transformer.decoder.block.9.layer.0.SelfAttention.v,164,0.1708436906337738,drift
wiki_qa,transformer.decoder.block.9.layer.0.SelfAttention.v,164,0.4588206112384796,tot
wiki_qa,transformer.decoder.block.9.layer.0.SelfAttention.v,164,-0.12678897380828857,$\delta_\text{gsc}$
wiki_qa,transformer.decoder.block.9.layer.0.SelfAttention.v,164,-0.14803239703178406,$\delta_\text{ssc}$
wiki_qa,transformer.decoder.block.9.layer.0.SelfAttention.o,165,0.23927375674247742,cross
wiki_qa,transformer.decoder.block.9.layer.0.SelfAttention.o,165,0.31143084168434143,corr
wiki_qa,transformer.decoder.block.9.layer.0.SelfAttention.o,165,0.13256412744522095,drift
wiki_qa,transformer.decoder.block.9.layer.0.SelfAttention.o,165,0.4293089807033539,tot
wiki_qa,transformer.decoder.block.9.layer.0.SelfAttention.o,165,-0.1803276240825653,$\delta_\text{gsc}$
wiki_qa,transformer.decoder.block.9.layer.0.SelfAttention.o,165,-0.0736321210861206,$\delta_\text{ssc}$
wiki_qa,transformer.decoder.block.9.layer.1.EncDecAttention.q,166,0.16542091965675354,cross
wiki_qa,transformer.decoder.block.9.layer.1.EncDecAttention.q,166,0.387789785861969,corr
wiki_qa,transformer.decoder.block.9.layer.1.EncDecAttention.q,166,0.11830219626426697,drift
wiki_qa,transformer.decoder.block.9.layer.1.EncDecAttention.q,166,0.44599321484565735,tot
wiki_qa,transformer.decoder.block.9.layer.1.EncDecAttention.q,166,-0.1339111328125,$\delta_\text{gsc}$
wiki_qa,transformer.decoder.block.9.layer.1.EncDecAttention.q,166,-0.09160855412483215,$\delta_\text{ssc}$
wiki_qa,transformer.decoder.block.9.layer.1.EncDecAttention.k,167,0.34258005023002625,cross
wiki_qa,transformer.decoder.block.9.layer.1.EncDecAttention.k,167,0.4007711410522461,corr
wiki_qa,transformer.decoder.block.9.layer.1.EncDecAttention.k,167,0.33391645550727844,drift
wiki_qa,transformer.decoder.block.9.layer.1.EncDecAttention.k,167,0.3831346333026886,tot
wiki_qa,transformer.decoder.block.9.layer.1.EncDecAttention.k,167,-0.25205978751182556,$\delta_\text{gsc}$
wiki_qa,transformer.decoder.block.9.layer.1.EncDecAttention.k,167,-0.4420732259750366,$\delta_\text{ssc}$
wiki_qa,transformer.decoder.block.9.layer.1.EncDecAttention.v,168,0.35115569829940796,cross
wiki_qa,transformer.decoder.block.9.layer.1.EncDecAttention.v,168,0.42504405975341797,corr
wiki_qa,transformer.decoder.block.9.layer.1.EncDecAttention.v,168,0.35185497999191284,drift
wiki_qa,transformer.decoder.block.9.layer.1.EncDecAttention.v,168,0.4189818501472473,tot
wiki_qa,transformer.decoder.block.9.layer.1.EncDecAttention.v,168,-0.26321980357170105,$\delta_\text{gsc}$
wiki_qa,transformer.decoder.block.9.layer.1.EncDecAttention.v,168,-0.4458530843257904,$\delta_\text{ssc}$
wiki_qa,transformer.decoder.block.9.layer.1.EncDecAttention.o,169,0.30414584279060364,cross
wiki_qa,transformer.decoder.block.9.layer.1.EncDecAttention.o,169,0.11025930196046829,corr
wiki_qa,transformer.decoder.block.9.layer.1.EncDecAttention.o,169,0.17209294438362122,drift
wiki_qa,transformer.decoder.block.9.layer.1.EncDecAttention.o,169,0.393521785736084,tot
wiki_qa,transformer.decoder.block.9.layer.1.EncDecAttention.o,169,-0.10699312388896942,$\delta_\text{gsc}$
wiki_qa,transformer.decoder.block.9.layer.1.EncDecAttention.o,169,-0.08598317950963974,$\delta_\text{ssc}$
wiki_qa,transformer.decoder.block.9.layer.2.DenseReluDense.wi,170,0.17814280092716217,cross
wiki_qa,transformer.decoder.block.9.layer.2.DenseReluDense.wi,170,0.3283838629722595,corr
wiki_qa,transformer.decoder.block.9.layer.2.DenseReluDense.wi,170,0.13129709661006927,drift
wiki_qa,transformer.decoder.block.9.layer.2.DenseReluDense.wi,170,0.41148829460144043,tot
wiki_qa,transformer.decoder.block.9.layer.2.DenseReluDense.wi,170,-0.13806582987308502,$\delta_\text{gsc}$
wiki_qa,transformer.decoder.block.9.layer.2.DenseReluDense.wi,170,-0.08826963603496552,$\delta_\text{ssc}$
wiki_qa,transformer.decoder.block.9.layer.2.DenseReluDense.wo,171,0.28127944469451904,cross
wiki_qa,transformer.decoder.block.9.layer.2.DenseReluDense.wo,171,0.3906753361225128,corr
wiki_qa,transformer.decoder.block.9.layer.2.DenseReluDense.wo,171,0.11578840017318726,drift
wiki_qa,transformer.decoder.block.9.layer.2.DenseReluDense.wo,171,0.4427129030227661,tot
wiki_qa,transformer.decoder.block.9.layer.2.DenseReluDense.wo,171,-0.23641255497932434,$\delta_\text{gsc}$
wiki_qa,transformer.decoder.block.9.layer.2.DenseReluDense.wo,171,-0.10861772298812866,$\delta_\text{ssc}$
wiki_qa,transformer.decoder.block.10.layer.0.SelfAttention.q,172,0.057802893221378326,cross
wiki_qa,transformer.decoder.block.10.layer.0.SelfAttention.q,172,0.09651803970336914,corr
wiki_qa,transformer.decoder.block.10.layer.0.SelfAttention.q,172,0.39608433842658997,drift
wiki_qa,transformer.decoder.block.10.layer.0.SelfAttention.q,172,0.41159799695014954,tot
wiki_qa,transformer.decoder.block.10.layer.0.SelfAttention.q,172,-0.05973246693611145,$\delta_\text{gsc}$
wiki_qa,transformer.decoder.block.10.layer.0.SelfAttention.q,172,-0.07907480001449585,$\delta_\text{ssc}$
wiki_qa,transformer.decoder.block.10.layer.0.SelfAttention.k,173,0.23755080997943878,cross
wiki_qa,transformer.decoder.block.10.layer.0.SelfAttention.k,173,0.07112980633974075,corr
wiki_qa,transformer.decoder.block.10.layer.0.SelfAttention.k,173,0.39579910039901733,drift
wiki_qa,transformer.decoder.block.10.layer.0.SelfAttention.k,173,0.44475725293159485,tot
wiki_qa,transformer.decoder.block.10.layer.0.SelfAttention.k,173,-0.19766442477703094,$\delta_\text{gsc}$
wiki_qa,transformer.decoder.block.10.layer.0.SelfAttention.k,173,-0.06205803155899048,$\delta_\text{ssc}$
wiki_qa,transformer.decoder.block.10.layer.0.SelfAttention.v,174,0.17197512090206146,cross
wiki_qa,transformer.decoder.block.10.layer.0.SelfAttention.v,174,0.3522033989429474,corr
wiki_qa,transformer.decoder.block.10.layer.0.SelfAttention.v,174,0.1721271127462387,drift
wiki_qa,transformer.decoder.block.10.layer.0.SelfAttention.v,174,0.42188677191734314,tot
wiki_qa,transformer.decoder.block.10.layer.0.SelfAttention.v,174,-0.12722350656986237,$\delta_\text{gsc}$
wiki_qa,transformer.decoder.block.10.layer.0.SelfAttention.v,174,-0.14719535410404205,$\delta_\text{ssc}$
wiki_qa,transformer.decoder.block.10.layer.0.SelfAttention.o,175,0.26701468229293823,cross
wiki_qa,transformer.decoder.block.10.layer.0.SelfAttention.o,175,0.20768222212791443,corr
wiki_qa,transformer.decoder.block.10.layer.0.SelfAttention.o,175,0.14586016535758972,drift
wiki_qa,transformer.decoder.block.10.layer.0.SelfAttention.o,175,0.4023933708667755,tot
wiki_qa,transformer.decoder.block.10.layer.0.SelfAttention.o,175,-0.15697985887527466,$\delta_\text{gsc}$
wiki_qa,transformer.decoder.block.10.layer.0.SelfAttention.o,175,-0.06118384003639221,$\delta_\text{ssc}$
wiki_qa,transformer.decoder.block.10.layer.1.EncDecAttention.q,176,0.14858466386795044,cross
wiki_qa,transformer.decoder.block.10.layer.1.EncDecAttention.q,176,0.35162031650543213,corr
wiki_qa,transformer.decoder.block.10.layer.1.EncDecAttention.q,176,0.16752532124519348,drift
wiki_qa,transformer.decoder.block.10.layer.1.EncDecAttention.q,176,0.4336506724357605,tot
wiki_qa,transformer.decoder.block.10.layer.1.EncDecAttention.q,176,-0.10028624534606934,$\delta_\text{gsc}$
wiki_qa,transformer.decoder.block.10.layer.1.EncDecAttention.q,176,-0.13379338383674622,$\delta_\text{ssc}$
wiki_qa,transformer.decoder.block.10.layer.1.EncDecAttention.k,177,0.29165539145469666,cross
wiki_qa,transformer.decoder.block.10.layer.1.EncDecAttention.k,177,0.4074973464012146,corr
wiki_qa,transformer.decoder.block.10.layer.1.EncDecAttention.k,177,0.34737545251846313,drift
wiki_qa,transformer.decoder.block.10.layer.1.EncDecAttention.k,177,0.38198569416999817,tot
wiki_qa,transformer.decoder.block.10.layer.1.EncDecAttention.k,177,-0.19856107234954834,$\delta_\text{gsc}$
wiki_qa,transformer.decoder.block.10.layer.1.EncDecAttention.k,177,-0.4659814238548279,$\delta_\text{ssc}$
wiki_qa,transformer.decoder.block.10.layer.1.EncDecAttention.v,178,0.3554285764694214,cross
wiki_qa,transformer.decoder.block.10.layer.1.EncDecAttention.v,178,0.4231228530406952,corr
wiki_qa,transformer.decoder.block.10.layer.1.EncDecAttention.v,178,0.3452508747577667,drift
wiki_qa,transformer.decoder.block.10.layer.1.EncDecAttention.v,178,0.40585070848464966,tot
wiki_qa,transformer.decoder.block.10.layer.1.EncDecAttention.v,178,-0.27775606513023376,$\delta_\text{gsc}$
wiki_qa,transformer.decoder.block.10.layer.1.EncDecAttention.v,178,-0.4401955306529999,$\delta_\text{ssc}$
wiki_qa,transformer.decoder.block.10.layer.1.EncDecAttention.o,179,0.3052912652492523,cross
wiki_qa,transformer.decoder.block.10.layer.1.EncDecAttention.o,179,0.17242321372032166,corr
wiki_qa,transformer.decoder.block.10.layer.1.EncDecAttention.o,179,0.17954173684120178,drift
wiki_qa,transformer.decoder.block.10.layer.1.EncDecAttention.o,179,0.43008798360824585,tot
wiki_qa,transformer.decoder.block.10.layer.1.EncDecAttention.o,179,-0.14968329668045044,$\delta_\text{gsc}$
wiki_qa,transformer.decoder.block.10.layer.1.EncDecAttention.o,179,-0.07748493552207947,$\delta_\text{ssc}$
wiki_qa,transformer.decoder.block.10.layer.2.DenseReluDense.wi,180,0.19475053250789642,cross
wiki_qa,transformer.decoder.block.10.layer.2.DenseReluDense.wi,180,0.3184305727481842,corr
wiki_qa,transformer.decoder.block.10.layer.2.DenseReluDense.wi,180,0.11123901605606079,drift
wiki_qa,transformer.decoder.block.10.layer.2.DenseReluDense.wi,180,0.38296011090278625,tot
wiki_qa,transformer.decoder.block.10.layer.2.DenseReluDense.wi,180,-0.15331627428531647,$\delta_\text{gsc}$
wiki_qa,transformer.decoder.block.10.layer.2.DenseReluDense.wi,180,-0.0881437361240387,$\delta_\text{ssc}$
wiki_qa,transformer.decoder.block.10.layer.2.DenseReluDense.wo,181,0.3109453320503235,cross
wiki_qa,transformer.decoder.block.10.layer.2.DenseReluDense.wo,181,0.35344982147216797,corr
wiki_qa,transformer.decoder.block.10.layer.2.DenseReluDense.wo,181,0.10155381262302399,drift
wiki_qa,transformer.decoder.block.10.layer.2.DenseReluDense.wo,181,0.45633986592292786,tot
wiki_qa,transformer.decoder.block.10.layer.2.DenseReluDense.wo,181,-0.2275182008743286,$\delta_\text{gsc}$
wiki_qa,transformer.decoder.block.10.layer.2.DenseReluDense.wo,181,-0.08209089934825897,$\delta_\text{ssc}$
wiki_qa,transformer.decoder.block.11.layer.0.SelfAttention.q,182,0.047964733093976974,cross
wiki_qa,transformer.decoder.block.11.layer.0.SelfAttention.q,182,0.11980900168418884,corr
wiki_qa,transformer.decoder.block.11.layer.0.SelfAttention.q,182,0.3673248291015625,drift
wiki_qa,transformer.decoder.block.11.layer.0.SelfAttention.q,182,0.38495633006095886,tot
wiki_qa,transformer.decoder.block.11.layer.0.SelfAttention.q,182,-0.05479910969734192,$\delta_\text{gsc}$
wiki_qa,transformer.decoder.block.11.layer.0.SelfAttention.q,182,-0.09534311294555664,$\delta_\text{ssc}$
wiki_qa,transformer.decoder.block.11.layer.0.SelfAttention.k,183,0.3004206120967865,cross
wiki_qa,transformer.decoder.block.11.layer.0.SelfAttention.k,183,0.0721246600151062,corr
wiki_qa,transformer.decoder.block.11.layer.0.SelfAttention.k,183,0.36700722575187683,drift
wiki_qa,transformer.decoder.block.11.layer.0.SelfAttention.k,183,0.4524834454059601,tot
wiki_qa,transformer.decoder.block.11.layer.0.SelfAttention.k,183,-0.22536581754684448,$\delta_\text{gsc}$
wiki_qa,transformer.decoder.block.11.layer.0.SelfAttention.k,183,-0.061703234910964966,$\delta_\text{ssc}$
wiki_qa,transformer.decoder.block.11.layer.0.SelfAttention.v,184,0.1879516839981079,cross
wiki_qa,transformer.decoder.block.11.layer.0.SelfAttention.v,184,0.31074464321136475,corr
wiki_qa,transformer.decoder.block.11.layer.0.SelfAttention.v,184,0.13086657226085663,drift
wiki_qa,transformer.decoder.block.11.layer.0.SelfAttention.v,184,0.39450183510780334,tot
wiki_qa,transformer.decoder.block.11.layer.0.SelfAttention.v,184,-0.13238796591758728,$\delta_\text{gsc}$
wiki_qa,transformer.decoder.block.11.layer.0.SelfAttention.v,184,-0.10267309844493866,$\delta_\text{ssc}$
wiki_qa,transformer.decoder.block.11.layer.0.SelfAttention.o,185,0.27814584970474243,cross
wiki_qa,transformer.decoder.block.11.layer.0.SelfAttention.o,185,0.18041381239891052,corr
wiki_qa,transformer.decoder.block.11.layer.0.SelfAttention.o,185,0.12887048721313477,drift
wiki_qa,transformer.decoder.block.11.layer.0.SelfAttention.o,185,0.3974314033985138,tot
wiki_qa,transformer.decoder.block.11.layer.0.SelfAttention.o,185,-0.12532922625541687,$\delta_\text{gsc}$
wiki_qa,transformer.decoder.block.11.layer.0.SelfAttention.o,185,-0.06466951966285706,$\delta_\text{ssc}$
wiki_qa,transformer.decoder.block.11.layer.1.EncDecAttention.q,186,0.2006969302892685,cross
wiki_qa,transformer.decoder.block.11.layer.1.EncDecAttention.q,186,0.31485557556152344,corr
wiki_qa,transformer.decoder.block.11.layer.1.EncDecAttention.q,186,0.13149502873420715,drift
wiki_qa,transformer.decoder.block.11.layer.1.EncDecAttention.q,186,0.4084572196006775,tot
wiki_qa,transformer.decoder.block.11.layer.1.EncDecAttention.q,186,-0.13106097280979156,$\delta_\text{gsc}$
wiki_qa,transformer.decoder.block.11.layer.1.EncDecAttention.q,186,-0.10752934217453003,$\delta_\text{ssc}$
wiki_qa,transformer.decoder.block.11.layer.1.EncDecAttention.k,187,0.28113237023353577,cross
wiki_qa,transformer.decoder.block.11.layer.1.EncDecAttention.k,187,0.39288559556007385,corr
wiki_qa,transformer.decoder.block.11.layer.1.EncDecAttention.k,187,0.3351191282272339,drift
wiki_qa,transformer.decoder.block.11.layer.1.EncDecAttention.k,187,0.37527865171432495,tot
wiki_qa,transformer.decoder.block.11.layer.1.EncDecAttention.k,187,-0.1694904863834381,$\delta_\text{gsc}$
wiki_qa,transformer.decoder.block.11.layer.1.EncDecAttention.k,187,-0.46436795592308044,$\delta_\text{ssc}$
wiki_qa,transformer.decoder.block.11.layer.1.EncDecAttention.v,188,0.3457705080509186,cross
wiki_qa,transformer.decoder.block.11.layer.1.EncDecAttention.v,188,0.4130888283252716,corr
wiki_qa,transformer.decoder.block.11.layer.1.EncDecAttention.v,188,0.3344496786594391,drift
wiki_qa,transformer.decoder.block.11.layer.1.EncDecAttention.v,188,0.3848656415939331,tot
wiki_qa,transformer.decoder.block.11.layer.1.EncDecAttention.v,188,-0.27936628460884094,$\delta_\text{gsc}$
wiki_qa,transformer.decoder.block.11.layer.1.EncDecAttention.v,188,-0.4290770888328552,$\delta_\text{ssc}$
wiki_qa,transformer.decoder.block.11.layer.1.EncDecAttention.o,189,0.35697251558303833,cross
wiki_qa,transformer.decoder.block.11.layer.1.EncDecAttention.o,189,0.12389480322599411,corr
wiki_qa,transformer.decoder.block.11.layer.1.EncDecAttention.o,189,0.14189667999744415,drift
wiki_qa,transformer.decoder.block.11.layer.1.EncDecAttention.o,189,0.42195889353752136,tot
wiki_qa,transformer.decoder.block.11.layer.1.EncDecAttention.o,189,-0.13874401152133942,$\delta_\text{gsc}$
wiki_qa,transformer.decoder.block.11.layer.1.EncDecAttention.o,189,-0.062061093747615814,$\delta_\text{ssc}$
wiki_qa,transformer.decoder.block.11.layer.2.DenseReluDense.wi,190,0.1854364424943924,cross
wiki_qa,transformer.decoder.block.11.layer.2.DenseReluDense.wi,190,0.27734091877937317,corr
wiki_qa,transformer.decoder.block.11.layer.2.DenseReluDense.wi,190,0.09764941781759262,drift
wiki_qa,transformer.decoder.block.11.layer.2.DenseReluDense.wi,190,0.3402901887893677,tot
wiki_qa,transformer.decoder.block.11.layer.2.DenseReluDense.wi,190,-0.14638157188892365,$\delta_\text{gsc}$
wiki_qa,transformer.decoder.block.11.layer.2.DenseReluDense.wi,190,-0.07375501841306686,$\delta_\text{ssc}$
wiki_qa,transformer.decoder.block.11.layer.2.DenseReluDense.wo,191,0.26476845145225525,cross
wiki_qa,transformer.decoder.block.11.layer.2.DenseReluDense.wo,191,0.2409595251083374,corr
wiki_qa,transformer.decoder.block.11.layer.2.DenseReluDense.wo,191,0.09697441756725311,drift
wiki_qa,transformer.decoder.block.11.layer.2.DenseReluDense.wo,191,0.3977406620979309,tot
wiki_qa,transformer.decoder.block.11.layer.2.DenseReluDense.wo,191,-0.1408228576183319,$\delta_\text{gsc}$
wiki_qa,transformer.decoder.block.11.layer.2.DenseReluDense.wo,191,-0.06413887441158295,$\delta_\text{ssc}$
wiki_qa,transformer.lm_head,192,0.09351871907711029,cross
wiki_qa,transformer.lm_head,192,0.1646190881729126,corr
wiki_qa,transformer.lm_head,192,0.03155437856912613,drift
wiki_qa,transformer.lm_head,192,0.20919595658779144,tot
wiki_qa,transformer.lm_head,192,-0.05677182972431183,$\delta_\text{gsc}$
wiki_qa,transformer.lm_head,192,-0.023724399507045746,$\delta_\text{ssc}$
story_cloze,transformer.encoder.block.0.layer.0.SelfAttention.q,0,0.3727651834487915,cross
story_cloze,transformer.encoder.block.0.layer.0.SelfAttention.q,0,0.39355555176734924,corr
story_cloze,transformer.encoder.block.0.layer.0.SelfAttention.q,0,0.3178223967552185,drift
story_cloze,transformer.encoder.block.0.layer.0.SelfAttention.q,0,0.3329446613788605,tot
story_cloze,transformer.encoder.block.0.layer.0.SelfAttention.q,0,-0.3387658894062042,$\delta_\text{gsc}$
story_cloze,transformer.encoder.block.0.layer.0.SelfAttention.q,0,-0.41243258118629456,$\delta_\text{ssc}$
story_cloze,transformer.encoder.block.0.layer.0.SelfAttention.k,1,0.3467029333114624,cross
story_cloze,transformer.encoder.block.0.layer.0.SelfAttention.k,1,0.35472556948661804,corr
story_cloze,transformer.encoder.block.0.layer.0.SelfAttention.k,1,0.31785231828689575,drift
story_cloze,transformer.encoder.block.0.layer.0.SelfAttention.k,1,0.38597217202186584,tot
story_cloze,transformer.encoder.block.0.layer.0.SelfAttention.k,1,-0.16159787774085999,$\delta_\text{gsc}$
story_cloze,transformer.encoder.block.0.layer.0.SelfAttention.k,1,-0.47171077132225037,$\delta_\text{ssc}$
story_cloze,transformer.encoder.block.0.layer.0.SelfAttention.v,2,0.4071725308895111,cross
story_cloze,transformer.encoder.block.0.layer.0.SelfAttention.v,2,0.4459485113620758,corr
story_cloze,transformer.encoder.block.0.layer.0.SelfAttention.v,2,0.31885525584220886,drift
story_cloze,transformer.encoder.block.0.layer.0.SelfAttention.v,2,0.2794327735900879,tot
story_cloze,transformer.encoder.block.0.layer.0.SelfAttention.v,2,-0.5294555425643921,$\delta_\text{gsc}$
story_cloze,transformer.encoder.block.0.layer.0.SelfAttention.v,2,-0.3630879521369934,$\delta_\text{ssc}$
story_cloze,transformer.encoder.block.0.layer.0.SelfAttention.o,3,0.22853583097457886,cross
story_cloze,transformer.encoder.block.0.layer.0.SelfAttention.o,3,0.2125047743320465,corr
story_cloze,transformer.encoder.block.0.layer.0.SelfAttention.o,3,0.12185946851968765,drift
story_cloze,transformer.encoder.block.0.layer.0.SelfAttention.o,3,0.16594120860099792,tot
story_cloze,transformer.encoder.block.0.layer.0.SelfAttention.o,3,-0.2744466960430145,$\delta_\text{gsc}$
story_cloze,transformer.encoder.block.0.layer.0.SelfAttention.o,3,-0.12251216918230057,$\delta_\text{ssc}$
story_cloze,transformer.encoder.block.0.layer.1.DenseReluDense.wi,4,0.2666139304637909,cross
story_cloze,transformer.encoder.block.0.layer.1.DenseReluDense.wi,4,0.31864801049232483,corr
story_cloze,transformer.encoder.block.0.layer.1.DenseReluDense.wi,4,0.29631391167640686,drift
story_cloze,transformer.encoder.block.0.layer.1.DenseReluDense.wi,4,0.23906855285167694,tot
story_cloze,transformer.encoder.block.0.layer.1.DenseReluDense.wi,4,-0.1897110491991043,$\delta_\text{gsc}$
story_cloze,transformer.encoder.block.0.layer.1.DenseReluDense.wi,4,-0.45279625058174133,$\delta_\text{ssc}$
story_cloze,transformer.encoder.block.0.layer.1.DenseReluDense.wo,5,0.21072103083133698,cross
story_cloze,transformer.encoder.block.0.layer.1.DenseReluDense.wo,5,0.3915006220340729,corr
story_cloze,transformer.encoder.block.0.layer.1.DenseReluDense.wo,5,0.37902897596359253,drift
story_cloze,transformer.encoder.block.0.layer.1.DenseReluDense.wo,5,0.25393664836883545,tot
story_cloze,transformer.encoder.block.0.layer.1.DenseReluDense.wo,5,-0.11855977773666382,$\delta_\text{gsc}$
story_cloze,transformer.encoder.block.0.layer.1.DenseReluDense.wo,5,-0.6087542176246643,$\delta_\text{ssc}$
story_cloze,transformer.encoder.block.1.layer.0.SelfAttention.q,6,0.27278992533683777,cross
story_cloze,transformer.encoder.block.1.layer.0.SelfAttention.q,6,0.3666450083255768,corr
story_cloze,transformer.encoder.block.1.layer.0.SelfAttention.q,6,0.3469086289405823,drift
story_cloze,transformer.encoder.block.1.layer.0.SelfAttention.q,6,0.2884480059146881,tot
story_cloze,transformer.encoder.block.1.layer.0.SelfAttention.q,6,-0.16261595487594604,$\delta_\text{gsc}$
story_cloze,transformer.encoder.block.1.layer.0.SelfAttention.q,6,-0.5352796316146851,$\delta_\text{ssc}$
story_cloze,transformer.encoder.block.1.layer.0.SelfAttention.k,7,0.37533268332481384,cross
story_cloze,transformer.encoder.block.1.layer.0.SelfAttention.k,7,0.37228938937187195,corr
story_cloze,transformer.encoder.block.1.layer.0.SelfAttention.k,7,0.3465370833873749,drift
story_cloze,transformer.encoder.block.1.layer.0.SelfAttention.k,7,0.36365872621536255,tot
story_cloze,transformer.encoder.block.1.layer.0.SelfAttention.k,7,-0.21590325236320496,$\delta_\text{gsc}$
story_cloze,transformer.encoder.block.1.layer.0.SelfAttention.k,7,-0.5145971775054932,$\delta_\text{ssc}$
story_cloze,transformer.encoder.block.1.layer.0.SelfAttention.v,8,0.2043817937374115,cross
story_cloze,transformer.encoder.block.1.layer.0.SelfAttention.v,8,0.424335777759552,corr
story_cloze,transformer.encoder.block.1.layer.0.SelfAttention.v,8,0.34687501192092896,drift
story_cloze,transformer.encoder.block.1.layer.0.SelfAttention.v,8,0.3353326916694641,tot
story_cloze,transformer.encoder.block.1.layer.0.SelfAttention.v,8,-0.21456152200698853,$\delta_\text{gsc}$
story_cloze,transformer.encoder.block.1.layer.0.SelfAttention.v,8,-0.4256983697414398,$\delta_\text{ssc}$
story_cloze,transformer.encoder.block.1.layer.0.SelfAttention.o,9,0.1638726145029068,cross
story_cloze,transformer.encoder.block.1.layer.0.SelfAttention.o,9,0.21116338670253754,corr
story_cloze,transformer.encoder.block.1.layer.0.SelfAttention.o,9,0.22936387360095978,drift
story_cloze,transformer.encoder.block.1.layer.0.SelfAttention.o,9,0.21292299032211304,tot
story_cloze,transformer.encoder.block.1.layer.0.SelfAttention.o,9,-0.10860943794250488,$\delta_\text{gsc}$
story_cloze,transformer.encoder.block.1.layer.0.SelfAttention.o,9,-0.282867431640625,$\delta_\text{ssc}$
story_cloze,transformer.encoder.block.1.layer.1.DenseReluDense.wi,10,0.17464444041252136,cross
story_cloze,transformer.encoder.block.1.layer.1.DenseReluDense.wi,10,0.24056191742420197,corr
story_cloze,transformer.encoder.block.1.layer.1.DenseReluDense.wi,10,0.23251716792583466,drift
story_cloze,transformer.encoder.block.1.layer.1.DenseReluDense.wi,10,0.17924168705940247,tot
story_cloze,transformer.encoder.block.1.layer.1.DenseReluDense.wi,10,-0.1020488366484642,$\delta_\text{gsc}$
story_cloze,transformer.encoder.block.1.layer.1.DenseReluDense.wi,10,-0.3664330244064331,$\delta_\text{ssc}$
story_cloze,transformer.encoder.block.1.layer.1.DenseReluDense.wo,11,0.23587162792682648,cross
story_cloze,transformer.encoder.block.1.layer.1.DenseReluDense.wo,11,0.39495113492012024,corr
story_cloze,transformer.encoder.block.1.layer.1.DenseReluDense.wo,11,0.3858943581581116,drift
story_cloze,transformer.encoder.block.1.layer.1.DenseReluDense.wo,11,0.2590700387954712,tot
story_cloze,transformer.encoder.block.1.layer.1.DenseReluDense.wo,11,-0.18766115605831146,$\delta_\text{gsc}$
story_cloze,transformer.encoder.block.1.layer.1.DenseReluDense.wo,11,-0.5699859261512756,$\delta_\text{ssc}$
story_cloze,transformer.encoder.block.2.layer.0.SelfAttention.q,12,0.26416367292404175,cross
story_cloze,transformer.encoder.block.2.layer.0.SelfAttention.q,12,0.3661845028400421,corr
story_cloze,transformer.encoder.block.2.layer.0.SelfAttention.q,12,0.352182537317276,drift
story_cloze,transformer.encoder.block.2.layer.0.SelfAttention.q,12,0.2823338806629181,tot
story_cloze,transformer.encoder.block.2.layer.0.SelfAttention.q,12,-0.1532098948955536,$\delta_\text{gsc}$
story_cloze,transformer.encoder.block.2.layer.0.SelfAttention.q,12,-0.5469869375228882,$\delta_\text{ssc}$
story_cloze,transformer.encoder.block.2.layer.0.SelfAttention.k,13,0.3039391040802002,cross
story_cloze,transformer.encoder.block.2.layer.0.SelfAttention.k,13,0.37618425488471985,corr
story_cloze,transformer.encoder.block.2.layer.0.SelfAttention.k,13,0.35189759731292725,drift
story_cloze,transformer.encoder.block.2.layer.0.SelfAttention.k,13,0.36101120710372925,tot
story_cloze,transformer.encoder.block.2.layer.0.SelfAttention.k,13,-0.15328748524188995,$\delta_\text{gsc}$
story_cloze,transformer.encoder.block.2.layer.0.SelfAttention.k,13,-0.5177222490310669,$\delta_\text{ssc}$
story_cloze,transformer.encoder.block.2.layer.0.SelfAttention.v,14,0.2789195775985718,cross
story_cloze,transformer.encoder.block.2.layer.0.SelfAttention.v,14,0.41502442955970764,corr
story_cloze,transformer.encoder.block.2.layer.0.SelfAttention.v,14,0.35194137692451477,drift
story_cloze,transformer.encoder.block.2.layer.0.SelfAttention.v,14,0.3056804835796356,tot
story_cloze,transformer.encoder.block.2.layer.0.SelfAttention.v,14,-0.2960517406463623,$\delta_\text{gsc}$
story_cloze,transformer.encoder.block.2.layer.0.SelfAttention.v,14,-0.44415315985679626,$\delta_\text{ssc}$
story_cloze,transformer.encoder.block.2.layer.0.SelfAttention.o,15,0.20111417770385742,cross
story_cloze,transformer.encoder.block.2.layer.0.SelfAttention.o,15,0.1280292421579361,corr
story_cloze,transformer.encoder.block.2.layer.0.SelfAttention.o,15,0.13375528156757355,drift
story_cloze,transformer.encoder.block.2.layer.0.SelfAttention.o,15,0.2382662147283554,tot
story_cloze,transformer.encoder.block.2.layer.0.SelfAttention.o,15,-0.12334279716014862,$\delta_\text{gsc}$
story_cloze,transformer.encoder.block.2.layer.0.SelfAttention.o,15,-0.10128968954086304,$\delta_\text{ssc}$
story_cloze,transformer.encoder.block.2.layer.1.DenseReluDense.wi,16,0.15902921557426453,cross
story_cloze,transformer.encoder.block.2.layer.1.DenseReluDense.wi,16,0.1680712252855301,corr
story_cloze,transformer.encoder.block.2.layer.1.DenseReluDense.wi,16,0.16196662187576294,drift
story_cloze,transformer.encoder.block.2.layer.1.DenseReluDense.wi,16,0.1693543791770935,tot
story_cloze,transformer.encoder.block.2.layer.1.DenseReluDense.wi,16,-0.07196950912475586,$\delta_\text{gsc}$
story_cloze,transformer.encoder.block.2.layer.1.DenseReluDense.wi,16,-0.2477431744337082,$\delta_\text{ssc}$
story_cloze,transformer.encoder.block.2.layer.1.DenseReluDense.wo,17,0.16964295506477356,cross
story_cloze,transformer.encoder.block.2.layer.1.DenseReluDense.wo,17,0.17553037405014038,corr
story_cloze,transformer.encoder.block.2.layer.1.DenseReluDense.wo,17,0.10340221226215363,drift
story_cloze,transformer.encoder.block.2.layer.1.DenseReluDense.wo,17,0.17115019261837006,tot
story_cloze,transformer.encoder.block.2.layer.1.DenseReluDense.wo,17,-0.1643768846988678,$\delta_\text{gsc}$
story_cloze,transformer.encoder.block.2.layer.1.DenseReluDense.wo,17,-0.11304846405982971,$\delta_\text{ssc}$
story_cloze,transformer.encoder.block.3.layer.0.SelfAttention.q,18,0.2507930397987366,cross
story_cloze,transformer.encoder.block.3.layer.0.SelfAttention.q,18,0.3509928286075592,corr
story_cloze,transformer.encoder.block.3.layer.0.SelfAttention.q,18,0.33631131052970886,drift
story_cloze,transformer.encoder.block.3.layer.0.SelfAttention.q,18,0.25745105743408203,tot
story_cloze,transformer.encoder.block.3.layer.0.SelfAttention.q,18,-0.16045734286308289,$\delta_\text{gsc}$
story_cloze,transformer.encoder.block.3.layer.0.SelfAttention.q,18,-0.5201888084411621,$\delta_\text{ssc}$
story_cloze,transformer.encoder.block.3.layer.0.SelfAttention.k,19,0.32520791888237,cross
story_cloze,transformer.encoder.block.3.layer.0.SelfAttention.k,19,0.3497386872768402,corr
story_cloze,transformer.encoder.block.3.layer.0.SelfAttention.k,19,0.3362460434436798,drift
story_cloze,transformer.encoder.block.3.layer.0.SelfAttention.k,19,0.3583020269870758,tot
story_cloze,transformer.encoder.block.3.layer.0.SelfAttention.k,19,-0.13591884076595306,$\delta_\text{gsc}$
story_cloze,transformer.encoder.block.3.layer.0.SelfAttention.k,19,-0.5169717669487,$\delta_\text{ssc}$
story_cloze,transformer.encoder.block.3.layer.0.SelfAttention.v,20,0.20788279175758362,cross
story_cloze,transformer.encoder.block.3.layer.0.SelfAttention.v,20,0.42535874247550964,corr
story_cloze,transformer.encoder.block.3.layer.0.SelfAttention.v,20,0.33706918358802795,drift
story_cloze,transformer.encoder.block.3.layer.0.SelfAttention.v,20,0.3291425108909607,tot
story_cloze,transformer.encoder.block.3.layer.0.SelfAttention.v,20,-0.24238839745521545,$\delta_\text{gsc}$
story_cloze,transformer.encoder.block.3.layer.0.SelfAttention.v,20,-0.39877980947494507,$\delta_\text{ssc}$
story_cloze,transformer.encoder.block.3.layer.0.SelfAttention.o,21,0.16007179021835327,cross
story_cloze,transformer.encoder.block.3.layer.0.SelfAttention.o,21,0.163399338722229,corr
story_cloze,transformer.encoder.block.3.layer.0.SelfAttention.o,21,0.18182091414928436,drift
story_cloze,transformer.encoder.block.3.layer.0.SelfAttention.o,21,0.22113023698329926,tot
story_cloze,transformer.encoder.block.3.layer.0.SelfAttention.o,21,-0.08524778485298157,$\delta_\text{gsc}$
story_cloze,transformer.encoder.block.3.layer.0.SelfAttention.o,21,-0.19891402125358582,$\delta_\text{ssc}$
story_cloze,transformer.encoder.block.3.layer.1.DenseReluDense.wi,22,0.1621241569519043,cross
story_cloze,transformer.encoder.block.3.layer.1.DenseReluDense.wi,22,0.1520061492919922,corr
story_cloze,transformer.encoder.block.3.layer.1.DenseReluDense.wi,22,0.14726443588733673,drift
story_cloze,transformer.encoder.block.3.layer.1.DenseReluDense.wi,22,0.17328794300556183,tot
story_cloze,transformer.encoder.block.3.layer.1.DenseReluDense.wi,22,-0.06591781228780746,$\delta_\text{gsc}$
story_cloze,transformer.encoder.block.3.layer.1.DenseReluDense.wi,22,-0.22218897938728333,$\delta_\text{ssc}$
story_cloze,transformer.encoder.block.3.layer.1.DenseReluDense.wo,23,0.10021084547042847,cross
story_cloze,transformer.encoder.block.3.layer.1.DenseReluDense.wo,23,0.1006365418434143,corr
story_cloze,transformer.encoder.block.3.layer.1.DenseReluDense.wo,23,0.039378270506858826,drift
story_cloze,transformer.encoder.block.3.layer.1.DenseReluDense.wo,23,0.09306888282299042,tot
story_cloze,transformer.encoder.block.3.layer.1.DenseReluDense.wo,23,-0.10588318854570389,$\delta_\text{gsc}$
story_cloze,transformer.encoder.block.3.layer.1.DenseReluDense.wo,23,-0.041273586452007294,$\delta_\text{ssc}$
story_cloze,transformer.encoder.block.4.layer.0.SelfAttention.q,24,0.2866553068161011,cross
story_cloze,transformer.encoder.block.4.layer.0.SelfAttention.q,24,0.3628956079483032,corr
story_cloze,transformer.encoder.block.4.layer.0.SelfAttention.q,24,0.3427944779396057,drift
story_cloze,transformer.encoder.block.4.layer.0.SelfAttention.q,24,0.2855647802352905,tot
story_cloze,transformer.encoder.block.4.layer.0.SelfAttention.q,24,-0.20103353261947632,$\delta_\text{gsc}$
story_cloze,transformer.encoder.block.4.layer.0.SelfAttention.q,24,-0.5057470798492432,$\delta_\text{ssc}$
story_cloze,transformer.encoder.block.4.layer.0.SelfAttention.k,25,0.3526841402053833,cross
story_cloze,transformer.encoder.block.4.layer.0.SelfAttention.k,25,0.35749414563179016,corr
story_cloze,transformer.encoder.block.4.layer.0.SelfAttention.k,25,0.34306851029396057,drift
story_cloze,transformer.encoder.block.4.layer.0.SelfAttention.k,25,0.37281113862991333,tot
story_cloze,transformer.encoder.block.4.layer.0.SelfAttention.k,25,-0.16000935435295105,$\delta_\text{gsc}$
story_cloze,transformer.encoder.block.4.layer.0.SelfAttention.k,25,-0.5204262733459473,$\delta_\text{ssc}$
story_cloze,transformer.encoder.block.4.layer.0.SelfAttention.v,26,0.26815518736839294,cross
story_cloze,transformer.encoder.block.4.layer.0.SelfAttention.v,26,0.4070362448692322,corr
story_cloze,transformer.encoder.block.4.layer.0.SelfAttention.v,26,0.34314170479774475,drift
story_cloze,transformer.encoder.block.4.layer.0.SelfAttention.v,26,0.307344913482666,tot
story_cloze,transformer.encoder.block.4.layer.0.SelfAttention.v,26,-0.27438247203826904,$\delta_\text{gsc}$
story_cloze,transformer.encoder.block.4.layer.0.SelfAttention.v,26,-0.4366057515144348,$\delta_\text{ssc}$
story_cloze,transformer.encoder.block.4.layer.0.SelfAttention.o,27,0.1830378770828247,cross
story_cloze,transformer.encoder.block.4.layer.0.SelfAttention.o,27,0.14816880226135254,corr
story_cloze,transformer.encoder.block.4.layer.0.SelfAttention.o,27,0.14827613532543182,drift
story_cloze,transformer.encoder.block.4.layer.0.SelfAttention.o,27,0.24252793192863464,tot
story_cloze,transformer.encoder.block.4.layer.0.SelfAttention.o,27,-0.1143401563167572,$\delta_\text{gsc}$
story_cloze,transformer.encoder.block.4.layer.0.SelfAttention.o,27,-0.12261472642421722,$\delta_\text{ssc}$
story_cloze,transformer.encoder.block.4.layer.1.DenseReluDense.wi,28,0.13899831473827362,cross
story_cloze,transformer.encoder.block.4.layer.1.DenseReluDense.wi,28,0.15198877453804016,corr
story_cloze,transformer.encoder.block.4.layer.1.DenseReluDense.wi,28,0.15120896697044373,drift
story_cloze,transformer.encoder.block.4.layer.1.DenseReluDense.wi,28,0.1553732454776764,tot
story_cloze,transformer.encoder.block.4.layer.1.DenseReluDense.wi,28,-0.06628036499023438,$\delta_\text{gsc}$
story_cloze,transformer.encoder.block.4.layer.1.DenseReluDense.wi,28,-0.22054244577884674,$\delta_\text{ssc}$
story_cloze,transformer.encoder.block.4.layer.1.DenseReluDense.wo,29,0.07677623629570007,cross
story_cloze,transformer.encoder.block.4.layer.1.DenseReluDense.wo,29,0.06872230023145676,corr
story_cloze,transformer.encoder.block.4.layer.1.DenseReluDense.wo,29,0.028249351307749748,drift
story_cloze,transformer.encoder.block.4.layer.1.DenseReluDense.wo,29,0.07567670196294785,tot
story_cloze,transformer.encoder.block.4.layer.1.DenseReluDense.wo,29,-0.06902041286230087,$\delta_\text{gsc}$
story_cloze,transformer.encoder.block.4.layer.1.DenseReluDense.wo,29,-0.02905077300965786,$\delta_\text{ssc}$
story_cloze,transformer.encoder.block.5.layer.0.SelfAttention.q,30,0.2421291619539261,cross
story_cloze,transformer.encoder.block.5.layer.0.SelfAttention.q,30,0.36207470297813416,corr
story_cloze,transformer.encoder.block.5.layer.0.SelfAttention.q,30,0.3467771112918854,drift
story_cloze,transformer.encoder.block.5.layer.0.SelfAttention.q,30,0.2819831669330597,tot
story_cloze,transformer.encoder.block.5.layer.0.SelfAttention.q,30,-0.1541808694601059,$\delta_\text{gsc}$
story_cloze,transformer.encoder.block.5.layer.0.SelfAttention.q,30,-0.51481693983078,$\delta_\text{ssc}$
story_cloze,transformer.encoder.block.5.layer.0.SelfAttention.k,31,0.3248037099838257,cross
story_cloze,transformer.encoder.block.5.layer.0.SelfAttention.k,31,0.36773842573165894,corr
story_cloze,transformer.encoder.block.5.layer.0.SelfAttention.k,31,0.347077339887619,drift
story_cloze,transformer.encoder.block.5.layer.0.SelfAttention.k,31,0.3785729706287384,tot
story_cloze,transformer.encoder.block.5.layer.0.SelfAttention.k,31,-0.15633678436279297,$\delta_\text{gsc}$
story_cloze,transformer.encoder.block.5.layer.0.SelfAttention.k,31,-0.5047097206115723,$\delta_\text{ssc}$
story_cloze,transformer.encoder.block.5.layer.0.SelfAttention.v,32,0.25293609499931335,cross
story_cloze,transformer.encoder.block.5.layer.0.SelfAttention.v,32,0.4572295546531677,corr
story_cloze,transformer.encoder.block.5.layer.0.SelfAttention.v,32,0.3460366427898407,drift
story_cloze,transformer.encoder.block.5.layer.0.SelfAttention.v,32,0.34267768263816833,tot
story_cloze,transformer.encoder.block.5.layer.0.SelfAttention.v,32,-0.32864055037498474,$\delta_\text{gsc}$
story_cloze,transformer.encoder.block.5.layer.0.SelfAttention.v,32,-0.3848840594291687,$\delta_\text{ssc}$
story_cloze,transformer.encoder.block.5.layer.0.SelfAttention.o,33,0.19605782628059387,cross
story_cloze,transformer.encoder.block.5.layer.0.SelfAttention.o,33,0.14884373545646667,corr
story_cloze,transformer.encoder.block.5.layer.0.SelfAttention.o,33,0.1881091147661209,drift
story_cloze,transformer.encoder.block.5.layer.0.SelfAttention.o,33,0.2837361693382263,tot
story_cloze,transformer.encoder.block.5.layer.0.SelfAttention.o,33,-0.12658987939357758,$\delta_\text{gsc}$
story_cloze,transformer.encoder.block.5.layer.0.SelfAttention.o,33,-0.12268462777137756,$\delta_\text{ssc}$
story_cloze,transformer.encoder.block.5.layer.1.DenseReluDense.wi,34,0.12820594012737274,cross
story_cloze,transformer.encoder.block.5.layer.1.DenseReluDense.wi,34,0.15831243991851807,corr
story_cloze,transformer.encoder.block.5.layer.1.DenseReluDense.wi,34,0.15786419808864594,drift
story_cloze,transformer.encoder.block.5.layer.1.DenseReluDense.wi,34,0.17102918028831482,tot
story_cloze,transformer.encoder.block.5.layer.1.DenseReluDense.wi,34,-0.05218932777643204,$\delta_\text{gsc}$
story_cloze,transformer.encoder.block.5.layer.1.DenseReluDense.wi,34,-0.22116407752037048,$\delta_\text{ssc}$
story_cloze,transformer.encoder.block.5.layer.1.DenseReluDense.wo,35,0.16367779672145844,cross
story_cloze,transformer.encoder.block.5.layer.1.DenseReluDense.wo,35,0.20603054761886597,corr
story_cloze,transformer.encoder.block.5.layer.1.DenseReluDense.wo,35,0.07878448069095612,drift
story_cloze,transformer.encoder.block.5.layer.1.DenseReluDense.wo,35,0.2002953737974167,tot
story_cloze,transformer.encoder.block.5.layer.1.DenseReluDense.wo,35,-0.16604962944984436,$\delta_\text{gsc}$
story_cloze,transformer.encoder.block.5.layer.1.DenseReluDense.wo,35,-0.08214782178401947,$\delta_\text{ssc}$
story_cloze,transformer.encoder.block.6.layer.0.SelfAttention.q,36,0.2553138732910156,cross
story_cloze,transformer.encoder.block.6.layer.0.SelfAttention.q,36,0.3569088578224182,corr
story_cloze,transformer.encoder.block.6.layer.0.SelfAttention.q,36,0.3410545587539673,drift
story_cloze,transformer.encoder.block.6.layer.0.SelfAttention.q,36,0.3052256405353546,tot
story_cloze,transformer.encoder.block.6.layer.0.SelfAttention.q,36,-0.1587967425584793,$\delta_\text{gsc}$
story_cloze,transformer.encoder.block.6.layer.0.SelfAttention.q,36,-0.489254891872406,$\delta_\text{ssc}$
story_cloze,transformer.encoder.block.6.layer.0.SelfAttention.k,37,0.3315427899360657,cross
story_cloze,transformer.encoder.block.6.layer.0.SelfAttention.k,37,0.3529837131500244,corr
story_cloze,transformer.encoder.block.6.layer.0.SelfAttention.k,37,0.34091174602508545,drift
story_cloze,transformer.encoder.block.6.layer.0.SelfAttention.k,37,0.3708200752735138,tot
story_cloze,transformer.encoder.block.6.layer.0.SelfAttention.k,37,-0.14971503615379333,$\delta_\text{gsc}$
story_cloze,transformer.encoder.block.6.layer.0.SelfAttention.k,37,-0.5049031376838684,$\delta_\text{ssc}$
story_cloze,transformer.encoder.block.6.layer.0.SelfAttention.v,38,0.2987317442893982,cross
story_cloze,transformer.encoder.block.6.layer.0.SelfAttention.v,38,0.45386525988578796,corr
story_cloze,transformer.encoder.block.6.layer.0.SelfAttention.v,38,0.3412543535232544,drift
story_cloze,transformer.encoder.block.6.layer.0.SelfAttention.v,38,0.3371972441673279,tot
story_cloze,transformer.encoder.block.6.layer.0.SelfAttention.v,38,-0.3772514760494232,$\delta_\text{gsc}$
story_cloze,transformer.encoder.block.6.layer.0.SelfAttention.v,38,-0.37940263748168945,$\delta_\text{ssc}$
story_cloze,transformer.encoder.block.6.layer.0.SelfAttention.o,39,0.20677940547466278,cross
story_cloze,transformer.encoder.block.6.layer.0.SelfAttention.o,39,0.15172436833381653,corr
story_cloze,transformer.encoder.block.6.layer.0.SelfAttention.o,39,0.1600080132484436,drift
story_cloze,transformer.encoder.block.6.layer.0.SelfAttention.o,39,0.2807527482509613,tot
story_cloze,transformer.encoder.block.6.layer.0.SelfAttention.o,39,-0.1389290690422058,$\delta_\text{gsc}$
story_cloze,transformer.encoder.block.6.layer.0.SelfAttention.o,39,-0.0988299697637558,$\delta_\text{ssc}$
story_cloze,transformer.encoder.block.6.layer.1.DenseReluDense.wi,40,0.07906349003314972,cross
story_cloze,transformer.encoder.block.6.layer.1.DenseReluDense.wi,40,0.14967717230319977,corr
story_cloze,transformer.encoder.block.6.layer.1.DenseReluDense.wi,40,0.14886076748371124,drift
story_cloze,transformer.encoder.block.6.layer.1.DenseReluDense.wi,40,0.1251269280910492,tot
story_cloze,transformer.encoder.block.6.layer.1.DenseReluDense.wi,40,-0.053644612431526184,$\delta_\text{gsc}$
story_cloze,transformer.encoder.block.6.layer.1.DenseReluDense.wi,40,-0.19882988929748535,$\delta_\text{ssc}$
story_cloze,transformer.encoder.block.6.layer.1.DenseReluDense.wo,41,0.24072957038879395,cross
story_cloze,transformer.encoder.block.6.layer.1.DenseReluDense.wo,41,0.2863018810749054,corr
story_cloze,transformer.encoder.block.6.layer.1.DenseReluDense.wo,41,0.11058057844638824,drift
story_cloze,transformer.encoder.block.6.layer.1.DenseReluDense.wo,41,0.2741878926753998,tot
story_cloze,transformer.encoder.block.6.layer.1.DenseReluDense.wo,41,-0.24952948093414307,$\delta_\text{gsc}$
story_cloze,transformer.encoder.block.6.layer.1.DenseReluDense.wo,41,-0.11389465630054474,$\delta_\text{ssc}$
story_cloze,transformer.encoder.block.7.layer.0.SelfAttention.q,42,0.2651713192462921,cross
story_cloze,transformer.encoder.block.7.layer.0.SelfAttention.q,42,0.3469226062297821,corr
story_cloze,transformer.encoder.block.7.layer.0.SelfAttention.q,42,0.31811192631721497,drift
story_cloze,transformer.encoder.block.7.layer.0.SelfAttention.q,42,0.30354467034339905,tot
story_cloze,transformer.encoder.block.7.layer.0.SelfAttention.q,42,-0.19909651577472687,$\delta_\text{gsc}$
story_cloze,transformer.encoder.block.7.layer.0.SelfAttention.q,42,-0.42756468057632446,$\delta_\text{ssc}$
story_cloze,transformer.encoder.block.7.layer.0.SelfAttention.k,43,0.3142061233520508,cross
story_cloze,transformer.encoder.block.7.layer.0.SelfAttention.k,43,0.34213003516197205,corr
story_cloze,transformer.encoder.block.7.layer.0.SelfAttention.k,43,0.31820788979530334,drift
story_cloze,transformer.encoder.block.7.layer.0.SelfAttention.k,43,0.37859541177749634,tot
story_cloze,transformer.encoder.block.7.layer.0.SelfAttention.k,43,-0.14925362169742584,$\delta_\text{gsc}$
story_cloze,transformer.encoder.block.7.layer.0.SelfAttention.k,43,-0.4466950297355652,$\delta_\text{ssc}$
story_cloze,transformer.encoder.block.7.layer.0.SelfAttention.v,44,0.3197091221809387,cross
story_cloze,transformer.encoder.block.7.layer.0.SelfAttention.v,44,0.4348811209201813,corr
story_cloze,transformer.encoder.block.7.layer.0.SelfAttention.v,44,0.31443464756011963,drift
story_cloze,transformer.encoder.block.7.layer.0.SelfAttention.v,44,0.3365154564380646,tot
story_cloze,transformer.encoder.block.7.layer.0.SelfAttention.v,44,-0.37820103764533997,$\delta_\text{gsc}$
story_cloze,transformer.encoder.block.7.layer.0.SelfAttention.v,44,-0.3543083965778351,$\delta_\text{ssc}$
story_cloze,transformer.encoder.block.7.layer.0.SelfAttention.o,45,0.2351173758506775,cross
story_cloze,transformer.encoder.block.7.layer.0.SelfAttention.o,45,0.17508411407470703,corr
story_cloze,transformer.encoder.block.7.layer.0.SelfAttention.o,45,0.16074340045452118,drift
story_cloze,transformer.encoder.block.7.layer.0.SelfAttention.o,45,0.29047131538391113,tot
story_cloze,transformer.encoder.block.7.layer.0.SelfAttention.o,45,-0.17305879294872284,$\delta_\text{gsc}$
story_cloze,transformer.encoder.block.7.layer.0.SelfAttention.o,45,-0.10741478204727173,$\delta_\text{ssc}$
story_cloze,transformer.encoder.block.7.layer.1.DenseReluDense.wi,46,0.11716365069150925,cross
story_cloze,transformer.encoder.block.7.layer.1.DenseReluDense.wi,46,0.1534387469291687,corr
story_cloze,transformer.encoder.block.7.layer.1.DenseReluDense.wi,46,0.1426943987607956,drift
story_cloze,transformer.encoder.block.7.layer.1.DenseReluDense.wi,46,0.15069687366485596,tot
story_cloze,transformer.encoder.block.7.layer.1.DenseReluDense.wi,46,-0.08026839047670364,$\delta_\text{gsc}$
story_cloze,transformer.encoder.block.7.layer.1.DenseReluDense.wi,46,-0.18233153223991394,$\delta_\text{ssc}$
story_cloze,transformer.encoder.block.7.layer.1.DenseReluDense.wo,47,0.29472213983535767,cross
story_cloze,transformer.encoder.block.7.layer.1.DenseReluDense.wo,47,0.43772605061531067,corr
story_cloze,transformer.encoder.block.7.layer.1.DenseReluDense.wo,47,0.04868296533823013,drift
story_cloze,transformer.encoder.block.7.layer.1.DenseReluDense.wo,47,0.42209914326667786,tot
story_cloze,transformer.encoder.block.7.layer.1.DenseReluDense.wo,47,-0.31874123215675354,$\delta_\text{gsc}$
story_cloze,transformer.encoder.block.7.layer.1.DenseReluDense.wo,47,-0.04029078036546707,$\delta_\text{ssc}$
story_cloze,transformer.encoder.block.8.layer.0.SelfAttention.q,48,0.24050754308700562,cross
story_cloze,transformer.encoder.block.8.layer.0.SelfAttention.q,48,0.33854183554649353,corr
story_cloze,transformer.encoder.block.8.layer.0.SelfAttention.q,48,0.29418298602104187,drift
story_cloze,transformer.encoder.block.8.layer.0.SelfAttention.q,48,0.2868752181529999,tot
story_cloze,transformer.encoder.block.8.layer.0.SelfAttention.q,48,-0.2105298638343811,$\delta_\text{gsc}$
story_cloze,transformer.encoder.block.8.layer.0.SelfAttention.q,48,-0.37582728266716003,$\delta_\text{ssc}$
story_cloze,transformer.encoder.block.8.layer.0.SelfAttention.k,49,0.29388782382011414,cross
story_cloze,transformer.encoder.block.8.layer.0.SelfAttention.k,49,0.32422664761543274,corr
story_cloze,transformer.encoder.block.8.layer.0.SelfAttention.k,49,0.2941431403160095,drift
story_cloze,transformer.encoder.block.8.layer.0.SelfAttention.k,49,0.3509756624698639,tot
story_cloze,transformer.encoder.block.8.layer.0.SelfAttention.k,49,-0.16634629666805267,$\delta_\text{gsc}$
story_cloze,transformer.encoder.block.8.layer.0.SelfAttention.k,49,-0.394935667514801,$\delta_\text{ssc}$
story_cloze,transformer.encoder.block.8.layer.0.SelfAttention.v,50,0.24859601259231567,cross
story_cloze,transformer.encoder.block.8.layer.0.SelfAttention.v,50,0.4397454857826233,corr
story_cloze,transformer.encoder.block.8.layer.0.SelfAttention.v,50,0.29478034377098083,drift
story_cloze,transformer.encoder.block.8.layer.0.SelfAttention.v,50,0.36670276522636414,tot
story_cloze,transformer.encoder.block.8.layer.0.SelfAttention.v,50,-0.29498913884162903,$\delta_\text{gsc}$
story_cloze,transformer.encoder.block.8.layer.0.SelfAttention.v,50,-0.32142993807792664,$\delta_\text{ssc}$
story_cloze,transformer.encoder.block.8.layer.0.SelfAttention.o,51,0.2853347957134247,cross
story_cloze,transformer.encoder.block.8.layer.0.SelfAttention.o,51,0.23698879778385162,corr
story_cloze,transformer.encoder.block.8.layer.0.SelfAttention.o,51,0.1788586676120758,drift
story_cloze,transformer.encoder.block.8.layer.0.SelfAttention.o,51,0.32996809482574463,tot
story_cloze,transformer.encoder.block.8.layer.0.SelfAttention.o,51,-0.2551318109035492,$\delta_\text{gsc}$
story_cloze,transformer.encoder.block.8.layer.0.SelfAttention.o,51,-0.11608235538005829,$\delta_\text{ssc}$
story_cloze,transformer.encoder.block.8.layer.1.DenseReluDense.wi,52,0.14787845313549042,cross
story_cloze,transformer.encoder.block.8.layer.1.DenseReluDense.wi,52,0.16312971711158752,corr
story_cloze,transformer.encoder.block.8.layer.1.DenseReluDense.wi,52,0.13641656935214996,drift
story_cloze,transformer.encoder.block.8.layer.1.DenseReluDense.wi,52,0.15685386955738068,tot
story_cloze,transformer.encoder.block.8.layer.1.DenseReluDense.wi,52,-0.1234472244977951,$\delta_\text{gsc}$
story_cloze,transformer.encoder.block.8.layer.1.DenseReluDense.wi,52,-0.16712364554405212,$\delta_\text{ssc}$
story_cloze,transformer.encoder.block.8.layer.1.DenseReluDense.wo,53,0.3403792083263397,cross
story_cloze,transformer.encoder.block.8.layer.1.DenseReluDense.wo,53,0.44949260354042053,corr
story_cloze,transformer.encoder.block.8.layer.1.DenseReluDense.wo,53,0.10078922659158707,drift
story_cloze,transformer.encoder.block.8.layer.1.DenseReluDense.wo,53,0.4312203824520111,tot
story_cloze,transformer.encoder.block.8.layer.1.DenseReluDense.wo,53,-0.36168816685676575,$\delta_\text{gsc}$
story_cloze,transformer.encoder.block.8.layer.1.DenseReluDense.wo,53,-0.09775248914957047,$\delta_\text{ssc}$
story_cloze,transformer.encoder.block.9.layer.0.SelfAttention.q,54,0.2685549557209015,cross
story_cloze,transformer.encoder.block.9.layer.0.SelfAttention.q,54,0.34315720200538635,corr
story_cloze,transformer.encoder.block.9.layer.0.SelfAttention.q,54,0.2705528140068054,drift
story_cloze,transformer.encoder.block.9.layer.0.SelfAttention.q,54,0.3508645296096802,tot
story_cloze,transformer.encoder.block.9.layer.0.SelfAttention.q,54,-0.2067869007587433,$\delta_\text{gsc}$
story_cloze,transformer.encoder.block.9.layer.0.SelfAttention.q,54,-0.3246135413646698,$\delta_\text{ssc}$
story_cloze,transformer.encoder.block.9.layer.0.SelfAttention.k,55,0.3342338502407074,cross
story_cloze,transformer.encoder.block.9.layer.0.SelfAttention.k,55,0.307746946811676,corr
story_cloze,transformer.encoder.block.9.layer.0.SelfAttention.k,55,0.2707865536212921,drift
story_cloze,transformer.encoder.block.9.layer.0.SelfAttention.k,55,0.3931780755519867,tot
story_cloze,transformer.encoder.block.9.layer.0.SelfAttention.k,55,-0.17050190269947052,$\delta_\text{gsc}$
story_cloze,transformer.encoder.block.9.layer.0.SelfAttention.k,55,-0.34908735752105713,$\delta_\text{ssc}$
story_cloze,transformer.encoder.block.9.layer.0.SelfAttention.v,56,0.27269813418388367,cross
story_cloze,transformer.encoder.block.9.layer.0.SelfAttention.v,56,0.39286568760871887,corr
story_cloze,transformer.encoder.block.9.layer.0.SelfAttention.v,56,0.27440857887268066,drift
story_cloze,transformer.encoder.block.9.layer.0.SelfAttention.v,56,0.33640313148498535,tot
story_cloze,transformer.encoder.block.9.layer.0.SelfAttention.v,56,-0.2934400737285614,$\delta_\text{gsc}$
story_cloze,transformer.encoder.block.9.layer.0.SelfAttention.v,56,-0.31012919545173645,$\delta_\text{ssc}$
story_cloze,transformer.encoder.block.9.layer.0.SelfAttention.o,57,0.27381378412246704,cross
story_cloze,transformer.encoder.block.9.layer.0.SelfAttention.o,57,0.22953183948993683,corr
story_cloze,transformer.encoder.block.9.layer.0.SelfAttention.o,57,0.16879798471927643,drift
story_cloze,transformer.encoder.block.9.layer.0.SelfAttention.o,57,0.32606005668640137,tot
story_cloze,transformer.encoder.block.9.layer.0.SelfAttention.o,57,-0.24475175142288208,$\delta_\text{gsc}$
story_cloze,transformer.encoder.block.9.layer.0.SelfAttention.o,57,-0.10133180022239685,$\delta_\text{ssc}$
story_cloze,transformer.encoder.block.9.layer.1.DenseReluDense.wi,58,0.11494478583335876,cross
story_cloze,transformer.encoder.block.9.layer.1.DenseReluDense.wi,58,0.16901849210262299,corr
story_cloze,transformer.encoder.block.9.layer.1.DenseReluDense.wi,58,0.12886571884155273,drift
story_cloze,transformer.encoder.block.9.layer.1.DenseReluDense.wi,58,0.13186101615428925,tot
story_cloze,transformer.encoder.block.9.layer.1.DenseReluDense.wi,58,-0.13045695424079895,$\delta_\text{gsc}$
story_cloze,transformer.encoder.block.9.layer.1.DenseReluDense.wi,58,-0.1505110263824463,$\delta_\text{ssc}$
story_cloze,transformer.encoder.block.9.layer.1.DenseReluDense.wo,59,0.37082263827323914,cross
story_cloze,transformer.encoder.block.9.layer.1.DenseReluDense.wo,59,0.47380027174949646,corr
story_cloze,transformer.encoder.block.9.layer.1.DenseReluDense.wo,59,0.1405343860387802,drift
story_cloze,transformer.encoder.block.9.layer.1.DenseReluDense.wo,59,0.42912381887435913,tot
story_cloze,transformer.encoder.block.9.layer.1.DenseReluDense.wo,59,-0.41558900475502014,$\delta_\text{gsc}$
story_cloze,transformer.encoder.block.9.layer.1.DenseReluDense.wo,59,-0.14044447243213654,$\delta_\text{ssc}$
story_cloze,transformer.encoder.block.10.layer.0.SelfAttention.q,60,0.24035391211509705,cross
story_cloze,transformer.encoder.block.10.layer.0.SelfAttention.q,60,0.3572215735912323,corr
story_cloze,transformer.encoder.block.10.layer.0.SelfAttention.q,60,0.2799397110939026,drift
story_cloze,transformer.encoder.block.10.layer.0.SelfAttention.q,60,0.3276945948600769,tot
story_cloze,transformer.encoder.block.10.layer.0.SelfAttention.q,60,-0.23154371976852417,$\delta_\text{gsc}$
story_cloze,transformer.encoder.block.10.layer.0.SelfAttention.q,60,-0.31827688217163086,$\delta_\text{ssc}$
story_cloze,transformer.encoder.block.10.layer.0.SelfAttention.k,61,0.3315233588218689,cross
story_cloze,transformer.encoder.block.10.layer.0.SelfAttention.k,61,0.328322172164917,corr
story_cloze,transformer.encoder.block.10.layer.0.SelfAttention.k,61,0.27664896845817566,drift
story_cloze,transformer.encoder.block.10.layer.0.SelfAttention.k,61,0.37463974952697754,tot
story_cloze,transformer.encoder.block.10.layer.0.SelfAttention.k,61,-0.22664964199066162,$\delta_\text{gsc}$
story_cloze,transformer.encoder.block.10.layer.0.SelfAttention.k,61,-0.3352051079273224,$\delta_\text{ssc}$
story_cloze,transformer.encoder.block.10.layer.0.SelfAttention.v,62,0.30060529708862305,cross
story_cloze,transformer.encoder.block.10.layer.0.SelfAttention.v,62,0.4085230231285095,corr
story_cloze,transformer.encoder.block.10.layer.0.SelfAttention.v,62,0.2826281487941742,drift
story_cloze,transformer.encoder.block.10.layer.0.SelfAttention.v,62,0.392318457365036,tot
story_cloze,transformer.encoder.block.10.layer.0.SelfAttention.v,62,-0.28982600569725037,$\delta_\text{gsc}$
story_cloze,transformer.encoder.block.10.layer.0.SelfAttention.v,62,-0.3096120059490204,$\delta_\text{ssc}$
story_cloze,transformer.encoder.block.10.layer.0.SelfAttention.o,63,0.36297908425331116,cross
story_cloze,transformer.encoder.block.10.layer.0.SelfAttention.o,63,0.2861859202384949,corr
story_cloze,transformer.encoder.block.10.layer.0.SelfAttention.o,63,0.22081993520259857,drift
story_cloze,transformer.encoder.block.10.layer.0.SelfAttention.o,63,0.40591442584991455,tot
story_cloze,transformer.encoder.block.10.layer.0.SelfAttention.o,63,-0.3218911290168762,$\delta_\text{gsc}$
story_cloze,transformer.encoder.block.10.layer.0.SelfAttention.o,63,-0.14217938482761383,$\delta_\text{ssc}$
story_cloze,transformer.encoder.block.10.layer.1.DenseReluDense.wi,64,0.12107351422309875,cross
story_cloze,transformer.encoder.block.10.layer.1.DenseReluDense.wi,64,0.18356360495090485,corr
story_cloze,transformer.encoder.block.10.layer.1.DenseReluDense.wi,64,0.1283119022846222,drift
story_cloze,transformer.encoder.block.10.layer.1.DenseReluDense.wi,64,0.15796707570552826,tot
story_cloze,transformer.encoder.block.10.layer.1.DenseReluDense.wi,64,-0.13525772094726562,$\delta_\text{gsc}$
story_cloze,transformer.encoder.block.10.layer.1.DenseReluDense.wi,64,-0.1397242248058319,$\delta_\text{ssc}$
story_cloze,transformer.encoder.block.10.layer.1.DenseReluDense.wo,65,0.3738403022289276,cross
story_cloze,transformer.encoder.block.10.layer.1.DenseReluDense.wo,65,0.47829681634902954,corr
story_cloze,transformer.encoder.block.10.layer.1.DenseReluDense.wo,65,0.07425394654273987,drift
story_cloze,transformer.encoder.block.10.layer.1.DenseReluDense.wo,65,0.3308948874473572,tot
story_cloze,transformer.encoder.block.10.layer.1.DenseReluDense.wo,65,-0.5212082266807556,$\delta_\text{gsc}$
story_cloze,transformer.encoder.block.10.layer.1.DenseReluDense.wo,65,-0.07428795099258423,$\delta_\text{ssc}$
story_cloze,transformer.encoder.block.11.layer.0.SelfAttention.q,66,0.40051522850990295,cross
story_cloze,transformer.encoder.block.11.layer.0.SelfAttention.q,66,0.38067466020584106,corr
story_cloze,transformer.encoder.block.11.layer.0.SelfAttention.q,66,0.29441913962364197,drift
story_cloze,transformer.encoder.block.11.layer.0.SelfAttention.q,66,0.44621536135673523,tot
story_cloze,transformer.encoder.block.11.layer.0.SelfAttention.q,66,-0.3123337924480438,$\delta_\text{gsc}$
story_cloze,transformer.encoder.block.11.layer.0.SelfAttention.q,66,-0.31705987453460693,$\delta_\text{ssc}$
story_cloze,transformer.encoder.block.11.layer.0.SelfAttention.k,67,0.3287029266357422,cross
story_cloze,transformer.encoder.block.11.layer.0.SelfAttention.k,67,0.35242903232574463,corr
story_cloze,transformer.encoder.block.11.layer.0.SelfAttention.k,67,0.2917577028274536,drift
story_cloze,transformer.encoder.block.11.layer.0.SelfAttention.k,67,0.42512932419776917,tot
story_cloze,transformer.encoder.block.11.layer.0.SelfAttention.k,67,-0.22239169478416443,$\delta_\text{gsc}$
story_cloze,transformer.encoder.block.11.layer.0.SelfAttention.k,67,-0.32536864280700684,$\delta_\text{ssc}$
story_cloze,transformer.encoder.block.11.layer.0.SelfAttention.v,68,0.2701318562030792,cross
story_cloze,transformer.encoder.block.11.layer.0.SelfAttention.v,68,0.44891804456710815,corr
story_cloze,transformer.encoder.block.11.layer.0.SelfAttention.v,68,0.2959100902080536,drift
story_cloze,transformer.encoder.block.11.layer.0.SelfAttention.v,68,0.4234601855278015,tot
story_cloze,transformer.encoder.block.11.layer.0.SelfAttention.v,68,-0.28313156962394714,$\delta_\text{gsc}$
story_cloze,transformer.encoder.block.11.layer.0.SelfAttention.v,68,-0.3083682358264923,$\delta_\text{ssc}$
story_cloze,transformer.encoder.block.11.layer.0.SelfAttention.o,69,0.35557228326797485,cross
story_cloze,transformer.encoder.block.11.layer.0.SelfAttention.o,69,0.2944907546043396,corr
story_cloze,transformer.encoder.block.11.layer.0.SelfAttention.o,69,0.19461646676063538,drift
story_cloze,transformer.encoder.block.11.layer.0.SelfAttention.o,69,0.4235084354877472,tot
story_cloze,transformer.encoder.block.11.layer.0.SelfAttention.o,69,-0.32652243971824646,$\delta_\text{gsc}$
story_cloze,transformer.encoder.block.11.layer.0.SelfAttention.o,69,-0.09464862942695618,$\delta_\text{ssc}$
story_cloze,transformer.encoder.block.11.layer.1.DenseReluDense.wi,70,0.17591412365436554,cross
story_cloze,transformer.encoder.block.11.layer.1.DenseReluDense.wi,70,0.24230094254016876,corr
story_cloze,transformer.encoder.block.11.layer.1.DenseReluDense.wi,70,0.1832139939069748,drift
story_cloze,transformer.encoder.block.11.layer.1.DenseReluDense.wi,70,0.24499613046646118,tot
story_cloze,transformer.encoder.block.11.layer.1.DenseReluDense.wi,70,-0.19989906251430511,$\delta_\text{gsc}$
story_cloze,transformer.encoder.block.11.layer.1.DenseReluDense.wi,70,-0.1565338671207428,$\delta_\text{ssc}$
story_cloze,transformer.encoder.block.11.layer.1.DenseReluDense.wo,71,0.41813668608665466,cross
story_cloze,transformer.encoder.block.11.layer.1.DenseReluDense.wo,71,0.47236743569374084,corr
story_cloze,transformer.encoder.block.11.layer.1.DenseReluDense.wo,71,0.025433797389268875,drift
story_cloze,transformer.encoder.block.11.layer.1.DenseReluDense.wo,71,0.30685052275657654,tot
story_cloze,transformer.encoder.block.11.layer.1.DenseReluDense.wo,71,-0.5856172442436218,$\delta_\text{gsc}$
story_cloze,transformer.encoder.block.11.layer.1.DenseReluDense.wo,71,-0.02347015216946602,$\delta_\text{ssc}$
story_cloze,transformer.decoder.block.0.layer.0.SelfAttention.q,72,0.3002922832965851,cross
story_cloze,transformer.decoder.block.0.layer.0.SelfAttention.q,72,0.402581125497818,corr
story_cloze,transformer.decoder.block.0.layer.0.SelfAttention.q,72,0.26464784145355225,drift
story_cloze,transformer.decoder.block.0.layer.0.SelfAttention.q,72,0.2846800684928894,tot
story_cloze,transformer.decoder.block.0.layer.0.SelfAttention.q,72,-0.34237539768218994,$\delta_\text{gsc}$
story_cloze,transformer.decoder.block.0.layer.0.SelfAttention.q,72,-0.340465784072876,$\delta_\text{ssc}$
story_cloze,transformer.decoder.block.0.layer.0.SelfAttention.k,73,0.29190102219581604,cross
story_cloze,transformer.decoder.block.0.layer.0.SelfAttention.k,73,0.24907152354717255,corr
story_cloze,transformer.decoder.block.0.layer.0.SelfAttention.k,73,0.26475653052330017,drift
story_cloze,transformer.decoder.block.0.layer.0.SelfAttention.k,73,0.30109161138534546,tot
story_cloze,transformer.decoder.block.0.layer.0.SelfAttention.k,73,-0.3088332414627075,$\delta_\text{gsc}$
story_cloze,transformer.decoder.block.0.layer.0.SelfAttention.k,73,-0.19580422341823578,$\delta_\text{ssc}$
story_cloze,transformer.decoder.block.0.layer.0.SelfAttention.v,74,0.06426071375608444,cross
story_cloze,transformer.decoder.block.0.layer.0.SelfAttention.v,74,0.19112415611743927,corr
story_cloze,transformer.decoder.block.0.layer.0.SelfAttention.v,74,0.2656397521495819,drift
story_cloze,transformer.decoder.block.0.layer.0.SelfAttention.v,74,0.4395553767681122,tot
story_cloze,transformer.decoder.block.0.layer.0.SelfAttention.v,74,-0.03354114294052124,$\delta_\text{gsc}$
story_cloze,transformer.decoder.block.0.layer.0.SelfAttention.v,74,-0.047928109765052795,$\delta_\text{ssc}$
story_cloze,transformer.decoder.block.0.layer.0.SelfAttention.o,75,0.2783859372138977,cross
story_cloze,transformer.decoder.block.0.layer.0.SelfAttention.o,75,0.2752118408679962,corr
story_cloze,transformer.decoder.block.0.layer.0.SelfAttention.o,75,0.19679442048072815,drift
story_cloze,transformer.decoder.block.0.layer.0.SelfAttention.o,75,0.40378445386886597,tot
story_cloze,transformer.decoder.block.0.layer.0.SelfAttention.o,75,-0.15594545006752014,$\delta_\text{gsc}$
story_cloze,transformer.decoder.block.0.layer.0.SelfAttention.o,75,-0.19066229462623596,$\delta_\text{ssc}$
story_cloze,transformer.decoder.block.0.layer.1.EncDecAttention.q,76,0.10677635669708252,cross
story_cloze,transformer.decoder.block.0.layer.1.EncDecAttention.q,76,0.10324867814779282,corr
story_cloze,transformer.decoder.block.0.layer.1.EncDecAttention.q,76,0.27122271060943604,drift
story_cloze,transformer.decoder.block.0.layer.1.EncDecAttention.q,76,0.3629223108291626,tot
story_cloze,transformer.decoder.block.0.layer.1.EncDecAttention.q,76,-0.042761415243148804,$\delta_\text{gsc}$
story_cloze,transformer.decoder.block.0.layer.1.EncDecAttention.q,76,-0.07556402683258057,$\delta_\text{ssc}$
story_cloze,transformer.decoder.block.0.layer.1.EncDecAttention.k,77,0.30797356367111206,cross
story_cloze,transformer.decoder.block.0.layer.1.EncDecAttention.k,77,0.4051896631717682,corr
story_cloze,transformer.decoder.block.0.layer.1.EncDecAttention.k,77,0.352121502161026,drift
story_cloze,transformer.decoder.block.0.layer.1.EncDecAttention.k,77,0.4494067132472992,tot
story_cloze,transformer.decoder.block.0.layer.1.EncDecAttention.k,77,-0.23676082491874695,$\delta_\text{gsc}$
story_cloze,transformer.decoder.block.0.layer.1.EncDecAttention.k,77,-0.3791171908378601,$\delta_\text{ssc}$
story_cloze,transformer.decoder.block.0.layer.1.EncDecAttention.v,78,0.25016558170318604,cross
story_cloze,transformer.decoder.block.0.layer.1.EncDecAttention.v,78,0.43625909090042114,corr
story_cloze,transformer.decoder.block.0.layer.1.EncDecAttention.v,78,0.3333161473274231,drift
story_cloze,transformer.decoder.block.0.layer.1.EncDecAttention.v,78,0.43383291363716125,tot
story_cloze,transformer.decoder.block.0.layer.1.EncDecAttention.v,78,-0.23931366205215454,$\delta_\text{gsc}$
story_cloze,transformer.decoder.block.0.layer.1.EncDecAttention.v,78,-0.3465942442417145,$\delta_\text{ssc}$
story_cloze,transformer.decoder.block.0.layer.1.EncDecAttention.o,79,0.3150131106376648,cross
story_cloze,transformer.decoder.block.0.layer.1.EncDecAttention.o,79,0.25619715452194214,corr
story_cloze,transformer.decoder.block.0.layer.1.EncDecAttention.o,79,0.2886457145214081,drift
story_cloze,transformer.decoder.block.0.layer.1.EncDecAttention.o,79,0.44296032190322876,tot
story_cloze,transformer.decoder.block.0.layer.1.EncDecAttention.o,79,-0.13682684302330017,$\delta_\text{gsc}$
story_cloze,transformer.decoder.block.0.layer.1.EncDecAttention.o,79,-0.2800688147544861,$\delta_\text{ssc}$
story_cloze,transformer.decoder.block.0.layer.2.DenseReluDense.wi,80,0.18544653058052063,cross
story_cloze,transformer.decoder.block.0.layer.2.DenseReluDense.wi,80,0.14462727308273315,corr
story_cloze,transformer.decoder.block.0.layer.2.DenseReluDense.wi,80,0.2766890227794647,drift
story_cloze,transformer.decoder.block.0.layer.2.DenseReluDense.wi,80,0.4062730669975281,tot
story_cloze,transformer.decoder.block.0.layer.2.DenseReluDense.wi,80,-0.06506296992301941,$\delta_\text{gsc}$
story_cloze,transformer.decoder.block.0.layer.2.DenseReluDense.wi,80,-0.13542678952217102,$\delta_\text{ssc}$
story_cloze,transformer.decoder.block.0.layer.2.DenseReluDense.wo,81,0.0759807750582695,cross
story_cloze,transformer.decoder.block.0.layer.2.DenseReluDense.wo,81,0.13586075603961945,corr
story_cloze,transformer.decoder.block.0.layer.2.DenseReluDense.wo,81,0.15382136404514313,drift
story_cloze,transformer.decoder.block.0.layer.2.DenseReluDense.wo,81,0.32291990518569946,tot
story_cloze,transformer.decoder.block.0.layer.2.DenseReluDense.wo,81,-0.010453611612319946,$\delta_\text{gsc}$
story_cloze,transformer.decoder.block.0.layer.2.DenseReluDense.wo,81,-0.03228938579559326,$\delta_\text{ssc}$
story_cloze,transformer.decoder.block.1.layer.0.SelfAttention.q,82,0.34050559997558594,cross
story_cloze,transformer.decoder.block.1.layer.0.SelfAttention.q,82,0.29925820231437683,corr
story_cloze,transformer.decoder.block.1.layer.0.SelfAttention.q,82,0.17368116974830627,drift
story_cloze,transformer.decoder.block.1.layer.0.SelfAttention.q,82,0.27553609013557434,tot
story_cloze,transformer.decoder.block.1.layer.0.SelfAttention.q,82,-0.3267119824886322,$\delta_\text{gsc}$
story_cloze,transformer.decoder.block.1.layer.0.SelfAttention.q,82,-0.2111968994140625,$\delta_\text{ssc}$
story_cloze,transformer.decoder.block.1.layer.0.SelfAttention.k,83,0.31173229217529297,cross
story_cloze,transformer.decoder.block.1.layer.0.SelfAttention.k,83,0.2512770891189575,corr
story_cloze,transformer.decoder.block.1.layer.0.SelfAttention.k,83,0.17356568574905396,drift
story_cloze,transformer.decoder.block.1.layer.0.SelfAttention.k,83,0.3252441883087158,tot
story_cloze,transformer.decoder.block.1.layer.0.SelfAttention.k,83,-0.2445116937160492,$\delta_\text{gsc}$
story_cloze,transformer.decoder.block.1.layer.0.SelfAttention.k,83,-0.16681918501853943,$\delta_\text{ssc}$
story_cloze,transformer.decoder.block.1.layer.0.SelfAttention.v,84,0.1279950737953186,cross
story_cloze,transformer.decoder.block.1.layer.0.SelfAttention.v,84,0.29959461092948914,corr
story_cloze,transformer.decoder.block.1.layer.0.SelfAttention.v,84,0.17563015222549438,drift
story_cloze,transformer.decoder.block.1.layer.0.SelfAttention.v,84,0.46623483300209045,tot
story_cloze,transformer.decoder.block.1.layer.0.SelfAttention.v,84,-0.0756940245628357,$\delta_\text{gsc}$
story_cloze,transformer.decoder.block.1.layer.0.SelfAttention.v,84,-0.06129097938537598,$\delta_\text{ssc}$
story_cloze,transformer.decoder.block.1.layer.0.SelfAttention.o,85,0.3748745322227478,cross
story_cloze,transformer.decoder.block.1.layer.0.SelfAttention.o,85,0.29330623149871826,corr
story_cloze,transformer.decoder.block.1.layer.0.SelfAttention.o,85,0.2238495647907257,drift
story_cloze,transformer.decoder.block.1.layer.0.SelfAttention.o,85,0.41644078493118286,tot
story_cloze,transformer.decoder.block.1.layer.0.SelfAttention.o,85,-0.21891236305236816,$\delta_\text{gsc}$
story_cloze,transformer.decoder.block.1.layer.0.SelfAttention.o,85,-0.25667718052864075,$\delta_\text{ssc}$
story_cloze,transformer.decoder.block.1.layer.1.EncDecAttention.q,86,0.3345261812210083,cross
story_cloze,transformer.decoder.block.1.layer.1.EncDecAttention.q,86,0.32844337821006775,corr
story_cloze,transformer.decoder.block.1.layer.1.EncDecAttention.q,86,0.28211626410484314,drift
story_cloze,transformer.decoder.block.1.layer.1.EncDecAttention.q,86,0.3245188295841217,tot
story_cloze,transformer.decoder.block.1.layer.1.EncDecAttention.q,86,-0.24523413181304932,$\delta_\text{gsc}$
story_cloze,transformer.decoder.block.1.layer.1.EncDecAttention.q,86,-0.37533286213874817,$\delta_\text{ssc}$
story_cloze,transformer.decoder.block.1.layer.1.EncDecAttention.k,87,0.44399818778038025,cross
story_cloze,transformer.decoder.block.1.layer.1.EncDecAttention.k,87,0.39888569712638855,corr
story_cloze,transformer.decoder.block.1.layer.1.EncDecAttention.k,87,0.31268110871315,drift
story_cloze,transformer.decoder.block.1.layer.1.EncDecAttention.k,87,0.45786261558532715,tot
story_cloze,transformer.decoder.block.1.layer.1.EncDecAttention.k,87,-0.36717158555984497,$\delta_\text{gsc}$
story_cloze,transformer.decoder.block.1.layer.1.EncDecAttention.k,87,-0.3305307924747467,$\delta_\text{ssc}$
story_cloze,transformer.decoder.block.1.layer.1.EncDecAttention.v,88,0.4086845815181732,cross
story_cloze,transformer.decoder.block.1.layer.1.EncDecAttention.v,88,0.41745325922966003,corr
story_cloze,transformer.decoder.block.1.layer.1.EncDecAttention.v,88,0.32083386182785034,drift
story_cloze,transformer.decoder.block.1.layer.1.EncDecAttention.v,88,0.4615989327430725,tot
story_cloze,transformer.decoder.block.1.layer.1.EncDecAttention.v,88,-0.3467145562171936,$\delta_\text{gsc}$
story_cloze,transformer.decoder.block.1.layer.1.EncDecAttention.v,88,-0.3386582136154175,$\delta_\text{ssc}$
story_cloze,transformer.decoder.block.1.layer.1.EncDecAttention.o,89,0.42248964309692383,cross
story_cloze,transformer.decoder.block.1.layer.1.EncDecAttention.o,89,0.2270151972770691,corr
story_cloze,transformer.decoder.block.1.layer.1.EncDecAttention.o,89,0.17961165308952332,drift
story_cloze,transformer.decoder.block.1.layer.1.EncDecAttention.o,89,0.4510326683521271,tot
story_cloze,transformer.decoder.block.1.layer.1.EncDecAttention.o,89,-0.2083655148744583,$\delta_\text{gsc}$
story_cloze,transformer.decoder.block.1.layer.1.EncDecAttention.o,89,-0.16971831023693085,$\delta_\text{ssc}$
story_cloze,transformer.decoder.block.1.layer.2.DenseReluDense.wi,90,0.35420745611190796,cross
story_cloze,transformer.decoder.block.1.layer.2.DenseReluDense.wi,90,0.22194461524486542,corr
story_cloze,transformer.decoder.block.1.layer.2.DenseReluDense.wi,90,0.24084095656871796,drift
story_cloze,transformer.decoder.block.1.layer.2.DenseReluDense.wi,90,0.42024266719818115,tot
story_cloze,transformer.decoder.block.1.layer.2.DenseReluDense.wi,90,-0.13664908707141876,$\delta_\text{gsc}$
story_cloze,transformer.decoder.block.1.layer.2.DenseReluDense.wi,90,-0.2601012587547302,$\delta_\text{ssc}$
story_cloze,transformer.decoder.block.1.layer.2.DenseReluDense.wo,91,0.09190063923597336,cross
story_cloze,transformer.decoder.block.1.layer.2.DenseReluDense.wo,91,0.08060359209775925,corr
story_cloze,transformer.decoder.block.1.layer.2.DenseReluDense.wo,91,0.1125451996922493,drift
story_cloze,transformer.decoder.block.1.layer.2.DenseReluDense.wo,91,0.19053320586681366,tot
story_cloze,transformer.decoder.block.1.layer.2.DenseReluDense.wo,91,-0.04239191859960556,$\delta_\text{gsc}$
story_cloze,transformer.decoder.block.1.layer.2.DenseReluDense.wo,91,-0.05212430655956268,$\delta_\text{ssc}$
story_cloze,transformer.decoder.block.2.layer.0.SelfAttention.q,92,0.24671824276447296,cross
story_cloze,transformer.decoder.block.2.layer.0.SelfAttention.q,92,0.34243708848953247,corr
story_cloze,transformer.decoder.block.2.layer.0.SelfAttention.q,92,0.15611770749092102,drift
story_cloze,transformer.decoder.block.2.layer.0.SelfAttention.q,92,0.31505176424980164,tot
story_cloze,transformer.decoder.block.2.layer.0.SelfAttention.q,92,-0.2629859447479248,$\delta_\text{gsc}$
story_cloze,transformer.decoder.block.2.layer.0.SelfAttention.q,92,-0.16723531484603882,$\delta_\text{ssc}$
story_cloze,transformer.decoder.block.2.layer.0.SelfAttention.k,93,0.2719844877719879,cross
story_cloze,transformer.decoder.block.2.layer.0.SelfAttention.k,93,0.24889983236789703,corr
story_cloze,transformer.decoder.block.2.layer.0.SelfAttention.k,93,0.15612508356571198,drift
story_cloze,transformer.decoder.block.2.layer.0.SelfAttention.k,93,0.32408541440963745,tot
story_cloze,transformer.decoder.block.2.layer.0.SelfAttention.k,93,-0.22215381264686584,$\delta_\text{gsc}$
story_cloze,transformer.decoder.block.2.layer.0.SelfAttention.k,93,-0.13077017664909363,$\delta_\text{ssc}$
story_cloze,transformer.decoder.block.2.layer.0.SelfAttention.v,94,0.09747719019651413,cross
story_cloze,transformer.decoder.block.2.layer.0.SelfAttention.v,94,0.333814412355423,corr
story_cloze,transformer.decoder.block.2.layer.0.SelfAttention.v,94,0.16376818716526031,drift
story_cloze,transformer.decoder.block.2.layer.0.SelfAttention.v,94,0.4712706208229065,tot
story_cloze,transformer.decoder.block.2.layer.0.SelfAttention.v,94,-0.06069225072860718,$\delta_\text{gsc}$
story_cloze,transformer.decoder.block.2.layer.0.SelfAttention.v,94,-0.06309692561626434,$\delta_\text{ssc}$
story_cloze,transformer.decoder.block.2.layer.0.SelfAttention.o,95,0.3539130687713623,cross
story_cloze,transformer.decoder.block.2.layer.0.SelfAttention.o,95,0.2820386588573456,corr
story_cloze,transformer.decoder.block.2.layer.0.SelfAttention.o,95,0.22569581866264343,drift
story_cloze,transformer.decoder.block.2.layer.0.SelfAttention.o,95,0.3831743597984314,tot
story_cloze,transformer.decoder.block.2.layer.0.SelfAttention.o,95,-0.26021599769592285,$\delta_\text{gsc}$
story_cloze,transformer.decoder.block.2.layer.0.SelfAttention.o,95,-0.21825718879699707,$\delta_\text{ssc}$
story_cloze,transformer.decoder.block.2.layer.1.EncDecAttention.q,96,0.3879012167453766,cross
story_cloze,transformer.decoder.block.2.layer.1.EncDecAttention.q,96,0.40261930227279663,corr
story_cloze,transformer.decoder.block.2.layer.1.EncDecAttention.q,96,0.2701265513896942,drift
story_cloze,transformer.decoder.block.2.layer.1.EncDecAttention.q,96,0.29251205921173096,tot
story_cloze,transformer.decoder.block.2.layer.1.EncDecAttention.q,96,-0.3755391836166382,$\delta_\text{gsc}$
story_cloze,transformer.decoder.block.2.layer.1.EncDecAttention.q,96,-0.3925958275794983,$\delta_\text{ssc}$
story_cloze,transformer.decoder.block.2.layer.1.EncDecAttention.k,97,0.39342617988586426,cross
story_cloze,transformer.decoder.block.2.layer.1.EncDecAttention.k,97,0.41395071148872375,corr
story_cloze,transformer.decoder.block.2.layer.1.EncDecAttention.k,97,0.30346736311912537,drift
story_cloze,transformer.decoder.block.2.layer.1.EncDecAttention.k,97,0.4436156749725342,tot
story_cloze,transformer.decoder.block.2.layer.1.EncDecAttention.k,97,-0.349741667509079,$\delta_\text{gsc}$
story_cloze,transformer.decoder.block.2.layer.1.EncDecAttention.k,97,-0.3174869120121002,$\delta_\text{ssc}$
story_cloze,transformer.decoder.block.2.layer.1.EncDecAttention.v,98,0.4104757308959961,cross
story_cloze,transformer.decoder.block.2.layer.1.EncDecAttention.v,98,0.41508397459983826,corr
story_cloze,transformer.decoder.block.2.layer.1.EncDecAttention.v,98,0.317395955324173,drift
story_cloze,transformer.decoder.block.2.layer.1.EncDecAttention.v,98,0.45375776290893555,tot
story_cloze,transformer.decoder.block.2.layer.1.EncDecAttention.v,98,-0.35389432311058044,$\delta_\text{gsc}$
story_cloze,transformer.decoder.block.2.layer.1.EncDecAttention.v,98,-0.33530357480049133,$\delta_\text{ssc}$
story_cloze,transformer.decoder.block.2.layer.1.EncDecAttention.o,99,0.41010865569114685,cross
story_cloze,transformer.decoder.block.2.layer.1.EncDecAttention.o,99,0.2570810914039612,corr
story_cloze,transformer.decoder.block.2.layer.1.EncDecAttention.o,99,0.18149127066135406,drift
story_cloze,transformer.decoder.block.2.layer.1.EncDecAttention.o,99,0.4411933124065399,tot
story_cloze,transformer.decoder.block.2.layer.1.EncDecAttention.o,99,-0.2519763112068176,$\delta_\text{gsc}$
story_cloze,transformer.decoder.block.2.layer.1.EncDecAttention.o,99,-0.15551139414310455,$\delta_\text{ssc}$
story_cloze,transformer.decoder.block.2.layer.2.DenseReluDense.wi,100,0.3775591254234314,cross
story_cloze,transformer.decoder.block.2.layer.2.DenseReluDense.wi,100,0.1895347535610199,corr
story_cloze,transformer.decoder.block.2.layer.2.DenseReluDense.wi,100,0.19883641600608826,drift
story_cloze,transformer.decoder.block.2.layer.2.DenseReluDense.wi,100,0.44279903173446655,tot
story_cloze,transformer.decoder.block.2.layer.2.DenseReluDense.wi,100,-0.1244814544916153,$\delta_\text{gsc}$
story_cloze,transformer.decoder.block.2.layer.2.DenseReluDense.wi,100,-0.1986498087644577,$\delta_\text{ssc}$
story_cloze,transformer.decoder.block.2.layer.2.DenseReluDense.wo,101,0.10709749907255173,cross
story_cloze,transformer.decoder.block.2.layer.2.DenseReluDense.wo,101,0.0568665936589241,corr
story_cloze,transformer.decoder.block.2.layer.2.DenseReluDense.wo,101,0.12131771445274353,drift
story_cloze,transformer.decoder.block.2.layer.2.DenseReluDense.wo,101,0.18703854084014893,tot
story_cloze,transformer.decoder.block.2.layer.2.DenseReluDense.wo,101,-0.043328844010829926,$\delta_\text{gsc}$
story_cloze,transformer.decoder.block.2.layer.2.DenseReluDense.wo,101,-0.05491442233324051,$\delta_\text{ssc}$
story_cloze,transformer.decoder.block.3.layer.0.SelfAttention.q,102,0.1181723028421402,cross
story_cloze,transformer.decoder.block.3.layer.0.SelfAttention.q,102,0.3674294948577881,corr
story_cloze,transformer.decoder.block.3.layer.0.SelfAttention.q,102,0.15560337901115417,drift
story_cloze,transformer.decoder.block.3.layer.0.SelfAttention.q,102,0.3529534339904785,tot
story_cloze,transformer.decoder.block.3.layer.0.SelfAttention.q,102,-0.12818543612957,$\delta_\text{gsc}$
story_cloze,transformer.decoder.block.3.layer.0.SelfAttention.q,102,-0.16006630659103394,$\delta_\text{ssc}$
story_cloze,transformer.decoder.block.3.layer.0.SelfAttention.k,103,0.19336716830730438,cross
story_cloze,transformer.decoder.block.3.layer.0.SelfAttention.k,103,0.3333100378513336,corr
story_cloze,transformer.decoder.block.3.layer.0.SelfAttention.k,103,0.15587234497070312,drift
story_cloze,transformer.decoder.block.3.layer.0.SelfAttention.k,103,0.37249335646629333,tot
story_cloze,transformer.decoder.block.3.layer.0.SelfAttention.k,103,-0.17158596217632294,$\delta_\text{gsc}$
story_cloze,transformer.decoder.block.3.layer.0.SelfAttention.k,103,-0.13847023248672485,$\delta_\text{ssc}$
story_cloze,transformer.decoder.block.3.layer.0.SelfAttention.v,104,0.09677447378635406,cross
story_cloze,transformer.decoder.block.3.layer.0.SelfAttention.v,104,0.316236674785614,corr
story_cloze,transformer.decoder.block.3.layer.0.SelfAttention.v,104,0.166195347905159,drift
story_cloze,transformer.decoder.block.3.layer.0.SelfAttention.v,104,0.47023463249206543,tot
story_cloze,transformer.decoder.block.3.layer.0.SelfAttention.v,104,-0.046812593936920166,$\delta_\text{gsc}$
story_cloze,transformer.decoder.block.3.layer.0.SelfAttention.v,104,-0.062159255146980286,$\delta_\text{ssc}$
story_cloze,transformer.decoder.block.3.layer.0.SelfAttention.o,105,0.36413559317588806,cross
story_cloze,transformer.decoder.block.3.layer.0.SelfAttention.o,105,0.24685372412204742,corr
story_cloze,transformer.decoder.block.3.layer.0.SelfAttention.o,105,0.18895763158798218,drift
story_cloze,transformer.decoder.block.3.layer.0.SelfAttention.o,105,0.40968358516693115,tot
story_cloze,transformer.decoder.block.3.layer.0.SelfAttention.o,105,-0.2386074960231781,$\delta_\text{gsc}$
story_cloze,transformer.decoder.block.3.layer.0.SelfAttention.o,105,-0.1516558676958084,$\delta_\text{ssc}$
story_cloze,transformer.decoder.block.3.layer.1.EncDecAttention.q,106,0.2626507878303528,cross
story_cloze,transformer.decoder.block.3.layer.1.EncDecAttention.q,106,0.22169995307922363,corr
story_cloze,transformer.decoder.block.3.layer.1.EncDecAttention.q,106,0.2721727192401886,drift
story_cloze,transformer.decoder.block.3.layer.1.EncDecAttention.q,106,0.3297657072544098,tot
story_cloze,transformer.decoder.block.3.layer.1.EncDecAttention.q,106,-0.1441846787929535,$\delta_\text{gsc}$
story_cloze,transformer.decoder.block.3.layer.1.EncDecAttention.q,106,-0.28257307410240173,$\delta_\text{ssc}$
story_cloze,transformer.decoder.block.3.layer.1.EncDecAttention.k,107,0.4562702178955078,cross
story_cloze,transformer.decoder.block.3.layer.1.EncDecAttention.k,107,0.4093213975429535,corr
story_cloze,transformer.decoder.block.3.layer.1.EncDecAttention.k,107,0.3197110891342163,drift
story_cloze,transformer.decoder.block.3.layer.1.EncDecAttention.k,107,0.414718896150589,tot
story_cloze,transformer.decoder.block.3.layer.1.EncDecAttention.k,107,-0.4308679699897766,$\delta_\text{gsc}$
story_cloze,transformer.decoder.block.3.layer.1.EncDecAttention.k,107,-0.339715838432312,$\delta_\text{ssc}$
story_cloze,transformer.decoder.block.3.layer.1.EncDecAttention.v,108,0.34131547808647156,cross
story_cloze,transformer.decoder.block.3.layer.1.EncDecAttention.v,108,0.4267571270465851,corr
story_cloze,transformer.decoder.block.3.layer.1.EncDecAttention.v,108,0.31871581077575684,drift
story_cloze,transformer.decoder.block.3.layer.1.EncDecAttention.v,108,0.47007226943969727,tot
story_cloze,transformer.decoder.block.3.layer.1.EncDecAttention.v,108,-0.2834939956665039,$\delta_\text{gsc}$
story_cloze,transformer.decoder.block.3.layer.1.EncDecAttention.v,108,-0.3332221508026123,$\delta_\text{ssc}$
story_cloze,transformer.decoder.block.3.layer.1.EncDecAttention.o,109,0.3936656415462494,cross
story_cloze,transformer.decoder.block.3.layer.1.EncDecAttention.o,109,0.24595387279987335,corr
story_cloze,transformer.decoder.block.3.layer.1.EncDecAttention.o,109,0.23194155097007751,drift
story_cloze,transformer.decoder.block.3.layer.1.EncDecAttention.o,109,0.43885141611099243,tot
story_cloze,transformer.decoder.block.3.layer.1.EncDecAttention.o,109,-0.2660242021083832,$\delta_\text{gsc}$
story_cloze,transformer.decoder.block.3.layer.1.EncDecAttention.o,109,-0.16668544709682465,$\delta_\text{ssc}$
story_cloze,transformer.decoder.block.3.layer.2.DenseReluDense.wi,110,0.38784196972846985,cross
story_cloze,transformer.decoder.block.3.layer.2.DenseReluDense.wi,110,0.19367778301239014,corr
story_cloze,transformer.decoder.block.3.layer.2.DenseReluDense.wi,110,0.18378230929374695,drift
story_cloze,transformer.decoder.block.3.layer.2.DenseReluDense.wi,110,0.4410516619682312,tot
story_cloze,transformer.decoder.block.3.layer.2.DenseReluDense.wi,110,-0.1508527398109436,$\delta_\text{gsc}$
story_cloze,transformer.decoder.block.3.layer.2.DenseReluDense.wi,110,-0.17339766025543213,$\delta_\text{ssc}$
story_cloze,transformer.decoder.block.3.layer.2.DenseReluDense.wo,111,0.2643209397792816,cross
story_cloze,transformer.decoder.block.3.layer.2.DenseReluDense.wo,111,0.12623046338558197,corr
story_cloze,transformer.decoder.block.3.layer.2.DenseReluDense.wo,111,0.3447064757347107,drift
story_cloze,transformer.decoder.block.3.layer.2.DenseReluDense.wo,111,0.4497343897819519,tot
story_cloze,transformer.decoder.block.3.layer.2.DenseReluDense.wo,111,-0.13736563920974731,$\delta_\text{gsc}$
story_cloze,transformer.decoder.block.3.layer.2.DenseReluDense.wo,111,-0.14815784990787506,$\delta_\text{ssc}$
story_cloze,transformer.decoder.block.4.layer.0.SelfAttention.q,112,0.26361018419265747,cross
story_cloze,transformer.decoder.block.4.layer.0.SelfAttention.q,112,0.22938336431980133,corr
story_cloze,transformer.decoder.block.4.layer.0.SelfAttention.q,112,0.15941879153251648,drift
story_cloze,transformer.decoder.block.4.layer.0.SelfAttention.q,112,0.273507297039032,tot
story_cloze,transformer.decoder.block.4.layer.0.SelfAttention.q,112,-0.2336145043373108,$\delta_\text{gsc}$
story_cloze,transformer.decoder.block.4.layer.0.SelfAttention.q,112,-0.1452905386686325,$\delta_\text{ssc}$
story_cloze,transformer.decoder.block.4.layer.0.SelfAttention.k,113,0.2780318558216095,cross
story_cloze,transformer.decoder.block.4.layer.0.SelfAttention.k,113,0.19970956444740295,corr
story_cloze,transformer.decoder.block.4.layer.0.SelfAttention.k,113,0.15930861234664917,drift
story_cloze,transformer.decoder.block.4.layer.0.SelfAttention.k,113,0.3275440037250519,tot
story_cloze,transformer.decoder.block.4.layer.0.SelfAttention.k,113,-0.19532768428325653,$\delta_\text{gsc}$
story_cloze,transformer.decoder.block.4.layer.0.SelfAttention.k,113,-0.11417834460735321,$\delta_\text{ssc}$
story_cloze,transformer.decoder.block.4.layer.0.SelfAttention.v,114,0.09306283295154572,cross
story_cloze,transformer.decoder.block.4.layer.0.SelfAttention.v,114,0.320171982049942,corr
story_cloze,transformer.decoder.block.4.layer.0.SelfAttention.v,114,0.16490432620048523,drift
story_cloze,transformer.decoder.block.4.layer.0.SelfAttention.v,114,0.4685584008693695,tot
story_cloze,transformer.decoder.block.4.layer.0.SelfAttention.v,114,-0.04233202338218689,$\delta_\text{gsc}$
story_cloze,transformer.decoder.block.4.layer.0.SelfAttention.v,114,-0.06724873185157776,$\delta_\text{ssc}$
story_cloze,transformer.decoder.block.4.layer.0.SelfAttention.o,115,0.3666139245033264,cross
story_cloze,transformer.decoder.block.4.layer.0.SelfAttention.o,115,0.2823653221130371,corr
story_cloze,transformer.decoder.block.4.layer.0.SelfAttention.o,115,0.26103243231773376,drift
story_cloze,transformer.decoder.block.4.layer.0.SelfAttention.o,115,0.41848012804985046,tot
story_cloze,transformer.decoder.block.4.layer.0.SelfAttention.o,115,-0.272388219833374,$\delta_\text{gsc}$
story_cloze,transformer.decoder.block.4.layer.0.SelfAttention.o,115,-0.2191433310508728,$\delta_\text{ssc}$
story_cloze,transformer.decoder.block.4.layer.1.EncDecAttention.q,116,0.3108530640602112,cross
story_cloze,transformer.decoder.block.4.layer.1.EncDecAttention.q,116,0.3689475357532501,corr
story_cloze,transformer.decoder.block.4.layer.1.EncDecAttention.q,116,0.2962415814399719,drift
story_cloze,transformer.decoder.block.4.layer.1.EncDecAttention.q,116,0.30640870332717896,tot
story_cloze,transformer.decoder.block.4.layer.1.EncDecAttention.q,116,-0.2833058536052704,$\delta_\text{gsc}$
story_cloze,transformer.decoder.block.4.layer.1.EncDecAttention.q,116,-0.3863276243209839,$\delta_\text{ssc}$
story_cloze,transformer.decoder.block.4.layer.1.EncDecAttention.k,117,0.4061149060726166,cross
story_cloze,transformer.decoder.block.4.layer.1.EncDecAttention.k,117,0.40305471420288086,corr
story_cloze,transformer.decoder.block.4.layer.1.EncDecAttention.k,117,0.31441816687583923,drift
story_cloze,transformer.decoder.block.4.layer.1.EncDecAttention.k,117,0.44581714272499084,tot
story_cloze,transformer.decoder.block.4.layer.1.EncDecAttention.k,117,-0.3499613404273987,$\delta_\text{gsc}$
story_cloze,transformer.decoder.block.4.layer.1.EncDecAttention.k,117,-0.32780930399894714,$\delta_\text{ssc}$
story_cloze,transformer.decoder.block.4.layer.1.EncDecAttention.v,118,0.37676942348480225,cross
story_cloze,transformer.decoder.block.4.layer.1.EncDecAttention.v,118,0.40405529737472534,corr
story_cloze,transformer.decoder.block.4.layer.1.EncDecAttention.v,118,0.31856510043144226,drift
story_cloze,transformer.decoder.block.4.layer.1.EncDecAttention.v,118,0.47577378153800964,tot
story_cloze,transformer.decoder.block.4.layer.1.EncDecAttention.v,118,-0.28573206067085266,$\delta_\text{gsc}$
story_cloze,transformer.decoder.block.4.layer.1.EncDecAttention.v,118,-0.33788397908210754,$\delta_\text{ssc}$
story_cloze,transformer.decoder.block.4.layer.1.EncDecAttention.o,119,0.39851778745651245,cross
story_cloze,transformer.decoder.block.4.layer.1.EncDecAttention.o,119,0.2481614649295807,corr
story_cloze,transformer.decoder.block.4.layer.1.EncDecAttention.o,119,0.17325951159000397,drift
story_cloze,transformer.decoder.block.4.layer.1.EncDecAttention.o,119,0.4285217225551605,tot
story_cloze,transformer.decoder.block.4.layer.1.EncDecAttention.o,119,-0.25672969222068787,$\delta_\text{gsc}$
story_cloze,transformer.decoder.block.4.layer.1.EncDecAttention.o,119,-0.13468734920024872,$\delta_\text{ssc}$
story_cloze,transformer.decoder.block.4.layer.2.DenseReluDense.wi,120,0.37037768959999084,cross
story_cloze,transformer.decoder.block.4.layer.2.DenseReluDense.wi,120,0.18322178721427917,corr
story_cloze,transformer.decoder.block.4.layer.2.DenseReluDense.wi,120,0.13532456755638123,drift
story_cloze,transformer.decoder.block.4.layer.2.DenseReluDense.wi,120,0.43206408619880676,tot
story_cloze,transformer.decoder.block.4.layer.2.DenseReluDense.wi,120,-0.15548431873321533,$\delta_\text{gsc}$
story_cloze,transformer.decoder.block.4.layer.2.DenseReluDense.wi,120,-0.10137563943862915,$\delta_\text{ssc}$
story_cloze,transformer.decoder.block.4.layer.2.DenseReluDense.wo,121,0.22936707735061646,cross
story_cloze,transformer.decoder.block.4.layer.2.DenseReluDense.wo,121,0.16409550607204437,corr
story_cloze,transformer.decoder.block.4.layer.2.DenseReluDense.wo,121,0.26019543409347534,drift
story_cloze,transformer.decoder.block.4.layer.2.DenseReluDense.wo,121,0.4578889012336731,tot
story_cloze,transformer.decoder.block.4.layer.2.DenseReluDense.wo,121,-0.08589622378349304,$\delta_\text{gsc}$
story_cloze,transformer.decoder.block.4.layer.2.DenseReluDense.wo,121,-0.10987289249897003,$\delta_\text{ssc}$
story_cloze,transformer.decoder.block.5.layer.0.SelfAttention.q,122,0.2909402549266815,cross
story_cloze,transformer.decoder.block.5.layer.0.SelfAttention.q,122,0.2509011924266815,corr
story_cloze,transformer.decoder.block.5.layer.0.SelfAttention.q,122,0.13771872222423553,drift
story_cloze,transformer.decoder.block.5.layer.0.SelfAttention.q,122,0.33149996399879456,tot
story_cloze,transformer.decoder.block.5.layer.0.SelfAttention.q,122,-0.23307180404663086,$\delta_\text{gsc}$
story_cloze,transformer.decoder.block.5.layer.0.SelfAttention.q,122,-0.11498840153217316,$\delta_\text{ssc}$
story_cloze,transformer.decoder.block.5.layer.0.SelfAttention.k,123,0.31499963998794556,cross
story_cloze,transformer.decoder.block.5.layer.0.SelfAttention.k,123,0.2801261842250824,corr
story_cloze,transformer.decoder.block.5.layer.0.SelfAttention.k,123,0.13390162587165833,drift
story_cloze,transformer.decoder.block.5.layer.0.SelfAttention.k,123,0.37332966923713684,tot
story_cloze,transformer.decoder.block.5.layer.0.SelfAttention.k,123,-0.24618417024612427,$\delta_\text{gsc}$
story_cloze,transformer.decoder.block.5.layer.0.SelfAttention.k,123,-0.10951361060142517,$\delta_\text{ssc}$
story_cloze,transformer.decoder.block.5.layer.0.SelfAttention.v,124,0.11497409641742706,cross
story_cloze,transformer.decoder.block.5.layer.0.SelfAttention.v,124,0.37496793270111084,corr
story_cloze,transformer.decoder.block.5.layer.0.SelfAttention.v,124,0.14552192389965057,drift
story_cloze,transformer.decoder.block.5.layer.0.SelfAttention.v,124,0.4769551455974579,tot
story_cloze,transformer.decoder.block.5.layer.0.SelfAttention.v,124,-0.062448471784591675,$\delta_\text{gsc}$
story_cloze,transformer.decoder.block.5.layer.0.SelfAttention.v,124,-0.09606035053730011,$\delta_\text{ssc}$
story_cloze,transformer.decoder.block.5.layer.0.SelfAttention.o,125,0.37224093079566956,cross
story_cloze,transformer.decoder.block.5.layer.0.SelfAttention.o,125,0.3027920722961426,corr
story_cloze,transformer.decoder.block.5.layer.0.SelfAttention.o,125,0.26136231422424316,drift
story_cloze,transformer.decoder.block.5.layer.0.SelfAttention.o,125,0.43273064494132996,tot
story_cloze,transformer.decoder.block.5.layer.0.SelfAttention.o,125,-0.22634893655776978,$\delta_\text{gsc}$
story_cloze,transformer.decoder.block.5.layer.0.SelfAttention.o,125,-0.27731573581695557,$\delta_\text{ssc}$
story_cloze,transformer.decoder.block.5.layer.1.EncDecAttention.q,126,0.4239724576473236,cross
story_cloze,transformer.decoder.block.5.layer.1.EncDecAttention.q,126,0.39937955141067505,corr
story_cloze,transformer.decoder.block.5.layer.1.EncDecAttention.q,126,0.28911474347114563,drift
story_cloze,transformer.decoder.block.5.layer.1.EncDecAttention.q,126,0.36011335253715515,tot
story_cloze,transformer.decoder.block.5.layer.1.EncDecAttention.q,126,-0.35950952768325806,$\delta_\text{gsc}$
story_cloze,transformer.decoder.block.5.layer.1.EncDecAttention.q,126,-0.3928438723087311,$\delta_\text{ssc}$
story_cloze,transformer.decoder.block.5.layer.1.EncDecAttention.k,127,0.4075660705566406,cross
story_cloze,transformer.decoder.block.5.layer.1.EncDecAttention.k,127,0.4086369574069977,corr
story_cloze,transformer.decoder.block.5.layer.1.EncDecAttention.k,127,0.30920150876045227,drift
story_cloze,transformer.decoder.block.5.layer.1.EncDecAttention.k,127,0.4230945110321045,tot
story_cloze,transformer.decoder.block.5.layer.1.EncDecAttention.k,127,-0.37528836727142334,$\delta_\text{gsc}$
story_cloze,transformer.decoder.block.5.layer.1.EncDecAttention.k,127,-0.32702165842056274,$\delta_\text{ssc}$
story_cloze,transformer.decoder.block.5.layer.1.EncDecAttention.v,128,0.3867611885070801,cross
story_cloze,transformer.decoder.block.5.layer.1.EncDecAttention.v,128,0.4341883957386017,corr
story_cloze,transformer.decoder.block.5.layer.1.EncDecAttention.v,128,0.31855472922325134,drift
story_cloze,transformer.decoder.block.5.layer.1.EncDecAttention.v,128,0.46870627999305725,tot
story_cloze,transformer.decoder.block.5.layer.1.EncDecAttention.v,128,-0.33674702048301697,$\delta_\text{gsc}$
story_cloze,transformer.decoder.block.5.layer.1.EncDecAttention.v,128,-0.3340510129928589,$\delta_\text{ssc}$
story_cloze,transformer.decoder.block.5.layer.1.EncDecAttention.o,129,0.3681569993495941,cross
story_cloze,transformer.decoder.block.5.layer.1.EncDecAttention.o,129,0.2675555348396301,corr
story_cloze,transformer.decoder.block.5.layer.1.EncDecAttention.o,129,0.2279130071401596,drift
story_cloze,transformer.decoder.block.5.layer.1.EncDecAttention.o,129,0.4236651360988617,tot
story_cloze,transformer.decoder.block.5.layer.1.EncDecAttention.o,129,-0.2460927963256836,$\delta_\text{gsc}$
story_cloze,transformer.decoder.block.5.layer.1.EncDecAttention.o,129,-0.19386760890483856,$\delta_\text{ssc}$
story_cloze,transformer.decoder.block.5.layer.2.DenseReluDense.wi,130,0.36451825499534607,cross
story_cloze,transformer.decoder.block.5.layer.2.DenseReluDense.wi,130,0.20538756251335144,corr
story_cloze,transformer.decoder.block.5.layer.2.DenseReluDense.wi,130,0.13592936098575592,drift
story_cloze,transformer.decoder.block.5.layer.2.DenseReluDense.wi,130,0.4461376667022705,tot
story_cloze,transformer.decoder.block.5.layer.2.DenseReluDense.wi,130,-0.15588843822479248,$\delta_\text{gsc}$
story_cloze,transformer.decoder.block.5.layer.2.DenseReluDense.wi,130,-0.10380907356739044,$\delta_\text{ssc}$
story_cloze,transformer.decoder.block.5.layer.2.DenseReluDense.wo,131,0.3714403212070465,cross
story_cloze,transformer.decoder.block.5.layer.2.DenseReluDense.wo,131,0.27642694115638733,corr
story_cloze,transformer.decoder.block.5.layer.2.DenseReluDense.wo,131,0.171817347407341,drift
story_cloze,transformer.decoder.block.5.layer.2.DenseReluDense.wo,131,0.3830713629722595,tot
story_cloze,transformer.decoder.block.5.layer.2.DenseReluDense.wo,131,-0.31979691982269287,$\delta_\text{gsc}$
story_cloze,transformer.decoder.block.5.layer.2.DenseReluDense.wo,131,-0.11681632697582245,$\delta_\text{ssc}$
story_cloze,transformer.decoder.block.6.layer.0.SelfAttention.q,132,0.12657441198825836,cross
story_cloze,transformer.decoder.block.6.layer.0.SelfAttention.q,132,0.3058042526245117,corr
story_cloze,transformer.decoder.block.6.layer.0.SelfAttention.q,132,0.12895528972148895,drift
story_cloze,transformer.decoder.block.6.layer.0.SelfAttention.q,132,0.35598933696746826,tot
story_cloze,transformer.decoder.block.6.layer.0.SelfAttention.q,132,-0.09112830460071564,$\delta_\text{gsc}$
story_cloze,transformer.decoder.block.6.layer.0.SelfAttention.q,132,-0.11421631276607513,$\delta_\text{ssc}$
story_cloze,transformer.decoder.block.6.layer.0.SelfAttention.k,133,0.1914920061826706,cross
story_cloze,transformer.decoder.block.6.layer.0.SelfAttention.k,133,0.2820969820022583,corr
story_cloze,transformer.decoder.block.6.layer.0.SelfAttention.k,133,0.12726981937885284,drift
story_cloze,transformer.decoder.block.6.layer.0.SelfAttention.k,133,0.36181461811065674,tot
story_cloze,transformer.decoder.block.6.layer.0.SelfAttention.k,133,-0.13458453118801117,$\delta_\text{gsc}$
story_cloze,transformer.decoder.block.6.layer.0.SelfAttention.k,133,-0.10445965826511383,$\delta_\text{ssc}$
story_cloze,transformer.decoder.block.6.layer.0.SelfAttention.v,134,0.0972672775387764,cross
story_cloze,transformer.decoder.block.6.layer.0.SelfAttention.v,134,0.4325384795665741,corr
story_cloze,transformer.decoder.block.6.layer.0.SelfAttention.v,134,0.1421699970960617,drift
story_cloze,transformer.decoder.block.6.layer.0.SelfAttention.v,134,0.4813999533653259,tot
story_cloze,transformer.decoder.block.6.layer.0.SelfAttention.v,134,-0.0842907726764679,$\delta_\text{gsc}$
story_cloze,transformer.decoder.block.6.layer.0.SelfAttention.v,134,-0.10628502070903778,$\delta_\text{ssc}$
story_cloze,transformer.decoder.block.6.layer.0.SelfAttention.o,135,0.3667752742767334,cross
story_cloze,transformer.decoder.block.6.layer.0.SelfAttention.o,135,0.3610485792160034,corr
story_cloze,transformer.decoder.block.6.layer.0.SelfAttention.o,135,0.3649098575115204,drift
story_cloze,transformer.decoder.block.6.layer.0.SelfAttention.o,135,0.4531473219394684,tot
story_cloze,transformer.decoder.block.6.layer.0.SelfAttention.o,135,-0.196781188249588,$\delta_\text{gsc}$
story_cloze,transformer.decoder.block.6.layer.0.SelfAttention.o,135,-0.4428052008152008,$\delta_\text{ssc}$
story_cloze,transformer.decoder.block.6.layer.1.EncDecAttention.q,136,0.3445592522621155,cross
story_cloze,transformer.decoder.block.6.layer.1.EncDecAttention.q,136,0.32876288890838623,corr
story_cloze,transformer.decoder.block.6.layer.1.EncDecAttention.q,136,0.29204484820365906,drift
story_cloze,transformer.decoder.block.6.layer.1.EncDecAttention.q,136,0.37645223736763,tot
story_cloze,transformer.decoder.block.6.layer.1.EncDecAttention.q,136,-0.2447614073753357,$\delta_\text{gsc}$
story_cloze,transformer.decoder.block.6.layer.1.EncDecAttention.q,136,-0.34415334463119507,$\delta_\text{ssc}$
story_cloze,transformer.decoder.block.6.layer.1.EncDecAttention.k,137,0.4429909288883209,cross
story_cloze,transformer.decoder.block.6.layer.1.EncDecAttention.k,137,0.42161762714385986,corr
story_cloze,transformer.decoder.block.6.layer.1.EncDecAttention.k,137,0.31397005915641785,drift
story_cloze,transformer.decoder.block.6.layer.1.EncDecAttention.k,137,0.4620515704154968,tot
story_cloze,transformer.decoder.block.6.layer.1.EncDecAttention.k,137,-0.39630600810050964,$\delta_\text{gsc}$
story_cloze,transformer.decoder.block.6.layer.1.EncDecAttention.k,137,-0.32022103667259216,$\delta_\text{ssc}$
story_cloze,transformer.decoder.block.6.layer.1.EncDecAttention.v,138,0.4080486595630646,cross
story_cloze,transformer.decoder.block.6.layer.1.EncDecAttention.v,138,0.4112407863140106,corr
story_cloze,transformer.decoder.block.6.layer.1.EncDecAttention.v,138,0.3286544382572174,drift
story_cloze,transformer.decoder.block.6.layer.1.EncDecAttention.v,138,0.4503260552883148,tot
story_cloze,transformer.decoder.block.6.layer.1.EncDecAttention.v,138,-0.35462048649787903,$\delta_\text{gsc}$
story_cloze,transformer.decoder.block.6.layer.1.EncDecAttention.v,138,-0.34299734234809875,$\delta_\text{ssc}$
story_cloze,transformer.decoder.block.6.layer.1.EncDecAttention.o,139,0.3549545109272003,cross
story_cloze,transformer.decoder.block.6.layer.1.EncDecAttention.o,139,0.19440823793411255,corr
story_cloze,transformer.decoder.block.6.layer.1.EncDecAttention.o,139,0.21168184280395508,drift
story_cloze,transformer.decoder.block.6.layer.1.EncDecAttention.o,139,0.4232979118824005,tot
story_cloze,transformer.decoder.block.6.layer.1.EncDecAttention.o,139,-0.179322749376297,$\delta_\text{gsc}$
story_cloze,transformer.decoder.block.6.layer.1.EncDecAttention.o,139,-0.15842393040657043,$\delta_\text{ssc}$
story_cloze,transformer.decoder.block.6.layer.2.DenseReluDense.wi,140,0.3239020109176636,cross
story_cloze,transformer.decoder.block.6.layer.2.DenseReluDense.wi,140,0.18793153762817383,corr
story_cloze,transformer.decoder.block.6.layer.2.DenseReluDense.wi,140,0.15727174282073975,drift
story_cloze,transformer.decoder.block.6.layer.2.DenseReluDense.wi,140,0.45907407999038696,tot
story_cloze,transformer.decoder.block.6.layer.2.DenseReluDense.wi,140,-0.09349645674228668,$\delta_\text{gsc}$
story_cloze,transformer.decoder.block.6.layer.2.DenseReluDense.wi,140,-0.1165347546339035,$\delta_\text{ssc}$
story_cloze,transformer.decoder.block.6.layer.2.DenseReluDense.wo,141,0.3751799762248993,cross
story_cloze,transformer.decoder.block.6.layer.2.DenseReluDense.wo,141,0.20379945635795593,corr
story_cloze,transformer.decoder.block.6.layer.2.DenseReluDense.wo,141,0.13691851496696472,drift
story_cloze,transformer.decoder.block.6.layer.2.DenseReluDense.wo,141,0.4202687442302704,tot
story_cloze,transformer.decoder.block.6.layer.2.DenseReluDense.wo,141,-0.19255489110946655,$\delta_\text{gsc}$
story_cloze,transformer.decoder.block.6.layer.2.DenseReluDense.wo,141,-0.10307431221008301,$\delta_\text{ssc}$
story_cloze,transformer.decoder.block.7.layer.0.SelfAttention.q,142,0.24429680407047272,cross
story_cloze,transformer.decoder.block.7.layer.0.SelfAttention.q,142,0.17394384741783142,corr
story_cloze,transformer.decoder.block.7.layer.0.SelfAttention.q,142,0.12346566468477249,drift
story_cloze,transformer.decoder.block.7.layer.0.SelfAttention.q,142,0.2823738753795624,tot
story_cloze,transformer.decoder.block.7.layer.0.SelfAttention.q,142,-0.16958211362361908,$\delta_\text{gsc}$
story_cloze,transformer.decoder.block.7.layer.0.SelfAttention.q,142,-0.08975032716989517,$\delta_\text{ssc}$
story_cloze,transformer.decoder.block.7.layer.0.SelfAttention.k,143,0.3041973412036896,cross
story_cloze,transformer.decoder.block.7.layer.0.SelfAttention.k,143,0.17156319320201874,corr
story_cloze,transformer.decoder.block.7.layer.0.SelfAttention.k,143,0.12055913358926773,drift
story_cloze,transformer.decoder.block.7.layer.0.SelfAttention.k,143,0.3207973539829254,tot
story_cloze,transformer.decoder.block.7.layer.0.SelfAttention.k,143,-0.18824583292007446,$\delta_\text{gsc}$
story_cloze,transformer.decoder.block.7.layer.0.SelfAttention.k,143,-0.08727648109197617,$\delta_\text{ssc}$
story_cloze,transformer.decoder.block.7.layer.0.SelfAttention.v,144,0.15602503716945648,cross
story_cloze,transformer.decoder.block.7.layer.0.SelfAttention.v,144,0.36446627974510193,corr
story_cloze,transformer.decoder.block.7.layer.0.SelfAttention.v,144,0.1418510377407074,drift
story_cloze,transformer.decoder.block.7.layer.0.SelfAttention.v,144,0.48214444518089294,tot
story_cloze,transformer.decoder.block.7.layer.0.SelfAttention.v,144,-0.07494065165519714,$\delta_\text{gsc}$
story_cloze,transformer.decoder.block.7.layer.0.SelfAttention.v,144,-0.10525724291801453,$\delta_\text{ssc}$
story_cloze,transformer.decoder.block.7.layer.0.SelfAttention.o,145,0.4024450480937958,cross
story_cloze,transformer.decoder.block.7.layer.0.SelfAttention.o,145,0.2678441107273102,corr
story_cloze,transformer.decoder.block.7.layer.0.SelfAttention.o,145,0.26063525676727295,drift
story_cloze,transformer.decoder.block.7.layer.0.SelfAttention.o,145,0.46210986375808716,tot
story_cloze,transformer.decoder.block.7.layer.0.SelfAttention.o,145,-0.1741867959499359,$\delta_\text{gsc}$
story_cloze,transformer.decoder.block.7.layer.0.SelfAttention.o,145,-0.29462775588035583,$\delta_\text{ssc}$
story_cloze,transformer.decoder.block.7.layer.1.EncDecAttention.q,146,0.39772510528564453,cross
story_cloze,transformer.decoder.block.7.layer.1.EncDecAttention.q,146,0.25555798411369324,corr
story_cloze,transformer.decoder.block.7.layer.1.EncDecAttention.q,146,0.25571081042289734,drift
story_cloze,transformer.decoder.block.7.layer.1.EncDecAttention.q,146,0.4351680874824524,tot
story_cloze,transformer.decoder.block.7.layer.1.EncDecAttention.q,146,-0.180802583694458,$\delta_\text{gsc}$
story_cloze,transformer.decoder.block.7.layer.1.EncDecAttention.q,146,-0.2930232286453247,$\delta_\text{ssc}$
story_cloze,transformer.decoder.block.7.layer.1.EncDecAttention.k,147,0.39805954694747925,cross
story_cloze,transformer.decoder.block.7.layer.1.EncDecAttention.k,147,0.39801764488220215,corr
story_cloze,transformer.decoder.block.7.layer.1.EncDecAttention.k,147,0.319779634475708,drift
story_cloze,transformer.decoder.block.7.layer.1.EncDecAttention.k,147,0.41259047389030457,tot
story_cloze,transformer.decoder.block.7.layer.1.EncDecAttention.k,147,-0.36613568663597107,$\delta_\text{gsc}$
story_cloze,transformer.decoder.block.7.layer.1.EncDecAttention.k,147,-0.33713066577911377,$\delta_\text{ssc}$
story_cloze,transformer.decoder.block.7.layer.1.EncDecAttention.v,148,0.39973488450050354,cross
story_cloze,transformer.decoder.block.7.layer.1.EncDecAttention.v,148,0.4125218093395233,corr
story_cloze,transformer.decoder.block.7.layer.1.EncDecAttention.v,148,0.32915207743644714,drift
story_cloze,transformer.decoder.block.7.layer.1.EncDecAttention.v,148,0.47608691453933716,tot
story_cloze,transformer.decoder.block.7.layer.1.EncDecAttention.v,148,-0.3226037621498108,$\delta_\text{gsc}$
story_cloze,transformer.decoder.block.7.layer.1.EncDecAttention.v,148,-0.34271809458732605,$\delta_\text{ssc}$
story_cloze,transformer.decoder.block.7.layer.1.EncDecAttention.o,149,0.3374287784099579,cross
story_cloze,transformer.decoder.block.7.layer.1.EncDecAttention.o,149,0.19738805294036865,corr
story_cloze,transformer.decoder.block.7.layer.1.EncDecAttention.o,149,0.21904298663139343,drift
story_cloze,transformer.decoder.block.7.layer.1.EncDecAttention.o,149,0.40198007225990295,tot
story_cloze,transformer.decoder.block.7.layer.1.EncDecAttention.o,149,-0.17183257639408112,$\delta_\text{gsc}$
story_cloze,transformer.decoder.block.7.layer.1.EncDecAttention.o,149,-0.1800471693277359,$\delta_\text{ssc}$
story_cloze,transformer.decoder.block.7.layer.2.DenseReluDense.wi,150,0.29731637239456177,cross
story_cloze,transformer.decoder.block.7.layer.2.DenseReluDense.wi,150,0.23237460851669312,corr
story_cloze,transformer.decoder.block.7.layer.2.DenseReluDense.wi,150,0.17275245487689972,drift
story_cloze,transformer.decoder.block.7.layer.2.DenseReluDense.wi,150,0.46930718421936035,tot
story_cloze,transformer.decoder.block.7.layer.2.DenseReluDense.wi,150,-0.08536595106124878,$\delta_\text{gsc}$
story_cloze,transformer.decoder.block.7.layer.2.DenseReluDense.wi,150,-0.14777030050754547,$\delta_\text{ssc}$
story_cloze,transformer.decoder.block.7.layer.2.DenseReluDense.wo,151,0.42540451884269714,cross
story_cloze,transformer.decoder.block.7.layer.2.DenseReluDense.wo,151,0.24439285695552826,corr
story_cloze,transformer.decoder.block.7.layer.2.DenseReluDense.wo,151,0.16805370151996613,drift
story_cloze,transformer.decoder.block.7.layer.2.DenseReluDense.wo,151,0.45671549439430237,tot
story_cloze,transformer.decoder.block.7.layer.2.DenseReluDense.wo,151,-0.24858126044273376,$\delta_\text{gsc}$
story_cloze,transformer.decoder.block.7.layer.2.DenseReluDense.wo,151,-0.1325543224811554,$\delta_\text{ssc}$
story_cloze,transformer.decoder.block.8.layer.0.SelfAttention.q,152,0.16883358359336853,cross
story_cloze,transformer.decoder.block.8.layer.0.SelfAttention.q,152,0.17261196672916412,corr
story_cloze,transformer.decoder.block.8.layer.0.SelfAttention.q,152,0.12060356885194778,drift
story_cloze,transformer.decoder.block.8.layer.0.SelfAttention.q,152,0.23379890620708466,tot
story_cloze,transformer.decoder.block.8.layer.0.SelfAttention.q,152,-0.12433700263500214,$\delta_\text{gsc}$
story_cloze,transformer.decoder.block.8.layer.0.SelfAttention.q,152,-0.10391321033239365,$\delta_\text{ssc}$
story_cloze,transformer.decoder.block.8.layer.0.SelfAttention.k,153,0.26622217893600464,cross
story_cloze,transformer.decoder.block.8.layer.0.SelfAttention.k,153,0.15176178514957428,corr
story_cloze,transformer.decoder.block.8.layer.0.SelfAttention.k,153,0.1184292882680893,drift
story_cloze,transformer.decoder.block.8.layer.0.SelfAttention.k,153,0.2989337146282196,tot
story_cloze,transformer.decoder.block.8.layer.0.SelfAttention.k,153,-0.1455983817577362,$\delta_\text{gsc}$
story_cloze,transformer.decoder.block.8.layer.0.SelfAttention.k,153,-0.0918811559677124,$\delta_\text{ssc}$
story_cloze,transformer.decoder.block.8.layer.0.SelfAttention.v,154,0.1576228141784668,cross
story_cloze,transformer.decoder.block.8.layer.0.SelfAttention.v,154,0.35156142711639404,corr
story_cloze,transformer.decoder.block.8.layer.0.SelfAttention.v,154,0.14624372124671936,drift
story_cloze,transformer.decoder.block.8.layer.0.SelfAttention.v,154,0.4855214059352875,tot
story_cloze,transformer.decoder.block.8.layer.0.SelfAttention.v,154,-0.0739748477935791,$\delta_\text{gsc}$
story_cloze,transformer.decoder.block.8.layer.0.SelfAttention.v,154,-0.09593170881271362,$\delta_\text{ssc}$
story_cloze,transformer.decoder.block.8.layer.0.SelfAttention.o,155,0.4218244254589081,cross
story_cloze,transformer.decoder.block.8.layer.0.SelfAttention.o,155,0.2395695596933365,corr
story_cloze,transformer.decoder.block.8.layer.0.SelfAttention.o,155,0.2525990903377533,drift
story_cloze,transformer.decoder.block.8.layer.0.SelfAttention.o,155,0.47289833426475525,tot
story_cloze,transformer.decoder.block.8.layer.0.SelfAttention.o,155,-0.1856788992881775,$\delta_\text{gsc}$
story_cloze,transformer.decoder.block.8.layer.0.SelfAttention.o,155,-0.2554158568382263,$\delta_\text{ssc}$
story_cloze,transformer.decoder.block.8.layer.1.EncDecAttention.q,156,0.35695594549179077,cross
story_cloze,transformer.decoder.block.8.layer.1.EncDecAttention.q,156,0.22281931340694427,corr
story_cloze,transformer.decoder.block.8.layer.1.EncDecAttention.q,156,0.20865194499492645,drift
story_cloze,transformer.decoder.block.8.layer.1.EncDecAttention.q,156,0.4231579601764679,tot
story_cloze,transformer.decoder.block.8.layer.1.EncDecAttention.q,156,-0.15458355844020844,$\delta_\text{gsc}$
story_cloze,transformer.decoder.block.8.layer.1.EncDecAttention.q,156,-0.21068568527698517,$\delta_\text{ssc}$
story_cloze,transformer.decoder.block.8.layer.1.EncDecAttention.k,157,0.40975865721702576,cross
story_cloze,transformer.decoder.block.8.layer.1.EncDecAttention.k,157,0.3993227481842041,corr
story_cloze,transformer.decoder.block.8.layer.1.EncDecAttention.k,157,0.323293536901474,drift
story_cloze,transformer.decoder.block.8.layer.1.EncDecAttention.k,157,0.45182907581329346,tot
story_cloze,transformer.decoder.block.8.layer.1.EncDecAttention.k,157,-0.34711921215057373,$\delta_\text{gsc}$
story_cloze,transformer.decoder.block.8.layer.1.EncDecAttention.k,157,-0.33342665433883667,$\delta_\text{ssc}$
story_cloze,transformer.decoder.block.8.layer.1.EncDecAttention.v,158,0.40731871128082275,cross
story_cloze,transformer.decoder.block.8.layer.1.EncDecAttention.v,158,0.41758573055267334,corr
story_cloze,transformer.decoder.block.8.layer.1.EncDecAttention.v,158,0.33325257897377014,drift
story_cloze,transformer.decoder.block.8.layer.1.EncDecAttention.v,158,0.4761364161968231,tot
story_cloze,transformer.decoder.block.8.layer.1.EncDecAttention.v,158,-0.34067943692207336,$\delta_\text{gsc}$
story_cloze,transformer.decoder.block.8.layer.1.EncDecAttention.v,158,-0.34134116768836975,$\delta_\text{ssc}$
story_cloze,transformer.decoder.block.8.layer.1.EncDecAttention.o,159,0.3474235534667969,cross
story_cloze,transformer.decoder.block.8.layer.1.EncDecAttention.o,159,0.18898162245750427,corr
story_cloze,transformer.decoder.block.8.layer.1.EncDecAttention.o,159,0.20135526359081268,drift
story_cloze,transformer.decoder.block.8.layer.1.EncDecAttention.o,159,0.40289682149887085,tot
story_cloze,transformer.decoder.block.8.layer.1.EncDecAttention.o,159,-0.19848549365997314,$\delta_\text{gsc}$
story_cloze,transformer.decoder.block.8.layer.1.EncDecAttention.o,159,-0.13637812435626984,$\delta_\text{ssc}$
story_cloze,transformer.decoder.block.8.layer.2.DenseReluDense.wi,160,0.24235936999320984,cross
story_cloze,transformer.decoder.block.8.layer.2.DenseReluDense.wi,160,0.25892049074172974,corr
story_cloze,transformer.decoder.block.8.layer.2.DenseReluDense.wi,160,0.1772909313440323,drift
story_cloze,transformer.decoder.block.8.layer.2.DenseReluDense.wi,160,0.4679103195667267,tot
story_cloze,transformer.decoder.block.8.layer.2.DenseReluDense.wi,160,-0.06855654716491699,$\delta_\text{gsc}$
story_cloze,transformer.decoder.block.8.layer.2.DenseReluDense.wi,160,-0.14210392534732819,$\delta_\text{ssc}$
story_cloze,transformer.decoder.block.8.layer.2.DenseReluDense.wo,161,0.39926525950431824,cross
story_cloze,transformer.decoder.block.8.layer.2.DenseReluDense.wo,161,0.18631280958652496,corr
story_cloze,transformer.decoder.block.8.layer.2.DenseReluDense.wo,161,0.1118970438838005,drift
story_cloze,transformer.decoder.block.8.layer.2.DenseReluDense.wo,161,0.4566192030906677,tot
story_cloze,transformer.decoder.block.8.layer.2.DenseReluDense.wo,161,-0.14720940589904785,$\delta_\text{gsc}$
story_cloze,transformer.decoder.block.8.layer.2.DenseReluDense.wo,161,-0.09364650398492813,$\delta_\text{ssc}$
story_cloze,transformer.decoder.block.9.layer.0.SelfAttention.q,162,0.37954920530319214,cross
story_cloze,transformer.decoder.block.9.layer.0.SelfAttention.q,162,0.1708584427833557,corr
story_cloze,transformer.decoder.block.9.layer.0.SelfAttention.q,162,0.11967156827449799,drift
story_cloze,transformer.decoder.block.9.layer.0.SelfAttention.q,162,0.4289364814758301,tot
story_cloze,transformer.decoder.block.9.layer.0.SelfAttention.q,162,-0.1424649953842163,$\delta_\text{gsc}$
story_cloze,transformer.decoder.block.9.layer.0.SelfAttention.q,162,-0.09867773950099945,$\delta_\text{ssc}$
story_cloze,transformer.decoder.block.9.layer.0.SelfAttention.k,163,0.3543749451637268,cross
story_cloze,transformer.decoder.block.9.layer.0.SelfAttention.k,163,0.16728156805038452,corr
story_cloze,transformer.decoder.block.9.layer.0.SelfAttention.k,163,0.11449657380580902,drift
story_cloze,transformer.decoder.block.9.layer.0.SelfAttention.k,163,0.3495428264141083,tot
story_cloze,transformer.decoder.block.9.layer.0.SelfAttention.k,163,-0.19119086861610413,$\delta_\text{gsc}$
story_cloze,transformer.decoder.block.9.layer.0.SelfAttention.k,163,-0.09541939198970795,$\delta_\text{ssc}$
story_cloze,transformer.decoder.block.9.layer.0.SelfAttention.v,164,0.20212650299072266,cross
story_cloze,transformer.decoder.block.9.layer.0.SelfAttention.v,164,0.3215816020965576,corr
story_cloze,transformer.decoder.block.9.layer.0.SelfAttention.v,164,0.171193927526474,drift
story_cloze,transformer.decoder.block.9.layer.0.SelfAttention.v,164,0.4847300946712494,tot
story_cloze,transformer.decoder.block.9.layer.0.SelfAttention.v,164,-0.08751308917999268,$\delta_\text{gsc}$
story_cloze,transformer.decoder.block.9.layer.0.SelfAttention.v,164,-0.12265884876251221,$\delta_\text{ssc}$
story_cloze,transformer.decoder.block.9.layer.0.SelfAttention.o,165,0.40378445386886597,cross
story_cloze,transformer.decoder.block.9.layer.0.SelfAttention.o,165,0.28433284163475037,corr
story_cloze,transformer.decoder.block.9.layer.0.SelfAttention.o,165,0.24716292321681976,drift
story_cloze,transformer.decoder.block.9.layer.0.SelfAttention.o,165,0.4686918556690216,tot
story_cloze,transformer.decoder.block.9.layer.0.SelfAttention.o,165,-0.21427705883979797,$\delta_\text{gsc}$
story_cloze,transformer.decoder.block.9.layer.0.SelfAttention.o,165,-0.2523112893104553,$\delta_\text{ssc}$
story_cloze,transformer.decoder.block.9.layer.1.EncDecAttention.q,166,0.37260860204696655,cross
story_cloze,transformer.decoder.block.9.layer.1.EncDecAttention.q,166,0.23784920573234558,corr
story_cloze,transformer.decoder.block.9.layer.1.EncDecAttention.q,166,0.16549871861934662,drift
story_cloze,transformer.decoder.block.9.layer.1.EncDecAttention.q,166,0.4460517466068268,tot
story_cloze,transformer.decoder.block.9.layer.1.EncDecAttention.q,166,-0.18524977564811707,$\delta_\text{gsc}$
story_cloze,transformer.decoder.block.9.layer.1.EncDecAttention.q,166,-0.1446550041437149,$\delta_\text{ssc}$
story_cloze,transformer.decoder.block.9.layer.1.EncDecAttention.k,167,0.39949512481689453,cross
story_cloze,transformer.decoder.block.9.layer.1.EncDecAttention.k,167,0.41364243626594543,corr
story_cloze,transformer.decoder.block.9.layer.1.EncDecAttention.k,167,0.3279542922973633,drift
story_cloze,transformer.decoder.block.9.layer.1.EncDecAttention.k,167,0.4415566027164459,tot
story_cloze,transformer.decoder.block.9.layer.1.EncDecAttention.k,167,-0.3691810369491577,$\delta_\text{gsc}$
story_cloze,transformer.decoder.block.9.layer.1.EncDecAttention.k,167,-0.3303542137145996,$\delta_\text{ssc}$
story_cloze,transformer.decoder.block.9.layer.1.EncDecAttention.v,168,0.4040827751159668,cross
story_cloze,transformer.decoder.block.9.layer.1.EncDecAttention.v,168,0.4256177544593811,corr
story_cloze,transformer.decoder.block.9.layer.1.EncDecAttention.v,168,0.34058699011802673,drift
story_cloze,transformer.decoder.block.9.layer.1.EncDecAttention.v,168,0.4763012230396271,tot
story_cloze,transformer.decoder.block.9.layer.1.EncDecAttention.v,168,-0.34671756625175476,$\delta_\text{gsc}$
story_cloze,transformer.decoder.block.9.layer.1.EncDecAttention.v,168,-0.3472687304019928,$\delta_\text{ssc}$
story_cloze,transformer.decoder.block.9.layer.1.EncDecAttention.o,169,0.32297834753990173,cross
story_cloze,transformer.decoder.block.9.layer.1.EncDecAttention.o,169,0.1840408444404602,corr
story_cloze,transformer.decoder.block.9.layer.1.EncDecAttention.o,169,0.2387755960226059,drift
story_cloze,transformer.decoder.block.9.layer.1.EncDecAttention.o,169,0.37198689579963684,tot
story_cloze,transformer.decoder.block.9.layer.1.EncDecAttention.o,169,-0.2007177323102951,$\delta_\text{gsc}$
story_cloze,transformer.decoder.block.9.layer.1.EncDecAttention.o,169,-0.1730901598930359,$\delta_\text{ssc}$
story_cloze,transformer.decoder.block.9.layer.2.DenseReluDense.wi,170,0.1678650677204132,cross
story_cloze,transformer.decoder.block.9.layer.2.DenseReluDense.wi,170,0.2789249122142792,corr
story_cloze,transformer.decoder.block.9.layer.2.DenseReluDense.wi,170,0.1841069906949997,drift
story_cloze,transformer.decoder.block.9.layer.2.DenseReluDense.wi,170,0.4585849940776825,tot
story_cloze,transformer.decoder.block.9.layer.2.DenseReluDense.wi,170,-0.045990318059921265,$\delta_\text{gsc}$
story_cloze,transformer.decoder.block.9.layer.2.DenseReluDense.wi,170,-0.12632165849208832,$\delta_\text{ssc}$
story_cloze,transformer.decoder.block.9.layer.2.DenseReluDense.wo,171,0.3886425793170929,cross
story_cloze,transformer.decoder.block.9.layer.2.DenseReluDense.wo,171,0.23490768671035767,corr
story_cloze,transformer.decoder.block.9.layer.2.DenseReluDense.wo,171,0.15532231330871582,drift
story_cloze,transformer.decoder.block.9.layer.2.DenseReluDense.wo,171,0.4673420190811157,tot
story_cloze,transformer.decoder.block.9.layer.2.DenseReluDense.wo,171,-0.21442174911499023,$\delta_\text{gsc}$
story_cloze,transformer.decoder.block.9.layer.2.DenseReluDense.wo,171,-0.09710881114006042,$\delta_\text{ssc}$
story_cloze,transformer.decoder.block.10.layer.0.SelfAttention.q,172,0.23267120122909546,cross
story_cloze,transformer.decoder.block.10.layer.0.SelfAttention.q,172,0.18947811424732208,corr
story_cloze,transformer.decoder.block.10.layer.0.SelfAttention.q,172,0.14630794525146484,drift
story_cloze,transformer.decoder.block.10.layer.0.SelfAttention.q,172,0.2835003733634949,tot
story_cloze,transformer.decoder.block.10.layer.0.SelfAttention.q,172,-0.15005548298358917,$\delta_\text{gsc}$
story_cloze,transformer.decoder.block.10.layer.0.SelfAttention.q,172,-0.13490140438079834,$\delta_\text{ssc}$
story_cloze,transformer.decoder.block.10.layer.0.SelfAttention.k,173,0.3478979468345642,cross
story_cloze,transformer.decoder.block.10.layer.0.SelfAttention.k,173,0.17400150001049042,corr
story_cloze,transformer.decoder.block.10.layer.0.SelfAttention.k,173,0.14262881875038147,drift
story_cloze,transformer.decoder.block.10.layer.0.SelfAttention.k,173,0.35883063077926636,tot
story_cloze,transformer.decoder.block.10.layer.0.SelfAttention.k,173,-0.1842690110206604,$\delta_\text{gsc}$
story_cloze,transformer.decoder.block.10.layer.0.SelfAttention.k,173,-0.12142862379550934,$\delta_\text{ssc}$
story_cloze,transformer.decoder.block.10.layer.0.SelfAttention.v,174,0.23161789774894714,cross
story_cloze,transformer.decoder.block.10.layer.0.SelfAttention.v,174,0.3126237988471985,corr
story_cloze,transformer.decoder.block.10.layer.0.SelfAttention.v,174,0.2089761346578598,drift
story_cloze,transformer.decoder.block.10.layer.0.SelfAttention.v,174,0.4853338897228241,tot
story_cloze,transformer.decoder.block.10.layer.0.SelfAttention.v,174,-0.1339239478111267,$\delta_\text{gsc}$
story_cloze,transformer.decoder.block.10.layer.0.SelfAttention.v,174,-0.13395999372005463,$\delta_\text{ssc}$
story_cloze,transformer.decoder.block.10.layer.0.SelfAttention.o,175,0.38473770022392273,cross
story_cloze,transformer.decoder.block.10.layer.0.SelfAttention.o,175,0.24502691626548767,corr
story_cloze,transformer.decoder.block.10.layer.0.SelfAttention.o,175,0.23299367725849152,drift
story_cloze,transformer.decoder.block.10.layer.0.SelfAttention.o,175,0.4522286355495453,tot
story_cloze,transformer.decoder.block.10.layer.0.SelfAttention.o,175,-0.21430858969688416,$\delta_\text{gsc}$
story_cloze,transformer.decoder.block.10.layer.0.SelfAttention.o,175,-0.19622106850147247,$\delta_\text{ssc}$
story_cloze,transformer.decoder.block.10.layer.1.EncDecAttention.q,176,0.33922079205513,cross
story_cloze,transformer.decoder.block.10.layer.1.EncDecAttention.q,176,0.2075273096561432,corr
story_cloze,transformer.decoder.block.10.layer.1.EncDecAttention.q,176,0.1648138463497162,drift
story_cloze,transformer.decoder.block.10.layer.1.EncDecAttention.q,176,0.4656139016151428,tot
story_cloze,transformer.decoder.block.10.layer.1.EncDecAttention.q,176,-0.14240944385528564,$\delta_\text{gsc}$
story_cloze,transformer.decoder.block.10.layer.1.EncDecAttention.q,176,-0.10353860259056091,$\delta_\text{ssc}$
story_cloze,transformer.decoder.block.10.layer.1.EncDecAttention.k,177,0.4357258379459381,cross
story_cloze,transformer.decoder.block.10.layer.1.EncDecAttention.k,177,0.4145030975341797,corr
story_cloze,transformer.decoder.block.10.layer.1.EncDecAttention.k,177,0.33088546991348267,drift
story_cloze,transformer.decoder.block.10.layer.1.EncDecAttention.k,177,0.44870638847351074,tot
story_cloze,transformer.decoder.block.10.layer.1.EncDecAttention.k,177,-0.4019155204296112,$\delta_\text{gsc}$
story_cloze,transformer.decoder.block.10.layer.1.EncDecAttention.k,177,-0.3304924964904785,$\delta_\text{ssc}$
story_cloze,transformer.decoder.block.10.layer.1.EncDecAttention.v,178,0.4261108338832855,cross
story_cloze,transformer.decoder.block.10.layer.1.EncDecAttention.v,178,0.42127493023872375,corr
story_cloze,transformer.decoder.block.10.layer.1.EncDecAttention.v,178,0.333545058965683,drift
story_cloze,transformer.decoder.block.10.layer.1.EncDecAttention.v,178,0.4462740123271942,tot
story_cloze,transformer.decoder.block.10.layer.1.EncDecAttention.v,178,-0.3988793194293976,$\delta_\text{gsc}$
story_cloze,transformer.decoder.block.10.layer.1.EncDecAttention.v,178,-0.33577749133110046,$\delta_\text{ssc}$
story_cloze,transformer.decoder.block.10.layer.1.EncDecAttention.o,179,0.2017155885696411,cross
story_cloze,transformer.decoder.block.10.layer.1.EncDecAttention.o,179,0.11234282702207565,corr
story_cloze,transformer.decoder.block.10.layer.1.EncDecAttention.o,179,0.22637566924095154,drift
story_cloze,transformer.decoder.block.10.layer.1.EncDecAttention.o,179,0.3406617343425751,tot
story_cloze,transformer.decoder.block.10.layer.1.EncDecAttention.o,179,-0.10615605115890503,$\delta_\text{gsc}$
story_cloze,transformer.decoder.block.10.layer.1.EncDecAttention.o,179,-0.0936163067817688,$\delta_\text{ssc}$
story_cloze,transformer.decoder.block.10.layer.2.DenseReluDense.wi,180,0.23196329176425934,cross
story_cloze,transformer.decoder.block.10.layer.2.DenseReluDense.wi,180,0.2251296192407608,corr
story_cloze,transformer.decoder.block.10.layer.2.DenseReluDense.wi,180,0.1766967922449112,drift
story_cloze,transformer.decoder.block.10.layer.2.DenseReluDense.wi,180,0.44094395637512207,tot
story_cloze,transformer.decoder.block.10.layer.2.DenseReluDense.wi,180,-0.06880323588848114,$\delta_\text{gsc}$
story_cloze,transformer.decoder.block.10.layer.2.DenseReluDense.wi,180,-0.12404251098632812,$\delta_\text{ssc}$
story_cloze,transformer.decoder.block.10.layer.2.DenseReluDense.wo,181,0.28358468413352966,cross
story_cloze,transformer.decoder.block.10.layer.2.DenseReluDense.wo,181,0.3040551543235779,corr
story_cloze,transformer.decoder.block.10.layer.2.DenseReluDense.wo,181,0.19441495835781097,drift
story_cloze,transformer.decoder.block.10.layer.2.DenseReluDense.wo,181,0.48397189378738403,tot
story_cloze,transformer.decoder.block.10.layer.2.DenseReluDense.wo,181,-0.21845418214797974,$\delta_\text{gsc}$
story_cloze,transformer.decoder.block.10.layer.2.DenseReluDense.wo,181,-0.07962872087955475,$\delta_\text{ssc}$
story_cloze,transformer.decoder.block.11.layer.0.SelfAttention.q,182,0.161537304520607,cross
story_cloze,transformer.decoder.block.11.layer.0.SelfAttention.q,182,0.17235969007015228,corr
story_cloze,transformer.decoder.block.11.layer.0.SelfAttention.q,182,0.12041045725345612,drift
story_cloze,transformer.decoder.block.11.layer.0.SelfAttention.q,182,0.22802652418613434,tot
story_cloze,transformer.decoder.block.11.layer.0.SelfAttention.q,182,-0.10627278685569763,$\delta_\text{gsc}$
story_cloze,transformer.decoder.block.11.layer.0.SelfAttention.q,182,-0.12000814080238342,$\delta_\text{ssc}$
story_cloze,transformer.decoder.block.11.layer.0.SelfAttention.k,183,0.3406796455383301,cross
story_cloze,transformer.decoder.block.11.layer.0.SelfAttention.k,183,0.1479756087064743,corr
story_cloze,transformer.decoder.block.11.layer.0.SelfAttention.k,183,0.11794836819171906,drift
story_cloze,transformer.decoder.block.11.layer.0.SelfAttention.k,183,0.3768450617790222,tot
story_cloze,transformer.decoder.block.11.layer.0.SelfAttention.k,183,-0.13105453550815582,$\delta_\text{gsc}$
story_cloze,transformer.decoder.block.11.layer.0.SelfAttention.k,183,-0.0987040251493454,$\delta_\text{ssc}$
story_cloze,transformer.decoder.block.11.layer.0.SelfAttention.v,184,0.25560957193374634,cross
story_cloze,transformer.decoder.block.11.layer.0.SelfAttention.v,184,0.2512332797050476,corr
story_cloze,transformer.decoder.block.11.layer.0.SelfAttention.v,184,0.17895010113716125,drift
story_cloze,transformer.decoder.block.11.layer.0.SelfAttention.v,184,0.4775843918323517,tot
story_cloze,transformer.decoder.block.11.layer.0.SelfAttention.v,184,-0.0985037088394165,$\delta_\text{gsc}$
story_cloze,transformer.decoder.block.11.layer.0.SelfAttention.v,184,-0.10970485210418701,$\delta_\text{ssc}$
story_cloze,transformer.decoder.block.11.layer.0.SelfAttention.o,185,0.3687473237514496,cross
story_cloze,transformer.decoder.block.11.layer.0.SelfAttention.o,185,0.21416723728179932,corr
story_cloze,transformer.decoder.block.11.layer.0.SelfAttention.o,185,0.2538129389286041,drift
story_cloze,transformer.decoder.block.11.layer.0.SelfAttention.o,185,0.4550514221191406,tot
story_cloze,transformer.decoder.block.11.layer.0.SelfAttention.o,185,-0.15362200140953064,$\delta_\text{gsc}$
story_cloze,transformer.decoder.block.11.layer.0.SelfAttention.o,185,-0.22805407643318176,$\delta_\text{ssc}$
story_cloze,transformer.decoder.block.11.layer.1.EncDecAttention.q,186,0.3654033839702606,cross
story_cloze,transformer.decoder.block.11.layer.1.EncDecAttention.q,186,0.19434329867362976,corr
story_cloze,transformer.decoder.block.11.layer.1.EncDecAttention.q,186,0.18116089701652527,drift
story_cloze,transformer.decoder.block.11.layer.1.EncDecAttention.q,186,0.4704427719116211,tot
story_cloze,transformer.decoder.block.11.layer.1.EncDecAttention.q,186,-0.14212921261787415,$\delta_\text{gsc}$
story_cloze,transformer.decoder.block.11.layer.1.EncDecAttention.q,186,-0.1283355951309204,$\delta_\text{ssc}$
story_cloze,transformer.decoder.block.11.layer.1.EncDecAttention.k,187,0.4524766802787781,cross
story_cloze,transformer.decoder.block.11.layer.1.EncDecAttention.k,187,0.42189452052116394,corr
story_cloze,transformer.decoder.block.11.layer.1.EncDecAttention.k,187,0.3247322142124176,drift
story_cloze,transformer.decoder.block.11.layer.1.EncDecAttention.k,187,0.4543534219264984,tot
story_cloze,transformer.decoder.block.11.layer.1.EncDecAttention.k,187,-0.41669848561286926,$\delta_\text{gsc}$
story_cloze,transformer.decoder.block.11.layer.1.EncDecAttention.k,187,-0.32805150747299194,$\delta_\text{ssc}$
story_cloze,transformer.decoder.block.11.layer.1.EncDecAttention.v,188,0.43164312839508057,cross
story_cloze,transformer.decoder.block.11.layer.1.EncDecAttention.v,188,0.4181194603443146,corr
story_cloze,transformer.decoder.block.11.layer.1.EncDecAttention.v,188,0.33305978775024414,drift
story_cloze,transformer.decoder.block.11.layer.1.EncDecAttention.v,188,0.41858020424842834,tot
story_cloze,transformer.decoder.block.11.layer.1.EncDecAttention.v,188,-0.4254624545574188,$\delta_\text{gsc}$
story_cloze,transformer.decoder.block.11.layer.1.EncDecAttention.v,188,-0.3387797176837921,$\delta_\text{ssc}$
story_cloze,transformer.decoder.block.11.layer.1.EncDecAttention.o,189,0.14458365738391876,cross
story_cloze,transformer.decoder.block.11.layer.1.EncDecAttention.o,189,0.09713014215230942,corr
story_cloze,transformer.decoder.block.11.layer.1.EncDecAttention.o,189,0.3508285880088806,drift
story_cloze,transformer.decoder.block.11.layer.1.EncDecAttention.o,189,0.4476816654205322,tot
story_cloze,transformer.decoder.block.11.layer.1.EncDecAttention.o,189,-0.06284788250923157,$\delta_\text{gsc}$
story_cloze,transformer.decoder.block.11.layer.1.EncDecAttention.o,189,-0.0820128321647644,$\delta_\text{ssc}$
story_cloze,transformer.decoder.block.11.layer.2.DenseReluDense.wi,190,0.1545432209968567,cross
story_cloze,transformer.decoder.block.11.layer.2.DenseReluDense.wi,190,0.23310253024101257,corr
story_cloze,transformer.decoder.block.11.layer.2.DenseReluDense.wi,190,0.18521909415721893,drift
story_cloze,transformer.decoder.block.11.layer.2.DenseReluDense.wi,190,0.43658143281936646,tot
story_cloze,transformer.decoder.block.11.layer.2.DenseReluDense.wi,190,-0.03652745485305786,$\delta_\text{gsc}$
story_cloze,transformer.decoder.block.11.layer.2.DenseReluDense.wi,190,-0.09975595772266388,$\delta_\text{ssc}$
story_cloze,transformer.decoder.block.11.layer.2.DenseReluDense.wo,191,0.19850888848304749,cross
story_cloze,transformer.decoder.block.11.layer.2.DenseReluDense.wo,191,0.17625360190868378,corr
story_cloze,transformer.decoder.block.11.layer.2.DenseReluDense.wo,191,0.2557639479637146,drift
story_cloze,transformer.decoder.block.11.layer.2.DenseReluDense.wo,191,0.4798348546028137,tot
story_cloze,transformer.decoder.block.11.layer.2.DenseReluDense.wo,191,-0.05719974637031555,$\delta_\text{gsc}$
story_cloze,transformer.decoder.block.11.layer.2.DenseReluDense.wo,191,-0.09349183738231659,$\delta_\text{ssc}$
story_cloze,transformer.lm_head,192,0.11670135706663132,cross
story_cloze,transformer.lm_head,192,0.06660819798707962,corr
story_cloze,transformer.lm_head,192,0.14170536398887634,drift
story_cloze,transformer.lm_head,192,0.2282470017671585,tot
story_cloze,transformer.lm_head,192,-0.06545805186033249,$\delta_\text{gsc}$
story_cloze,transformer.lm_head,192,-0.03130986541509628,$\delta_\text{ssc}$
