model,dataset_i,layer_name,layer_idx,kappa_i,dataset_j,kappa_j,rho
Olmo-3-7b,Math,lm_head.weight,0,38147836.0,Math,38147836.0,1.0
Olmo-3-7b,Math,lm_head.weight,0,38147836.0,Code,7707194.5,4.949639716501251
Olmo-3-7b,Math,lm_head.weight,0,38147836.0,IF,75108664.0,0.507901937917575
Olmo-3-7b,Math,model.layers.0.mlp.down_proj.weight,1,15437.0029296875,Math,15437.0029296875,1.0
Olmo-3-7b,Math,model.layers.0.mlp.down_proj.weight,1,15437.0029296875,Code,7909.73291015625,1.9516465479973526
Olmo-3-7b,Math,model.layers.0.mlp.down_proj.weight,1,15437.0029296875,IF,6366.34765625,2.424781642977448
Olmo-3-7b,Math,model.layers.0.mlp.gate_proj.weight,2,243298.703125,Math,243298.703125,1.0
Olmo-3-7b,Math,model.layers.0.mlp.gate_proj.weight,2,243298.703125,Code,118163.2265625,2.059005243871808
Olmo-3-7b,Math,model.layers.0.mlp.gate_proj.weight,2,243298.703125,IF,87401.421875,2.7836927352619227
Olmo-3-7b,Math,model.layers.0.mlp.up_proj.weight,3,244320.109375,Math,244320.109375,1.0
Olmo-3-7b,Math,model.layers.0.mlp.up_proj.weight,3,244320.109375,Code,109296.375,2.2353907837748506
Olmo-3-7b,Math,model.layers.0.mlp.up_proj.weight,3,244320.109375,IF,86030.0546875,2.8399390220369027
Olmo-3-7b,Math,model.layers.0.self_attn.k_proj.weight,4,218881.40625,Math,218881.40625,1.0
Olmo-3-7b,Math,model.layers.0.self_attn.k_proj.weight,4,218881.40625,Code,21130.572265625,10.358517672806904
Olmo-3-7b,Math,model.layers.0.self_attn.k_proj.weight,4,218881.40625,IF,32525.412109375,6.729550589980395
Olmo-3-7b,Math,model.layers.0.self_attn.o_proj.weight,5,234287.09375,Math,234287.09375,1.0
Olmo-3-7b,Math,model.layers.0.self_attn.o_proj.weight,5,234287.09375,Code,133937.53125,1.7492266100731195
Olmo-3-7b,Math,model.layers.0.self_attn.o_proj.weight,5,234287.09375,IF,99917.171875,2.344813102227329
Olmo-3-7b,Math,model.layers.0.self_attn.q_proj.weight,6,415434.6875,Math,415434.6875,1.0
Olmo-3-7b,Math,model.layers.0.self_attn.q_proj.weight,6,415434.6875,Code,209610.390625,1.98193747104468
Olmo-3-7b,Math,model.layers.0.self_attn.q_proj.weight,6,415434.6875,IF,165799.0625,2.505651607650073
Olmo-3-7b,Math,model.layers.0.self_attn.v_proj.weight,7,53639.05859375,Math,53639.05859375,1.0
Olmo-3-7b,Math,model.layers.0.self_attn.v_proj.weight,7,53639.05859375,Code,25937.65625,2.067999439762411
Olmo-3-7b,Math,model.layers.0.self_attn.v_proj.weight,7,53639.05859375,IF,21390.49609375,2.507611714971986
Olmo-3-7b,Math,model.layers.1.mlp.down_proj.weight,8,19825.900390625,Math,19825.900390625,1.0
Olmo-3-7b,Math,model.layers.1.mlp.down_proj.weight,8,19825.900390625,Code,7734.30224609375,2.5633728499087525
Olmo-3-7b,Math,model.layers.1.mlp.down_proj.weight,8,19825.900390625,IF,8600.20703125,2.3052817587512657
Olmo-3-7b,Math,model.layers.1.mlp.gate_proj.weight,9,312767.5,Math,312767.5,1.0
Olmo-3-7b,Math,model.layers.1.mlp.gate_proj.weight,9,312767.5,Code,150149.8125,2.0830362342277318
Olmo-3-7b,Math,model.layers.1.mlp.gate_proj.weight,9,312767.5,IF,141420.671875,2.2116109042138574
Olmo-3-7b,Math,model.layers.1.mlp.up_proj.weight,10,256989.96875,Math,256989.96875,1.0
Olmo-3-7b,Math,model.layers.1.mlp.up_proj.weight,10,256989.96875,Code,116150.78125,2.2125548014770673
Olmo-3-7b,Math,model.layers.1.mlp.up_proj.weight,10,256989.96875,IF,132010.234375,1.9467427655644596
Olmo-3-7b,Math,model.layers.1.self_attn.k_proj.weight,11,678033.3125,Math,678033.3125,1.0
Olmo-3-7b,Math,model.layers.1.self_attn.k_proj.weight,11,678033.3125,Code,332251.40625,2.040723680157486
Olmo-3-7b,Math,model.layers.1.self_attn.k_proj.weight,11,678033.3125,IF,206807.75,3.278568199209169
Olmo-3-7b,Math,model.layers.1.self_attn.o_proj.weight,12,110354.3984375,Math,110354.3984375,1.0
Olmo-3-7b,Math,model.layers.1.self_attn.o_proj.weight,12,110354.3984375,Code,65696.53125,1.6797598950477313
Olmo-3-7b,Math,model.layers.1.self_attn.o_proj.weight,12,110354.3984375,IF,78311.1640625,1.409178368864832
Olmo-3-7b,Math,model.layers.1.self_attn.q_proj.weight,13,802179.0625,Math,802179.0625,1.0
Olmo-3-7b,Math,model.layers.1.self_attn.q_proj.weight,13,802179.0625,Code,417013.03125,1.9236306839032384
Olmo-3-7b,Math,model.layers.1.self_attn.q_proj.weight,13,802179.0625,IF,436740.25,1.8367417761472637
Olmo-3-7b,Math,model.layers.1.self_attn.v_proj.weight,14,316256.03125,Math,316256.03125,1.0
Olmo-3-7b,Math,model.layers.1.self_attn.v_proj.weight,14,316256.03125,Code,128941.90625,2.4527016890600684
Olmo-3-7b,Math,model.layers.1.self_attn.v_proj.weight,14,316256.03125,IF,172281.859375,1.8356896796755389
Olmo-3-7b,Math,model.layers.10.mlp.down_proj.weight,15,104679.3984375,Math,104679.3984375,1.0
Olmo-3-7b,Math,model.layers.10.mlp.down_proj.weight,15,104679.3984375,Code,58804.95703125,1.7801118089733745
Olmo-3-7b,Math,model.layers.10.mlp.down_proj.weight,15,104679.3984375,IF,28801.3125,3.6345356982429187
Olmo-3-7b,Math,model.layers.10.mlp.gate_proj.weight,16,2222243.25,Math,2222243.25,1.0
Olmo-3-7b,Math,model.layers.10.mlp.gate_proj.weight,16,2222243.25,Code,1158271.25,1.9185862119948156
Olmo-3-7b,Math,model.layers.10.mlp.gate_proj.weight,16,2222243.25,IF,408630.0625,5.438276460631185
Olmo-3-7b,Math,model.layers.10.mlp.up_proj.weight,17,2057094.625,Math,2057094.625,1.0
Olmo-3-7b,Math,model.layers.10.mlp.up_proj.weight,17,2057094.625,Code,1048356.625,1.9622088285081425
Olmo-3-7b,Math,model.layers.10.mlp.up_proj.weight,17,2057094.625,IF,389400.875,5.282717007248635
Olmo-3-7b,Math,model.layers.10.self_attn.k_proj.weight,18,5373233.5,Math,5373233.5,1.0
Olmo-3-7b,Math,model.layers.10.self_attn.k_proj.weight,18,5373233.5,Code,3317488.5,1.6196690659214041
Olmo-3-7b,Math,model.layers.10.self_attn.k_proj.weight,18,5373233.5,IF,1408671.625,3.814397482450887
Olmo-3-7b,Math,model.layers.10.self_attn.o_proj.weight,19,656412.625,Math,656412.625,1.0
Olmo-3-7b,Math,model.layers.10.self_attn.o_proj.weight,19,656412.625,Code,360176.96875,1.8224725119934533
Olmo-3-7b,Math,model.layers.10.self_attn.o_proj.weight,19,656412.625,IF,211787.015625,3.0993997581148927
Olmo-3-7b,Math,model.layers.10.self_attn.q_proj.weight,20,5284957.0,Math,5284957.0,1.0
Olmo-3-7b,Math,model.layers.10.self_attn.q_proj.weight,20,5284957.0,Code,3232997.75,1.6346924460433045
Olmo-3-7b,Math,model.layers.10.self_attn.q_proj.weight,20,5284957.0,IF,1198618.25,4.4092078524584455
Olmo-3-7b,Math,model.layers.10.self_attn.v_proj.weight,21,2659324.0,Math,2659324.0,1.0
Olmo-3-7b,Math,model.layers.10.self_attn.v_proj.weight,21,2659324.0,Code,1254835.875,2.119260417223886
Olmo-3-7b,Math,model.layers.10.self_attn.v_proj.weight,21,2659324.0,IF,594076.0625,4.47640322151509
Olmo-3-7b,Math,model.layers.11.mlp.down_proj.weight,22,131686.546875,Math,131686.546875,1.0
Olmo-3-7b,Math,model.layers.11.mlp.down_proj.weight,22,131686.546875,Code,76408.2265625,1.7234603235724066
Olmo-3-7b,Math,model.layers.11.mlp.down_proj.weight,22,131686.546875,IF,35809.390625,3.6774305447986104
Olmo-3-7b,Math,model.layers.11.mlp.gate_proj.weight,23,2498035.75,Math,2498035.75,1.0
Olmo-3-7b,Math,model.layers.11.mlp.gate_proj.weight,23,2498035.75,Code,1291057.75,1.9348752989554494
Olmo-3-7b,Math,model.layers.11.mlp.gate_proj.weight,23,2498035.75,IF,454631.96875,5.494632849661433
Olmo-3-7b,Math,model.layers.11.mlp.up_proj.weight,24,2416040.75,Math,2416040.75,1.0
Olmo-3-7b,Math,model.layers.11.mlp.up_proj.weight,24,2416040.75,Code,1226115.375,1.9704840174604286
Olmo-3-7b,Math,model.layers.11.mlp.up_proj.weight,24,2416040.75,IF,445419.875,5.424187122319138
Olmo-3-7b,Math,model.layers.11.self_attn.k_proj.weight,25,4653701.5,Math,4653701.5,1.0
Olmo-3-7b,Math,model.layers.11.self_attn.k_proj.weight,25,4653701.5,Code,3516636.75,1.3233386985448525
Olmo-3-7b,Math,model.layers.11.self_attn.k_proj.weight,25,4653701.5,IF,744767.9375,6.248525568409018
Olmo-3-7b,Math,model.layers.11.self_attn.o_proj.weight,26,1681937.0,Math,1681937.0,1.0
Olmo-3-7b,Math,model.layers.11.self_attn.o_proj.weight,26,1681937.0,Code,872576.6875,1.9275520697428672
Olmo-3-7b,Math,model.layers.11.self_attn.o_proj.weight,26,1681937.0,IF,399540.8125,4.2096750754342525
Olmo-3-7b,Math,model.layers.11.self_attn.q_proj.weight,27,1796959.875,Math,1796959.875,1.0
Olmo-3-7b,Math,model.layers.11.self_attn.q_proj.weight,27,1796959.875,Code,1576410.75,1.1399058747854898
Olmo-3-7b,Math,model.layers.11.self_attn.q_proj.weight,27,1796959.875,IF,618925.125,2.9033558380749205
Olmo-3-7b,Math,model.layers.11.self_attn.v_proj.weight,28,2578852.75,Math,2578852.75,1.0
Olmo-3-7b,Math,model.layers.11.self_attn.v_proj.weight,28,2578852.75,Code,1386090.5,1.8605226354267632
Olmo-3-7b,Math,model.layers.11.self_attn.v_proj.weight,28,2578852.75,IF,678444.4375,3.80112593966105
Olmo-3-7b,Math,model.layers.12.mlp.down_proj.weight,29,207354.703125,Math,207354.703125,1.0
Olmo-3-7b,Math,model.layers.12.mlp.down_proj.weight,29,207354.703125,Code,110893.1328125,1.8698606294728717
Olmo-3-7b,Math,model.layers.12.mlp.down_proj.weight,29,207354.703125,IF,46085.640625,4.499334289659774
Olmo-3-7b,Math,model.layers.12.mlp.gate_proj.weight,30,3005362.0,Math,3005362.0,1.0
Olmo-3-7b,Math,model.layers.12.mlp.gate_proj.weight,30,3005362.0,Code,1504171.75,1.9980178460338722
Olmo-3-7b,Math,model.layers.12.mlp.gate_proj.weight,30,3005362.0,IF,517599.9375,5.806341504822921
Olmo-3-7b,Math,model.layers.12.mlp.up_proj.weight,31,2833708.5,Math,2833708.5,1.0
Olmo-3-7b,Math,model.layers.12.mlp.up_proj.weight,31,2833708.5,Code,1438010.5,1.970575666867523
Olmo-3-7b,Math,model.layers.12.mlp.up_proj.weight,31,2833708.5,IF,495672.34375,5.716898543424131
Olmo-3-7b,Math,model.layers.12.self_attn.k_proj.weight,32,6120983.0,Math,6120983.0,1.0
Olmo-3-7b,Math,model.layers.12.self_attn.k_proj.weight,32,6120983.0,Code,4410171.5,1.3879240297117696
Olmo-3-7b,Math,model.layers.12.self_attn.k_proj.weight,32,6120983.0,IF,1867350.125,3.2778978714556812
Olmo-3-7b,Math,model.layers.12.self_attn.o_proj.weight,33,1731320.875,Math,1731320.875,1.0
Olmo-3-7b,Math,model.layers.12.self_attn.o_proj.weight,33,1731320.875,Code,885381.3125,1.9554522447637497
Olmo-3-7b,Math,model.layers.12.self_attn.o_proj.weight,33,1731320.875,IF,418153.5625,4.140394893801724
Olmo-3-7b,Math,model.layers.12.self_attn.q_proj.weight,34,8333368.0,Math,8333368.0,1.0
Olmo-3-7b,Math,model.layers.12.self_attn.q_proj.weight,34,8333368.0,Code,5086957.5,1.6381831379562342
Olmo-3-7b,Math,model.layers.12.self_attn.q_proj.weight,34,8333368.0,IF,1933626.875,4.309708407419606
Olmo-3-7b,Math,model.layers.12.self_attn.v_proj.weight,35,3260759.5,Math,3260759.5,1.0
Olmo-3-7b,Math,model.layers.12.self_attn.v_proj.weight,35,3260759.5,Code,1732334.375,1.8822922104746667
Olmo-3-7b,Math,model.layers.12.self_attn.v_proj.weight,35,3260759.5,IF,807837.9375,4.03640303164148
Olmo-3-7b,Math,model.layers.13.mlp.down_proj.weight,36,355030.6875,Math,355030.6875,1.0
Olmo-3-7b,Math,model.layers.13.mlp.down_proj.weight,36,355030.6875,Code,171165.140625,2.0741997243342025
Olmo-3-7b,Math,model.layers.13.mlp.down_proj.weight,36,355030.6875,IF,74546.2109375,4.76255845917722
Olmo-3-7b,Math,model.layers.13.mlp.gate_proj.weight,37,3424778.0,Math,3424778.0,1.0
Olmo-3-7b,Math,model.layers.13.mlp.gate_proj.weight,37,3424778.0,Code,1724189.75,1.986311541406623
Olmo-3-7b,Math,model.layers.13.mlp.gate_proj.weight,37,3424778.0,IF,588832.0,5.8162226237704475
Olmo-3-7b,Math,model.layers.13.mlp.up_proj.weight,38,3220530.5,Math,3220530.5,1.0
Olmo-3-7b,Math,model.layers.13.mlp.up_proj.weight,38,3220530.5,Code,1631778.25,1.9736324466881452
Olmo-3-7b,Math,model.layers.13.mlp.up_proj.weight,38,3220530.5,IF,580363.125,5.549164585534272
Olmo-3-7b,Math,model.layers.13.self_attn.k_proj.weight,39,10326212.0,Math,10326212.0,1.0
Olmo-3-7b,Math,model.layers.13.self_attn.k_proj.weight,39,10326212.0,Code,6576148.5,1.5702522532756065
Olmo-3-7b,Math,model.layers.13.self_attn.k_proj.weight,39,10326212.0,IF,2302765.75,4.484265062566611
Olmo-3-7b,Math,model.layers.13.self_attn.o_proj.weight,40,1274222.375,Math,1274222.375,1.0
Olmo-3-7b,Math,model.layers.13.self_attn.o_proj.weight,40,1274222.375,Code,711958.8125,1.789741699418883
Olmo-3-7b,Math,model.layers.13.self_attn.o_proj.weight,40,1274222.375,IF,346003.78125,3.6826833810793795
Olmo-3-7b,Math,model.layers.13.self_attn.q_proj.weight,41,11477184.0,Math,11477184.0,1.0
Olmo-3-7b,Math,model.layers.13.self_attn.q_proj.weight,41,11477184.0,Code,6458345.0,1.7771091510286303
Olmo-3-7b,Math,model.layers.13.self_attn.q_proj.weight,41,11477184.0,IF,2338587.25,4.907742484271219
Olmo-3-7b,Math,model.layers.13.self_attn.v_proj.weight,42,3436390.75,Math,3436390.75,1.0
Olmo-3-7b,Math,model.layers.13.self_attn.v_proj.weight,42,3436390.75,Code,1692098.25,2.0308458743456534
Olmo-3-7b,Math,model.layers.13.self_attn.v_proj.weight,42,3436390.75,IF,940198.9375,3.6549613203535447
Olmo-3-7b,Math,model.layers.14.mlp.down_proj.weight,43,588808.3125,Math,588808.3125,1.0
Olmo-3-7b,Math,model.layers.14.mlp.down_proj.weight,43,588808.3125,Code,340018.59375,1.7316944523714006
Olmo-3-7b,Math,model.layers.14.mlp.down_proj.weight,43,588808.3125,IF,124272.9375,4.738025223713731
Olmo-3-7b,Math,model.layers.14.mlp.gate_proj.weight,44,4695231.5,Math,4695231.5,1.0
Olmo-3-7b,Math,model.layers.14.mlp.gate_proj.weight,44,4695231.5,Code,2194920.25,2.1391353512730134
Olmo-3-7b,Math,model.layers.14.mlp.gate_proj.weight,44,4695231.5,IF,743468.5625,6.315306035552781
Olmo-3-7b,Math,model.layers.14.mlp.up_proj.weight,45,4476840.0,Math,4476840.0,1.0
Olmo-3-7b,Math,model.layers.14.mlp.up_proj.weight,45,4476840.0,Code,2126712.25,2.1050520586412196
Olmo-3-7b,Math,model.layers.14.mlp.up_proj.weight,45,4476840.0,IF,715928.8125,6.253191548985186
Olmo-3-7b,Math,model.layers.14.self_attn.k_proj.weight,46,10957010.0,Math,10957010.0,1.0
Olmo-3-7b,Math,model.layers.14.self_attn.k_proj.weight,46,10957010.0,Code,6199712.5,1.7673416307611038
Olmo-3-7b,Math,model.layers.14.self_attn.k_proj.weight,46,10957010.0,IF,2489667.75,4.400992863405167
Olmo-3-7b,Math,model.layers.14.self_attn.o_proj.weight,47,905926.0625,Math,905926.0625,1.0
Olmo-3-7b,Math,model.layers.14.self_attn.o_proj.weight,47,905926.0625,Code,517665.0625,1.7500235733988712
Olmo-3-7b,Math,model.layers.14.self_attn.o_proj.weight,47,905926.0625,IF,298630.0625,3.033606378795169
Olmo-3-7b,Math,model.layers.14.self_attn.q_proj.weight,48,12478877.0,Math,12478877.0,1.0
Olmo-3-7b,Math,model.layers.14.self_attn.q_proj.weight,48,12478877.0,Code,6331116.0,1.9710390711527004
Olmo-3-7b,Math,model.layers.14.self_attn.q_proj.weight,48,12478877.0,IF,2111381.75,5.910289316463023
Olmo-3-7b,Math,model.layers.14.self_attn.v_proj.weight,49,5036515.5,Math,5036515.5,1.0
Olmo-3-7b,Math,model.layers.14.self_attn.v_proj.weight,49,5036515.5,Code,2204663.0,2.2844831613720555
Olmo-3-7b,Math,model.layers.14.self_attn.v_proj.weight,49,5036515.5,IF,1121404.125,4.491258225039969
Olmo-3-7b,Math,model.layers.15.mlp.down_proj.weight,50,957316.5625,Math,957316.5625,1.0
Olmo-3-7b,Math,model.layers.15.mlp.down_proj.weight,50,957316.5625,Code,516889.65625,1.8520714255442212
Olmo-3-7b,Math,model.layers.15.mlp.down_proj.weight,50,957316.5625,IF,199701.53125,4.7937367155265616
Olmo-3-7b,Math,model.layers.15.mlp.gate_proj.weight,51,5495493.0,Math,5495493.0,1.0
Olmo-3-7b,Math,model.layers.15.mlp.gate_proj.weight,51,5495493.0,Code,2600007.5,2.1136450567931053
Olmo-3-7b,Math,model.layers.15.mlp.gate_proj.weight,51,5495493.0,IF,897880.6875,6.120515873107027
Olmo-3-7b,Math,model.layers.15.mlp.up_proj.weight,52,5286160.5,Math,5286160.5,1.0
Olmo-3-7b,Math,model.layers.15.mlp.up_proj.weight,52,5286160.5,Code,2489439.75,2.123433796700643
Olmo-3-7b,Math,model.layers.15.mlp.up_proj.weight,52,5286160.5,IF,871762.5,6.063762205876027
Olmo-3-7b,Math,model.layers.15.self_attn.k_proj.weight,53,9215671.0,Math,9215671.0,1.0
Olmo-3-7b,Math,model.layers.15.self_attn.k_proj.weight,53,9215671.0,Code,6498689.0,1.4180815546027823
Olmo-3-7b,Math,model.layers.15.self_attn.k_proj.weight,53,9215671.0,IF,1564769.75,5.8894741542645495
Olmo-3-7b,Math,model.layers.15.self_attn.o_proj.weight,54,1771893.5,Math,1771893.5,1.0
Olmo-3-7b,Math,model.layers.15.self_attn.o_proj.weight,54,1771893.5,Code,1041921.9375,1.7006010107163139
Olmo-3-7b,Math,model.layers.15.self_attn.o_proj.weight,54,1771893.5,IF,575051.0625,3.0812802819575698
Olmo-3-7b,Math,model.layers.15.self_attn.q_proj.weight,55,8478041.0,Math,8478041.0,1.0
Olmo-3-7b,Math,model.layers.15.self_attn.q_proj.weight,55,8478041.0,Code,6058517.5,1.3993590016039403
Olmo-3-7b,Math,model.layers.15.self_attn.q_proj.weight,55,8478041.0,IF,1488432.0,5.6959545347049785
Olmo-3-7b,Math,model.layers.15.self_attn.v_proj.weight,56,5603064.0,Math,5603064.0,1.0
Olmo-3-7b,Math,model.layers.15.self_attn.v_proj.weight,56,5603064.0,Code,2501670.0,2.239729460720239
Olmo-3-7b,Math,model.layers.15.self_attn.v_proj.weight,56,5603064.0,IF,1543570.875,3.6299363318836915
Olmo-3-7b,Math,model.layers.16.mlp.down_proj.weight,57,1229878.25,Math,1229878.25,1.0
Olmo-3-7b,Math,model.layers.16.mlp.down_proj.weight,57,1229878.25,Code,545900.75,2.252933797947704
Olmo-3-7b,Math,model.layers.16.mlp.down_proj.weight,57,1229878.25,IF,245307.234375,5.013624050401591
Olmo-3-7b,Math,model.layers.16.mlp.gate_proj.weight,58,7345556.0,Math,7345556.0,1.0
Olmo-3-7b,Math,model.layers.16.mlp.gate_proj.weight,58,7345556.0,Code,3068188.75,2.3941017318442355
Olmo-3-7b,Math,model.layers.16.mlp.gate_proj.weight,58,7345556.0,IF,1145572.0,6.412129486405044
Olmo-3-7b,Math,model.layers.16.mlp.up_proj.weight,59,7085781.0,Math,7085781.0,1.0
Olmo-3-7b,Math,model.layers.16.mlp.up_proj.weight,59,7085781.0,Code,3031217.0,2.3376026856539798
Olmo-3-7b,Math,model.layers.16.mlp.up_proj.weight,59,7085781.0,IF,1113197.125,6.365252695024702
Olmo-3-7b,Math,model.layers.16.self_attn.k_proj.weight,60,19244330.0,Math,19244330.0,1.0
Olmo-3-7b,Math,model.layers.16.self_attn.k_proj.weight,60,19244330.0,Code,9823859.0,1.9589379285675823
Olmo-3-7b,Math,model.layers.16.self_attn.k_proj.weight,60,19244330.0,IF,3930490.75,4.896164683761182
Olmo-3-7b,Math,model.layers.16.self_attn.o_proj.weight,61,2795248.0,Math,2795248.0,1.0
Olmo-3-7b,Math,model.layers.16.self_attn.o_proj.weight,61,2795248.0,Code,1111969.375,2.513781460932771
Olmo-3-7b,Math,model.layers.16.self_attn.o_proj.weight,61,2795248.0,IF,575883.5625,4.853842307749494
Olmo-3-7b,Math,model.layers.16.self_attn.q_proj.weight,62,16338089.0,Math,16338089.0,1.0
Olmo-3-7b,Math,model.layers.16.self_attn.q_proj.weight,62,16338089.0,Code,8920337.0,1.8315551307086269
Olmo-3-7b,Math,model.layers.16.self_attn.q_proj.weight,62,16338089.0,IF,2562994.75,6.374608843814448
Olmo-3-7b,Math,model.layers.16.self_attn.v_proj.weight,63,7760247.5,Math,7760247.5,1.0
Olmo-3-7b,Math,model.layers.16.self_attn.v_proj.weight,63,7760247.5,Code,3671120.0,2.113863752751204
Olmo-3-7b,Math,model.layers.16.self_attn.v_proj.weight,63,7760247.5,IF,1942861.625,3.994235822121403
Olmo-3-7b,Math,model.layers.17.mlp.down_proj.weight,64,1939190.125,Math,1939190.125,1.0
Olmo-3-7b,Math,model.layers.17.mlp.down_proj.weight,64,1939190.125,Code,954722.25,2.0311563127391237
Olmo-3-7b,Math,model.layers.17.mlp.down_proj.weight,64,1939190.125,IF,480898.65625,4.032429909706157
Olmo-3-7b,Math,model.layers.17.mlp.gate_proj.weight,65,8645264.0,Math,8645264.0,1.0
Olmo-3-7b,Math,model.layers.17.mlp.gate_proj.weight,65,8645264.0,Code,3783386.75,2.2850595435425682
Olmo-3-7b,Math,model.layers.17.mlp.gate_proj.weight,65,8645264.0,IF,1497510.375,5.773091221488198
Olmo-3-7b,Math,model.layers.17.mlp.up_proj.weight,66,8425517.0,Math,8425517.0,1.0
Olmo-3-7b,Math,model.layers.17.mlp.up_proj.weight,66,8425517.0,Code,3678151.0,2.2906936120893353
Olmo-3-7b,Math,model.layers.17.mlp.up_proj.weight,66,8425517.0,IF,1449552.0,5.812497240526728
Olmo-3-7b,Math,model.layers.17.self_attn.k_proj.weight,67,22827712.0,Math,22827712.0,1.0
Olmo-3-7b,Math,model.layers.17.self_attn.k_proj.weight,67,22827712.0,Code,7839597.5,2.911847451351935
Olmo-3-7b,Math,model.layers.17.self_attn.k_proj.weight,67,22827712.0,IF,5046248.5,4.523699536398178
Olmo-3-7b,Math,model.layers.17.self_attn.o_proj.weight,68,1898816.75,Math,1898816.75,1.0
Olmo-3-7b,Math,model.layers.17.self_attn.o_proj.weight,68,1898816.75,Code,789881.25,2.4039268560938747
Olmo-3-7b,Math,model.layers.17.self_attn.o_proj.weight,68,1898816.75,IF,511725.15625,3.7106183403505484
Olmo-3-7b,Math,model.layers.17.self_attn.q_proj.weight,69,23163426.0,Math,23163426.0,1.0
Olmo-3-7b,Math,model.layers.17.self_attn.q_proj.weight,69,23163426.0,Code,8818979.0,2.626542823154472
Olmo-3-7b,Math,model.layers.17.self_attn.q_proj.weight,69,23163426.0,IF,3833037.25,6.043099633326026
Olmo-3-7b,Math,model.layers.17.self_attn.v_proj.weight,70,11287028.0,Math,11287028.0,1.0
Olmo-3-7b,Math,model.layers.17.self_attn.v_proj.weight,70,11287028.0,Code,4468797.5,2.525741656452323
Olmo-3-7b,Math,model.layers.17.self_attn.v_proj.weight,70,11287028.0,IF,2604783.5,4.333192374721354
Olmo-3-7b,Math,model.layers.18.mlp.down_proj.weight,71,2338849.75,Math,2338849.75,1.0
Olmo-3-7b,Math,model.layers.18.mlp.down_proj.weight,71,2338849.75,Code,1266194.375,1.8471490603486531
Olmo-3-7b,Math,model.layers.18.mlp.down_proj.weight,71,2338849.75,IF,994592.875,2.3515649556608778
Olmo-3-7b,Math,model.layers.18.mlp.gate_proj.weight,72,9806633.0,Math,9806633.0,1.0
Olmo-3-7b,Math,model.layers.18.mlp.gate_proj.weight,72,9806633.0,Code,4250972.5,2.3069151823494507
Olmo-3-7b,Math,model.layers.18.mlp.gate_proj.weight,72,9806633.0,IF,2043625.125,4.798645739883434
Olmo-3-7b,Math,model.layers.18.mlp.up_proj.weight,73,9832314.0,Math,9832314.0,1.0
Olmo-3-7b,Math,model.layers.18.mlp.up_proj.weight,73,9832314.0,Code,4198319.5,2.341964207345344
Olmo-3-7b,Math,model.layers.18.mlp.up_proj.weight,73,9832314.0,IF,1922763.875,5.113635703187944
Olmo-3-7b,Math,model.layers.18.self_attn.k_proj.weight,74,24805100.0,Math,24805100.0,1.0
Olmo-3-7b,Math,model.layers.18.self_attn.k_proj.weight,74,24805100.0,Code,7957039.5,3.11737801477547
Olmo-3-7b,Math,model.layers.18.self_attn.k_proj.weight,74,24805100.0,IF,7112111.5,3.4877265352209394
Olmo-3-7b,Math,model.layers.18.self_attn.o_proj.weight,75,1472623.0,Math,1472623.0,1.0
Olmo-3-7b,Math,model.layers.18.self_attn.o_proj.weight,75,1472623.0,Code,813589.8125,1.8100312680599107
Olmo-3-7b,Math,model.layers.18.self_attn.o_proj.weight,75,1472623.0,IF,801824.9375,1.8365891744293623
Olmo-3-7b,Math,model.layers.18.self_attn.q_proj.weight,76,26434096.0,Math,26434096.0,1.0
Olmo-3-7b,Math,model.layers.18.self_attn.q_proj.weight,76,26434096.0,Code,9528656.0,2.7741683612043504
Olmo-3-7b,Math,model.layers.18.self_attn.q_proj.weight,76,26434096.0,IF,5391268.0,4.9031315082092
Olmo-3-7b,Math,model.layers.18.self_attn.v_proj.weight,77,11074564.0,Math,11074564.0,1.0
Olmo-3-7b,Math,model.layers.18.self_attn.v_proj.weight,77,11074564.0,Code,4783312.0,2.315250186481668
Olmo-3-7b,Math,model.layers.18.self_attn.v_proj.weight,77,11074564.0,IF,3823910.0,2.8961361538320722
Olmo-3-7b,Math,model.layers.19.mlp.down_proj.weight,78,4062355.0,Math,4062355.0,1.0
Olmo-3-7b,Math,model.layers.19.mlp.down_proj.weight,78,4062355.0,Code,1700331.125,2.389155229984983
Olmo-3-7b,Math,model.layers.19.mlp.down_proj.weight,78,4062355.0,IF,1565755.25,2.594501918483109
Olmo-3-7b,Math,model.layers.19.mlp.gate_proj.weight,79,10773706.0,Math,10773706.0,1.0
Olmo-3-7b,Math,model.layers.19.mlp.gate_proj.weight,79,10773706.0,Code,4632135.5,2.3258615815534758
Olmo-3-7b,Math,model.layers.19.mlp.gate_proj.weight,79,10773706.0,IF,2517167.0,4.2800918651801805
Olmo-3-7b,Math,model.layers.19.mlp.up_proj.weight,80,10531838.0,Math,10531838.0,1.0
Olmo-3-7b,Math,model.layers.19.mlp.up_proj.weight,80,10531838.0,Code,4458433.5,2.362228347692076
Olmo-3-7b,Math,model.layers.19.mlp.up_proj.weight,80,10531838.0,IF,2444579.25,4.308241592085836
Olmo-3-7b,Math,model.layers.19.self_attn.k_proj.weight,81,23057808.0,Math,23057808.0,1.0
Olmo-3-7b,Math,model.layers.19.self_attn.k_proj.weight,81,23057808.0,Code,13843624.0,1.6655904552160619
Olmo-3-7b,Math,model.layers.19.self_attn.k_proj.weight,81,23057808.0,IF,7114034.5,3.241171799209014
Olmo-3-7b,Math,model.layers.19.self_attn.o_proj.weight,82,2306209.75,Math,2306209.75,1.0
Olmo-3-7b,Math,model.layers.19.self_attn.o_proj.weight,82,2306209.75,Code,1372035.125,1.680867864078917
Olmo-3-7b,Math,model.layers.19.self_attn.o_proj.weight,82,2306209.75,IF,1607556.5,1.4346057199233744
Olmo-3-7b,Math,model.layers.19.self_attn.q_proj.weight,83,30996184.0,Math,30996184.0,1.0
Olmo-3-7b,Math,model.layers.19.self_attn.q_proj.weight,83,30996184.0,Code,15672976.0,1.9776833704077643
Olmo-3-7b,Math,model.layers.19.self_attn.q_proj.weight,83,30996184.0,IF,6953002.0,4.457957009073203
Olmo-3-7b,Math,model.layers.19.self_attn.v_proj.weight,84,10780041.0,Math,10780041.0,1.0
Olmo-3-7b,Math,model.layers.19.self_attn.v_proj.weight,84,10780041.0,Code,4569469.0,2.3591452310979677
Olmo-3-7b,Math,model.layers.19.self_attn.v_proj.weight,84,10780041.0,IF,4103901.25,2.6267788485407637
Olmo-3-7b,Math,model.layers.2.mlp.down_proj.weight,85,12442.3818359375,Math,12442.3818359375,1.0
Olmo-3-7b,Math,model.layers.2.mlp.down_proj.weight,85,12442.3818359375,Code,6727.1640625,1.8495731217997926
Olmo-3-7b,Math,model.layers.2.mlp.down_proj.weight,85,12442.3818359375,IF,9315.111328125,1.3357201430722971
Olmo-3-7b,Math,model.layers.2.mlp.gate_proj.weight,86,340439.90625,Math,340439.90625,1.0
Olmo-3-7b,Math,model.layers.2.mlp.gate_proj.weight,86,340439.90625,Code,186589.859375,1.8245359495437479
Olmo-3-7b,Math,model.layers.2.mlp.gate_proj.weight,86,340439.90625,IF,158193.421875,2.152048436748565
Olmo-3-7b,Math,model.layers.2.mlp.up_proj.weight,87,334430.46875,Math,334430.46875,1.0
Olmo-3-7b,Math,model.layers.2.mlp.up_proj.weight,87,334430.46875,Code,159517.0625,2.096518475884045
Olmo-3-7b,Math,model.layers.2.mlp.up_proj.weight,87,334430.46875,IF,151147.609375,2.2126083907835543
Olmo-3-7b,Math,model.layers.2.self_attn.k_proj.weight,88,933209.8125,Math,933209.8125,1.0
Olmo-3-7b,Math,model.layers.2.self_attn.k_proj.weight,88,933209.8125,Code,487305.65625,1.915039976513714
Olmo-3-7b,Math,model.layers.2.self_attn.k_proj.weight,88,933209.8125,IF,421282.375,2.2151646208792855
Olmo-3-7b,Math,model.layers.2.self_attn.o_proj.weight,89,96630.71875,Math,96630.71875,1.0
Olmo-3-7b,Math,model.layers.2.self_attn.o_proj.weight,89,96630.71875,Code,55179.84375,1.7511959473426382
Olmo-3-7b,Math,model.layers.2.self_attn.o_proj.weight,89,96630.71875,IF,50961.49609375,1.8961515292297502
Olmo-3-7b,Math,model.layers.2.self_attn.q_proj.weight,90,944023.0,Math,944023.0,1.0
Olmo-3-7b,Math,model.layers.2.self_attn.q_proj.weight,90,944023.0,Code,473413.625,1.9940765329683952
Olmo-3-7b,Math,model.layers.2.self_attn.q_proj.weight,90,944023.0,IF,471244.75,2.0032541476589394
Olmo-3-7b,Math,model.layers.2.self_attn.v_proj.weight,91,379192.375,Math,379192.375,1.0
Olmo-3-7b,Math,model.layers.2.self_attn.v_proj.weight,91,379192.375,Code,159413.421875,2.3786728277957305
Olmo-3-7b,Math,model.layers.2.self_attn.v_proj.weight,91,379192.375,IF,207380.65625,1.828484786656663
Olmo-3-7b,Math,model.layers.20.mlp.down_proj.weight,92,3981361.5,Math,3981361.5,1.0
Olmo-3-7b,Math,model.layers.20.mlp.down_proj.weight,92,3981361.5,Code,2072108.625,1.9214057853747895
Olmo-3-7b,Math,model.layers.20.mlp.down_proj.weight,92,3981361.5,IF,1831405.875,2.173937276465273
Olmo-3-7b,Math,model.layers.20.mlp.gate_proj.weight,93,10942385.0,Math,10942385.0,1.0
Olmo-3-7b,Math,model.layers.20.mlp.gate_proj.weight,93,10942385.0,Code,5280976.5,2.072038192179041
Olmo-3-7b,Math,model.layers.20.mlp.gate_proj.weight,93,10942385.0,IF,3175123.75,3.44628614868948
Olmo-3-7b,Math,model.layers.20.mlp.up_proj.weight,94,11257306.0,Math,11257306.0,1.0
Olmo-3-7b,Math,model.layers.20.mlp.up_proj.weight,94,11257306.0,Code,5100550.5,2.2070766675087325
Olmo-3-7b,Math,model.layers.20.mlp.up_proj.weight,94,11257306.0,IF,3042631.5,3.699858494201483
Olmo-3-7b,Math,model.layers.20.self_attn.k_proj.weight,95,35475688.0,Math,35475688.0,1.0
Olmo-3-7b,Math,model.layers.20.self_attn.k_proj.weight,95,35475688.0,Code,13698825.0,2.5896883856827135
Olmo-3-7b,Math,model.layers.20.self_attn.k_proj.weight,95,35475688.0,IF,8540550.0,4.153794310670858
Olmo-3-7b,Math,model.layers.20.self_attn.o_proj.weight,96,2243606.5,Math,2243606.5,1.0
Olmo-3-7b,Math,model.layers.20.self_attn.o_proj.weight,96,2243606.5,Code,1165218.875,1.9254807385436492
Olmo-3-7b,Math,model.layers.20.self_attn.o_proj.weight,96,2243606.5,IF,1227351.125,1.8280070424019859
Olmo-3-7b,Math,model.layers.20.self_attn.q_proj.weight,97,34339340.0,Math,34339340.0,1.0
Olmo-3-7b,Math,model.layers.20.self_attn.q_proj.weight,97,34339340.0,Code,18031904.0,1.9043657286551658
Olmo-3-7b,Math,model.layers.20.self_attn.q_proj.weight,97,34339340.0,IF,6903552.0,4.974155333370415
Olmo-3-7b,Math,model.layers.20.self_attn.v_proj.weight,98,12069305.0,Math,12069305.0,1.0
Olmo-3-7b,Math,model.layers.20.self_attn.v_proj.weight,98,12069305.0,Code,5359963.0,2.251751551270037
Olmo-3-7b,Math,model.layers.20.self_attn.v_proj.weight,98,12069305.0,IF,4823500.0,2.5021882450502746
Olmo-3-7b,Math,model.layers.21.mlp.down_proj.weight,99,5839182.5,Math,5839182.5,1.0
Olmo-3-7b,Math,model.layers.21.mlp.down_proj.weight,99,5839182.5,Code,2743342.0,2.128492364422664
Olmo-3-7b,Math,model.layers.21.mlp.down_proj.weight,99,5839182.5,IF,2517118.25,2.3197887107608075
Olmo-3-7b,Math,model.layers.21.mlp.gate_proj.weight,100,12063695.0,Math,12063695.0,1.0
Olmo-3-7b,Math,model.layers.21.mlp.gate_proj.weight,100,12063695.0,Code,5727704.5,2.106200660316886
Olmo-3-7b,Math,model.layers.21.mlp.gate_proj.weight,100,12063695.0,IF,3615410.0,3.3367432739302045
Olmo-3-7b,Math,model.layers.21.mlp.up_proj.weight,101,12179426.0,Math,12179426.0,1.0
Olmo-3-7b,Math,model.layers.21.mlp.up_proj.weight,101,12179426.0,Code,5494247.5,2.2167596199479545
Olmo-3-7b,Math,model.layers.21.mlp.up_proj.weight,101,12179426.0,IF,3471039.25,3.5088701460232694
Olmo-3-7b,Math,model.layers.21.self_attn.k_proj.weight,102,30238642.0,Math,30238642.0,1.0
Olmo-3-7b,Math,model.layers.21.self_attn.k_proj.weight,102,30238642.0,Code,12987828.0,2.328229323640566
Olmo-3-7b,Math,model.layers.21.self_attn.k_proj.weight,102,30238642.0,IF,11603955.0,2.6058910087121157
Olmo-3-7b,Math,model.layers.21.self_attn.o_proj.weight,103,1380080.25,Math,1380080.25,1.0
Olmo-3-7b,Math,model.layers.21.self_attn.o_proj.weight,103,1380080.25,Code,580265.5625,2.3783597359355615
Olmo-3-7b,Math,model.layers.21.self_attn.o_proj.weight,103,1380080.25,IF,829734.3125,1.663279714010863
Olmo-3-7b,Math,model.layers.21.self_attn.q_proj.weight,104,29883330.0,Math,29883330.0,1.0
Olmo-3-7b,Math,model.layers.21.self_attn.q_proj.weight,104,29883330.0,Code,15532178.0,1.9239626277782806
Olmo-3-7b,Math,model.layers.21.self_attn.q_proj.weight,104,29883330.0,IF,9226015.0,3.2390289848867577
Olmo-3-7b,Math,model.layers.21.self_attn.v_proj.weight,105,14726149.0,Math,14726149.0,1.0
Olmo-3-7b,Math,model.layers.21.self_attn.v_proj.weight,105,14726149.0,Code,5199533.0,2.832206084661834
Olmo-3-7b,Math,model.layers.21.self_attn.v_proj.weight,105,14726149.0,IF,6433013.0,2.289152687861815
Olmo-3-7b,Math,model.layers.22.mlp.down_proj.weight,106,9347868.0,Math,9347868.0,1.0
Olmo-3-7b,Math,model.layers.22.mlp.down_proj.weight,106,9347868.0,Code,5285329.5,1.7686443200939506
Olmo-3-7b,Math,model.layers.22.mlp.down_proj.weight,106,9347868.0,IF,6018746.5,1.5531253891487207
Olmo-3-7b,Math,model.layers.22.mlp.gate_proj.weight,107,12317268.0,Math,12317268.0,1.0
Olmo-3-7b,Math,model.layers.22.mlp.gate_proj.weight,107,12317268.0,Code,6370122.5,1.9335998640528498
Olmo-3-7b,Math,model.layers.22.mlp.gate_proj.weight,107,12317268.0,IF,4479227.5,2.7498643460284167
Olmo-3-7b,Math,model.layers.22.mlp.up_proj.weight,108,12615685.0,Math,12615685.0,1.0
Olmo-3-7b,Math,model.layers.22.mlp.up_proj.weight,108,12615685.0,Code,5929004.5,2.1277914361508747
Olmo-3-7b,Math,model.layers.22.mlp.up_proj.weight,108,12615685.0,IF,4307019.0,2.9290989893473887
Olmo-3-7b,Math,model.layers.22.self_attn.k_proj.weight,109,36929892.0,Math,36929892.0,1.0
Olmo-3-7b,Math,model.layers.22.self_attn.k_proj.weight,109,36929892.0,Code,16003072.0,2.307675176366138
Olmo-3-7b,Math,model.layers.22.self_attn.k_proj.weight,109,36929892.0,IF,10966739.0,3.3674451448146985
Olmo-3-7b,Math,model.layers.22.self_attn.o_proj.weight,110,2659308.75,Math,2659308.75,1.0
Olmo-3-7b,Math,model.layers.22.self_attn.o_proj.weight,110,2659308.75,Code,1200960.875,2.21431755634837
Olmo-3-7b,Math,model.layers.22.self_attn.o_proj.weight,110,2659308.75,IF,1546947.375,1.71906865933303
Olmo-3-7b,Math,model.layers.22.self_attn.q_proj.weight,111,37964456.0,Math,37964456.0,1.0
Olmo-3-7b,Math,model.layers.22.self_attn.q_proj.weight,111,37964456.0,Code,20433962.0,1.8579096897606053
Olmo-3-7b,Math,model.layers.22.self_attn.q_proj.weight,111,37964456.0,IF,9906741.0,3.8321841663166523
Olmo-3-7b,Math,model.layers.22.self_attn.v_proj.weight,112,14274340.0,Math,14274340.0,1.0
Olmo-3-7b,Math,model.layers.22.self_attn.v_proj.weight,112,14274340.0,Code,5250226.0,2.7188048666857387
Olmo-3-7b,Math,model.layers.22.self_attn.v_proj.weight,112,14274340.0,IF,5735598.5,2.4887272008317876
Olmo-3-7b,Math,model.layers.23.mlp.down_proj.weight,113,10833154.0,Math,10833154.0,1.0
Olmo-3-7b,Math,model.layers.23.mlp.down_proj.weight,113,10833154.0,Code,6115850.0,1.7713243457573355
Olmo-3-7b,Math,model.layers.23.mlp.down_proj.weight,113,10833154.0,IF,7224229.5,1.4995583958123146
Olmo-3-7b,Math,model.layers.23.mlp.gate_proj.weight,114,12805097.0,Math,12805097.0,1.0
Olmo-3-7b,Math,model.layers.23.mlp.gate_proj.weight,114,12805097.0,Code,6553974.5,1.9537910927178614
Olmo-3-7b,Math,model.layers.23.mlp.gate_proj.weight,114,12805097.0,IF,5451016.0,2.34912115466181
Olmo-3-7b,Math,model.layers.23.mlp.up_proj.weight,115,13034939.0,Math,13034939.0,1.0
Olmo-3-7b,Math,model.layers.23.mlp.up_proj.weight,115,13034939.0,Code,6113998.0,2.1319828694742786
Olmo-3-7b,Math,model.layers.23.mlp.up_proj.weight,115,13034939.0,IF,5303675.5,2.457718048549539
Olmo-3-7b,Math,model.layers.23.self_attn.k_proj.weight,116,31956900.0,Math,31956900.0,1.0
Olmo-3-7b,Math,model.layers.23.self_attn.k_proj.weight,116,31956900.0,Code,18952484.0,1.6861589224926927
Olmo-3-7b,Math,model.layers.23.self_attn.k_proj.weight,116,31956900.0,IF,7102794.5,4.499200983500226
Olmo-3-7b,Math,model.layers.23.self_attn.o_proj.weight,117,2575035.5,Math,2575035.5,1.0
Olmo-3-7b,Math,model.layers.23.self_attn.o_proj.weight,117,2575035.5,Code,1165535.5,2.2093153747783743
Olmo-3-7b,Math,model.layers.23.self_attn.o_proj.weight,117,2575035.5,IF,2082203.25,1.2366878689676428
Olmo-3-7b,Math,model.layers.23.self_attn.q_proj.weight,118,25691502.0,Math,25691502.0,1.0
Olmo-3-7b,Math,model.layers.23.self_attn.q_proj.weight,118,25691502.0,Code,12797574.0,2.007529083246559
Olmo-3-7b,Math,model.layers.23.self_attn.q_proj.weight,118,25691502.0,IF,7902551.5,3.251038857513298
Olmo-3-7b,Math,model.layers.23.self_attn.v_proj.weight,119,13963820.0,Math,13963820.0,1.0
Olmo-3-7b,Math,model.layers.23.self_attn.v_proj.weight,119,13963820.0,Code,5160696.5,2.705801435910831
Olmo-3-7b,Math,model.layers.23.self_attn.v_proj.weight,119,13963820.0,IF,7301152.0,1.912550238647271
Olmo-3-7b,Math,model.layers.24.mlp.down_proj.weight,120,18422294.0,Math,18422294.0,1.0
Olmo-3-7b,Math,model.layers.24.mlp.down_proj.weight,120,18422294.0,Code,10980373.0,1.6777475592131523
Olmo-3-7b,Math,model.layers.24.mlp.down_proj.weight,120,18422294.0,IF,15413720.0,1.195188053240879
Olmo-3-7b,Math,model.layers.24.mlp.gate_proj.weight,121,14004165.0,Math,14004165.0,1.0
Olmo-3-7b,Math,model.layers.24.mlp.gate_proj.weight,121,14004165.0,Code,7149437.0,1.9587787122258717
Olmo-3-7b,Math,model.layers.24.mlp.gate_proj.weight,121,14004165.0,IF,6351538.0,2.2048462907724082
Olmo-3-7b,Math,model.layers.24.mlp.up_proj.weight,122,13823094.0,Math,13823094.0,1.0
Olmo-3-7b,Math,model.layers.24.mlp.up_proj.weight,122,13823094.0,Code,6694034.0,2.064987121368072
Olmo-3-7b,Math,model.layers.24.mlp.up_proj.weight,122,13823094.0,IF,6252662.5,2.2107532591116184
Olmo-3-7b,Math,model.layers.24.self_attn.k_proj.weight,123,45804724.0,Math,45804724.0,1.0
Olmo-3-7b,Math,model.layers.24.self_attn.k_proj.weight,123,45804724.0,Code,18729258.0,2.4456240604940143
Olmo-3-7b,Math,model.layers.24.self_attn.k_proj.weight,123,45804724.0,IF,16835832.0,2.7206688686368454
Olmo-3-7b,Math,model.layers.24.self_attn.o_proj.weight,124,1356869.25,Math,1356869.25,1.0
Olmo-3-7b,Math,model.layers.24.self_attn.o_proj.weight,124,1356869.25,Code,575489.8125,2.3577641524279804
Olmo-3-7b,Math,model.layers.24.self_attn.o_proj.weight,124,1356869.25,IF,1427262.125,0.950679784906364
Olmo-3-7b,Math,model.layers.24.self_attn.q_proj.weight,125,44240688.0,Math,44240688.0,1.0
Olmo-3-7b,Math,model.layers.24.self_attn.q_proj.weight,125,44240688.0,Code,19690194.0,2.2468386040279746
Olmo-3-7b,Math,model.layers.24.self_attn.q_proj.weight,125,44240688.0,IF,15531323.0,2.8484816135753537
Olmo-3-7b,Math,model.layers.24.self_attn.v_proj.weight,126,17997950.0,Math,17997950.0,1.0
Olmo-3-7b,Math,model.layers.24.self_attn.v_proj.weight,126,17997950.0,Code,5763625.5,3.12267859873963
Olmo-3-7b,Math,model.layers.24.self_attn.v_proj.weight,126,17997950.0,IF,8954377.0,2.0099611620104896
Olmo-3-7b,Math,model.layers.25.mlp.down_proj.weight,127,50449008.0,Math,50449008.0,1.0
Olmo-3-7b,Math,model.layers.25.mlp.down_proj.weight,127,50449008.0,Code,30770790.0,1.639509677847075
Olmo-3-7b,Math,model.layers.25.mlp.down_proj.weight,127,50449008.0,IF,55885928.0,0.9027139712165109
Olmo-3-7b,Math,model.layers.25.mlp.gate_proj.weight,128,15169607.0,Math,15169607.0,1.0
Olmo-3-7b,Math,model.layers.25.mlp.gate_proj.weight,128,15169607.0,Code,7572543.5,2.003238013753239
Olmo-3-7b,Math,model.layers.25.mlp.gate_proj.weight,128,15169607.0,IF,7762177.0,1.9542980017075107
Olmo-3-7b,Math,model.layers.25.mlp.up_proj.weight,129,14809914.0,Math,14809914.0,1.0
Olmo-3-7b,Math,model.layers.25.mlp.up_proj.weight,129,14809914.0,Code,7128507.0,2.077561823254154
Olmo-3-7b,Math,model.layers.25.mlp.up_proj.weight,129,14809914.0,IF,7572312.5,1.955798047161947
Olmo-3-7b,Math,model.layers.25.self_attn.k_proj.weight,130,43991376.0,Math,43991376.0,1.0
Olmo-3-7b,Math,model.layers.25.self_attn.k_proj.weight,130,43991376.0,Code,16245597.0,2.7078953146504867
Olmo-3-7b,Math,model.layers.25.self_attn.k_proj.weight,130,43991376.0,IF,16524222.0,2.6622358377901243
Olmo-3-7b,Math,model.layers.25.self_attn.o_proj.weight,131,2178318.0,Math,2178318.0,1.0
Olmo-3-7b,Math,model.layers.25.self_attn.o_proj.weight,131,2178318.0,Code,918537.3125,2.371507363235176
Olmo-3-7b,Math,model.layers.25.self_attn.o_proj.weight,131,2178318.0,IF,2484024.75,0.876930875990668
Olmo-3-7b,Math,model.layers.25.self_attn.q_proj.weight,132,48599588.0,Math,48599588.0,1.0
Olmo-3-7b,Math,model.layers.25.self_attn.q_proj.weight,132,48599588.0,Code,21148766.0,2.2979869369210477
Olmo-3-7b,Math,model.layers.25.self_attn.q_proj.weight,132,48599588.0,IF,14766040.0,3.2913081638679023
Olmo-3-7b,Math,model.layers.25.self_attn.v_proj.weight,133,15999690.0,Math,15999690.0,1.0
Olmo-3-7b,Math,model.layers.25.self_attn.v_proj.weight,133,15999690.0,Code,5461381.5,2.92960489941968
Olmo-3-7b,Math,model.layers.25.self_attn.v_proj.weight,133,15999690.0,IF,9833713.0,1.627024298960118
Olmo-3-7b,Math,model.layers.26.mlp.down_proj.weight,134,59672036.0,Math,59672036.0,1.0
Olmo-3-7b,Math,model.layers.26.mlp.down_proj.weight,134,59672036.0,Code,49106212.0,1.215162676363634
Olmo-3-7b,Math,model.layers.26.mlp.down_proj.weight,134,59672036.0,IF,90983600.0,0.6558548573589087
Olmo-3-7b,Math,model.layers.26.mlp.gate_proj.weight,135,17332330.0,Math,17332330.0,1.0
Olmo-3-7b,Math,model.layers.26.mlp.gate_proj.weight,135,17332330.0,Code,8636712.0,2.006820419622653
Olmo-3-7b,Math,model.layers.26.mlp.gate_proj.weight,135,17332330.0,IF,8998441.0,1.9261480960979795
Olmo-3-7b,Math,model.layers.26.mlp.up_proj.weight,136,17002758.0,Math,17002758.0,1.0
Olmo-3-7b,Math,model.layers.26.mlp.up_proj.weight,136,17002758.0,Code,8221339.5,2.0681250299905507
Olmo-3-7b,Math,model.layers.26.mlp.up_proj.weight,136,17002758.0,IF,9051175.0,1.878513894604844
Olmo-3-7b,Math,model.layers.26.self_attn.k_proj.weight,137,43753000.0,Math,43753000.0,1.0
Olmo-3-7b,Math,model.layers.26.self_attn.k_proj.weight,137,43753000.0,Code,23508920.0,1.8611233523275421
Olmo-3-7b,Math,model.layers.26.self_attn.k_proj.weight,137,43753000.0,IF,23426494.0,1.8676717053776806
Olmo-3-7b,Math,model.layers.26.self_attn.o_proj.weight,138,1550677.375,Math,1550677.375,1.0
Olmo-3-7b,Math,model.layers.26.self_attn.o_proj.weight,138,1550677.375,Code,673294.375,2.3031194564784534
Olmo-3-7b,Math,model.layers.26.self_attn.o_proj.weight,138,1550677.375,IF,1953367.625,0.7938482010010789
Olmo-3-7b,Math,model.layers.26.self_attn.q_proj.weight,139,41143732.0,Math,41143732.0,1.0
Olmo-3-7b,Math,model.layers.26.self_attn.q_proj.weight,139,41143732.0,Code,25478730.0,1.6148266416732702
Olmo-3-7b,Math,model.layers.26.self_attn.q_proj.weight,139,41143732.0,IF,19181800.0,2.144935928849222
Olmo-3-7b,Math,model.layers.26.self_attn.v_proj.weight,140,17717596.0,Math,17717596.0,1.0
Olmo-3-7b,Math,model.layers.26.self_attn.v_proj.weight,140,17717596.0,Code,6724314.5,2.6348553447343965
Olmo-3-7b,Math,model.layers.26.self_attn.v_proj.weight,140,17717596.0,IF,12710907.0,1.393889200825716
Olmo-3-7b,Math,model.layers.27.mlp.down_proj.weight,141,81458912.0,Math,81458912.0,1.0
Olmo-3-7b,Math,model.layers.27.mlp.down_proj.weight,141,81458912.0,Code,62741500.0,1.2983258608735844
Olmo-3-7b,Math,model.layers.27.mlp.down_proj.weight,141,81458912.0,IF,138586240.0,0.5877849922185637
Olmo-3-7b,Math,model.layers.27.mlp.gate_proj.weight,142,17897516.0,Math,17897516.0,1.0
Olmo-3-7b,Math,model.layers.27.mlp.gate_proj.weight,142,17897516.0,Code,8761735.0,2.0426908597441034
Olmo-3-7b,Math,model.layers.27.mlp.gate_proj.weight,142,17897516.0,IF,10886327.0,1.644036230034244
Olmo-3-7b,Math,model.layers.27.mlp.up_proj.weight,143,17466054.0,Math,17466054.0,1.0
Olmo-3-7b,Math,model.layers.27.mlp.up_proj.weight,143,17466054.0,Code,8289406.0,2.1070332421888853
Olmo-3-7b,Math,model.layers.27.mlp.up_proj.weight,143,17466054.0,IF,10815957.0,1.614841294210027
Olmo-3-7b,Math,model.layers.27.self_attn.k_proj.weight,144,36405132.0,Math,36405132.0,1.0
Olmo-3-7b,Math,model.layers.27.self_attn.k_proj.weight,144,36405132.0,Code,18374904.0,1.9812420244481277
Olmo-3-7b,Math,model.layers.27.self_attn.k_proj.weight,144,36405132.0,IF,22930848.0,1.5876051334865593
Olmo-3-7b,Math,model.layers.27.self_attn.o_proj.weight,145,1374769.25,Math,1374769.25,1.0
Olmo-3-7b,Math,model.layers.27.self_attn.o_proj.weight,145,1374769.25,Code,533715.125,2.575848398525337
Olmo-3-7b,Math,model.layers.27.self_attn.o_proj.weight,145,1374769.25,IF,2441591.25,0.5630628181518917
Olmo-3-7b,Math,model.layers.27.self_attn.q_proj.weight,146,33301578.0,Math,33301578.0,1.0
Olmo-3-7b,Math,model.layers.27.self_attn.q_proj.weight,146,33301578.0,Code,20774662.0,1.602990123256879
Olmo-3-7b,Math,model.layers.27.self_attn.q_proj.weight,146,33301578.0,IF,15887502.0,2.096086470988328
Olmo-3-7b,Math,model.layers.27.self_attn.v_proj.weight,147,13205378.0,Math,13205378.0,1.0
Olmo-3-7b,Math,model.layers.27.self_attn.v_proj.weight,147,13205378.0,Code,5000394.0,2.640867499641028
Olmo-3-7b,Math,model.layers.27.self_attn.v_proj.weight,147,13205378.0,IF,13977167.0,0.9447821579294288
Olmo-3-7b,Math,model.layers.28.mlp.down_proj.weight,148,54141272.0,Math,54141272.0,1.0
Olmo-3-7b,Math,model.layers.28.mlp.down_proj.weight,148,54141272.0,Code,44716504.0,1.21076710290232
Olmo-3-7b,Math,model.layers.28.mlp.down_proj.weight,148,54141272.0,IF,120381752.0,0.44974650310787967
Olmo-3-7b,Math,model.layers.28.mlp.gate_proj.weight,149,19044718.0,Math,19044718.0,1.0
Olmo-3-7b,Math,model.layers.28.mlp.gate_proj.weight,149,19044718.0,Code,8753785.0,2.1755980984225682
Olmo-3-7b,Math,model.layers.28.mlp.gate_proj.weight,149,19044718.0,IF,12414154.0,1.5341132388078962
Olmo-3-7b,Math,model.layers.28.mlp.up_proj.weight,150,18597028.0,Math,18597028.0,1.0
Olmo-3-7b,Math,model.layers.28.mlp.up_proj.weight,150,18597028.0,Code,7998975.5,2.3249262358660805
Olmo-3-7b,Math,model.layers.28.mlp.up_proj.weight,150,18597028.0,IF,12645406.0,1.470654876561496
Olmo-3-7b,Math,model.layers.28.self_attn.k_proj.weight,151,27654310.0,Math,27654310.0,1.0
Olmo-3-7b,Math,model.layers.28.self_attn.k_proj.weight,151,27654310.0,Code,24019300.0,1.151337049789128
Olmo-3-7b,Math,model.layers.28.self_attn.k_proj.weight,151,27654310.0,IF,18027860.0,1.5339763011250365
Olmo-3-7b,Math,model.layers.28.self_attn.o_proj.weight,152,1761066.125,Math,1761066.125,1.0
Olmo-3-7b,Math,model.layers.28.self_attn.o_proj.weight,152,1761066.125,Code,770048.4375,2.2869550008014916
Olmo-3-7b,Math,model.layers.28.self_attn.o_proj.weight,152,1761066.125,IF,2777221.25,0.6341108491086189
Olmo-3-7b,Math,model.layers.28.self_attn.q_proj.weight,153,40855096.0,Math,40855096.0,1.0
Olmo-3-7b,Math,model.layers.28.self_attn.q_proj.weight,153,40855096.0,Code,26732982.0,1.528265570971469
Olmo-3-7b,Math,model.layers.28.self_attn.q_proj.weight,153,40855096.0,IF,17374964.0,2.351377303573118
Olmo-3-7b,Math,model.layers.28.self_attn.v_proj.weight,154,12293795.0,Math,12293795.0,1.0
Olmo-3-7b,Math,model.layers.28.self_attn.v_proj.weight,154,12293795.0,Code,5686460.5,2.161941510013127
Olmo-3-7b,Math,model.layers.28.self_attn.v_proj.weight,154,12293795.0,IF,12264783.0,1.0023654719370085
Olmo-3-7b,Math,model.layers.29.mlp.down_proj.weight,155,30626624.0,Math,30626624.0,1.0
Olmo-3-7b,Math,model.layers.29.mlp.down_proj.weight,155,30626624.0,Code,29327730.0,1.0442889374663502
Olmo-3-7b,Math,model.layers.29.mlp.down_proj.weight,155,30626624.0,IF,58610724.0,0.522543007658462
Olmo-3-7b,Math,model.layers.29.mlp.gate_proj.weight,156,18721254.0,Math,18721254.0,1.0
Olmo-3-7b,Math,model.layers.29.mlp.gate_proj.weight,156,18721254.0,Code,8390165.0,2.2313332336134035
Olmo-3-7b,Math,model.layers.29.mlp.gate_proj.weight,156,18721254.0,IF,13872612.0,1.3495118294954116
Olmo-3-7b,Math,model.layers.29.mlp.up_proj.weight,157,18263840.0,Math,18263840.0,1.0
Olmo-3-7b,Math,model.layers.29.mlp.up_proj.weight,157,18263840.0,Code,8234503.5,2.2179649325548287
Olmo-3-7b,Math,model.layers.29.mlp.up_proj.weight,157,18263840.0,IF,14706353.0,1.2419013741884204
Olmo-3-7b,Math,model.layers.29.self_attn.k_proj.weight,158,39098144.0,Math,39098144.0,1.0
Olmo-3-7b,Math,model.layers.29.self_attn.k_proj.weight,158,39098144.0,Code,24029550.0,1.627085983715883
Olmo-3-7b,Math,model.layers.29.self_attn.k_proj.weight,158,39098144.0,IF,24801054.0,1.576471064495888
Olmo-3-7b,Math,model.layers.29.self_attn.o_proj.weight,159,1831904.0,Math,1831904.0,1.0
Olmo-3-7b,Math,model.layers.29.self_attn.o_proj.weight,159,1831904.0,Code,729602.625,2.5108242997343933
Olmo-3-7b,Math,model.layers.29.self_attn.o_proj.weight,159,1831904.0,IF,2598135.5,0.7050840881855469
Olmo-3-7b,Math,model.layers.29.self_attn.q_proj.weight,160,43079280.0,Math,43079280.0,1.0
Olmo-3-7b,Math,model.layers.29.self_attn.q_proj.weight,160,43079280.0,Code,23410838.0,1.8401425869505397
Olmo-3-7b,Math,model.layers.29.self_attn.q_proj.weight,160,43079280.0,IF,20871292.0,2.0640447174999994
Olmo-3-7b,Math,model.layers.29.self_attn.v_proj.weight,161,12200948.0,Math,12200948.0,1.0
Olmo-3-7b,Math,model.layers.29.self_attn.v_proj.weight,161,12200948.0,Code,4531003.0,2.6927697907063846
Olmo-3-7b,Math,model.layers.29.self_attn.v_proj.weight,161,12200948.0,IF,10577271.0,1.1535062304823238
Olmo-3-7b,Math,model.layers.3.mlp.down_proj.weight,162,5288.84130859375,Math,5288.84130859375,1.0
Olmo-3-7b,Math,model.layers.3.mlp.down_proj.weight,162,5288.84130859375,Code,3164.816650390625,1.6711367174907155
Olmo-3-7b,Math,model.layers.3.mlp.down_proj.weight,162,5288.84130859375,IF,7113.5185546875,0.7434916023531889
Olmo-3-7b,Math,model.layers.3.mlp.gate_proj.weight,163,412545.84375,Math,412545.84375,1.0
Olmo-3-7b,Math,model.layers.3.mlp.gate_proj.weight,163,412545.84375,Code,204830.0,2.014088970121564
Olmo-3-7b,Math,model.layers.3.mlp.gate_proj.weight,163,412545.84375,IF,177608.5,2.3227820951699947
Olmo-3-7b,Math,model.layers.3.mlp.up_proj.weight,164,365422.5,Math,365422.5,1.0
Olmo-3-7b,Math,model.layers.3.mlp.up_proj.weight,164,365422.5,Code,178226.078125,2.0503312637767217
Olmo-3-7b,Math,model.layers.3.mlp.up_proj.weight,164,365422.5,IF,163482.359375,2.2352411685091025
Olmo-3-7b,Math,model.layers.3.self_attn.k_proj.weight,165,649525.5,Math,649525.5,1.0
Olmo-3-7b,Math,model.layers.3.self_attn.k_proj.weight,165,649525.5,Code,450694.625,1.4411654010739534
Olmo-3-7b,Math,model.layers.3.self_attn.k_proj.weight,165,649525.5,IF,194919.1875,3.332280974134473
Olmo-3-7b,Math,model.layers.3.self_attn.o_proj.weight,166,121668.390625,Math,121668.390625,1.0
Olmo-3-7b,Math,model.layers.3.self_attn.o_proj.weight,166,121668.390625,Code,75239.0234375,1.6170915711853733
Olmo-3-7b,Math,model.layers.3.self_attn.o_proj.weight,166,121668.390625,IF,60464.94140625,2.0122138183768032
Olmo-3-7b,Math,model.layers.3.self_attn.q_proj.weight,167,331207.34375,Math,331207.34375,1.0
Olmo-3-7b,Math,model.layers.3.self_attn.q_proj.weight,167,331207.34375,Code,239968.0,1.3802146275753433
Olmo-3-7b,Math,model.layers.3.self_attn.q_proj.weight,167,331207.34375,IF,143782.328125,2.3035330424060065
Olmo-3-7b,Math,model.layers.3.self_attn.v_proj.weight,168,418669.09375,Math,418669.09375,1.0
Olmo-3-7b,Math,model.layers.3.self_attn.v_proj.weight,168,418669.09375,Code,180520.546875,2.3192323588511177
Olmo-3-7b,Math,model.layers.3.self_attn.v_proj.weight,168,418669.09375,IF,198672.078125,2.107337365679453
Olmo-3-7b,Math,model.layers.30.mlp.down_proj.weight,169,51778524.0,Math,51778524.0,1.0
Olmo-3-7b,Math,model.layers.30.mlp.down_proj.weight,169,51778524.0,Code,56220204.0,0.9209949504985787
Olmo-3-7b,Math,model.layers.30.mlp.down_proj.weight,169,51778524.0,IF,80813816.0,0.6407137611222319
Olmo-3-7b,Math,model.layers.30.mlp.gate_proj.weight,170,20260902.0,Math,20260902.0,1.0
Olmo-3-7b,Math,model.layers.30.mlp.gate_proj.weight,170,20260902.0,Code,11117095.0,1.8224996728012128
Olmo-3-7b,Math,model.layers.30.mlp.gate_proj.weight,170,20260902.0,IF,20867374.0,0.9709368318217712
Olmo-3-7b,Math,model.layers.30.mlp.up_proj.weight,171,19212488.0,Math,19212488.0,1.0
Olmo-3-7b,Math,model.layers.30.mlp.up_proj.weight,171,19212488.0,Code,10484602.0,1.8324480032718458
Olmo-3-7b,Math,model.layers.30.mlp.up_proj.weight,171,19212488.0,IF,23557950.0,0.815541589994036
Olmo-3-7b,Math,model.layers.30.self_attn.k_proj.weight,172,43551840.0,Math,43551840.0,1.0
Olmo-3-7b,Math,model.layers.30.self_attn.k_proj.weight,172,43551840.0,Code,20358898.0,2.1392041946474705
Olmo-3-7b,Math,model.layers.30.self_attn.k_proj.weight,172,43551840.0,IF,40584584.0,1.0731128844390767
Olmo-3-7b,Math,model.layers.30.self_attn.o_proj.weight,173,1276838.625,Math,1276838.625,1.0
Olmo-3-7b,Math,model.layers.30.self_attn.o_proj.weight,173,1276838.625,Code,496543.21875,2.5714551660061313
Olmo-3-7b,Math,model.layers.30.self_attn.o_proj.weight,173,1276838.625,IF,2164185.0,0.5899858953832505
Olmo-3-7b,Math,model.layers.30.self_attn.q_proj.weight,174,41571200.0,Math,41571200.0,1.0
Olmo-3-7b,Math,model.layers.30.self_attn.q_proj.weight,174,41571200.0,Code,21020302.0,1.9776690173147846
Olmo-3-7b,Math,model.layers.30.self_attn.q_proj.weight,174,41571200.0,IF,31058000.0,1.3385021572541695
Olmo-3-7b,Math,model.layers.30.self_attn.v_proj.weight,175,11479724.0,Math,11479724.0,1.0
Olmo-3-7b,Math,model.layers.30.self_attn.v_proj.weight,175,11479724.0,Code,4871105.0,2.3566981208575877
Olmo-3-7b,Math,model.layers.30.self_attn.v_proj.weight,175,11479724.0,IF,17237436.0,0.6659763087735322
Olmo-3-7b,Math,model.layers.31.mlp.down_proj.weight,176,143990704.0,Math,143990704.0,1.0
Olmo-3-7b,Math,model.layers.31.mlp.down_proj.weight,176,143990704.0,Code,319813568.0,0.45023325589488433
Olmo-3-7b,Math,model.layers.31.mlp.down_proj.weight,176,143990704.0,IF,342507680.0,0.42040138778785924
Olmo-3-7b,Math,model.layers.31.mlp.gate_proj.weight,177,32168244.0,Math,32168244.0,1.0
Olmo-3-7b,Math,model.layers.31.mlp.gate_proj.weight,177,32168244.0,Code,21369032.0,1.5053673933381728
Olmo-3-7b,Math,model.layers.31.mlp.gate_proj.weight,177,32168244.0,IF,47575868.0,0.6761462344733259
Olmo-3-7b,Math,model.layers.31.mlp.up_proj.weight,178,29928416.0,Math,29928416.0,1.0
Olmo-3-7b,Math,model.layers.31.mlp.up_proj.weight,178,29928416.0,Code,20576992.0,1.454460204873482
Olmo-3-7b,Math,model.layers.31.mlp.up_proj.weight,178,29928416.0,IF,53696672.0,0.5573607243294333
Olmo-3-7b,Math,model.layers.31.self_attn.k_proj.weight,179,33467014.0,Math,33467014.0,1.0
Olmo-3-7b,Math,model.layers.31.self_attn.k_proj.weight,179,33467014.0,Code,39426424.0,0.8488473111332643
Olmo-3-7b,Math,model.layers.31.self_attn.k_proj.weight,179,33467014.0,IF,55780376.0,0.5999782790994453
Olmo-3-7b,Math,model.layers.31.self_attn.o_proj.weight,180,2724813.0,Math,2724813.0,1.0
Olmo-3-7b,Math,model.layers.31.self_attn.o_proj.weight,180,2724813.0,Code,1829187.25,1.4896304355937315
Olmo-3-7b,Math,model.layers.31.self_attn.o_proj.weight,180,2724813.0,IF,5604190.5,0.4862099173823588
Olmo-3-7b,Math,model.layers.31.self_attn.q_proj.weight,181,28124622.0,Math,28124622.0,1.0
Olmo-3-7b,Math,model.layers.31.self_attn.q_proj.weight,181,28124622.0,Code,35587260.0,0.7903002928576125
Olmo-3-7b,Math,model.layers.31.self_attn.q_proj.weight,181,28124622.0,IF,41495136.0,0.6777811741597859
Olmo-3-7b,Math,model.layers.31.self_attn.v_proj.weight,182,11375632.0,Math,11375632.0,1.0
Olmo-3-7b,Math,model.layers.31.self_attn.v_proj.weight,182,11375632.0,Code,7783786.5,1.461452212236294
Olmo-3-7b,Math,model.layers.31.self_attn.v_proj.weight,182,11375632.0,IF,30075044.0,0.3782415746424178
Olmo-3-7b,Math,model.layers.4.mlp.down_proj.weight,183,7992.28955078125,Math,7992.28955078125,1.0
Olmo-3-7b,Math,model.layers.4.mlp.down_proj.weight,183,7992.28955078125,Code,4924.13818359375,1.6230839291655077
Olmo-3-7b,Math,model.layers.4.mlp.down_proj.weight,183,7992.28955078125,IF,5211.3935546875,1.5336184970318378
Olmo-3-7b,Math,model.layers.4.mlp.gate_proj.weight,184,560599.5625,Math,560599.5625,1.0
Olmo-3-7b,Math,model.layers.4.mlp.gate_proj.weight,184,560599.5625,Code,271513.0625,2.0647240959171165
Olmo-3-7b,Math,model.layers.4.mlp.gate_proj.weight,184,560599.5625,IF,192158.828125,2.9173760475648196
Olmo-3-7b,Math,model.layers.4.mlp.up_proj.weight,185,497918.4375,Math,497918.4375,1.0
Olmo-3-7b,Math,model.layers.4.mlp.up_proj.weight,185,497918.4375,Code,237234.796875,2.0988423454690555
Olmo-3-7b,Math,model.layers.4.mlp.up_proj.weight,185,497918.4375,IF,172773.125,2.881920654615699
Olmo-3-7b,Math,model.layers.4.self_attn.k_proj.weight,186,1343460.25,Math,1343460.25,1.0
Olmo-3-7b,Math,model.layers.4.self_attn.k_proj.weight,186,1343460.25,Code,818479.8125,1.6414091459341889
Olmo-3-7b,Math,model.layers.4.self_attn.k_proj.weight,186,1343460.25,IF,633587.6875,2.120401447984262
Olmo-3-7b,Math,model.layers.4.self_attn.o_proj.weight,187,127763.40625,Math,127763.40625,1.0
Olmo-3-7b,Math,model.layers.4.self_attn.o_proj.weight,187,127763.40625,Code,78408.890625,1.6294505027630597
Olmo-3-7b,Math,model.layers.4.self_attn.o_proj.weight,187,127763.40625,IF,49786.3671875,2.566232755421406
Olmo-3-7b,Math,model.layers.4.self_attn.q_proj.weight,188,1263908.125,Math,1263908.125,1.0
Olmo-3-7b,Math,model.layers.4.self_attn.q_proj.weight,188,1263908.125,Code,727544.5,1.7372244927973477
Olmo-3-7b,Math,model.layers.4.self_attn.q_proj.weight,188,1263908.125,IF,581978.8125,2.1717425065195135
Olmo-3-7b,Math,model.layers.4.self_attn.v_proj.weight,189,422348.90625,Math,422348.90625,1.0
Olmo-3-7b,Math,model.layers.4.self_attn.v_proj.weight,189,422348.90625,Code,225113.046875,1.8761636080760813
Olmo-3-7b,Math,model.layers.4.self_attn.v_proj.weight,189,422348.90625,IF,196871.953125,2.1452974867468186
Olmo-3-7b,Math,model.layers.5.mlp.down_proj.weight,190,10532.841796875,Math,10532.841796875,1.0
Olmo-3-7b,Math,model.layers.5.mlp.down_proj.weight,190,10532.841796875,Code,6643.04248046875,1.5855448505474221
Olmo-3-7b,Math,model.layers.5.mlp.down_proj.weight,190,10532.841796875,IF,6045.34423828125,1.7423063735853674
Olmo-3-7b,Math,model.layers.5.mlp.gate_proj.weight,191,661253.1875,Math,661253.1875,1.0
Olmo-3-7b,Math,model.layers.5.mlp.gate_proj.weight,191,661253.1875,Code,330918.5,1.9982357816199456
Olmo-3-7b,Math,model.layers.5.mlp.gate_proj.weight,191,661253.1875,IF,188285.796875,3.5119653127048966
Olmo-3-7b,Math,model.layers.5.mlp.up_proj.weight,192,605617.25,Math,605617.25,1.0
Olmo-3-7b,Math,model.layers.5.mlp.up_proj.weight,192,605617.25,Code,292439.34375,2.0709157743074713
Olmo-3-7b,Math,model.layers.5.mlp.up_proj.weight,192,605617.25,IF,178248.484375,3.397601119153976
Olmo-3-7b,Math,model.layers.5.self_attn.k_proj.weight,193,1809797.5,Math,1809797.5,1.0
Olmo-3-7b,Math,model.layers.5.self_attn.k_proj.weight,193,1809797.5,Code,896232.5625,2.0193391489276533
Olmo-3-7b,Math,model.layers.5.self_attn.k_proj.weight,193,1809797.5,IF,629352.5,2.875649973583961
Olmo-3-7b,Math,model.layers.5.self_attn.o_proj.weight,194,121535.1640625,Math,121535.1640625,1.0
Olmo-3-7b,Math,model.layers.5.self_attn.o_proj.weight,194,121535.1640625,Code,77695.65625,1.564246573469157
Olmo-3-7b,Math,model.layers.5.self_attn.o_proj.weight,194,121535.1640625,IF,50527.49609375,2.4053272665045693
Olmo-3-7b,Math,model.layers.5.self_attn.q_proj.weight,195,1706635.25,Math,1706635.25,1.0
Olmo-3-7b,Math,model.layers.5.self_attn.q_proj.weight,195,1706635.25,Code,820491.5,2.080015758846984
Olmo-3-7b,Math,model.layers.5.self_attn.q_proj.weight,195,1706635.25,IF,656764.1875,2.598551021023813
Olmo-3-7b,Math,model.layers.5.self_attn.v_proj.weight,196,587666.5,Math,587666.5,1.0
Olmo-3-7b,Math,model.layers.5.self_attn.v_proj.weight,196,587666.5,Code,281826.0,2.085210378034674
Olmo-3-7b,Math,model.layers.5.self_attn.v_proj.weight,196,587666.5,IF,237666.65625,2.472650178499745
Olmo-3-7b,Math,model.layers.6.mlp.down_proj.weight,197,22837.1171875,Math,22837.1171875,1.0
Olmo-3-7b,Math,model.layers.6.mlp.down_proj.weight,197,22837.1171875,Code,11335.9306640625,2.0145780584119923
Olmo-3-7b,Math,model.layers.6.mlp.down_proj.weight,197,22837.1171875,IF,8094.08984375,2.821455855859334
Olmo-3-7b,Math,model.layers.6.mlp.gate_proj.weight,198,1005441.8125,Math,1005441.8125,1.0
Olmo-3-7b,Math,model.layers.6.mlp.gate_proj.weight,198,1005441.8125,Code,477261.96875,2.106687476342101
Olmo-3-7b,Math,model.layers.6.mlp.gate_proj.weight,198,1005441.8125,IF,225089.78125,4.466847881393994
Olmo-3-7b,Math,model.layers.6.mlp.up_proj.weight,199,932410.625,Math,932410.625,1.0
Olmo-3-7b,Math,model.layers.6.mlp.up_proj.weight,199,932410.625,Code,424661.4375,2.1956564516174133
Olmo-3-7b,Math,model.layers.6.mlp.up_proj.weight,199,932410.625,IF,210800.5,4.423189816912199
Olmo-3-7b,Math,model.layers.6.self_attn.k_proj.weight,200,2701422.75,Math,2701422.75,1.0
Olmo-3-7b,Math,model.layers.6.self_attn.k_proj.weight,200,2701422.75,Code,1423382.25,1.8978898676023255
Olmo-3-7b,Math,model.layers.6.self_attn.k_proj.weight,200,2701422.75,IF,1190595.25,2.268968190491269
Olmo-3-7b,Math,model.layers.6.self_attn.o_proj.weight,201,252149.65625,Math,252149.65625,1.0
Olmo-3-7b,Math,model.layers.6.self_attn.o_proj.weight,201,252149.65625,Code,155397.59375,1.6226097854233987
Olmo-3-7b,Math,model.layers.6.self_attn.o_proj.weight,201,252149.65625,IF,96679.484375,2.6080988937835343
Olmo-3-7b,Math,model.layers.6.self_attn.q_proj.weight,202,2462636.25,Math,2462636.25,1.0
Olmo-3-7b,Math,model.layers.6.self_attn.q_proj.weight,202,2462636.25,Code,1189750.25,2.069876640076352
Olmo-3-7b,Math,model.layers.6.self_attn.q_proj.weight,202,2462636.25,IF,874877.4375,2.81483570663005
Olmo-3-7b,Math,model.layers.6.self_attn.v_proj.weight,203,1030707.9375,Math,1030707.9375,1.0
Olmo-3-7b,Math,model.layers.6.self_attn.v_proj.weight,203,1030707.9375,Code,454544.8125,2.26756066542944
Olmo-3-7b,Math,model.layers.6.self_attn.v_proj.weight,203,1030707.9375,IF,346541.59375,2.9742690519383
Olmo-3-7b,Math,model.layers.7.mlp.down_proj.weight,204,34677.73828125,Math,34677.73828125,1.0
Olmo-3-7b,Math,model.layers.7.mlp.down_proj.weight,204,34677.73828125,Code,17331.162109375,2.0008893842434063
Olmo-3-7b,Math,model.layers.7.mlp.down_proj.weight,204,34677.73828125,IF,11754.0498046875,2.950280019012729
Olmo-3-7b,Math,model.layers.7.mlp.gate_proj.weight,205,1266020.5,Math,1266020.5,1.0
Olmo-3-7b,Math,model.layers.7.mlp.gate_proj.weight,205,1266020.5,Code,604148.0,2.095546952071347
Olmo-3-7b,Math,model.layers.7.mlp.gate_proj.weight,205,1266020.5,IF,263989.96875,4.795714420493487
Olmo-3-7b,Math,model.layers.7.mlp.up_proj.weight,206,1159140.625,Math,1159140.625,1.0
Olmo-3-7b,Math,model.layers.7.mlp.up_proj.weight,206,1159140.625,Code,535984.5625,2.1626380797114844
Olmo-3-7b,Math,model.layers.7.mlp.up_proj.weight,206,1159140.625,IF,242598.703125,4.778016576629216
Olmo-3-7b,Math,model.layers.7.self_attn.k_proj.weight,207,1374018.875,Math,1374018.875,1.0
Olmo-3-7b,Math,model.layers.7.self_attn.k_proj.weight,207,1374018.875,Code,1020500.9375,1.3464160830327507
Olmo-3-7b,Math,model.layers.7.self_attn.k_proj.weight,207,1374018.875,IF,476110.09375,2.8859267909608355
Olmo-3-7b,Math,model.layers.7.self_attn.o_proj.weight,208,505148.0,Math,505148.0,1.0
Olmo-3-7b,Math,model.layers.7.self_attn.o_proj.weight,208,505148.0,Code,247581.203125,2.0403326004719284
Olmo-3-7b,Math,model.layers.7.self_attn.o_proj.weight,208,505148.0,IF,146353.171875,3.45156851422015
Olmo-3-7b,Math,model.layers.7.self_attn.q_proj.weight,209,602515.4375,Math,602515.4375,1.0
Olmo-3-7b,Math,model.layers.7.self_attn.q_proj.weight,209,602515.4375,Code,466076.5625,1.2927391891755982
Olmo-3-7b,Math,model.layers.7.self_attn.q_proj.weight,209,602515.4375,IF,287055.09375,2.0989540008815815
Olmo-3-7b,Math,model.layers.7.self_attn.v_proj.weight,210,1094501.125,Math,1094501.125,1.0
Olmo-3-7b,Math,model.layers.7.self_attn.v_proj.weight,210,1094501.125,Code,511015.1875,2.1418172136028737
Olmo-3-7b,Math,model.layers.7.self_attn.v_proj.weight,210,1094501.125,IF,340835.65625,3.2112283586820296
Olmo-3-7b,Math,model.layers.8.mlp.down_proj.weight,211,50756.08984375,Math,50756.08984375,1.0
Olmo-3-7b,Math,model.layers.8.mlp.down_proj.weight,211,50756.08984375,Code,22975.0390625,2.209184049945508
Olmo-3-7b,Math,model.layers.8.mlp.down_proj.weight,211,50756.08984375,IF,12940.419921875,3.9222907873298523
Olmo-3-7b,Math,model.layers.8.mlp.gate_proj.weight,212,1554928.75,Math,1554928.75,1.0
Olmo-3-7b,Math,model.layers.8.mlp.gate_proj.weight,212,1554928.75,Code,783664.5625,1.9841764249739187
Olmo-3-7b,Math,model.layers.8.mlp.gate_proj.weight,212,1554928.75,IF,283936.8125,5.476319665312859
Olmo-3-7b,Math,model.layers.8.mlp.up_proj.weight,213,1458909.875,Math,1458909.875,1.0
Olmo-3-7b,Math,model.layers.8.mlp.up_proj.weight,213,1458909.875,Code,726148.0,2.009108163900472
Olmo-3-7b,Math,model.layers.8.mlp.up_proj.weight,213,1458909.875,IF,270894.6875,5.385524125496186
Olmo-3-7b,Math,model.layers.8.self_attn.k_proj.weight,214,4132926.25,Math,4132926.25,1.0
Olmo-3-7b,Math,model.layers.8.self_attn.k_proj.weight,214,4132926.25,Code,2379916.0,1.7365849256864527
Olmo-3-7b,Math,model.layers.8.self_attn.k_proj.weight,214,4132926.25,IF,1809228.125,2.2843588339640695
Olmo-3-7b,Math,model.layers.8.self_attn.o_proj.weight,215,843554.875,Math,843554.875,1.0
Olmo-3-7b,Math,model.layers.8.self_attn.o_proj.weight,215,843554.875,Code,386670.90625,2.1815835155040193
Olmo-3-7b,Math,model.layers.8.self_attn.o_proj.weight,215,843554.875,IF,189972.703125,4.440400442399085
Olmo-3-7b,Math,model.layers.8.self_attn.q_proj.weight,216,4230921.5,Math,4230921.5,1.0
Olmo-3-7b,Math,model.layers.8.self_attn.q_proj.weight,216,4230921.5,Code,2396906.0,1.7651595431777467
Olmo-3-7b,Math,model.layers.8.self_attn.q_proj.weight,216,4230921.5,IF,1527228.5,2.7703264442747106
Olmo-3-7b,Math,model.layers.8.self_attn.v_proj.weight,217,1470228.875,Math,1470228.875,1.0
Olmo-3-7b,Math,model.layers.8.self_attn.v_proj.weight,217,1470228.875,Code,658761.9375,2.2318060460194697
Olmo-3-7b,Math,model.layers.8.self_attn.v_proj.weight,217,1470228.875,IF,444852.53125,3.3049803512835467
Olmo-3-7b,Math,model.layers.9.mlp.down_proj.weight,218,71436.75,Math,71436.75,1.0
Olmo-3-7b,Math,model.layers.9.mlp.down_proj.weight,218,71436.75,Code,36770.84765625,1.9427550506265738
Olmo-3-7b,Math,model.layers.9.mlp.down_proj.weight,218,71436.75,IF,15354.01953125,4.6526416001103135
Olmo-3-7b,Math,model.layers.9.mlp.gate_proj.weight,219,1894530.625,Math,1894530.625,1.0
Olmo-3-7b,Math,model.layers.9.mlp.gate_proj.weight,219,1894530.625,Code,975548.5625,1.942015700525416
Olmo-3-7b,Math,model.layers.9.mlp.gate_proj.weight,219,1894530.625,IF,301563.125,6.282368326697768
Olmo-3-7b,Math,model.layers.9.mlp.up_proj.weight,220,1760967.0,Math,1760967.0,1.0
Olmo-3-7b,Math,model.layers.9.mlp.up_proj.weight,220,1760967.0,Code,886181.875,1.9871394909763869
Olmo-3-7b,Math,model.layers.9.mlp.up_proj.weight,220,1760967.0,IF,285771.96875,6.1621404216189415
Olmo-3-7b,Math,model.layers.9.self_attn.k_proj.weight,221,5909682.0,Math,5909682.0,1.0
Olmo-3-7b,Math,model.layers.9.self_attn.k_proj.weight,221,5909682.0,Code,3253979.5,1.8161398988530812
Olmo-3-7b,Math,model.layers.9.self_attn.k_proj.weight,221,5909682.0,IF,1280615.25,4.614720931989526
Olmo-3-7b,Math,model.layers.9.self_attn.o_proj.weight,222,802018.4375,Math,802018.4375,1.0
Olmo-3-7b,Math,model.layers.9.self_attn.o_proj.weight,222,802018.4375,Code,382089.75,2.099031542981721
Olmo-3-7b,Math,model.layers.9.self_attn.o_proj.weight,222,802018.4375,IF,193301.65625,4.149051037942154
Olmo-3-7b,Math,model.layers.9.self_attn.q_proj.weight,223,5527087.0,Math,5527087.0,1.0
Olmo-3-7b,Math,model.layers.9.self_attn.q_proj.weight,223,5527087.0,Code,3161835.0,1.748063070969864
Olmo-3-7b,Math,model.layers.9.self_attn.q_proj.weight,223,5527087.0,IF,1378487.25,4.009530737407981
Olmo-3-7b,Math,model.layers.9.self_attn.v_proj.weight,224,1823140.125,Math,1823140.125,1.0
Olmo-3-7b,Math,model.layers.9.self_attn.v_proj.weight,224,1823140.125,Code,770223.3125,2.36702797151443
Olmo-3-7b,Math,model.layers.9.self_attn.v_proj.weight,224,1823140.125,IF,428535.25,4.2543527632791
Olmo-3-7b,Code,lm_head.weight,0,7707194.5,Math,38147836.0,0.20203490703902574
Olmo-3-7b,Code,lm_head.weight,0,7707194.5,Code,7707194.5,1.0
Olmo-3-7b,Code,lm_head.weight,0,7707194.5,IF,75108664.0,0.10261392081211829
Olmo-3-7b,Code,model.layers.0.mlp.down_proj.weight,1,7909.73291015625,Math,15437.0029296875,0.5123878609198639
Olmo-3-7b,Code,model.layers.0.mlp.down_proj.weight,1,7909.73291015625,Code,7909.73291015625,1.0
Olmo-3-7b,Code,model.layers.0.mlp.down_proj.weight,1,7909.73291015625,IF,6366.34765625,1.2424286792429677
Olmo-3-7b,Code,model.layers.0.mlp.gate_proj.weight,2,118163.2265625,Math,243298.703125,0.4856714197189579
Olmo-3-7b,Code,model.layers.0.mlp.gate_proj.weight,2,118163.2265625,Code,118163.2265625,1.0
Olmo-3-7b,Code,model.layers.0.mlp.gate_proj.weight,2,118163.2265625,IF,87401.421875,1.3519600027960073
Olmo-3-7b,Code,model.layers.0.mlp.up_proj.weight,3,109296.375,Math,244320.109375,0.4473490752750282
Olmo-3-7b,Code,model.layers.0.mlp.up_proj.weight,3,109296.375,Code,109296.375,1.0
Olmo-3-7b,Code,model.layers.0.mlp.up_proj.weight,3,109296.375,IF,86030.0546875,1.2704440953456764
Olmo-3-7b,Code,model.layers.0.self_attn.k_proj.weight,4,21130.572265625,Math,218881.40625,0.09653890948366017
Olmo-3-7b,Code,model.layers.0.self_attn.k_proj.weight,4,21130.572265625,Code,21130.572265625,1.0
Olmo-3-7b,Code,model.layers.0.self_attn.k_proj.weight,4,21130.572265625,IF,32525.412109375,0.6496634752718292
Olmo-3-7b,Code,model.layers.0.self_attn.o_proj.weight,5,133937.53125,Math,234287.09375,0.5716812185690446
Olmo-3-7b,Code,model.layers.0.self_attn.o_proj.weight,5,133937.53125,Code,133937.53125,1.0
Olmo-3-7b,Code,model.layers.0.self_attn.o_proj.weight,5,133937.53125,IF,99917.171875,1.3404856115979813
Olmo-3-7b,Code,model.layers.0.self_attn.q_proj.weight,6,209610.390625,Math,415434.6875,0.5045567857763442
Olmo-3-7b,Code,model.layers.0.self_attn.q_proj.weight,6,209610.390625,Code,209610.390625,1.0
Olmo-3-7b,Code,model.layers.0.self_attn.q_proj.weight,6,209610.390625,IF,165799.0625,1.2642435214312506
Olmo-3-7b,Code,model.layers.0.self_attn.v_proj.weight,7,25937.65625,Math,53639.05859375,0.4835591251972913
Olmo-3-7b,Code,model.layers.0.self_attn.v_proj.weight,7,25937.65625,Code,25937.65625,1.0
Olmo-3-7b,Code,model.layers.0.self_attn.v_proj.weight,7,25937.65625,IF,21390.49609375,1.2125785272263327
Olmo-3-7b,Code,model.layers.1.mlp.down_proj.weight,8,7734.30224609375,Math,19825.900390625,0.3901110211242179
Olmo-3-7b,Code,model.layers.1.mlp.down_proj.weight,8,7734.30224609375,Code,7734.30224609375,1.0
Olmo-3-7b,Code,model.layers.1.mlp.down_proj.weight,8,7734.30224609375,IF,8600.20703125,0.8993158208854892
Olmo-3-7b,Code,model.layers.1.mlp.gate_proj.weight,9,150149.8125,Math,312767.5,0.4800684613970441
Olmo-3-7b,Code,model.layers.1.mlp.gate_proj.weight,9,150149.8125,Code,150149.8125,1.0
Olmo-3-7b,Code,model.layers.1.mlp.gate_proj.weight,9,150149.8125,IF,141420.671875,1.0617246439948722
Olmo-3-7b,Code,model.layers.1.mlp.up_proj.weight,10,116150.78125,Math,256989.96875,0.4519662063657884
Olmo-3-7b,Code,model.layers.1.mlp.up_proj.weight,10,116150.78125,Code,116150.78125,1.0
Olmo-3-7b,Code,model.layers.1.mlp.up_proj.weight,10,116150.78125,IF,132010.234375,0.8798619425222122
Olmo-3-7b,Code,model.layers.1.self_attn.k_proj.weight,11,332251.40625,Math,678033.3125,0.49002224540405603
Olmo-3-7b,Code,model.layers.1.self_attn.k_proj.weight,11,332251.40625,Code,332251.40625,1.0
Olmo-3-7b,Code,model.layers.1.self_attn.k_proj.weight,11,332251.40625,IF,206807.75,1.6065713506868093
Olmo-3-7b,Code,model.layers.1.self_attn.o_proj.weight,12,65696.53125,Math,110354.3984375,0.5953231785972509
Olmo-3-7b,Code,model.layers.1.self_attn.o_proj.weight,12,65696.53125,Code,65696.53125,1.0
Olmo-3-7b,Code,model.layers.1.self_attn.o_proj.weight,12,65696.53125,IF,78311.1640625,0.8389165457631012
Olmo-3-7b,Code,model.layers.1.self_attn.q_proj.weight,13,417013.03125,Math,802179.0625,0.5198503061777432
Olmo-3-7b,Code,model.layers.1.self_attn.q_proj.weight,13,417013.03125,Code,417013.03125,1.0
Olmo-3-7b,Code,model.layers.1.self_attn.q_proj.weight,13,417013.03125,IF,436740.25,0.9548307746996069
Olmo-3-7b,Code,model.layers.1.self_attn.v_proj.weight,14,128941.90625,Math,316256.03125,0.4077136671207753
Olmo-3-7b,Code,model.layers.1.self_attn.v_proj.weight,14,128941.90625,Code,128941.90625,1.0
Olmo-3-7b,Code,model.layers.1.self_attn.v_proj.weight,14,128941.90625,IF,172281.859375,0.7484357709962752
Olmo-3-7b,Code,model.layers.10.mlp.down_proj.weight,15,58804.95703125,Math,104679.3984375,0.5617624662445893
Olmo-3-7b,Code,model.layers.10.mlp.down_proj.weight,15,58804.95703125,Code,58804.95703125,1.0
Olmo-3-7b,Code,model.layers.10.mlp.down_proj.weight,15,58804.95703125,IF,28801.3125,2.041745737498942
Olmo-3-7b,Code,model.layers.10.mlp.gate_proj.weight,16,1158271.25,Math,2222243.25,0.5212171304829029
Olmo-3-7b,Code,model.layers.10.mlp.gate_proj.weight,16,1158271.25,Code,1158271.25,1.0
Olmo-3-7b,Code,model.layers.10.mlp.gate_proj.weight,16,1158271.25,IF,408630.0625,2.8345228515829035
Olmo-3-7b,Code,model.layers.10.mlp.up_proj.weight,17,1048356.625,Math,2057094.625,0.5096297526906425
Olmo-3-7b,Code,model.layers.10.mlp.up_proj.weight,17,1048356.625,Code,1048356.625,1.0
Olmo-3-7b,Code,model.layers.10.mlp.up_proj.weight,17,1048356.625,IF,389400.875,2.692229761938773
Olmo-3-7b,Code,model.layers.10.self_attn.k_proj.weight,18,3317488.5,Math,5373233.5,0.6174100753298736
Olmo-3-7b,Code,model.layers.10.self_attn.k_proj.weight,18,3317488.5,Code,3317488.5,1.0
Olmo-3-7b,Code,model.layers.10.self_attn.k_proj.weight,18,3317488.5,IF,1408671.625,2.355047436978082
Olmo-3-7b,Code,model.layers.10.self_attn.o_proj.weight,19,360176.96875,Math,656412.625,0.5487051208833773
Olmo-3-7b,Code,model.layers.10.self_attn.o_proj.weight,19,360176.96875,Code,360176.96875,1.0
Olmo-3-7b,Code,model.layers.10.self_attn.o_proj.weight,19,360176.96875,IF,211787.015625,1.7006565189423426
Olmo-3-7b,Code,model.layers.10.self_attn.q_proj.weight,20,3232997.75,Math,5284957.0,0.6117358665359056
Olmo-3-7b,Code,model.layers.10.self_attn.q_proj.weight,20,3232997.75,Code,3232997.75,1.0
Olmo-3-7b,Code,model.layers.10.self_attn.q_proj.weight,20,3232997.75,IF,1198618.25,2.6972705863605864
Olmo-3-7b,Code,model.layers.10.self_attn.v_proj.weight,21,1254835.875,Math,2659324.0,0.47186272714419153
Olmo-3-7b,Code,model.layers.10.self_attn.v_proj.weight,21,1254835.875,Code,1254835.875,1.0
Olmo-3-7b,Code,model.layers.10.self_attn.v_proj.weight,21,1254835.875,IF,594076.0625,2.112247831901155
Olmo-3-7b,Code,model.layers.11.mlp.down_proj.weight,22,76408.2265625,Math,131686.546875,0.5802280367715049
Olmo-3-7b,Code,model.layers.11.mlp.down_proj.weight,22,76408.2265625,Code,76408.2265625,1.0
Olmo-3-7b,Code,model.layers.11.mlp.down_proj.weight,22,76408.2265625,IF,35809.390625,2.1337483053720634
Olmo-3-7b,Code,model.layers.11.mlp.gate_proj.weight,23,1291057.75,Math,2498035.75,0.5168291726809754
Olmo-3-7b,Code,model.layers.11.mlp.gate_proj.weight,23,1291057.75,Code,1291057.75,1.0
Olmo-3-7b,Code,model.layers.11.mlp.gate_proj.weight,23,1291057.75,IF,454631.96875,2.8397865498762287
Olmo-3-7b,Code,model.layers.11.mlp.up_proj.weight,24,1226115.375,Math,2416040.75,0.507489525994129
Olmo-3-7b,Code,model.layers.11.mlp.up_proj.weight,24,1226115.375,Code,1226115.375,1.0
Olmo-3-7b,Code,model.layers.11.mlp.up_proj.weight,24,1226115.375,IF,445419.875,2.752718151609198
Olmo-3-7b,Code,model.layers.11.self_attn.k_proj.weight,25,3516636.75,Math,4653701.5,0.7556644425947818
Olmo-3-7b,Code,model.layers.11.self_attn.k_proj.weight,25,3516636.75,Code,3516636.75,1.0
Olmo-3-7b,Code,model.layers.11.self_attn.k_proj.weight,25,3516636.75,IF,744767.9375,4.721788590691043
Olmo-3-7b,Code,model.layers.11.self_attn.o_proj.weight,26,872576.6875,Math,1681937.0,0.5187927297514711
Olmo-3-7b,Code,model.layers.11.self_attn.o_proj.weight,26,872576.6875,Code,872576.6875,1.0
Olmo-3-7b,Code,model.layers.11.self_attn.o_proj.weight,26,872576.6875,IF,399540.8125,2.183948823751266
Olmo-3-7b,Code,model.layers.11.self_attn.q_proj.weight,27,1576410.75,Math,1796959.875,0.877265414732758
Olmo-3-7b,Code,model.layers.11.self_attn.q_proj.weight,27,1576410.75,Code,1576410.75,1.0
Olmo-3-7b,Code,model.layers.11.self_attn.q_proj.weight,27,1576410.75,IF,618925.125,2.5470136634055693
Olmo-3-7b,Code,model.layers.11.self_attn.v_proj.weight,28,1386090.5,Math,2578852.75,0.5374833828724808
Olmo-3-7b,Code,model.layers.11.self_attn.v_proj.weight,28,1386090.5,Code,1386090.5,1.0
Olmo-3-7b,Code,model.layers.11.self_attn.v_proj.weight,28,1386090.5,IF,678444.4375,2.0430420287733586
Olmo-3-7b,Code,model.layers.12.mlp.down_proj.weight,29,110893.1328125,Math,207354.703125,0.5347992167105566
Olmo-3-7b,Code,model.layers.12.mlp.down_proj.weight,29,110893.1328125,Code,110893.1328125,1.0
Olmo-3-7b,Code,model.layers.12.mlp.down_proj.weight,29,110893.1328125,IF,46085.640625,2.4062404538289957
Olmo-3-7b,Code,model.layers.12.mlp.gate_proj.weight,30,1504171.75,Math,3005362.0,0.5004960300955426
Olmo-3-7b,Code,model.layers.12.mlp.gate_proj.weight,30,1504171.75,Code,1504171.75,1.0
Olmo-3-7b,Code,model.layers.12.mlp.gate_proj.weight,30,1504171.75,IF,517599.9375,2.906050872542851
Olmo-3-7b,Code,model.layers.12.mlp.up_proj.weight,31,1438010.5,Math,2833708.5,0.5074659231886414
Olmo-3-7b,Code,model.layers.12.mlp.up_proj.weight,31,1438010.5,Code,1438010.5,1.0
Olmo-3-7b,Code,model.layers.12.mlp.up_proj.weight,31,1438010.5,IF,495672.34375,2.9011311971145255
Olmo-3-7b,Code,model.layers.12.self_attn.k_proj.weight,32,4410171.5,Math,6120983.0,0.7205005307154096
Olmo-3-7b,Code,model.layers.12.self_attn.k_proj.weight,32,4410171.5,Code,4410171.5,1.0
Olmo-3-7b,Code,model.layers.12.self_attn.k_proj.weight,32,4410171.5,IF,1867350.125,2.3617271560147297
Olmo-3-7b,Code,model.layers.12.self_attn.o_proj.weight,33,885381.3125,Math,1731320.875,0.5113906528158739
Olmo-3-7b,Code,model.layers.12.self_attn.o_proj.weight,33,885381.3125,Code,885381.3125,1.0
Olmo-3-7b,Code,model.layers.12.self_attn.o_proj.weight,33,885381.3125,IF,418153.5625,2.1173592476567746
Olmo-3-7b,Code,model.layers.12.self_attn.q_proj.weight,34,5086957.5,Math,8333368.0,0.61043236060138
Olmo-3-7b,Code,model.layers.12.self_attn.q_proj.weight,34,5086957.5,Code,5086957.5,1.0
Olmo-3-7b,Code,model.layers.12.self_attn.q_proj.weight,34,5086957.5,IF,1933626.875,2.6307854766447636
Olmo-3-7b,Code,model.layers.12.self_attn.v_proj.weight,35,1732334.375,Math,3260759.5,0.5312671403702113
Olmo-3-7b,Code,model.layers.12.self_attn.v_proj.weight,35,1732334.375,Code,1732334.375,1.0
Olmo-3-7b,Code,model.layers.12.self_attn.v_proj.weight,35,1732334.375,IF,807837.9375,2.1444082960018203
Olmo-3-7b,Code,model.layers.13.mlp.down_proj.weight,36,171165.140625,Math,355030.6875,0.48211365003482975
Olmo-3-7b,Code,model.layers.13.mlp.down_proj.weight,36,171165.140625,Code,171165.140625,1.0
Olmo-3-7b,Code,model.layers.13.mlp.down_proj.weight,36,171165.140625,IF,74546.2109375,2.296094442258184
Olmo-3-7b,Code,model.layers.13.mlp.gate_proj.weight,37,1724189.75,Math,3424778.0,0.5034456977941344
Olmo-3-7b,Code,model.layers.13.mlp.gate_proj.weight,37,1724189.75,Code,1724189.75,1.0
Olmo-3-7b,Code,model.layers.13.mlp.gate_proj.weight,37,1724189.75,IF,588832.0,2.928152257350144
Olmo-3-7b,Code,model.layers.13.mlp.up_proj.weight,38,1631778.25,Math,3220530.5,0.5066799553676017
Olmo-3-7b,Code,model.layers.13.mlp.up_proj.weight,38,1631778.25,Code,1631778.25,1.0
Olmo-3-7b,Code,model.layers.13.mlp.up_proj.weight,38,1631778.25,IF,580363.125,2.811650464525981
Olmo-3-7b,Code,model.layers.13.self_attn.k_proj.weight,39,6576148.5,Math,10326212.0,0.6368403534616566
Olmo-3-7b,Code,model.layers.13.self_attn.k_proj.weight,39,6576148.5,Code,6576148.5,1.0
Olmo-3-7b,Code,model.layers.13.self_attn.k_proj.weight,39,6576148.5,IF,2302765.75,2.8557609474606784
Olmo-3-7b,Code,model.layers.13.self_attn.o_proj.weight,40,711958.8125,Math,1274222.375,0.5587398451545791
Olmo-3-7b,Code,model.layers.13.self_attn.o_proj.weight,40,711958.8125,Code,711958.8125,1.0
Olmo-3-7b,Code,model.layers.13.self_attn.o_proj.weight,40,711958.8125,IF,346003.78125,2.057661942097634
Olmo-3-7b,Code,model.layers.13.self_attn.q_proj.weight,41,6458345.0,Math,11477184.0,0.5627116372796672
Olmo-3-7b,Code,model.layers.13.self_attn.q_proj.weight,41,6458345.0,Code,6458345.0,1.0
Olmo-3-7b,Code,model.layers.13.self_attn.q_proj.weight,41,6458345.0,IF,2338587.25,2.7616438086712396
Olmo-3-7b,Code,model.layers.13.self_attn.v_proj.weight,42,1692098.25,Math,3436390.75,0.49240565846593554
Olmo-3-7b,Code,model.layers.13.self_attn.v_proj.weight,42,1692098.25,Code,1692098.25,1.0
Olmo-3-7b,Code,model.layers.13.self_attn.v_proj.weight,42,1692098.25,IF,940198.9375,1.7997236356162123
Olmo-3-7b,Code,model.layers.14.mlp.down_proj.weight,43,340018.59375,Math,588808.3125,0.5774690786995301
Olmo-3-7b,Code,model.layers.14.mlp.down_proj.weight,43,340018.59375,Code,340018.59375,1.0
Olmo-3-7b,Code,model.layers.14.mlp.down_proj.weight,43,340018.59375,IF,124272.9375,2.736063060793103
Olmo-3-7b,Code,model.layers.14.mlp.gate_proj.weight,44,2194920.25,Math,4695231.5,0.4674786003629427
Olmo-3-7b,Code,model.layers.14.mlp.gate_proj.weight,44,2194920.25,Code,2194920.25,1.0
Olmo-3-7b,Code,model.layers.14.mlp.gate_proj.weight,44,2194920.25,IF,743468.5625,2.9522704263638584
Olmo-3-7b,Code,model.layers.14.mlp.up_proj.weight,45,2126712.25,Math,4476840.0,0.47504763404544276
Olmo-3-7b,Code,model.layers.14.mlp.up_proj.weight,45,2126712.25,Code,2126712.25,1.0
Olmo-3-7b,Code,model.layers.14.mlp.up_proj.weight,45,2126712.25,IF,715928.8125,2.9705638505783702
Olmo-3-7b,Code,model.layers.14.self_attn.k_proj.weight,46,6199712.5,Math,10957010.0,0.5658215608090164
Olmo-3-7b,Code,model.layers.14.self_attn.k_proj.weight,46,6199712.5,Code,6199712.5,1.0
Olmo-3-7b,Code,model.layers.14.self_attn.k_proj.weight,46,6199712.5,IF,2489667.75,2.4901766510812537
Olmo-3-7b,Code,model.layers.14.self_attn.o_proj.weight,47,517665.0625,Math,905926.0625,0.5714208740958924
Olmo-3-7b,Code,model.layers.14.self_attn.o_proj.weight,47,517665.0625,Code,517665.0625,1.0
Olmo-3-7b,Code,model.layers.14.self_attn.o_proj.weight,47,517665.0625,IF,298630.0625,1.7334660086340101
Olmo-3-7b,Code,model.layers.14.self_attn.q_proj.weight,48,6331116.0,Math,12478877.0,0.5073466146032211
Olmo-3-7b,Code,model.layers.14.self_attn.q_proj.weight,48,6331116.0,Code,6331116.0,1.0
Olmo-3-7b,Code,model.layers.14.self_attn.q_proj.weight,48,6331116.0,IF,2111381.75,2.9985652760331
Olmo-3-7b,Code,model.layers.14.self_attn.v_proj.weight,49,2204663.0,Math,5036515.5,0.43773577188435137
Olmo-3-7b,Code,model.layers.14.self_attn.v_proj.weight,49,2204663.0,Code,2204663.0,1.0
Olmo-3-7b,Code,model.layers.14.self_attn.v_proj.weight,49,2204663.0,IF,1121404.125,1.965984385869813
Olmo-3-7b,Code,model.layers.15.mlp.down_proj.weight,50,516889.65625,Math,957316.5625,0.5399359799021549
Olmo-3-7b,Code,model.layers.15.mlp.down_proj.weight,50,516889.65625,Code,516889.65625,1.0
Olmo-3-7b,Code,model.layers.15.mlp.down_proj.weight,50,516889.65625,IF,199701.53125,2.5883109308907715
Olmo-3-7b,Code,model.layers.15.mlp.gate_proj.weight,51,2600007.5,Math,5495493.0,0.47311633369381056
Olmo-3-7b,Code,model.layers.15.mlp.gate_proj.weight,51,2600007.5,Code,2600007.5,1.0
Olmo-3-7b,Code,model.layers.15.mlp.gate_proj.weight,51,2600007.5,IF,897880.6875,2.8957160301991682
Olmo-3-7b,Code,model.layers.15.mlp.up_proj.weight,52,2489439.75,Math,5286160.5,0.47093533198623083
Olmo-3-7b,Code,model.layers.15.mlp.up_proj.weight,52,2489439.75,Code,2489439.75,1.0
Olmo-3-7b,Code,model.layers.15.mlp.up_proj.weight,52,2489439.75,IF,871762.5,2.8556398675097863
Olmo-3-7b,Code,model.layers.15.self_attn.k_proj.weight,53,6498689.0,Math,9215671.0,0.7051780602844872
Olmo-3-7b,Code,model.layers.15.self_attn.k_proj.weight,53,6498689.0,Code,6498689.0,1.0
Olmo-3-7b,Code,model.layers.15.self_attn.k_proj.weight,53,6498689.0,IF,1564769.75,4.153127960199895
Olmo-3-7b,Code,model.layers.15.self_attn.o_proj.weight,54,1041921.9375,Math,1771893.5,0.5880274054281479
Olmo-3-7b,Code,model.layers.15.self_attn.o_proj.weight,54,1041921.9375,Code,1041921.9375,1.0
Olmo-3-7b,Code,model.layers.15.self_attn.o_proj.weight,54,1041921.9375,IF,575051.0625,1.8118772495964217
Olmo-3-7b,Code,model.layers.15.self_attn.q_proj.weight,55,6058517.5,Math,8478041.0,0.7146129040895178
Olmo-3-7b,Code,model.layers.15.self_attn.q_proj.weight,55,6058517.5,Code,6058517.5,1.0
Olmo-3-7b,Code,model.layers.15.self_attn.q_proj.weight,55,6058517.5,IF,1488432.0,4.070402611607383
Olmo-3-7b,Code,model.layers.15.self_attn.v_proj.weight,56,2501670.0,Math,5603064.0,0.44648249600575685
Olmo-3-7b,Code,model.layers.15.self_attn.v_proj.weight,56,2501670.0,Code,2501670.0,1.0
Olmo-3-7b,Code,model.layers.15.self_attn.v_proj.weight,56,2501670.0,IF,1543570.875,1.620703033801412
Olmo-3-7b,Code,model.layers.16.mlp.down_proj.weight,57,545900.75,Math,1229878.25,0.4438656834528133
Olmo-3-7b,Code,model.layers.16.mlp.down_proj.weight,57,545900.75,Code,545900.75,1.0
Olmo-3-7b,Code,model.layers.16.mlp.down_proj.weight,57,545900.75,IF,245307.234375,2.2253756657069643
Olmo-3-7b,Code,model.layers.16.mlp.gate_proj.weight,58,3068188.75,Math,7345556.0,0.4176931943613254
Olmo-3-7b,Code,model.layers.16.mlp.gate_proj.weight,58,3068188.75,Code,3068188.75,1.0
Olmo-3-7b,Code,model.layers.16.mlp.gate_proj.weight,58,3068188.75,IF,1145572.0,2.678302847834968
Olmo-3-7b,Code,model.layers.16.mlp.up_proj.weight,59,3031217.0,Math,7085781.0,0.4277886940056431
Olmo-3-7b,Code,model.layers.16.mlp.up_proj.weight,59,3031217.0,Code,3031217.0,1.0
Olmo-3-7b,Code,model.layers.16.mlp.up_proj.weight,59,3031217.0,IF,1113197.125,2.7229831374205173
Olmo-3-7b,Code,model.layers.16.self_attn.k_proj.weight,60,9823859.0,Math,19244330.0,0.5104806974313992
Olmo-3-7b,Code,model.layers.16.self_attn.k_proj.weight,60,9823859.0,Code,9823859.0,1.0
Olmo-3-7b,Code,model.layers.16.self_attn.k_proj.weight,60,9823859.0,IF,3930490.75,2.4993975625053944
Olmo-3-7b,Code,model.layers.16.self_attn.o_proj.weight,61,1111969.375,Math,2795248.0,0.39780705504484754
Olmo-3-7b,Code,model.layers.16.self_attn.o_proj.weight,61,1111969.375,Code,1111969.375,1.0
Olmo-3-7b,Code,model.layers.16.self_attn.o_proj.weight,61,1111969.375,IF,575883.5625,1.9308927140979129
Olmo-3-7b,Code,model.layers.16.self_attn.q_proj.weight,62,8920337.0,Math,16338089.0,0.5459841111160553
Olmo-3-7b,Code,model.layers.16.self_attn.q_proj.weight,62,8920337.0,Code,8920337.0,1.0
Olmo-3-7b,Code,model.layers.16.self_attn.q_proj.weight,62,8920337.0,IF,2562994.75,3.480435143302576
Olmo-3-7b,Code,model.layers.16.self_attn.v_proj.weight,63,3671120.0,Math,7760247.5,0.4730673860595297
Olmo-3-7b,Code,model.layers.16.self_attn.v_proj.weight,63,3671120.0,Code,3671120.0,1.0
Olmo-3-7b,Code,model.layers.16.self_attn.v_proj.weight,63,3671120.0,IF,1942861.625,1.8895426996763087
Olmo-3-7b,Code,model.layers.17.mlp.down_proj.weight,64,954722.25,Math,1939190.125,0.49233040004264667
Olmo-3-7b,Code,model.layers.17.mlp.down_proj.weight,64,954722.25,Code,954722.25,1.0
Olmo-3-7b,Code,model.layers.17.mlp.down_proj.weight,64,954722.25,IF,480898.65625,1.985287830589566
Olmo-3-7b,Code,model.layers.17.mlp.gate_proj.weight,65,3783386.75,Math,8645264.0,0.4376253576524673
Olmo-3-7b,Code,model.layers.17.mlp.gate_proj.weight,65,3783386.75,Code,3783386.75,1.0
Olmo-3-7b,Code,model.layers.17.mlp.gate_proj.weight,65,3783386.75,IF,1497510.375,2.526451110564092
Olmo-3-7b,Code,model.layers.17.mlp.up_proj.weight,66,3678151.0,Math,8425517.0,0.43654899752739207
Olmo-3-7b,Code,model.layers.17.mlp.up_proj.weight,66,3678151.0,Code,3678151.0,1.0
Olmo-3-7b,Code,model.layers.17.mlp.up_proj.weight,66,3678151.0,IF,1449552.0,2.537439843482676
Olmo-3-7b,Code,model.layers.17.self_attn.k_proj.weight,67,7839597.5,Math,22827712.0,0.34342458411951227
Olmo-3-7b,Code,model.layers.17.self_attn.k_proj.weight,67,7839597.5,Code,7839597.5,1.0
Olmo-3-7b,Code,model.layers.17.self_attn.k_proj.weight,67,7839597.5,IF,5046248.5,1.5535496319691746
Olmo-3-7b,Code,model.layers.17.self_attn.o_proj.weight,68,789881.25,Math,1898816.75,0.41598603446067134
Olmo-3-7b,Code,model.layers.17.self_attn.o_proj.weight,68,789881.25,Code,789881.25,1.0
Olmo-3-7b,Code,model.layers.17.self_attn.o_proj.weight,68,789881.25,IF,511725.15625,1.5435654087994624
Olmo-3-7b,Code,model.layers.17.self_attn.q_proj.weight,69,8818979.0,Math,23163426.0,0.38072861069860736
Olmo-3-7b,Code,model.layers.17.self_attn.q_proj.weight,69,8818979.0,Code,8818979.0,1.0
Olmo-3-7b,Code,model.layers.17.self_attn.q_proj.weight,69,8818979.0,IF,3833037.25,2.3007809277094817
Olmo-3-7b,Code,model.layers.17.self_attn.v_proj.weight,70,4468797.5,Math,11287028.0,0.395923311256072
Olmo-3-7b,Code,model.layers.17.self_attn.v_proj.weight,70,4468797.5,Code,4468797.5,1.0
Olmo-3-7b,Code,model.layers.17.self_attn.v_proj.weight,70,4468797.5,IF,2604783.5,1.7156118733092405
Olmo-3-7b,Code,model.layers.18.mlp.down_proj.weight,71,1266194.375,Math,2338849.75,0.5413748253815791
Olmo-3-7b,Code,model.layers.18.mlp.down_proj.weight,71,1266194.375,Code,1266194.375,1.0
Olmo-3-7b,Code,model.layers.18.mlp.down_proj.weight,71,1266194.375,IF,994592.875,1.2730780672443487
Olmo-3-7b,Code,model.layers.18.mlp.gate_proj.weight,72,4250972.5,Math,9806633.0,0.43347930936132717
Olmo-3-7b,Code,model.layers.18.mlp.gate_proj.weight,72,4250972.5,Code,4250972.5,1.0
Olmo-3-7b,Code,model.layers.18.mlp.gate_proj.weight,72,4250972.5,IF,2043625.125,2.080113641194346
Olmo-3-7b,Code,model.layers.18.mlp.up_proj.weight,73,4198319.5,Math,9832314.0,0.42699200818850985
Olmo-3-7b,Code,model.layers.18.mlp.up_proj.weight,73,4198319.5,Code,4198319.5,1.0
Olmo-3-7b,Code,model.layers.18.mlp.up_proj.weight,73,4198319.5,IF,1922763.875,2.1834815780486827
Olmo-3-7b,Code,model.layers.18.self_attn.k_proj.weight,74,7957039.5,Math,24805100.0,0.3207823995871817
Olmo-3-7b,Code,model.layers.18.self_attn.k_proj.weight,74,7957039.5,Code,7957039.5,1.0
Olmo-3-7b,Code,model.layers.18.self_attn.k_proj.weight,74,7957039.5,IF,7112111.5,1.11880128707206
Olmo-3-7b,Code,model.layers.18.self_attn.o_proj.weight,75,813589.8125,Math,1472623.0,0.5524766437166878
Olmo-3-7b,Code,model.layers.18.self_attn.o_proj.weight,75,813589.8125,Code,813589.8125,1.0
Olmo-3-7b,Code,model.layers.18.self_attn.o_proj.weight,75,813589.8125,IF,801824.9375,1.0146726229751366
Olmo-3-7b,Code,model.layers.18.self_attn.q_proj.weight,76,9528656.0,Math,26434096.0,0.36046838900789346
Olmo-3-7b,Code,model.layers.18.self_attn.q_proj.weight,76,9528656.0,Code,9528656.0,1.0
Olmo-3-7b,Code,model.layers.18.self_attn.q_proj.weight,76,9528656.0,IF,5391268.0,1.7674239158580134
Olmo-3-7b,Code,model.layers.18.self_attn.v_proj.weight,77,4783312.0,Math,11074564.0,0.4319187644768679
Olmo-3-7b,Code,model.layers.18.self_attn.v_proj.weight,77,4783312.0,Code,4783312.0,1.0
Olmo-3-7b,Code,model.layers.18.self_attn.v_proj.weight,77,4783312.0,IF,3823910.0,1.250895549319937
Olmo-3-7b,Code,model.layers.19.mlp.down_proj.weight,78,1700331.125,Math,4062355.0,0.41855798545425005
Olmo-3-7b,Code,model.layers.19.mlp.down_proj.weight,78,1700331.125,Code,1700331.125,1.0
Olmo-3-7b,Code,model.layers.19.mlp.down_proj.weight,78,1700331.125,IF,1565755.25,1.085949496257477
Olmo-3-7b,Code,model.layers.19.mlp.gate_proj.weight,79,4632135.5,Math,10773706.0,0.42994819981165255
Olmo-3-7b,Code,model.layers.19.mlp.gate_proj.weight,79,4632135.5,Code,4632135.5,1.0
Olmo-3-7b,Code,model.layers.19.mlp.gate_proj.weight,79,4632135.5,IF,2517167.0,1.840217792462717
Olmo-3-7b,Code,model.layers.19.mlp.up_proj.weight,80,4458433.5,Math,10531838.0,0.4233290998209429
Olmo-3-7b,Code,model.layers.19.mlp.up_proj.weight,80,4458433.5,Code,4458433.5,1.0
Olmo-3-7b,Code,model.layers.19.mlp.up_proj.weight,80,4458433.5,IF,2444579.25,1.8238040349888431
Olmo-3-7b,Code,model.layers.19.self_attn.k_proj.weight,81,13843624.0,Math,23057808.0,0.6003876864617833
Olmo-3-7b,Code,model.layers.19.self_attn.k_proj.weight,81,13843624.0,Code,13843624.0,1.0
Olmo-3-7b,Code,model.layers.19.self_attn.k_proj.weight,81,13843624.0,IF,7114034.5,1.945959637952276
Olmo-3-7b,Code,model.layers.19.self_attn.o_proj.weight,82,1372035.125,Math,2306209.75,0.5949307624772638
Olmo-3-7b,Code,model.layers.19.self_attn.o_proj.weight,82,1372035.125,Code,1372035.125,1.0
Olmo-3-7b,Code,model.layers.19.self_attn.o_proj.weight,82,1372035.125,IF,1607556.5,0.8534910748082571
Olmo-3-7b,Code,model.layers.19.self_attn.q_proj.weight,83,15672976.0,Math,30996184.0,0.5056421138808571
Olmo-3-7b,Code,model.layers.19.self_attn.q_proj.weight,83,15672976.0,Code,15672976.0,1.0
Olmo-3-7b,Code,model.layers.19.self_attn.q_proj.weight,83,15672976.0,IF,6953002.0,2.254130805657758
Olmo-3-7b,Code,model.layers.19.self_attn.v_proj.weight,84,4569469.0,Math,10780041.0,0.4238823395940702
Olmo-3-7b,Code,model.layers.19.self_attn.v_proj.weight,84,4569469.0,Code,4569469.0,1.0
Olmo-3-7b,Code,model.layers.19.self_attn.v_proj.weight,84,4569469.0,IF,4103901.25,1.1134451639156766
Olmo-3-7b,Code,model.layers.2.mlp.down_proj.weight,85,6727.1640625,Math,12442.3818359375,0.5406652963397925
Olmo-3-7b,Code,model.layers.2.mlp.down_proj.weight,85,6727.1640625,Code,6727.1640625,1.0
Olmo-3-7b,Code,model.layers.2.mlp.down_proj.weight,85,6727.1640625,IF,9315.111328125,0.7221775269812135
Olmo-3-7b,Code,model.layers.2.mlp.gate_proj.weight,86,186589.859375,Math,340439.90625,0.5480845692572212
Olmo-3-7b,Code,model.layers.2.mlp.gate_proj.weight,86,186589.859375,Code,186589.859375,1.0
Olmo-3-7b,Code,model.layers.2.mlp.gate_proj.weight,86,186589.859375,IF,158193.421875,1.1795045404760134
Olmo-3-7b,Code,model.layers.2.mlp.up_proj.weight,87,159517.0625,Math,334430.46875,0.47698124843775913
Olmo-3-7b,Code,model.layers.2.mlp.up_proj.weight,87,159517.0625,Code,159517.0625,1.0
Olmo-3-7b,Code,model.layers.2.mlp.up_proj.weight,87,159517.0625,IF,151147.609375,1.055372712539801
Olmo-3-7b,Code,model.layers.2.self_attn.k_proj.weight,88,487305.65625,Math,933209.8125,0.5221823106901804
Olmo-3-7b,Code,model.layers.2.self_attn.k_proj.weight,88,487305.65625,Code,487305.65625,1.0
Olmo-3-7b,Code,model.layers.2.self_attn.k_proj.weight,88,487305.65625,IF,421282.375,1.1567197802898828
Olmo-3-7b,Code,model.layers.2.self_attn.o_proj.weight,89,55179.84375,Math,96630.71875,0.5710383247045857
Olmo-3-7b,Code,model.layers.2.self_attn.o_proj.weight,89,55179.84375,Code,55179.84375,1.0
Olmo-3-7b,Code,model.layers.2.self_attn.o_proj.weight,89,55179.84375,IF,50961.49609375,1.0827751926373947
Olmo-3-7b,Code,model.layers.2.self_attn.q_proj.weight,90,473413.625,Math,944023.0,0.5014852657191615
Olmo-3-7b,Code,model.layers.2.self_attn.q_proj.weight,90,473413.625,Code,473413.625,1.0
Olmo-3-7b,Code,model.layers.2.self_attn.q_proj.weight,90,473413.625,IF,471244.75,1.0046024385417556
Olmo-3-7b,Code,model.layers.2.self_attn.v_proj.weight,91,159413.421875,Math,379192.375,0.4204024985338906
Olmo-3-7b,Code,model.layers.2.self_attn.v_proj.weight,91,159413.421875,Code,159413.421875,1.0
Olmo-3-7b,Code,model.layers.2.self_attn.v_proj.weight,91,159413.421875,IF,207380.65625,0.768699572841669
Olmo-3-7b,Code,model.layers.20.mlp.down_proj.weight,92,2072108.625,Math,3981361.5,0.5204522686523191
Olmo-3-7b,Code,model.layers.20.mlp.down_proj.weight,92,2072108.625,Code,2072108.625,1.0
Olmo-3-7b,Code,model.layers.20.mlp.down_proj.weight,92,2072108.625,IF,1831405.875,1.131430587444195
Olmo-3-7b,Code,model.layers.20.mlp.gate_proj.weight,93,5280976.5,Math,10942385.0,0.4826165867861531
Olmo-3-7b,Code,model.layers.20.mlp.gate_proj.weight,93,5280976.5,Code,5280976.5,1.0
Olmo-3-7b,Code,model.layers.20.mlp.gate_proj.weight,93,5280976.5,IF,3175123.75,1.6632348581689138
Olmo-3-7b,Code,model.layers.20.mlp.up_proj.weight,94,5100550.5,Math,11257306.0,0.4530880212370526
Olmo-3-7b,Code,model.layers.20.mlp.up_proj.weight,94,5100550.5,Code,5100550.5,1.0
Olmo-3-7b,Code,model.layers.20.mlp.up_proj.weight,94,5100550.5,IF,3042631.5,1.6763615639948513
Olmo-3-7b,Code,model.layers.20.self_attn.k_proj.weight,95,13698825.0,Math,35475688.0,0.3861468451295434
Olmo-3-7b,Code,model.layers.20.self_attn.k_proj.weight,95,13698825.0,Code,13698825.0,1.0
Olmo-3-7b,Code,model.layers.20.self_attn.k_proj.weight,95,13698825.0,IF,8540550.0,1.6039745683825983
Olmo-3-7b,Code,model.layers.20.self_attn.o_proj.weight,96,1165218.875,Math,2243606.5,0.5193508197627347
Olmo-3-7b,Code,model.layers.20.self_attn.o_proj.weight,96,1165218.875,Code,1165218.875,1.0
Olmo-3-7b,Code,model.layers.20.self_attn.o_proj.weight,96,1165218.875,IF,1227351.125,0.9493769560035235
Olmo-3-7b,Code,model.layers.20.self_attn.q_proj.weight,97,18031904.0,Math,34339340.0,0.5251092187560973
Olmo-3-7b,Code,model.layers.20.self_attn.q_proj.weight,97,18031904.0,Code,18031904.0,1.0
Olmo-3-7b,Code,model.layers.20.self_attn.q_proj.weight,97,18031904.0,IF,6903552.0,2.6119748210776135
Olmo-3-7b,Code,model.layers.20.self_attn.v_proj.weight,98,5359963.0,Math,12069305.0,0.44409872813720425
Olmo-3-7b,Code,model.layers.20.self_attn.v_proj.weight,98,5359963.0,Code,5359963.0,1.0
Olmo-3-7b,Code,model.layers.20.self_attn.v_proj.weight,98,5359963.0,IF,4823500.0,1.1112186171866902
Olmo-3-7b,Code,model.layers.21.mlp.down_proj.weight,99,2743342.0,Math,5839182.5,0.4698161086761717
Olmo-3-7b,Code,model.layers.21.mlp.down_proj.weight,99,2743342.0,Code,2743342.0,1.0
Olmo-3-7b,Code,model.layers.21.mlp.down_proj.weight,99,2743342.0,IF,2517118.25,1.0898741050405558
Olmo-3-7b,Code,model.layers.21.mlp.gate_proj.weight,100,5727704.5,Math,12063695.0,0.4747885701685926
Olmo-3-7b,Code,model.layers.21.mlp.gate_proj.weight,100,5727704.5,Code,5727704.5,1.0
Olmo-3-7b,Code,model.layers.21.mlp.gate_proj.weight,100,5727704.5,IF,3615410.0,1.5842475680489903
Olmo-3-7b,Code,model.layers.21.mlp.up_proj.weight,101,5494247.5,Math,12179426.0,0.4511089028333519
Olmo-3-7b,Code,model.layers.21.mlp.up_proj.weight,101,5494247.5,Code,5494247.5,1.0
Olmo-3-7b,Code,model.layers.21.mlp.up_proj.weight,101,5494247.5,IF,3471039.25,1.5828825617572604
Olmo-3-7b,Code,model.layers.21.self_attn.k_proj.weight,102,12987828.0,Math,30238642.0,0.4295109548901039
Olmo-3-7b,Code,model.layers.21.self_attn.k_proj.weight,102,12987828.0,Code,12987828.0,1.0
Olmo-3-7b,Code,model.layers.21.self_attn.k_proj.weight,102,12987828.0,IF,11603955.0,1.119258735491477
Olmo-3-7b,Code,model.layers.21.self_attn.o_proj.weight,103,580265.5625,Math,1380080.25,0.42045784112916623
Olmo-3-7b,Code,model.layers.21.self_attn.o_proj.weight,103,580265.5625,Code,580265.5625,1.0
Olmo-3-7b,Code,model.layers.21.self_attn.o_proj.weight,103,580265.5625,IF,829734.3125,0.6993389977469444
Olmo-3-7b,Code,model.layers.21.self_attn.q_proj.weight,104,15532178.0,Math,29883330.0,0.5197606157011283
Olmo-3-7b,Code,model.layers.21.self_attn.q_proj.weight,104,15532178.0,Code,15532178.0,1.0
Olmo-3-7b,Code,model.layers.21.self_attn.q_proj.weight,104,15532178.0,IF,9226015.0,1.683519699458542
Olmo-3-7b,Code,model.layers.21.self_attn.v_proj.weight,105,5199533.0,Math,14726149.0,0.3530816508783118
Olmo-3-7b,Code,model.layers.21.self_attn.v_proj.weight,105,5199533.0,Code,5199533.0,1.0
Olmo-3-7b,Code,model.layers.21.self_attn.v_proj.weight,105,5199533.0,IF,6433013.0,0.8082578101427744
Olmo-3-7b,Code,model.layers.22.mlp.down_proj.weight,106,5285329.5,Math,9347868.0,0.5654048067430991
Olmo-3-7b,Code,model.layers.22.mlp.down_proj.weight,106,5285329.5,Code,5285329.5,1.0
Olmo-3-7b,Code,model.layers.22.mlp.down_proj.weight,106,5285329.5,IF,6018746.5,0.8781445604994329
Olmo-3-7b,Code,model.layers.22.mlp.gate_proj.weight,107,6370122.5,Math,12317268.0,0.5171700818720515
Olmo-3-7b,Code,model.layers.22.mlp.gate_proj.weight,107,6370122.5,Code,6370122.5,1.0
Olmo-3-7b,Code,model.layers.22.mlp.gate_proj.weight,107,6370122.5,IF,4479227.5,1.4221475689725516
Olmo-3-7b,Code,model.layers.22.mlp.up_proj.weight,108,5929004.5,Math,12615685.0,0.4699708735593826
Olmo-3-7b,Code,model.layers.22.mlp.up_proj.weight,108,5929004.5,Code,5929004.5,1.0
Olmo-3-7b,Code,model.layers.22.mlp.up_proj.weight,108,5929004.5,IF,4307019.0,1.376591210765497
Olmo-3-7b,Code,model.layers.22.self_attn.k_proj.weight,109,16003072.0,Math,36929892.0,0.43333655023957285
Olmo-3-7b,Code,model.layers.22.self_attn.k_proj.weight,109,16003072.0,Code,16003072.0,1.0
Olmo-3-7b,Code,model.layers.22.self_attn.k_proj.weight,109,16003072.0,IF,10966739.0,1.4592370621750002
Olmo-3-7b,Code,model.layers.22.self_attn.o_proj.weight,110,1200960.875,Math,2659308.75,0.4516064089963228
Olmo-3-7b,Code,model.layers.22.self_attn.o_proj.weight,110,1200960.875,Code,1200960.875,1.0
Olmo-3-7b,Code,model.layers.22.self_attn.o_proj.weight,110,1200960.875,IF,1546947.375,0.7763424240595127
Olmo-3-7b,Code,model.layers.22.self_attn.q_proj.weight,111,20433962.0,Math,37964456.0,0.5382392941439751
Olmo-3-7b,Code,model.layers.22.self_attn.q_proj.weight,111,20433962.0,Code,20433962.0,1.0
Olmo-3-7b,Code,model.layers.22.self_attn.q_proj.weight,111,20433962.0,IF,9906741.0,2.062632100707993
Olmo-3-7b,Code,model.layers.22.self_attn.v_proj.weight,112,5250226.0,Math,14274340.0,0.3678086692624668
Olmo-3-7b,Code,model.layers.22.self_attn.v_proj.weight,112,5250226.0,Code,5250226.0,1.0
Olmo-3-7b,Code,model.layers.22.self_attn.v_proj.weight,112,5250226.0,IF,5735598.5,0.9153754398952437
Olmo-3-7b,Code,model.layers.23.mlp.down_proj.weight,113,6115850.0,Math,10833154.0,0.564549345463011
Olmo-3-7b,Code,model.layers.23.mlp.down_proj.weight,113,6115850.0,Code,6115850.0,1.0
Olmo-3-7b,Code,model.layers.23.mlp.down_proj.weight,113,6115850.0,IF,7224229.5,0.846574710839405
Olmo-3-7b,Code,model.layers.23.mlp.gate_proj.weight,114,6553974.5,Math,12805097.0,0.5118254473199226
Olmo-3-7b,Code,model.layers.23.mlp.gate_proj.weight,114,6553974.5,Code,6553974.5,1.0
Olmo-3-7b,Code,model.layers.23.mlp.gate_proj.weight,114,6553974.5,IF,5451016.0,1.202339985793474
Olmo-3-7b,Code,model.layers.23.mlp.up_proj.weight,115,6113998.0,Math,13034939.0,0.4690469207412478
Olmo-3-7b,Code,model.layers.23.mlp.up_proj.weight,115,6113998.0,Code,6113998.0,1.0
Olmo-3-7b,Code,model.layers.23.mlp.up_proj.weight,115,6113998.0,IF,5303675.5,1.1527850827223498
Olmo-3-7b,Code,model.layers.23.self_attn.k_proj.weight,116,18952484.0,Math,31956900.0,0.5930639079510215
Olmo-3-7b,Code,model.layers.23.self_attn.k_proj.weight,116,18952484.0,Code,18952484.0,1.0
Olmo-3-7b,Code,model.layers.23.self_attn.k_proj.weight,116,18952484.0,IF,7102794.5,2.668313717931724
Olmo-3-7b,Code,model.layers.23.self_attn.o_proj.weight,117,1165535.5,Math,2575035.5,0.45262890550440954
Olmo-3-7b,Code,model.layers.23.self_attn.o_proj.weight,117,1165535.5,Code,1165535.5,1.0
Olmo-3-7b,Code,model.layers.23.self_attn.o_proj.weight,117,1165535.5,IF,2082203.25,0.5597606765814048
Olmo-3-7b,Code,model.layers.23.self_attn.q_proj.weight,118,12797574.0,Math,25691502.0,0.49812478850010405
Olmo-3-7b,Code,model.layers.23.self_attn.q_proj.weight,118,12797574.0,Code,12797574.0,1.0
Olmo-3-7b,Code,model.layers.23.self_attn.q_proj.weight,118,12797574.0,IF,7902551.5,1.6194230433044314
Olmo-3-7b,Code,model.layers.23.self_attn.v_proj.weight,119,5160696.5,Math,13963820.0,0.3695762692443758
Olmo-3-7b,Code,model.layers.23.self_attn.v_proj.weight,119,5160696.5,Code,5160696.5,1.0
Olmo-3-7b,Code,model.layers.23.self_attn.v_proj.weight,119,5160696.5,IF,7301152.0,0.7068331819416991
Olmo-3-7b,Code,model.layers.24.mlp.down_proj.weight,120,10980373.0,Math,18422294.0,0.5960372253314381
Olmo-3-7b,Code,model.layers.24.mlp.down_proj.weight,120,10980373.0,Code,10980373.0,1.0
Olmo-3-7b,Code,model.layers.24.mlp.down_proj.weight,120,10980373.0,IF,15413720.0,0.7123765710029766
Olmo-3-7b,Code,model.layers.24.mlp.gate_proj.weight,121,7149437.0,Math,14004165.0,0.5105221910767261
Olmo-3-7b,Code,model.layers.24.mlp.gate_proj.weight,121,7149437.0,Code,7149437.0,1.0
Olmo-3-7b,Code,model.layers.24.mlp.gate_proj.weight,121,7149437.0,IF,6351538.0,1.1256229593525222
Olmo-3-7b,Code,model.layers.24.mlp.up_proj.weight,122,6694034.0,Math,13823094.0,0.48426452138718
Olmo-3-7b,Code,model.layers.24.mlp.up_proj.weight,122,6694034.0,Code,6694034.0,1.0
Olmo-3-7b,Code,model.layers.24.mlp.up_proj.weight,122,6694034.0,IF,6252662.5,1.0705893689288364
Olmo-3-7b,Code,model.layers.24.self_attn.k_proj.weight,123,18729258.0,Math,45804724.0,0.40889358922891883
Olmo-3-7b,Code,model.layers.24.self_attn.k_proj.weight,123,18729258.0,Code,18729258.0,1.0
Olmo-3-7b,Code,model.layers.24.self_attn.k_proj.weight,123,18729258.0,IF,16835832.0,1.1124640588003016
Olmo-3-7b,Code,model.layers.24.self_attn.o_proj.weight,124,575489.8125,Math,1356869.25,0.42413063196767115
Olmo-3-7b,Code,model.layers.24.self_attn.o_proj.weight,124,575489.8125,Code,575489.8125,1.0
Olmo-3-7b,Code,model.layers.24.self_attn.o_proj.weight,124,575489.8125,IF,1427262.125,0.40321241797122587
Olmo-3-7b,Code,model.layers.24.self_attn.q_proj.weight,125,19690194.0,Math,44240688.0,0.4450697963829134
Olmo-3-7b,Code,model.layers.24.self_attn.q_proj.weight,125,19690194.0,Code,19690194.0,1.0
Olmo-3-7b,Code,model.layers.24.self_attn.q_proj.weight,125,19690194.0,IF,15531323.0,1.2677731317544552
Olmo-3-7b,Code,model.layers.24.self_attn.v_proj.weight,126,5763625.5,Math,17997950.0,0.32023788820393434
Olmo-3-7b,Code,model.layers.24.self_attn.v_proj.weight,126,5763625.5,Code,5763625.5,1.0
Olmo-3-7b,Code,model.layers.24.self_attn.v_proj.weight,126,5763625.5,IF,8954377.0,0.643665717894165
Olmo-3-7b,Code,model.layers.25.mlp.down_proj.weight,127,30770790.0,Math,50449008.0,0.6099384550832001
Olmo-3-7b,Code,model.layers.25.mlp.down_proj.weight,127,30770790.0,Code,30770790.0,1.0
Olmo-3-7b,Code,model.layers.25.mlp.down_proj.weight,127,30770790.0,IF,55885928.0,0.550599964985819
Olmo-3-7b,Code,model.layers.25.mlp.gate_proj.weight,128,7572543.5,Math,15169607.0,0.4991918050348964
Olmo-3-7b,Code,model.layers.25.mlp.gate_proj.weight,128,7572543.5,Code,7572543.5,1.0
Olmo-3-7b,Code,model.layers.25.mlp.gate_proj.weight,128,7572543.5,IF,7762177.0,0.9755695470484633
Olmo-3-7b,Code,model.layers.25.mlp.up_proj.weight,129,7128507.0,Math,14809914.0,0.4813334500119312
Olmo-3-7b,Code,model.layers.25.mlp.up_proj.weight,129,7128507.0,Code,7128507.0,1.0
Olmo-3-7b,Code,model.layers.25.mlp.up_proj.weight,129,7128507.0,IF,7572312.5,0.9413910215670577
Olmo-3-7b,Code,model.layers.25.self_attn.k_proj.weight,130,16245597.0,Math,43991376.0,0.3692904945733
Olmo-3-7b,Code,model.layers.25.self_attn.k_proj.weight,130,16245597.0,Code,16245597.0,1.0
Olmo-3-7b,Code,model.layers.25.self_attn.k_proj.weight,130,16245597.0,IF,16524222.0,0.9831383892082786
Olmo-3-7b,Code,model.layers.25.self_attn.o_proj.weight,131,918537.3125,Math,2178318.0,0.42167273671704497
Olmo-3-7b,Code,model.layers.25.self_attn.o_proj.weight,131,918537.3125,Code,918537.3125,1.0
Olmo-3-7b,Code,model.layers.25.self_attn.o_proj.weight,131,918537.3125,IF,2484024.75,0.3697778423906606
Olmo-3-7b,Code,model.layers.25.self_attn.q_proj.weight,132,21148766.0,Math,48599588.0,0.43516348327891174
Olmo-3-7b,Code,model.layers.25.self_attn.q_proj.weight,132,21148766.0,Code,21148766.0,1.0
Olmo-3-7b,Code,model.layers.25.self_attn.q_proj.weight,132,21148766.0,IF,14766040.0,1.4322571251330756
Olmo-3-7b,Code,model.layers.25.self_attn.v_proj.weight,133,5461381.5,Math,15999690.0,0.3413429572697971
Olmo-3-7b,Code,model.layers.25.self_attn.v_proj.weight,133,5461381.5,Code,5461381.5,1.0
Olmo-3-7b,Code,model.layers.25.self_attn.v_proj.weight,133,5461381.5,IF,9833713.0,0.5553732857568652
Olmo-3-7b,Code,model.layers.26.mlp.down_proj.weight,134,49106212.0,Math,59672036.0,0.8229350847019867
Olmo-3-7b,Code,model.layers.26.mlp.down_proj.weight,134,49106212.0,Code,49106212.0,1.0
Olmo-3-7b,Code,model.layers.26.mlp.down_proj.weight,134,49106212.0,IF,90983600.0,0.5397259725928629
Olmo-3-7b,Code,model.layers.26.mlp.gate_proj.weight,135,8636712.0,Math,17332330.0,0.49830069009763833
Olmo-3-7b,Code,model.layers.26.mlp.gate_proj.weight,135,8636712.0,Code,8636712.0,1.0
Olmo-3-7b,Code,model.layers.26.mlp.gate_proj.weight,135,8636712.0,IF,8998441.0,0.9598009255158755
Olmo-3-7b,Code,model.layers.26.mlp.up_proj.weight,136,8221339.5,Math,17002758.0,0.48352976028947775
Olmo-3-7b,Code,model.layers.26.mlp.up_proj.weight,136,8221339.5,Code,8221339.5,1.0
Olmo-3-7b,Code,model.layers.26.mlp.up_proj.weight,136,8221339.5,IF,9051175.0,0.9083173731587335
Olmo-3-7b,Code,model.layers.26.self_attn.k_proj.weight,137,23508920.0,Math,43753000.0,0.5373098987498001
Olmo-3-7b,Code,model.layers.26.self_attn.k_proj.weight,137,23508920.0,Code,23508920.0,1.0
Olmo-3-7b,Code,model.layers.26.self_attn.k_proj.weight,137,23508920.0,IF,23426494.0,1.0035184949143479
Olmo-3-7b,Code,model.layers.26.self_attn.o_proj.weight,138,673294.375,Math,1550677.375,0.4341937180840083
Olmo-3-7b,Code,model.layers.26.self_attn.o_proj.weight,138,673294.375,Code,673294.375,1.0
Olmo-3-7b,Code,model.layers.26.self_attn.o_proj.weight,138,673294.375,IF,1953367.625,0.3446839019869596
Olmo-3-7b,Code,model.layers.26.self_attn.q_proj.weight,139,25478730.0,Math,41143732.0,0.6192615195918543
Olmo-3-7b,Code,model.layers.26.self_attn.q_proj.weight,139,25478730.0,Code,25478730.0,1.0
Olmo-3-7b,Code,model.layers.26.self_attn.q_proj.weight,139,25478730.0,IF,19181800.0,1.3282762827263344
Olmo-3-7b,Code,model.layers.26.self_attn.v_proj.weight,140,6724314.5,Math,17717596.0,0.3795274765267252
Olmo-3-7b,Code,model.layers.26.self_attn.v_proj.weight,140,6724314.5,Code,6724314.5,1.0
Olmo-3-7b,Code,model.layers.26.self_attn.v_proj.weight,140,6724314.5,IF,12710907.0,0.5290192509472377
Olmo-3-7b,Code,model.layers.27.mlp.down_proj.weight,141,62741500.0,Math,81458912.0,0.7702226614566127
Olmo-3-7b,Code,model.layers.27.mlp.down_proj.weight,141,62741500.0,Code,62741500.0,1.0
Olmo-3-7b,Code,model.layers.27.mlp.down_proj.weight,141,62741500.0,IF,138586240.0,0.45272532107083646
Olmo-3-7b,Code,model.layers.27.mlp.gate_proj.weight,142,8761735.0,Math,17897516.0,0.48955033759992167
Olmo-3-7b,Code,model.layers.27.mlp.gate_proj.weight,142,8761735.0,Code,8761735.0,1.0
Olmo-3-7b,Code,model.layers.27.mlp.gate_proj.weight,142,8761735.0,IF,10886327.0,0.8048384914397666
Olmo-3-7b,Code,model.layers.27.mlp.up_proj.weight,143,8289406.0,Math,17466054.0,0.47460096023978854
Olmo-3-7b,Code,model.layers.27.mlp.up_proj.weight,143,8289406.0,Code,8289406.0,1.0
Olmo-3-7b,Code,model.layers.27.mlp.up_proj.weight,143,8289406.0,IF,10815957.0,0.7664052288669417
Olmo-3-7b,Code,model.layers.27.self_attn.k_proj.weight,144,18374904.0,Math,36405132.0,0.5047338930126665
Olmo-3-7b,Code,model.layers.27.self_attn.k_proj.weight,144,18374904.0,Code,18374904.0,1.0
Olmo-3-7b,Code,model.layers.27.self_attn.k_proj.weight,144,18374904.0,IF,22930848.0,0.8013181195915651
Olmo-3-7b,Code,model.layers.27.self_attn.o_proj.weight,145,533715.125,Math,1374769.25,0.38822160518938
Olmo-3-7b,Code,model.layers.27.self_attn.o_proj.weight,145,533715.125,Code,533715.125,1.0
Olmo-3-7b,Code,model.layers.27.self_attn.o_proj.weight,145,533715.125,IF,2441591.25,0.21859315108538335
Olmo-3-7b,Code,model.layers.27.self_attn.q_proj.weight,146,20774662.0,Math,33301578.0,0.6238341618526305
Olmo-3-7b,Code,model.layers.27.self_attn.q_proj.weight,146,20774662.0,Code,20774662.0,1.0
Olmo-3-7b,Code,model.layers.27.self_attn.q_proj.weight,146,20774662.0,IF,15887502.0,1.3076103467996416
Olmo-3-7b,Code,model.layers.27.self_attn.v_proj.weight,147,5000394.0,Math,13205378.0,0.3786634506032315
Olmo-3-7b,Code,model.layers.27.self_attn.v_proj.weight,147,5000394.0,Code,5000394.0,1.0
Olmo-3-7b,Code,model.layers.27.self_attn.v_proj.weight,147,5000394.0,IF,13977167.0,0.3577544719899247
Olmo-3-7b,Code,model.layers.28.mlp.down_proj.weight,148,44716504.0,Math,54141272.0,0.825922671340267
Olmo-3-7b,Code,model.layers.28.mlp.down_proj.weight,148,44716504.0,Code,44716504.0,1.0
Olmo-3-7b,Code,model.layers.28.mlp.down_proj.weight,148,44716504.0,IF,120381752.0,0.3714558332728037
Olmo-3-7b,Code,model.layers.28.mlp.gate_proj.weight,149,8753785.0,Math,19044718.0,0.4596437185365517
Olmo-3-7b,Code,model.layers.28.mlp.gate_proj.weight,149,8753785.0,Code,8753785.0,1.0
Olmo-3-7b,Code,model.layers.28.mlp.gate_proj.weight,149,8753785.0,IF,12414154.0,0.7051455137418143
Olmo-3-7b,Code,model.layers.28.mlp.up_proj.weight,150,7998975.5,Math,18597028.0,0.43012117312508213
Olmo-3-7b,Code,model.layers.28.mlp.up_proj.weight,150,7998975.5,Code,7998975.5,1.0
Olmo-3-7b,Code,model.layers.28.mlp.up_proj.weight,150,7998975.5,IF,12645406.0,0.6325598007687535
Olmo-3-7b,Code,model.layers.28.self_attn.k_proj.weight,151,24019300.0,Math,27654310.0,0.8685553897385254
Olmo-3-7b,Code,model.layers.28.self_attn.k_proj.weight,151,24019300.0,Code,24019300.0,1.0
Olmo-3-7b,Code,model.layers.28.self_attn.k_proj.weight,151,24019300.0,IF,18027860.0,1.3323433840733176
Olmo-3-7b,Code,model.layers.28.self_attn.o_proj.weight,152,770048.4375,Math,1761066.125,0.43726264821543825
Olmo-3-7b,Code,model.layers.28.self_attn.o_proj.weight,152,770048.4375,Code,770048.4375,1.0
Olmo-3-7b,Code,model.layers.28.self_attn.o_proj.weight,152,770048.4375,IF,2777221.25,0.2772729891433749
Olmo-3-7b,Code,model.layers.28.self_attn.q_proj.weight,153,26732982.0,Math,40855096.0,0.6543365361324814
Olmo-3-7b,Code,model.layers.28.self_attn.q_proj.weight,153,26732982.0,Code,26732982.0,1.0
Olmo-3-7b,Code,model.layers.28.self_attn.q_proj.weight,153,26732982.0,IF,17374964.0,1.5385920799605686
Olmo-3-7b,Code,model.layers.28.self_attn.v_proj.weight,154,5686460.5,Math,12293795.0,0.4625472036909677
Olmo-3-7b,Code,model.layers.28.self_attn.v_proj.weight,154,5686460.5,Code,5686460.5,1.0
Olmo-3-7b,Code,model.layers.28.self_attn.v_proj.weight,154,5686460.5,IF,12264783.0,0.46364134612084046
Olmo-3-7b,Code,model.layers.29.mlp.down_proj.weight,155,29327730.0,Math,30626624.0,0.9575893836682751
Olmo-3-7b,Code,model.layers.29.mlp.down_proj.weight,155,29327730.0,Code,29327730.0,1.0
Olmo-3-7b,Code,model.layers.29.mlp.down_proj.weight,155,29327730.0,IF,58610724.0,0.5003816366438333
Olmo-3-7b,Code,model.layers.29.mlp.gate_proj.weight,156,8390165.0,Math,18721254.0,0.4481625536409046
Olmo-3-7b,Code,model.layers.29.mlp.gate_proj.weight,156,8390165.0,Code,8390165.0,1.0
Olmo-3-7b,Code,model.layers.29.mlp.gate_proj.weight,156,8390165.0,IF,13872612.0,0.6048006676752727
Olmo-3-7b,Code,model.layers.29.mlp.up_proj.weight,157,8234503.5,Math,18263840.0,0.4508637559242744
Olmo-3-7b,Code,model.layers.29.mlp.up_proj.weight,157,8234503.5,Code,8234503.5,1.0
Olmo-3-7b,Code,model.layers.29.mlp.up_proj.weight,157,8234503.5,IF,14706353.0,0.559928318054109
Olmo-3-7b,Code,model.layers.29.self_attn.k_proj.weight,158,24029550.0,Math,39098144.0,0.6145956698097996
Olmo-3-7b,Code,model.layers.29.self_attn.k_proj.weight,158,24029550.0,Code,24029550.0,1.0
Olmo-3-7b,Code,model.layers.29.self_attn.k_proj.weight,158,24029550.0,IF,24801054.0,0.9688922898196182
Olmo-3-7b,Code,model.layers.29.self_attn.o_proj.weight,159,729602.625,Math,1831904.0,0.3982755783054134
Olmo-3-7b,Code,model.layers.29.self_attn.o_proj.weight,159,729602.625,Code,729602.625,1.0
Olmo-3-7b,Code,model.layers.29.self_attn.o_proj.weight,159,729602.625,IF,2598135.5,0.28081777297604377
Olmo-3-7b,Code,model.layers.29.self_attn.q_proj.weight,160,23410838.0,Math,43079280.0,0.5434361484221649
Olmo-3-7b,Code,model.layers.29.self_attn.q_proj.weight,160,23410838.0,Code,23410838.0,1.0
Olmo-3-7b,Code,model.layers.29.self_attn.q_proj.weight,160,23410838.0,IF,20871292.0,1.1216765114493152
Olmo-3-7b,Code,model.layers.29.self_attn.v_proj.weight,161,4531003.0,Math,12200948.0,0.3713648316507865
Olmo-3-7b,Code,model.layers.29.self_attn.v_proj.weight,161,4531003.0,Code,4531003.0,1.0
Olmo-3-7b,Code,model.layers.29.self_attn.v_proj.weight,161,4531003.0,IF,10577271.0,0.4283716470912015
Olmo-3-7b,Code,model.layers.3.mlp.down_proj.weight,162,3164.816650390625,Math,5288.84130859375,0.5983950861312793
Olmo-3-7b,Code,model.layers.3.mlp.down_proj.weight,162,3164.816650390625,Code,3164.816650390625,1.0
Olmo-3-7b,Code,model.layers.3.mlp.down_proj.weight,162,3164.816650390625,IF,7113.5185546875,0.44490172142801937
Olmo-3-7b,Code,model.layers.3.mlp.gate_proj.weight,163,204830.0,Math,412545.84375,0.4965023962867157
Olmo-3-7b,Code,model.layers.3.mlp.gate_proj.weight,163,204830.0,Code,204830.0,1.0
Olmo-3-7b,Code,model.layers.3.mlp.gate_proj.weight,163,204830.0,IF,177608.5,1.1532668763037806
Olmo-3-7b,Code,model.layers.3.mlp.up_proj.weight,164,178226.078125,Math,365422.5,0.4877260653763794
Olmo-3-7b,Code,model.layers.3.mlp.up_proj.weight,164,178226.078125,Code,178226.078125,1.0
Olmo-3-7b,Code,model.layers.3.mlp.up_proj.weight,164,178226.078125,IF,163482.359375,1.0901853802842452
Olmo-3-7b,Code,model.layers.3.self_attn.k_proj.weight,165,450694.625,Math,649525.5,0.6938828806567255
Olmo-3-7b,Code,model.layers.3.self_attn.k_proj.weight,165,450694.625,Code,450694.625,1.0
Olmo-3-7b,Code,model.layers.3.self_attn.k_proj.weight,165,450694.625,IF,194919.1875,2.312212721490028
Olmo-3-7b,Code,model.layers.3.self_attn.o_proj.weight,166,75239.0234375,Math,121668.390625,0.618394170014115
Olmo-3-7b,Code,model.layers.3.self_attn.o_proj.weight,166,75239.0234375,Code,75239.0234375,1.0
Olmo-3-7b,Code,model.layers.3.self_attn.o_proj.weight,166,75239.0234375,IF,60464.94140625,1.2443412941060563
Olmo-3-7b,Code,model.layers.3.self_attn.q_proj.weight,167,239968.0,Math,331207.34375,0.7245249977945273
Olmo-3-7b,Code,model.layers.3.self_attn.q_proj.weight,167,239968.0,Code,239968.0,1.0
Olmo-3-7b,Code,model.layers.3.self_attn.q_proj.weight,167,239968.0,IF,143782.328125,1.668967272468833
Olmo-3-7b,Code,model.layers.3.self_attn.v_proj.weight,168,180520.546875,Math,418669.09375,0.4311771505703602
Olmo-3-7b,Code,model.layers.3.self_attn.v_proj.weight,168,180520.546875,Code,180520.546875,1.0
Olmo-3-7b,Code,model.layers.3.self_attn.v_proj.weight,168,180520.546875,IF,198672.078125,0.9086357206241158
Olmo-3-7b,Code,model.layers.30.mlp.down_proj.weight,169,56220204.0,Math,51778524.0,1.0857822830175692
Olmo-3-7b,Code,model.layers.30.mlp.down_proj.weight,169,56220204.0,Code,56220204.0,1.0
Olmo-3-7b,Code,model.layers.30.mlp.down_proj.weight,169,56220204.0,IF,80813816.0,0.6956756503120703
Olmo-3-7b,Code,model.layers.30.mlp.gate_proj.weight,170,11117095.0,Math,20260902.0,0.5486969435023179
Olmo-3-7b,Code,model.layers.30.mlp.gate_proj.weight,170,11117095.0,Code,11117095.0,1.0
Olmo-3-7b,Code,model.layers.30.mlp.gate_proj.weight,170,11117095.0,IF,20867374.0,0.5327500719544299
Olmo-3-7b,Code,model.layers.30.mlp.up_proj.weight,171,10484602.0,Math,19212488.0,0.5457180767009457
Olmo-3-7b,Code,model.layers.30.mlp.up_proj.weight,171,10484602.0,Code,10484602.0,1.0
Olmo-3-7b,Code,model.layers.30.mlp.up_proj.weight,171,10484602.0,IF,23557950.0,0.44505578796117656
Olmo-3-7b,Code,model.layers.30.self_attn.k_proj.weight,172,20358898.0,Math,43551840.0,0.4674635560747835
Olmo-3-7b,Code,model.layers.30.self_attn.k_proj.weight,172,20358898.0,Code,20358898.0,1.0
Olmo-3-7b,Code,model.layers.30.self_attn.k_proj.weight,172,20358898.0,IF,40584584.0,0.501641165029559
Olmo-3-7b,Code,model.layers.30.self_attn.o_proj.weight,173,496543.21875,Math,1276838.625,0.38888486691103974
Olmo-3-7b,Code,model.layers.30.self_attn.o_proj.weight,173,496543.21875,Code,496543.21875,1.0
Olmo-3-7b,Code,model.layers.30.self_attn.o_proj.weight,173,496543.21875,IF,2164185.0,0.229436586405506
Olmo-3-7b,Code,model.layers.30.self_attn.q_proj.weight,174,21020302.0,Math,41571200.0,0.5056457836194288
Olmo-3-7b,Code,model.layers.30.self_attn.q_proj.weight,174,21020302.0,Code,21020302.0,1.0
Olmo-3-7b,Code,model.layers.30.self_attn.q_proj.weight,174,21020302.0,IF,31058000.0,0.6768079721810806
Olmo-3-7b,Code,model.layers.30.self_attn.v_proj.weight,175,4871105.0,Math,11479724.0,0.42432248371128084
Olmo-3-7b,Code,model.layers.30.self_attn.v_proj.weight,175,4871105.0,Code,4871105.0,1.0
Olmo-3-7b,Code,model.layers.30.self_attn.v_proj.weight,175,4871105.0,IF,17237436.0,0.2825887214316561
Olmo-3-7b,Code,model.layers.31.mlp.down_proj.weight,176,319813568.0,Math,143990704.0,2.221070938023888
Olmo-3-7b,Code,model.layers.31.mlp.down_proj.weight,176,319813568.0,Code,319813568.0,1.0
Olmo-3-7b,Code,model.layers.31.mlp.down_proj.weight,176,319813568.0,IF,342507680.0,0.9337413047205249
Olmo-3-7b,Code,model.layers.31.mlp.gate_proj.weight,177,21369032.0,Math,32168244.0,0.6642896640550228
Olmo-3-7b,Code,model.layers.31.mlp.gate_proj.weight,177,21369032.0,Code,21369032.0,1.0
Olmo-3-7b,Code,model.layers.31.mlp.gate_proj.weight,177,21369032.0,IF,47575868.0,0.44915695495035424
Olmo-3-7b,Code,model.layers.31.mlp.up_proj.weight,178,20576992.0,Math,29928416.0,0.6875402961519915
Olmo-3-7b,Code,model.layers.31.mlp.up_proj.weight,178,20576992.0,Code,20576992.0,1.0
Olmo-3-7b,Code,model.layers.31.mlp.up_proj.weight,178,20576992.0,IF,53696672.0,0.38320795746894704
Olmo-3-7b,Code,model.layers.31.self_attn.k_proj.weight,179,39426424.0,Math,33467014.0,1.1780681718422803
Olmo-3-7b,Code,model.layers.31.self_attn.k_proj.weight,179,39426424.0,Code,39426424.0,1.0
Olmo-3-7b,Code,model.layers.31.self_attn.k_proj.weight,179,39426424.0,IF,55780376.0,0.7068153144037609
Olmo-3-7b,Code,model.layers.31.self_attn.o_proj.weight,180,1829187.25,Math,2724813.0,0.6713074438502752
Olmo-3-7b,Code,model.layers.31.self_attn.o_proj.weight,180,1829187.25,Code,1829187.25,1.0
Olmo-3-7b,Code,model.layers.31.self_attn.o_proj.weight,180,1829187.25,IF,5604190.5,0.32639633681260477
Olmo-3-7b,Code,model.layers.31.self_attn.q_proj.weight,181,35587260.0,Math,28124622.0,1.2653418061938753
Olmo-3-7b,Code,model.layers.31.self_attn.q_proj.weight,181,35587260.0,Code,35587260.0,1.0
Olmo-3-7b,Code,model.layers.31.self_attn.q_proj.weight,181,35587260.0,IF,41495136.0,0.857624855115549
Olmo-3-7b,Code,model.layers.31.self_attn.v_proj.weight,182,7783786.5,Math,11375632.0,0.6842509057958275
Olmo-3-7b,Code,model.layers.31.self_attn.v_proj.weight,182,7783786.5,Code,7783786.5,1.0
Olmo-3-7b,Code,model.layers.31.self_attn.v_proj.weight,182,7783786.5,IF,30075044.0,0.25881214005871445
Olmo-3-7b,Code,model.layers.4.mlp.down_proj.weight,183,4924.13818359375,Math,7992.28955078125,0.6161110846030864
Olmo-3-7b,Code,model.layers.4.mlp.down_proj.weight,183,4924.13818359375,Code,4924.13818359375,1.0
Olmo-3-7b,Code,model.layers.4.mlp.down_proj.weight,183,4924.13818359375,IF,5211.3935546875,0.9448793555736408
Olmo-3-7b,Code,model.layers.4.mlp.gate_proj.weight,184,271513.0625,Math,560599.5625,0.48432621190281433
Olmo-3-7b,Code,model.layers.4.mlp.gate_proj.weight,184,271513.0625,Code,271513.0625,1.0
Olmo-3-7b,Code,model.layers.4.mlp.gate_proj.weight,184,271513.0625,IF,192158.828125,1.4129616898130737
Olmo-3-7b,Code,model.layers.4.mlp.up_proj.weight,185,237234.796875,Math,497918.4375,0.47645312767716097
Olmo-3-7b,Code,model.layers.4.mlp.up_proj.weight,185,237234.796875,Code,237234.796875,1.0
Olmo-3-7b,Code,model.layers.4.mlp.up_proj.weight,185,237234.796875,IF,172773.125,1.373100109609061
Olmo-3-7b,Code,model.layers.4.self_attn.k_proj.weight,186,818479.8125,Math,1343460.25,0.6092326233693925
Olmo-3-7b,Code,model.layers.4.self_attn.k_proj.weight,186,818479.8125,Code,818479.8125,1.0
Olmo-3-7b,Code,model.layers.4.self_attn.k_proj.weight,186,818479.8125,IF,633587.6875,1.2918177367517105
Olmo-3-7b,Code,model.layers.4.self_attn.o_proj.weight,187,78408.890625,Math,127763.40625,0.6137038211988027
Olmo-3-7b,Code,model.layers.4.self_attn.o_proj.weight,187,78408.890625,Code,78408.890625,1.0
Olmo-3-7b,Code,model.layers.4.self_attn.o_proj.weight,187,78408.890625,IF,49786.3671875,1.5749068480876496
Olmo-3-7b,Code,model.layers.4.self_attn.q_proj.weight,188,727544.5,Math,1263908.125,0.5756308434206798
Olmo-3-7b,Code,model.layers.4.self_attn.q_proj.weight,188,727544.5,Code,727544.5,1.0
Olmo-3-7b,Code,model.layers.4.self_attn.q_proj.weight,188,727544.5,IF,581978.8125,1.2501219707203688
Olmo-3-7b,Code,model.layers.4.self_attn.v_proj.weight,189,225113.046875,Math,422348.90625,0.5330025567575387
Olmo-3-7b,Code,model.layers.4.self_attn.v_proj.weight,189,225113.046875,Code,225113.046875,1.0
Olmo-3-7b,Code,model.layers.4.self_attn.v_proj.weight,189,225113.046875,IF,196871.953125,1.1434490454415762
Olmo-3-7b,Code,model.layers.5.mlp.down_proj.weight,190,6643.04248046875,Math,10532.841796875,0.6306980213487761
Olmo-3-7b,Code,model.layers.5.mlp.down_proj.weight,190,6643.04248046875,Code,6643.04248046875,1.0
Olmo-3-7b,Code,model.layers.5.mlp.down_proj.weight,190,6643.04248046875,IF,6045.34423828125,1.0988691824036527
Olmo-3-7b,Code,model.layers.5.mlp.gate_proj.weight,191,330918.5,Math,661253.1875,0.50044144399682
Olmo-3-7b,Code,model.layers.5.mlp.gate_proj.weight,191,330918.5,Code,330918.5,1.0
Olmo-3-7b,Code,model.layers.5.mlp.gate_proj.weight,191,330918.5,IF,188285.796875,1.7575329923567822
Olmo-3-7b,Code,model.layers.5.mlp.up_proj.weight,192,292439.34375,Math,605617.25,0.4828781606699611
Olmo-3-7b,Code,model.layers.5.mlp.up_proj.weight,192,292439.34375,Code,292439.34375,1.0
Olmo-3-7b,Code,model.layers.5.mlp.up_proj.weight,192,292439.34375,IF,178248.484375,1.6406273791072732
Olmo-3-7b,Code,model.layers.5.self_attn.k_proj.weight,193,896232.5625,Math,1809797.5,0.4952115153767203
Olmo-3-7b,Code,model.layers.5.self_attn.k_proj.weight,193,896232.5625,Code,896232.5625,1.0
Olmo-3-7b,Code,model.layers.5.self_attn.k_proj.weight,193,896232.5625,IF,629352.5,1.4240549811115393
Olmo-3-7b,Code,model.layers.5.self_attn.o_proj.weight,194,77695.65625,Math,121535.1640625,0.6392854022893708
Olmo-3-7b,Code,model.layers.5.self_attn.o_proj.weight,194,77695.65625,Code,77695.65625,1.0
Olmo-3-7b,Code,model.layers.5.self_attn.o_proj.weight,194,77695.65625,IF,50527.49609375,1.5376906092049665
Olmo-3-7b,Code,model.layers.5.self_attn.q_proj.weight,195,820491.5,Math,1706635.25,0.4807655883118552
Olmo-3-7b,Code,model.layers.5.self_attn.q_proj.weight,195,820491.5,Code,820491.5,1.0
Olmo-3-7b,Code,model.layers.5.self_attn.q_proj.weight,195,820491.5,IF,656764.1875,1.2492939103808853
Olmo-3-7b,Code,model.layers.5.self_attn.v_proj.weight,196,281826.0,Math,587666.5,0.47956791819850203
Olmo-3-7b,Code,model.layers.5.self_attn.v_proj.weight,196,281826.0,Code,281826.0,1.0
Olmo-3-7b,Code,model.layers.5.self_attn.v_proj.weight,196,281826.0,IF,237666.65625,1.1858036985362772
Olmo-3-7b,Code,model.layers.6.mlp.down_proj.weight,197,11335.9306640625,Math,22837.1171875,0.49638185813870034
Olmo-3-7b,Code,model.layers.6.mlp.down_proj.weight,197,11335.9306640625,Code,11335.9306640625,1.0
Olmo-3-7b,Code,model.layers.6.mlp.down_proj.weight,197,11335.9306640625,IF,8094.08984375,1.4005195003877733
Olmo-3-7b,Code,model.layers.6.mlp.gate_proj.weight,198,477261.96875,Math,1005441.8125,0.47467885542108385
Olmo-3-7b,Code,model.layers.6.mlp.gate_proj.weight,198,477261.96875,Code,477261.96875,1.0
Olmo-3-7b,Code,model.layers.6.mlp.gate_proj.weight,198,477261.96875,IF,225089.78125,2.120318239680194
Olmo-3-7b,Code,model.layers.6.mlp.up_proj.weight,199,424661.4375,Math,932410.625,0.4554446572292116
Olmo-3-7b,Code,model.layers.6.mlp.up_proj.weight,199,424661.4375,Code,424661.4375,1.0
Olmo-3-7b,Code,model.layers.6.mlp.up_proj.weight,199,424661.4375,IF,210800.5,2.0145181700233157
Olmo-3-7b,Code,model.layers.6.self_attn.k_proj.weight,200,1423382.25,Math,2701422.75,0.5269009635755826
Olmo-3-7b,Code,model.layers.6.self_attn.k_proj.weight,200,1423382.25,Code,1423382.25,1.0
Olmo-3-7b,Code,model.layers.6.self_attn.k_proj.weight,200,1423382.25,IF,1190595.25,1.1955215258921956
Olmo-3-7b,Code,model.layers.6.self_attn.o_proj.weight,201,155397.59375,Math,252149.65625,0.6162911187787907
Olmo-3-7b,Code,model.layers.6.self_attn.o_proj.weight,201,155397.59375,Code,155397.59375,1.0
Olmo-3-7b,Code,model.layers.6.self_attn.o_proj.weight,201,155397.59375,IF,96679.484375,1.6073481851355809
Olmo-3-7b,Code,model.layers.6.self_attn.q_proj.weight,202,1189750.25,Math,2462636.25,0.48312057860757956
Olmo-3-7b,Code,model.layers.6.self_attn.q_proj.weight,202,1189750.25,Code,1189750.25,1.0
Olmo-3-7b,Code,model.layers.6.self_attn.q_proj.weight,202,1189750.25,IF,874877.4375,1.359905055272385
Olmo-3-7b,Code,model.layers.6.self_attn.v_proj.weight,203,454544.8125,Math,1030707.9375,0.44100253424118024
Olmo-3-7b,Code,model.layers.6.self_attn.v_proj.weight,203,454544.8125,Code,454544.8125,1.0
Olmo-3-7b,Code,model.layers.6.self_attn.v_proj.weight,203,454544.8125,IF,346541.59375,1.3116601894199027
Olmo-3-7b,Code,model.layers.7.mlp.down_proj.weight,204,17331.162109375,Math,34677.73828125,0.4997777527707403
Olmo-3-7b,Code,model.layers.7.mlp.down_proj.weight,204,17331.162109375,Code,17331.162109375,1.0
Olmo-3-7b,Code,model.layers.7.mlp.down_proj.weight,204,17331.162109375,IF,11754.0498046875,1.4744843179465987
Olmo-3-7b,Code,model.layers.7.mlp.gate_proj.weight,205,604148.0,Math,1266020.5,0.47720238337372894
Olmo-3-7b,Code,model.layers.7.mlp.gate_proj.weight,205,604148.0,Code,604148.0,1.0
Olmo-3-7b,Code,model.layers.7.mlp.gate_proj.weight,205,604148.0,IF,263989.96875,2.2885263514392533
Olmo-3-7b,Code,model.layers.7.mlp.up_proj.weight,206,535984.5625,Math,1159140.625,0.4623982206645548
Olmo-3-7b,Code,model.layers.7.mlp.up_proj.weight,206,535984.5625,Code,535984.5625,1.0
Olmo-3-7b,Code,model.layers.7.mlp.up_proj.weight,206,535984.5625,IF,242598.703125,2.209346363339097
Olmo-3-7b,Code,model.layers.7.self_attn.k_proj.weight,207,1020500.9375,Math,1374018.875,0.7427124590992246
Olmo-3-7b,Code,model.layers.7.self_attn.k_proj.weight,207,1020500.9375,Code,1020500.9375,1.0
Olmo-3-7b,Code,model.layers.7.self_attn.k_proj.weight,207,1020500.9375,IF,476110.09375,2.143413783694856
Olmo-3-7b,Code,model.layers.7.self_attn.o_proj.weight,208,247581.203125,Math,505148.0,0.4901161701620119
Olmo-3-7b,Code,model.layers.7.self_attn.o_proj.weight,208,247581.203125,Code,247581.203125,1.0
Olmo-3-7b,Code,model.layers.7.self_attn.o_proj.weight,208,247581.203125,IF,146353.171875,1.6916695412413658
Olmo-3-7b,Code,model.layers.7.self_attn.q_proj.weight,209,466076.5625,Math,602515.4375,0.773551237846914
Olmo-3-7b,Code,model.layers.7.self_attn.q_proj.weight,209,466076.5625,Code,466076.5625,1.0
Olmo-3-7b,Code,model.layers.7.self_attn.q_proj.weight,209,466076.5625,IF,287055.09375,1.6236484655656802
Olmo-3-7b,Code,model.layers.7.self_attn.v_proj.weight,210,511015.1875,Math,1094501.125,0.46689325010972466
Olmo-3-7b,Code,model.layers.7.self_attn.v_proj.weight,210,511015.1875,Code,511015.1875,1.0
Olmo-3-7b,Code,model.layers.7.self_attn.v_proj.weight,210,511015.1875,IF,340835.65625,1.4993008452295695
Olmo-3-7b,Code,model.layers.8.mlp.down_proj.weight,211,22975.0390625,Math,50756.08984375,0.4526558120065488
Olmo-3-7b,Code,model.layers.8.mlp.down_proj.weight,211,22975.0390625,Code,22975.0390625,1.0
Olmo-3-7b,Code,model.layers.8.mlp.down_proj.weight,211,22975.0390625,IF,12940.419921875,1.7754477212645998
Olmo-3-7b,Code,model.layers.8.mlp.gate_proj.weight,212,783664.5625,Math,1554928.75,0.503987441546759
Olmo-3-7b,Code,model.layers.8.mlp.gate_proj.weight,212,783664.5625,Code,783664.5625,1.0
Olmo-3-7b,Code,model.layers.8.mlp.gate_proj.weight,212,783664.5625,IF,283936.8125,2.7599963372132312
Olmo-3-7b,Code,model.layers.8.mlp.up_proj.weight,213,726148.0,Math,1458909.875,0.4977332818451174
Olmo-3-7b,Code,model.layers.8.mlp.up_proj.weight,213,726148.0,Code,726148.0,1.0
Olmo-3-7b,Code,model.layers.8.mlp.up_proj.weight,213,726148.0,IF,270894.6875,2.6805545974392726
Olmo-3-7b,Code,model.layers.8.self_attn.k_proj.weight,214,2379916.0,Math,4132926.25,0.5758428425864119
Olmo-3-7b,Code,model.layers.8.self_attn.k_proj.weight,214,2379916.0,Code,2379916.0,1.0
Olmo-3-7b,Code,model.layers.8.self_attn.k_proj.weight,214,2379916.0,IF,1809228.125,1.3154316844372513
Olmo-3-7b,Code,model.layers.8.self_attn.o_proj.weight,215,386670.90625,Math,843554.875,0.4583826348582242
Olmo-3-7b,Code,model.layers.8.self_attn.o_proj.weight,215,386670.90625,Code,386670.90625,1.0
Olmo-3-7b,Code,model.layers.8.self_attn.o_proj.weight,215,386670.90625,IF,189972.703125,2.035402454612517
Olmo-3-7b,Code,model.layers.8.self_attn.q_proj.weight,216,2396906.0,Math,4230921.5,0.5665210285749807
Olmo-3-7b,Code,model.layers.8.self_attn.q_proj.weight,216,2396906.0,Code,2396906.0,1.0
Olmo-3-7b,Code,model.layers.8.self_attn.q_proj.weight,216,2396906.0,IF,1527228.5,1.569448186698978
Olmo-3-7b,Code,model.layers.8.self_attn.v_proj.weight,217,658761.9375,Math,1470228.875,0.44806760954140556
Olmo-3-7b,Code,model.layers.8.self_attn.v_proj.weight,217,658761.9375,Code,658761.9375,1.0
Olmo-3-7b,Code,model.layers.8.self_attn.v_proj.weight,217,658761.9375,IF,444852.53125,1.4808546455809337
Olmo-3-7b,Code,model.layers.9.mlp.down_proj.weight,218,36770.84765625,Math,71436.75,0.5147329302669844
Olmo-3-7b,Code,model.layers.9.mlp.down_proj.weight,218,36770.84765625,Code,36770.84765625,1.0
Olmo-3-7b,Code,model.layers.9.mlp.down_proj.weight,218,36770.84765625,IF,15354.01953125,2.3948678443068525
Olmo-3-7b,Code,model.layers.9.mlp.gate_proj.weight,219,975548.5625,Math,1894530.625,0.514928895646646
Olmo-3-7b,Code,model.layers.9.mlp.gate_proj.weight,219,975548.5625,Code,975548.5625,1.0
Olmo-3-7b,Code,model.layers.9.mlp.gate_proj.weight,219,975548.5625,IF,301563.125,3.2349729845119493
Olmo-3-7b,Code,model.layers.9.mlp.up_proj.weight,220,886181.875,Math,1760967.0,0.503235935142453
Olmo-3-7b,Code,model.layers.9.mlp.up_proj.weight,220,886181.875,Code,886181.875,1.0
Olmo-3-7b,Code,model.layers.9.mlp.up_proj.weight,220,886181.875,IF,285771.96875,3.1010104975525175
Olmo-3-7b,Code,model.layers.9.self_attn.k_proj.weight,221,3253979.5,Math,5909682.0,0.5506183750665433
Olmo-3-7b,Code,model.layers.9.self_attn.k_proj.weight,221,3253979.5,Code,3253979.5,1.0
Olmo-3-7b,Code,model.layers.9.self_attn.k_proj.weight,221,3253979.5,IF,1280615.25,2.540950140957637
Olmo-3-7b,Code,model.layers.9.self_attn.o_proj.weight,222,382089.75,Math,802018.4375,0.47641018227838433
Olmo-3-7b,Code,model.layers.9.self_attn.o_proj.weight,222,382089.75,Code,382089.75,1.0
Olmo-3-7b,Code,model.layers.9.self_attn.o_proj.weight,222,382089.75,IF,193301.65625,1.9766501612683414
Olmo-3-7b,Code,model.layers.9.self_attn.q_proj.weight,223,3161835.0,Math,5527087.0,0.572061738850863
Olmo-3-7b,Code,model.layers.9.self_attn.q_proj.weight,223,3161835.0,Code,3161835.0,1.0
Olmo-3-7b,Code,model.layers.9.self_attn.q_proj.weight,223,3161835.0,IF,1378487.25,2.293699125617593
Olmo-3-7b,Code,model.layers.9.self_attn.v_proj.weight,224,770223.3125,Math,1823140.125,0.4224707151898157
Olmo-3-7b,Code,model.layers.9.self_attn.v_proj.weight,224,770223.3125,Code,770223.3125,1.0
Olmo-3-7b,Code,model.layers.9.self_attn.v_proj.weight,224,770223.3125,IF,428535.25,1.79733945457229
Olmo-3-7b,IF,lm_head.weight,0,75108664.0,Math,38147836.0,1.9688840017032683
Olmo-3-7b,IF,lm_head.weight,0,75108664.0,Code,7707194.5,9.745266452014413
Olmo-3-7b,IF,lm_head.weight,0,75108664.0,IF,75108664.0,1.0
Olmo-3-7b,IF,model.layers.0.mlp.down_proj.weight,1,6366.34765625,Math,15437.0029296875,0.4124082689656442
Olmo-3-7b,IF,model.layers.0.mlp.down_proj.weight,1,6366.34765625,Code,7909.73291015625,0.8048751744923632
Olmo-3-7b,IF,model.layers.0.mlp.down_proj.weight,1,6366.34765625,IF,6366.34765625,1.0
Olmo-3-7b,IF,model.layers.0.mlp.gate_proj.weight,2,87401.421875,Math,243298.703125,0.35923505038206316
Olmo-3-7b,IF,model.layers.0.mlp.gate_proj.weight,2,87401.421875,Code,118163.2265625,0.7396668525192212
Olmo-3-7b,IF,model.layers.0.mlp.gate_proj.weight,2,87401.421875,IF,87401.421875,1.0
Olmo-3-7b,IF,model.layers.0.mlp.up_proj.weight,3,86030.0546875,Math,244320.109375,0.35212023646999485
Olmo-3-7b,IF,model.layers.0.mlp.up_proj.weight,3,86030.0546875,Code,109296.375,0.7871263313856475
Olmo-3-7b,IF,model.layers.0.mlp.up_proj.weight,3,86030.0546875,IF,86030.0546875,1.0
Olmo-3-7b,IF,model.layers.0.self_attn.k_proj.weight,4,32525.412109375,Math,218881.40625,0.14859833307277556
Olmo-3-7b,IF,model.layers.0.self_attn.k_proj.weight,4,32525.412109375,Code,21130.572265625,1.5392584592839924
Olmo-3-7b,IF,model.layers.0.self_attn.k_proj.weight,4,32525.412109375,IF,32525.412109375,1.0
Olmo-3-7b,IF,model.layers.0.self_attn.o_proj.weight,5,99917.171875,Math,234287.09375,0.4264732225566736
Olmo-3-7b,IF,model.layers.0.self_attn.o_proj.weight,5,99917.171875,Code,133937.53125,0.7459983093797692
Olmo-3-7b,IF,model.layers.0.self_attn.o_proj.weight,5,99917.171875,IF,99917.171875,1.0
Olmo-3-7b,IF,model.layers.0.self_attn.q_proj.weight,6,165799.0625,Math,415434.6875,0.39909778236801663
Olmo-3-7b,IF,model.layers.0.self_attn.q_proj.weight,6,165799.0625,Code,209610.390625,0.790986849486007
Olmo-3-7b,IF,model.layers.0.self_attn.q_proj.weight,6,165799.0625,IF,165799.0625,1.0
Olmo-3-7b,IF,model.layers.0.self_attn.v_proj.weight,7,21390.49609375,Math,53639.05859375,0.3987858223940271
Olmo-3-7b,IF,model.layers.0.self_attn.v_proj.weight,7,21390.49609375,Code,25937.65625,0.8246888572960404
Olmo-3-7b,IF,model.layers.0.self_attn.v_proj.weight,7,21390.49609375,IF,21390.49609375,1.0
Olmo-3-7b,IF,model.layers.1.mlp.down_proj.weight,8,8600.20703125,Math,19825.900390625,0.4337864541736903
Olmo-3-7b,IF,model.layers.1.mlp.down_proj.weight,8,8600.20703125,Code,7734.30224609375,1.1119564192870248
Olmo-3-7b,IF,model.layers.1.mlp.down_proj.weight,8,8600.20703125,IF,8600.20703125,1.0
Olmo-3-7b,IF,model.layers.1.mlp.gate_proj.weight,9,141420.671875,Math,312767.5,0.4521591018088516
Olmo-3-7b,IF,model.layers.1.mlp.gate_proj.weight,9,141420.671875,Code,150149.8125,0.9418637927037038
Olmo-3-7b,IF,model.layers.1.mlp.gate_proj.weight,9,141420.671875,IF,141420.671875,1.0
Olmo-3-7b,IF,model.layers.1.mlp.up_proj.weight,10,132010.234375,Math,256989.96875,0.513678549466729
Olmo-3-7b,IF,model.layers.1.mlp.up_proj.weight,10,132010.234375,Code,116150.78125,1.1365419410383863
Olmo-3-7b,IF,model.layers.1.mlp.up_proj.weight,10,132010.234375,IF,132010.234375,1.0
Olmo-3-7b,IF,model.layers.1.self_attn.k_proj.weight,11,206807.75,Math,678033.3125,0.3050111936793666
Olmo-3-7b,IF,model.layers.1.self_attn.k_proj.weight,11,206807.75,Code,332251.40625,0.6224435656545848
Olmo-3-7b,IF,model.layers.1.self_attn.k_proj.weight,11,206807.75,IF,206807.75,1.0
Olmo-3-7b,IF,model.layers.1.self_attn.o_proj.weight,12,78311.1640625,Math,110354.3984375,0.7096333736697599
Olmo-3-7b,IF,model.layers.1.self_attn.o_proj.weight,12,78311.1640625,Code,65696.53125,1.1920136812778832
Olmo-3-7b,IF,model.layers.1.self_attn.o_proj.weight,12,78311.1640625,IF,78311.1640625,1.0
Olmo-3-7b,IF,model.layers.1.self_attn.q_proj.weight,13,436740.25,Math,802179.0625,0.5444423451278997
Olmo-3-7b,IF,model.layers.1.self_attn.q_proj.weight,13,436740.25,Code,417013.03125,1.0473060007042645
Olmo-3-7b,IF,model.layers.1.self_attn.q_proj.weight,13,436740.25,IF,436740.25,1.0
Olmo-3-7b,IF,model.layers.1.self_attn.v_proj.weight,14,172281.859375,Math,316256.03125,0.5447543836367548
Olmo-3-7b,IF,model.layers.1.self_attn.v_proj.weight,14,172281.859375,Code,128941.90625,1.336119996868745
Olmo-3-7b,IF,model.layers.1.self_attn.v_proj.weight,14,172281.859375,IF,172281.859375,1.0
Olmo-3-7b,IF,model.layers.10.mlp.down_proj.weight,15,28801.3125,Math,104679.3984375,0.2751383073451281
Olmo-3-7b,IF,model.layers.10.mlp.down_proj.weight,15,28801.3125,Code,58804.95703125,0.48977695000600835
Olmo-3-7b,IF,model.layers.10.mlp.down_proj.weight,15,28801.3125,IF,28801.3125,1.0
Olmo-3-7b,IF,model.layers.10.mlp.gate_proj.weight,16,408630.0625,Math,2222243.25,0.1838817881435797
Olmo-3-7b,IF,model.layers.10.mlp.gate_proj.weight,16,408630.0625,Code,1158271.25,0.3527930633692237
Olmo-3-7b,IF,model.layers.10.mlp.gate_proj.weight,16,408630.0625,IF,408630.0625,1.0
Olmo-3-7b,IF,model.layers.10.mlp.up_proj.weight,17,389400.875,Math,2057094.625,0.1892965302945167
Olmo-3-7b,IF,model.layers.10.mlp.up_proj.weight,17,389400.875,Code,1048356.625,0.37143932294985976
Olmo-3-7b,IF,model.layers.10.mlp.up_proj.weight,17,389400.875,IF,389400.875,1.0
Olmo-3-7b,IF,model.layers.10.self_attn.k_proj.weight,18,1408671.625,Math,5373233.5,0.2621646025619397
Olmo-3-7b,IF,model.layers.10.self_attn.k_proj.weight,18,1408671.625,Code,3317488.5,0.424619896949153
Olmo-3-7b,IF,model.layers.10.self_attn.k_proj.weight,18,1408671.625,IF,1408671.625,1.0
Olmo-3-7b,IF,model.layers.10.self_attn.o_proj.weight,19,211787.015625,Math,656412.625,0.32264311739129026
Olmo-3-7b,IF,model.layers.10.self_attn.o_proj.weight,19,211787.015625,Code,360176.96875,0.5880082126295034
Olmo-3-7b,IF,model.layers.10.self_attn.o_proj.weight,19,211787.015625,IF,211787.015625,1.0
Olmo-3-7b,IF,model.layers.10.self_attn.q_proj.weight,20,1198618.25,Math,5284957.0,0.22679810829113653
Olmo-3-7b,IF,model.layers.10.self_attn.q_proj.weight,20,1198618.25,Code,3232997.75,0.3707451544004322
Olmo-3-7b,IF,model.layers.10.self_attn.q_proj.weight,20,1198618.25,IF,1198618.25,1.0
Olmo-3-7b,IF,model.layers.10.self_attn.v_proj.weight,21,594076.0625,Math,2659324.0,0.22339363781923527
Olmo-3-7b,IF,model.layers.10.self_attn.v_proj.weight,21,594076.0625,Code,1254835.875,0.4734292940899542
Olmo-3-7b,IF,model.layers.10.self_attn.v_proj.weight,21,594076.0625,IF,594076.0625,1.0
Olmo-3-7b,IF,model.layers.11.mlp.down_proj.weight,22,35809.390625,Math,131686.546875,0.27192899711305457
Olmo-3-7b,IF,model.layers.11.mlp.down_proj.weight,22,35809.390625,Code,76408.2265625,0.46865883735318503
Olmo-3-7b,IF,model.layers.11.mlp.down_proj.weight,22,35809.390625,IF,35809.390625,1.0
Olmo-3-7b,IF,model.layers.11.mlp.gate_proj.weight,23,454631.96875,Math,2498035.75,0.1819957815855918
Olmo-3-7b,IF,model.layers.11.mlp.gate_proj.weight,23,454631.96875,Code,1291057.75,0.35213914230405263
Olmo-3-7b,IF,model.layers.11.mlp.gate_proj.weight,23,454631.96875,IF,454631.96875,1.0
Olmo-3-7b,IF,model.layers.11.mlp.up_proj.weight,24,445419.875,Math,2416040.75,0.18435942150396262
Olmo-3-7b,IF,model.layers.11.mlp.up_proj.weight,24,445419.875,Code,1226115.375,0.3632772935418088
Olmo-3-7b,IF,model.layers.11.mlp.up_proj.weight,24,445419.875,IF,445419.875,1.0
Olmo-3-7b,IF,model.layers.11.self_attn.k_proj.weight,25,744767.9375,Math,4653701.5,0.16003775435532339
Olmo-3-7b,IF,model.layers.11.self_attn.k_proj.weight,25,744767.9375,Code,3516636.75,0.21178415356661445
Olmo-3-7b,IF,model.layers.11.self_attn.k_proj.weight,25,744767.9375,IF,744767.9375,1.0
Olmo-3-7b,IF,model.layers.11.self_attn.o_proj.weight,26,399540.8125,Math,1681937.0,0.23754802498547806
Olmo-3-7b,IF,model.layers.11.self_attn.o_proj.weight,26,399540.8125,Code,872576.6875,0.4578861872240885
Olmo-3-7b,IF,model.layers.11.self_attn.o_proj.weight,26,399540.8125,IF,399540.8125,1.0
Olmo-3-7b,IF,model.layers.11.self_attn.q_proj.weight,27,618925.125,Math,1796959.875,0.34442901792673586
Olmo-3-7b,IF,model.layers.11.self_attn.q_proj.weight,27,618925.125,Code,1576410.75,0.39261666098128295
Olmo-3-7b,IF,model.layers.11.self_attn.q_proj.weight,27,618925.125,IF,618925.125,1.0
Olmo-3-7b,IF,model.layers.11.self_attn.v_proj.weight,28,678444.4375,Math,2578852.75,0.26307994417284974
Olmo-3-7b,IF,model.layers.11.self_attn.v_proj.weight,28,678444.4375,Code,1386090.5,0.4894661910603961
Olmo-3-7b,IF,model.layers.11.self_attn.v_proj.weight,28,678444.4375,IF,678444.4375,1.0
Olmo-3-7b,IF,model.layers.12.mlp.down_proj.weight,29,46085.640625,Math,207354.703125,0.22225510167096674
Olmo-3-7b,IF,model.layers.12.mlp.down_proj.weight,29,46085.640625,Code,110893.1328125,0.41558606431403095
Olmo-3-7b,IF,model.layers.12.mlp.down_proj.weight,29,46085.640625,IF,46085.640625,1.0
Olmo-3-7b,IF,model.layers.12.mlp.gate_proj.weight,30,517599.9375,Math,3005362.0,0.17222548814419028
Olmo-3-7b,IF,model.layers.12.mlp.gate_proj.weight,30,517599.9375,Code,1504171.75,0.34410959885398723
Olmo-3-7b,IF,model.layers.12.mlp.gate_proj.weight,30,517599.9375,IF,517599.9375,1.0
Olmo-3-7b,IF,model.layers.12.mlp.up_proj.weight,31,495672.34375,Math,2833708.5,0.1749200186787032
Olmo-3-7b,IF,model.layers.12.mlp.up_proj.weight,31,495672.34375,Code,1438010.5,0.3446931324562651
Olmo-3-7b,IF,model.layers.12.mlp.up_proj.weight,31,495672.34375,IF,495672.34375,1.0
Olmo-3-7b,IF,model.layers.12.self_attn.k_proj.weight,32,1867350.125,Math,6120983.0,0.30507356824876003
Olmo-3-7b,IF,model.layers.12.self_attn.k_proj.weight,32,1867350.125,Code,4410171.5,0.42341893620236765
Olmo-3-7b,IF,model.layers.12.self_attn.k_proj.weight,32,1867350.125,IF,1867350.125,1.0
Olmo-3-7b,IF,model.layers.12.self_attn.o_proj.weight,33,418153.5625,Math,1731320.875,0.24152285606791404
Olmo-3-7b,IF,model.layers.12.self_attn.o_proj.weight,33,418153.5625,Code,885381.3125,0.47228641105975455
Olmo-3-7b,IF,model.layers.12.self_attn.o_proj.weight,33,418153.5625,IF,418153.5625,1.0
Olmo-3-7b,IF,model.layers.12.self_attn.q_proj.weight,34,1933626.875,Math,8333368.0,0.2320342597374795
Olmo-3-7b,IF,model.layers.12.self_attn.q_proj.weight,34,1933626.875,Code,5086957.5,0.38011461173009603
Olmo-3-7b,IF,model.layers.12.self_attn.q_proj.weight,34,1933626.875,IF,1933626.875,1.0
Olmo-3-7b,IF,model.layers.12.self_attn.v_proj.weight,35,807837.9375,Math,3260759.5,0.24774532973069618
Olmo-3-7b,IF,model.layers.12.self_attn.v_proj.weight,35,807837.9375,Code,1732334.375,0.4663291043335672
Olmo-3-7b,IF,model.layers.12.self_attn.v_proj.weight,35,807837.9375,IF,807837.9375,1.0
Olmo-3-7b,IF,model.layers.13.mlp.down_proj.weight,36,74546.2109375,Math,355030.6875,0.20997117590715308
Olmo-3-7b,IF,model.layers.13.mlp.down_proj.weight,36,74546.2109375,Code,171165.140625,0.4355221551847453
Olmo-3-7b,IF,model.layers.13.mlp.down_proj.weight,36,74546.2109375,IF,74546.2109375,1.0
Olmo-3-7b,IF,model.layers.13.mlp.gate_proj.weight,37,588832.0,Math,3424778.0,0.1719328960884472
Olmo-3-7b,IF,model.layers.13.mlp.gate_proj.weight,37,588832.0,Code,1724189.75,0.3415122958479483
Olmo-3-7b,IF,model.layers.13.mlp.gate_proj.weight,37,588832.0,IF,588832.0,1.0
Olmo-3-7b,IF,model.layers.13.mlp.up_proj.weight,38,580363.125,Math,3220530.5,0.18020730590814152
Olmo-3-7b,IF,model.layers.13.mlp.up_proj.weight,38,580363.125,Code,1631778.25,0.3556629860705644
Olmo-3-7b,IF,model.layers.13.mlp.up_proj.weight,38,580363.125,IF,580363.125,1.0
Olmo-3-7b,IF,model.layers.13.self_attn.k_proj.weight,39,2302765.75,Math,10326212.0,0.22300198272125343
Olmo-3-7b,IF,model.layers.13.self_attn.k_proj.weight,39,2302765.75,Code,6576148.5,0.3501693658529761
Olmo-3-7b,IF,model.layers.13.self_attn.k_proj.weight,39,2302765.75,IF,2302765.75,1.0
Olmo-3-7b,IF,model.layers.13.self_attn.o_proj.weight,40,346003.78125,Math,1274222.375,0.2715411281723883
Olmo-3-7b,IF,model.layers.13.self_attn.o_proj.weight,40,346003.78125,Code,711958.8125,0.48598848019737095
Olmo-3-7b,IF,model.layers.13.self_attn.o_proj.weight,40,346003.78125,IF,346003.78125,1.0
Olmo-3-7b,IF,model.layers.13.self_attn.q_proj.weight,41,2338587.25,Math,11477184.0,0.20375967223318892
Olmo-3-7b,IF,model.layers.13.self_attn.q_proj.weight,41,2338587.25,Code,6458345.0,0.36210317813619436
Olmo-3-7b,IF,model.layers.13.self_attn.q_proj.weight,41,2338587.25,IF,2338587.25,1.0
Olmo-3-7b,IF,model.layers.13.self_attn.v_proj.weight,42,940198.9375,Math,3436390.75,0.2736007066425726
Olmo-3-7b,IF,model.layers.13.self_attn.v_proj.weight,42,940198.9375,Code,1692098.25,0.5556408663031239
Olmo-3-7b,IF,model.layers.13.self_attn.v_proj.weight,42,940198.9375,IF,940198.9375,1.0
Olmo-3-7b,IF,model.layers.14.mlp.down_proj.weight,43,124272.9375,Math,588808.3125,0.2110583951716884
Olmo-3-7b,IF,model.layers.14.mlp.down_proj.weight,43,124272.9375,Code,340018.59375,0.3654886520452236
Olmo-3-7b,IF,model.layers.14.mlp.down_proj.weight,43,124272.9375,IF,124272.9375,1.0
Olmo-3-7b,IF,model.layers.14.mlp.gate_proj.weight,44,743468.5625,Math,4695231.5,0.158345453786464
Olmo-3-7b,IF,model.layers.14.mlp.gate_proj.weight,44,743468.5625,Code,2194920.25,0.3387223579079923
Olmo-3-7b,IF,model.layers.14.mlp.gate_proj.weight,44,743468.5625,IF,743468.5625,1.0
Olmo-3-7b,IF,model.layers.14.mlp.up_proj.weight,45,715928.8125,Math,4476840.0,0.1599183380464792
Olmo-3-7b,IF,model.layers.14.mlp.up_proj.weight,45,715928.8125,Code,2126712.25,0.33663642671922356
Olmo-3-7b,IF,model.layers.14.mlp.up_proj.weight,45,715928.8125,IF,715928.8125,1.0
Olmo-3-7b,IF,model.layers.14.self_attn.k_proj.weight,46,2489667.75,Math,10957010.0,0.2272214545756552
Olmo-3-7b,IF,model.layers.14.self_attn.k_proj.weight,46,2489667.75,Code,6199712.5,0.40157793607364856
Olmo-3-7b,IF,model.layers.14.self_attn.k_proj.weight,46,2489667.75,IF,2489667.75,1.0
Olmo-3-7b,IF,model.layers.14.self_attn.o_proj.weight,47,298630.0625,Math,905926.0625,0.32964065707073087
Olmo-3-7b,IF,model.layers.14.self_attn.o_proj.weight,47,298630.0625,Code,517665.0625,0.5768789206244723
Olmo-3-7b,IF,model.layers.14.self_attn.o_proj.weight,47,298630.0625,IF,298630.0625,1.0
Olmo-3-7b,IF,model.layers.14.self_attn.q_proj.weight,48,2111381.75,Math,12478877.0,0.16919645493741142
Olmo-3-7b,IF,model.layers.14.self_attn.q_proj.weight,48,2111381.75,Code,6331116.0,0.3334928233821652
Olmo-3-7b,IF,model.layers.14.self_attn.q_proj.weight,48,2111381.75,IF,2111381.75,1.0
Olmo-3-7b,IF,model.layers.14.self_attn.v_proj.weight,49,1121404.125,Math,5036515.5,0.2226547550583335
Olmo-3-7b,IF,model.layers.14.self_attn.v_proj.weight,49,1121404.125,Code,2204663.0,0.5086510387301824
Olmo-3-7b,IF,model.layers.14.self_attn.v_proj.weight,49,1121404.125,IF,1121404.125,1.0
Olmo-3-7b,IF,model.layers.15.mlp.down_proj.weight,50,199701.53125,Math,957316.5625,0.20860553245677288
Olmo-3-7b,IF,model.layers.15.mlp.down_proj.weight,50,199701.53125,Code,516889.65625,0.38635234587362666
Olmo-3-7b,IF,model.layers.15.mlp.down_proj.weight,50,199701.53125,IF,199701.53125,1.0
Olmo-3-7b,IF,model.layers.15.mlp.gate_proj.weight,51,897880.6875,Math,5495493.0,0.16338492060675902
Olmo-3-7b,IF,model.layers.15.mlp.gate_proj.weight,51,897880.6875,Code,2600007.5,0.3453377297950102
Olmo-3-7b,IF,model.layers.15.mlp.gate_proj.weight,51,897880.6875,IF,897880.6875,1.0
Olmo-3-7b,IF,model.layers.15.mlp.up_proj.weight,52,871762.5,Math,5286160.5,0.16491411866892805
Olmo-3-7b,IF,model.layers.15.mlp.up_proj.weight,52,871762.5,Code,2489439.75,0.35018421313470227
Olmo-3-7b,IF,model.layers.15.mlp.up_proj.weight,52,871762.5,IF,871762.5,1.0
Olmo-3-7b,IF,model.layers.15.self_attn.k_proj.weight,53,1564769.75,Math,9215671.0,0.1697944457869644
Olmo-3-7b,IF,model.layers.15.self_attn.k_proj.weight,53,1564769.75,Code,6498689.0,0.24078237164449628
Olmo-3-7b,IF,model.layers.15.self_attn.k_proj.weight,53,1564769.75,IF,1564769.75,1.0
Olmo-3-7b,IF,model.layers.15.self_attn.o_proj.weight,54,575051.0625,Math,1771893.5,0.3245404210241756
Olmo-3-7b,IF,model.layers.15.self_attn.o_proj.weight,54,575051.0625,Code,1041921.9375,0.551913768012011
Olmo-3-7b,IF,model.layers.15.self_attn.o_proj.weight,54,575051.0625,IF,575051.0625,1.0
Olmo-3-7b,IF,model.layers.15.self_attn.q_proj.weight,55,1488432.0,Math,8478041.0,0.1755631990928093
Olmo-3-7b,IF,model.layers.15.self_attn.q_proj.weight,55,1488432.0,Code,6058517.5,0.2456759430009074
Olmo-3-7b,IF,model.layers.15.self_attn.q_proj.weight,55,1488432.0,IF,1488432.0,1.0
Olmo-3-7b,IF,model.layers.15.self_attn.v_proj.weight,56,1543570.875,Math,5603064.0,0.275486925546451
Olmo-3-7b,IF,model.layers.15.self_attn.v_proj.weight,56,1543570.875,Code,2501670.0,0.6170161831896294
Olmo-3-7b,IF,model.layers.15.self_attn.v_proj.weight,56,1543570.875,IF,1543570.875,1.0
Olmo-3-7b,IF,model.layers.16.mlp.down_proj.weight,57,245307.234375,Math,1229878.25,0.19945651886680654
Olmo-3-7b,IF,model.layers.16.mlp.down_proj.weight,57,245307.234375,Code,545900.75,0.4493623325760223
Olmo-3-7b,IF,model.layers.16.mlp.down_proj.weight,57,245307.234375,IF,245307.234375,1.0
Olmo-3-7b,IF,model.layers.16.mlp.gate_proj.weight,58,1145572.0,Math,7345556.0,0.15595443013435606
Olmo-3-7b,IF,model.layers.16.mlp.gate_proj.weight,58,1145572.0,Code,3068188.75,0.3733707712734427
Olmo-3-7b,IF,model.layers.16.mlp.gate_proj.weight,58,1145572.0,IF,1145572.0,1.0
Olmo-3-7b,IF,model.layers.16.mlp.up_proj.weight,59,1113197.125,Math,7085781.0,0.15710295378872138
Olmo-3-7b,IF,model.layers.16.mlp.up_proj.weight,59,1113197.125,Code,3031217.0,0.3672442867006882
Olmo-3-7b,IF,model.layers.16.mlp.up_proj.weight,59,1113197.125,IF,1113197.125,1.0
Olmo-3-7b,IF,model.layers.16.self_attn.k_proj.weight,60,3930490.75,Math,19244330.0,0.20424149606663367
Olmo-3-7b,IF,model.layers.16.self_attn.k_proj.weight,60,3930490.75,Code,9823859.0,0.4000964132323153
Olmo-3-7b,IF,model.layers.16.self_attn.k_proj.weight,60,3930490.75,IF,3930490.75,1.0
Olmo-3-7b,IF,model.layers.16.self_attn.o_proj.weight,61,575883.5625,Math,2795248.0,0.2060223502530008
Olmo-3-7b,IF,model.layers.16.self_attn.o_proj.weight,61,575883.5625,Code,1111969.375,0.5178951646037914
Olmo-3-7b,IF,model.layers.16.self_attn.o_proj.weight,61,575883.5625,IF,575883.5625,1.0
Olmo-3-7b,IF,model.layers.16.self_attn.q_proj.weight,62,2562994.75,Math,16338089.0,0.15687237044675176
Olmo-3-7b,IF,model.layers.16.self_attn.q_proj.weight,62,2562994.75,Code,8920337.0,0.2873203949581725
Olmo-3-7b,IF,model.layers.16.self_attn.q_proj.weight,62,2562994.75,IF,2562994.75,1.0
Olmo-3-7b,IF,model.layers.16.self_attn.v_proj.weight,63,1942861.625,Math,7760247.5,0.25036078101890435
Olmo-3-7b,IF,model.layers.16.self_attn.v_proj.weight,63,1942861.625,Code,3671120.0,0.5292285801063435
Olmo-3-7b,IF,model.layers.16.self_attn.v_proj.weight,63,1942861.625,IF,1942861.625,1.0
Olmo-3-7b,IF,model.layers.17.mlp.down_proj.weight,64,480898.65625,Math,1939190.125,0.24798943128384587
Olmo-3-7b,IF,model.layers.17.mlp.down_proj.weight,64,480898.65625,Code,954722.25,0.5037052988447688
Olmo-3-7b,IF,model.layers.17.mlp.down_proj.weight,64,480898.65625,IF,480898.65625,1.0
Olmo-3-7b,IF,model.layers.17.mlp.gate_proj.weight,65,1497510.375,Math,8645264.0,0.17321742574894186
Olmo-3-7b,IF,model.layers.17.mlp.gate_proj.weight,65,1497510.375,Code,3783386.75,0.39581213181549574
Olmo-3-7b,IF,model.layers.17.mlp.gate_proj.weight,65,1497510.375,IF,1497510.375,1.0
Olmo-3-7b,IF,model.layers.17.mlp.up_proj.weight,66,1449552.0,Math,8425517.0,0.17204309242981766
Olmo-3-7b,IF,model.layers.17.mlp.up_proj.weight,66,1449552.0,Code,3678151.0,0.3940980128330784
Olmo-3-7b,IF,model.layers.17.mlp.up_proj.weight,66,1449552.0,IF,1449552.0,1.0
Olmo-3-7b,IF,model.layers.17.self_attn.k_proj.weight,67,5046248.5,Math,22827712.0,0.22105800616373641
Olmo-3-7b,IF,model.layers.17.self_attn.k_proj.weight,67,5046248.5,Code,7839597.5,0.6436871918488162
Olmo-3-7b,IF,model.layers.17.self_attn.k_proj.weight,67,5046248.5,IF,5046248.5,1.0
Olmo-3-7b,IF,model.layers.17.self_attn.o_proj.weight,68,511725.15625,Math,1898816.75,0.2694968623222857
Olmo-3-7b,IF,model.layers.17.self_attn.o_proj.weight,68,511725.15625,Code,789881.25,0.6478507449695762
Olmo-3-7b,IF,model.layers.17.self_attn.o_proj.weight,68,511725.15625,IF,511725.15625,1.0
Olmo-3-7b,IF,model.layers.17.self_attn.q_proj.weight,69,3833037.25,Math,23163426.0,0.16547799319496176
Olmo-3-7b,IF,model.layers.17.self_attn.q_proj.weight,69,3833037.25,Code,8818979.0,0.4346350354162313
Olmo-3-7b,IF,model.layers.17.self_attn.q_proj.weight,69,3833037.25,IF,3833037.25,1.0
Olmo-3-7b,IF,model.layers.17.self_attn.v_proj.weight,70,2604783.5,Math,11287028.0,0.23077673768506643
Olmo-3-7b,IF,model.layers.17.self_attn.v_proj.weight,70,2604783.5,Code,4468797.5,0.5828824197113429
Olmo-3-7b,IF,model.layers.17.self_attn.v_proj.weight,70,2604783.5,IF,2604783.5,1.0
Olmo-3-7b,IF,model.layers.18.mlp.down_proj.weight,71,994592.875,Math,2338849.75,0.4252487253616869
Olmo-3-7b,IF,model.layers.18.mlp.down_proj.weight,71,994592.875,Code,1266194.375,0.7854977834663023
Olmo-3-7b,IF,model.layers.18.mlp.down_proj.weight,71,994592.875,IF,994592.875,1.0
Olmo-3-7b,IF,model.layers.18.mlp.gate_proj.weight,72,2043625.125,Math,9806633.0,0.2083921285725692
Olmo-3-7b,IF,model.layers.18.mlp.gate_proj.weight,72,2043625.125,Code,4250972.5,0.48074296528617866
Olmo-3-7b,IF,model.layers.18.mlp.gate_proj.weight,72,2043625.125,IF,2043625.125,1.0
Olmo-3-7b,IF,model.layers.18.mlp.up_proj.weight,73,1922763.875,Math,9832314.0,0.195555580812411
Olmo-3-7b,IF,model.layers.18.mlp.up_proj.weight,73,1922763.875,Code,4198319.5,0.45798417080929643
Olmo-3-7b,IF,model.layers.18.mlp.up_proj.weight,73,1922763.875,IF,1922763.875,1.0
Olmo-3-7b,IF,model.layers.18.self_attn.k_proj.weight,74,7112111.5,Math,24805100.0,0.28671972699162673
Olmo-3-7b,IF,model.layers.18.self_attn.k_proj.weight,74,7112111.5,Code,7957039.5,0.8938137733261221
Olmo-3-7b,IF,model.layers.18.self_attn.k_proj.weight,74,7112111.5,IF,7112111.5,1.0
Olmo-3-7b,IF,model.layers.18.self_attn.o_proj.weight,75,801824.9375,Math,1472623.0,0.5444875827010714
Olmo-3-7b,IF,model.layers.18.self_attn.o_proj.weight,75,801824.9375,Code,813589.8125,0.9855395497592959
Olmo-3-7b,IF,model.layers.18.self_attn.o_proj.weight,75,801824.9375,IF,801824.9375,1.0
Olmo-3-7b,IF,model.layers.18.self_attn.q_proj.weight,76,5391268.0,Math,26434096.0,0.20395129078747387
Olmo-3-7b,IF,model.layers.18.self_attn.q_proj.weight,76,5391268.0,Code,9528656.0,0.5657952181293983
Olmo-3-7b,IF,model.layers.18.self_attn.q_proj.weight,76,5391268.0,IF,5391268.0,1.0
Olmo-3-7b,IF,model.layers.18.self_attn.v_proj.weight,77,3823910.0,Math,11074564.0,0.3452876338969191
Olmo-3-7b,IF,model.layers.18.self_attn.v_proj.weight,77,3823910.0,Code,4783312.0,0.7994272587696558
Olmo-3-7b,IF,model.layers.18.self_attn.v_proj.weight,77,3823910.0,IF,3823910.0,1.0
Olmo-3-7b,IF,model.layers.19.mlp.down_proj.weight,78,1565755.25,Math,4062355.0,0.385430433824715
Olmo-3-7b,IF,model.layers.19.mlp.down_proj.weight,78,1565755.25,Code,1700331.125,0.9208531367676988
Olmo-3-7b,IF,model.layers.19.mlp.down_proj.weight,78,1565755.25,IF,1565755.25,1.0
Olmo-3-7b,IF,model.layers.19.mlp.gate_proj.weight,79,2517167.0,Math,10773706.0,0.23363984500783666
Olmo-3-7b,IF,model.layers.19.mlp.gate_proj.weight,79,2517167.0,Code,4632135.5,0.543413939423836
Olmo-3-7b,IF,model.layers.19.mlp.gate_proj.weight,79,2517167.0,IF,2517167.0,1.0
Olmo-3-7b,IF,model.layers.19.mlp.up_proj.weight,80,2444579.25,Math,10531838.0,0.23211325981276962
Olmo-3-7b,IF,model.layers.19.mlp.up_proj.weight,80,2444579.25,Code,4458433.5,0.5483045222049404
Olmo-3-7b,IF,model.layers.19.mlp.up_proj.weight,80,2444579.25,IF,2444579.25,1.0
Olmo-3-7b,IF,model.layers.19.self_attn.k_proj.weight,81,7114034.5,Math,23057808.0,0.30853039022616546
Olmo-3-7b,IF,model.layers.19.self_attn.k_proj.weight,81,7114034.5,Code,13843624.0,0.5138852731047882
Olmo-3-7b,IF,model.layers.19.self_attn.k_proj.weight,81,7114034.5,IF,7114034.5,1.0
Olmo-3-7b,IF,model.layers.19.self_attn.o_proj.weight,82,1607556.5,Math,2306209.75,0.6970556342500936
Olmo-3-7b,IF,model.layers.19.self_attn.o_proj.weight,82,1607556.5,Code,1372035.125,1.1716584150861298
Olmo-3-7b,IF,model.layers.19.self_attn.o_proj.weight,82,1607556.5,IF,1607556.5,1.0
Olmo-3-7b,IF,model.layers.19.self_attn.q_proj.weight,83,6953002.0,Math,30996184.0,0.22431799991895776
Olmo-3-7b,IF,model.layers.19.self_attn.q_proj.weight,83,6953002.0,Code,15672976.0,0.443629978122853
Olmo-3-7b,IF,model.layers.19.self_attn.q_proj.weight,83,6953002.0,IF,6953002.0,1.0
Olmo-3-7b,IF,model.layers.19.self_attn.v_proj.weight,84,4103901.25,Math,10780041.0,0.3806944008840041
Olmo-3-7b,IF,model.layers.19.self_attn.v_proj.weight,84,4103901.25,Code,4569469.0,0.8981133803511961
Olmo-3-7b,IF,model.layers.19.self_attn.v_proj.weight,84,4103901.25,IF,4103901.25,1.0
Olmo-3-7b,IF,model.layers.2.mlp.down_proj.weight,85,9315.111328125,Math,12442.3818359375,0.7486598185903632
Olmo-3-7b,IF,model.layers.2.mlp.down_proj.weight,85,9315.111328125,Code,6727.1640625,1.3847010778362445
Olmo-3-7b,IF,model.layers.2.mlp.down_proj.weight,85,9315.111328125,IF,9315.111328125,1.0
Olmo-3-7b,IF,model.layers.2.mlp.gate_proj.weight,86,158193.421875,Math,340439.90625,0.46467355609841937
Olmo-3-7b,IF,model.layers.2.mlp.gate_proj.weight,86,158193.421875,Code,186589.859375,0.8478136079038995
Olmo-3-7b,IF,model.layers.2.mlp.gate_proj.weight,86,158193.421875,IF,158193.421875,1.0
Olmo-3-7b,IF,model.layers.2.mlp.up_proj.weight,87,151147.609375,Math,334430.46875,0.45195525975831113
Olmo-3-7b,IF,model.layers.2.mlp.up_proj.weight,87,151147.609375,Code,159517.0625,0.9475325523562722
Olmo-3-7b,IF,model.layers.2.mlp.up_proj.weight,87,151147.609375,IF,151147.609375,1.0
Olmo-3-7b,IF,model.layers.2.self_attn.k_proj.weight,88,421282.375,Math,933209.8125,0.45143371764535534
Olmo-3-7b,IF,model.layers.2.self_attn.k_proj.weight,88,421282.375,Code,487305.65625,0.8645136160370599
Olmo-3-7b,IF,model.layers.2.self_attn.k_proj.weight,88,421282.375,IF,421282.375,1.0
Olmo-3-7b,IF,model.layers.2.self_attn.o_proj.weight,89,50961.49609375,Math,96630.71875,0.5273840115542967
Olmo-3-7b,IF,model.layers.2.self_attn.o_proj.weight,89,50961.49609375,Code,55179.84375,0.9235527437271875
Olmo-3-7b,IF,model.layers.2.self_attn.o_proj.weight,89,50961.49609375,IF,50961.49609375,1.0
Olmo-3-7b,IF,model.layers.2.self_attn.q_proj.weight,90,471244.75,Math,944023.0,0.4991877846196544
Olmo-3-7b,IF,model.layers.2.self_attn.q_proj.weight,90,471244.75,Code,473413.625,0.9954186468545344
Olmo-3-7b,IF,model.layers.2.self_attn.q_proj.weight,90,471244.75,IF,471244.75,1.0
Olmo-3-7b,IF,model.layers.2.self_attn.v_proj.weight,91,207380.65625,Math,379192.375,0.5469009134215845
Olmo-3-7b,IF,model.layers.2.self_attn.v_proj.weight,91,207380.65625,Code,159413.421875,1.3008983422525884
Olmo-3-7b,IF,model.layers.2.self_attn.v_proj.weight,91,207380.65625,IF,207380.65625,1.0
Olmo-3-7b,IF,model.layers.20.mlp.down_proj.weight,92,1831405.875,Math,3981361.5,0.459994872357107
Olmo-3-7b,IF,model.layers.20.mlp.down_proj.weight,92,1831405.875,Code,2072108.625,0.8838368089896832
Olmo-3-7b,IF,model.layers.20.mlp.down_proj.weight,92,1831405.875,IF,1831405.875,1.0
Olmo-3-7b,IF,model.layers.20.mlp.gate_proj.weight,93,3175123.75,Math,10942385.0,0.2901674315060199
Olmo-3-7b,IF,model.layers.20.mlp.gate_proj.weight,93,3175123.75,Code,5280976.5,0.6012380002069693
Olmo-3-7b,IF,model.layers.20.mlp.gate_proj.weight,93,3175123.75,IF,3175123.75,1.0
Olmo-3-7b,IF,model.layers.20.mlp.up_proj.weight,94,3042631.5,Math,11257306.0,0.27028060710084634
Olmo-3-7b,IF,model.layers.20.mlp.up_proj.weight,94,3042631.5,Code,5100550.5,0.596530021612373
Olmo-3-7b,IF,model.layers.20.mlp.up_proj.weight,94,3042631.5,IF,3042631.5,1.0
Olmo-3-7b,IF,model.layers.20.self_attn.k_proj.weight,95,8540550.0,Math,35475688.0,0.24074374540671348
Olmo-3-7b,IF,model.layers.20.self_attn.k_proj.weight,95,8540550.0,Code,13698825.0,0.623451281405522
Olmo-3-7b,IF,model.layers.20.self_attn.k_proj.weight,95,8540550.0,IF,8540550.0,1.0
Olmo-3-7b,IF,model.layers.20.self_attn.o_proj.weight,96,1227351.125,Math,2243606.5,0.5470438443639738
Olmo-3-7b,IF,model.layers.20.self_attn.o_proj.weight,96,1227351.125,Code,1165218.875,1.0533223854617013
Olmo-3-7b,IF,model.layers.20.self_attn.o_proj.weight,96,1227351.125,IF,1227351.125,1.0
Olmo-3-7b,IF,model.layers.20.self_attn.q_proj.weight,97,6903552.0,Math,34339340.0,0.20103915800361918
Olmo-3-7b,IF,model.layers.20.self_attn.q_proj.weight,97,6903552.0,Code,18031904.0,0.38285208261978326
Olmo-3-7b,IF,model.layers.20.self_attn.q_proj.weight,97,6903552.0,IF,6903552.0,1.0
Olmo-3-7b,IF,model.layers.20.self_attn.v_proj.weight,98,4823500.0,Math,12069305.0,0.3996501869825976
Olmo-3-7b,IF,model.layers.20.self_attn.v_proj.weight,98,4823500.0,Code,5359963.0,0.8999129285034244
Olmo-3-7b,IF,model.layers.20.self_attn.v_proj.weight,98,4823500.0,IF,4823500.0,1.0
Olmo-3-7b,IF,model.layers.21.mlp.down_proj.weight,99,2517118.25,Math,5839182.5,0.43107374191507114
Olmo-3-7b,IF,model.layers.21.mlp.down_proj.weight,99,2517118.25,Code,2743342.0,0.9175371681693351
Olmo-3-7b,IF,model.layers.21.mlp.down_proj.weight,99,2517118.25,IF,2517118.25,1.0
Olmo-3-7b,IF,model.layers.21.mlp.gate_proj.weight,100,3615410.0,Math,12063695.0,0.29969341897320845
Olmo-3-7b,IF,model.layers.21.mlp.gate_proj.weight,100,3615410.0,Code,5727704.5,0.6312144769339969
Olmo-3-7b,IF,model.layers.21.mlp.gate_proj.weight,100,3615410.0,IF,3615410.0,1.0
Olmo-3-7b,IF,model.layers.21.mlp.up_proj.weight,101,3471039.25,Math,12179426.0,0.2849920226125599
Olmo-3-7b,IF,model.layers.21.mlp.up_proj.weight,101,3471039.25,Code,5494247.5,0.6317588077348172
Olmo-3-7b,IF,model.layers.21.mlp.up_proj.weight,101,3471039.25,IF,3471039.25,1.0
Olmo-3-7b,IF,model.layers.21.self_attn.k_proj.weight,102,11603955.0,Math,30238642.0,0.3837459036685576
Olmo-3-7b,IF,model.layers.21.self_attn.k_proj.weight,102,11603955.0,Code,12987828.0,0.8934484657480836
Olmo-3-7b,IF,model.layers.21.self_attn.k_proj.weight,102,11603955.0,IF,11603955.0,1.0
Olmo-3-7b,IF,model.layers.21.self_attn.o_proj.weight,103,829734.3125,Math,1380080.25,0.6012217858345557
Olmo-3-7b,IF,model.layers.21.self_attn.o_proj.weight,103,829734.3125,Code,580265.5625,1.4299216877961805
Olmo-3-7b,IF,model.layers.21.self_attn.o_proj.weight,103,829734.3125,IF,829734.3125,1.0
Olmo-3-7b,IF,model.layers.21.self_attn.q_proj.weight,104,9226015.0,Math,29883330.0,0.3087345018108758
Olmo-3-7b,IF,model.layers.21.self_attn.q_proj.weight,104,9226015.0,Code,15532178.0,0.593993643389871
Olmo-3-7b,IF,model.layers.21.self_attn.q_proj.weight,104,9226015.0,IF,9226015.0,1.0
Olmo-3-7b,IF,model.layers.21.self_attn.v_proj.weight,105,6433013.0,Math,14726149.0,0.4368428568799623
Olmo-3-7b,IF,model.layers.21.self_attn.v_proj.weight,105,6433013.0,Code,5199533.0,1.237228997296488
Olmo-3-7b,IF,model.layers.21.self_attn.v_proj.weight,105,6433013.0,IF,6433013.0,1.0
Olmo-3-7b,IF,model.layers.22.mlp.down_proj.weight,106,6018746.5,Math,9347868.0,0.643863017749074
Olmo-3-7b,IF,model.layers.22.mlp.down_proj.weight,106,6018746.5,Code,5285329.5,1.13876466926045
Olmo-3-7b,IF,model.layers.22.mlp.down_proj.weight,106,6018746.5,IF,6018746.5,1.0
Olmo-3-7b,IF,model.layers.22.mlp.gate_proj.weight,107,4479227.5,Math,12317268.0,0.36365430223650247
Olmo-3-7b,IF,model.layers.22.mlp.gate_proj.weight,107,4479227.5,Code,6370122.5,0.7031619093667351
Olmo-3-7b,IF,model.layers.22.mlp.gate_proj.weight,107,4479227.5,IF,4479227.5,1.0
Olmo-3-7b,IF,model.layers.22.mlp.up_proj.weight,108,4307019.0,Math,12615685.0,0.3414019135702897
Olmo-3-7b,IF,model.layers.22.mlp.up_proj.weight,108,4307019.0,Code,5929004.5,0.7264320679803835
Olmo-3-7b,IF,model.layers.22.mlp.up_proj.weight,108,4307019.0,IF,4307019.0,1.0
Olmo-3-7b,IF,model.layers.22.self_attn.k_proj.weight,109,10966739.0,Math,36929892.0,0.29696103633338544
Olmo-3-7b,IF,model.layers.22.self_attn.k_proj.weight,109,10966739.0,Code,16003072.0,0.6852896118945162
Olmo-3-7b,IF,model.layers.22.self_attn.k_proj.weight,109,10966739.0,IF,10966739.0,1.0
Olmo-3-7b,IF,model.layers.22.self_attn.o_proj.weight,110,1546947.375,Math,2659308.75,0.581710331679238
Olmo-3-7b,IF,model.layers.22.self_attn.o_proj.weight,110,1546947.375,Code,1200960.875,1.2880914001465702
Olmo-3-7b,IF,model.layers.22.self_attn.o_proj.weight,110,1546947.375,IF,1546947.375,1.0
Olmo-3-7b,IF,model.layers.22.self_attn.q_proj.weight,111,9906741.0,Math,37964456.0,0.26094779285129227
Olmo-3-7b,IF,model.layers.22.self_attn.q_proj.weight,111,9906741.0,Code,20433962.0,0.4848174328600591
Olmo-3-7b,IF,model.layers.22.self_attn.q_proj.weight,111,9906741.0,IF,9906741.0,1.0
Olmo-3-7b,IF,model.layers.22.self_attn.v_proj.weight,112,5735598.5,Math,14274340.0,0.4018118175691486
Olmo-3-7b,IF,model.layers.22.self_attn.v_proj.weight,112,5735598.5,Code,5250226.0,1.0924479250988433
Olmo-3-7b,IF,model.layers.22.self_attn.v_proj.weight,112,5735598.5,IF,5735598.5,1.0
Olmo-3-7b,IF,model.layers.23.mlp.down_proj.weight,113,7224229.5,Math,10833154.0,0.6668629929935456
Olmo-3-7b,IF,model.layers.23.mlp.down_proj.weight,113,7224229.5,Code,6115850.0,1.1812306547740707
Olmo-3-7b,IF,model.layers.23.mlp.down_proj.weight,113,7224229.5,IF,7224229.5,1.0
Olmo-3-7b,IF,model.layers.23.mlp.gate_proj.weight,114,5451016.0,Math,12805097.0,0.42569111346833216
Olmo-3-7b,IF,model.layers.23.mlp.gate_proj.weight,114,5451016.0,Code,6553974.5,0.8317115057435759
Olmo-3-7b,IF,model.layers.23.mlp.gate_proj.weight,114,5451016.0,IF,5451016.0,1.0
Olmo-3-7b,IF,model.layers.23.mlp.up_proj.weight,115,5303675.5,Math,13034939.0,0.40688149748917124
Olmo-3-7b,IF,model.layers.23.mlp.up_proj.weight,115,5303675.5,Code,6113998.0,0.8674643825529547
Olmo-3-7b,IF,model.layers.23.mlp.up_proj.weight,115,5303675.5,IF,5303675.5,1.0
Olmo-3-7b,IF,model.layers.23.self_attn.k_proj.weight,116,7102794.5,Math,31956900.0,0.22226168683445516
Olmo-3-7b,IF,model.layers.23.self_attn.k_proj.weight,116,7102794.5,Code,18952484.0,0.3747685263841932
Olmo-3-7b,IF,model.layers.23.self_attn.k_proj.weight,116,7102794.5,IF,7102794.5,1.0
Olmo-3-7b,IF,model.layers.23.self_attn.o_proj.weight,117,2082203.25,Math,2575035.5,0.8086114735117244
Olmo-3-7b,IF,model.layers.23.self_attn.o_proj.weight,117,2082203.25,Code,1165535.5,1.7864777606516489
Olmo-3-7b,IF,model.layers.23.self_attn.o_proj.weight,117,2082203.25,IF,2082203.25,1.0
Olmo-3-7b,IF,model.layers.23.self_attn.q_proj.weight,118,7902551.5,Math,25691502.0,0.3075939857467267
Olmo-3-7b,IF,model.layers.23.self_attn.q_proj.weight,118,7902551.5,Code,12797574.0,0.6175038722182814
Olmo-3-7b,IF,model.layers.23.self_attn.q_proj.weight,118,7902551.5,IF,7902551.5,1.0
Olmo-3-7b,IF,model.layers.23.self_attn.v_proj.weight,119,7301152.0,Math,13963820.0,0.522862082152305
Olmo-3-7b,IF,model.layers.23.self_attn.v_proj.weight,119,7301152.0,Code,5160696.5,1.4147609726710337
Olmo-3-7b,IF,model.layers.23.self_attn.v_proj.weight,119,7301152.0,IF,7301152.0,1.0
Olmo-3-7b,IF,model.layers.24.mlp.down_proj.weight,120,15413720.0,Math,18422294.0,0.8366884167628635
Olmo-3-7b,IF,model.layers.24.mlp.down_proj.weight,120,15413720.0,Code,10980373.0,1.403751949045811
Olmo-3-7b,IF,model.layers.24.mlp.down_proj.weight,120,15413720.0,IF,15413720.0,1.0
Olmo-3-7b,IF,model.layers.24.mlp.gate_proj.weight,121,6351538.0,Math,14004165.0,0.45354635567347285
Olmo-3-7b,IF,model.layers.24.mlp.gate_proj.weight,121,6351538.0,Code,7149437.0,0.8883969465008223
Olmo-3-7b,IF,model.layers.24.mlp.gate_proj.weight,121,6351538.0,IF,6351538.0,1.0
Olmo-3-7b,IF,model.layers.24.mlp.up_proj.weight,122,6252662.5,Math,13823094.0,0.4523345135322092
Olmo-3-7b,IF,model.layers.24.mlp.up_proj.weight,122,6252662.5,Code,6694034.0,0.9340649449943039
Olmo-3-7b,IF,model.layers.24.mlp.up_proj.weight,122,6252662.5,IF,6252662.5,1.0
Olmo-3-7b,IF,model.layers.24.self_attn.k_proj.weight,123,16835832.0,Math,45804724.0,0.36755667384874974
Olmo-3-7b,IF,model.layers.24.self_attn.k_proj.weight,123,16835832.0,Code,18729258.0,0.8989054451596534
Olmo-3-7b,IF,model.layers.24.self_attn.k_proj.weight,123,16835832.0,IF,16835832.0,1.0
Olmo-3-7b,IF,model.layers.24.self_attn.o_proj.weight,124,1427262.125,Math,1356869.25,1.051878893268456
Olmo-3-7b,IF,model.layers.24.self_attn.o_proj.weight,124,1427262.125,Code,575489.8125,2.4800823472439837
Olmo-3-7b,IF,model.layers.24.self_attn.o_proj.weight,124,1427262.125,IF,1427262.125,1.0
Olmo-3-7b,IF,model.layers.24.self_attn.q_proj.weight,125,15531323.0,Math,44240688.0,0.3510642284767362
Olmo-3-7b,IF,model.layers.24.self_attn.q_proj.weight,125,15531323.0,Code,19690194.0,0.7887846610348278
Olmo-3-7b,IF,model.layers.24.self_attn.q_proj.weight,125,15531323.0,IF,15531323.0,1.0
Olmo-3-7b,IF,model.layers.24.self_attn.v_proj.weight,126,8954377.0,Math,17997950.0,0.49752205112248893
Olmo-3-7b,IF,model.layers.24.self_attn.v_proj.weight,126,8954377.0,Code,5763625.5,1.5536014614412403
Olmo-3-7b,IF,model.layers.24.self_attn.v_proj.weight,126,8954377.0,IF,8954377.0,1.0
Olmo-3-7b,IF,model.layers.25.mlp.down_proj.weight,127,55885928.0,Math,50449008.0,1.107770602744062
Olmo-3-7b,IF,model.layers.25.mlp.down_proj.weight,127,55885928.0,Code,30770790.0,1.816200624033377
Olmo-3-7b,IF,model.layers.25.mlp.down_proj.weight,127,55885928.0,IF,55885928.0,1.0
Olmo-3-7b,IF,model.layers.25.mlp.gate_proj.weight,128,7762177.0,Math,15169607.0,0.5116926892041436
Olmo-3-7b,IF,model.layers.25.mlp.gate_proj.weight,128,7762177.0,Code,7572543.5,1.025042246373362
Olmo-3-7b,IF,model.layers.25.mlp.gate_proj.weight,128,7762177.0,IF,7762177.0,1.0
Olmo-3-7b,IF,model.layers.25.mlp.up_proj.weight,129,7572312.5,Math,14809914.0,0.5113002344240486
Olmo-3-7b,IF,model.layers.25.mlp.up_proj.weight,129,7572312.5,Code,7128507.0,1.0622578472603028
Olmo-3-7b,IF,model.layers.25.mlp.up_proj.weight,129,7572312.5,IF,7572312.5,1.0
Olmo-3-7b,IF,model.layers.25.self_attn.k_proj.weight,130,16524222.0,Math,43991376.0,0.37562412232797626
Olmo-3-7b,IF,model.layers.25.self_attn.k_proj.weight,130,16524222.0,Code,16245597.0,1.0171508009216281
Olmo-3-7b,IF,model.layers.25.self_attn.k_proj.weight,130,16524222.0,IF,16524222.0,1.0
Olmo-3-7b,IF,model.layers.25.self_attn.o_proj.weight,131,2484024.75,Math,2178318.0,1.1403407353747248
Olmo-3-7b,IF,model.layers.25.self_attn.o_proj.weight,131,2484024.75,Code,918537.3125,2.7043264505381757
Olmo-3-7b,IF,model.layers.25.self_attn.o_proj.weight,131,2484024.75,IF,2484024.75,1.0
Olmo-3-7b,IF,model.layers.25.self_attn.q_proj.weight,132,14766040.0,Math,48599588.0,0.3038305592220247
Olmo-3-7b,IF,model.layers.25.self_attn.q_proj.weight,132,14766040.0,Code,21148766.0,0.6981986561296295
Olmo-3-7b,IF,model.layers.25.self_attn.q_proj.weight,132,14766040.0,IF,14766040.0,1.0
Olmo-3-7b,IF,model.layers.25.self_attn.v_proj.weight,133,9833713.0,Math,15999690.0,0.6146189707425581
Olmo-3-7b,IF,model.layers.25.self_attn.v_proj.weight,133,9833713.0,Code,5461381.5,1.8005907479636791
Olmo-3-7b,IF,model.layers.25.self_attn.v_proj.weight,133,9833713.0,IF,9833713.0,1.0
Olmo-3-7b,IF,model.layers.26.mlp.down_proj.weight,134,90983600.0,Math,59672036.0,1.5247275960216944
Olmo-3-7b,IF,model.layers.26.mlp.down_proj.weight,134,90983600.0,Code,49106212.0,1.8527920663072117
Olmo-3-7b,IF,model.layers.26.mlp.down_proj.weight,134,90983600.0,IF,90983600.0,1.0
Olmo-3-7b,IF,model.layers.26.mlp.gate_proj.weight,135,8998441.0,Math,17332330.0,0.5191708789297227
Olmo-3-7b,IF,model.layers.26.mlp.gate_proj.weight,135,8998441.0,Code,8636712.0,1.0418827211096076
Olmo-3-7b,IF,model.layers.26.mlp.gate_proj.weight,135,8998441.0,IF,8998441.0,1.0
Olmo-3-7b,IF,model.layers.26.mlp.up_proj.weight,136,9051175.0,Math,17002758.0,0.5323356951854517
Olmo-3-7b,IF,model.layers.26.mlp.up_proj.weight,136,9051175.0,Code,8221339.5,1.1009367755704529
Olmo-3-7b,IF,model.layers.26.mlp.up_proj.weight,136,9051175.0,IF,9051175.0,1.0
Olmo-3-7b,IF,model.layers.26.self_attn.k_proj.weight,137,23426494.0,Math,43753000.0,0.5354260050739378
Olmo-3-7b,IF,model.layers.26.self_attn.k_proj.weight,137,23426494.0,Code,23508920.0,0.9964938414865506
Olmo-3-7b,IF,model.layers.26.self_attn.k_proj.weight,137,23426494.0,IF,23426494.0,1.0
Olmo-3-7b,IF,model.layers.26.self_attn.o_proj.weight,138,1953367.625,Math,1550677.375,1.2596866740252788
Olmo-3-7b,IF,model.layers.26.self_attn.o_proj.weight,138,1953367.625,Code,673294.375,2.901208888014251
Olmo-3-7b,IF,model.layers.26.self_attn.o_proj.weight,138,1953367.625,IF,1953367.625,1.0
Olmo-3-7b,IF,model.layers.26.self_attn.q_proj.weight,139,19181800.0,Math,41143732.0,0.46621439202452514
Olmo-3-7b,IF,model.layers.26.self_attn.q_proj.weight,139,19181800.0,Code,25478730.0,0.7528554209727094
Olmo-3-7b,IF,model.layers.26.self_attn.q_proj.weight,139,19181800.0,IF,19181800.0,1.0
Olmo-3-7b,IF,model.layers.26.self_attn.v_proj.weight,140,12710907.0,Math,17717596.0,0.7174171371782041
Olmo-3-7b,IF,model.layers.26.self_attn.v_proj.weight,140,12710907.0,Code,6724314.5,1.8902903782980407
Olmo-3-7b,IF,model.layers.26.self_attn.v_proj.weight,140,12710907.0,IF,12710907.0,1.0
Olmo-3-7b,IF,model.layers.27.mlp.down_proj.weight,141,138586240.0,Math,81458912.0,1.701302369469408
Olmo-3-7b,IF,model.layers.27.mlp.down_proj.weight,141,138586240.0,Code,62741500.0,2.2088448634476383
Olmo-3-7b,IF,model.layers.27.mlp.down_proj.weight,141,138586240.0,IF,138586240.0,1.0
Olmo-3-7b,IF,model.layers.27.mlp.gate_proj.weight,142,10886327.0,Math,17897516.0,0.6082591014306119
Olmo-3-7b,IF,model.layers.27.mlp.gate_proj.weight,142,10886327.0,Code,8761735.0,1.2424853068484725
Olmo-3-7b,IF,model.layers.27.mlp.gate_proj.weight,142,10886327.0,IF,10886327.0,1.0
Olmo-3-7b,IF,model.layers.27.mlp.up_proj.weight,143,10815957.0,Math,17466054.0,0.6192559006172774
Olmo-3-7b,IF,model.layers.27.mlp.up_proj.weight,143,10815957.0,Code,8289406.0,1.3047927680222202
Olmo-3-7b,IF,model.layers.27.mlp.up_proj.weight,143,10815957.0,IF,10815957.0,1.0
Olmo-3-7b,IF,model.layers.27.self_attn.k_proj.weight,144,22930848.0,Math,36405132.0,0.6298795455541818
Olmo-3-7b,IF,model.layers.27.self_attn.k_proj.weight,144,22930848.0,Code,18374904.0,1.2479438259922337
Olmo-3-7b,IF,model.layers.27.self_attn.k_proj.weight,144,22930848.0,IF,22930848.0,1.0
Olmo-3-7b,IF,model.layers.27.self_attn.o_proj.weight,145,2441591.25,Math,1374769.25,1.7760007724932747
Olmo-3-7b,IF,model.layers.27.self_attn.o_proj.weight,145,2441591.25,Code,533715.125,4.574708745606563
Olmo-3-7b,IF,model.layers.27.self_attn.o_proj.weight,145,2441591.25,IF,2441591.25,1.0
Olmo-3-7b,IF,model.layers.27.self_attn.q_proj.weight,146,15887502.0,Math,33301578.0,0.47707955460849333
Olmo-3-7b,IF,model.layers.27.self_attn.q_proj.weight,146,15887502.0,Code,20774662.0,0.7647538140452056
Olmo-3-7b,IF,model.layers.27.self_attn.q_proj.weight,146,15887502.0,IF,15887502.0,1.0
Olmo-3-7b,IF,model.layers.27.self_attn.v_proj.weight,147,13977167.0,Math,13205378.0,1.0584450517054491
Olmo-3-7b,IF,model.layers.27.self_attn.v_proj.weight,147,13977167.0,Code,5000394.0,2.7952131372047884
Olmo-3-7b,IF,model.layers.27.self_attn.v_proj.weight,147,13977167.0,IF,13977167.0,1.0
Olmo-3-7b,IF,model.layers.28.mlp.down_proj.weight,148,120381752.0,Math,54141272.0,2.223474764316583
Olmo-3-7b,IF,model.layers.28.mlp.down_proj.weight,148,120381752.0,Code,44716504.0,2.6921100987680076
Olmo-3-7b,IF,model.layers.28.mlp.down_proj.weight,148,120381752.0,IF,120381752.0,1.0
Olmo-3-7b,IF,model.layers.28.mlp.gate_proj.weight,149,12414154.0,Math,19044718.0,0.6518423638512264
Olmo-3-7b,IF,model.layers.28.mlp.gate_proj.weight,149,12414154.0,Code,8753785.0,1.4181470072659998
Olmo-3-7b,IF,model.layers.28.mlp.gate_proj.weight,149,12414154.0,IF,12414154.0,1.0
Olmo-3-7b,IF,model.layers.28.mlp.up_proj.weight,150,12645406.0,Math,18597028.0,0.6799691864743119
Olmo-3-7b,IF,model.layers.28.mlp.up_proj.weight,150,12645406.0,Code,7998975.5,1.580878201214643
Olmo-3-7b,IF,model.layers.28.mlp.up_proj.weight,150,12645406.0,IF,12645406.0,1.0
Olmo-3-7b,IF,model.layers.28.self_attn.k_proj.weight,151,18027860.0,Math,27654310.0,0.6519005536569165
Olmo-3-7b,IF,model.layers.28.self_attn.k_proj.weight,151,18027860.0,Code,24019300.0,0.7505572602032532
Olmo-3-7b,IF,model.layers.28.self_attn.k_proj.weight,151,18027860.0,IF,18027860.0,1.0
Olmo-3-7b,IF,model.layers.28.self_attn.o_proj.weight,152,2777221.25,Math,1761066.125,1.5770113402186985
Olmo-3-7b,IF,model.layers.28.self_attn.o_proj.weight,152,2777221.25,Code,770048.4375,3.6065539708338155
Olmo-3-7b,IF,model.layers.28.self_attn.o_proj.weight,152,2777221.25,IF,2777221.25,1.0
Olmo-3-7b,IF,model.layers.28.self_attn.q_proj.weight,153,17374964.0,Math,40855096.0,0.42528266241254215
Olmo-3-7b,IF,model.layers.28.self_attn.q_proj.weight,153,17374964.0,Code,26732982.0,0.6499448508961702
Olmo-3-7b,IF,model.layers.28.self_attn.q_proj.weight,153,17374964.0,IF,17374964.0,1.0
Olmo-3-7b,IF,model.layers.28.self_attn.v_proj.weight,154,12264783.0,Math,12293795.0,0.9976401103158138
Olmo-3-7b,IF,model.layers.28.self_attn.v_proj.weight,154,12264783.0,Code,5686460.5,2.1568395665458326
Olmo-3-7b,IF,model.layers.28.self_attn.v_proj.weight,154,12264783.0,IF,12264783.0,1.0
Olmo-3-7b,IF,model.layers.29.mlp.down_proj.weight,155,58610724.0,Math,30626624.0,1.9137180774479094
Olmo-3-7b,IF,model.layers.29.mlp.down_proj.weight,155,58610724.0,Code,29327730.0,1.9984746177082235
Olmo-3-7b,IF,model.layers.29.mlp.down_proj.weight,155,58610724.0,IF,58610724.0,1.0
Olmo-3-7b,IF,model.layers.29.mlp.gate_proj.weight,156,13872612.0,Math,18721254.0,0.741008695250863
Olmo-3-7b,IF,model.layers.29.mlp.gate_proj.weight,156,13872612.0,Code,8390165.0,1.6534373281097572
Olmo-3-7b,IF,model.layers.29.mlp.gate_proj.weight,156,13872612.0,IF,13872612.0,1.0
Olmo-3-7b,IF,model.layers.29.mlp.up_proj.weight,157,14706353.0,Math,18263840.0,0.8052169204285626
Olmo-3-7b,IF,model.layers.29.mlp.up_proj.weight,157,14706353.0,Code,8234503.5,1.7859428926103438
Olmo-3-7b,IF,model.layers.29.mlp.up_proj.weight,157,14706353.0,IF,14706353.0,1.0
Olmo-3-7b,IF,model.layers.29.self_attn.k_proj.weight,158,24801054.0,Math,39098144.0,0.6343281665748635
Olmo-3-7b,IF,model.layers.29.self_attn.k_proj.weight,158,24801054.0,Code,24029550.0,1.0321064689101545
Olmo-3-7b,IF,model.layers.29.self_attn.k_proj.weight,158,24801054.0,IF,24801054.0,1.0
Olmo-3-7b,IF,model.layers.29.self_attn.o_proj.weight,159,2598135.5,Math,1831904.0,1.418270553478785
Olmo-3-7b,IF,model.layers.29.self_attn.o_proj.weight,159,2598135.5,Code,729602.625,3.56102816927228
Olmo-3-7b,IF,model.layers.29.self_attn.o_proj.weight,159,2598135.5,IF,2598135.5,1.0
Olmo-3-7b,IF,model.layers.29.self_attn.q_proj.weight,160,20871292.0,Math,43079280.0,0.48448562742924206
Olmo-3-7b,IF,model.layers.29.self_attn.q_proj.weight,160,20871292.0,Code,23410838.0,0.891522635798001
Olmo-3-7b,IF,model.layers.29.self_attn.q_proj.weight,160,20871292.0,IF,20871292.0,1.0
Olmo-3-7b,IF,model.layers.29.self_attn.v_proj.weight,161,10577271.0,Math,12200948.0,0.8669220621217302
Olmo-3-7b,IF,model.layers.29.self_attn.v_proj.weight,161,10577271.0,Code,4531003.0,2.334421539778279
Olmo-3-7b,IF,model.layers.29.self_attn.v_proj.weight,161,10577271.0,IF,10577271.0,1.0
Olmo-3-7b,IF,model.layers.3.mlp.down_proj.weight,162,7113.5185546875,Math,5288.84130859375,1.3450051040723916
Olmo-3-7b,IF,model.layers.3.mlp.down_proj.weight,162,7113.5185546875,Code,3164.816650390625,2.2476874146277943
Olmo-3-7b,IF,model.layers.3.mlp.down_proj.weight,162,7113.5185546875,IF,7113.5185546875,1.0
Olmo-3-7b,IF,model.layers.3.mlp.gate_proj.weight,163,177608.5,Math,412545.84375,0.4305182143772355
Olmo-3-7b,IF,model.layers.3.mlp.gate_proj.weight,163,177608.5,Code,204830.0,0.8671019870136211
Olmo-3-7b,IF,model.layers.3.mlp.gate_proj.weight,163,177608.5,IF,177608.5,1.0
Olmo-3-7b,IF,model.layers.3.mlp.up_proj.weight,164,163482.359375,Math,365422.5,0.44737901846492756
Olmo-3-7b,IF,model.layers.3.mlp.up_proj.weight,164,163482.359375,Code,178226.078125,0.9172751883163843
Olmo-3-7b,IF,model.layers.3.mlp.up_proj.weight,164,163482.359375,IF,163482.359375,1.0
Olmo-3-7b,IF,model.layers.3.self_attn.k_proj.weight,165,194919.1875,Math,649525.5,0.3000947422387574
Olmo-3-7b,IF,model.layers.3.self_attn.k_proj.weight,165,194919.1875,Code,450694.625,0.4324861595587034
Olmo-3-7b,IF,model.layers.3.self_attn.k_proj.weight,165,194919.1875,IF,194919.1875,1.0
Olmo-3-7b,IF,model.layers.3.self_attn.o_proj.weight,166,60464.94140625,Math,121668.390625,0.4969650793903562
Olmo-3-7b,IF,model.layers.3.self_attn.o_proj.weight,166,60464.94140625,Code,75239.0234375,0.803638041055615
Olmo-3-7b,IF,model.layers.3.self_attn.o_proj.weight,166,60464.94140625,IF,60464.94140625,1.0
Olmo-3-7b,IF,model.layers.3.self_attn.q_proj.weight,167,143782.328125,Math,331207.34375,0.43411576113339123
Olmo-3-7b,IF,model.layers.3.self_attn.q_proj.weight,167,143782.328125,Code,239968.0,0.5991729235773103
Olmo-3-7b,IF,model.layers.3.self_attn.q_proj.weight,167,143782.328125,IF,143782.328125,1.0
Olmo-3-7b,IF,model.layers.3.self_attn.v_proj.weight,168,198672.078125,Math,418669.09375,0.4745324675043559
Olmo-3-7b,IF,model.layers.3.self_attn.v_proj.weight,168,198672.078125,Code,180520.546875,1.1005510539615686
Olmo-3-7b,IF,model.layers.3.self_attn.v_proj.weight,168,198672.078125,IF,198672.078125,1.0
Olmo-3-7b,IF,model.layers.30.mlp.down_proj.weight,169,80813816.0,Math,51778524.0,1.5607593603865573
Olmo-3-7b,IF,model.layers.30.mlp.down_proj.weight,169,80813816.0,Code,56220204.0,1.4374514898594106
Olmo-3-7b,IF,model.layers.30.mlp.down_proj.weight,169,80813816.0,IF,80813816.0,1.0
Olmo-3-7b,IF,model.layers.30.mlp.gate_proj.weight,170,20867374.0,Math,20260902.0,1.0299331194632895
Olmo-3-7b,IF,model.layers.30.mlp.gate_proj.weight,170,20867374.0,Code,11117095.0,1.8770527732289775
Olmo-3-7b,IF,model.layers.30.mlp.gate_proj.weight,170,20867374.0,IF,20867374.0,1.0
Olmo-3-7b,IF,model.layers.30.mlp.up_proj.weight,171,23557950.0,Math,19212488.0,1.2261790352191761
Olmo-3-7b,IF,model.layers.30.mlp.up_proj.weight,171,23557950.0,Code,10484602.0,2.2469093247411775
Olmo-3-7b,IF,model.layers.30.mlp.up_proj.weight,171,23557950.0,IF,23557950.0,1.0
Olmo-3-7b,IF,model.layers.30.self_attn.k_proj.weight,172,40584584.0,Math,43551840.0,0.9318684124482456
Olmo-3-7b,IF,model.layers.30.self_attn.k_proj.weight,172,40584584.0,Code,20358898.0,1.993456816768766
Olmo-3-7b,IF,model.layers.30.self_attn.k_proj.weight,172,40584584.0,IF,40584584.0,1.0
Olmo-3-7b,IF,model.layers.30.self_attn.o_proj.weight,173,2164185.0,Math,1276838.625,1.6949557740705095
Olmo-3-7b,IF,model.layers.30.self_attn.o_proj.weight,173,2164185.0,Code,496543.21875,4.358502781385533
Olmo-3-7b,IF,model.layers.30.self_attn.o_proj.weight,173,2164185.0,IF,2164185.0,1.0
Olmo-3-7b,IF,model.layers.30.self_attn.q_proj.weight,174,31058000.0,Math,41571200.0,0.7471037641444077
Olmo-3-7b,IF,model.layers.30.self_attn.q_proj.weight,174,31058000.0,Code,21020302.0,1.4775239670676472
Olmo-3-7b,IF,model.layers.30.self_attn.q_proj.weight,174,31058000.0,IF,31058000.0,1.0
Olmo-3-7b,IF,model.layers.30.self_attn.v_proj.weight,175,17237436.0,Math,11479724.0,1.5015549154317647
Olmo-3-7b,IF,model.layers.30.self_attn.v_proj.weight,175,17237436.0,Code,4871105.0,3.538711647562514
Olmo-3-7b,IF,model.layers.30.self_attn.v_proj.weight,175,17237436.0,IF,17237436.0,1.0
Olmo-3-7b,IF,model.layers.31.mlp.down_proj.weight,176,342507680.0,Math,143990704.0,2.378679112507152
Olmo-3-7b,IF,model.layers.31.mlp.down_proj.weight,176,342507680.0,Code,319813568.0,1.070960441553249
Olmo-3-7b,IF,model.layers.31.mlp.down_proj.weight,176,342507680.0,IF,342507680.0,1.0
Olmo-3-7b,IF,model.layers.31.mlp.gate_proj.weight,177,47575868.0,Math,32168244.0,1.4789700053257493
Olmo-3-7b,IF,model.layers.31.mlp.gate_proj.weight,177,47575868.0,Code,21369032.0,2.2263932217425664
Olmo-3-7b,IF,model.layers.31.mlp.gate_proj.weight,177,47575868.0,IF,47575868.0,1.0
Olmo-3-7b,IF,model.layers.31.mlp.up_proj.weight,178,53696672.0,Math,29928416.0,1.7941701959769605
Olmo-3-7b,IF,model.layers.31.mlp.up_proj.weight,178,53696672.0,Code,20576992.0,2.609549150818545
Olmo-3-7b,IF,model.layers.31.mlp.up_proj.weight,178,53696672.0,IF,53696672.0,1.0
Olmo-3-7b,IF,model.layers.31.self_attn.k_proj.weight,179,55780376.0,Math,33467014.0,1.6667270046858678
Olmo-3-7b,IF,model.layers.31.self_attn.k_proj.weight,179,55780376.0,Code,39426424.0,1.4147967363207985
Olmo-3-7b,IF,model.layers.31.self_attn.k_proj.weight,179,55780376.0,IF,55780376.0,1.0
Olmo-3-7b,IF,model.layers.31.self_attn.o_proj.weight,180,5604190.5,Math,2724813.0,2.056724810106235
Olmo-3-7b,IF,model.layers.31.self_attn.o_proj.weight,180,5604190.5,Code,1829187.25,3.0637598747749855
Olmo-3-7b,IF,model.layers.31.self_attn.o_proj.weight,180,5604190.5,IF,5604190.5,1.0
Olmo-3-7b,IF,model.layers.31.self_attn.q_proj.weight,181,41495136.0,Math,28124622.0,1.4754024427421637
Olmo-3-7b,IF,model.layers.31.self_attn.q_proj.weight,181,41495136.0,Code,35587260.0,1.166010982581969
Olmo-3-7b,IF,model.layers.31.self_attn.q_proj.weight,181,41495136.0,IF,41495136.0,1.0
Olmo-3-7b,IF,model.layers.31.self_attn.v_proj.weight,182,30075044.0,Math,11375632.0,2.6438130206743677
Olmo-3-7b,IF,model.layers.31.self_attn.v_proj.weight,182,30075044.0,Code,7783786.5,3.863806387803674
Olmo-3-7b,IF,model.layers.31.self_attn.v_proj.weight,182,30075044.0,IF,30075044.0,1.0
Olmo-3-7b,IF,model.layers.4.mlp.down_proj.weight,183,5211.3935546875,Math,7992.28955078125,0.6520526466884679
Olmo-3-7b,IF,model.layers.4.mlp.down_proj.weight,183,5211.3935546875,Code,4924.13818359375,1.058336171809887
Olmo-3-7b,IF,model.layers.4.mlp.down_proj.weight,183,5211.3935546875,IF,5211.3935546875,1.0
Olmo-3-7b,IF,model.layers.4.mlp.gate_proj.weight,184,192158.828125,Math,560599.5625,0.34277377468520587
Olmo-3-7b,IF,model.layers.4.mlp.gate_proj.weight,184,192158.828125,Code,271513.0625,0.7077332720410091
Olmo-3-7b,IF,model.layers.4.mlp.gate_proj.weight,184,192158.828125,IF,192158.828125,1.0
Olmo-3-7b,IF,model.layers.4.mlp.up_proj.weight,185,172773.125,Math,497918.4375,0.3469908161414489
Olmo-3-7b,IF,model.layers.4.mlp.up_proj.weight,185,172773.125,Code,237234.796875,0.7282790184065404
Olmo-3-7b,IF,model.layers.4.mlp.up_proj.weight,185,172773.125,IF,172773.125,1.0
Olmo-3-7b,IF,model.layers.4.self_attn.k_proj.weight,186,633587.6875,Math,1343460.25,0.4716088082993151
Olmo-3-7b,IF,model.layers.4.self_attn.k_proj.weight,186,633587.6875,Code,818479.8125,0.7741030112456194
Olmo-3-7b,IF,model.layers.4.self_attn.k_proj.weight,186,633587.6875,IF,633587.6875,1.0
Olmo-3-7b,IF,model.layers.4.self_attn.o_proj.weight,187,49786.3671875,Math,127763.40625,0.38967626684968726
Olmo-3-7b,IF,model.layers.4.self_attn.o_proj.weight,187,49786.3671875,Code,78408.890625,0.6349581889330551
Olmo-3-7b,IF,model.layers.4.self_attn.o_proj.weight,187,49786.3671875,IF,49786.3671875,1.0
Olmo-3-7b,IF,model.layers.4.self_attn.q_proj.weight,188,581978.8125,Math,1263908.125,0.4604597446511391
Olmo-3-7b,IF,model.layers.4.self_attn.q_proj.weight,188,581978.8125,Code,727544.5,0.7999219463551714
Olmo-3-7b,IF,model.layers.4.self_attn.q_proj.weight,188,581978.8125,IF,581978.8125,1.0
Olmo-3-7b,IF,model.layers.4.self_attn.v_proj.weight,189,196871.953125,Math,422348.90625,0.466135818541616
Olmo-3-7b,IF,model.layers.4.self_attn.v_proj.weight,189,196871.953125,Code,225113.046875,0.8745470591685358
Olmo-3-7b,IF,model.layers.4.self_attn.v_proj.weight,189,196871.953125,IF,196871.953125,1.0
Olmo-3-7b,IF,model.layers.5.mlp.down_proj.weight,190,6045.34423828125,Math,10532.841796875,0.5739518692927534
Olmo-3-7b,IF,model.layers.5.mlp.down_proj.weight,190,6045.34423828125,Code,6643.04248046875,0.9100264308191922
Olmo-3-7b,IF,model.layers.5.mlp.down_proj.weight,190,6045.34423828125,IF,6045.34423828125,1.0
Olmo-3-7b,IF,model.layers.5.mlp.gate_proj.weight,191,188285.796875,Math,661253.1875,0.28474085332858984
Olmo-3-7b,IF,model.layers.5.mlp.gate_proj.weight,191,188285.796875,Code,330918.5,0.568979361610185
Olmo-3-7b,IF,model.layers.5.mlp.gate_proj.weight,191,188285.796875,IF,188285.796875,1.0
Olmo-3-7b,IF,model.layers.5.mlp.up_proj.weight,192,178248.484375,Math,605617.25,0.2943253092196433
Olmo-3-7b,IF,model.layers.5.mlp.up_proj.weight,192,178248.484375,Code,292439.34375,0.6095229256408834
Olmo-3-7b,IF,model.layers.5.mlp.up_proj.weight,192,178248.484375,IF,178248.484375,1.0
Olmo-3-7b,IF,model.layers.5.self_attn.k_proj.weight,193,629352.5,Math,1809797.5,0.34774746898478975
Olmo-3-7b,IF,model.layers.5.self_attn.k_proj.weight,193,629352.5,Code,896232.5625,0.7022200780614909
Olmo-3-7b,IF,model.layers.5.self_attn.k_proj.weight,193,629352.5,IF,629352.5,1.0
Olmo-3-7b,IF,model.layers.5.self_attn.o_proj.weight,194,50527.49609375,Math,121535.1640625,0.4157438423974646
Olmo-3-7b,IF,model.layers.5.self_attn.o_proj.weight,194,50527.49609375,Code,77695.65625,0.6503258809111352
Olmo-3-7b,IF,model.layers.5.self_attn.o_proj.weight,194,50527.49609375,IF,50527.49609375,1.0
Olmo-3-7b,IF,model.layers.5.self_attn.q_proj.weight,195,656764.1875,Math,1706635.25,0.3848298501393312
Olmo-3-7b,IF,model.layers.5.self_attn.q_proj.weight,195,656764.1875,Code,820491.5,0.800452152764532
Olmo-3-7b,IF,model.layers.5.self_attn.q_proj.weight,195,656764.1875,IF,656764.1875,1.0
Olmo-3-7b,IF,model.layers.5.self_attn.v_proj.weight,196,237666.65625,Math,587666.5,0.40442437377322
Olmo-3-7b,IF,model.layers.5.self_attn.v_proj.weight,196,237666.65625,Code,281826.0,0.8433099013220924
Olmo-3-7b,IF,model.layers.5.self_attn.v_proj.weight,196,237666.65625,IF,237666.65625,1.0
Olmo-3-7b,IF,model.layers.6.mlp.down_proj.weight,197,8094.08984375,Math,22837.1171875,0.3544269522853934
Olmo-3-7b,IF,model.layers.6.mlp.down_proj.weight,197,8094.08984375,Code,11335.9306640625,0.7140207613839877
Olmo-3-7b,IF,model.layers.6.mlp.down_proj.weight,197,8094.08984375,IF,8094.08984375,1.0
Olmo-3-7b,IF,model.layers.6.mlp.gate_proj.weight,198,225089.78125,Math,1005441.8125,0.22387151444430306
Olmo-3-7b,IF,model.layers.6.mlp.gate_proj.weight,198,225089.78125,Code,477261.96875,0.47162731578955297
Olmo-3-7b,IF,model.layers.6.mlp.gate_proj.weight,198,225089.78125,IF,225089.78125,1.0
Olmo-3-7b,IF,model.layers.6.mlp.up_proj.weight,199,210800.5,Math,932410.625,0.2260811860654205
Olmo-3-7b,IF,model.layers.6.mlp.up_proj.weight,199,210800.5,Code,424661.4375,0.4963966147738573
Olmo-3-7b,IF,model.layers.6.mlp.up_proj.weight,199,210800.5,IF,210800.5,1.0
Olmo-3-7b,IF,model.layers.6.self_attn.k_proj.weight,200,1190595.25,Math,2701422.75,0.4407289640246052
Olmo-3-7b,IF,model.layers.6.self_attn.k_proj.weight,200,1190595.25,Code,1423382.25,0.8364550351811679
Olmo-3-7b,IF,model.layers.6.self_attn.k_proj.weight,200,1190595.25,IF,1190595.25,1.0
Olmo-3-7b,IF,model.layers.6.self_attn.o_proj.weight,201,96679.484375,Math,252149.65625,0.3834210437278754
Olmo-3-7b,IF,model.layers.6.self_attn.o_proj.weight,201,96679.484375,Code,155397.59375,0.6221427374901035
Olmo-3-7b,IF,model.layers.6.self_attn.o_proj.weight,201,96679.484375,IF,96679.484375,1.0
Olmo-3-7b,IF,model.layers.6.self_attn.q_proj.weight,202,874877.4375,Math,2462636.25,0.3552605211183747
Olmo-3-7b,IF,model.layers.6.self_attn.q_proj.weight,202,874877.4375,Code,1189750.25,0.7353454538042753
Olmo-3-7b,IF,model.layers.6.self_attn.q_proj.weight,202,874877.4375,IF,874877.4375,1.0
Olmo-3-7b,IF,model.layers.6.self_attn.v_proj.weight,203,346541.59375,Math,1030707.9375,0.3362170612467996
Olmo-3-7b,IF,model.layers.6.self_attn.v_proj.weight,203,346541.59375,Code,454544.8125,0.7623925831295236
Olmo-3-7b,IF,model.layers.6.self_attn.v_proj.weight,203,346541.59375,IF,346541.59375,1.0
Olmo-3-7b,IF,model.layers.7.mlp.down_proj.weight,204,11754.0498046875,Math,34677.73828125,0.3389508770542521
Olmo-3-7b,IF,model.layers.7.mlp.down_proj.weight,204,11754.0498046875,Code,17331.162109375,0.678203211677845
Olmo-3-7b,IF,model.layers.7.mlp.down_proj.weight,204,11754.0498046875,IF,11754.0498046875,1.0
Olmo-3-7b,IF,model.layers.7.mlp.gate_proj.weight,205,263989.96875,Math,1266020.5,0.2085195056083215
Olmo-3-7b,IF,model.layers.7.mlp.gate_proj.weight,205,263989.96875,Code,604148.0,0.4369624144249422
Olmo-3-7b,IF,model.layers.7.mlp.gate_proj.weight,205,263989.96875,IF,263989.96875,1.0
Olmo-3-7b,IF,model.layers.7.mlp.up_proj.weight,206,242598.703125,Math,1159140.625,0.20929186493226393
Olmo-3-7b,IF,model.layers.7.mlp.up_proj.weight,206,242598.703125,Code,535984.5625,0.4526225568763466
Olmo-3-7b,IF,model.layers.7.mlp.up_proj.weight,206,242598.703125,IF,242598.703125,1.0
Olmo-3-7b,IF,model.layers.7.self_attn.k_proj.weight,207,476110.09375,Math,1374018.875,0.34650913638286085
Olmo-3-7b,IF,model.layers.7.self_attn.k_proj.weight,207,476110.09375,Code,1020500.9375,0.4665454741436727
Olmo-3-7b,IF,model.layers.7.self_attn.k_proj.weight,207,476110.09375,IF,476110.09375,1.0
Olmo-3-7b,IF,model.layers.7.self_attn.o_proj.weight,208,146353.171875,Math,505148.0,0.28972335211660744
Olmo-3-7b,IF,model.layers.7.self_attn.o_proj.weight,208,146353.171875,Code,247581.203125,0.5911320004415218
Olmo-3-7b,IF,model.layers.7.self_attn.o_proj.weight,208,146353.171875,IF,146353.171875,1.0
Olmo-3-7b,IF,model.layers.7.self_attn.q_proj.weight,209,287055.09375,Math,602515.4375,0.47642778240018124
Olmo-3-7b,IF,model.layers.7.self_attn.q_proj.weight,209,287055.09375,Code,466076.5625,0.6158968651207386
Olmo-3-7b,IF,model.layers.7.self_attn.q_proj.weight,209,287055.09375,IF,287055.09375,1.0
Olmo-3-7b,IF,model.layers.7.self_attn.v_proj.weight,210,340835.65625,Math,1094501.125,0.3114073146795532
Olmo-3-7b,IF,model.layers.7.self_attn.v_proj.weight,210,340835.65625,Code,511015.1875,0.6669775470225139
Olmo-3-7b,IF,model.layers.7.self_attn.v_proj.weight,210,340835.65625,IF,340835.65625,1.0
Olmo-3-7b,IF,model.layers.8.mlp.down_proj.weight,211,12940.419921875,Math,50756.08984375,0.2549530501997182
Olmo-3-7b,IF,model.layers.8.mlp.down_proj.weight,211,12940.419921875,Code,22975.0390625,0.5632382119861739
Olmo-3-7b,IF,model.layers.8.mlp.down_proj.weight,211,12940.419921875,IF,12940.419921875,1.0
Olmo-3-7b,IF,model.layers.8.mlp.gate_proj.weight,212,283936.8125,Math,1554928.75,0.1826043878216285
Olmo-3-7b,IF,model.layers.8.mlp.gate_proj.weight,212,283936.8125,Code,783664.5625,0.36231932141246975
Olmo-3-7b,IF,model.layers.8.mlp.gate_proj.weight,212,283936.8125,IF,283936.8125,1.0
Olmo-3-7b,IF,model.layers.8.mlp.up_proj.weight,213,270894.6875,Math,1458909.875,0.1856829487153893
Olmo-3-7b,IF,model.layers.8.mlp.up_proj.weight,213,270894.6875,Code,726148.0,0.3730571281612013
Olmo-3-7b,IF,model.layers.8.mlp.up_proj.weight,213,270894.6875,IF,270894.6875,1.0
Olmo-3-7b,IF,model.layers.8.self_attn.k_proj.weight,214,1809228.125,Math,4132926.25,0.4377595958795539
Olmo-3-7b,IF,model.layers.8.self_attn.k_proj.weight,214,1809228.125,Code,2379916.0,0.7602067152790266
Olmo-3-7b,IF,model.layers.8.self_attn.k_proj.weight,214,1809228.125,IF,1809228.125,1.0
Olmo-3-7b,IF,model.layers.8.self_attn.o_proj.weight,215,189972.703125,Math,843554.875,0.22520491405493923
Olmo-3-7b,IF,model.layers.8.self_attn.o_proj.weight,215,189972.703125,Code,386670.90625,0.4913033281127548
Olmo-3-7b,IF,model.layers.8.self_attn.o_proj.weight,215,189972.703125,IF,189972.703125,1.0
Olmo-3-7b,IF,model.layers.8.self_attn.q_proj.weight,216,1527228.5,Math,4230921.5,0.36096829024126303
Olmo-3-7b,IF,model.layers.8.self_attn.q_proj.weight,216,1527228.5,Code,2396906.0,0.6371666223039202
Olmo-3-7b,IF,model.layers.8.self_attn.q_proj.weight,216,1527228.5,IF,1527228.5,1.0
Olmo-3-7b,IF,model.layers.8.self_attn.v_proj.weight,217,444852.53125,Math,1470228.875,0.3025736596623434
Olmo-3-7b,IF,model.layers.8.self_attn.v_proj.weight,217,444852.53125,Code,658761.9375,0.6752857230006553
Olmo-3-7b,IF,model.layers.8.self_attn.v_proj.weight,217,444852.53125,IF,444852.53125,1.0
Olmo-3-7b,IF,model.layers.9.mlp.down_proj.weight,218,15354.01953125,Math,71436.75,0.21493166376199926
Olmo-3-7b,IF,model.layers.9.mlp.down_proj.weight,218,15354.01953125,Code,36770.84765625,0.4175595753131966
Olmo-3-7b,IF,model.layers.9.mlp.down_proj.weight,218,15354.01953125,IF,15354.01953125,1.0
Olmo-3-7b,IF,model.layers.9.mlp.gate_proj.weight,219,301563.125,Math,1894530.625,0.15917564014041738
Olmo-3-7b,IF,model.layers.9.mlp.gate_proj.weight,219,301563.125,Code,975548.5625,0.30912159229387415
Olmo-3-7b,IF,model.layers.9.mlp.gate_proj.weight,219,301563.125,IF,301563.125,1.0
Olmo-3-7b,IF,model.layers.9.mlp.up_proj.weight,220,285771.96875,Math,1760967.0,0.1622812742941804
Olmo-3-7b,IF,model.layers.9.mlp.up_proj.weight,220,285771.96875,Code,886181.875,0.32247552879593705
Olmo-3-7b,IF,model.layers.9.mlp.up_proj.weight,220,285771.96875,IF,285771.96875,1.0
Olmo-3-7b,IF,model.layers.9.self_attn.k_proj.weight,221,1280615.25,Math,5909682.0,0.2166978273957888
Olmo-3-7b,IF,model.layers.9.self_attn.k_proj.weight,221,1280615.25,Code,3253979.5,0.3935535703282704
Olmo-3-7b,IF,model.layers.9.self_attn.k_proj.weight,221,1280615.25,IF,1280615.25,1.0
Olmo-3-7b,IF,model.layers.9.self_attn.o_proj.weight,222,193301.65625,Math,802018.4375,0.24101896815807305
Olmo-3-7b,IF,model.layers.9.self_attn.o_proj.weight,222,193301.65625,Code,382089.75,0.5059064166207023
Olmo-3-7b,IF,model.layers.9.self_attn.o_proj.weight,222,193301.65625,IF,193301.65625,1.0
Olmo-3-7b,IF,model.layers.9.self_attn.q_proj.weight,223,1378487.25,Math,5527087.0,0.24940574483448513
Olmo-3-7b,IF,model.layers.9.self_attn.q_proj.weight,223,1378487.25,Code,3161835.0,0.4359769722328964
Olmo-3-7b,IF,model.layers.9.self_attn.q_proj.weight,223,1378487.25,IF,1378487.25,1.0
Olmo-3-7b,IF,model.layers.9.self_attn.v_proj.weight,224,428535.25,Math,1823140.125,0.23505338077071833
Olmo-3-7b,IF,model.layers.9.self_attn.v_proj.weight,224,428535.25,Code,770223.3125,0.5563779270833223
Olmo-3-7b,IF,model.layers.9.self_attn.v_proj.weight,224,428535.25,IF,428535.25,1.0
